statement_originator,statement_date,statement,verdict,statement_source,tags,factchecker,factcheck_date,factcheck_analysis_link
Mehmet Oz,"January 6, 2026","“By federal law, if you sign someone up for Medicaid, you also give them the right to vote. … This is political patronage at the expense of Medicaid.”",false,interview on Fox News,National; Elections; Medicaid,Amy Sherman,"January 14, 2026",https://www.politifact.com/factchecks/2026/jan/14/mehmet-oz/dr-oz-is-wrong-medicaid-enrollees-arent-automatica/
Donald Trump,"November 4, 2025",Voting in California is “rigged.”,pants-fire,Truth Social post,National; Elections; California,Grace Abels,"November 5, 2025",https://www.politifact.com/factchecks/2025/nov/05/donald-trump/California-redistrict-Newsom-rigged-Congress/
X posts,"November 2, 2025","New York state has ""no ID requirement"" to vote, and people could lie about their address and ""vote in multiple precincts.""",mostly-false,X post,Elections; Voter ID Laws; Voting Record; New York,Maria Briceño,"November 4, 2025",https://www.politifact.com/factchecks/2025/nov/04/tweets/New-York-Election-no-fraud-voter-ID-mamdani/
Elon Musk,"November 4, 2025",“The New York City ballot form is a scam” because “mayoral candidates appear twice.”,false,X post,Corrections and Updates; Elections; New York,Louis Jacobson,"November 4, 2025",https://www.politifact.com/factchecks/2025/nov/04/elon-musk/new-york-city-mayor-election-ballot-fusion/
X posts,"October 9, 2025","“If you vote no on Prop 50 to stop the redistricting, it shows through the envelope,” making it easy for Democrats to cheat.",mostly-false,post on X,Elections; California,Maria Ramirez Uribe,"October 14, 2025",https://www.politifact.com/factchecks/2025/oct/14/tweets/California-envelopes-proposition-50-ballot-holes/
Josh Hawley,"October 7, 2025",“The FBI tapped my phone” and those of other senators.,mostly-false,Senate Judiciary Committee hearing,Congress; Elections; Legal Issues,Louis Jacobson,"October 9, 2025",https://www.politifact.com/factchecks/2025/oct/09/josh-hawley/wiretap-phone-FBI-2020-bondi-hearing-artic-frost/
Donald Trump,"August 18, 2025","With voting machines, ""They say we're going to have the results in two weeks. With paper ballots, you have the results that night.""",false,remarks at the White House,Elections,Louis Jacobson,"August 19, 2025",https://www.politifact.com/factchecks/2025/aug/19/donald-trump/Trump-voting-machines-paper-ballots-count-election/
Donald Trump,"August 18, 2025",“We are now the only country in the world that uses mail-in voting.”,false,Truth Social post,National; Elections; Foreign Policy,Amy Sherman,"August 18, 2025",https://www.politifact.com/factchecks/2025/aug/18/donald-trump/mail-voting-elections-Trump-Russia-Ukraine/
Donald Trump,"July 26, 2025",Democrats paid Beyoncé $11 million for an endorsement.,false,Truth Social post,National; Elections,Maria Briceño,"July 28, 2025",https://www.politifact.com/factchecks/2025/jul/28/donald-trump/Trump-Beyonce-endorsement-democrats/
Donald Trump,"July 22, 2025","In 2016, after Donald Trump won the presidency, then-President Barack Obama was “trying to lead a coup” with Trump’s opponent, Hillary Clinton.",pants-fire,press conference,National; Elections; Russia,Louis Jacobson,"July 22, 2025",https://www.politifact.com/factchecks/2025/jul/22/donald-trump/russia-investigation-coup-Obama-Russia-Tulsi-Gabba/
Social Media,"May 25, 2025",The Republican tax and spending bill will let President Donald Trump “delay or cancel elections — legally.”,false,social media posts,National; Congress; Elections,Amy Sherman,"May 28, 2025",https://www.politifact.com/factchecks/2025/may/28/social-media/big-beautiful-bill-Trump-cancel-delay-elections/
X posts,"May 8, 2025","Robert Prevost, the Roman Catholic cardinal who was chosen to be the new pope, is a “registered Republican.”",mostly-false,posts,National; Elections; Religion,Grace Abels,"May 9, 2025",https://www.politifact.com/factchecks/2025/may/09/tweets/pope-Robert-Prevost-Republican-registered-Illinois/
X posts,"April 13, 2025","Arizona Democrats “needed a lawsuit to force them to remove 50,000 noncitizens from voter rolls.”",false,post on X,Immigration; Elections; Arizona,Madison Czopek,"April 18, 2025",https://www.politifact.com/factchecks/2025/apr/18/tweets/Arizona-settlement-remove-noncitizen-voter-rolls/
Byron Donalds,"April 10, 2025","Under the SAVE Act, “as long as you have a Real ID … it should be easy for you to register to vote.”",mostly-false,NewsNation interview,Immigration; Elections,Grace Abels,"April 18, 2025",https://www.politifact.com/factchecks/2025/apr/18/byron-donalds/can-voters-use-real-id-to-vote-under-save-act/
Donald Trump,"April 9, 2025","The 2020 election was “rigged” and Chris Krebs, former Cybersecurity and Infrastructure Security Agency director, “baselessly” dismissed “election malfeasance.”",pants-fire,memo,National; Elections,Maria Ramirez Uribe,"April 10, 2025",https://www.politifact.com/factchecks/2025/apr/10/donald-trump/Chris-Krebs-cybersecurity-2020-election/
X posts,"April 1, 2025",“Seven counties in Wisconsin (ran) out of ballots” and it was “intentional” to diminish Republican voter turnout.,mostly-false,X post,Elections; Wisconsin,Amy Sherman,"April 2, 2025",https://www.politifact.com/factchecks/2025/apr/02/tweets/some-milwaukee-voting-sites-ran-out-of-ballots-in/
Sydney Batch,"February 28, 2025","North Carolina “always had nonpartisan judicial races, and when the Republicans took over several years ago they changed it.”",mostly-false,podcast interview,Elections; North Carolina,Paul Specht,"March 28, 2025",https://www.politifact.com/factchecks/2025/mar/28/sydney-batch/democrat-wrongly-says-nc-always-had-nonpartisan-ju/
Susan Crawford,"March 12, 2025","""Brad Schimel said that he wanted to be part of Donald Trump's support network.""",mostly-true,TV debate,National; Elections; Legal Issues; Wisconsin,D.L. Davis,"March 28, 2025",https://www.politifact.com/factchecks/2025/mar/28/susan-crawford/in-wisconsin-supreme-court-race-crawford-claims-sc/
Social Media,"February 24, 2025","Zero votes for 2024 Democratic presidential nominee Kamala Harris in Rockland County, New York, precinct proves Elon Musk hacked 2024 presidential election.",false,social media posts,National; Corrections and Updates; Elections; Facebook Fact-checks; New York,Jeff Cercone,"February 26, 2025",https://www.politifact.com/factchecks/2025/feb/26/social-media/why-did-kamala-harris-get-zero-votes-in-this-ny-pr/
Social Media,"February 18, 2025",The Chicago Cubs owner is bankrolling Brad Schimel.,mostly-true,"X, formerly Twitter",Campaign Finance; Elections; Negative Campaigning; Wisconsin,Madeline Heim,"February 25, 2025",https://www.politifact.com/factchecks/2025/feb/25/social-media/claim-that-chicago-cubs-owner-gave-to-wis-supreme/
Elon Musk,"February 20, 2025",President Joe Biden’s immigration policy was “a giant voter importation scam.”,pants-fire,speech at CPAC,Immigration; National; Elections,Maria Ramirez Uribe,"February 21, 2025",https://www.politifact.com/factchecks/2025/feb/21/elon-musk/fact-check-elon-musk-cpac-bidens-immigration-polic/
Donald Trump,"February 6, 2025","CBS News and “60 Minutes” “replaced” former Vice President Kamala Harris’ interview answers “with completely different, and far better, answers, taken from another part of the interview.”",false,Truth Social post,National; Elections,Sara Swann,"February 7, 2025",https://www.politifact.com/factchecks/2025/feb/07/donald-trump/trump-claimed-60-minutes-replaced-harris-interview/
Common Cause,"January 8, 2025",Wisconsin makes it more difficult for its citizens to vote than almost any state in the nation.,true,News release,Elections; Voter ID Laws; Wisconsin,Madeline Heim,"January 28, 2025",https://www.politifact.com/factchecks/2025/jan/28/common-cause/yes-wisconsin-makes-it-harder-to-vote-than-most-ot/
Facebook posts,"January 20, 2025","After President Donald Trump took office, the U.S. government approved a 2025 $1,000 stimulus program for all Americans.",false,post,Elections; Facebook Fact-checks,Sara Swann,"January 24, 2025",https://www.politifact.com/factchecks/2025/jan/24/facebook-posts/no-the-us-government-hasnt-approved-1000-stimulus/
Donald Trump,"January 22, 2025","The U.S. House Select Committee that investigated the Jan. 6, 2021, attack on the U.S. Capitol “deleted and destroyed all of the information that they collected over two years.”",false,interview,National; Elections; Crime; Jan. 6,Samantha Putterman,"January 24, 2025",https://www.politifact.com/factchecks/2025/jan/24/donald-trump/donald-trump-goes-too-far-in-claim-that-jan-6-comm/
Instagram posts,"January 22, 2025",“Fani Willis has just confessed to collusion with J6 committee.”,false,Instagram post,Georgia; National; Criminal Justice; Elections; Legal Issues; Facebook Fact-checks,Sofia Ahmed,"January 24, 2025",https://www.politifact.com/factchecks/2025/jan/24/instagram-posts/fulton-county-district-attorney-fani-willis-didnt/
Robin Vos,"January 8, 2025","Voter ID ""is supported, if you look at any poll, by 70 to 80% of the public.""",true,News conference,Elections; Voter ID Laws; Wisconsin,Hope Karnopp,"January 23, 2025",https://www.politifact.com/factchecks/2025/jan/23/robin-vos/wisconsin-republicans-say-voter-id-laws-are-suppor/
Social Media,"January 20, 2025","After the inauguration, Meta forced users to follow President Donald Trump and Vice President JD Vance on Facebook, Instagram and Threads.",false,post,Elections; Facebook Fact-checks,Sara Swann,"January 22, 2025",https://www.politifact.com/factchecks/2025/jan/22/social-media/no-meta-isnt-forcing-users-to-follow-trump-heres-h/
Threads posts,"January 20, 2025",Second lady Usha Vance “will have her citizenship revoked if (President Donald) Trump signs his executive order banning birthright citizenship.”,false,post,Immigration; Elections; Facebook Fact-checks,Sara Swann,"January 21, 2025",https://www.politifact.com/factchecks/2025/jan/21/threads-posts/president-trumps-birthright-citizenship-order-wont/
TikTok posts,"January 14, 2025",President-elect Donald Trump posted on X that he is “purchasing TikTok.”,false,post,Elections; Technology; Facebook Fact-checks,Sara Swann,"January 17, 2025",https://www.politifact.com/factchecks/2025/jan/17/tiktok-posts/no-donald-trump-didnt-post-on-x-that-he-is-purchas/
Donald Trump,"January 7, 2025",“They’re still counting the (2024 election) vote in some areas.”,false,press conference,National; Congress; Elections,Amy Sherman,"January 7, 2025",https://www.politifact.com/factchecks/2025/jan/07/donald-trump/congress-certified-trumps-2024-win-the-next-day-he/
Threads posts,"January 5, 2025",“22 states will not be certifying the (2024) election.”,false,post,Elections; Facebook Fact-checks,Ciara O'Rourke,"January 6, 2025",https://www.politifact.com/factchecks/2025/jan/06/threads-posts/no-22-states-didnt-fail-to-certify-the-2024-presid/
Social Media,"December 1, 2024","“Trump won 18-to-24-year-olds in Wisconsin.""",half-true,"X, formerly Twitter",National; Elections; Polls and Public Opinion; Wisconsin,D.L. Davis,"January 6, 2025",https://www.politifact.com/factchecks/2025/jan/06/social-media/poll-shows-trump-won-18-24-year-olds-in-wisconsin/
X posts,"December 1, 2024",Kash Patel posted on X that “the FBI is gay.”,false,post,Elections; Facebook Fact-checks,Sara Swann,"December 2, 2024",https://www.politifact.com/factchecks/2024/dec/02/tweets/no-trumps-fbi-director-pick-kash-patel-didnt-call/
Instagram posts,"November 25, 2024",AOC posted that Trump’s election victory emboldened a conservative news outlet to call for her resignation because she’s a woman.,false,Instagram post,Elections; Women; New York,Sofia Ahmed,"November 26, 2024",https://www.politifact.com/factchecks/2024/nov/26/instagram-posts/aoc-didnt-say-a-conservative-news-outlet-asked-her/
Facebook posts,"November 22, 2024","Celebrities including Bruce Springsteen, Robert De Niro, Robert Downey Jr., John Legend and Tom Hanks have announced they are leaving the U.S. following the 2024 election.",false,Facebook post,Elections; Facebook Fact-checks,Marta Campabadal Graus,"November 26, 2024",https://www.politifact.com/factchecks/2024/nov/26/facebook-posts/its-false-that-these-celebrities-have-moved-to-oth/
Threads posts,"November 24, 2024",Donald Trump lost the popular vote by 2%.,false,Threads post,Elections,Sofia Ahmed,"November 26, 2024",https://www.politifact.com/factchecks/2024/nov/26/threads-posts/no-donald-trump-didnt-lose-the-popular-vote/
Facebook posts,"November 21, 2024",“Taylor Swift has moved to Canada after leaving the U.S. following the big red wave.”,false,Facebook posts,Elections; Pop Culture; Facebook Fact-checks,Sofia Ahmed,"November 22, 2024",https://www.politifact.com/factchecks/2024/nov/22/facebook-posts/no-taylor-swift-didnt-move-to-canada-after-trumps/
Instagram posts,"November 18, 2024","""Ballot dumps"" in Pennsylvania, California, North Carolina, Alaska and Wisconsin show election officials are improperly “flipping"" down-ballot seats for Democrats.",pants-fire,Instagram post,Elections; Facebook Fact-checks,Caleb McCullough,"November 21, 2024",https://www.politifact.com/factchecks/2024/nov/21/instagram-posts/no-ballots-counted-after-election-day-dont-mean-el/
Elon Musk,"November 13, 2024","Says Sen. Bob Casey, D-Pa., “is trying to change the outcome of the election by counting NON-CITIZEN votes.”",false,X post,Immigration; Elections; Pennsylvania; 2024 Senate Elections,Caleb McCullough,"November 19, 2024",https://www.politifact.com/factchecks/2024/nov/19/elon-musk/no-democrat-bob-casey-is-not-asking-to-count-nonci/
Instagram posts,"November 14, 2024",Donald Trump chose a provocative song to describe Kamala Harris during a presidential debate.,pants-fire,Instagram post,Elections; Pop Culture; Facebook Fact-checks; Artificial intelligence,Sofia Ahmed,"November 15, 2024",https://www.politifact.com/factchecks/2024/nov/15/instagram-posts/donald-trump-didnt-play-the-song-hoochie-mama-for/
Threads posts,"November 9, 2024",“Biden agreed to a recount” in the 2024 presidential election.,false,Threads post,Elections; Facebook Fact-checks,Ciara O'Rourke,"November 15, 2024",https://www.politifact.com/factchecks/2024/nov/15/threads-posts/no-president-joe-biden-didnt-agree-to-a-recount-in/
Instagram posts,"November 13, 2024",“Breaking: Trump names Boebert secretary of education”,false,Instagram post,Education; Elections; Fake news,Sofia Ahmed,"November 15, 2024",https://www.politifact.com/factchecks/2024/nov/15/instagram-posts/no-donald-trump-didnt-name-lauren-boebert-educatio/
Eric Hovde,"November 12, 2024",Says the election results are suspicious because opponent U.S. Sen. Baldwin won “nearly 90%” of absentee ballots in Milwaukee.,false,"X, formerly Twitter",Elections; Wisconsin; 2024 Senate Elections,Ricardo Torres,"November 15, 2024",https://www.politifact.com/factchecks/2024/nov/15/eric-hovde/hovdes-claim-baldwin-won-nearly-90-of-milwaukee-ab/
Instagram posts,"November 11, 2024",A “ballot dump” around 4 a.m. in Milwaukee shows the Wisconsin Senate election was stolen from the Republican candidate.,pants-fire,Instagram post,Elections; Wisconsin; 2024 Senate Elections,Madison Czopek,"November 14, 2024",https://www.politifact.com/factchecks/2024/nov/14/instagram-posts/no-an-early-morning-influx-of-milwaukee-votes-does/
Threads posts,"November 11, 2024",“Sephora donated BIG to Trump’s campaign.”,false,Threads post,National; Elections; Facebook Fact-checks,Mia Penner,"November 14, 2024",https://www.politifact.com/factchecks/2024/nov/14/threads-posts/claims-that-sephora-donated-to-the-trump-campaign/
Threads posts,"November 9, 2024","“Ella Emhoff, Kamala’s step-daughter, suffered a mental breakdown … due to the grief from Kamala’s humiliating loss, and was admitted to an in-patient mental health crisis center in NY.”",false,Threads post,Elections; New York,Maria Briceño,"November 14, 2024",https://www.politifact.com/factchecks/2024/nov/14/threads-posts/ella-emhoff-kamala-harris-stepdaughter-was-not-adm/
Robin Vos,"November 6, 2024","“Every single county in America, every single county, Kamala Harris did worse than Joe Biden did.”",false,News conference,National; Elections; States; Wisconsin,Madeline Heim,"November 14, 2024",https://www.politifact.com/factchecks/2024/nov/14/robin-vos/vos-wrong-that-harris-did-worse-than-biden-in-ever/
Threads posts,"November 12, 2024",“It was just Biden and Trump in 2020” general election ballots.,false,Threads post,Elections; Facebook Fact-checks,Loreben Tuquero,"November 13, 2024",https://www.politifact.com/factchecks/2024/nov/13/threads-posts/biden-and-trump-werent-the-only-two-presidential-c/
Instagram posts,"November 11, 2024","“Every state that does not require voter ID, Kamala won.”",false,Instagram post,Elections; Voter ID Laws; Facebook Fact-checks,Ciara O'Rourke,"November 13, 2024",https://www.politifact.com/factchecks/2024/nov/13/instagram-posts/no-harris-didnt-win-only-states-without-voter-id-l/
Instagram posts,"November 9, 2024","Kamala Harris’ campaign paid Oprah $1 million, Megan Thee Stallion $5 million, and Eminem $1.8 million.",mostly-false,Instagram posts,Campaign Finance; Elections; Fake news; Pop Culture,Sofia Ahmed,"November 13, 2024",https://www.politifact.com/factchecks/2024/nov/13/instagram-posts/records-show-harris-campaign-paid-winfreys-company/
Threads posts,"November 10, 2024",“CBS (News) is reporting cheating in the election.”,false,Threads post,Elections; Facebook Fact-checks,Ciara O'Rourke,"November 12, 2024",https://www.politifact.com/factchecks/2024/nov/12/threads-posts/no-cbs-news-didnt-report-on-cheating-in-the-electi/
Threads posts,"November 9, 2024","""Arizona officials caught changing ballots, have been arrested.”",false,Threads post,Elections; Facebook Fact-checks; Arizona,Jeff Cercone,"November 12, 2024",https://www.politifact.com/factchecks/2024/nov/12/threads-posts/no-arizona-election-officials-werent-caught-and-ja/
Diamond and Silk,"November 5, 2024",“Paper ballots and hand counting never breaks down.”,false,Instagram post,Corrections and Updates; Elections; Facebook Fact-checks,Caleb McCullough,"November 12, 2024",https://www.politifact.com/factchecks/2024/nov/12/diamond-and-silk/hand-counting-ballots-is-not-more-accurate-than-ma/
Threads posts,"November 10, 2024",Elon Musk’s Starlink technology manipulated votes in the 2024 election to benefit Donald Trump.,pants-fire,post,Elections; Facebook Fact-checks,Madison Czopek,"November 12, 2024",https://www.politifact.com/factchecks/2024/nov/12/threads-posts/no-elon-musks-starlink-wasnt-used-to-rig-the-2024/
Threads posts,"November 5, 2024","“In Nevada, the GOP is succeeding in throwing out the votes of thousands of young people.”",mostly-false,post,Nevada; Elections; Facebook Fact-checks,Sara Swann,"November 8, 2024",https://www.politifact.com/factchecks/2024/nov/08/threads-posts/nevadas-ballot-curing-process-fuels-misleading-cla/
Instagram posts,"November 7, 2024","“2,038 suicides have been reported (Nov. 6) following Donald Trump’s election win.”",false,Instagram posts,Elections; Public Health; Facebook Fact-checks,Loreben Tuquero,"November 8, 2024",https://www.politifact.com/factchecks/2024/nov/08/instagram-posts/world-health-organization-did-not-produce-suicide/
Threads posts,"November 6, 2024",“Nancy Pelosi stated today that if the Democrats get the House the first thing they’re going to do is impeach Donald Trump before he gets elected.”,false,Threads post,Elections; Impeachment; Facebook Fact-checks,Ciara O'Rourke,"November 8, 2024",https://www.politifact.com/factchecks/2024/nov/08/threads-posts/no-nancy-pelosi-didnt-promise-to-impeach-donald-tr/
Instagram posts,"November 7, 2024 in",“Something stinks” that Donald Trump won in several battleground states while Democrats won Senate or governor races in those states.,false,on social media,Elections,Louis Jacobson,"November 8, 2024",https://www.politifact.com/factchecks/2024/nov/08/instagram-posts/no-its-not-suspicious-that-democrats-won-senate-ra/
Threads posts,"November 5, 2024",Green Party presidential nominee Jill Stein cost Democratic nominee Kamala Harris an election win in Wisconsin.,false,post,Elections; Facebook Fact-checks,Ciara O'Rourke,"November 8, 2024",https://www.politifact.com/factchecks/2024/nov/08/threads-posts/no-kamala-harris-wouldnt-have-won-wisconsin-with-j/
Instagram posts,"November 6, 2024",President-elect Donald Trump “has been to Epstein’s island”,false,Instagram post,Elections; Facebook Fact-checks; Jeffrey Epstein,Caleb McCullough,"November 8, 2024",https://www.politifact.com/factchecks/2024/nov/08/instagram-posts/no-evidence-president-elect-donald-trump-visited-j/
Threads posts,"November 6, 2024",20 million Democratic votes “disappeared” in 2024.,pants-fire,post on Threads,Elections; Facebook Fact-checks,Madison Czopek,"November 7, 2024",https://www.politifact.com/factchecks/2024/nov/07/threads-posts/no-20-million-democratic-votes-didnt-disappear-and/
Instagram posts,"November 6, 2024","A CNN headline says “75,000 votes were write-ins for ‘Hawk Tuah’ and ‘Talk Tuah.’”",pants-fire,Instagram posts,Elections; Fake news; Pop Culture,Sofia Ahmed,"November 7, 2024",https://www.politifact.com/factchecks/2024/nov/07/instagram-posts/no-cnn-didnt-report-that-75000-voters-wrote-in-haw/
X posts,"November 5, 2024",“CCTV captures the moment a Trump voter in (Wisconsin) is assaulted by two Kamala Harris thugs at a voting station.”,pants-fire,X post,National; Elections; Wisconsin,Jeff Cercone,"November 7, 2024",https://www.politifact.com/factchecks/2024/nov/07/tweets/video-showing-trump-voter-assaulted-in-wisconsin-l/
Threads posts,"November 6, 2024",“I think they found a way to target Democratic districts and send millions of votes into a black hole. The numbers aren't adding up.”,pants-fire,Threads post,Elections; Facebook Fact-checks,Maria Ramirez Uribe,"November 7, 2024",https://www.politifact.com/factchecks/2024/nov/07/threads-posts/millions-of-democratic-votes-were-sent-into-a-blac/
Dinesh D'Souza,"November 6, 2024",The 2024 election results show that Joe Biden’s 80 million votes in 2020 were a “lie.”,pants-fire,post on X,Elections,Madison Czopek,"November 6, 2024",https://www.politifact.com/factchecks/2024/nov/06/dinesh-dsouza/2024-election-results-dont-prove-2020-stolen-elect/
X posts,"November 5, 2024","Vans filled with 50,000 ballots show up in Philadelphia during live MSNBC report.",false,X post,National; Elections; Pennsylvania,Jeff Cercone,"November 6, 2024",https://www.politifact.com/factchecks/2024/nov/06/tweets/vehicles-seen-in-msnbc-live-report-from-philadelph/
Instagram posts,"November 4, 2024",Kamala Harris wants people to stop saying “Merry Christmas.”,false,Instagram post,Elections; Facebook Fact-checks,Maria Briceño,"November 6, 2024",https://www.politifact.com/factchecks/2024/nov/06/instagram-posts/video-taken-out-of-context-vice-president-kamala-h/
X posts,"November 5, 2024",Pacific Gas & Electric Co. deliberately shut off power “on Republican voters” in California on Election Day.,false,post,Elections; Energy; California,Grace Abels,"November 6, 2024",https://www.politifact.com/factchecks/2024/nov/06/tweets/ca-wildfire-related-power-shutoff-expected-after-p/
Instagram posts,"November 5, 2024","“ICE officials have been ordered NOT to wear their uniforms or badges when they vote today"" so as not to intimidate noncitizens.",mostly-false,video,Elections; Facebook Fact-checks,Kwasi Gyamfi Asiedu,"November 6, 2024",https://www.politifact.com/factchecks/2024/nov/06/instagram-posts/ice-told-staff-not-to-wear-uniform-when-voting-due/
Threads posts,"November 1, 2024",“Melania Trump quietly endorses Kamala Harris for president.”,false,Threads post,Elections; Facebook Fact-checks,Ciara O'Rourke,"November 6, 2024",https://www.politifact.com/factchecks/2024/nov/06/threads-posts/no-melania-trump-didnt-endorse-kamala-harris-over/
Threads posts,"November 5, 2024",A Melania Trump impostor accompanied former President Donald Trump to the polls Nov. 5.,false,post,Elections; Facebook Fact-checks,Ciara O'Rourke,"November 5, 2024",https://www.politifact.com/factchecks/2024/nov/05/threads-posts/no-a-melania-trump-impostor-didnt-accompany-donald/
Instagram posts,"November 4, 2024",Text message shows Turnout the Vote offering “$200 to vote for Kamala Harris.”,false,post,Elections; Facebook Fact-checks,Sara Swann,"November 5, 2024",https://www.politifact.com/factchecks/2024/nov/05/instagram-posts/no-this-advocacy-group-isnt-paying-people-200-to-v/
Facebook posts,"November 4, 2024",Nevada ballots “don’t even have to be postmarked to be counted” after the election.,false,Facebook post,Nevada; Elections; Facebook Fact-checks,Jeff Cercone,"November 5, 2024",https://www.politifact.com/factchecks/2024/nov/05/facebook-posts/nevada-mail-ballots-require-postmark-on-or-before/
Threads posts,"November 5, 2024","Says U.S. Rep. Jamie Raskin said, “Let folks cast their votes for Trump if that’s their choice. But mark my words, we won’t be certifying the election. He might win, but we’ll ensure he doesn’t step foot in the Oval Office.”",false,Threads post,Elections; Facebook Fact-checks,Ciara O'Rourke,"November 5, 2024",https://www.politifact.com/factchecks/2024/nov/05/threads-posts/no-jamie-raskin-didnt-say-he-wouldnt-certify-the-e/
X posts,"November 5, 2024","A Nov. 5  ballot scanning error in Cambria County, Pennsylvania, shows ""the election steal is happening.""",false,X post,Elections; Pennsylvania,Caleb McCullough,"November 5, 2024",https://www.politifact.com/factchecks/2024/nov/05/tweets/ballot-scanning-errors-caused-voting-delays-in-one/
Instagram posts,"October 30, 2024",“It’s now been confirmed by Dominion that their voting machines have a programming issue that will affect vote counts.”,false,post,Elections; Facebook Fact-checks; Michigan,Sara Swann,"November 5, 2024",https://www.politifact.com/factchecks/2024/nov/05/instagram-posts/no-dominion-voting-systems-didnt-say-that-michigan/
Instagram posts,"November 3, 2024","A “ballot mule” was caught on camera Nov. 2 in Lincoln, Nebraska.",pants-fire,Instagram post,Elections,Sofia Ahmed,"November 5, 2024",https://www.politifact.com/factchecks/2024/nov/05/instagram-posts/video-shows-first-time-voter-dropping-off-ballot-i/
Instagram posts,"November 3, 2024","""The Pentagon reportedly failed to send absentee ballots to active military service members before the election.”",false,Instagram post,National; Elections; Facebook Fact-checks,Jeff Cercone,"November 5, 2024",https://www.politifact.com/factchecks/2024/nov/05/instagram-posts/pentagon-didnt-fail-to-send-absentee-ballots-to-se/
Facebook posts,"November 1, 2024","Gwinnett County, Georgia, sheriff's office said white supremacists “are planning to attack” Black people “from now until the Inauguration.”",pants-fire,post,Georgia; Elections; Facebook Fact-checks,Amy Sherman,"November 5, 2024",https://www.politifact.com/factchecks/2024/nov/05/facebook-posts/a-georgia-sheriff-did-not-say-kkk-is-plotting-agai/
WinSenate,"October 24, 2024",“Kari Lake is threatening Social Security and Medicare.”,half-true,Facebook ad,Federal Budget; Medicare; Social Security; Arizona; 2024 Senate Elections,Mia Osmonbekov,"November 4, 2024",https://www.politifact.com/factchecks/2024/nov/04/winsenate/democratic-ad-misleads-on-kari-lakes-support-for-s/
X posts,"October 27, 2024",“The United States Postal Service recently changed the delivery method of absentee mail-in ballots” to hide “the evidence of absentee mail-in ballot fraud.”,false,post on X,Elections,Madison Czopek,"November 4, 2024",https://www.politifact.com/factchecks/2024/nov/04/tweets/no-proof-us-postal-service-recently-changed-the-de/
Facebook posts,"November 3, 2024","If a ballot has a small dot in the box for Vice President Kamala Harris, “any other box filled in, will be void.”",false,Facebook post,Elections; Facebook Fact-checks,Caleb McCullough,"November 4, 2024",https://www.politifact.com/factchecks/2024/nov/04/facebook-posts/no-a-stray-dot-on-a-ballot-wont-invalidate-a-vote/
X posts,"November 3, 2024",Michael Jordan endorsed Donald Trump for president in the 2024 election.,false,post,Elections; Facebook Fact-checks,Sara Swann,"November 4, 2024",https://www.politifact.com/factchecks/2024/nov/04/tweets/no-michael-jordan-hadnt-endorsed-donald-trump-as-o/
Threads posts,"November 3, 2024","Former President Donald Trump posted on Truth Social and addressed claims about his use of a microphone, saying “I was pretending to eat a corn dog.”",false,Threads post,Elections; Facebook Fact-checks,Jeff Cercone,"November 4, 2024",https://www.politifact.com/factchecks/2024/nov/04/threads-posts/no-trump-didnt-explain-viral-microphone-stand-mome/
Instagram posts,"November 1, 2024",Dominion Voting Systems employee Eric Coomer told an Antifa meeting he “made sure” Donald Trump wouldn’t win.,false,post,Elections; Facebook Fact-checks,Aaron Sharockman,"November 3, 2024",https://www.politifact.com/factchecks/2024/nov/03/instagram-posts/new-posts-stir-up-old-unproven-claims-about-domini/
Threads posts,"October 29, 2024",“Joe Rogan says he will not be voting for Trump after having him on the podcast.”,false,post,Elections; Facebook Fact-checks,Aaron Sharockman,"November 3, 2024",https://www.politifact.com/factchecks/2024/nov/03/threads-posts/joe-rogan-hasnt-said-as-of-nov-3-who-hes-voting-fo/
Libs of TikTok,"October 30, 2024",“The lady who leaked passwords for voting systems in Colorado is the same person who tried to remove Trump from the ballot.”,mostly-false,X post,Elections; Facebook Fact-checks,Sofia Ahmed,"November 2, 2024",https://www.politifact.com/factchecks/2024/nov/02/libs-of-tiktok/no-jena-griswold-didnt-leak-voting-machine-passwor/
X posts,"October 31, 2024",“Ballots in Ohio are showing Trump’s name misspelled!”,false,X posts,Ohio; Elections,Sofia Ahmed,"November 1, 2024",https://www.politifact.com/factchecks/2024/nov/01/tweets/ohio-voting-officials-say-they-have-not-received-r/
Instagram posts,"October 28, 2024",Vice President Kamala Harris’ mother “worked the MK Ultra program” and was “involved in secret mind-control experiments.”,pants-fire,Instagram post,Elections,Andy Nguyen,"November 1, 2024",https://www.politifact.com/factchecks/2024/nov/01/instagram-posts/no-kamala-harris-mother-shyamala-gopalan-did-not-w/
Make the Road Nevada,"October 28, 2024",Republican Senate candidate Sam Brown “wants to cut Medicaid and Social Security.”,half-true,X post,Nevada; Medicaid; 2024 Senate Elections,Seth A. Richardson,"November 1, 2024",https://www.politifact.com/factchecks/2024/nov/01/make-the-road-nevada/nevada-political-action-committee-gets-some-right/
Facebook posts,"October 26, 2024","In Glynn County, Georgia, it was 'voter fraud' when poll workers found no record of a person who already voted.",false,post,Georgia; Elections; Facebook Fact-checks,Kwasi Gyamfi Asiedu,"October 31, 2024",https://www.politifact.com/factchecks/2024/oct/31/facebook-posts/no-glynn-county-georgia-incident-isnt-evidence-of/
Facebook posts,"October 30, 2024","Data shows some voters cast multiple votes, meaning ""at least 164,568 illegal votes have been cast” in Michigan.",false,Facebook post,National; Elections; Facebook Fact-checks; Michigan,Jeff Cercone,"October 31, 2024",https://www.politifact.com/factchecks/2024/oct/31/facebook-posts/formatting-error-in-michigan-doesnt-mean-voters-ca/
Donald Trump,"August 30, 2024","""Right to Try"" experimental drug program saved ""thousands and thousands of lives.""",false,campaign speech,Elections; Health Care; Health Check,Jacob Gardenswartz,"October 31, 2024",https://www.politifact.com/factchecks/2024/oct/31/donald-trump/no-evidence-trumps-experimental-drug-program-for-t/
Tammy Baldwin,"October 18, 2024",Says opponent Eric Hovde “opposes efforts to negotiate with the big pharmaceutical companies to lower the price of prescription drugs.”,mostly-false,TV debate,Economy; Elections; Medicare; Wisconsin; 2024 Senate Elections,D.L. Davis,"October 31, 2024",https://www.politifact.com/factchecks/2024/oct/31/tammy-baldwin/baldwin-falls-short-with-claim-on-hovdes-stance-on/
Donald Trump,"October 29, 2024","In Lancaster, Pa., “We caught them with 2,600 votes. We caught them cold, 2,600 votes. ... And every vote was written by the same person.""",false,rally,National; Elections; Crime; Pennsylvania,Amy Sherman,"October 30, 2024",https://www.politifact.com/factchecks/2024/oct/30/donald-trump/trumps-claim-that-2600-votes-were-caught-in-lancas/
Instagram posts,"October 29, 2024",Kamala Harris paid The Shade Room to interview her “for perceived support amongst black voters.”,false,Instagram post,Elections; Race and Ethnicity,Sofia Ahmed,"October 30, 2024",https://www.politifact.com/factchecks/2024/oct/30/instagram-posts/no-kamala-harris-did-not-pay-the-shade-room-to-int/
Facebook posts,"October 22, 2024","In Fordyce, Arkansas, voting machines changed votes from Republican to Democrat.",pants-fire,photo,Elections; Facebook Fact-checks,Kwasi Gyamfi Asiedu,"October 30, 2024",https://www.politifact.com/factchecks/2024/oct/30/facebook-posts/no-fordyce-arkansas-voting-machines-are-not-flippi/
Facebook posts,"October 23, 2024",A Montana Democratic operative was caught tampering with a ballot box.,false,Facebook post,Elections; Facebook Fact-checks,Sofia Ahmed,"October 30, 2024",https://www.politifact.com/factchecks/2024/oct/30/facebook-posts/video-does-not-show-ballot-box-tampering-in-glacie/
Instagram posts,"October 26, 2024","At Vice President Kamala Harris’ Houston campaign rally, when an attendee had a medical emergency, none of the “abortion doctors” onstage helped.",false,Instagram post,Abortion; Elections,Madison Czopek,"October 29, 2024",https://www.politifact.com/factchecks/2024/oct/29/instagram-posts/doctors-speaking-at-vice-president-kamala-harris-r/
Social Media,"October 28, 2024","""Nicki Minaj just endorsed Donald Trump for President.”",false,social media posts,National; Elections; Facebook Fact-checks,Jeff Cercone,"October 29, 2024",https://www.politifact.com/factchecks/2024/oct/29/social-media/no-rapper-nicki-minaj-has-not-publicly-endorsed-do/
Sam Brown,"October 21, 2024",“Jacky Rosen voted to allow biological men to compete in women’s sports.”,false,X post,Nevada; LGBTQ; 2024 Senate Elections,Seth A. Richardson,"October 29, 2024",https://www.politifact.com/factchecks/2024/oct/29/sam-brown/republican-sam-brown-wrong-on-democratic-sen-jacky/
Jon Tester,"August 20, 2024","“In Montana, we cherish our public lands. But Tim Sheehy called to transfer them off, so the ultra-rich can buy them up.”",false,post on X,Environment; Corrections and Updates; Recreation; 2024 Senate Elections,Louis Jacobson,"October 29, 2024",https://www.politifact.com/factchecks/2024/oct/29/jon-tester/in-montana-senate-race-public-lands/
X posts,"October 21, 2024","There are “180,000 registered new Amish voters in Lancaster, Pennsylvania.”",false,post,Elections; Facebook Fact-checks; Pennsylvania,Kwasi Gyamfi Asiedu,"October 29, 2024",https://www.politifact.com/factchecks/2024/oct/29/tweets/claims-about-180000-amish-registered-voters-in-lan/
Instagram posts,"October 27, 2024",Vice Presidential nominee Tim Walz “says that if Democrats win they’ll make (U.S. Rep. Alexandria Ocasio-Cortez) speaker of the house.”,false,Instagram post,National; Congress; Elections; Facebook Fact-checks,Jeff Cercone,"October 29, 2024",https://www.politifact.com/factchecks/2024/oct/29/instagram-posts/tim-walz-did-not-promise-aoc-house-speakership-if/
Instagram posts,"October 26, 2024",“Beyonce got paid $10 MILLION for her speech” at a Kamala Harris rally.,false,post,National; Corrections and Updates; Elections,Grace Abels,"October 28, 2024",https://www.politifact.com/factchecks/2024/oct/28/instagram-posts/heres-no-evidence-beyonce-was-paid-to-endorse-harr/
Threads posts,"October 26, 2024","Four Florida counties had “zero results” Oct. 26, and “something underhanded might be happening.”",false,Threads post,Elections; Florida; Facebook Fact-checks,Loreben Tuquero,"October 28, 2024",https://www.politifact.com/factchecks/2024/oct/28/threads-posts/screenshot-shows-four-florida-counties-zero-early/
Dave McCormick,"October 15, 2024","Sen. Bob Casey ""has voted in lockstep with his liberal party to defund the police.""",false,debate,Public Safety; Pennsylvania; 2024 Senate Elections,Caleb McCullough,"October 28, 2024",https://www.politifact.com/factchecks/2024/oct/28/dave-mccormick/defunding-the-police-was-never-on-pennsylvania-dem/
Facebook posts,"October 22, 2024 in",“Ballots are not supposed to have fold lines or creases in the candidates name area” or it could invalidate your vote.,false,on Facebook,Elections; Facebook Fact-checks,Louis Jacobson,"October 26, 2024",https://www.politifact.com/factchecks/2024/oct/26/facebook-posts/no-a-crease-through-a-candidates-name-will-not-inv/
Threads posts,"October 23, 2024",Kamala Harris’ statements about Trump invoking Adolf Hitler were based on a “debunked hoax from The Atlantic.”,false,Threads post,Elections; Military; Facebook Fact-checks,Sofia Ahmed,"October 25, 2024",https://www.politifact.com/factchecks/2024/oct/25/threads-posts/kamala-harris-comments-about-donald-trump-and-hitl/
Instagram posts,"October 23, 2024","Kamala Harris ""proclaimed she would not accept the outcome of the election and has a team of lawyers ready to overturn them""",false,photo,Elections; Facebook Fact-checks,Kwasi Gyamfi Asiedu,"October 25, 2024",https://www.politifact.com/factchecks/2024/oct/25/instagram-posts/no-kamala-harris-didnt-say-she-wouldnt-accept-the/
Kari Lake,"October 23, 2024","""Ruben Gallego wanted to defund the police. He actually co-sponsored legislation to defund the police.”",false,press conference,Criminal Justice; Arizona; 2024 Senate Elections,Mia Osmonbekov,"October 25, 2024",https://www.politifact.com/factchecks/2024/oct/25/kari-lake/kari-lake-falsely-claims-ruben-gallego-wants-to-de/
Threads posts,"October 22, 2024","“The cheat has begun” because “Michigan, Georgia and Pennsylvania have officially announced that they will not have election results available on election night.”",false,Threads post,Georgia; Elections; Facebook Fact-checks; Pennsylvania; Michigan,Ciara O'Rourke,"October 25, 2024",https://www.politifact.com/factchecks/2024/oct/25/threads-posts/no-clear-winner-on-election-night-thats-not-eviden/
Threads posts,"October 21, 2024",The Biden-Harris administration “brought over” 10 million migrants who got 9 million jobs.,false,Threads post,Immigration; Elections; Jobs,Sofia Ahmed,"October 25, 2024",https://www.politifact.com/factchecks/2024/oct/25/threads-posts/no-immigrants-who-entered-the-us-under-bidens-admi/
Eric Hovde,"October 18, 2024",Ballot drop boxes 'were only used for a pandemic.',false,TV debate,Elections; Legal Issues; Wisconsin; 2024 Senate Elections,D.L. Davis,"October 25, 2024",https://www.politifact.com/factchecks/2024/oct/25/eric-hovde/ballot-drop-boxes-did-not-just-appear-for-pandemic/
Donald Trump,"October 23, 2024",Vice President Kamala Harris has been “going so far as to call me Adolf Hitler.”,false,post on X,National; Elections,Samantha Putterman,"October 24, 2024",https://www.politifact.com/factchecks/2024/oct/24/donald-trump/kamala-harris-did-not-call-donald-trump-adolf-hitl/
Instagram posts,"October 20, 2024","Voting machines in Shelby County, Tennessee, are swapping votes from Kamala Harris to Donald Trump.",pants-fire,Instagram post,Tennessee; Elections; Facebook Fact-checks,Jeff Cercone,"October 24, 2024",https://www.politifact.com/factchecks/2024/oct/24/instagram-posts/votes-in-shelby-county-tennessee-not-swapped-by-vo/
Social Media,"October 22, 2024","“Schaumburg, Illinois not recording votes, just putting votes ‘in a box.’”",false,social media posts,Elections; Facebook Fact-checks; Illinois,Loreben Tuquero,"October 24, 2024",https://www.politifact.com/factchecks/2024/oct/24/social-media/an-illinois-townships-ballot-scanner-was-down-ball/
Facebook posts,"October 22, 2024","""Breaking: Voters in Tarrant County, Texas are reporting that the voting machines are flipping their votes from Trump to Kamala Harris.""",pants-fire,post,Elections; Facebook Fact-checks; Texas,Kwasi Gyamfi Asiedu,"October 24, 2024",https://www.politifact.com/factchecks/2024/oct/24/facebook-posts/no-tarrant-county-texas-voting-machines-are-not-ch/
United Auto Workers,"October 23, 2024",Michigan U.S. Senate candidate Mike Rogers “wants to cut Medicare and Social Security.”,false,Meta ad,Medicare; Social Security; Michigan; 2024 Senate Elections,Caleb McCullough,"October 24, 2024",https://www.politifact.com/factchecks/2024/oct/24/united-auto-workers/michigan-republican-mike-rogers-is-not-calling-for/
Tammy Baldwin,"October 11, 2024",Says opponent Eric Hovde “supports a $4 trillion tax plan that would disproportionately advantage the well-off and profitable corporations”,mostly-true,Interview,Elections; Taxes; Wisconsin; 2024 Senate Elections,Laura Schulte,"October 24, 2024",https://www.politifact.com/factchecks/2024/oct/24/tammy-baldwin/baldwin-claim-that-hovde-supports-tax-plan-that-be/
Instagram posts,"October 21, 2024",Jussie Smollett is Kamala Harris’ nephew.,false,Instagram posts,Elections; Families; Race and Ethnicity; LGBTQ; Pop Culture; California,Sofia Ahmed,"October 23, 2024",https://www.politifact.com/factchecks/2024/oct/23/instagram-posts/kin-spiracy-theory-debunked-kamala-harris-is-not-r/
Marjorie Taylor Greene,"October 18, 2024","""Reports from Whitfield County, GA that Dominion machines are flipping votes. This is exactly the kind of fraud we saw in 2020.""",pants-fire,X post,Georgia; Elections; Facebook Fact-checks,Loreben Tuquero,"October 23, 2024",https://www.politifact.com/factchecks/2024/oct/23/marjorie-taylor-greene/marjorie-taylor-greene-says-dominion-voting-machin/
X posts,"October 19, 2024",Michigan has “more registered voters than eligible citizens. This creates a huge risk of election fraud.”,false,post,Elections; Facebook Fact-checks; Michigan,Sara Swann,"October 23, 2024",https://www.politifact.com/factchecks/2024/oct/23/tweets/social-media-posts-mislead-about-michigan-voter-ro/
Threads posts,"October 21, 2024",“Breaking: Florida Governor Ron DeSantis says Dominion voting systems will NOT operate in the state of Florida. ”,false,post,Elections; Florida; Facebook Fact-checks,Kwasi Gyamfi Asiedu,"October 23, 2024",https://www.politifact.com/factchecks/2024/oct/23/threads-posts/no-gov-ron-desantis-didnt-say-dominion-voting-syst/
Instagram posts,"October 20, 2024","If an election worker writes anything on your ballot before you put it in the voting machine, “your ballot could be disqualified.”",false,Instagram post,Elections; Facebook Fact-checks,Mia Penner,"October 23, 2024",https://www.politifact.com/factchecks/2024/oct/23/instagram-posts/script-is-safe-your-ballot-wont-be-disqualified-if/
Instagram posts,"October 14, 2024",The Oregon secretary of state “removed” former President Donald Trump and U.S. Sen. JD Vance from “the official state website.”,false,Instagram post,Elections; Facebook Fact-checks,Ciara O'Rourke,"October 22, 2024",https://www.politifact.com/factchecks/2024/oct/22/instagram-posts/no-donald-trump-and-jd-vance-werent-removed-from-t/
Threads posts,"October 21, 2024",Donald Trump offered “food for everyone” at his McDonald’s press conference and then left without paying.,false,Threads post,Elections; Florida; Pennsylvania,Sofia Ahmed,"October 22, 2024",https://www.politifact.com/factchecks/2024/oct/22/threads-posts/jilted-out-of-free-fries-no-trump-didnt-offer-to-b/
Bob Casey,"October 10, 2024","To pay for extending the Trump tax cuts, Dave McCormick has “made clear he’ll slash your Medicare and Social Security, and cut Medicaid for nursing home care.”",false,TV ad,Medicare; Social Security; Pennsylvania; 2024 Senate Elections,Caleb McCullough,"October 22, 2024",https://www.politifact.com/factchecks/2024/oct/22/bob-casey/pennsylvania-sen-bob-casey-misleads-in-ad-claiming/
Progress 2028,"October 21, 2024",A pro-Kamala Harris website shows she supports a mandatory gun buyback program.,false,Facebook post,National; Elections,Grace Abels,"October 21, 2024",https://www.politifact.com/factchecks/2024/oct/21/progress-2028/progress-2028-is-not-tied-to-kamala-harris-ads-say/
Instagram posts,"October 13, 2024",“GA election official Gabriel Sterling says audits will take place after election day because it’s ‘nerve-racking’ to count ballots in front of poll watchers.”,false,Instagram post,Georgia; Elections,Sofia Ahmed,"October 21, 2024",https://www.politifact.com/factchecks/2024/oct/21/instagram-posts/no-this-video-doesnt-show-georgia-election-officia/
Tammy Baldwin,"October 7, 2024",Says opponent Eric Hovde “just proposed cutting Social Security by 28%.”,mostly-false,Campaign ad,National; Social Security; Wisconsin; 2024 Senate Elections,Madeline Heim,"October 21, 2024",https://www.politifact.com/factchecks/2024/oct/21/tammy-baldwin/baldwin-claim-that-hovde-just-proposed-cutting-soc/
Instagram posts,"October 18, 2024","As part of his “charitable donations,” in 1990 Donald Trump “chartered a private plane to get Nelson Mandela to America when the U.S. government wouldn't help.""",false,Instagram post,National; Elections,Maria Ramirez Uribe,"October 19, 2024",https://www.politifact.com/factchecks/2024/oct/19/instagram-posts/nelson-mandela-traveled-on-donald-trumps-plane-in/
Mike Rogers,"October 14, 2024","“About 400,000 manufacturing jobs in the state of Michigan will go away with EV mandates.”",false,debate,Jobs; Michigan; 2024 Senate Elections,Caleb McCullough,"October 18, 2024",https://www.politifact.com/factchecks/2024/oct/18/mike-rogers/michigan-senate-candidate-mike-rogers-uses-faulty/
Threads posts,"October 10, 2024","“Trump's convictions have all been overturned and he is getting his $500,000,000.00 back!”",false,photo,Elections; Facebook Fact-checks,Kwasi Gyamfi Asiedu,"October 18, 2024",https://www.politifact.com/factchecks/2024/oct/18/threads-posts/no-donald-trumps-felony-conviction-hasnt-been-over/
Ruben Gallego,"October 9, 2024",Arizona U.S. Senate candidate Kari Lake “was against” the child tax credit expansion “when the bill was on the floor.”,mostly-false,debate,Children; Taxes; 2024 Senate Elections,Mia Osmonbekov,"October 18, 2024",https://www.politifact.com/factchecks/2024/oct/18/ruben-gallego/ruben-gallego-misleads-on-kari-lake-opposing-the-c/
Instagram posts,"October 16, 2024","Vice President Kamala Harris commented on President Joe Biden’s “mental fitness,” saying, “he’s not stable” and “we should all be concerned.”",pants-fire,Instagram post,Elections; Fake news,Sofia Ahmed,"October 18, 2024",https://www.politifact.com/factchecks/2024/oct/18/instagram-posts/no-kamala-harris-did-not-call-joe-biden-unstable-i/
X posts,"October 15, 2024","Detroit’s Oct.15, 2024, absentee ballot return rate proves election fraud.",false,X post,Elections; Michigan,Loreben Tuquero,"October 17, 2024",https://www.politifact.com/factchecks/2024/oct/17/tweets/detroit-absentee-ballot-return-rate-doesnt-signal/
X posts,"October 13, 2024",Screenshots of documents show a former student of Democratic vice presidential candidate Tim Walz has lodged sexual abuse allegations against him.,pants-fire,post,Elections; Facebook Fact-checks,Sara Swann,"October 17, 2024",https://www.politifact.com/factchecks/2024/oct/17/tweets/how-an-x-account-twisted-facts-to-push-unsubstanti/
Michigan Republican Party,"October 8, 2024",Elissa Slotkin “signed a secret agreement with a CCP-linked Chinese battery company.”,false,X post,China; Michigan; 2024 Senate Elections,Caleb McCullough,"October 17, 2024",https://www.politifact.com/factchecks/2024/oct/17/michigan-republican-party/michigan-gop-wrongly-accuses-rep-elissa-slotkin-d/
JD Vance,"October 16, 2024",Says former President Donald Trump did not lose the 2020 election.,pants-fire,campaign event,National; Congress; Elections; States,Amy Sherman,"October 17, 2024",https://www.politifact.com/factchecks/2024/oct/17/jd-vance/fact-check-here-is-how-we-know-vances-statement-th/
Dan Bongino,"October 12, 2024",CBS exposed “the fact” that Kamala Harris’ crowd sizes are inflated because her campaign bused hundreds of attendees to her New Hampshire rally.,mostly-false,Facebook post,New Hampshire; Elections; Fake news,Sofia Ahmed,"October 16, 2024",https://www.politifact.com/factchecks/2024/oct/16/dan-bongino/no-kamala-harris-campaign-did-not-inflate-crowd-si/
Donald Trump,"October 11, 2024",“It has just come out that Democrats in Washington and the Democrat Governor’s Office of North Carolina (Roy Cooper) were blocking people and money from coming into North Carolina.”,pants-fire,Truth Social post,National; Elections; Natural Disasters; North Carolina,Amy Sherman,"October 12, 2024",https://www.politifact.com/factchecks/2024/oct/12/donald-trump/trump-said-north-carolina-gov-cooper-democrats-blo/
Donald Trump,"October 9, 2024",Vice President Kamala Harris’ “60 Minutes” interview may be “a major Campaign Finance Violation.”,false,Truth Social post,Campaign Finance; Elections,Sara Swann,"October 12, 2024",https://www.politifact.com/factchecks/2024/oct/12/donald-trump/trump-claimed-harris-60-minutes-interview-violated/
WinSenate,"September 3, 2024",“Dave McCormick is fully against abortion.”,mostly-false,Meta ad,Abortion; Pennsylvania; 2024 Senate Elections,Caleb McCullough,"October 12, 2024",https://www.politifact.com/factchecks/2024/oct/12/winsenate/democratic-ad-overstates-dave-mccormicks-abortion/
Senate Leadership Fund,"September 3, 2024",U.S. Sen. Sherrod Brown “supported allowing puberty blockers and sex-change surgeries for minor children.”,mostly-false,campaign ad,Ohio; LGBTQ; 2024 Senate Elections,Seth A. Richardson,"October 11, 2024",https://www.politifact.com/factchecks/2024/oct/11/senate-leadership-fund/republican-super-pac-wrong-on-sen-sherrod-browns-g/
X posts,"October 9, 2024",North Carolina’s new voting rules in response to Hurricane Helene amount to “cheating” or “stealing.”,pants-fire,social media posts,Elections; Natural Disasters; North Carolina,Amy Sherman,"October 11, 2024",https://www.politifact.com/factchecks/2024/oct/11/tweets/north-carolinas-post-helene-changes-for-absentee-i/
Kari Lake,"October 9, 2024","“Arizona was safe” when she moved to the state in 1994, but has become “unsafe.”",false,Senate debate,Crime; Arizona; 2024 Senate Elections,Louis Jacobson,"October 11, 2024",https://www.politifact.com/factchecks/2024/oct/11/kari-lake/kari-lake-says-arizona-was-safer-in-1994-but-crime/
Kamala Harris,"October 7, 2024",“We have cut the flow of fentanyl by half.”,false,interview,National; Border Security; Drugs; Elections,Maria Ramirez Uribe,"October 11, 2024",https://www.politifact.com/factchecks/2024/oct/11/kamala-harris/fentanyl-seizures-have-doubled-has-the-flow-of-fen/
Eric Hovde,"September 5, 2024","Says Democratic opponent Tammy Baldwin ""gave stimulus checks to illegals.""",false,Campaign ad,Immigration; Elections; Social Security; Wisconsin; 2024 Senate Elections,D.L. Davis,"October 11, 2024",https://www.politifact.com/factchecks/2024/oct/11/eric-hovde/wisconsin-gop-challengers-ad-falsely-claims-dem-us/
Senate Leadership Fund,"September 24, 2024",U.S. Sen. Sherrod Brown voted to “allow transgender biological men to compete in girls’ sports.”,false,campaign ad,Ohio; LGBTQ; 2024 Senate Elections,Seth A. Richardson,"October 10, 2024",https://www.politifact.com/factchecks/2024/oct/10/senate-leadership-fund/republican-super-pac-twists-democratic-sen-sherrod/
Democratic Senatorial Campaign Committee,"September 20, 2024","Says Wisconsin GOP U.S. Senate candidate Eric Hovde ""brags about being in the 1%.""",mostly-true,Campaign ad,Elections; Wealth; Wisconsin; 2024 Senate Elections,Ricardo Torres,"October 10, 2024",https://www.politifact.com/factchecks/2024/oct/10/democratic-senatorial-campaign-committee/did-eric-hovde-brag-about-being-in-the-1-his-campa/
Donald Trump,"October 7, 2024","Of Gaza, “I’ve been there.”",false,interview with Hugh Hewitt,National; Elections; Israel; Foreign Policy,Amy Sherman,"October 8, 2024",https://www.politifact.com/factchecks/2024/oct/08/donald-trump/fact-check-trump-said-he-has-been-to-gaza-thats-fa/
Donald Trump,"October 4, 2024",The Biden administration stole $1 billion “from FEMA to use it for illegal migrants. … And FEMA is now busted. They don’t have any money.”,pants-fire,conversation with reporters,Immigration; National; Elections; Natural Disasters; Weather,Maria Ramirez Uribe,"October 8, 2024",https://www.politifact.com/factchecks/2024/oct/08/donald-trump/biden-administration-didnt-steal-1-billion-from-fe/
Instagram posts,"September 24, 2024","""Missouri registered 78,421 in just one week of February of this year. Out of that number, 23,253 were dead people!""",false,Instagram reel,Elections; Social Security; Missouri,Andy Nguyen,"October 4, 2024",https://www.politifact.com/factchecks/2024/oct/04/instagram-posts/no-missouri-did-not-register-78421-people-to-vote/
Instagram posts,"September 26, 2024","North Carolina removed 747,000 voters from the voter rolls to try to “steal the election.”",false,Instagram post,Elections; North Carolina,Madison Czopek,"October 4, 2024",https://www.politifact.com/factchecks/2024/oct/04/instagram-posts/north-carolinas-747000-voter-roll-removals-are-leg/
Social Media,"September 24, 2024",Project 2025 would “cut” the Federal Emergency Management Agency and “kill federal-backed flood insurance.”,true,social media posts,Elections; Natural Disasters; Weather,Madison Czopek,"October 3, 2024",https://www.politifact.com/factchecks/2024/oct/03/social-media/would-project-2025-cut-fema-proposals-would-reduce/
Kari Lake,"September 27, 2024","Rep. Ruben Gallego is “controlled by the cartels. His own father was a Colombian drug trafficker, and so he’s got links to the cartel.”",pants-fire,TV interview,Border Security; Arizona; 2024 Senate Elections,Caleb McCullough,"October 3, 2024",https://www.politifact.com/factchecks/2024/oct/03/kari-lake/in-arizona-senate-race-kari-lake-fabricates-link-b/
JD Vance,"October 1, 2024","Says immigrants with temporary protections in Springfield, Ohio, are “illegal immigrants.”",false,debate,Immigration; Ohio; Elections,Maria Ramirez Uribe,"October 3, 2024",https://www.politifact.com/factchecks/2024/oct/03/jd-vance/immigration-experts-say-jd-vance-is-wrong-haitians/
Donald Trump,"September 29, 2024",Vice President Kamala Harris “even wants to legalize fentanyl.”,false,rally,National; Drugs; Elections; Crime,Amy Sherman,"October 1, 2024",https://www.politifact.com/factchecks/2024/oct/01/donald-trump/trump-said-harris-wants-to-legalize-fentanyl-thats/
Donald Trump,"September 30, 2024","Georgia Gov. Brian Kemp was calling President Joe Biden after Hurricane Helene but ""hasn't been able to get him.”",false,press conference,Georgia; Elections; Natural Disasters,Caleb McCullough,"September 30, 2024",https://www.politifact.com/factchecks/2024/sep/30/donald-trump/trump-said-kemp-couldnt-reach-biden-after-hurrican/
Elissa Slotkin,"September 30, 2024",U.S. Senate candidate Mike Rogers “believes he should make that decision” about whether to end pregnancies.,mostly-false,Meta ad,Abortion; Corrections and Updates; Michigan; 2024 Senate Elections,Caleb McCullough,"September 30, 2024",https://www.politifact.com/factchecks/2024/sep/30/elissa-slotkin/us-rep-elissa-slotkin-ad-skews-opponent-mike-roger/
Tim Sheehy,"September 27, 2024","U.S. Sen. Jon Tester “voted to give taxpayer-funded health care to illegal immigrants.""",false,ad,Immigration; Health Care; 2024 Senate Elections,Louis Jacobson,"September 30, 2024",https://www.politifact.com/factchecks/2024/sep/30/tim-sheehy/in-montana-senate-race-tim-sheehy-airs-inaccurate/
Instagram posts,"September 26, 2024",“Kamala involved in P-Diddy’s rapes and assaults.”,pants-fire,Instagram post,Elections; Fake news; Pop Culture; Jeffrey Epstein,Sofia Ahmed,"September 30, 2024",https://www.politifact.com/factchecks/2024/sep/30/instagram-posts/no-evidence-implicating-kamala-harris-in-sean-didd/
Vote No on 3,"September 7, 2024",Florida’s Amendment 3 is “the monopoly amendment.”,false,TV ad,Elections; Florida Amendments; Florida; Marijuana,Samantha Putterman,"September 27, 2024",https://www.politifact.com/factchecks/2024/sep/27/vote-no-on-3/ad-watch-in-florida-amendment-3-does-not-create-a/
Social Media,"September 24, 2024","Vice President Kamala Harris responded, “Next question please,” when asked about the economy during an Aug. 29 CNN interview.",pants-fire,social media posts,Economy; Elections; Race and Ethnicity,Sofia Ahmed,"September 27, 2024",https://www.politifact.com/factchecks/2024/sep/27/social-media/next-question-please-was-not-kamala-harris-respons/
Jared Moskowitz,"September 19, 2024",“Project 2025 wants to get rid of NOAA” and the National Weather Service.,half-true,House hearing,National; Climate Change; Elections; Weather; Florida,Amy Sherman,"September 26, 2024",https://www.politifact.com/factchecks/2024/sep/26/jared-moskowitz/what-does-project-2025-say-about-the-national-weat/
Americans for Prosperity Action,"September 4, 2024","The Inflation Reduction Act, which Rep. Elissa Slotkin supported, “drove inflation higher.”",false,Meta ad,Economy; Michigan; 2024 Senate Elections,Caleb McCullough,"September 26, 2024",https://www.politifact.com/factchecks/2024/sep/26/americans-for-prosperity-action/ad-targeting-elissa-slotkin-on-inflation-reduction/
Ruben Gallego,"August 17, 2024","“MAGA Republicans like Kari Lake support Project 2025, which would raise the retirement age for 73% of Arizonans.”",mostly-false,post on X,Social Security; Arizona; 2024 Senate Elections,Mia Osmonbekov,"September 26, 2024",https://www.politifact.com/factchecks/2024/sep/26/ruben-gallego/has-kari-lake-supported-project-2025-on-social-sec/
Sam Brown,"August 15, 2024","Nevada Sen. Jacky Rosen said the Biden administration did a ""tremendous job"" on the U.S. military’s Afghanistan withdrawal.",mostly-false,X post,Afghanistan; Nevada; 2024 Senate Elections,Seth A. Richardson,"September 26, 2024",https://www.politifact.com/factchecks/2024/sep/26/sam-brown/did-nevada-sen-jacky-rosen-say-joe-biden-did-a-tre/
TikTok posts,"September 21, 2024","In South Philadelphia, people are “getting paid $700 a week to go to wherever Kamala’s campaign tells them to go to.”",false,TikTok post,Elections; Pennsylvania,Maria Briceño,"September 26, 2024",https://www.politifact.com/factchecks/2024/sep/26/tiktok-posts/kamala-harris-campaign-isnt-paying-people-700-a-we/
Tim Sheehy,"September 10, 2024",Jon Tester “supported slashing Social Security benefits”,false,op-ed,Social Security; 2024 Senate Elections,Louis Jacobson,"September 25, 2024",https://www.politifact.com/factchecks/2024/sep/25/tim-sheehy/tim-sheehy-wrong-that-jon-tester-backs-slashing-so/
Threads posts,"September 22, 2024","Florida ""put Tom Walz instead of Tim Walz"" on its ballots.",half-true,Threads post,National; Elections; Florida; Facebook Fact-checks,Jeff Cercone,"September 25, 2024",https://www.politifact.com/factchecks/2024/sep/25/threads-posts/its-tim-not-tom-walz-but-typo-on-florida-countys-o/
Tim Walz,"September 21, 2024","“Donald Trump added more to the national debt than any other president, ever.”",half-true,"Bethlehem, Pa.",Debt; Economy; Elections,Louis Jacobson,"September 25, 2024",https://www.politifact.com/factchecks/2024/sep/25/tim-walz/fact-checking-tim-walz-on-which-president-added-th/
Senate Leadership Fund,"September 17, 2024","“Two years ago, Bob Casey promised us his vote will reduce inflation. ... Casey’s vote for reckless spending” made inflation worse.",mostly-false,TV ad,Economy; 2024 Senate Elections,Louis Jacobson,"September 25, 2024",https://www.politifact.com/factchecks/2024/sep/25/senate-leadership-fund/gop-campaign-group-distorts-the-timeline-to-blame/
Threads posts,"September 23, 2024",Travis Kelce endorsed Kamala Harris.,false,Threads post,Elections; Fake news; Pop Culture; Sports,Sofia Ahmed,"September 24, 2024",https://www.politifact.com/factchecks/2024/sep/24/threads-posts/no-travis-kelce-didnt-endorse-kamala-harris-for-pr/
Jacky Rosen,"August 13, 2024",“Sam Brown publicly supported forcing massive cuts to Social Security and Medicare and was caught on tape saying he admires the plan to phase out Social Security and Medicare in five years.”,mostly-false,ad,Nevada; Medicare; Social Security; 2024 Senate Elections,Seth A. Richardson,"September 24, 2024",https://www.politifact.com/factchecks/2024/sep/24/jacky-rosen/jacky-rosen-exaggerates-sam-browns-support-for-cut/
Social Media,"September 22, 2024",“The Montana Secretary of State left Kamala Harris off the ballot.”,half-true,social media posts,Elections; Facebook Fact-checks,Jeff Cercone,"September 24, 2024",https://www.politifact.com/factchecks/2024/sep/24/social-media/montana-electronic-ballot-for-overseas-voters-omit/
Donald Trump,"September 18, 2024","When Haitians go to school in Springfield, Ohio, they “take the place of our children in school” and “each one will have a private interpreter.""",false,speech,Immigration; National; Ohio; Education; Elections,Amy Sherman,"September 23, 2024",https://www.politifact.com/factchecks/2024/sep/23/donald-trump/fact-checking-trumps-statement-about-haitian-stude/
JD Vance,"September 15, 2024","In Springfield, Ohio, “murders are up by 81%.”",mostly-false,CNN interview,Immigration; Elections; Crime,Madison Czopek,"September 23, 2024",https://www.politifact.com/factchecks/2024/sep/23/jd-vance/vance-cherry-picks-data-to-claim-81-murder-spike-a/
Social Media,"September 21, 2024",Sen. JD Vance admitted he has a ‘rent-a-dog’ from the Trump campaign to make him “seem like a dog person.”,false,video,National; Animals; Elections,Samantha Putterman,"September 22, 2024",https://www.politifact.com/factchecks/2024/sep/22/social-media/jd-vances-german-shepherd-atlas-is-his-actual-dog/
Facebook posts,"September 14, 2024","""Taylor Swift unexpectedly lost a $125 million brand contract after a massive advertising campaign” endorsing Vice President Kamala Harris.",false,Facebook post,Elections; Pop Culture; Facebook Fact-checks,Maria Briceño,"September 20, 2024",https://www.politifact.com/factchecks/2024/sep/20/facebook-posts/taylor-swift-did-not-lose-a-125-million-brand-cont/
Jon Tester,"September 6, 2024",“Tim Sheehy told us his health care plan: ‘We need to return health care to pure privatization.’ That would eliminate Medicare.”,mostly-false,Facebook ad,Health Care; Medicare; 2024 Senate Elections,Louis Jacobson,"September 20, 2024",https://www.politifact.com/factchecks/2024/sep/20/jon-tester/in-montana-senate-race-jon-tester-exaggerates-tim/
Wisco Project,"September 16, 2024","“If you make less than $100,000, Trump is about to raise your taxes. Currently, you’re taxed at 10% and then 12%. He would raise that to a flat rate of 15%.”",false,Social media ads,Elections; Taxes; Wisconsin; 2024 Senate Elections,Madeline Heim,"September 20, 2024",https://www.politifact.com/factchecks/2024/sep/20/wisco-project/trump-has-not-said-hell-raise-taxes-on-people-maki/
Instagram posts,"September 18, 2024",“BREAKING: Police found ‘explosives’ in car near former President Donald Trump’s rally site on Long Island.”,false,Instagram posts,Corrections and Updates; Elections; New York,Sofia Ahmed,"September 19, 2024",https://www.politifact.com/factchecks/2024/sep/19/instagram-posts/false-claims-spread-about-explosives-at-trump-ny-r/
Dave McCormick,"September 13, 2024","Charleroi, Pennsylvania, “has grown by 2,000% due to an influx in migrants.”",false,X post,Immigration; Pennsylvania; 2024 Senate Elections,Caleb McCullough,"September 19, 2024",https://www.politifact.com/factchecks/2024/sep/19/dave-mccormick/dave-mccormick-exaggerates-charleroi-pa-population/
Kari Lake,"September 13, 2024",Rep. Ruben Gallego’s “first act in Congress was to propose legislation to BAN the use of the term ‘illegal alien.’”,false,post on X,Immigration; Congress; Arizona; 2024 Senate Elections,Mia Osmonbekov,"September 19, 2024",https://www.politifact.com/factchecks/2024/sep/19/kari-lake/ruben-gallegos-first-act-in-congress-was-not-to-pr/
Sherrod Brown,"September 4, 2024","Of Bernie Moreno, “Now, he’s arguing for a national abortion ban, no exceptions.”",half-true,TV interview,Abortion; Ohio; Corrections and Updates; 2024 Senate Elections,Caleb McCullough,"September 19, 2024",https://www.politifact.com/factchecks/2024/sep/19/sherrod-brown/sherrod-brown-claim-about-bernie-moreno-and-aborti/
Bernie Moreno,"September 9, 2024","“Illegal” Haitians in Springfield, Ohio, are “reportedly killing and eating pets.”",pants-fire,Instagram post,Immigration; Ohio; 2024 Senate Elections,Seth A. Richardson,"September 18, 2024",https://www.politifact.com/factchecks/2024/sep/18/bernie-moreno/republican-us-senate-candidate-bernie-moreno-pushe/
Tony Perkins,"September 11, 2024","“In 12 states, children born alive after a failed abortion have no legal protection, and in three more states children born alive after an abortion had legal rights that governors — like Tim Walz — repealed.”",false,Facebook post,Abortion; Elections; Facebook Fact-checks,Sara Swann,"September 18, 2024",https://www.politifact.com/factchecks/2024/sep/18/tony-perkins/no-legal-protections-for-born-alive-babies-in-some/
Social Media,"September 16, 2024",“Coca-Cola cuts ties with Taylor Swift over (Kamala) Harris endorsement.”,false,post,Elections; Pop Culture; Facebook Fact-checks,Sara Swann,"September 18, 2024",https://www.politifact.com/factchecks/2024/sep/18/social-media/not-the-real-thing-coca-cola-didnt-break-ties-with/
Facebook posts,"September 16, 2024",“Taylor Swift forced to cancel Eras Tour dates following endorsement backlash.”,false,Facebook post,Elections; Pop Culture,Sofia Ahmed,"September 18, 2024",https://www.politifact.com/factchecks/2024/sep/18/facebook-posts/no-taylor-swifts-didnt-cancel-eras-tour-shows-afte/
Eric Hovde,"September 3, 2024","""Typically you have three to four debates in a U.S. Senate race. (Sen. Tammy Baldwin, D-Wis. has) given me one debate, almost a month after early voting has started.""",mostly-true,TV interview,Elections; Wisconsin; 2024 Senate Elections,Hope Karnopp,"September 17, 2024",https://www.politifact.com/factchecks/2024/sep/17/eric-hovde/does-the-baldwin-hovde-debate-take-place-after-vot/
Tim Sheehy,"August 21, 2024",The “‘Inflation Reduction Act’ increased inflation and drove prices sky high!”,false,X post,Economy; 2024 Senate Elections,Louis Jacobson,"September 17, 2024",https://www.politifact.com/factchecks/2024/sep/17/tim-sheehy/montana-senate-candidate-tim-sheehy-wrongly-blames/
Tim Walz,"September 14, 2024","“In Project 2025, you’re going to have to register with a new federal agency when you get pregnant.”",false,speech,Abortion; National; Elections; Women; Wisconsin,Samantha Putterman,"September 17, 2024",https://www.politifact.com/factchecks/2024/sep/17/tim-walz/tim-walz-is-wrong-project-2025-doesnt-call-for-pre/
X posts,"September 15, 2024","The apparent assassination attempt against former President Donald Trump on Sept. 15, 2024, was “staged.”",pants-fire,post,Elections; Facebook Fact-checks,Sara Swann,"September 16, 2024",https://www.politifact.com/factchecks/2024/sep/16/tweets/claims-that-an-apparent-assassination-attempt-agai/
Threads posts,"September 13, 2024","“ABC lost $27M in ad revenue after advertisers pulled ads from the network after the way they hosted the debate"" on Sept. 10.",pants-fire,post on Threads,Elections; Facebook Fact-checks,Madison Czopek,"September 15, 2024",https://www.politifact.com/factchecks/2024/sep/15/threads-posts/claim-that-abc-lost-27-million-in-ad-revenue-after/
Elissa Slotkin,"September 11, 2024",Mike Rogers supported “laws that could eliminate IVF and birth control.”,half-true,TV ad,Abortion; Michigan; 2024 Senate Elections,Caleb McCullough,"September 13, 2024",https://www.politifact.com/factchecks/2024/sep/13/elissa-slotkin/claim-that-ivf-and-birth-control-could-go-away-und/
Instagram posts,"September 11, 2024","""Debate moderators made the false claim to Donald Trump that there is nowhere in the United States where abortion is legal up until birth.""",false,Instagram post,Abortion; National; Elections; Facebook Fact-checks,Jeff Cercone,"September 13, 2024",https://www.politifact.com/factchecks/2024/sep/13/instagram-posts/abc-moderators-fact-check-of-trump-was-about-postb/
Facebook posts,"September 12, 2024",ABC News fired presidential debate moderators David Muir and Linsey Davis.,pants-fire,Facebook post,Elections; Fake news; Facebook Fact-checks,Sofia Ahmed,"September 13, 2024",https://www.politifact.com/factchecks/2024/sep/13/facebook-posts/no-abc-news-did-not-fire-presidential-debate-moder/
Sam Brown,"August 28, 2024",Proposed Nevada constitutional amendment to protect abortion rights would put “essentially no limit on access to abortion.”,false,campaign appearance,Abortion; Nevada; 2024 Senate Elections,Caleb McCullough,"September 13, 2024",https://www.politifact.com/factchecks/2024/sep/13/sam-brown/sam-browns-mistaken-claim-that-a-proposed-nevada-a/
Jon Tester,"September 8, 2024","Tim Sheehy “would let politicians like him ban abortion, with no exceptions for rape or to save a woman’s life, and criminalize women.”",mostly-false,Facebook ad,Abortion; 2024 Senate Elections,Louis Jacobson,"September 12, 2024",https://www.politifact.com/factchecks/2024/sep/12/jon-tester/in-key-montana-senate-race-jon-tester-misleads-on/
Kamala Harris,"September 10, 2024","“As of today, there is not one member of the United States military who is in active duty in a combat zone, in any war zone around the world, for the first time this century.”",mostly-false,debate,Elections; Military; Ask PolitiFact,Sara Swann,"September 11, 2024",https://www.politifact.com/factchecks/2024/sep/11/kamala-harris/why-harris-debate-remarks-about-us-military-in-com/
X posts,"September 9, 2024","""Dallas County Texas (tells) election workers to (illegally) lie on registration & use a church address to register homeless people to vote!”",pants-fire,X post,National; Elections; Texas,Jeff Cercone,"September 11, 2024",https://www.politifact.com/factchecks/2024/sep/11/tweets/texas-election-law-allows-homeless-voters-to-regis/
Donald Trump,"September 10, 2024","""In Springfield (Ohio), they're eating the dogs, the people that came in, they're eating the cats. They're eating, they're eating the pets of the people that live there.”",pants-fire,at a Sept. 10 presidential debate,Immigration; National; Ohio; Elections,Jeff Cercone,"September 11, 2024",https://www.politifact.com/factchecks/2024/sep/11/donald-trump/trump-repeats-baseless-claims-that-haitian-immigra/
One Nation,"August 23, 2024","“Sen. Jacky Rosen voted to increase taxes on families making less than $75,000 a year.”",mostly-false,ad,Nevada; Taxes; 2024 Senate Elections,Seth A. Richardson,"September 9, 2024",https://www.politifact.com/factchecks/2024/sep/09/one-nation/conservative-group-misleads-on-jacky-rosens-inflat/
National Republican Senatorial Committee,"August 28, 2024",Elissa Slotkin “gave your hard-earned tax money to illegal immigrants.”,false,Instagram ad,Immigration; Michigan; 2024 Senate Elections,Caleb McCullough,"September 6, 2024",https://www.politifact.com/factchecks/2024/sep/06/national-republican-senatorial-committee/senate-republicans-ad-claiming-elissa-slotkin-gave/
Kamala Harris,"August 28, 2024",Project 2025 would defund K-12 schools.,half-true,ad,National; Children; Education; Elections,Samantha Putterman,"September 6, 2024",https://www.politifact.com/factchecks/2024/sep/06/kamala-harris/project-2025-would-phase-out-federal-funds-for-pub/
Social Media,"August 31, 2024",McDonald’s “said they have no record whatsoever of Kamala Harris ever working at any of their locations.”,false,post,Elections; Facebook Fact-checks,Sara Swann,"September 5, 2024",https://www.politifact.com/factchecks/2024/sep/05/social-media/no-mcdonalds-didnt-say-theres-no-record-kamala-har/
Instagram posts,"September 3, 2024",“Kamala Harris said she will shut down X if elected.”,false,Instagram post,Elections; Fake news,Sofia Ahmed,"September 5, 2024",https://www.politifact.com/factchecks/2024/sep/05/instagram-posts/no-kamala-harris-did-not-say-she-will-shut-down-x/
X posts,"September 3, 2024","On June 7, 2011, Kamala Harris was involved in a San Francisco hit-and-run crash that injured a woman named Alicia Brown.",pants-fire,video posted on X,Elections; Facebook Fact-checks,Madison Czopek,"September 5, 2024",https://www.politifact.com/factchecks/2024/sep/05/tweets/no-proof-kamala-harris-injured-a-person-in-2011-ca/
Instagram posts,"September 2, 2024",NFL’s Philadelphia Eagles endorsed Kamala Harris for president.,false,Instagram reel,Elections; Sports,Sofia Ahmed,"September 4, 2024",https://www.politifact.com/factchecks/2024/sep/04/instagram-posts/fly-kamala-fly-no-the-philadelphia-eagles-did-not/
JD Vance,"August 25, 2024","A zero-tolerance policy during the Trump administration ""led to less family separation than under Kamala Harris' border policies.”",false,"interview on NBC's ""Meet the Press""",Immigration; National; Elections,Amy Sherman,"September 4, 2024",https://www.politifact.com/factchecks/2024/sep/04/jd-vance/jd-vances-faulty-comparison-of-trump-harris-on-chi/
Donald Trump,"August 26, 2024",Vice President Kamala Harris “is a communist. … She is really a Marxist.”,pants-fire,interview with a podcaster,National; Economy; Elections,Amy Sherman,"September 4, 2024",https://www.politifact.com/factchecks/2024/sep/04/donald-trump/fact-check-trump-called-kamala-harris-a-communist/
Facebook posts,"August 29, 2024",Vice President Kamala Harris was fired from McDonald’s for stealing.,pants-fire,post,Elections; Facebook Fact-checks,Sara Swann,"September 4, 2024",https://www.politifact.com/factchecks/2024/sep/04/facebook-posts/claim-that-kamala-harris-was-fired-from-mcdonalds/
Bernie Moreno,"August 20, 2024","U.S. Sen. Sherrod Brown voted to “give illegals taxpayer funded stimulus checks, health care, even Social Security.""",false,campaign ad,Immigration; Ohio; 2024 Senate Elections,Seth A. Richardson,"September 4, 2024",https://www.politifact.com/factchecks/2024/sep/04/bernie-moreno/bernie-moreno-misleads-on-sherrod-brown-votes-for/
Instagram posts,"August 26, 2024","Four government agencies donated nearly $900,000 of taxpayer money to Kamala Harris’ presidential campaign.",false,post,Campaign Finance; Elections,Sara Swann,"September 3, 2024",https://www.politifact.com/factchecks/2024/sep/03/instagram-posts/no-these-government-agencies-didnt-donate-taxpayer/
Mike Rogers,"August 27, 2024",Rep. Elissa Slotkin “voted recently to let illegals vote in U.S. elections.”,false,campaign rally,Immigration; Michigan; 2024 Senate Elections,Caleb McCullough,"September 3, 2024",https://www.politifact.com/factchecks/2024/sep/03/mike-rogers/michigan-republican-surfaces-inaccurate-claim-abou/
Instagram posts,"August 27, 2024",California S.B. 1174 eliminates the requirement for voter ID at polling places.,mostly-false,Instagram post,Elections; Voter ID Laws; California,Sofia Ahmed,"August 30, 2024",https://www.politifact.com/factchecks/2024/aug/30/instagram-posts/a-new-california-bill-wont-eliminate-voter-id-at-p/
Facebook posts,"August 25, 2024",Kamala Harris’ “plan to tax unrecognized Capital Gains mean(s) if your house goes up in value you will have to pay that Tax Even if you don’t sell your House!”,mostly-false,post,Elections; Taxes; Facebook Fact-checks,Sara Swann,"August 30, 2024",https://www.politifact.com/factchecks/2024/aug/30/facebook-posts/harris-backs-an-unrealized-capital-gains-tax-it-wo/
Instagram posts,"August 27, 2024","“Hollywood actor Kurt Russell just said: ‘It is now proven, beyond a shadow of a doubt that Kamala Harris and Joe Biden CHEATED in the 2020 election with mail-in ballots.’”",false,Instagram post,Elections,Caleb McCullough,"August 30, 2024",https://www.politifact.com/factchecks/2024/aug/30/instagram-posts/no-kurt-russell-did-not-say-2020-election-fraud-is/
Elizabeth Warren,"August 25, 2024","“JD Vance actually sent a letter last year to the Department of Justice saying, ‘enforce the Comstock Act.’”",true,interview,Abortion; Elections; Health Care; Women,Samantha Putterman,"August 30, 2024",https://www.politifact.com/factchecks/2024/aug/30/elizabeth-warren/jd-vance-joined-republican-letter-urging-doj-to-en/
Rick Scott,"August 28, 2024","“This month alone, more than 16,000 non-citizens have been removed from the voter rolls in 3 states.”",half-true,post on X,Immigration; National; Elections; Texas,Samantha Putterman,"August 29, 2024",https://www.politifact.com/factchecks/2024/aug/29/rick-scott/sen-rick-scott-said-3-states-removed-thousands-of/
Kari Lake,"August 8, 2024 in",Ruben Gallego wants to “cut your Social Security.”,false,on social media platform X,Retirement; Social Security; 2024 Senate Elections,Sabine Martin,"August 29, 2024",https://www.politifact.com/factchecks/2024/aug/29/kari-lake/arizona-senate-candidate-ruben-gallego-has-not-adv/
JD Vance,"August 25, 2024","“Anything that you lose on the tariff from the perspective of the consumer, you gain in higher wages, so you're ultimately much better off.”",false,"interview on NBC's ""Meet the Press""",Economy; Elections; Workers,Louis Jacobson,"August 29, 2024",https://www.politifact.com/factchecks/2024/aug/29/jd-vance/most-economists-and-analyses-say-jd-vance-is-wrong/
Dave McCormick,"August 25, 2024",Sen. Bob Casey “voted to sell American oil to China.”,false,TV ad,China; Pennsylvania; 2024 Senate Elections,Caleb McCullough,"August 28, 2024",https://www.politifact.com/factchecks/2024/aug/28/dave-mccormick/did-pa-sen-bob-casey-vote-to-sell-american-oil-to/
Mike Rogers,"August 16, 2024",Rep. Elissa Slotkin’s vote for the 2022 Inflation Reduction Act was a vote to “cut Medicare benefits for seniors.”,false,blog post,Medicare; Michigan; 2024 Senate Elections,Caleb McCullough,"August 28, 2024",https://www.politifact.com/factchecks/2024/aug/28/mike-rogers/elissa-slotkins-vote-for-inflation-reduction-act-w/
X posts,"August 27, 2024",The order of candidate names on North Carolina’s ballot shows a “clear attempt at voter manipulation.”,false,social media post,Elections; North Carolina,Paul Specht,"August 28, 2024",https://www.politifact.com/factchecks/2024/aug/28/tweets/no-north-carolinas-ballot-order-doesnt-show-attemp/
Bob Casey,"August 22, 2024",“Prices are up because these corporations are scheming to drive them up.”,mostly-false,speech at the 2024 Democratic National Convention,Economy; Pennsylvania; 2024 Senate Elections,Madison Czopek,"August 28, 2024",https://www.politifact.com/factchecks/2024/aug/28/bob-casey/sen-bob-casey-said-prices-are-up-because-of-schemi/
Threads posts,"August 22, 2024",Gov. Tim Walz insulted Ann Coulter’s romantic history after she called his son “weird.”,false,Threads posts,Elections,Sofia Ahmed,"August 28, 2024",https://www.politifact.com/factchecks/2024/aug/28/threads-posts/no-tim-walz-did-not-insult-ann-coulter-after-she-c/
Donald Trump,"August 23, 2024","“Kamala cast the tiebreaking vote to hire 87,000 new IRS agents to go after your tip income.”",false,speech,National; Nevada; Elections; Poverty; Taxes,Amy Sherman,"August 28, 2024",https://www.politifact.com/factchecks/2024/aug/28/donald-trump/fact-check-trump-falsely-said-harris-voted-to-hire/
Threads posts,"August 25, 2024",Donald Trump posted on Truth Social that Kamala Harris used to be a man named Kamal Aroush.,false,Threads post,Elections,Sofia Ahmed,"August 27, 2024",https://www.politifact.com/factchecks/2024/aug/27/threads-posts/no-donald-trump-didnt-post-that-kamala-harris-used/
Instagram posts,"August 19, 2024",Kamala Harris has adopted the Nazi-rooted phrase “Strength Through Joy” as her campaign slogan.,false,post,Elections; Facebook Fact-checks,Sara Swann,"August 26, 2024",https://www.politifact.com/factchecks/2024/aug/26/instagram-posts/no-kamala-harris-isnt-using-a-nazi-rooted-phrase-a/
Bryan Steil,"April 28, 2024","Says U.S. Sen. Tammy Baldwin ""believes taxpayer dollars should be used for abortion.""",half-true,TV interview,Abortion; Elections; Wisconsin; 2024 Senate Elections,Ricardo Torres,"August 26, 2024",https://www.politifact.com/factchecks/2024/aug/26/bryan-steil/us-rep-steils-spin-on-us-sen-baldwin-on-abortion-a/
Instagram posts,"August 22, 2024",Maxine Waters told her followers on X not to follow Omar Navarro because he is a “Hispanic Republican.”,pants-fire,Instagram post,Elections; California,Sofia Ahmed,"August 23, 2024",https://www.politifact.com/factchecks/2024/aug/23/instagram-posts/maxine-waters-didnt-call-her-congressional-opponen/
Sam Brown,"August 9, 2024",Jacky Rosen “said ending taxes on tips would ‘hurt working Nevada families.’”,false,X post,Nevada; Taxes; 2024 Senate Elections,Seth A. Richardson,"August 23, 2024",https://www.politifact.com/factchecks/2024/aug/23/sam-brown/no-jacky-rosen-didnt-say-ending-taxes-on-tips-woul/
Elissa Slotkin,"August 9, 2024","Mike Rogers “left Michigan to trade on his D.C. connections, helping Chinese tech companies get access to the U.S.”",false,Meta ad,China; Michigan; 2024 Senate Elections,Caleb McCullough,"August 23, 2024",https://www.politifact.com/factchecks/2024/aug/23/elissa-slotkin/claim-that-senate-candidate-mike-rogers-worked-to/
X posts,"August 18, 2024",Pallets of bricks were left all over the streets of Chicago before the Democratic National Convention.,false,X posts,National; Elections,Sofia Ahmed,"August 23, 2024",https://www.politifact.com/factchecks/2024/aug/23/tweets/bricks-did-not-mysteriously-appear-in-chicago-befo/
Eric Hovde,"August 13, 2024",Says U.S. Sen. Tammy Baldwin “has done absolutely nothing” about the fentanyl crisis.,false,Public appearance,Drugs; Wisconsin; 2024 Senate Elections,Laura Schulte,"August 22, 2024",https://www.politifact.com/factchecks/2024/aug/22/eric-hovde/hovde-misses-mark-on-claim-that-baldwin-has-done-a/
Threads posts,"August 19, 2024",The Democratic National Convention was “nearly empty” during its first day.,false,Threads posts,National; Elections,Sofia Ahmed,"August 22, 2024",https://www.politifact.com/factchecks/2024/aug/22/threads-posts/anybody-out-there-the-democratic-national-conventi/
JD Vance,"August 16, 2024","“Kamala Harris wants to give $25,000 to illegal aliens to buy American homes.”",false,post on X,Immigration; Elections; Housing,Madison Czopek,"August 22, 2024",https://www.politifact.com/factchecks/2024/aug/22/jd-vance/jd-vances-false-claim-that-harris-wants-to-give-im/
X posts,"August 19, 2024",The American flag is missing from the Democratic National Convention in Chicago.,false,X posts,National; Elections,Sofia Ahmed,"August 21, 2024",https://www.politifact.com/factchecks/2024/aug/21/tweets/american-flag-wasnt-missing-at-the-dnc/
Tim Walz,"August 14, 2024",Former President Donald Trump “cut overtime benefits for millions of workers.”,mostly-false,speech,National; Economy; Elections; Labor,Amy Sherman,"August 20, 2024",https://www.politifact.com/factchecks/2024/aug/20/tim-walz/fact-check-tim-walz-misleads-about-trump-and-overt/
Donald Trump,"August 15, 2024",California law lets you “rob a store as long as it’s not more than $950” and “not get charged.” Kamala Harris “did that.”,false,news conference,National; Elections; Crime; California,Jeff Cercone,"August 19, 2024",https://www.politifact.com/factchecks/2024/aug/19/donald-trump/donald-trump-misleads-about-a-2014-california-crim/
Jacky Rosen,"July 17, 2024",Sam Brown “said abortion should be banned without any exceptions for rape or incest.”,half-true,campaign ad,Abortion; Nevada; 2024 Senate Elections,Seth A. Richardson,"August 19, 2024",https://www.politifact.com/factchecks/2024/aug/19/jacky-rosen/jacky-rosen-oversimplifies-sam-browns-abortion-sta/
Social Media,"August 6, 2024",Minnesota Gov. Tim Walz signed a bill “redefining ‘sexual orientation’ to include pedophiles.”,false,post,Elections; LGBTQ; Facebook Fact-checks,Sara Swann,"August 16, 2024",https://www.politifact.com/factchecks/2024/aug/16/social-media/no-tim-walz-didnt-sign-a-bill-giving-legal-protect/
Pete Buttigieg,"August 11, 2024",Gov. Tim Walz delivered paid family leave in Minnesota but “Republicans are blocking” a Biden-Harris proposal.,mostly-true,interview on CNN State of the Union,National; Children; Congress; Elections; Families,Amy Sherman,"August 16, 2024",https://www.politifact.com/factchecks/2024/aug/16/pete-buttigieg/fact-checking-buttigiegs-claim-that-republicans-ar/
Dave McCormick,"August 8, 2024",“Bob Casey and Kamala Harris want to BAN fracking.”,false,X post,Energy; Pennsylvania; 2024 Senate Elections,Caleb McCullough,"August 16, 2024",https://www.politifact.com/factchecks/2024/aug/16/dave-mccormick/pennsylvania-sen-bob-casey-has-never-called-for-ba/
Instagram posts,"August 13, 2024",Kamala Harris voted in favor of passing a law in 2022 to tax tips.,false,Instagram post,Economy; Elections,Sofia Ahmed,"August 15, 2024",https://www.politifact.com/factchecks/2024/aug/15/instagram-posts/no-kamala-harris-didnt-vote-in-2022-for-a-law-that/
Democratic Senatorial Campaign Committee,"August 7, 2024",Republican Senate candidate Dave McCormick “wants to outlaw abortions.”,mostly-false,TV ad,Abortion; Pennsylvania; 2024 Senate Elections,Caleb McCullough,"August 15, 2024",https://www.politifact.com/factchecks/2024/aug/15/democratic-senatorial-campaign-committee/pennsylvania-senate-candidate-dave-mccormick-has-n/
Debbie Mucarsel-Powell,"August 7, 2024",Sen. Rick Scott does not support abortion exceptions.,false,ad,Abortion; Legal Issues; Florida; 2024 Senate Elections,Marta Campabadal Graus,"August 14, 2024",https://www.politifact.com/factchecks/2024/aug/14/debbie-mucarsel-powell/in-spanish-ad-debbie-mucarsel-powell-misleads-on-r/
Charlie Kirk,"August 6, 2024","“During Covid, Tim Walz rationed access to monoclonal antibody treatments based on skin color.”",mostly-false,Threads post,Elections; Race and Ethnicity; Public Health; Facebook Fact-checks; Coronavirus,Jeff Cercone,"August 14, 2024",https://www.politifact.com/factchecks/2024/aug/14/charlie-kirk/did-tim-walz-discriminate-against-white-people-cla/
Tim Walz,"August 6, 2024","JD Vance “literally wrote the foreword for the architect of the Project 2025 agenda.""",true,speech,National; Elections,Kwasi Gyamfi Asiedu,"August 14, 2024",https://www.politifact.com/factchecks/2024/aug/14/tim-walz/jd-vance-wrote-the-foreword-for-project-2025s-kevi/
Jesse Watters,"August 6, 2024",Minnesota Gov. Tim Walz “forced schools to stock tampons in boys’ bathrooms.”,mostly-false,"segment on ""Jesse Watters Primetime""",Education; Elections; LGBTQ; States,Madison Czopek,"August 13, 2024",https://www.politifact.com/factchecks/2024/aug/13/jesse-watters/claim-that-gov-tim-walz-forced-schools-to-stock-ta/
Instagram posts,"August 11, 2024",Craigslist ad shows “every single person” at Kamala Harris’ Arizona rally was paid.,false,Instagram post,Elections; Arizona,Sofia Ahmed,"August 13, 2024",https://www.politifact.com/factchecks/2024/aug/13/instagram-posts/the-audience-at-harris-arizona-rally-was-not-made/
JD Vance,"August 7, 2024","Says Tim Walz said he carried weapons in war, but “he has not spent a day in a combat zone.”",true,news conference,National; Elections; Military,Jeff Cercone,"August 12, 2024",https://www.politifact.com/factchecks/2024/aug/12/jd-vance/walzs-2018-statement-implied-he-carried-weapons-in/
Donald Trump,"August 8, 2024","Says his Jan. 6, 2021, speech on the White House Ellipse drew the “same number of people,” as the 1963 March on Washington where  Martin Luther King Jr. gave his “I Have a Dream” speech.",false,press conference,National; Elections; History; Ask PolitiFact; Jan. 6,Louis Jacobson,"August 9, 2024",https://www.politifact.com/factchecks/2024/aug/09/donald-trump/trumps-false-mlk-speech-jan-6-crowd-size/
JD Vance,"August 7, 2024","“When Tim Walz was asked by his country to go to Iraq, do you know what he did? He dropped out of the Army and allowed his unit to go without him.”",mostly-false,speech,Elections; Military,Sara Swann,"August 9, 2024",https://www.politifact.com/factchecks/2024/aug/09/jd-vance/jd-vance-attacked-tim-walz-on-military-record-his/
Donald Trump,"August 1, 2024","In negotiating releases of Americans held abroad, “(I) gave the opposing country NOTHING — and never any cash.”",mostly-false,Truth Social post,Elections; Foreign Policy,Maria Ramirez Uribe,"August 7, 2024",https://www.politifact.com/factchecks/2024/aug/07/donald-trump/donald-trump-released-prisoners-dropped-charges-wh/
Donald Trump,"July 27, 2024","During the 2020 Minnesota riots after George Floyd’s murder, Gov. Tim Walz didn’t call in the National Guard, “so, I sent in the National Guard to save Minneapolis.”",false,rally,National; Elections; Military; Public Safety,Amy Sherman,"August 7, 2024",https://www.politifact.com/factchecks/2024/aug/07/donald-trump/trump-said-that-gov-tim-walz-didnt-call-in-the-nat/
Donald Trump,"August 3, 2024",Kamala Harris “supports mandatory gun confiscation.”,mostly-false,rally,National; Elections; Guns,Amy Sherman,"August 7, 2024",https://www.politifact.com/factchecks/2024/aug/07/donald-trump/kamala-harris-once-backed-mandatory-assault-weapon/
Kamala Harris,"July 30, 2024",Donald Trump “intends to cut” Medicare.,mostly-false,rally,Elections; Health Care; Medicare,Louis Jacobson,"August 7, 2024",https://www.politifact.com/factchecks/2024/aug/07/kamala-harris/kamala-harris-says-donald-trump-intends-to-cut-med/
Tammy Baldwin,"July 23, 2024","Eric Hovde “wants to repeal the Affordable Care Act, and kick millions off their health insurance.”",true,Public appearance,National; Elections; Health Care; Wisconsin; 2024 Senate Elections,Hope Karnopp,"August 7, 2024",https://www.politifact.com/factchecks/2024/aug/07/tammy-baldwin/does-gop-senate-candidate-eric-hovde-want-to-repea/
X posts,"August 5, 2024",Tim Walz “changed the Minnesota flag so it could resemble the Somalian flag.”,false,X post,National; Elections,Jeff Cercone,"August 6, 2024",https://www.politifact.com/factchecks/2024/aug/06/tweets/tim-walz-didnt-pick-minnesotas-new-flag-and-its-de/
Social Media,"June 27, 2024","Kamala Harris’ X post said the Olympics’ opening ceremony “made France look great! America, this is what we need to strive towards!”",false,social media posts,National; Elections,Sabine Martin,"August 6, 2024",https://www.politifact.com/factchecks/2024/aug/06/social-media/kamala-harris-didnt-praise-the-olympics-opening-ce/
Laura Loomer,"July 31, 2024",“Nowhere on her birth certificate does it say that she is BLACK OR AFRICAN. …  Kamala Harris is NOT black and never has been.”,false,X post,National; Corrections and Updates; Elections; Race and Ethnicity,Jeff Cercone,"August 6, 2024",https://www.politifact.com/factchecks/2024/aug/06/laura-loomer/birth-certificate-doesnt-list-kamala-harris-race-b/
Claudia Tenney,"July 3, 2024",Biden Executive Order 14019  “requires our taxpayer-funded federal agencies to violate the Hatch Act and engage in illegal vote harvesting.”,pants-fire,social media post,Elections; New York,Jill Terreri Ramos,"August 2, 2024",https://www.politifact.com/factchecks/2024/aug/02/claudia-tenney/executive-order-to-expand-voter-registration-calls/
Threads posts,"July 31, 2024",Vice President Kamala Harris “was born in Canada.”,pants-fire,post,Elections; Facebook Fact-checks,Sara Swann,"August 1, 2024",https://www.politifact.com/factchecks/2024/aug/01/threads-posts/kamala-harris-was-born-in-the-us-not-canada/
Donald Trump,"July 31, 2024","Kamala Harris was “Indian all the way, and then all of a sudden, she made a turn and she went, she became a Black person.”",pants-fire,NABJ conference appearance,National; Elections; Race and Ethnicity,Samantha Putterman,"July 31, 2024",https://www.politifact.com/factchecks/2024/jul/31/donald-trump/donald-trumps-pants-on-fire-claim-at-nabj-about-ho/
Facebook posts,"July 26, 2024",“Netflix stock tumbles almost 40%” after the company donated to Kamala Harris’ campaign.,false,Facebook post,National; Elections; Facebook Fact-checks,Mia Penner,"July 30, 2024",https://www.politifact.com/factchecks/2024/jul/30/facebook-posts/claim-that-netflix-stock-fell-after-it-donated-to/
JD Vance,"July 28, 2024",Vice President Kamala Harris is “calling for an end to the child tax credit.”,pants-fire,interview,Children; Elections; Women; Taxes,Samantha Putterman,"July 30, 2024",https://www.politifact.com/factchecks/2024/jul/30/jd-vance/kamala-harris-has-worked-to-expand-the-child-tax-c/
Donald Trump,"July 24, 2024",Kamala Harris “wants to defund the police.”,mostly-false,rally,National; Criminal Justice; Elections; North Carolina,Amy Sherman,"July 30, 2024",https://www.politifact.com/factchecks/2024/jul/30/donald-trump/fact-checking-trumps-false-statement-that-kamala-h/
TikTok posts,"July 26, 2024","""Mike Pence endorsed Kamala Harris.”",false,TikTok video,National; Elections,Jeff Cercone,"July 29, 2024",https://www.politifact.com/factchecks/2024/jul/29/tiktok-posts/mike-pence-didnt-endorse-kamala-harris-for-preside/
Threads posts,"July 28, 2024","Kamala Harris said, “Today we celebrate the Olympics. Because Olympians are Olympic.”",pants-fire,post,Elections; Sports; Facebook Fact-checks,Sara Swann,"July 29, 2024",https://www.politifact.com/factchecks/2024/jul/29/threads-posts/no-kamala-harris-didnt-say-this-quote-about-the-ol/
Donald Trump,"July 24, 2024",Kamala Harris “supported abolishing ICE.”,false,rally,Immigration; National; Elections; North Carolina,Amy Sherman,"July 29, 2024",https://www.politifact.com/factchecks/2024/jul/29/donald-trump/fact-checking-donald-trumps-misleading-statement-t/
Threads posts,"July 23, 2024","Usha Vance, wife of Republican vice presidential nominee JD Vance, posted on X that Vice President Kamala Harris was “absolutely a DEI hire.”",false,post,Elections; Facebook Fact-checks,Sara Swann,"July 24, 2024",https://www.politifact.com/factchecks/2024/jul/24/threads-posts/no-usha-vance-didnt-call-kamala-harris-a-dei-hire/
X posts,"July 22, 2024","The death of Rep. Sheila Jackson Lee, D-Texas, six days after the Trump rally shooting was linked to her “oversight of the Secret Service.”",false,post on X,Elections; Facebook Fact-checks; Jeffrey Epstein,Madison Czopek,"July 24, 2024",https://www.politifact.com/factchecks/2024/jul/24/tweets/no-evidence-links-rep-sheila-jackson-lees-death-to/
Threads posts,"July 23, 2024","As of July 23, 2024, “Trump has announced he won’t debate Kamala Harris.”",false,Threads post,National; Corrections and Updates; Elections; Facebook Fact-checks,Mia Penner,"July 24, 2024",https://www.politifact.com/factchecks/2024/jul/24/threads-posts/no-trump-isnt-backing-down-from-a-debate-with-harr/
Instagram posts,"July 22, 2024",There are nine states “where Biden’s name can’t be removed and no one can be added. That’s over 130 electoral votes in the toilet.”,false,Instagram post,National; Ohio; Elections; Pennsylvania; Michigan; Texas,Ranjan Jindal,"July 23, 2024",https://www.politifact.com/factchecks/2024/jul/23/instagram-posts/fact-check-post-says-there-are-9-states-where-bide/
Instagram posts,"July 21, 2024",“The state of Washington has already sent out their ballots” for the 2024 presidential election.,false,post on Instagram,Elections,Madison Czopek,"July 23, 2024",https://www.politifact.com/factchecks/2024/jul/23/instagram-posts/no-the-state-of-washingtons-2024-presidential-elec/
Threads posts,"July 21, 2024","Kamala Harris “returned” a $5,000 donation Donald Trump made to her campaign in 2011.",false,post,Elections; Facebook Fact-checks,Sara Swann,"July 22, 2024",https://www.politifact.com/factchecks/2024/jul/22/threads-posts/donald-trump-once-donated-to-kamala-harris-campaig/
Instagram posts,"July 21, 2024",Kamala Harris “is not eligible to hold the office of president” because her parents were non-citizens.,pants-fire,Instagram post,National; Elections; Facebook Fact-checks,Jeff Cercone,"July 22, 2024",https://www.politifact.com/factchecks/2024/jul/22/instagram-posts/birtherism-is-back-but-kamala-harris-born-in-calif/
Donald Trump Jr.,"July 17, 2024","After being shot at a Milwaukee rally in 1912, former President Teddy Roosevelt “finished his speech and he kept fighting.”",mostly-true,Speech,National; Elections; Crime; Guns; Wisconsin,Madeline Heim,"July 18, 2024",https://www.politifact.com/factchecks/2024/jul/18/donald-trump-jr/trump-jr-mostly-right-on-story-about-teddy-rooseve/
Kamala Harris,"July 17, 2024","""Unlike Mike Pence, (JD) Vance said he would have carried out Trump's plan to overturn the 2020 election.""",mostly-true,campaign video,National; Congress; Elections; Legal Issues; Pennsylvania,Amy Sherman,"July 18, 2024",https://www.politifact.com/factchecks/2024/jul/18/kamala-harris/fact-checking-kamala-harris-claim-that-jd-vance-sa/
Jon Stewart,"July 16, 2024","Milwaukee's Marcus Performing Arts Center – where 'The Daily Show' had been scheduled – “was originally located in the ‘soft perimeter,’ they called it, security-wise” but “was shifted, understandably so, to the ‘hard perimeter.’”",false,TV appearance,National; Elections; Pop Culture; Wisconsin,Madeline Heim,"July 17, 2024",https://www.politifact.com/factchecks/2024/jul/17/jon-stewart/no-the-venue-that-was-supposed-to-host-the-daily-s/
Kari Lake,"July 16, 2024","“Just last week, Ruben Gallego voted to let the millions of people who poured into our country illegally cast a ballot in this upcoming election.”",false,a speech at RNC,Immigration; National; Elections; Crime; Arizona; 2024 Senate Elections,Amy Sherman,"July 17, 2024",https://www.politifact.com/factchecks/2024/jul/17/kari-lake/rnc-night-2-kari-lakes-false-claim-that-gallego-vo/
Threads posts,"July 14, 2024",Trump campaign rally gunman Thomas Matthew Crooks was “arrested more than once.”,false,post on Threads,Criminal Justice; Elections; Crime; Facebook Fact-checks,Ranjan Jindal,"July 16, 2024",https://www.politifact.com/factchecks/2024/jul/16/threads-posts/claim-that-thomas-matthew-crooks-was-arrested-more/
Instagram posts,"July 14, 2024","A Secret Service agent named Jonathan Willis said he “had the assassin in his sights for 3 minutes, but he was told not to engage by the head of the (Secret Service) unit.”",false,Instagram post,Elections; Facebook Fact-checks,Madison Czopek,"July 15, 2024",https://www.politifact.com/factchecks/2024/jul/15/instagram-posts/anonymous-4chan-post-isnt-first-hand-secret-servic/
Joe Biden,"July 13, 2024",“The idea that there’s political violence or violence in America like this is just unheard of.”,false,statement to the media,National; Elections; Crime; Guns,Louis Jacobson,"July 15, 2024",https://www.politifact.com/factchecks/2024/jul/15/joe-biden/is-political-violence-unheard-of-the-long-history/
Joe Biden,"May 16, 2024","""The Trump administration handed out taxpayer dollars to a foreign company. Hundreds of homes and farms were bulldozed, and over $500 million in taxpayer dollars were wasted preparing for Foxconn.""",half-true,News release,National; Corporations; Economy; Elections; Taxes; Wisconsin,D.L. Davis,"July 13, 2024",https://www.politifact.com/factchecks/2024/jul/13/joe-biden/biden-campaign-hits-and-misses-with-trump-and-foxc/
Joe Biden,"July 9, 2024","In 2020, “only nine NATO allies were spending 2%” of their GDP on defense. “This year, 23 will spend at least 2%.”",mostly-true,speech,Elections; Foreign Policy; Military,Madison Czopek,"July 12, 2024",https://www.politifact.com/factchecks/2024/jul/12/joe-biden/joe-bidens-mostly-true-claim-about-growth-of-nato/
X posts,"July 8, 2024",“Deadlines have passed in … Wisconsin” to replace President Joe Biden on the ballot.,false,"X, formerly Twitter",National; Elections; Legal Issues; Wisconsin,Hope Karnopp,"July 11, 2024",https://www.politifact.com/factchecks/2024/jul/11/tweets/deadline-has-not-passed-in-wisconsin-to-replace-bi/
Tim Sheehy,"June 8, 2024","“Elective abortions up to and including the moment of birth. Healthy, 9-month-year-old baby killed at the moment of birth. That’s what Jon Tester and the Democrats have voted for.”",false,a U.S. Senate candidate debate,Abortion; Public Health; Health Check; 2024 Senate Elections,Matt Volz,"July 10, 2024",https://www.politifact.com/factchecks/2024/jul/10/tim-sheehy/gops-tim-sheehy-revives-discredited-abortion-claim/
Threads posts,"July 3, 2024",CNN reported July 3 that “Joe has decided to drop out of the 2024 Presidential race and will be replaced by Hunter Biden.”,false,post on Threads,Elections; Facebook Fact-checks,Madison Czopek,"July 9, 2024",https://www.politifact.com/factchecks/2024/jul/09/threads-posts/no-a-july-3-cnn-report-did-not-say-joe-biden-dropp/
Tom Cotton,"June 16, 2024","“The weapons that Ukraine used in the early days of this war to fend off the Russian invasion are the weapons that Donald Trump sent, that Barack Obama and Joe Biden had refused to send.”",half-true,interview on CNN's State of the Union,National; Elections; Ukraine,Amy Sherman,"July 2, 2024",https://www.politifact.com/factchecks/2024/jul/02/tom-cotton/what-sen-tom-cotton-omits-in-claim-about-weapons-s/
David Crowley,"May 16, 2024",“Under (the Biden) administration we have witnessed the fastest growth of Black-owned small businesses in more than 30 years.”,true,Public appearance,National; Elections; Race and Ethnicity; Small Business; Wisconsin,Vanessa Swales,"June 28, 2024",https://www.politifact.com/factchecks/2024/jun/28/david-crowley/was-the-fastest-growth-of-black-owned-small-busine/
TikTok posts,"June 28, 2024","CNN's David Chalian referred to Michelle Obama as ""Big Mike"" on air during presidential debate coverage.",false,video,National; Debates; Elections,Mia Penner,"June 28, 2024",https://www.politifact.com/factchecks/2024/jun/28/tiktok-posts/no-cnns-david-chalian-didnt-call-michelle-obama-bi/
X posts,"June 27, 2024","“CNN will implement a 1-2 minute delay for tonight’s presidential debate instead of the standard 7-second delay, potentially allowing time to edit parts of the broadcast.”",false,X post,National; Elections,Jeff Cercone,"June 28, 2024",https://www.politifact.com/factchecks/2024/jun/28/tweets/cnn-knocks-down-rumor-of-longer-tv-delay-at-biden/
Pennsylvania Values PAC,"June 21, 2024",Former President Donald Trump is “against mail in voting.”,half-true,ad,National; Elections; Pennsylvania,Mia Penner,"June 26, 2024",https://www.politifact.com/factchecks/2024/jun/26/pennsylvania-values-pac/liberal-groups-ad-says-trump-is-against-mail-in-vo/
Donald Trump,"June 18, 2024",Says he “saved Kenosha” and the “governor wouldn’t move” on sending the National Guard.,pants-fire,Public appearance,National; Elections; Families; Legal Issues; Wisconsin,Hope Karnopp,"June 21, 2024",https://www.politifact.com/factchecks/2024/jun/21/donald-trump/at-racine-rally-trump-again-claims-he-saved-kenosh/
Threads posts,"June 8, 2024",“Trump can’t be on the Texas ballot because of our state constitution.”,false,Threads post,National; Elections; Legal Issues; Texas,Amy Sherman,"June 14, 2024",https://www.politifact.com/factchecks/2024/jun/14/threads-posts/the-false-claim-that-trumps-felony-conviction-bars/
Donald Trump,"May 31, 2024","“Congo, Africa, just released a lot of people, a lot of people from their prisons and jails and brought them into the United States of America.”",pants-fire,remarks to reporters,Immigration; National; Elections,Maria Ramirez Uribe,"June 12, 2024",https://www.politifact.com/factchecks/2024/jun/12/donald-trump/no-evidence-for-donald-trumps-claim-that-congo-is/
Donald Trump,"May 29, 2024","Joe Biden “is letting millions of people from jails, from prisons, from insane asylums, from mental institutions, drug dealers pour in.”",pants-fire,comments to reporters,Immigration; National; Elections; Crime,Maria Ramirez Uribe,"June 6, 2024",https://www.politifact.com/factchecks/2024/jun/06/donald-trump/fact-check-trumps-ridiculous-claim-that-millions-o/
Joe Biden,"June 4, 2024","“Due to the arrangements that I've reached with (Mexico) President Obrador, the number of migrants coming … to our shared border unlawfully in recent months has dropped dramatically.”",mostly-true,speech,Immigration; National; Elections; Foreign Policy,Samantha Putterman,"June 5, 2024",https://www.politifact.com/factchecks/2024/jun/05/joe-biden/us-mexico-border-crossings-are-down-as-joe-biden-s/
Ron Johnson,"May 19, 2024","Says in his three election campaigns, the early polls were ""wildly incorrect, all three times.""",mostly-true,TV interview,Elections; Polls and Public Opinion; Wisconsin,Hope Karnopp,"June 5, 2024",https://www.politifact.com/factchecks/2024/jun/05/ron-johnson/ron-johnson-said-people-shouldnt-trust-early-polli/
Donald Trump,"June 2, 2024","Speaking about Hillary Clinton: “I didn’t say, ‘Lock her up.’ ”",pants-fire,interview with Fox,National; Elections; Crime,Amy Sherman,"June 3, 2024",https://www.politifact.com/factchecks/2024/jun/03/donald-trump/fact-check-trump-falsely-said-he-didnt-say-lock-he/
Social Media,"May 30, 2024","Under federal law, former President Donald Trump’s “felony convictions mean he can no longer possess guns.”",true,post,Elections; Guns; New York,Sara Swann,"May 31, 2024",https://www.politifact.com/factchecks/2024/may/31/social-media/does-trumps-felony-conviction-bar-him-from-owning/
Jason Pizzo,"May 30, 2024",“Trump can’t vote for himself in the November election.”,mostly-false,post on X,National; Elections; Florida; New York,Maria Ramirez Uribe,"May 31, 2024",https://www.politifact.com/factchecks/2024/may/31/jason-pizzo/donald-trump-is-likely-able-to-vote-in-november-de/
Instagram posts,"May 27, 2024",Joe Biden told West Point graduates that “he is not planning to accept the results of the 2024 election” and he wants them to “stand back and stand by” to ensure Donald J. Trump doesn’t win.,false,Instagram post,Elections,Sofia Ahmed,"May 30, 2024",https://www.politifact.com/factchecks/2024/may/30/instagram-posts/no-biden-didnt-tell-west-point-graduates-he-wont-a/
Instagram posts,"May 25, 2024","Noncitizens in Washington, D.C., “can vote in federal elections.”",false,photo,Elections; Facebook Fact-checks,Kwasi Gyamfi Asiedu,"May 30, 2024",https://www.politifact.com/factchecks/2024/may/30/instagram-posts/noncitizens-can-vote-in-washington-dc-local-electi/
Instagram posts,"May 12, 2024","Bird flu in the U.S. is a ""scamdemic"" timed to coincide with the 2024 presidential elections “by design.”",false,Instagram post,Elections; Public Health; Science; Facebook Fact-checks,Jeff Cercone,"May 24, 2024",https://www.politifact.com/factchecks/2024/may/24/instagram-posts/bird-flu-outbreak-in-us-isnt-timed-for-november-el/
Donald Trump,"May 21, 2024",“Biden’s DOJ was authorized to use DEADLY FORCE” in Mar-a-Lago raid. Biden was “locked and loaded” and “ready to take me out.”,pants-fire,campaign email,National; Elections; Legal Issues,Jeff Cercone,"May 23, 2024",https://www.politifact.com/factchecks/2024/may/23/donald-trump/fact-checking-trumps-false-claim-about-fbi-deadly/
X posts,"May 6, 2024","Fired Milwaukee election leader “printed 64,000 ballots in a back room at City Hall in Milwaukee and had random employees fill them out,” giving Joe Biden the lead.",false,X post,National; Elections; Wisconsin,Jeff Cercone,"May 21, 2024",https://www.politifact.com/factchecks/2024/may/21/tweets/no-milwaukees-election-chief-did-not-print-64000-b/
Mike Johnson,"May 8, 2024",“The millions (of immigrants) that have been paroled can simply go to their local welfare office or the DMV and register to vote.”,false,press conference,Immigration; Elections,Maria Ramirez Uribe,"May 20, 2024",https://www.politifact.com/factchecks/2024/may/20/mike-johnson/mike-johnsons-false-claim-that-immigrants-paroled/
Facebook posts,"May 4, 2024",“Voter fraud investigations are being banned by Michigan lawmakers!”,false,post on Facebook,Elections; Michigan,Madison Czopek,"May 16, 2024",https://www.politifact.com/factchecks/2024/may/16/facebook-posts/proposed-changes-to-michigan-election-recounts-wou/
Donald Trump,"May 10, 2024",“Biden wants to immediately stop all aid to Israel.”,false,Truth Social post,National; Elections; Israel; Foreign Policy,Amy Sherman,"May 15, 2024",https://www.politifact.com/factchecks/2024/may/15/donald-trump/trump-said-biden-wants-to-immediately-stop-all-aid/
Donald Trump,"May 2, 2024","Robert F. Kennedy Jr. called voter ID “racist,” calls NRA a “terrorist organization” and supports affirmative action.",half-true,X post,National; Elections; Legal Issues; Race and Ethnicity; Guns,Amy Sherman,"May 14, 2024",https://www.politifact.com/factchecks/2024/may/14/donald-trump/fact-check-rfk-jrs-positions-on-voter-id-the-nra-a/
Facebook posts,"May 4, 2024","“There is no campaigning going on, none whatsoever.”",false,Facebook post,Elections; Facebook Fact-checks,Ciara O'Rourke,"May 13, 2024",https://www.politifact.com/factchecks/2024/may/13/facebook-posts/president-joe-biden-and-former-president-donald-tr/
Facebook posts,"April 19, 2024","Dollar Tree, Walgreens, Macy’s, Foot Locker, Gap, Burger King, Regal Cinemas and Kroger have had mass store closures during Joe Biden’s presidency.",half-true,Facebook post,Economy; Elections; Facebook Fact-checks,Sara Swann,"April 24, 2024",https://www.politifact.com/factchecks/2024/apr/24/facebook-posts/have-there-been-mass-store-closures-under-presiden/
Donald Trump,"April 16, 2024","“This trial that I have now, that’s a Biden trial.”",false,statement to the media,National; Elections; Legal Issues,Amy Sherman,"April 19, 2024",https://www.politifact.com/factchecks/2024/apr/19/donald-trump/trump-says-business-records-case-about-hush-money/
Facebook posts,"April 14, 2024",Document shows “Stormy Daniels exonerated Trump herself!”,false,Facebook post,Elections; Legal Issues; Facebook Fact-checks,Sara Swann,"April 17, 2024",https://www.politifact.com/factchecks/2024/apr/17/facebook-posts/no-stormy-daniels-didnt-exonerate-donald-trump/
Facebook posts,"April 11, 2024","“You’ve probably heard that Taylor Swift is endorsing Joe B.""",false,post,Elections; Facebook Fact-checks,Kwasi Gyamfi Asiedu,"April 16, 2024",https://www.politifact.com/factchecks/2024/apr/16/facebook-posts/youre-on-your-own-joe-taylor-swift-hasnt-endorsed/
Facebook posts,"April 6, 2024","“Nancy Pelosi busted, Speaker (Mike) Johnson just released it for everyone to see.”",false,Facebook post,Elections; Facebook Fact-checks,Sara Swann,"April 12, 2024",https://www.politifact.com/factchecks/2024/apr/12/facebook-posts/no-this-post-doesnt-reveal-any-wrongdoing-by-nancy/
Facebook posts,"April 2, 2024",A Social Security Administration database shows “how many people each of the 43 states are registering to vote who DO NOT HAVE IDs.”,false,Facebook posts,Elections; Social Security; Voter ID Laws,Madison Czopek,"April 11, 2024",https://www.politifact.com/factchecks/2024/apr/11/facebook-posts/social-security-administration-data-doesnt-show-nu/
Jonathan Becker,"February 16, 2024","After a 2022 law, “the vast majority of colleges in New York State do not have on-campus poll sites.”",mostly-true,letter to college presidents,Corrections and Updates; Elections; New York,David Scibilia,"April 8, 2024",https://www.politifact.com/factchecks/2024/apr/08/jonathan-becker/do-the-vast-majority-of-colleges-in-new-york-state/
TikTok posts,"March 19, 2024",Alina Habba said New York Supreme Court Justice Arthur Engoron took a “$10 million bribe from Joe Biden’s shell companies to convict Donald Trump.”,false,TikTok video,Elections; Legal Issues; Facebook Fact-checks,Sara Swann,"April 8, 2024",https://www.politifact.com/factchecks/2024/apr/08/tiktok-posts/no-alina-habba-didnt-accuse-new-york-judge-of-taki/
Robert F. Kennedy Jr.,"April 1, 2024","“President Biden is the first candidate in history, the first president in history, that has used the federal agencies to censor political speech ... to censor his opponent.""",false,interview on CNN,National; Elections; Legal Issues,Amy Sherman,"April 5, 2024",https://www.politifact.com/factchecks/2024/apr/05/robert-f-kennedy-jr/rfk-jr-described-biden-as-the-first-president-to-c/
Brian Schimming,"March 6, 2024","“We’ve had 12 elections in 24 years in Wisconsin that have been decided by less than 30,000 votes.”",true,Media call,Elections; Wisconsin,Vanessa Swales,"April 5, 2024",https://www.politifact.com/factchecks/2024/apr/05/brian-schimming/has-wisconsin-really-had-12-elections-since-2000-d/
Instagram posts,"April 1, 2024","Texas found that 95,000 noncitizens were registered to vote.",false,Instagram post,Immigration; Elections; Facebook Fact-checks; Texas,Sofia Ahmed,"April 4, 2024",https://www.politifact.com/factchecks/2024/apr/04/instagram-posts/five-years-later-texas-never-found-voter-registrat/
Derrick Van Orden,"April 1, 2024",You can vote in-person absentee at your clerk’s office on Monday before Election Day.,false,"X, formerly Twitter",Elections; Wisconsin,Hope Karnopp,"April 1, 2024",https://www.politifact.com/factchecks/2024/apr/01/derrick-van-orden/no-you-cannot-vote-in-person-absentee-the-day-befo/
Donald Trump,"April 1, 2024","In 2020, Trump “did much better” in the Wisconsin election than 2016, and “after the wrongdoing was found, people said, ‘Well, he actually did win.’”",pants-fire,Radio interview,Elections; Wisconsin,Hope Karnopp,"April 1, 2024",https://www.politifact.com/factchecks/2024/apr/01/donald-trump/ahead-of-first-2024-rally-in-wisconsin-trump-repea/
Facebook posts,"March 24, 2024",Donald Trump won Pennsylvania in the 2020 presidential election.,false,Facebook post,Elections; Facebook Fact-checks; Pennsylvania,Sofia Ahmed,"March 29, 2024",https://www.politifact.com/factchecks/2024/mar/29/facebook-posts/why-joe-biden-surpassing-donald-trumps-lead-in-202/
Sarah Godlewski,"March 3, 2024","“When it comes to how many votes (President) Joe Biden won, it was literally less than a few votes per ward.”",true,Public appearance,National; Elections; Wisconsin,Hope Karnopp,"March 28, 2024",https://www.politifact.com/factchecks/2024/mar/28/sarah-godlewski/did-the-2020-presidential-election-in-wisconsin-re/
Nicole Shanahan,"March 26, 2024","If elected, “I will be the youngest vice president in American history.”",false,her vice presidential announcement speech,Elections; History,Louis Jacobson,"March 26, 2024",https://www.politifact.com/factchecks/2024/mar/26/nicole-shanahan/no-nicole-shanahan-wouldnt-be-the-youngest-vice-pr/
Ronna McDaniel,"March 24, 2024","Montana Democrats are ""suing to say, ‘You should be allowed to be registered to vote in two states.'”",mostly-false,"interview on NBC's ""Meet the Press""",Elections; Legal Issues,Louis Jacobson,"March 25, 2024",https://www.politifact.com/factchecks/2024/mar/25/ronna-mcdaniel/ex-rnc-chair-ronna-mcdaniel-misleads-nbc/
Facebook posts,"March 16, 2024",The Las Vegas Sphere displayed a derogatory message directed at former President Donald Trump.,false,Facebook post,Nevada; Elections; Facebook Fact-checks,Sara Swann,"March 21, 2024",https://www.politifact.com/factchecks/2024/mar/21/facebook-posts/las-vegas-sphere-photo-showing-anti-trump-message/
Facebook posts,"March 9, 2024",Valid IDs are not required for voting.,mostly-false,Facebook post,Elections; Voter ID Laws; Facebook Fact-checks,Sara Swann,"March 20, 2024",https://www.politifact.com/factchecks/2024/mar/20/facebook-posts/no-id-required-to-vote-thats-not-the-case-for-most/
Instagram posts,"March 8, 2024",The 2020 election was the only time in American history that an election took more than 24 hours to count.,false,Instagram post,Elections; Facebook Fact-checks,Sofia Ahmed,"March 14, 2024",https://www.politifact.com/factchecks/2024/mar/14/instagram-posts/it-takes-longer-than-24-hours-to-count-votes/
Katie Britt,"March 7, 2024",President Joe Biden “bans TikTok for government employees but creates an account for his own campaign.”,mostly-true,Republican response to the State of the Union address,National; Elections,Loreben Tuquero,"March 8, 2024",https://www.politifact.com/factchecks/2024/mar/08/katie-britt/did-biden-ban-tiktok-for-federal-workers-but-start/
Katie Porter,"March 7, 2024",Billionaires “rigged” the California Senate primary election through “dishonest means.”,false,post on X,Campaign Finance; Elections; California,Madison Czopek,"March 7, 2024",https://www.politifact.com/factchecks/2024/mar/07/katie-porter/fact-checking-rep-katie-porters-claims-that-billio/
Donald Trump,"March 2, 2024",“Eighty-two percent of the country understands that (the 2020 election) was a rigged election.”,false,speech,Elections; Polls and Public Opinion; North Carolina,Paul Specht,"March 7, 2024",https://www.politifact.com/factchecks/2024/mar/07/donald-trump/trump-says-82-says-americans-think-2020-election-w/
Elon Musk,"February 26, 2024",Democrats don’t deport undocumented migrants “because every illegal is a highly likely vote at some point.”,false,X post,Immigration; National; Elections,Maria Ramirez Uribe,"March 6, 2024",https://www.politifact.com/factchecks/2024/mar/06/elon-musk/fact-check-elon-musks-claim-that-democrats-are-avo/
Voto Latino .,"February 29, 2024","""There are less than two weeks until the deadline to register to vote in Wisconsin.""",mostly-false,Social media ads,Elections; States; Wisconsin,Hope Karnopp,"March 5, 2024",https://www.politifact.com/factchecks/2024/mar/05/voto-latino/deadline-to-register-to-vote-in-wisconsin-isnt-les/
Instagram posts,"January 17, 2024",Michael Moore is supporting Trump in the 2024 election.,false,Instagram post,Elections; Pop Culture,Sofia Ahmed,"March 4, 2024",https://www.politifact.com/factchecks/2024/mar/04/instagram-posts/no-michael-moore-is-not-supporting-trumps-2024-can/
Sean Hannity,"February 29, 2024","In New York City “local elections, illegal immigrants can vote.”",false,"segment of ""Hannity"" on Fox News",Immigration; Elections; PunditFact,Madison Czopek,"March 1, 2024",https://www.politifact.com/factchecks/2024/mar/01/sean-hannity/sean-hannity-is-wrong-illegal-immigrants-cannot-vo/
Instagram posts,"February 28, 2024","Fifty percent of the votes to Joe Biden in Michigan’s presidential primary election were mail-in, unverified, no signature, no ID.",false,Instagram post,Elections; Facebook Fact-checks; Michigan,Sofia Ahmed,"February 29, 2024",https://www.politifact.com/factchecks/2024/feb/29/instagram-posts/no-50-of-bidens-michigan-vote-was-not-unverified-m/
Deborah Ross,"January 25, 2024",“North Carolina has the longest voting period in the country … and we have the most ways of voting.”,half-true,press conference,Elections; North Carolina,Paul Specht,"February 28, 2024",https://www.politifact.com/factchecks/2024/feb/28/deborah-ross/which-state-has-the-longest-voting-period-in-the-n/
Sean Parnell,"February 19, 2024",Nevada database glitch showing voters cast ballots when they didn’t is evidence that voting by mail is “the largest source of potential voter fraud.”,false,Instagram post,National; Nevada; Corrections and Updates; Elections,Amy Sherman,"February 23, 2024",https://www.politifact.com/factchecks/2024/feb/23/sean-parnell/a-nevada-glitch-does-not-equal-mail-ballot-fraud/
Heartland Signal,"February 20, 2024","Says Republican U.S. Senate candidate Eric Hovde claims he ""understands the tragedy of children being trafficked through Central America because he owns three homes there.""",mostly-false,"X, formerly Twitter",Children; Elections; Wisconsin,Madeline Heim,"February 22, 2024",https://www.politifact.com/factchecks/2024/feb/22/heartland-signal/yes-gop-senate-candidate-eric-hovde-owns-homes-in/
Instagram posts,"February 11, 2024",Dwayne “The Rock” Johnson was booed in Las Vegas because he’s a Joe Biden supporter.,false,video,Elections; Facebook Fact-checks,Kwasi Gyamfi Asiedu,"February 22, 2024",https://www.politifact.com/factchecks/2024/feb/22/instagram-posts/the-rock-was-booed-for-upcoming-wrestling-villain/
Facebook posts,"February 15, 2024",Joe Biden or Donald Trump dropped out of the 2024 presidential race as of Feb 15.,false,Facebook post,Elections; Facebook Fact-checks,Madison Czopek,"February 16, 2024",https://www.politifact.com/factchecks/2024/feb/16/facebook-posts/neither-joe-biden-nor-donald-trump-have-dropped-ou/
Instagram posts,"February 12, 2024",Joe Biden’s tweet is proof that a helicopter crash that killed six Nigerian billionaires was planned by Biden.,pants-fire,Instagram posts,Economy; Elections; Facebook Fact-checks,Sofia Ahmed,"February 16, 2024",https://www.politifact.com/factchecks/2024/feb/16/instagram-posts/weather-conditions-not-joe-biden-linked-to-helicop/
Donald Trump,"February 8, 2024",“I cooperated far more” than Joe Biden in the classified documents investigations.,pants-fire,statement to the media,National; Elections; Legal Issues; Crime,Amy Sherman,"February 9, 2024",https://www.politifact.com/factchecks/2024/feb/09/donald-trump/trump-says-he-cooperated-far-more-than-biden-in-cl/
Instagram posts,"February 5, 2024","Taylor Swift was photographed holding a “Trump won, Democrats cheated!” flag at the Grammy Awards.",pants-fire,Instagram post,Elections; Pop Culture,Sofia Ahmed,"February 7, 2024",https://www.politifact.com/factchecks/2024/feb/07/instagram-posts/taylor-swift-was-not-holding-a-trump-won-flag-at-t/
Elon Musk,"February 2, 2024",Biden’s strategy is to “get as many illegals in the country as possible” and “legalize them to create a permanent majority.”,false,X post,Immigration; National; Elections,Amy Sherman,"February 6, 2024",https://www.politifact.com/factchecks/2024/feb/06/elon-musk/elon-musk-is-wrong-to-say-joe-biden-is-recruiting/
Instagram posts,"January 26, 2024","""Last time Democrats removed a Republican from the ballot” was Abraham Lincoln in 1860.",false,Instagram post,Elections; History; Facebook Fact-checks,Jeff Cercone,"February 6, 2024",https://www.politifact.com/factchecks/2024/feb/06/instagram-posts/abraham-lincoln-wasnt-removed-from-1860-ballots-co/
Donald Trump,"February 5, 2024","In Oklahoma, ""I won 77 out of 77 counties. Ronald Reagan is second with 56.""",mostly-false,appearance on Dan Bongino's show,Elections,Louis Jacobson,"February 6, 2024",https://www.politifact.com/factchecks/2024/feb/06/donald-trump/donald-trump-was-not-the-first-gop-presidential-no/
Nikki Haley,"January 31, 2024","If Texas says, “‘We don’t want to be part of America anymore’ … that’s their decision to make.”",false,radio interview,Elections; History; Texas,Sara Swann,"February 5, 2024",https://www.politifact.com/factchecks/2024/feb/05/nikki-haley/nikki-haley-said-texas-could-secede-from-the-us-he/
Instagram posts,"January 31, 2024","Taylor Swift was photographed holding a “Trump won, Democrats cheated!” flag.",pants-fire,Instagram posts,Elections; Pop Culture; Facebook Fact-checks,Sofia Ahmed,"February 2, 2024",https://www.politifact.com/factchecks/2024/feb/02/instagram-posts/altered-photo-shows-taylor-swift-holding-a-trump-w/
Donald Trump,"January 23, 2024",Democrats “used COVID to cheat” in the 2020 election.,pants-fire,speech,National; Elections; Coronavirus,Amy Sherman,"January 30, 2024",https://www.politifact.com/factchecks/2024/jan/30/donald-trump/states-made-voting-by-mail-easier-amid-covid-19-in/
X posts,"January 24, 2024",“Rep. Dean Phillips received almost twice as many votes as Biden did in the New Hampshire primary.”,pants-fire,a post,New Hampshire; Elections,Grace Abels,"January 26, 2024",https://www.politifact.com/factchecks/2024/jan/26/tweets/dean-phillips-didnt-win-the-nh-primary-he-said-so/
Cindi Duchow,"November 9, 2023","""Unfortunately during COVID, the clerks in Madison and Milwaukee told their constituents that they were actually indefinitely confined and did not have to come and vote, which was incorrect.""",mostly-true,Wisconsin Assembly,Elections; States; Voter ID Laws; Wisconsin,D.L. Davis,"January 26, 2024",https://www.politifact.com/factchecks/2024/jan/26/cindi-duchow/wisconsin-clerks-guidance-to-voters-on-absentee-vo/
Robocaller,"January 21, 2024",Says President Joe Biden said that Democrats should not vote in the New Hampshire primary.,pants-fire,robocall,National; Elections; Artificial intelligence,Amy Sherman,"January 22, 2024",https://www.politifact.com/factchecks/2024/jan/22/robocaller/fake-joe-biden-robocall-in-new-hampshire-tells-dem/
Instagram posts,"December 18, 2023","“Illegal immigrants now have the right to vote in New York.""",false,Instagram post,Immigration; Elections; Facebook Fact-checks,Madison Czopek,"January 19, 2024",https://www.politifact.com/factchecks/2024/jan/19/instagram-posts/do-illegal-immigrants-now-have-the-right-to-vote-i/
Donald Trump,"January 15, 2024",“This is the third time we’ve won but this is the biggest win” in Iowa caucus.,false,speech after the Iowa caucus,National; Elections,Amy Sherman,"January 16, 2024",https://www.politifact.com/factchecks/2024/jan/16/donald-trump/trump-said-he-won-the-iowa-caucus-three-times-wron/
Donald Trump,"January 5, 2024",“That’s why they are allowing these people to come in — people that don’t speak our language — they are signing them up to vote.”,pants-fire,speech,Immigration; National; Elections,Amy Sherman,"January 12, 2024",https://www.politifact.com/factchecks/2024/jan/12/donald-trump/trumps-claim-that-millions-of-immigrants-are-signi/
Joe Biden,"January 8, 2024",“The racial wealth gap is the smallest it’s been in 20 years.”,half-true,speech,Economy; Elections; Race and Ethnicity,Sara Swann,"January 12, 2024",https://www.politifact.com/factchecks/2024/jan/12/joe-biden/what-president-joe-biden-got-right-and-what-he-mis/
Nikki Haley,"January 5, 2024","“We’ve had 8 million” immigrants come to the U.S. illegally under Biden “and they only sent back 142,000.”",mostly-false,Iowa PBS interview,Immigration; Border Security; Elections,Maria Ramirez Uribe,"January 11, 2024",https://www.politifact.com/factchecks/2024/jan/11/nikki-haley/the-missing-facts-from-nikki-haleys-claim-about-bo/
Ron DeSantis,"January 10, 2024",“Biden’s let in 8 million people just in four years.”,mostly-false,debate,Immigration; Border Security; Elections,Marta Campabadal Graus,"January 11, 2024",https://www.politifact.com/factchecks/2024/jan/11/ron-desantis/debate-fact-check-ron-desantis-misleading-claim-th/
Facebook posts,"January 5, 2024",Nikki Haley is ineligible to be president or vice president.,pants-fire,Facebook post,National; Constitutional Amendments; Elections; Facebook Fact-checks,Jeff Cercone,"January 10, 2024",https://www.politifact.com/factchecks/2024/jan/10/facebook-posts/birther-claims-are-back-and-still-wrong-nikki-hale/
Donald Trump,"January 3, 2024",Nikki Haley “opposed Trump’s border wall” and “Trump’s travel ban.”,false,TV ad,Immigration; Border Security; Elections,Maria Briceño,"January 5, 2024",https://www.politifact.com/factchecks/2024/jan/05/donald-trump/donald-trump-ad-wrongly-describes-nikki-haleys-pos/
Donald Trump,"January 2, 2024","""In actuality, there is no evidence Joe Biden won” the 2020 election, citing a report’s allegations from five battleground states.",pants-fire,Truth Social post,Georgia; Elections; Pennsylvania; Arizona; Wisconsin; Michigan,Amy Sherman,"January 5, 2024",https://www.politifact.com/factchecks/2024/jan/05/donald-trump/trumps-new-evidence-that-biden-lost-in-2020-is-rid/
TikTok posts,"December 15, 2023","“Almost a million people, mostly Democrats, have been kicked off the voter roll here in Florida” because of efforts to place a proposed amendment on abortion access on the state’s 2024 ballot.",mostly-false,TikTok,Abortion; Elections; Florida,Amy Sherman,"January 5, 2024",https://www.politifact.com/factchecks/2024/jan/05/tiktok-posts/tiktok-video-falsely-links-removal-of-florida-vote/
Ron DeSantis,"January 2, 2024","Donald Trump “deported less, believe it or not, than Barack Obama even did.""",true,town hall,Immigration; Border Security; Elections; Florida,Maria Ramirez Uribe,"January 4, 2024",https://www.politifact.com/factchecks/2024/jan/04/ron-desantis/ron-desantis-is-right-barack-obama-deported-more-p/
Donald Trump,"December 16, 2023",“They want to make our Army tanks all electric.”,false,rally,New Hampshire; Elections; Military,Amy Sherman,"December 21, 2023",https://www.politifact.com/factchecks/2023/dec/21/donald-trump/trump-said-the-biden-administration-wants-to-make/
Nikki Haley,"December 14, 2023","“We’ve had more Americans die of fentanyl than the Iraq, Afghanistan, and Vietnam wars, combined.”",true,town hall,New Hampshire; Drugs; Elections; Military,Grace Abels,"December 19, 2023",https://www.politifact.com/factchecks/2023/dec/19/nikki-haley/haley-is-correct-that-fentanyl-deaths-top-casualti/
James Woods,"December 10, 2023",Joe Biden’s net worth was $41 million in 2022.,false,X post,Elections; Income; Public Service; Transparency; Wealth,Kwasi Gyamfi Asiedu,"December 19, 2023",https://www.politifact.com/factchecks/2023/dec/19/james-woods/bidens-net-worth-is-around-10-million-not-41-milli/
Donald Trump,"December 4, 2023",The Lincoln Project is “using A.I. (Artificial Intelligence)” in its “television commercials.”,false,Truth Social post,National; Elections,Loreben Tuquero,"December 19, 2023",https://www.politifact.com/factchecks/2023/dec/19/donald-trump/donald-trump-claimed-the-lincoln-project-used-ai-t/
Chris Christie,"December 13, 2023","Under the Trump administration's trade deal, “China's only fulfilled one-third of the promises of agricultural products that they were supposed to buy from our farmers.”",half-true,town hall,Agriculture; New Hampshire; China; Elections; Trade,Grace Abels,"December 19, 2023",https://www.politifact.com/factchecks/2023/dec/19/chris-christie/christies-claim-on-trumps-china-trade-deal-is-on-t/
Ron DeSantis,"December 6, 2023","Discussing gender-affirming surgical care for minors, said that Sweden “shut it down.”",half-true,fourth Republican presidential primary debate,Elections; LGBTQ,Grace Abels,"December 18, 2023",https://www.politifact.com/factchecks/2023/dec/18/ron-desantis/why-ron-desantis-claim-that-sweden-shut-down-gende/
Asa Hutchinson,"December 11, 2023",China is allowed to do crypto mining in the U.S.,mostly-true,comments at Stand with Crypto Alliance at St. Anselm College,China; Elections; Homeland Security; Government Regulation; Technology,Rebecca Catalanello,"December 15, 2023",https://www.politifact.com/factchecks/2023/dec/15/asa-hutchinson/asa-hutchinsons-mostly-true-claim-that-china-is-al/
Donald Trump,"December 13, 2023","“Gasoline prices are now $5, $6, $7 and even $8 a gallon.”",mostly-false,rally,Elections; Energy; Gas Prices,Louis Jacobson,"December 15, 2023",https://www.politifact.com/factchecks/2023/dec/15/donald-trump/are-gasoline-prices-under-joe-biden-ranging/
Ron Johnson,"December 11, 2023","Democrats have also used alternate slates of electors ""repeatedly in all kinds of different states.""",false,TV interview,Elections; States; Wisconsin,Ricardo Torres,"December 15, 2023",https://www.politifact.com/factchecks/2023/dec/15/ron-johnson/johnsons-claim-dems-used-alternative-slates-of-ele/
Ron DeSantis,"December 12, 2023",Florida “had a year-over-year reduction” in overdose deaths.,mostly-true,CNN town hall,National; Drugs; Elections; Florida,Amy Sherman,"December 14, 2023",https://www.politifact.com/factchecks/2023/dec/14/ron-desantis/desantis-said-florida-overdose-deaths-declined-yea/
Vivek Ramaswamy,"December 6, 2023",“The great replacement theory is not some grand right-wing conspiracy theory. But a basic statement of the Democratic Party's platform.”,pants-fire,debate,Immigration; Elections; Race and Ethnicity,Maria Ramirez Uribe,"December 13, 2023",https://www.politifact.com/factchecks/2023/dec/13/vivek-ramaswamy/ramaswamys-pants-on-fire-claim-that-the-democratic/
Instagram posts,"December 12, 2023","As of Dec. 12, 2023, Geert Wilders was the “new prime minister of the Netherlands.”",false,video,Elections; Facebook Fact-checks,Kwasi Gyamfi Asiedu,"December 13, 2023",https://www.politifact.com/factchecks/2023/dec/13/instagram-posts/as-of-dec-12-geert-wilders-was-not-the-new-dutch-p/
Fight Right Inc.,"December 6, 2023",Nikki Haley “raised taxes.”,mostly-false,TV ad,National; Elections; Taxes,Amy Sherman,"December 13, 2023",https://www.politifact.com/factchecks/2023/dec/13/fight-right-inc/campaign-ad-from-desantis-pac-says-nikki-haley-rai/
Ron DeSantis,"November 30, 2023","“Your minor child can go to California without your knowledge or without your consent, and get hormone therapy, puberty blockers and a sex change operation.”",mostly-false,"Fox News' “The Great Red vs. Blue State Debate.""",Children; Elections; Legal Issues; LGBTQ; California,Grace Abels,"December 11, 2023",https://www.politifact.com/factchecks/2023/dec/11/ron-desantis/desantiss-claim-that-trans-kids-can-flee-to-ca-and/
Ron Johnson,"November 10, 2023","""In order to be a poll worker on the conservative side, you have to register through the Republican Party of Wisconsin.""",mostly-true,"X, formerly Twitter",Elections; States; Wisconsin,Hope Karnopp,"December 4, 2023",https://www.politifact.com/factchecks/2023/dec/04/ron-johnson/johnsons-line-on-how-to-register-to-be-a-poll-work/
Bryan Steil,"September 28, 2023","“Washington, D.C., allows noncitizens to vote in (municipal elections)"" so a Russian citizen, after living in Washington for 30 days can ""vote for mayor in Washington, D.C. And they don’t even need to show their ID to do it.”",mostly-true,Public appearance,National; Elections; Voter ID Laws; Wisconsin,Ricardo Torres,"December 4, 2023",https://www.politifact.com/factchecks/2023/dec/04/bryan-steil/wisconsin-lawmakers-claim-on-immigrants-voting-in/
Fight Right Inc.,"November 23, 2023",Clips of Nikki Haley speaking about Hillary Clinton show Haley supports Clinton and is “not who she says she is.”,false,ad,National; Elections; Ad Watch,Maria Ramirez Uribe,"November 29, 2023",https://www.politifact.com/factchecks/2023/nov/29/fight-right-inc/adwatch-desantis-super-pac-ad-misleadingly-edits-n/
Facebook posts,"November 21, 2023","""Trump has selected his pick for running mate (and the) news stuns Republican Party.”",false,video,National; Elections; Facebook Fact-checks,Kwasi Gyamfi Asiedu,"November 28, 2023",https://www.politifact.com/factchecks/2023/nov/28/facebook-posts/donald-trump-has-not-announced-his-2024-vice-presi/
DeSantis Watch,"November 8, 2023",Ron DeSantis “wants to cut Social Security and Medicare.”,mostly-false,Spanish-language radio ad,National; Elections; Medicare; Social Security; Florida,Maria Briceño,"November 16, 2023",https://www.politifact.com/factchecks/2023/nov/16/desantis-watch/does-gov-ron-desantis-want-to-cut-social-security/
Instagram posts,"November 8, 2023","On Nov. 7, 2023, Pennsylvania voting machines were “flipping votes,” which is evidence of “election fraud.”",false,Instagram post,Elections; Facebook Fact-checks; Pennsylvania,Sara Swann,"November 11, 2023",https://www.politifact.com/factchecks/2023/nov/11/instagram-posts/pennsylvania-voting-machine-error-did-not-reveal-e/
"Wisconsin Election Committee, Inc .","November 1, 2023",Wisconsin elections administrator Meagan Wolfe “refuses to clean up our voter rolls”,pants-fire,TV ad,Elections; Wisconsin,Tyler Katzenberger,"November 8, 2023",https://www.politifact.com/factchecks/2023/nov/08/wisconsin-election-committee-inc/claim-that-wis-elections-official-meagan-wolfe-ref/
"Wisconsin Election Committee, Inc .","November 1, 2023",Wisconsin elections administrator Meagan Wolfe “allowed for the use of illegal drop boxes and ballot harvesting.”,false,TV ad,Elections; Wisconsin,Tyler Katzenberger,"November 8, 2023",https://www.politifact.com/factchecks/2023/nov/08/wisconsin-election-committee-inc/claim-that-wisconsin-official-meagan-wolfe-allowed/
"Wisconsin Election Committee, Inc .","November 1, 2023",Wisconsin elections administrator Meagan Wolfe “permitted the ‘Zuckerbucks’ influence money.”,pants-fire,TV ad,Elections; Wisconsin,Tyler Katzenberger,"November 8, 2023",https://www.politifact.com/factchecks/2023/nov/08/wisconsin-election-committee-inc/claim-that-wis-elections-official-meagan-wolfe-per/
Ron DeSantis,"October 24, 2023",“The Republicans and Trump funded $400 million in March of 2020 for mail ballots.”,half-true,town hall,National; New Hampshire; Elections; Florida; Coronavirus,Amy Sherman,"October 31, 2023",https://www.politifact.com/factchecks/2023/oct/31/ron-desantis/desantis-critique-of-trump-election-spending-omits/
Scott Walker,"May 30, 2023","“Wisconsin has historically … and I think largely continues to be, a blue state.”",mostly-false,Interview,Elections; States; Wisconsin,Laura Schulte,"October 31, 2023",https://www.politifact.com/factchecks/2023/oct/31/scott-walker/while-wisconsin-did-vote-for-biden-in-the-last-ele/
New York Citizens Audit,"August 25, 2023",A discrepancy in the number of ballots and voters in the 2022 general election in New York “appears to be a federal crime.”,false,report,Elections; New York,Jill Terreri Ramos,"October 29, 2023",https://www.politifact.com/factchecks/2023/oct/29/new-york-citizens-audit/no-difference-in-voter-roll-data-and-election-resu/
Melissa Agard,"October 17, 2023","“Since 1981, the state Senate has only rejected five executive appointments. The GOP today is more than doubling that number.”",true,Public appearance,Elections; Legal Issues; Wisconsin,Hope Karnopp,"October 25, 2023",https://www.politifact.com/factchecks/2023/oct/25/melissa-agard/agard-correct-that-gop-senate-more-than-doubled-fi/
Rebecca Cooke,"September 1, 2023","""Derrick Van Orden is one of the only members of Congress who participated in the deadly January 6th insurrection. He now serves in the building he tried to burn down.""",mostly-false,"X, formerly Twitter",National; Congress; Elections; Jan. 6; Wisconsin,D.L. Davis,"October 11, 2023",https://www.politifact.com/factchecks/2023/oct/11/rebecca-cooke/van-orden-seen-at-jan-6-rally-but-theres-scant-evi/
LaKeshia Myers,"June 6, 2023","During the spring 2020 election in Milwaukee, a reduction to only five polling locations “came days before the election and was done without proper notice to voters.”",mostly-true,News release,Elections; States; Wisconsin,D.L. Davis,"September 8, 2023",https://www.politifact.com/factchecks/2023/sep/08/lakeshia-myers/its-true-wis-voters-did-not-have-standard-notice-o/
Roy Cooper,"August 24, 2023",GOP-authored elections bill “requires valid votes to be tossed out … if a computer rejects a signature.”,false,veto statement,Elections; North Carolina,Paul Specht,"September 1, 2023",https://www.politifact.com/factchecks/2023/sep/01/roy-cooper/cooper-overstates-effect-of-north-carolina-electio/
Travis Tritt,"August 16, 2023","When elected Georgia governor in 2018, “Brian Kemp was over $7 million in debt.” Kemp “cut a deal” to select Dominion Voting Systems as Georgia’s voting machine vendor and “has never been in debt since.”",false,Truth Social post,Georgia; Elections; Facebook Fact-checks,Sara Swann,"August 31, 2023",https://www.politifact.com/factchecks/2023/aug/31/travis-tritt/why-travis-tritts-claim-about-georgia-gov-brian-ke/
Vivek Ramaswamy,"August 27, 2023","Vice President Mike Pence on Jan. 6, 2021, could have approved the 2020 electoral votes on the condition that Congress pass an overhaul of election law.",false,interview on Meet the Press,National; Congress; Elections; Jan. 6,Louis Jacobson,"August 29, 2023",https://www.politifact.com/factchecks/2023/aug/29/vivek-ramaswamy/vivek-ramaswamys-flawed-argument-about-vp-mike-pen/
Donald Trump,"August 15, 2023","Fulton County District Attorney Fani Willis “campaigned and raised money on, ‘I will get Trump.’”",false,Truth Social post,Georgia; National; Elections; Legal Issues; Crime,Amy Sherman,"August 18, 2023",https://www.politifact.com/factchecks/2023/aug/18/donald-trump/did-fulton-county-da-fani-willis-campaign-to-get-t/
The Gateway Pundit,"August 8, 2023",Police report shows “massive 2020 voter fraud uncovered in Michigan.”,false,article,Corrections and Updates; Elections; Facebook Fact-checks; Michigan,Sara Swann,"August 14, 2023",https://www.politifact.com/factchecks/2023/aug/14/gateway-pundit/suspected-voter-registration-irregularities-in-mic/
Charlie Kirk,"August 2, 2023",Douglass Mackey was convicted “because he made a meme in the 2016 election.”,mostly-false,video,Elections; Florida; Facebook Fact-checks; PunditFact,Madison Czopek,"August 9, 2023",https://www.politifact.com/factchecks/2023/aug/09/charlie-kirk/florida-mans-memes-were-part-of-2016-voter-suppres/
Donald Trump,"August 4, 2023",“They are trying to make it illegal to question the results of a bad election.”,false,speech,National; Elections; Legal Issues; Crime,Amy Sherman,"August 9, 2023",https://www.politifact.com/factchecks/2023/aug/09/donald-trump/trump-says-doj-is-trying-to-criminalize-asking-que/
Facebook posts,"June 19, 2023","Rep. Alexandria Ocasio-Cortez “faces 5 Years in Jail For FEC Crimes.""",false,video,National; Campaign Finance; Elections; Facebook Fact-checks,Gabrielle Settles,"June 23, 2023",https://www.politifact.com/factchecks/2023/jun/23/facebook-posts/rep-alexandria-ocasio-cortez-isnt-facing-jail-for/
Facebook posts,"June 20, 2023",A lawyer for former President Donald Trump released new proof of 2020 election fraud.,false,Facebook post,Elections; Facebook Fact-checks,Tom Kertscher,"June 22, 2023",https://www.politifact.com/factchecks/2023/jun/22/facebook-posts/new-evidence-of-fraud-in-biden-trump-election-no-t/
X posts,"May 20, 2023 in","A printer error in Nassau County, New York, turned every registered voter Democratic.",mostly-false,on social media,Elections; States; New York,Conor Amendola,"June 19, 2023",https://www.politifact.com/factchecks/2023/jun/19/tweets/did-a-printer-error-in-nassau-county-ny-turn-every/
TikTok posts,"June 1, 2023",Texas Attorney General Ken Paxton was “caught on tape saying he discarded 2.5 million mail-in ballots in Texas.”,false,TikTok,Elections; Texas,Sara Swann,"June 6, 2023",https://www.politifact.com/factchecks/2023/jun/06/tiktok-posts/impeached-texas-attorney-general-ken-paxton-didnt/
Facebook posts,"May 23, 2023",“Arizona BANS Electronic Voting Machines.”,false,Facebook post,National; Corrections and Updates; Elections; Arizona,Samantha Putterman,"May 31, 2023",https://www.politifact.com/factchecks/2023/may/31/facebook-posts/no-arizona-isnt-banning-electronic-voting-machines/
Facebook posts,"May 21, 2023","An Arizona judge was “forced to overturn” an election and ruled “274,000 ballots must be thrown out.”",false,post shared on Facebook,Elections; Facebook Fact-checks,Madison Czopek,"May 24, 2023",https://www.politifact.com/factchecks/2023/may/24/facebook-posts/social-media-users-shared-incorrect-prediction-abo/
Facebook posts,"May 2, 2023",“Texas Republicans just voted to give a Republican appointee the power to single-handedly CANCEL election results in the state’s largest Democratic county.”,mostly-true,Facebook post,Elections; Texas,Amy Sherman,"May 4, 2023",https://www.politifact.com/factchecks/2023/may/04/facebook-posts/texas-senate-oks-state-power-to-declare-do-over-el/
Donald Trump,"April 30, 2023","A Florida elections bill “guts everything” “instead of getting tough, and doing what the people want (same day voting, Voter ID, proof of Citizenship, paper ballots, hand count, etc.).”",false,Truth Social post,National; Elections; Florida,Amy Sherman,"May 3, 2023",https://www.politifact.com/factchecks/2023/may/03/donald-trump/in-attack-on-desantis-trump-distorts-florida-elect/
Paul Ryan,"February 23, 2023","""WOW county swing suburban voters (in Wisconsin) don't vote for Donald Trump.”",true,TV interview,National; Elections; Wisconsin,D.L. Davis,"April 18, 2023",https://www.politifact.com/factchecks/2023/apr/18/paul-ryan/yes-its-true-support-for-trump-in-wisconsins-wow-c/
Donald Trump,"April 4, 2023","Regarding Trump’s January 2021 telephone call with Georgia election officials, “nobody found anything wrong with that perfect call until a book promotion tour many months later.”",pants-fire,remarks at Mar-a-Lago,Georgia; National; Elections,Amy Sherman,"April 5, 2023",https://www.politifact.com/factchecks/2023/apr/05/donald-trump/trumps-pants-on-fire-comment-about-the-georgia-ele/
American Principles Project,"March 8, 2023","At a Wisconsin school, a 12-year-old girl ""was transitioned into a boy by school officials without parental consent,"" and Protasiewicz supports it.",pants-fire,Campaign ad,Elections; LGBTQ; Supreme Court; Wisconsin,Madeline Heim,"March 29, 2023",https://www.politifact.com/factchecks/2023/mar/29/american-principles-project/claim-linking-protasiewicz-school-policy-trans-stu/
Janet Protasiewicz,"March 9, 2023","As a sitting Supreme Court justice, Daniel Kelly recused himself from a case, then “he pocketed $20,000 in contributions” from the plaintiff and family members and “unrecused himself so he could judge the case.”",half-true,TV ad,Elections; Legal Issues; Supreme Court; Wisconsin,Laura Schulte,"March 24, 2023",https://www.politifact.com/factchecks/2023/mar/24/janet-protasiewicz/kelly-did-unrecuse-himself-voting-case-never-got-c/
Facebook posts,"February 21, 2023",A $2 million grant for Georgia’s DeKalb County amounts to a “private takeover of election offices.”,false,Facebook post,Georgia; National; Elections; Facebook Fact-checks,Amy Sherman,"March 15, 2023",https://www.politifact.com/factchecks/2023/mar/15/facebook-posts/grant-to-georgias-dekalb-county-doesnt-amount-to-a/
Erin Paré,"February 18, 2023",Wake County is the only large county in North Carolina that elects its commissioners at-large countywide.,mostly-true,tweet,Elections; North Carolina,Paul Specht,"March 10, 2023",https://www.politifact.com/factchecks/2023/mar/10/erin-pare/wakes-county-commissioner-races-stand-out-in-north/
Donald Trump,"February 28, 2023","The 2020 election could not have been fair because “Los Angeles County agreed, during litigation, that there were 1.2 million ineligible voters after the election.”",false,Truth Social post,National; Elections; California,Amy Sherman,"March 9, 2023",https://www.politifact.com/factchecks/2023/mar/09/donald-trump/swipe-fox-news-trump-misleads-about-los-angeles-co/
Instagram posts,"February 22, 2023",“President Joe Biden admits to faking the election.”,false,Instagram post,Elections; Facebook Fact-checks,Ciara O'Rourke,"February 23, 2023",https://www.politifact.com/factchecks/2023/feb/23/instagram-posts/no-president-joe-biden-didnt-admit-the-2020-presid/
Tina Lambert,"February 20, 2023",Student ID cards are a “source of fraud” at the polls.,false,statement of purpose about a bill,National; Elections; Voter ID Laws,Amy Sherman,"February 23, 2023",https://www.politifact.com/factchecks/2023/feb/23/tina-lambert/republican-lawmaker-says-student-ids-are-source-vo/
Rick Scott,"January 26, 2023","Same-day voter registration ""does not allow election officials to verify the validity and accuracy of voter information.""",false,page about elections,Elections,Amy Sherman,"January 31, 2023",https://www.politifact.com/factchecks/2023/jan/31/rick-scott/rick-scott-wrongly-said-election-officials-cant-ve/
Louise Lucas,"January 18, 2023",Glenn Youngkin is “the first sitting Governor in the modern era to have their party have less legislative seats than when they were elected.”,false,tweet.,Elections; History; Virginia,Warren Fiske,"January 31, 2023",https://www.politifact.com/factchecks/2023/jan/31/louise-lucas/lucas-falsely-inflates-youngkins-special-election/
Public Interest Legal Foundation,"January 18, 2023","In California, there were “10 million mail ballots unaccounted for” in the November midterm election.",false,report,Elections; California; Facebook Fact-checks,Jeff Cercone,"January 26, 2023",https://www.politifact.com/factchecks/2023/jan/26/public-interest-legal-foundation/millions-of-california-ballots-were-simply-unused/
Scott Walker,"January 1, 2023",“Every pro-life Governor up for election in November won – by a large margin.”,mostly-true,Twitter,Abortion; Elections; Health Care; States; Wisconsin,Madeline Heim,"January 13, 2023",https://www.politifact.com/factchecks/2023/jan/13/scott-walker/yes-governors-who-oppose-abortion-did-well-in-midt/
Instagram posts,"January 8, 2023",“Lula's staff infiltrated and caused damage while the Brazilian Patriots cleaned up.”,pants-fire,post,Elections; Facebook Fact-checks,Gabrielle Settles,"January 12, 2023",https://www.politifact.com/factchecks/2023/jan/12/instagram-posts/evidence-shows-bolsonaro-supporters-were-behind-br/
John Rich,"January 5, 2023",Cellphone data used to arrest the Idaho quadruple-murder suspect proves that criticism of the “2000 Mules” movie’s use of cell data is unfounded.,false,Facebook post,Criminal Justice; Elections; Technology; Facebook Fact-checks,Tom Kertscher,"January 12, 2023",https://www.politifact.com/factchecks/2023/jan/12/john-rich/no-cellphone-data-used-to-arrest-suspected-idaho-k/
Tucker Carlson,"January 9, 2023",The election in Brazil “was very clearly a rigged election.”,false,a broadcast,Elections; Pundits,Jeff Cercone,"January 12, 2023",https://www.politifact.com/factchecks/2023/jan/12/tucker-carlson/tucker-carlsons-unfounded-claim-that-brazils-elect/
Melissa Agard,"January 3, 2023","""Historically, our spring elections (including for state Supreme Court) have a smaller turnout associated with them.""",true,TV interview,Elections; Legal Issues; States; Supreme Court; Wisconsin,D.L. Davis,"January 10, 2023",https://www.politifact.com/factchecks/2023/jan/10/melissa-agard/how-small-turnout-wisconsin-spring-elections/
Facebook posts,"December 11, 2022",Kari Lake’s lawsuit “exposes Arizona used no signature verification.”,false,Facebook post,Elections; Facebook Fact-checks; Arizona,Amy Sherman,"December 15, 2022",https://www.politifact.com/factchecks/2022/dec/15/facebook-posts/kari-lakes-lawsuit-does-not-show-arizona-failed-to/
Instagram posts,"December 6, 2022",Early vote counts after the polls closed in Georgia’s U.S. Senate runoff are evidence of election fraud.,pants-fire,Instagram post,Georgia; Elections; Facebook Fact-checks,Ciara O'Rourke,"December 13, 2022",https://www.politifact.com/factchecks/2022/dec/13/instagram-posts/vote-count-changes-after-polls-closed-in-georgia-a/
Kelly Loeffler,"December 6, 2022","On the day of the Dec. 6 runoff, “armed groups of Black Panthers” were “reportedly patrolling certain voting locations” in Georgia.",false,tweet,Georgia; Elections,Gabrielle Settles,"December 8, 2022",https://www.politifact.com/factchecks/2022/dec/08/kelly-loeffler/no-evidence-armed-patrols-georgia-voting-sites/
Donald Trump,"December 3, 2022","“The revelation of massive & widespread fraud & deception” in the 2020 election “allows for the termination of all rules, regulations, and articles, even those found in the Constitution.”",pants-fire,Truth Social post,National; Elections; Legal Issues,Louis Jacobson,"December 6, 2022",https://www.politifact.com/factchecks/2022/dec/06/donald-trump/trump-said-2020-fraud-calls-for-termination-of-rul/
Paul Gosar,"November 15, 2022",The law prohibits current Secretary of State Katie Hobbs from overseeing the election while she was a candidate for governor.,false,tweet,Elections; Arizona,Haley Tenore,"December 6, 2022",https://www.politifact.com/factchecks/2022/dec/06/paul-gosar/no-the-law-didnt-bar-arizona-secretary-of-state-ka/
Instagram posts,"November 8, 2022",“They removed your ability to go buy firearms the day of election.”,false,video,Elections; Facebook Fact-checks; Guns,Andy Nguyen,"December 2, 2022",https://www.politifact.com/factchecks/2022/dec/02/instagram-posts/firearm-background-check-system-had-brief-glitch-n/
Instagram posts,"November 23, 2022",Arizona midterm election was unlawful because the lab used to certify voting machines was not accredited.,false,Instagram post,Elections; Facebook Fact-checks; Arizona,Jeff Cercone,"December 2, 2022",https://www.politifact.com/factchecks/2022/dec/02/instagram-posts/the-testing-labs-used-to-certify-arizonas-voting-e/
Instagram posts,"November 28, 2022","“Maricopa County announced that on Election Day over 540,000 voters visited one of the 223” vote centers, but final official results data claimed that “only 248,070 people voted.”",false,image shared on Instagram,Elections; Facebook Fact-checks; Arizona,Madison Czopek,"November 30, 2022",https://www.politifact.com/factchecks/2022/nov/30/instagram-posts/maricopas-final-election-results-arent-missing-tho/
Instagram posts,"November 17, 2022",The Arizona gubernatorial race was a “fraudulent election.”,pants-fire,post,Elections; Facebook Fact-checks; Arizona,Ciara O'Rourke,"November 21, 2022",https://www.politifact.com/factchecks/2022/nov/21/instagram-posts/no-the-arizona-governors-election-wasnt-fraudulent/
Instagram posts,"November 17, 2022",A fake Nancy Pelosi said she won’t seek the speaker position again because the real Pelosi was arrested in 2021.,pants-fire,Instagram post,Elections; Facebook Fact-checks,Ciara O'Rourke,"November 18, 2022",https://www.politifact.com/factchecks/2022/nov/18/instagram-posts/pelosi-wasnt-arrested-by-us-marshals-in-2021/
Instagram posts,"November 15, 2022",Bags arriving at the Maricopa County vote counting site are evidence of “Democrats with the help of the media and GOP establishment stealing another election.”,pants-fire,post,Elections; Facebook Fact-checks; Arizona,Amy Sherman,"November 17, 2022",https://www.politifact.com/factchecks/2022/nov/17/instagram-posts/no-bags-ballots-are-not-sign-fraud-maricopa-county/
Sunny Hostin,"November 14, 2022",“Republicans want to raise the voting to age 28.”,false,"statement on ""The View""",Elections,Amy Sherman,"November 17, 2022",https://www.politifact.com/factchecks/2022/nov/17/sunny-hostin/no-republicans-dont-want-to-raise-voting-age-to-28/
Instagram posts,"November 11, 2022",It’s proof of “voter fraud” that it takes some states days to count 2 million votes while Florida results were available on election night.,false,video shared on Instagram,Nevada; Elections; Florida; Facebook Fact-checks; Arizona,Madison Czopek,"November 16, 2022",https://www.politifact.com/factchecks/2022/nov/16/instagram-posts/florida-midterm-results-came-out-fast-why-do-other/
Instagram posts,"November 13, 2022",A livestream failing in Nevada is “one of the ways blue states steal elections.”,false,Instagram post,Elections; Facebook Fact-checks,Jeff Cercone,"November 16, 2022",https://www.politifact.com/factchecks/2022/nov/16/instagram-posts/nevada-ballot-counting-livestream-went-dark-but-vo/
Instagram posts,"November 13, 2022",Footage shows Dallas pollbooks fraudulently “adding hundreds of voters in real time as the poll was being closed.”,false,post,Elections; Facebook Fact-checks; Texas,Ciara O'Rourke,"November 16, 2022",https://www.politifact.com/factchecks/2022/nov/16/instagram-posts/no-this-clip-doesnt-show-voters-being-fraudulently/
Instagram posts,"November 14, 2022",Split election results show the Arizona governor’s race was rigged.,pants-fire,Instagram post,Elections; Facebook Fact-checks; Arizona,Ciara O'Rourke,"November 16, 2022",https://www.politifact.com/factchecks/2022/nov/16/instagram-posts/split-ticket-votes-in-arizona-arent-evidence-of-fr/
Instagram posts,"November 13, 2022",U.S. tax dollars sent to help Ukraine were laundered back by cryptocurrency firm FTX to help Democrats in midterms.,false,Instagram post,Campaign Finance; Corrections and Updates; Elections; Facebook Fact-checks; Ukraine,Jeff Cercone,"November 15, 2022",https://www.politifact.com/factchecks/2022/nov/15/instagram-posts/ftx-helped-with-a-cryptocurrency-fundraising-site/
Mark Finchem,"November 9, 2022","“We waited 24 hours and got a measly 62k votes"" in Maricopa County",false,1.13 million votes counted shortly after Election Day,National; Elections; Arizona,Chad Bradley,"November 14, 2022",https://www.politifact.com/factchecks/2022/nov/14/mark-finchem/more-113-million-votes-were-counted-within-24-hour/
Donald Trump,"November 10, 2022","In the 2018 Florida governor's race ""votes were being stolen by the corrupt election process in Broward. … I sent in the FBI and the U.S. Attorneys, and the ballot theft immediately ended. … I stopped his Election from being stolen.""",pants-fire,statement on Truth Social,Elections; Florida,Yacob Reyes,"November 11, 2022",https://www.politifact.com/factchecks/2022/nov/11/donald-trump/trump-falsely-said-he-stopped-2018-election-being/
Donald Trump,"November 10, 2022","Election results in Clark County, Nevada, and Arizona are not yet known because those places “want more time to cheat.”",pants-fire,Truth Social post,National; Nevada; Elections; Arizona,Maria Ramirez Uribe,"November 11, 2022",https://www.politifact.com/factchecks/2022/nov/11/donald-trump/trump-falsely-claims-nevada-and-arizona-election-o/
Instagram posts,"November 8, 2022",“Many elections in Bexar are being called with 0% of precincts reporting! I smell MAJOR FRAUD!”,false,post,National; Elections; Facebook Fact-checks; Texas,Gabrielle Settles,"November 11, 2022",https://www.politifact.com/factchecks/2022/nov/11/instagram-posts/no-evidence-bexar-county-election-calls-were-made/
Instagram posts,"November 9, 2022",Democrats used “47 million mail-in ballots” to steal “every election in the country.”,pants-fire,Instagram post,Elections; Facebook Fact-checks,Ciara O'Rourke,"November 11, 2022",https://www.politifact.com/factchecks/2022/nov/11/instagram-posts/no-democrats-didnt-steal-every-election-in-the-cou/
Instagram posts,"November 8, 2022","Glitches with voting in Arizona, New Jersey and Texas are proof the election is rigged.",false,post,New Jersey; Elections; Facebook Fact-checks; Arizona; Texas,Andy Nguyen,"November 11, 2022",https://www.politifact.com/factchecks/2022/nov/11/instagram-posts/technology-issues-arizona-new-jersey-and-texas-are/
Glenn Youngkin,"October 31, 2022","In his election as governor, “We won cities that no Republican had ever won.”",false,"campaign rally,",Elections; History; Virginia,Warren Fiske,"November 11, 2022",https://www.politifact.com/factchecks/2022/nov/11/glenn-youngkin/youngkin-overstates-his-2021-vote-virginia-cities/
Instagram posts,"November 9, 2022",A “dead man on the ballot” is evidence the Democrats cheated in the election.,false,Instagram post,Elections; Facebook Fact-checks; Pennsylvania,Ciara O'Rourke,"November 10, 2022",https://www.politifact.com/factchecks/2022/nov/10/instagram-posts/deceased-lawmakers-re-election-isnt-evidence-of-fr/
Instagram posts,"November 9, 2022",Graph shows Gretchen Whitmer stole the Michigan gubernatorial election.,pants-fire,Instagram post,Elections; Facebook Fact-checks; Michigan,Ciara O'Rourke,"November 10, 2022",https://www.politifact.com/factchecks/2022/nov/10/instagram-posts/no-this-graph-doesnt-prove-gretchen-whitmer-stole/
Instagram posts,"November 9, 2022",Map proves the Pennsylvania Senate election was rigged.,pants-fire,Instagram post,Elections; Facebook Fact-checks; Pennsylvania,Ciara O'Rourke,"November 10, 2022",https://www.politifact.com/factchecks/2022/nov/10/instagram-posts/map-does-not-prove-pennsylvania-election-was-rigge/
Instagram posts,"November 8, 2022",‘No Sharpies on ballots’ permitted for in-person voting in Illinois.,false,Instagram post,Elections; Facebook Fact-checks; Illinois,Michael Majchrowicz,"November 10, 2022",https://www.politifact.com/factchecks/2022/nov/10/instagram-posts/yes-sharpies-are-permitted-person-voting-illinois/
Instagram posts,"November 9, 2022",The Michigan attorney general’s race was “stolen in the middle of the night from Matt DePerno.”,pants-fire,Instagram post,Elections; Facebook Fact-checks; Michigan,Ciara O'Rourke,"November 10, 2022",https://www.politifact.com/factchecks/2022/nov/10/instagram-posts/no-the-michigan-attorney-generals-race-wasnt-stole/
Instagram posts,"November 9, 2022",“Minnesota was stolen from Scott Jensen.”,pants-fire,Instagram post,Elections; Facebook Fact-checks,Ciara O'Rourke,"November 9, 2022",https://www.politifact.com/factchecks/2022/nov/09/instagram-posts/scott-jensen-conceded-minnesota-gubernatorial-race/
Instagram posts,"November 1, 2022","It’s a sign of fraud that “in 244 counties across the United States, there are more registered voters than there are people legally eligible to vote.”",false,video shared on Instagram,National; Elections; Facebook Fact-checks,Madison Czopek,"November 9, 2022",https://www.politifact.com/factchecks/2022/nov/09/instagram-posts/do-outsized-voter-rolls-signify-fraud-no-experts-s/
Charlie Kirk,"November 8, 2022",“Maricopa County intentionally reduced the polling places.”,pants-fire,tweet,National; Corrections and Updates; Elections; Arizona,Maria Ramirez Uribe,"November 9, 2022",https://www.politifact.com/factchecks/2022/nov/09/charlie-kirk/charlie-kirk-wrong-maricopa-county-did-not-reduce/
Tucker Carlson,"November 8, 2022","“Electronic voting machines didn't allow people to vote” in Maricopa County, Arizona.",false,election night coverage on Fox News,National; Elections; Arizona,Jon Greenberg,"November 9, 2022",https://www.politifact.com/factchecks/2022/nov/09/tucker-carlson/tucker-carlson-wrong-arizona-voting-machines-not-l/
Instagram posts,"November 8, 2022",John Fetterman “is suing for the right to cheat and steal the election.”,false,Instagram post,Elections; Pennsylvania,Amy Sherman,"November 9, 2022",https://www.politifact.com/factchecks/2022/nov/09/instagram-posts/fetterman-lawsuit-seeking-count-undated-ballots-no/
Donald Trump,"November 8, 2022","In Detroit, “people are showing up to vote only to be told, ‘sorry, you have already voted.’”",false,Truth Social post,Elections; Michigan,Tom Kertscher,"November 9, 2022",https://www.politifact.com/factchecks/2022/nov/09/donald-trump/detroit-voters-were-not-told-polls-they-had-alread/
Kari Lake,"October 19, 2022","The COVID-19 vaccine for children is proving to be “not only ineffective, it’s also proving to be dangerous.”",false,tweet,Elections; Coronavirus; Arizona,Alexis Waiss,"November 9, 2022",https://www.politifact.com/factchecks/2022/nov/09/kari-lake/kari-lake-says-falsely-covid-19-vaccines-are-ineff/
X posts,"November 8, 2022","“There is no chain of custody” for ballots placed in Box No. 3 at Maricopa, Arizona, polling sites.",false,tweet,National; Elections; Arizona,Jon Greenberg,"November 8, 2022",https://www.politifact.com/factchecks/2022/nov/08/tweets/no-maricopa-vote-tabulators-didnt-lead-to-ballots/
Instagram posts,"November 5, 2022",Delayed election results are proof of fraud.,false,post,Elections,Jill Terreri Ramos,"November 8, 2022",https://www.politifact.com/factchecks/2022/nov/08/instagram-posts/election-result-delays-are-not-proof-fraud/
Instagram posts,"November 6, 2022",Suggests that “since mostly Democrats vote early” then that represents “made-up ballots or dead people voting.”,false,Instagram post,National; Elections; Facebook Fact-checks,Sara Swann,"November 8, 2022",https://www.politifact.com/factchecks/2022/nov/08/instagram-posts/social-media-post-falsely-claims-2022-election-fra/
Instagram posts,"November 6, 2022","""They’re trying to rig the election again! Do not trust the Soros funded voting machines!!!”",false,Instagram post,Elections; Facebook Fact-checks,Jeff Cercone,"November 8, 2022",https://www.politifact.com/factchecks/2022/nov/08/instagram-posts/no-evidence-george-soros-has-funded-voting-machine/
Liquid Death,"October 27, 2022","In Georgia, it's ""illegal to give people water within 150 feet of a polling place"" and ""punishable by up to a year in prison.""",true,ad,Georgia; Elections; Government Regulation; Ad Watch,Tom Kertscher,"November 8, 2022",https://www.politifact.com/factchecks/2022/nov/08/liquid-death/giving-water-voter-within-150-feet-ga-polling-plac/
Donald Trump,"November 1, 2022","“So the Pennsylvania Supreme Court just ruled, in effect, that the 2020 presidential election was rigged.”",pants-fire,Instagram/Truth Social posts,Elections; Facebook Fact-checks; Pennsylvania,Michael Majchrowicz,"November 7, 2022",https://www.politifact.com/factchecks/2022/nov/07/donald-trump/trumps-claim-that-a-pa-supreme-court-ruling-proves/
Instagram posts,"November 3, 2022",Brazil’s presidential election was “stolen.”,false,Instagram post,Elections; Facebook Fact-checks,Ciara O'Rourke,"November 4, 2022",https://www.politifact.com/factchecks/2022/nov/04/instagram-posts/brazils-presidential-election-wasnt-stolen/
Donald Trump,"October 31, 2022",Former President Jimmy Carter said “don’t ever use” mail in ballots because “they can be so easily corrupted.”,false,interview,National; Elections; Facebook Fact-checks,Amy Sherman,"November 4, 2022",https://www.politifact.com/factchecks/2022/nov/04/donald-trump/trump-wrongly-says-jimmy-carter-said-dont-ever-use/
Instagram posts,"November 2, 2022 in",The U.S. “could easily count every vote in every state on election night until a few years ago.”,mostly-false,on social media,Elections,Louis Jacobson,"November 4, 2022",https://www.politifact.com/factchecks/2022/nov/04/instagram-posts/no-every-vote-wasnt-previously-counted-on-election/
Instagram posts,"November 3, 2022",“Joe Biden announced to the world tonight that they are going to cheat by dumping ballots.”,pants-fire,Instagram post,Elections; Facebook Fact-checks,Ciara O'Rourke,"November 4, 2022",https://www.politifact.com/factchecks/2022/nov/04/instagram-posts/no-biden-didnt-say-democrats-would-dump-ballots/
Instagram posts,"November 1, 2022","Brazil President Jair Bolsonaro will hold a press conference to “announce military audit of controversial election, may arrest criminal judges.”",false,post,Elections; Military,Luiz Romero,"November 4, 2022",https://www.politifact.com/factchecks/2022/nov/04/instagram-posts/us-election-deniers-spread-false-claims-about-braz/
Instagram posts,"November 1, 2022",“Two thirds of eligible voters don’t vote.”,false,Instagram post,National; Elections; Facebook Fact-checks,Amy Sherman,"November 4, 2022",https://www.politifact.com/factchecks/2022/nov/04/instagram-posts/instagram-post-wrongly-says-most-eligible-voters-d/
Tim Michels,"October 24, 2022","Tony Evers “wants to let out between 9,000 and 10,000 more” Wisconsin prisoners",false,News conference,Criminal Justice; Elections; Legal Issues; Crime; Wisconsin,Madeline Heim,"November 4, 2022",https://www.politifact.com/factchecks/2022/nov/04/tim-michels/no-tony-evers-doesnt-want-to-let-out-9000-to-10000/
Facebook posts,"November 2, 2022",“Pennsylvania is under a court order to count their ballots on election day and not after!!”,pants-fire,Facebook post,Elections; Facebook Fact-checks; Pennsylvania,Amy Sherman,"November 3, 2022",https://www.politifact.com/factchecks/2022/nov/03/facebook-posts/facebook-post-wrongly-says-court-ordered-pennsylva/
Donald Trump,"October 28, 2022","""Over 240,000 'unverified' ballots have already been sent out in Pennsylvania, a total mess. The Democrats are playing games again.”",false,Truth Social post,Elections; Pennsylvania,Amy Sherman,"November 3, 2022",https://www.politifact.com/factchecks/2022/nov/03/donald-trump/trump-falsely-said-democrats-are-playing-games-wit/
Amy Klobuchar,"October 30, 2022",“One in six local election officials have received threats of violence” and threats against judges have doubled over four years and threats against members of Congress have increased by 10 times over five years.,mostly-true,interview on Meet the Press,National; Congress; Elections; Crime; Terrorism,Amy Sherman,"November 1, 2022",https://www.politifact.com/factchecks/2022/nov/01/amy-klobuchar/election-officials-lawmakers-congress-have-faced-i/
Liz Cheney,"October 28, 2022","Kari Lake and Mark Finchem “have said that they will only honor the results of an election if they agree with it.""",mostly-true,ad,Elections; Ad Watch; Arizona,Tom Kertscher,"November 1, 2022",https://www.politifact.com/factchecks/2022/nov/01/liz-cheney/in-arizona-gop-candidates-kari-lake-and-mark-finch/
Rebekah Jones,"October 26, 2022",Document shows Rebekah Jones “demonstrated” a violation of Florida’s Whistleblower Act.,false,post on Instagram,Elections; Florida,Sara Swann,"November 1, 2022",https://www.politifact.com/factchecks/2022/nov/01/rebekah-jones/rebekah-jones-misrepresents-findings-state-investi/
Instagram posts,"October 27, 2022","“If you use the US Postal Service certified mail or registered mail, they can do anything they want with those ballots."" They “can burn your mail and they won't get in any trouble.”",pants-fire,video,Elections; Facebook Fact-checks,Andy Nguyen,"October 31, 2022",https://www.politifact.com/factchecks/2022/oct/31/instagram-posts/no-postal-service-workers-cannot-do-anything-they/
JD Vance,"October 26, 2022",Rep. Tim Ryan “wanted to decriminalize fentanyl.”,pants-fire,tweet,Congress; Drugs; Elections,Amy Sherman,"October 31, 2022",https://www.politifact.com/factchecks/2022/oct/31/jd-vance/vance-wrongly-says-ryan-wanted-decriminalize-fenta/
Instagram posts,"October 27, 2022",Pennsylvania drop boxes were “pre-loaded” with ballots.,half-true,screenshot shared on Instagram,Elections; Facebook Fact-checks; Pennsylvania,Madison Czopek,"October 28, 2022",https://www.politifact.com/factchecks/2022/oct/28/instagram-posts/ballots-found-drop-box-voting-period-opened-were-l/
Instagram posts,"October 23, 2022","Arizona Secretary of State Katie Hobbs “sent 6,000 wrong ballots to Republicans.”",false,post,Elections; Facebook Fact-checks; Arizona,Gabrielle Settles,"October 28, 2022",https://www.politifact.com/factchecks/2022/oct/28/instagram-posts/arizona-ballot-error-did-not-target-republicans/
Ted Cruz,"October 27, 2022",Only Democratic cities take “‘days’ to count their votes” while “the rest of the country manages to get it done on election night.”,mostly-false,tweet,National; Elections,Louis Jacobson,"October 28, 2022",https://www.politifact.com/factchecks/2022/oct/28/ted-cruz/ted-cruzs-misleading-claim-that-only-democratic-ci/
Instagram posts,"October 25, 2022","“It’s not that there is no evidence the election was stolen, but that no court had the guts to HEAR the evidence. They dismissed the cases, NOT the evidence.”",false,image shared on Instagram,Elections; Legal Issues,Madison Czopek,"October 28, 2022",https://www.politifact.com/factchecks/2022/oct/28/instagram-posts/trump-campaigns-evidence-of-fraud-was-reviewed-bef/
Instagram posts,"October 25, 2022","The documentary “2,000 Mules proves” Democrats “cheated on the 2020 elections.”",false,Instagram post,Georgia; National; Elections; Pennsylvania; Arizona; Wisconsin; Michigan,Jon Greenberg,"October 28, 2022",https://www.politifact.com/factchecks/2022/oct/28/instagram-posts/instagram-post-falsely-says-2000-mules-proves-demo/
Instagram posts,"October 27, 2022",A Phoenix TV station aired the election results more than a week early.,half-true,post,Elections; Facebook Fact-checks; Arizona,Ciara O'Rourke,"October 28, 2022",https://www.politifact.com/factchecks/2022/oct/28/instagram-posts/phoenix-tv-station-did-not-call-election-katie-hob/
Facebook posts,"October 18, 2022","Connecticut ballot initiative on early voting would ""remove the requirement of a certified seal from certain ballots.""",false,post,Elections; Facebook Fact-checks,Andy Nguyen,"October 27, 2022",https://www.politifact.com/factchecks/2022/oct/27/facebook-posts/facebook-post-makes-unfounded-claim-about-security/
Instagram posts,"October 23, 2022",Mailing in a ballot “gives the bad guys a chance to know how many ballots they need to make.”,pants-fire,video,Elections; Facebook Fact-checks,Andy Nguyen,"October 27, 2022",https://www.politifact.com/factchecks/2022/oct/27/instagram-posts/voters-dont-help-bad-guys-to-fabricate-ballots-whe/
Catherine Cortez Masto,"October 13, 2022",Adam Laxalt is “anti-DACA” and “fought against the protections for DACA recipients when he was attorney general.”,half-true,tweet,Immigration; Nevada; Elections,Maria Ramirez Uribe,"October 26, 2022",https://www.politifact.com/factchecks/2022/oct/26/catherine-cortez-masto/adam-laxalt-opposed-expanding-daca-not-revoking-pr/
Instagram posts,"October 22, 2022",Ballots are “mailed unconstitutionally” to every voter in Colorado.,false,Instagram post,Colorado; Elections,Madison Czopek,"October 26, 2022",https://www.politifact.com/factchecks/2022/oct/26/instagram-posts/its-not-unconstitutional-for-colorado-to-mail-ball/
Instagram posts,"October 24, 2022","In Arizona, early voting would allow Kari Lake’s opponents to see how many votes they “need to fake to catch up and surpass.”",pants-fire,Instagram video,Elections; Arizona,Amy Sherman,"October 25, 2022",https://www.politifact.com/factchecks/2022/oct/25/instagram-posts/instagram-video-falsely-says-early-voting-would-al/
Citizens for Sanity,"October 5, 2022",Suggests that an immigrant charged with sexually assaulting a child entered the U.S. illegally during the Biden administration.,false,ad,Immigration; National; Border Security; Elections; Ad Watch,Maria Ramirez Uribe,"October 21, 2022",https://www.politifact.com/factchecks/2022/oct/21/citizens-sanity/ad-incorrectly-suggests-immigrant-accused-of-sexua/
Citizens for Sanity,"October 7, 2022",“Every single Senate Democrat voted against hiring more border agents. They voted against deporting felons. And they voted against ending catch and release.”,mostly-false,ad,Immigration; National; Border Security; Elections; Ad Watch,Maria Ramirez Uribe,"October 21, 2022",https://www.politifact.com/factchecks/2022/oct/21/citizens-sanity/ad-misrepresents-senate-democrats-full-record-on-b/
Tony Evers,"October 19, 2022","If a 12-year-old girl became pregnant because of rape or incest, ""Tim Michels would force her to deliver the baby.""",mostly-true,Campaign ad,Abortion; Children; Elections; Health Care; Wisconsin,Madeline Heim,"October 21, 2022",https://www.politifact.com/factchecks/2022/oct/21/tony-evers/evers-campaign-mostly-on-track-about-michels-oppos/
National Republican Senatorial Committee,"October 6, 2022",“Mandela Barnes came out in favor of abortion up until the moment of birth.”,mostly-false,News release,Abortion; Congress; Elections; Wisconsin,Vanessa Swales,"October 20, 2022",https://www.politifact.com/factchecks/2022/oct/20/national-republican-senatorial-committee/nrsc-wrong-that-mandela-barnes-has-come-out-in-fav/
Facebook posts,"October 6, 2022",“California is registering non-citizens to vote and has refused to cooperate with the Federal Election Integrity Program.”,false,post,Elections; California; Facebook Fact-checks,Andy Nguyen,"October 18, 2022",https://www.politifact.com/factchecks/2022/oct/18/facebook-posts/california-not-registering-noncitizens-vote-electi/
Facebook posts,"October 2, 2022","In Texas, a person can register a dead relative to vote and then cast a mail ballot in their name.",mostly-false,Facebook post,Elections; Texas,Amy Sherman,"October 17, 2022",https://www.politifact.com/factchecks/2022/oct/17/facebook-posts/facebook-post-stirs-concern-about-dead-people-voti/
Tony Evers,"October 6, 2022",Says “Tim Michels wants to defund public education — calling it ‘the definition of insanity’ to continue to fund public schools.”,mostly-false,Campaign email,Children; Education; Elections; Wisconsin,Madeline Heim,"October 17, 2022",https://www.politifact.com/factchecks/2022/oct/17/tony-evers/evers-campaign-base-claim-about-what-michels-wants/
Mark Finchem,"October 9, 2022",The Electronic Registration Information Center is “a system that’s funded by George Soros.”,false,rally,Elections; Arizona,Amy Sherman,"October 17, 2022",https://www.politifact.com/factchecks/2022/oct/17/mark-finchem/arizonas-mark-finchem-falsely-links-george-soros-t/
Club for Growth,"October 5, 2022","As attorney general, Catherine Cortez Masto “opposed tougher laws on methamphetamine dealers.”",mostly-false,ad,Nevada; Drugs; Elections; Ad Watch,Maria Ramirez Uribe,"October 14, 2022",https://www.politifact.com/factchecks/2022/oct/14/club-growth/fact-checking-nevada-ad-sen-cortez-mastos-record-a/
Instagram posts,"October 5, 2022","The ""Department of Homeland Security and the State Department coordinated with a group called the ‘Election Integrity Partnership’ to censor Joe Biden’s opponents.”",false,Instagram post,Corrections and Updates; Elections; Facebook Fact-checks,Jeff Cercone,"October 11, 2022",https://www.politifact.com/factchecks/2022/oct/11/instagram-posts/partnership-targeted-election-misinformation-not-c/
Facebook posts,"October 8, 2022","There’s “evidence of a massive transfer of completed, curated ballots” that are fraudulent in the 2022 election.",false,Facebook post,Elections; Facebook Fact-checks,Ciara O'Rourke,"October 11, 2022",https://www.politifact.com/factchecks/2022/oct/11/facebook-posts/claims-massive-transfer-fraudulent-election-ballot/
Jim Marchant,"October 8, 2022",“President Trump and I lost an election in 2020 because of a rigged election.”,pants-fire,rally,Nevada; Elections,Amy Sherman,"October 10, 2022",https://www.politifact.com/factchecks/2022/oct/10/jim-marchant/nevada-republican-echoes-trumps-pants-fire-about-r/
Tim Michels,"September 4, 2022",Says Tony Evers is “a career politician.”,mostly-false,Twitter,Education; Elections; Wisconsin,Vanessa Swales,"October 7, 2022",https://www.politifact.com/factchecks/2022/oct/07/tim-michels/wisconsin-gov-evers-not-career-politician/
Ron Johnson,"September 26, 2022",Says Mandela Barnes “supported a 20% increase in the gas tax.”,half-true,TV ad,Elections; Gas Prices; Taxes; Wisconsin,Laura Schulte,"October 6, 2022",https://www.politifact.com/factchecks/2022/oct/06/ron-johnson/johnson-leaves-out-context-claim-barnes-supported-/
Newt Gingrich,"September 29, 2022",Pennsylvania Senate candidate John Fetterman’s tattoo references ‘heroin use’ and the Crips,mostly-false,On Fox News,Congress; Drugs; Elections; Crime; Guns; Pennsylvania,Michael Majchrowicz,"October 5, 2022",https://www.politifact.com/factchecks/2022/oct/05/newt-gingrich/pas-fetterman-said-his-tattoos-memorialize-lives-t/
Glenn Youngkin,"September 21, 2022","“In 2016, Democrats suggested that the election was stolen.”",half-true,news conference.,Elections; Virginia,Warren Fiske,"October 5, 2022",https://www.politifact.com/factchecks/2022/oct/05/glenn-youngkin/did-democrats-suggest-2016-presidential-election-w/
Restoration PAC,"September 28, 2022","Says Mandela Barnes supports killing “preemies” – “infants born prior to 37 weeks of pregnancy""",pants-fire,Digital ad,Abortion; Elections; Health Care; Wisconsin,Madeline Heim,"October 4, 2022",https://www.politifact.com/factchecks/2022/oct/04/restoration-pac/no-mandela-barnes-doesnt-support-killing-babies-bo/
Adrian Fontes,"September 22, 2022",Mark Finchem “wants to strip Arizona’s citizens of their capacity to vote by mail.”,mostly-true,debate,National; Elections; Arizona,Renee Romo,"September 30, 2022",https://www.politifact.com/factchecks/2022/sep/30/adrian-fontes/republican-arizona-secretary-state-candidate-aims-/
Mandela Barnes,"September 2, 2022","""Ron Johnson has voted against funding for law enforcement and recently opposed a plan to recruit and train new officers """,false,News release,Criminal Justice; Elections; Crime; Wisconsin,D.L. Davis,"September 30, 2022",https://www.politifact.com/factchecks/2022/sep/30/mandela-barnes/barnes-team-misfires-claim-johnson-voted-against-l/
Ted Nugent,"September 20, 2022",Michigan’s Proposal 2 “will permanently put in the Constitution that you never have to show an ID to vote ever again.”,mostly-false,Facebook post,Elections; Voter ID Laws; Michigan,Madison Czopek,"September 30, 2022",https://www.politifact.com/factchecks/2022/sep/30/ted-nugent/michigans-proposal-2-doesnt-end-states-voter-id-re/
Tim Michels,"September 10, 2022","“You know how many convicted felons Scott Walker let out during his eight years early on parole? Zero. Tony Evers is approaching 1,000 of these that he’s let out early.""",pants-fire,Public statement,Criminal Justice; Elections; Legal Issues; Crime; Wisconsin,D.L. Davis,"September 27, 2022",https://www.politifact.com/factchecks/2022/sep/27/tim-michels/michels-widely-misses-mark-claim-walker-evers-and-/
Instagram posts,"September 21, 2022",“Breaking: Judiciary Democrats just voted to support non-citizens voting in our elections.”,false,Instagram post,Congress; Elections; Facebook Fact-checks,Amy Sherman,"September 27, 2022",https://www.politifact.com/factchecks/2022/sep/27/instagram-posts/instagram-post-wrongly-says-house-democrats-voted-/
Mark Finchem,"September 22, 2022","Ballot harvesting “altered the outcome” of a city council election in Yuma County, Arizona.",false,Secretary of State debate,National; Elections; Arizona,Jon Greenberg,"September 23, 2022",https://www.politifact.com/factchecks/2022/sep/23/mark-finchem/false-arizona-secretary-state-candidate-says-ballo/
Catherine Cortez Masto,"August 18, 2022",Adam Laxalt took “campaign cash” from drug companies “and used his office to block local attempts at holding one of the worst offenders accountable.”,mostly-false,ad,Nevada; Campaign Finance; Elections,Maria Ramirez Uribe,"September 23, 2022",https://www.politifact.com/factchecks/2022/sep/23/catherine-cortez-masto/nevada-senate-race-cortez-masto-misleads-about-lax/
Mandela Barnes,"September 2, 2022","Says under his plan to end cash bail ""the Waukesha perpetrator wouldn’t have been released """,mostly-true,News release,Criminal Justice; Elections; Legal Issues; Crime; Wisconsin,D.L. Davis,"September 22, 2022",https://www.politifact.com/factchecks/2022/sep/22/mandela-barnes/barnes-plan-end-cash-bail-wouldnt-necessarily-have/
Lee Zeldin,"September 6, 2022","Every time a Republican has been elected president over the last few decades, House Democrats have objected to the result",mostly-true,news conference,Elections; Jan. 6; New York,Jill Terreri Ramos,"September 21, 2022",https://www.politifact.com/factchecks/2022/sep/21/lee-zeldin/house-democrats-have-objected-presidential-electio/
Hillary Clinton,"September 6, 2022",“I had zero emails that were classified.”,half-true,tweet.,National; Elections,Jon Greenberg,"September 13, 2022",https://www.politifact.com/factchecks/2022/sep/13/hillary-clinton/clinton-exaggerates-absence-classified-information/
Facebook posts,"September 11, 2022",King Charles III signed “a proclamation stating that Donald Trump won the 2020 presidential election and is the rightful president by law.”,pants-fire,Facebook post,Elections; Facebook Fact-checks,Madison Czopek,"September 12, 2022",https://www.politifact.com/factchecks/2022/sep/12/facebook-posts/king-charles-iii-didnt-declare-trump-winner-2020-e/
Republican Governors Association,"September 5, 2022",Says President Joe Biden “recently said that 48.8% of Wisconsin voters are threats to democracy.”,false,Email,National; Elections; Wisconsin,Madeline Heim,"September 9, 2022",https://www.politifact.com/factchecks/2022/sep/09/republican-governors-association/no-biden-didnt-say-nearly-half-wisconsin-voters-ar/
Jim Marchant,"August 9, 2022","“Here in Nevada, the DMV registers everybody (to vote) and so that means illegals. They don’t check.”",false,interview with Steve Bannon,Immigration; Nevada; Elections,Amy Sherman,"September 8, 2022",https://www.politifact.com/factchecks/2022/sep/08/jim-marchant/nevada-republican-misleads-about-dmv-registering-i/
Facebook posts,"August 14, 2022","""FEC charges (Beto O'Rourke's 2018 campaign) Illegal Campaign Contributions.""",mostly-false,Facebook post,Elections; Facebook Fact-checks; Texas,Nusaiba Mizan,"September 8, 2022",https://www.politifact.com/factchecks/2022/sep/08/facebook-posts/federal-election-commission-has-civil-not-criminal/
Tom Cotton,"August 31, 2022","“60% of Alaska voters voted for a Republican, but thanks to a convoluted process and ballot exhaustion — which disenfranchises voters — a Democrat ‘won.’""",mostly-false,tweet,Congress; Elections,Amy Sherman,"September 2, 2022",https://www.politifact.com/factchecks/2022/sep/02/tom-cotton/how-tom-cotton-misleads-about-ranked-choice-voting/
Social Media,"August 30, 2022","In New York, you need to show identification to buy whipped cream, but not to vote.",mostly-false,social media posts,Elections; Food; Voter ID Laws; New York,Jill Terreri Ramos,"September 1, 2022",https://www.politifact.com/factchecks/2022/sep/01/social-media/show-id-buy-whipped-cream-not-vote-new-york-s-misl/
Adam Laxalt,"August 8, 2022","The public health order Title 42 is ""the last tool Border Patrol has to stop the overwhelming flood of illegal immigrants pouring into our country.”",false,statement,Immigration; Nevada; Border Security; Elections; Homeland Security,Maria Ramirez Uribe,"August 31, 2022",https://www.politifact.com/factchecks/2022/aug/31/adam-laxalt/title-42-not-last-tool-border-patrol-has-prevent-i/
Facebook posts,"August 30, 2022",An obscure filing with the Federal Election Commission shows Biden has formally announced his bid for another term.,false,social media posts,Campaign Finance; Elections; Facebook Fact-checks,Louis Jacobson,"August 31, 2022",https://www.politifact.com/factchecks/2022/aug/31/facebook-posts/no-fec-filing-doesnt-mean-joe-biden-has-announced-/
Mark Finchem,"August 25, 2022","“In Arizona, we have flood the zone with fake ballots.”",pants-fire,radio show,Elections; Arizona,Amy Sherman,"August 30, 2022",https://www.politifact.com/factchecks/2022/aug/30/mark-finchem/arizona-republican-secretary-state-candidate-wrong/
Facebook posts,"August 18, 2022",The Supreme Court will put Donald Trump back in office in October,pants-fire,TikTok on Facebook,Elections; Legal Issues; Supreme Court,Amy Sherman,"August 29, 2022",https://www.politifact.com/factchecks/2022/aug/29/facebook-posts/us-supreme-court-not-going-put-trump-back-office/
Facebook posts,"August 3, 2022","""Send your postcards to 5 key states to decertify fraud” in the 2020 election.",pants-fire,Facebook post,Georgia; National; Elections; Pennsylvania; Arizona; Wisconsin; Michigan,Amy Sherman,"August 16, 2022",https://www.politifact.com/factchecks/2022/aug/16/facebook-posts/no-sending-postcards-states-will-not-lead-decertif/
Facebook posts,"August 14, 2022","“Liz Cheney cries like kids after loses in ‘primary’ against Trump’s pick,” two days before the primary election.",pants-fire,Facebook post,Congress; Elections; Party Support; Facebook Fact-checks,Andy Nguyen,"August 16, 2022",https://www.politifact.com/factchecks/2022/aug/16/facebook-posts/facebook-post-makes-baseless-claim-about-cheney-lo/
Republican Governors Association,"July 29, 2022","""Governor Tony Evers gave counties the green light to defund Wisconsin's police departments.""",mostly-false,Email,National; Criminal Justice; Elections; Legal Issues; Wisconsin,Alan Hovorka,"August 12, 2022",https://www.politifact.com/factchecks/2022/aug/12/republican-governors-association/democrat-evers-didnt-give-wisconsin-counties-green/
X posts,"July 28, 2022",Pens provided by Maricopa County are part of a plot to rig the Arizona primary.,false,tweet,Elections; Arizona,Amy Sherman,"August 1, 2022",https://www.politifact.com/factchecks/2022/aug/01/tweets/no-pens-provided-arizona-election-officials-arent-/
Kari Lake,"July 7, 2022","""Karrin Taylor Robson gave illegals tuition discounts and made us pay for it.""",half-true,ad,Education; Elections; Arizona,Maria Ramirez Uribe,"August 1, 2022",https://www.politifact.com/factchecks/2022/aug/01/kari-lake/ad-about-reduced-tuition-arizonas-immigrant-studen/
The Gateway Pundit,"July 22, 2022","In 2020, “250,000 ballots were manufactured” in Georgia and “Biden was given win” by Secretary of State Brad Raffensperger",pants-fire,headline,Georgia; National; Elections; Facebook Fact-checks,Amy Sherman,"July 29, 2022",https://www.politifact.com/factchecks/2022/jul/29/gateway-pundit/gateway-pundit-distorts-unofficial-georgia-2020-re/
Robin Vos,"July 8, 2022",“The legislature has long maintained that the law never allowed these illegal drop boxes.”,mostly-false,Twitter,Elections; Legal Issues; Wisconsin,Madeline Heim,"July 29, 2022",https://www.politifact.com/factchecks/2022/jul/29/robin-vos/vos-claim-illegal-drop-boxes-conflicts-earlier-sta/
Donald Trump,"July 9, 2022",Ranked choice voting in Alaska is a “total rigged deal.”,pants-fire,rally,National; Congress; Elections,Amy Sherman,"July 22, 2022",https://www.politifact.com/factchecks/2022/jul/22/donald-trump/why-trump-wrong-call-alaskas-ranked-choice-voting-/
Facebook posts,"July 10, 2022","CNN coverage has evidence of the “single most egregious, real-time example of electronic vote fraud.”",pants-fire,Facebook post,Elections; Facebook Fact-checks,Andy Nguyen,"July 19, 2022",https://www.politifact.com/factchecks/2022/jul/19/facebook-posts/facebook-post-relies-debunked-conspiracy-theory-el/
Donald Trump,"July 9, 2022","The Wisconsin Supreme Court decision declaring ballot drop boxes illegal ""includes the 2020 Presidential Election.""",pants-fire,Social media,Elections; Legal Issues; Wisconsin,D.L. Davis,"July 14, 2022",https://www.politifact.com/factchecks/2022/jul/14/donald-trump/trump-back-hot-seat-claim-linking-ballot-box-rulin/
Charlie Crist,"June 29, 2022","""Ron DeSantis still hasn't condemned the Jan. 6 insurrection.""",false,tweet,Elections; Florida; Jan. 6,Yacob Reyes,"July 12, 2022",https://www.politifact.com/factchecks/2022/jul/12/charlie-crist/fact-checking-charlie-crists-claim-desantis-hasnt-/
Cavalier Johnson,"May 27, 2022",The RNC is “a $200 million economic infusion into our communities.”,half-true,News conference,Economy; Elections; Income; Jobs; Wisconsin,Vanessa Swales,"July 8, 2022",https://www.politifact.com/factchecks/2022/jul/08/cavalier-johnson/mayor-johnson-overestimates-economic-benefit-hosti/
Mandela Barnes,"May 27, 2022","Says U.S. Sen. Ron Johnson, his prospective opponent, has received $1.2 million from the gun lobby.",half-true,News release,Elections; Legal Issues; Guns; Wisconsin,Laura Schulte,"June 28, 2022",https://www.politifact.com/factchecks/2022/jun/28/mandela-barnes/barnes-partially-right-claim-johnson-has-received-/
Rebecca Kleefisch,"June 8, 2022","“Joe Biden’s margin of the less than 21,000 votes in Wisconsin was the tightest of any state in 2020.”",false,Campaign email,Elections; States; Wisconsin,Laura Schulte,"June 23, 2022",https://www.politifact.com/factchecks/2022/jun/23/rebecca-kleefisch/kleefisch-campaign-wrong-wisconsin-had-smallest-ma/
Nikki Haley,"June 7, 2022",Americans aren’t required to show IDs to vote.,mostly-false,Facebook post,Elections; Voter ID Laws; Facebook Fact-checks,Jeff Cercone,"June 13, 2022",https://www.politifact.com/factchecks/2022/jun/13/nikki-haley/rules-vary-35-states-require-some-form-id-vote/
House Republican Conference,"June 9, 2022",“Bennie Thompson objected to the 2004 Presidential election.”,mostly-true,tweet,Congress; Elections; Jan. 6,Louis Jacobson,"June 10, 2022",https://www.politifact.com/factchecks/2022/jun/10/house-republicans/fact-checking-whether-bennie-thompson-objected-200/
Facebook posts,"June 7, 2022",Joe Biden resigned and “Trump is the new president.”,pants-fire,Facebook post,Elections; Facebook Fact-checks,Ciara O'Rourke,"June 9, 2022",https://www.politifact.com/factchecks/2022/jun/09/facebook-posts/no-biden-didnt-resign-and-trump-didnt-replace-him/
Kevin Rinke,"June 1, 2022","""Dead people always vote Democrat.""",false,campaign ad,Elections; Michigan,Clara Hendrickson,"June 2, 2022",https://www.politifact.com/factchecks/2022/jun/02/kevin-rinke/debunking-zombie-claim-dead-people-always-vote-dem/
Emerald Robinson,"May 26, 2022",“Nobody in any election in America gets 74% of the votes. Ever. It doesn’t happen.”,pants-fire,Substack post,Georgia; Elections,Louis Jacobson,"June 1, 2022",https://www.politifact.com/factchecks/2022/jun/01/emerald-robinson/pants-fire-claim-nobody-any-election-america-gets-/
Chris Carr,"May 22, 2022","Stacey Abrams ""supported the MLB boycott.""",false,tweet,Georgia; Baseball; Elections; Voter ID Laws,Louis Jacobson,"May 24, 2022",https://www.politifact.com/factchecks/2022/may/24/chris-carr/no-stacey-abrams-didnt-support-baseball-all-star-g/
David Perdue,"May 21, 2022",Georgia Gov. Brian Kemp “allowed 7.5 million ballots to be sent to every registered voter.”,false,interview with Breitbart,Georgia; Elections,Amy Sherman,"May 23, 2022",https://www.politifact.com/factchecks/2022/may/23/david-perdue/georgia-perdue-falsely-claims-kemp-allowed-75-mill/
Jody Hice,"May 5, 2022","Georgia Secretary of State Brad Raffensperger used ""$50 million of Zuckerberg money"" in 2020 to ""tip the scales.""",false,TV interview,Georgia; Elections,Amy Sherman,"May 19, 2022",https://www.politifact.com/factchecks/2022/may/19/jody-hice/georgia-race-election-denier-distorts-brad-raffens/
X posts,"May 17, 2022",The problem with mail ballots in Lancaster County is a sign of “voter fraud.”,false,tweets,Elections; Pennsylvania,Amy Sherman,"May 18, 2022",https://www.politifact.com/factchecks/2022/may/18/tweets/mail-ballot-problem-pennsylvania-county-was-printi/
Blake Masters,"May 14, 2022",“Democrats want open borders so they can bring in and amnesty tens of millions of illegal aliens — that’s their electoral strategy.”,false,tweet,Immigration; Elections; Arizona,Jon Greenberg,"May 16, 2022",https://www.politifact.com/factchecks/2022/may/16/blake-masters/factchecking-arizonas-blake-masters-claim-open-bor/
The Gateway Pundit,"April 24, 2022","“A STOLEN ELECTION: State totals minus illegal ballot trafficking numbers give President Trump decisive victories in AZ, GA, MI, PA, and WI.”",false,blog post,Georgia; National; Elections; Pennsylvania; Arizona; Wisconsin; Michigan,Jill Terreri Ramos,"May 4, 2022",https://www.politifact.com/factchecks/2022/may/04/gateway-pundit/claims-2020-election-was-stolen-are-still-false/
Club for Growth,"April 26, 2022","Says J.D. Vance said, “People who voted for Trump voted for him for racist reasons.”",false,attack ad,Ohio; Elections; Race and Ethnicity; Ad Watch,Jon Greenberg,"April 28, 2022",https://www.politifact.com/factchecks/2022/apr/28/club-growth/attack-ad-twists-jd-vances-words-racism-and-trump-/
David Perdue,"April 24, 2022",A consent decree approved by Gov. Brian Kemp “invalidated all voter ID law” and “allowed fraudulent ballots to be accepted” in the 2020 race.,pants-fire,debate,Georgia; National; Elections,Amy Sherman,"April 26, 2022",https://www.politifact.com/factchecks/2022/apr/26/david-perdue/david-perdue-distorts-facts-georgia-agreement-abse/
Donald Trump,"April 21, 2022",Brian Kemp and Secretary of State Brad Raffensperger “perhaps in collusion with the Radical Left Democrats” are attempting to “unseat” U.S. Rep. Marjorie Taylor Greene.,false,statement to the media,Georgia; National; Elections; Legal Issues; Jan. 6,Amy Sherman,"April 22, 2022",https://www.politifact.com/factchecks/2022/apr/22/donald-trump/trump-wrong-about-marjorie-taylor-greene-legal-cha/
Get Georgia Right,"April 8, 2022","Brian Kemp ""dismissed concerns about voter fraud in the 2020 election"" and ""widespread illegal ballot harvesting continued, electing two Democrat senators.""",false,ad,Georgia; Elections; Ad Watch,Tom Kertscher,"April 14, 2022",https://www.politifact.com/factchecks/2022/apr/14/get-georgia-right/fact-checking-ad-against-georgias-brian-kemp-and-f/
JD Vance,"April 5, 2022","“Joe Biden’s open border” means that there are “more Democrat voters pouring into this country.""",false,TV ad,Immigration; National; Ohio; Elections,Amy Sherman,"April 8, 2022",https://www.politifact.com/factchecks/2022/apr/08/jd-vance/jd-vances-ad-about-open-border-and-immigrant-voter/
Mike Gibbons,"March 28, 2022","According to the Census Bureau, “5 million more people voted than were registered to vote” in the 2020 election.",pants-fire,Republican debate,National; Ohio; Elections; Jan. 6,Jon Greenberg,"April 4, 2022",https://www.politifact.com/factchecks/2022/apr/04/mike-gibbons/ohio-gop-candidate-falsely-says-more-votes-registe/
David Perdue,"March 25, 2022",The 2021 Georgia Senate runoff and the 2020 presidential election “were stolen.”,pants-fire,radio interview,Georgia; National; Congress; Elections,Amy Sherman,"March 29, 2022",https://www.politifact.com/factchecks/2022/mar/29/david-perdue/georgias-david-perdue-said-elections-were-stolen-h/
Alex Lasry,"March 16, 2022","Says Ron Johnson ""is supporting the Republican plan that phases out Social Security and Medicare.""",mostly-false,Campaign ad,Elections; Medicare; Social Security; Wisconsin,D.L. Davis,"March 18, 2022",https://www.politifact.com/factchecks/2022/mar/18/alex-lasry/ron-johnson-has-not-endorsed-plan-phase-out-social/
Kari Lake,"March 13, 2022",Jan. 6 defendants “are being held in prison without being charged.”,false,interview with 60 Minutes Australia,Elections; Jan. 6; Arizona,Amy Sherman,"March 17, 2022",https://www.politifact.com/factchecks/2022/mar/17/kari-lake/arizona-gop-candidate-kari-lake-wrongly-says-jan-6/
Michael Gableman,"March 7, 2022","Five Wisconsin cities received money for the 2020 election from Mark Zuckerberg, which amounted to ""a wave of massive election bribery.""",pants-fire,TV interview,Elections; Legal Issues; Wisconsin,D.L. Davis,"March 15, 2022",https://www.politifact.com/factchecks/2022/mar/15/michael-gableman/courts-have-repeatedly-upheld-grants-gableman-says/
Josh Mandel,"February 25, 2022",The 2020 election “was stolen from Donald J. Trump.”,pants-fire,speech at the 2022 CPAC meeting,National; Ohio; Elections,Jon Greenberg,"March 1, 2022",https://www.politifact.com/factchecks/2022/mar/01/josh-mandel/ohios-mandel-repeats-false-claim-stolen-2020-elect/
Greta Neubauer,"February 21, 2022",“Republican leadership has not been clear about whether they support Rep. Ramthun’s illegal and undemocratic resolution” on the 2020 election.,false,Twitter,Elections; Legal Issues; Wisconsin,Madeline Heim,"February 28, 2022",https://www.politifact.com/factchecks/2022/feb/28/greta-neubauer/republican-leaders-have-made-clear-they-dont-think/
Rick Scott,"February 15, 2022","""The latest with the Durham report is that the Clinton campaign … actually spied on the president of the United States.”",false,statement to reporters,National; Elections; Legal Issues,Jon Greenberg,"February 21, 2022",https://www.politifact.com/factchecks/2022/feb/21/rick-scott/durham-filing-scott-exaggerates-proof-clinton-camp/
Jesse Watters,"February 14, 2022","“Durham’s documents show that Hillary Clinton hired people who hacked into Trump’s home and office computers” and “planted evidence, fabricated evidence connecting Trump to Russia.”",false,TV segment,Criminal Justice; Elections; Foreign Policy; Pundits; Technology; PunditFact,Bill McCarthy,"February 17, 2022",https://www.politifact.com/factchecks/2022/feb/17/jesse-watters/jesse-watters-spins-facts-beyond-recognition-claim/
Gary Chambers Jr.,"February 9, 2022","""One in 13 Black Americans are deprived of the right to vote.""",half-true,campaign video,National; Elections; Race and Ethnicity,Amy Sherman,"February 15, 2022",https://www.politifact.com/factchecks/2022/feb/15/gary-chambers/fact-checking-louisiana-democrats-claim-about-blac/
Jesse Haw,"February 2, 2022",“Nevada ranks 50th in election integrity ratings.”,mostly-false,Facebook ad,National; Nevada; Elections,Amy Sherman,"February 14, 2022",https://www.politifact.com/factchecks/2022/feb/14/jesse-haw/fact-checking-claim-nevada-ranks-close-last-electi/
Bloggers,"February 8, 2022",Arizona House bill to “decertify” 2020 results “could effectively recall the Biden electors.”,pants-fire,Facebook post and article,Elections; Facebook Fact-checks; Arizona,Amy Sherman,"February 11, 2022",https://www.politifact.com/factchecks/2022/feb/11/blog-posting/gop-lawmakers-proposal-decertify-arizona-election-/
Kevin Nicholson,"January 28, 2022","""The use of ballot drop boxes and ballot harvesting is illegal.”",mostly-false,Twitter,National; Elections; Legal Issues; Wisconsin,D.L. Davis,"February 11, 2022",https://www.politifact.com/factchecks/2022/feb/11/kevin-nicholson/wisconsin-gop-gubernatorial-candidate-kevin-nichol/
Facebook posts,"February 8, 2022",“MSNBC announced Trump won 2020 election.”,pants-fire,Facebook post,Elections; Facebook Fact-checks,Ciara O'Rourke,"February 10, 2022",https://www.politifact.com/factchecks/2022/feb/10/facebook-posts/no-msnbc-didnt-announce-donald-trump-won-2020-elec/
Mauro Garza,"January 24, 2022","“They call” Jan. 6 “an insurrection,” but “were FBI agents used as political agitators?""",false,ad,Congress; Elections; Ad Watch; Jan. 6; Texas,Tom Kertscher,"February 7, 2022",https://www.politifact.com/factchecks/2022/feb/07/mauro-garza/gop-texas-house-candidate-repeats-false-claim-fbi-/
Stacey Abrams,"January 31, 2022","“In Texas, because of the laws they passed, a 95-year-old World War II veteran is being denied the right to vote by mail because he can't produce a registration number he got back in the 1950s.”",half-true,interview on CNN,Georgia; National; Elections; Texas,Amy Sherman,"February 3, 2022",https://www.politifact.com/factchecks/2022/feb/03/stacey-abrams/fact-checking-stacey-abrams-texas-mail-ballot-deni/
Facebook posts,"January 31, 2022",“Pennsylvania had 2.6 million mail in votes that the court of appeals of PA held to be unconstitutional. Umm that alone means Biden lost PA.”,false,Facebook post,National; Elections; Facebook Fact-checks; Pennsylvania,Amy Sherman,"February 3, 2022",https://www.politifact.com/factchecks/2022/feb/03/facebook-posts/facebook-post-wrongly-says-pennsylvania-mail-ballo/
Donald Trump,"January 30, 2022",Proposed changes to the Electoral Count act show Pence had the power and “could have overturned the election!”,false,statement given to the press,National; Elections; Jan. 6,Jon Greenberg,"February 1, 2022",https://www.politifact.com/factchecks/2022/feb/01/donald-trump/trump-falsely-says-electoral-count-act-talks-prove/
Ronny Jackson,"January 16, 2022","""In 2022, illegal immigrants will have MORE FREEDOMS and easier access to healthcare and ballot boxes than most Americans... Just think about that.""",pants-fire,tweet,Immigration; Border Security; Elections; Health Care; Texas,Nusaiba Mizan,"January 31, 2022",https://www.politifact.com/factchecks/2022/jan/31/ronny-jackson/ronny-jackson-wrong-unauthorized-immigrant-access-/
Iowa Republican Party,"January 24, 2022","When asked if she supports the Build Back Better bill, Abby Finkenauer said that she didn’t know what was in it.",mostly-false,news release,Congress; Elections,Nina Baker,"January 28, 2022",https://www.politifact.com/factchecks/2022/jan/28/iowa-republican-party/iowa-gop-deceptively-edits-abby-finkenauers-commen/
Joni Ernst,"January 23, 2022","In Iowa, “since we have put a number of the voting laws into place over the last several years — voter ID is one of those — we've actually seen voter participation increase, even in off-election years.”",true,interview,Corrections and Updates; Elections; Voter ID Laws; Iowa,Lyle Muller,"January 26, 2022",https://www.politifact.com/factchecks/2022/jan/26/joni-ernst/numbers-back-joni-ernst-claim-record-iowa-voter-tu/
Facebook posts,"January 26, 2022",“It begins. Wisconsin Assembly votes to remove electoral votes from Biden.”,false,Facebook post,Elections; Facebook Fact-checks; Wisconsin,Jeff Cercone,"January 26, 2022",https://www.politifact.com/factchecks/2022/jan/26/facebook-posts/wisconsin-legislators-did-not-vote-remove-bidens-e/
Jim Lamon,"January 26, 2022","The Biden-Harris administration ""wants to hand out $450,000 to illegal immigrants.""",false,ad,Immigration; Congress; Elections; Federal Budget; Legal Issues; Ad Watch; Arizona,Tom Kertscher,"January 26, 2022",https://www.politifact.com/factchecks/2022/jan/26/jim-lamon/gop-ariz-senate-hopeful-lamon-falsely-claims-biden/
Mitch McConnell,"January 19, 2022",The Freedom to Vote Act is “a sprawling takeover of our whole political system.”,false,a Senate hearing,National; Congress; Elections,Amy Sherman,"January 24, 2022",https://www.politifact.com/factchecks/2022/jan/24/mitch-mcconnell/why-its-wrong-call-voting-rights-bills-federal-tak/
Facebook posts,"January 12, 2022",“India has nearly 1.4 billion citizens. Nearly 800 million of them live in extreme poverty — less than $1.90 per day. Yet EVERY singly (sic) Indian citizen is required to have a valid form of ID to vote in national elections.”,half-true,post,Elections; Facebook Fact-checks,Monique Curet,"January 19, 2022",https://www.politifact.com/factchecks/2022/jan/19/facebook-posts/india-requires-voter-id-its-system-still-leaves-so/
Facebook posts,"January 6, 2022",Says Joe Biden said “dozens of police were killed” during the Jan. 6 attack on the U.S. Capitol but “exactly zero people” died that day.,pants-fire,Facebook post,Congress; Criminal Justice; Elections; Facebook Fact-checks; Jan. 6,Andy Nguyen,"January 19, 2022",https://www.politifact.com/factchecks/2022/jan/19/facebook-posts/no-joe-biden-never-said-dozens-police-were-killed-/
Facebook posts,"January 7, 2022","“The Wisconsin voter roll has over 120,000 active voters who have been registered to vote for over 100 years.”",false,Facebook video,Elections; Facebook Fact-checks; Wisconsin,Amy Sherman,"January 14, 2022",https://www.politifact.com/factchecks/2022/jan/14/facebook-posts/false-claim-100000-wisconsin-voters-registered-mor/
Joe Biden,"January 11, 2022","“In the 2020 election, President Trump voted from behind the desk in the White House in Florida.”",half-true,speech on voting rights,Georgia; National; Elections; Florida; New York,Amy Sherman,"January 13, 2022",https://www.politifact.com/factchecks/2022/jan/13/joe-biden/trump-has-spread-falsehoods-about-voting-mail-whil/
Donald Trump,"January 7, 2022",Democrats “are trying to ban voter ID.”,mostly-false,email,National; Elections; Voter ID Laws,Amy Sherman,"January 11, 2022",https://www.politifact.com/factchecks/2022/jan/11/donald-trump/trump-says-democrats-are-trying-ban-voter-id-s-mis/
Bloggers,"January 5, 2022",Says Georgia Secretary of State Brad Raffensperger “to investigate himself over voter fraud.”,false,blog post,Georgia; Elections; Facebook Fact-checks,Ciara O'Rourke,"January 7, 2022",https://www.politifact.com/factchecks/2022/jan/07/blog-posting/no-georgias-secretary-state-didnt-say-hes-going-in/
Facebook posts,"December 28, 2021",“Jan. 6 was NOT an insurrection…but Nov. 4 at 3 a.m. was!”,pants-fire,post,Elections; Facebook Fact-checks; Jan. 6,Monique Curet,"January 4, 2022",https://www.politifact.com/factchecks/2022/jan/04/facebook-posts/false-claims-about-jan-6-insurrection-and-2020-pre/
Facebook posts,"December 10, 2021",“Wisconsin 2020 election investigation finds more illegal votes were cast than Biden's margin of victory.”,false,Facebook post,Elections; Facebook Fact-checks; Wisconsin,Tom Kertscher,"December 13, 2021",https://www.politifact.com/factchecks/2021/dec/13/facebook-posts/review-did-not-find-more-illegal-votes-bidens-marg/
Amy Klobuchar,"December 5, 2021","""Over time there have been 160-some carve-outs to the filibuster.""",mostly-true,"interview on NBC's ""Meet the Press""",Congress; Elections,Louis Jacobson,"December 9, 2021",https://www.politifact.com/factchecks/2021/dec/09/amy-klobuchar/how-unusual-would-it-be-create-filibuster-carve-ou/
Bloggers,"November 18, 2021","The FBI targeted a woman and searched her home because she “protested local school board, elections.”",mostly-false,article,Colorado; Education; Elections; Facebook Fact-checks,Monique Curet,"November 23, 2021",https://www.politifact.com/factchecks/2021/nov/23/blog-posting/fbi-searched-womans-home-because-elections-investi/
Janet Bewley,"November 5, 2021",“Wisconsin is almost equally divided on partisan lines” and therefore new Legislative maps could be drawn to “represent that 50-50 split.”,mostly-false,News release,Elections; Redistricting; States; Wisconsin,Madeline Heim,"November 23, 2021",https://www.politifact.com/factchecks/2021/nov/23/janet-bewley/bewley-wrong-legislative-maps-could-be-drawn-provi/
Meagan Wolfe,"November 5, 2021","""Only a court can decide that somebody is incompetent to vote"" -- the state Election Commission ""cannot force facilities, private facilities, to allow special voting deputies"" inside.",mostly-true,TV interview,Disability; Elections; Legal Issues; Wisconsin,D.L. Davis,"November 18, 2021",https://www.politifact.com/factchecks/2021/nov/18/meagan-wolfe/elections-administrator-right-who-can-decide-when-/
Joe Biden,"November 3, 2021",“No governor in Virginia has ever won when...he or she is the same party as the sitting president.”,false,news conference.,Elections; History; Virginia,Warren Fiske,"November 12, 2021",https://www.politifact.com/factchecks/2021/nov/12/joe-biden/biden-botches-claim-about-virginia-elections/
Bloggers,"November 3, 2021",“More fraud in New Jersey’s election uncovered – voting machines would not allow citizens to vote for Republican governor candidate.”,mostly-false,story,National; New Jersey; Elections; Facebook Fact-checks,Samantha Putterman,"November 9, 2021",https://www.politifact.com/factchecks/2021/nov/09/blog-posting/voting-machine-malfunction-new-jersey-isnt-evidenc/
Project Veritas,"November 5, 2021",A crime was committed when a New Jersey election worker allowed someone who said he was not a citizen to fill out a ballot.,false,post,New Jersey; Elections; Facebook Fact-checks,Monique Curet,"November 9, 2021",https://www.politifact.com/factchecks/2021/nov/09/project-veritas/new-jersey-poll-worker-did-not-commit-crime-when-p/
X posts,"November 2, 2021",“Fox News went from 97% reporting to 94% in Virginia. The fraud is so blatant it's not funny anymore.”,false,tweet,Elections; Facebook Fact-checks; Virginia,Tom Kertscher,"November 8, 2021",https://www.politifact.com/factchecks/2021/nov/08/tweets/fox-says-live-reporting-va-governor-election-turno/
Facebook posts,"October 31, 2021","""Atheists are prohibited from holding office in 8 states.”",half-true,Facebook post,Elections; Religion; Facebook Fact-checks,Jeff Cercone,"November 8, 2021",https://www.politifact.com/factchecks/2021/nov/08/facebook-posts/7-states-ban-atheists-public-office-supreme-court-/
Facebook posts,"November 3, 2021",“Trash bins discovered outside the Gloucester County Board of Elections containing blank ballots as well as bags of shredded ballots from Tuesday’s election!”,false,Facebook post,National; New Jersey; Elections; Facebook Fact-checks,Samantha Putterman,"November 5, 2021",https://www.politifact.com/factchecks/2021/nov/05/facebook-posts/items-found-trash-outside-new-jersey-elections-off/
Roger Stone,"October 31, 2021",“There are over 1 million phantom voters on the Florida voter rolls.”,pants-fire,Gab post,National; Elections; Florida,Amy Sherman,"November 3, 2021",https://www.politifact.com/factchecks/2021/nov/03/roger-stone/why-roger-stones-claim-about-phantom-voters-florid/
Wisconsin Senate Republicans,"October 26, 2021","“States run elections, not the federal government.”",mostly-false,Twitter,National; Elections; States; Wisconsin,Laura Schulte,"November 3, 2021",https://www.politifact.com/factchecks/2021/nov/03/wisconsin-senate-republicans/every-level-government-contributes-elections-local/
Tucker Carlson,"November 1, 2021","“Jan. 6 is being used as a pretext to strip millions of Americans, disfavored Americans, of their core constitutional rights.”",pants-fire,"his documentary series ""Patriot Purge""",Civil Rights; Criminal Justice; Elections; Homeland Security; Legal Issues; Crime; Pundits; Terrorism; PunditFact; Jan. 6,Bill McCarthy,"November 2, 2021",https://www.politifact.com/factchecks/2021/nov/02/tucker-carlson/tucker-carlson-film-falsely-claims-jan-6-pretext-s/
The Gateway Pundit,"October 30, 2021",“Fairfax County is not requiring the last four digits of Social Security Numbers on absentee ballots in this election.”,mostly-false,article,Elections; Virginia,Louis Jacobson,"November 1, 2021",https://www.politifact.com/factchecks/2021/nov/01/gateway-pundit/fairfax-county-va-lawsuit-involved-absentee-ballot/
Facebook posts,"October 29, 2021",“Virginia Democrat operatives” and Terry McAuliffe campaign staffers posed as white supremacists and stood by Republican Glenn Youngkin’s bus.,false,Facebook post,National; Elections; Facebook Fact-checks; Virginia,Samantha Putterman,"November 1, 2021",https://www.politifact.com/factchecks/2021/nov/01/facebook-posts/virginia-democratic-party-mcauliffe-campaign-not-i/
Facebook posts,"October 27, 2021",Virginia voters are being turned away from polling locations because they were told they already requested absentee ballots when they haven’t.,mostly-false,Facebook post,Elections; Facebook Fact-checks; Virginia,Samantha Putterman,"October 29, 2021",https://www.politifact.com/factchecks/2021/oct/29/facebook-posts/posts-about-virginia-voters-being-forced-sign-form/
Bloggers,"October 23, 2021",“Barack Obama signals That Democrats Intend to Cheat in the Virginia Governor’s Election.”,false,headline,National; Elections; Facebook Fact-checks; Virginia,Samantha Putterman,"October 26, 2021",https://www.politifact.com/factchecks/2021/oct/26/blog-posting/obama-urged-people-vote-mail-or-person-virginias-g/
Jim Banks,"September 16, 2021","Says he is the ""ranking member"" of the House select committee investigating the Jan. 6 attack on the U.S. Capitol.",false,letter,National; Congress; Corrections and Updates; Elections; Jan. 6,Bill McCarthy,"October 25, 2021",https://www.politifact.com/factchecks/2021/oct/25/jim-banks/indiana-congressman-signed-letter-top-republican-j/
Heritage Action,"October 19, 2021","The Freedom to Vote Act ""automatically registers ineligible voters.""",false,Facebook post,National; Congress; Elections; Facebook Fact-checks,Amy Sherman,"October 21, 2021",https://www.politifact.com/factchecks/2021/oct/21/heritage-action/conservative-group-distorts-voter-registration-sec/
The Gateway Pundit,"October 17, 2021",Democrats “manufactured votes from low income voters to steal the battleground states.”,pants-fire,headline,Elections; Poverty; Facebook Fact-checks,Amy Sherman,"October 19, 2021",https://www.politifact.com/factchecks/2021/oct/19/gateway-pundit/gateway-pundit-conflates-voter-outreach-voter-frau/
Facebook posts,"September 28, 2021","“Arizona audit” shows 86,391 voters “don’t appear to exist.”",false,Facebook post,National; Elections; Arizona,Amy Sherman,"September 30, 2021",https://www.politifact.com/factchecks/2021/sep/30/facebook-posts/distorted-claim-86391-voters-maricopa-dont-appear-/
Instagram posts,"September 28, 2021","The audit of the 2020 presidential election in Maricopa County, Ariz., “cost the taxpayers $6 million.”",mostly-false,Instagram post,County Government; Elections; Facebook Fact-checks; Arizona,Tom Kertscher,"September 30, 2021",https://www.politifact.com/factchecks/2021/sep/30/instagram-posts/trump-backers-paid-nearly-all-6-million-cost-ariz-/
Facebook posts,"September 24, 2021",Arizona “could decertify” the 2020 presidential election,pants-fire,Facebook post,Elections; Facebook Fact-checks; Arizona,Amy Sherman,"September 29, 2021",https://www.politifact.com/factchecks/2021/sep/29/facebook-posts/posts-stating-arizona-could-decertify-2020-preside/
Donald Trump,"September 25, 2021",Says Biden “didn’t win in Arizona. He lost in Arizona based on the forensic audit.”,pants-fire,rally,National; Elections; Arizona,Amy Sherman,"September 28, 2021",https://www.politifact.com/factchecks/2021/sep/28/donald-trump/trump-falsely-describes-arizona-audit-findings/
Instagram posts,"September 25, 2021","""Maricopa County official purged machine records before audit started.""",false,Instagram post,Elections; Facebook Fact-checks; Arizona,Bill McCarthy,"September 28, 2021",https://www.politifact.com/factchecks/2021/sep/28/instagram-posts/no-evidence-claim-maricopa-county-purged-machine-r/
Facebook posts,"September 26, 2021","“The Arizona forensic audit found over 17,000 duplicates of votes.”",false,Facebook posts,Elections; Facebook Fact-checks; Arizona,Noah Y. Kim,"September 27, 2021",https://www.politifact.com/factchecks/2021/sep/27/facebook-posts/no-evidence-maricopa-county-audit-found-17000-dupl/
Chris Larson,"September 10, 2021","The GOP-controlled Legislature has ""refused to act on at least 150"" appointees of Gov. Tony Evers.",true,Twitter,Elections; Legal Issues; States; Wisconsin,D.L. Davis,"September 24, 2021",https://www.politifact.com/factchecks/2021/sep/24/chris-larson/yes-gop-controlled-legislature-has-refused-act-lea/
Eric Toney,"September 9, 2021",Says he “is the only candidate in the Wisconsin Attorney General race with experience as a prosecutor.”,false,News release,Elections; Legal Issues; Wisconsin,Alan Hovorka,"September 16, 2021",https://www.politifact.com/factchecks/2021/sep/16/eric-toney/wis-gop-atty-gen-candidate-misses-mark-repeating-p/
Election Integrity Project California,"June 22, 2021","""California Has 1.8M More Registered Voters Than It Should”",pants-fire,headline,Elections; California,Isabella Fertel,"September 14, 2021",https://www.politifact.com/factchecks/2021/sep/14/election-integrity-project-california/no-california-does-not-have-18-million-ineligible-/
Facebook posts,"September 4, 2021",“Stunning report: nearly 15 million mail-in ballots were not counted in the 2020 election.”,mostly-false,Facebook post,National; Nevada; Elections; California; Facebook Fact-checks; Arizona,Amy Sherman,"September 14, 2021",https://www.politifact.com/factchecks/2021/sep/14/facebook-posts/fact-checking-misleading-claim-about-uncounted-bal/
Breitbart,"September 13, 2021","“Polling center tells some Republicans they ‘already voted’"" in the California recall election.",half-true,article,Elections; California; Facebook Fact-checks; PunditFact,Tom Kertscher,"September 14, 2021",https://www.politifact.com/factchecks/2021/sep/14/breitbart/snafu-one-polling-site-did-not-target-gop-voters-c/
Eric Toney,"August 22, 2021","""I'm the only front-line prosecutor in this race that's actually used the resources of the Wisconsin Crime Lab in the prosecution of cases.""",mostly-true,TV interview,Elections; Legal Issues; States; Wisconsin,Alan Hovorka,"September 13, 2021",https://www.politifact.com/factchecks/2021/sep/13/eric-toney/atty-gen-candidate-says-hes-only-front-line-prosec/
Joe Biden,"August 26, 2021","Women are ""disproportionately impacted by voter ID laws — especially married women who change their names, or those whose IDs do not accurately reflect their gender.""",mostly-true,proclamation,National; Elections; Voter ID Laws; Women,Amy Sherman,"September 7, 2021",https://www.politifact.com/factchecks/2021/sep/07/joe-biden/are-women-disproportionately-impacted-voter-id-law/
Larry Elder,"August 19, 2021","“California voters to be able to download ballots at home for recall election, sparking security concerns.”",mostly-false,tweet,Disability; Elections; California,Chris Nichols,"August 27, 2021",https://www.politifact.com/factchecks/2021/aug/27/larry-elder/no-calif-program-voters-disabilities-not-security-/
Donald Trump,"August 12, 2021",“A Milwaukee election employee even acknowledged dropping off just the margin of ballots needed for a Biden win at 3 a.m.”,pants-fire,Email statement,National; Elections; Legal Issues; Wisconsin,Madeline Heim,"August 23, 2021",https://www.politifact.com/factchecks/2021/aug/23/donald-trump/no-milwaukee-election-official-didnt-admit-deliver/
Chip Roy,"July 29, 2021",A quorum-breaking Texas Democrat said in 2007 that mail-in ballot fraud “is the greatest source of voter fraud in this state.”,true,hearing,Elections; Voter ID Laws; Texas,Brandon Mulder,"August 6, 2021",https://www.politifact.com/factchecks/2021/aug/06/chip-roy/among-rare-cases-voter-fraud-texas-mail-ballot-fra/
Facebook posts,"July 19, 2021",Mail-in voting requires no signature verification.,false,Facebook post,Elections; Facebook Fact-checks,Amy Sherman,"July 30, 2021",https://www.politifact.com/factchecks/2021/jul/30/facebook-posts/most-states-require-signature-verification-mail-ba/
Facebook posts,"July 24, 2021",There are “22 million illegal aliens living in America and ... voting illegally.”,false,Facebook post,Immigration; Elections; Facebook Fact-checks,Bill McCarthy,"July 27, 2021",https://www.politifact.com/factchecks/2021/jul/27/facebook-posts/no-evidence-viral-claim-22-million-illegal-aliens-/
Facebook posts,"July 22, 2021",“This week the military was moving big equipment into the major big cities preparing for the Maricopa audit results.”,false,Facebook post,Elections; Military; Arizona,Amy Sherman,"July 23, 2021",https://www.politifact.com/factchecks/2021/jul/23/facebook-posts/no-proof-military-moving-equipment-cities-due-mari/
Tucker Carlson,"July 14, 2021","“It now appears there actually was meaningful voter fraud in Fulton County, Georgia, last November. That is not a conspiracy theory. It's true.”",false,TV segment,Georgia; Elections; Pundits; Facebook Fact-checks; PunditFact,Bill McCarthy,"July 20, 2021",https://www.politifact.com/factchecks/2021/jul/20/tucker-carlson/tucker-carlson-spins-web-misleading-claims-he-alle/
Facebook posts,"July 13, 2021","In the 2020 presidential election, “4,255 ballots in Fulton County, Georgia,  were scanned multiple times” and “3,390 went to Biden.”",false,Facebook post,Georgia; Elections; Facebook Fact-checks,Tom Kertscher,"July 19, 2021",https://www.politifact.com/factchecks/2021/jul/19/facebook-posts/no-proof-thousands-double-counted-ballots-2020-pre/
Facebook posts,"July 15, 2021","""Biden concedes 6 million votes.""",pants-fire,Facebook post,Elections; Facebook Fact-checks,Tom Kertscher,"July 19, 2021",https://www.politifact.com/factchecks/2021/jul/19/facebook-posts/biden-misspoke-about-turnout-numbers-he-didnt-conc/
Donald Trump,"July 15, 2021","Says that in the 2020 presidential election in Maricopa County, Ariz., ""74,243 mail-in ballots were counted with 'no clear record of them being sent.'""",false,statement,Elections; Arizona,Tom Kertscher,"July 19, 2021",https://www.politifact.com/factchecks/2021/jul/19/donald-trump/no-evidence-74000-ariz-mail-ballots-cast-2020-elec/
Kamala Harris,"July 9, 2021","New and proposed state laws on voting mean “if you are going to be standing in that line for all those hours, you can’t have any water or any food.”",mostly-false,interview,Georgia; Elections; Florida; New York,Amy Sherman,"July 15, 2021",https://www.politifact.com/factchecks/2021/jul/15/kamala-harris/fact-checking-kamala-harris-claim-food-water-hando/
Facebook posts,"July 11, 2021",A bodyguard of a high-ranking Democrat in Congress fired the shot that killed Ashli Babbitt on Jan. 6.,false,Facebook post,National; Congress; Criminal Justice; Elections; Facebook Fact-checks; Jan. 6,Samantha Putterman,"July 14, 2021",https://www.politifact.com/factchecks/2021/jul/14/facebook-posts/officer-who-shot-ashli-babbitt-wasnt-assigned-any-/
Donald Trump,"July 11, 2021",“There were no guns whatsoever” at the Capitol riot on Jan. 6.,false,an interview on Fox News,National; Elections; Crime; Pundits; Jan. 6,Gabrielle Settles,"July 13, 2021",https://www.politifact.com/factchecks/2021/jul/13/donald-trump/jan-6-defendants-were-armed-guns-other-weapons-doc/
Joe Biden,"July 13, 2021","""In 2020, more people voted in America than ever in the history of America, in the middle of a once-in-a-century pandemic.""",mostly-true,speech,Elections,Louis Jacobson,"July 13, 2021",https://www.politifact.com/factchecks/2021/jul/13/joe-biden/fact-checking-joe-biden-voter-turnout-2020/
Just the News,"June 17, 2021","""Records suggest more than 100 batches of absentee ballots in Fulton County could be missing.""",false,article,Georgia; Elections; Facebook Fact-checks,Tom Kertscher,"July 9, 2021",https://www.politifact.com/factchecks/2021/jul/09/just-news/no-evidence-missing-absentee-ballots-georgias-2020/
Donald Trump,"July 7, 2021","""The person that shot Ashli Babbitt — boom — right through the head — just boom — there was no reason for that.""",false,press conference,Criminal Justice; Elections; Jan. 6,Louis Jacobson,"July 8, 2021",https://www.politifact.com/factchecks/2021/jul/08/donald-trump/fact-checking-donald-trump-there-being-no-reason-s/
Donald Trump,"June 26, 2021",“In 2020 we won (Wisconsin).”,pants-fire,Statement,National; Elections; Legal Issues; States; Wisconsin,D.L. Davis,"July 6, 2021",https://www.politifact.com/factchecks/2021/jul/06/donald-trump/deja-vu-all-over-again-former-president-trump-wron/
Donald Trump,"June 25, 2021",Says Republican leaders “are working hard to cover up election corruption in Wisconsin.”,pants-fire,Statement,National; Elections; Legal Issues; Party Support; Wisconsin,Laura Schulte,"July 5, 2021",https://www.politifact.com/factchecks/2021/jul/05/donald-trump/trump-misses-mark-claim-wisconsin-republicans-refu/
Facebook posts,"June 29, 2021",“Military ready to act on audit results!” in Arizona,false,Facebook post,National; Elections; Military; Arizona,Amy Sherman,"June 29, 2021",https://www.politifact.com/factchecks/2021/jun/29/facebook-posts/no-evidence-military-ready-act-arizona-ballot-revi/
Donald Trump,"June 27, 2021",“Facts have now come out to show conclusively” that the 2020 presidential election wasn’t legitimate.,pants-fire,statement,Georgia; National; Elections; Arizona; Wisconsin,Amy Sherman,"June 29, 2021",https://www.politifact.com/factchecks/2021/jun/29/donald-trump/attack-bill-barr-trump-repeats-falsehood-about-202/
National Republican Senatorial Committee,"June 22, 2021",Sen. Raphael Warnock “voted for welfare for politicians plan. Up to $25 million of government money for Warnock’s own political campaign.”,false,ad,Georgia; National; Campaign Finance; Congress; Elections,Amy Sherman,"June 25, 2021",https://www.politifact.com/factchecks/2021/jun/25/national-republican-senatorial-committee/republicans-mislead-welfare-attack-raphael-warnock/
Donald Trump,"June 22, 2021",Georgia didn’t update its voter rolls prior to the 2020 presidential election; “this means we (you!) won the presidential election in Georgia.”,pants-fire,statement,Georgia; National; Elections,Amy Sherman,"June 23, 2021",https://www.politifact.com/factchecks/2021/jun/23/donald-trump/trumps-pants-fire-distortion-about-georgias-voter-/
Bloggers,"June 14, 2021",The 2020 election results in Pennsylvania “show a statistically impossible pattern” and votes were manufactured for Joe Biden.,false,Facebook post,Elections; Facebook Fact-checks; Pennsylvania,Tom Kertscher,"June 18, 2021",https://www.politifact.com/factchecks/2021/jun/18/blog-posting/no-evidence-2020-vote-results-pa-where-trump-lost-/
Donald Trump,"June 5, 2021",“Republican state senators” who started an audit of 2020 election results in Maricopa County are “exposing this fraud.”,false,speech to the North Carolina Republican Convention,National; Elections; Arizona,Amy Sherman,"June 9, 2021",https://www.politifact.com/factchecks/2021/jun/09/donald-trump/trump-falsely-implies-arizona-audit-has-exposed-fr/
Ron DeSantis,"June 2, 2021",Says Florida Agriculture Commissioner Nikki Fried “spent millions of dollars to put her face on every gas pump across this state.”,mostly-false,press conference,National; Elections; Florida,Jon Greenberg,"June 4, 2021",https://www.politifact.com/factchecks/2021/jun/04/ron-desantis/sticker-shock-desantis-wrong-democrat-fried-spendi/
Derrick Van Orden,"May 11, 2021",Says U.S. Rep. Ron Kind has “spent more $ in 100+ days than was spent fighting WWII,false,Twitter,National; Economy; Elections; Federal Budget; Wisconsin,D.L. Davis,"June 4, 2021",https://www.politifact.com/factchecks/2021/jun/04/derrick-van-orden/no-american-rescue-plan-does-not-cost-more-world-w/
Facebook posts,"May 30, 2021","""Absent from the news — Dominion lost their lawsuits against Rudy Giuliani and Sidney Powell.""",false,Facebook post,Elections; Legal Issues; Facebook Fact-checks,Tom Kertscher,"June 1, 2021",https://www.politifact.com/factchecks/2021/jun/01/facebook-posts/dominions-defamation-lawsuit-against-giuliani-powe/
Facebook posts,"May 22, 2021","""21% of 140,000 ballots were found to be in error in GA.”",mostly-false,Facebook post,Georgia; National; Elections,Amy Sherman,"May 27, 2021",https://www.politifact.com/factchecks/2021/may/27/facebook-posts/claim-ballots-error-fulton-county-ga-unproven/
Facebook posts,"May 25, 2021",“Boom! Georgia 1st to decertify election.”,pants-fire,Facebook post,Georgia; National; Elections,Amy Sherman,"May 27, 2021",https://www.politifact.com/factchecks/2021/may/27/facebook-posts/claim-georgia-decertified-election-pants-fire-fals/
Jocelyn Benson,"May 20, 2021",A Republican bill in Michigan “would make it a crime for election officials … to share information about how to vote by mail and where to find a ballot drop box.”,half-true,campaign fundraising email,Elections; Michigan,Clara Hendrickson,"May 26, 2021",https://www.politifact.com/factchecks/2021/may/26/jocelyn-benson/gop-bill-michigan-would-restrict-not-prohibit-offi/
Instagram posts,"May 20, 2021",Arizona ballots were shredded and burned in a chicken farm fire.,pants-fire,Instagram post,Elections; Fires; Facebook Fact-checks; Arizona,Bill McCarthy,"May 25, 2021",https://www.politifact.com/factchecks/2021/may/25/instagram-posts/fowl-play-social-media-users-falsely-claim-arizona/
Robert Martwick,"May 10, 2021",Opposition to having a fully elected Chicago Board of Education is in the “super minority.”,true,podcast interview,Education; Elections; Illinois,Kiannah Sepeda-Miller,"May 23, 2021",https://www.politifact.com/factchecks/2021/may/23/robert-martwick/yes-large-majorities-support-elected-chicago-schoo/
Donald Trump,"May 15, 2021","""The entire Database of Maricopa County in Arizona has been DELETED!""",false,statement,Elections; Arizona,Tom Kertscher,"May 19, 2021",https://www.politifact.com/factchecks/2021/may/19/donald-trump/no-proof-trump-claim-database-2020-election-ariz-w/
Kevin McCarthy,"May 12, 2021","""I don't think anybody is questioning the legitimacy of the presidential election.""",pants-fire,statement to reporters,Elections,Miriam Valverde,"May 14, 2021",https://www.politifact.com/factchecks/2021/may/14/kevin-mccarthy/ignoring-claims-his-own-party-kevin-mccarthy-says-/
Ted Cruz,"May 11, 2021",The voting rights bill “would register millions of illegal aliens to vote. It is intended to do that.”,pants-fire,meeting,Elections; Texas,Brandon Mulder,"May 14, 2021",https://www.politifact.com/factchecks/2021/may/14/ted-cruz/ted-cruz-repeats-false-claim-voting-bill-would-reg/
Facebook posts,"May 9, 2021","""Michigan has requested a full forensic audit.""",false,Facebook post,Elections; Facebook Fact-checks; Michigan,Clara Hendrickson,"May 11, 2021",https://www.politifact.com/factchecks/2021/may/11/facebook-posts/no-michigan-hasnt-requested-full-forensic-audit-el/
Facebook posts,"April 25, 2021",Caitlyn Jenner “literally killed someone 6 years ago in the streets and was released by a District Attorney.”,mostly-false,Facebook post,Criminal Justice; Elections; Crime; California; Facebook Fact-checks,Steven Rascón,"May 10, 2021",https://www.politifact.com/factchecks/2021/may/10/facebook-posts/was-caitlyn-jenner-released-district-attorney-afte/
Facebook posts,"May 5, 2021","An ongoing audit of the 2020 presidential election in Arizona “showed Trump ahead by 250,000” votes, and “nearly 950,000 ballots are declared illegal, nearly all for Biden.”",pants-fire,Facebook post,Elections; Facebook Fact-checks; Arizona,Tom Kertscher,"May 7, 2021",https://www.politifact.com/factchecks/2021/may/07/facebook-posts/no-truth-claim-arizona-audit-found-trump-250000-vo/
Bloggers,"May 3, 2021",A spy plane was circling the building of the Arizona election audit.,pants-fire,Facebook post,National; Elections; Facebook Fact-checks; Arizona,Amy Sherman,"May 5, 2021",https://www.politifact.com/factchecks/2021/may/05/blog-posting/airplane-over-coliseum-not-spying-arizona-audit/
John Cox,"May 4, 2021","California Gov. Gavin Newsom “just let 76,000 inmates out of jail.""",false,campaign press conference,Criminal Justice; Elections; Crime; California,Chris Nichols,"May 5, 2021",https://www.politifact.com/factchecks/2021/may/05/john-cox/no-gavin-newsom-did-not-just-let-76000-inmates-out/
Facebook posts,"April 29, 2021","An audit of the 2020 election in Maricopa County, Ariz., “is confirming the rumors that real ballots have a special watermark.”",false,Facebook post,Elections; Facebook Fact-checks; Arizona,Tom Kertscher,"May 4, 2021",https://www.politifact.com/factchecks/2021/may/04/facebook-posts/no-proof-pro-trump-conspiracy-theory-secret-waterm/
Facebook posts,"April 24, 2021","Social media posts stated: “Remember Kamala telling Joe during the debate, ‘You will do whatever the Chinese tell you! They gave your son over a billion dollars.’”",pants-fire,Facebook post,China; Debates; Elections; California,Sasha Hupka,"April 30, 2021",https://www.politifact.com/factchecks/2021/apr/30/facebook-posts/no-kamala-harris-did-not-tell-joe-biden-hed-do-wha/
Bloggers,"April 21, 2021","Group “identifies 12,547 illegal votes” in Georgia's 2020 election results, “exceeds margin of victory in the state.”",false,articles and social media,Georgia; Elections; Facebook Fact-checks,Tom Kertscher,"April 28, 2021",https://www.politifact.com/factchecks/2021/apr/28/blog-posting/no-proof-another-pro-trump-claim-thousands-illegal/
Facebook posts,"April 26, 2021",“A quarter of a million illegal votes found in Arizona’s audit.”,false,Facebook post,Elections; Facebook Fact-checks; Arizona,Ciara O'Rourke,"April 27, 2021",https://www.politifact.com/factchecks/2021/apr/27/facebook-posts/no-quarter-million-fraudulent-votes-werent-uncover/
Facebook posts,"April 23, 2021 in","“70% of Americans don't believe a word the mainstream media puts out,” so “everyone who thinks Biden won are only 30% of the population.”",false,on social media,Elections; Facebook Fact-checks,Louis Jacobson,"April 27, 2021",https://www.politifact.com/factchecks/2021/apr/27/facebook-posts/about-66-us-public-thinks-joe-biden-legitimate-pre/
Dan Patrick,"April 6, 2021","“Statistics show that more people of color don't have cars than not. So how do (drive-thru voting centers) help those folks?""",false,press conference,Elections; Texas,Brandon Mulder,"April 23, 2021",https://www.politifact.com/factchecks/2021/apr/23/dan-patrick/voting-debate-no-evidence-more-people-color-dont-o/
National Republican Senatorial Committee,"April 9, 2021",Says Raphael Warnock supports boycotts of Georgia to protest voting law.,false,online ad,Georgia; National; Elections,Amy Sherman,"April 13, 2021",https://www.politifact.com/factchecks/2021/apr/13/national-republican-senatorial-committee/gop-ad-misstates-warnocks-position-georgia-boycott/
Dan Patrick,"April 6, 2021","“Nothing has changed in the election code (under SB 7) regarding early voting. Nothing has changed.""",pants-fire,press conference,Elections; Texas,Brandon Mulder,"April 9, 2021",https://www.politifact.com/factchecks/2021/apr/09/dan-patrick/yes-texas-senates-election-bill-sb7-changes-early-/
Edward Lawrence,"April 2, 2021","""Sunday was never used before as a voting day in Georgia.”",false,Fox News appearance,Georgia; Elections; Pundits; PunditFact,Bill McCarthy,"April 7, 2021",https://www.politifact.com/factchecks/2021/apr/07/edward-lawrence/fox-business-reporter-wrong-about-history-sunday-v/
Bloggers,"April 5, 2021",“Report: Biden administration busing ‘thousands’ of illegals to red states to get permanent status.”,false,blog post,Immigration; Elections; Facebook Fact-checks,Tom Kertscher,"April 7, 2021",https://www.politifact.com/factchecks/2021/apr/07/blog-posting/no-report-does-not-say-biden-administration-busing/
Tim Scott,"April 6, 2021",Says Georgia “has more day-of voting rights than Colorado.”,mostly-false,tweet,Colorado; Georgia; National; Elections,Jon Greenberg,"April 7, 2021",https://www.politifact.com/factchecks/2021/apr/07/tim-scott/tim-scott-overlooks-colorados-massive-vote-mail-sy/
Alex Mooney,"March 3, 2021","H.R. 1 “mandates practices nationwide” that include “ballot harvesting, universal mail-in voting and same-day registration.”",half-true,news release,West Virginia; Elections,Raeanne Beckner,"April 5, 2021",https://www.politifact.com/factchecks/2021/apr/05/alex-mooney/fact-checking-rep-alex-mooney-wva-requirements-hr-/
Roy Cooper,"March 26, 2021",“People don’t pretend to be someone else to go in and vote. You just don’t see that kind of fraud.”,mostly-true,interview with CNN's Jake Tapper,Elections; Voter ID Laws; North Carolina,Paul Specht,"April 5, 2021",https://www.politifact.com/factchecks/2021/apr/05/roy-cooper/voter-impersonation-rare-north-carolinas-cooper-sa/
Turning Point USA,"March 27, 2021",HR 1 “gives the federal government the power to establish their own committees” to take over the redistricting process.,mostly-false,video posted on Instagram,Congress; Elections,Louis Jacobson,"April 2, 2021",https://www.politifact.com/factchecks/2021/apr/02/turning-point-usa/video-gives-inaccurate-reading-redistricting-overh/
Michael MacDonald,"March 24, 2021",Michigan election bills are “designed to make it easier for people to vote.”,mostly-false,statement,Elections; Voter ID Laws; Michigan,Clara Hendrickson,"April 2, 2021",https://www.politifact.com/factchecks/2021/apr/02/michael-macdonald/mich-gops-proposed-election-law-changes-would-make/
Facebook posts,"March 25, 2021","If the voting bill H.R. 1 is passed, “absentee ballots would be mailed out to anyone without proof of the voter’s identity.”",false,online video,Elections; Facebook Fact-checks,Louis Jacobson,"March 31, 2021",https://www.politifact.com/factchecks/2021/mar/31/facebook-posts/facebook-post-gets-it-wrong-vote-mail-under-hr-1/
Facebook posts,"March 29, 2021",Georgia’s new voting law “makes it a JAIL-TIME CRIME to drop off grandma’s absentee ballot in a dropbox.”,false,Facebook post,Georgia; National; Elections,Amy Sherman,"March 30, 2021",https://www.politifact.com/factchecks/2021/mar/30/facebook-posts/georgia-voting-law-does-not-make-it-crime-drop-gra/
Shelley Grogan,"March 29, 2021","Judge Jeff Davis ""spent years defending a convicted cop killer"" and ""tried to get him off the hook.""",half-true,radio ad,Criminal Justice; Elections; Wisconsin,Eric Litke,"March 30, 2021",https://www.politifact.com/factchecks/2021/mar/30/shelley-grogan/attack-ad-overreaches-state-appeals-court-race/
Josh Holmes,"March 28, 2021",A Georgia law has not “criminalized giving people bottles of water.” It pertains to political organizations.,mostly-false,interview on Fox News Sunday,Georgia; National; Elections,Amy Sherman,"March 29, 2021",https://www.politifact.com/factchecks/2021/mar/29/josh-holmes/facts-about-georgias-ban-food-water-giveaways-vote/
James Clyburn,"March 25, 2021","""There are 43 states that have now passed voter suppression laws.""",false,interview on MSNBC,Elections,Louis Jacobson,"March 29, 2021",https://www.politifact.com/factchecks/2021/mar/29/james-clyburn/james-clyburn-misspeaks-saying-43-states-have-pass/
X posts,"March 21, 2021","""Joe Biden forced the U.S. Attorney for the Eastern District of North Carolina to resign after 24 people were charged with election fraud and the Mainstream Media never even batted an eyelash.""",mostly-false,tweet,Elections; North Carolina,Paul Specht,"March 29, 2021",https://www.politifact.com/factchecks/2021/mar/29/tweets/viral-tweet-wrongly-ties-biden-attorneys-resignati/
Alex Padilla,"March 22, 2021","“In a majority of states, new voters are able to obtain a rifle quicker than they’re able to cast their first ballot.”",mostly-true,remarks,Elections; California; Guns,Louis Jacobson,"March 29, 2021",https://www.politifact.com/factchecks/2021/mar/29/alex-padilla/it-easier-obtain-rifle-register-vote-alex-padilla-/
Charles Schumer,"March 24, 2021",“Republicans recently passed a bill to eliminate early voting on Sunday” in Georgia,mostly-false,Senate hearing,Georgia; National; Elections,Amy Sherman,"March 26, 2021",https://www.politifact.com/factchecks/2021/mar/26/charles-schumer/charles-schumer-misleads-georgia-voting-legislatio/
Facebook posts,"March 18, 2021","“Finally, a judge has ruled Dominion voting machines were designed to create fraud.”",false,Facebook post,Elections; Facebook Fact-checks; Michigan,Tom Kertscher,"March 23, 2021",https://www.politifact.com/factchecks/2021/mar/23/facebook-posts/no-judge-has-not-ruled-dominion-voting-machines-we/
Duey Stroebel,"March 7, 2021","""We’ve had more voter turnout since voter ID was passed than ever before.""",mostly-false,TV interview,Elections; States; Wisconsin,Eric Litke,"March 19, 2021",https://www.politifact.com/factchecks/2021/mar/19/duey-stroebel/record-turnouts-after-voter-id-law-passed-not-real/
Mike Huckabee,"March 15, 2021",“70% of Georgians said they would vote for Trump in 2024.”,false,Twitter post,Georgia; Elections; Facebook Fact-checks,Ciara O'Rourke,"March 18, 2021",https://www.politifact.com/factchecks/2021/mar/18/mike-huckabee/huckabee-post-misstates-georgia-survey-results-sup/
Maria Bartiromo,"March 16, 2021","The Washington Post was ""forced to correct what (Donald Trump) told the secretary of state of Georgia.”",false,interview with former President Donald Trump,Georgia; Corrections and Updates; Elections; Pundits; PunditFact,Bill McCarthy,"March 17, 2021",https://www.politifact.com/factchecks/2021/mar/17/maria-bartiromo/maria-bartiromo-conflates-trumps-georgia-calls-pri/
Thom Tillis,"March 10, 2021",Says a lack of transparency for small-dollar donations is the “same thing” as dark money,mostly-false,committee meeting,Campaign Finance; Elections; North Carolina,Paul Specht,"March 17, 2021",https://www.politifact.com/factchecks/2021/mar/17/thom-tillis/experts-tillis-wrong-compare-small-dollar-donation/
Facebook posts,"March 10, 2021","“Nevada AG admits to changing signature verifications manually for over 200,000 votes.”",false,Facebook post,Elections; Facebook Fact-checks,Ciara O'Rourke,"March 11, 2021",https://www.politifact.com/factchecks/2021/mar/11/facebook-posts/no-nevadas-attorney-general-didnt-admit-changing-s/
Facebook posts,"March 8, 2021","Under HR 1, a person can still vote if they are 16, in the U.S. illegally, have no ID and have not registered to vote",mostly-false,Facebook post,Congress; Elections; Facebook Fact-checks,Amy Sherman,"March 10, 2021",https://www.politifact.com/factchecks/2021/mar/10/facebook-posts/cartoon-misleads-about-voter-eligibility-under-hr-/
Ted Budd,"March 2, 2021",Says H.R. 1 “allows minors to vote.”,false,tweet,Elections; North Carolina,Amy Sherman,"March 10, 2021",https://www.politifact.com/factchecks/2021/mar/10/ted-budd/no-hr-1-doesnt-allow-minors-vote/
Facebook posts,"March 2, 2021",The Georgia House passed a bill that “makes it a misdemeanor to give food or water to voters waiting in line.”,true,Facebook post,Georgia; Elections; Facebook Fact-checks,Amy Sherman,"March 9, 2021",https://www.politifact.com/factchecks/2021/mar/09/facebook-posts/georgia-bill-would-ban-giving-food-water-voters-li/
The Gateway Pundit,"March 6, 2021",“Ballots in Arizona’s Maricopa County” from the 2020 presidential election “found shredded and in dumpster days before Senate audit to begin.”,false,Facebook post,Elections; Facebook Fact-checks; Arizona,Tom Kertscher,"March 9, 2021",https://www.politifact.com/factchecks/2021/mar/09/gateway-pundit/no-evidence-dumpster-dive-found-2020-cast-ballots-/
Facebook posts,"March 3, 2021","In Aberdeen, Miss., “Massive 78% of mail-in ballots proved fraudulent, judge orders election do-over.”",mostly-true,Facebook post,Elections; Facebook Fact-checks,Tom Kertscher,"March 5, 2021",https://www.politifact.com/factchecks/2021/mar/05/facebook-posts/judge-did-order-new-election-small-miss-city-after/
Karen Brinson Bell,"February 25, 2021","Says the NC elections board “did not change state law.""",mostly-false,appearance before a committee,Elections; North Carolina; Coronavirus,Paul Specht,"March 5, 2021",https://www.politifact.com/factchecks/2021/mar/05/karen-brinson-bell/nc-elections-board-leader-downplays-rule-changes/
Mike Pence,"March 3, 2021","The voting bill known as H.R. 1 would mean “that millions of illegal immigrants are quickly registered to vote.""",false,Daily Signal op ed,Immigration; Congress; Elections,Amy Sherman,"March 5, 2021",https://www.politifact.com/factchecks/2021/mar/05/mike-pence/pence-falsely-says-if-hr-1-passes-millions-people-/
Charlie Kirk,"March 4, 2021",H.R. 1 “would allow the Boston bomber to have a right to vote.”,false,radio show segment,Congress; Criminal Justice; Elections; Pundits; PunditFact,Bill McCarthy,"March 5, 2021",https://www.politifact.com/factchecks/2021/mar/05/charlie-kirk/no-hr-1-would-not-allow-boston-marathon-bomber-vot/
Mike Pence,"March 3, 2021","The voting bill known as H.R. 1 ""would force states to adopt universal mail-in ballots.”",false,op-ed,Elections,Louis Jacobson,"March 4, 2021",https://www.politifact.com/factchecks/2021/mar/04/mike-pence/mike-pence-wrong-hr-1-forces-states-shift-universa/
Elise Stefanik,"March 3, 2021",H.R. 1 would “prevent removal of ineligible voters from registration rolls.”,false,tweet,Congress; Elections,Amy Sherman,"March 4, 2021",https://www.politifact.com/factchecks/2021/mar/04/elise-stefanik/gop-lawmaker-misleads-about-hr-1-and-removal-ineli/
Doug LaMalfa,"March 2, 2021",Voting-rights legislation proposed by Democrats in Congress called H.R. 1 “would force states to restore the voting rights of convicted felons—including violent felons convicted of murder or rape.”,half-true,constituent email.,Criminal Justice; Elections; Crime; Voter ID Laws; California,Chris Nichols,"March 4, 2021",https://www.politifact.com/factchecks/2021/mar/04/doug-lamalfa/would-congress-new-voting-rights-act-allow-violent/
Donald Trump,"February 28, 2021",HR 1 “automatically registers every welfare recipient to vote.”,mostly-false,speech at CPAC,National; Congress; Elections; Poverty,Amy Sherman,"March 2, 2021",https://www.politifact.com/factchecks/2021/mar/02/donald-trump/trump-misleads-about-hr-1-and-voter-registration-w/
Facebook posts,"February 26, 2021","“America has 133 million registered voters,” but “159 million votes” were cast in the 2020 presidential election.",false,viral image,Elections; Facebook Fact-checks,Tom Kertscher,"March 1, 2021",https://www.politifact.com/factchecks/2021/mar/01/facebook-posts/no-there-werent-more-votes-registered-voters-2020-/
Ronna McDaniel,"February 22, 2021",Says the American Civil Liberties Union opposes H.R. 1 on grounds that “it threatens our freedom of speech.”,half-true,tweet,National; Campaign Finance; Congress; Elections,Amy Sherman,"March 1, 2021",https://www.politifact.com/factchecks/2021/mar/01/ronna-mcdaniel/yes-aclu-has-criticized-hr-1-heres-why/
Act for America,"February 23, 2021","HR 1 will allow members of Congress to draw a second salary “worth an estimated $600,000 per year!”",false,online post,Congress; Elections; Facebook Fact-checks,Amy Sherman,"February 25, 2021",https://www.politifact.com/factchecks/2021/feb/25/act-america/group-makes-bogus-attack-hr-1-over-congressional-s/
Kevin Sorbo,"February 15, 2021","“So California is requiring signature verification for Gavin Newsom’s recall, but didn’t require it for the mail in ballots.”",pants-fire,tweet,Elections; Pundits; California; PunditFact,Bill McCarthy,"February 16, 2021",https://www.politifact.com/factchecks/2021/feb/16/kevin-sorbo/yes-california-requires-signature-verification-mai/
Dan O'Donnell,"February 3, 2021",November election data shows a “stunning anomaly in the rejection rate of absentee ballots.”,false,a commentary,Elections; Coronavirus; Wisconsin,Eric Litke,"February 12, 2021",https://www.politifact.com/factchecks/2021/feb/12/dan-odonnell/no-absentee-rejection-rate-november-was-not-stunni/
Facebook posts,"February 7, 2021",“Not one court has looked at the evidence and said that Biden legally won” the presidential election.,pants-fire,image,Elections; Facebook Fact-checks,Daniel Funke,"February 10, 2021",https://www.politifact.com/factchecks/2021/feb/10/facebook-posts/courts-have-affirmed-bidens-victory/
Bloggers,"February 7, 2021","""Trump Won Two-Thirds of Election Lawsuits Where Merits Considered""",false,Epoch Times headline,Elections; Facebook Fact-checks,Daniel Funke,"February 9, 2021",https://www.politifact.com/factchecks/2021/feb/09/blog-posting/trump-did-not-win-two-thirds-election-lawsuits-whe/
Greg Kelly,"February 8, 2021",“Only one person died on that day” during the Jan. 6 U.S. Capitol riot.,false,Newsmax TV segment,Elections; Crime; Pundits; PunditFact; Jan. 6,Bill McCarthy,"February 9, 2021",https://www.politifact.com/factchecks/2021/feb/09/greg-kelly/newsmax-host-falsely-claims-only-one-person-died-c/
Facebook posts,"February 6, 2021","“Biden’s Air Force One is not the same as Trump’s Air Force One,” which indicates Biden is not the real president.",pants-fire,Facebook posts,National; Elections; Facebook Fact-checks,Noah Y. Kim,"February 9, 2021",https://www.politifact.com/factchecks/2021/feb/09/facebook-posts/any-air-force-plane-ferrying-president-technically/
Facebook posts,"February 1, 2021",“Myanmar used Dominion Voting Systems.”,false,Facebook post,Elections; Facebook Fact-checks,Ciara O'Rourke,"February 2, 2021",https://www.politifact.com/factchecks/2021/feb/02/facebook-posts/no-myanmar-didnt-use-dominion-voting-systems-its-e/
Bloggers,"January 28, 2021",Facebook tried to “shut down” the campaign to recall California Gov. Gavin Newsom.,false,blog,Elections; California,Chris Nichols,"February 2, 2021",https://www.politifact.com/factchecks/2021/feb/02/blog-posting/no-facebook-didnt-try-shut-down-gavin-newsom-recal/
Jenna Wadsworth,"January 26, 2021","North Carolina Secretary of State Elaine Marshall ""has won more statewide races than probably anyone else alive.""",true,tweet,Elections; North Carolina,Paul Specht,"February 2, 2021",https://www.politifact.com/factchecks/2021/feb/02/jenna-wadsworth/elaine-marshall-has-won-more-statewide-races-anyon/
Facebook posts,"December 15, 2020",An “audit report” found that a voting system used in Michigan in the 2020 presidential election was designed to “create systemic fraud.”,false,Facebook post,Elections; Facebook Fact-checks; Michigan,Tom Kertscher,"February 1, 2021",https://www.politifact.com/factchecks/2021/feb/01/facebook-posts/no-proof-voting-system-michigan-was-designed-creat/
Rush Limbaugh,"January 20, 2021","Says Joe Biden and Democrats ""have not legitimately won"" the presidency.",pants-fire,radio show segment,Elections; Pundits; PunditFact,Bill McCarthy,"January 21, 2021",https://www.politifact.com/factchecks/2021/jan/21/rush-limbaugh/inauguration-day-rush-limbaugh-falsely-claims-joe-/
YouTube videos,"January 19, 2021",“Military brass band plays ‘Hit the Road Jack’ as Trump leaves office.”,false,YouTube post,Elections; Facebook Fact-checks,Ciara O'Rourke,"January 20, 2021",https://www.politifact.com/factchecks/2021/jan/20/youtube-videos/no-army-band-didnt-play-song-trump-left-office/
Bloggers,"January 20, 2021","Donald Trump’s letter to Joe Biden said, “You know I won.”",false,blog post,Elections; Facebook Fact-checks,Ciara O'Rourke,"January 20, 2021",https://www.politifact.com/factchecks/2021/jan/20/blog-posting/we-dont-know-what-trumps-letter-biden-says/
L. Lin Wood,"January 18, 2021","""China was behind the interference and the effort to overthrow our government and the election, election fraud.""",false,interview with the Patriotically Correct Radio Show,National; Elections; Facebook Fact-checks,Daniel Funke,"January 19, 2021",https://www.politifact.com/factchecks/2021/jan/19/l-lin-wood/china-did-not-orchestrate-voter-fraud-2020-electio/
Jake Corman,"January 14, 2021",Says unproven voter fraud claims didn’t play “any role” in the Capitol riot.,pants-fire,interview,National; Elections; Pennsylvania; Jan. 6,Jessica Calefati,"January 17, 2021",https://www.politifact.com/factchecks/2021/jan/17/jake-corman/fact-checking-top-pa-republican-who-said-false-ele/
Facebook posts,"January 15, 2021","“Inauguration Cancelled, Trump Remains in Office.”",pants-fire,headline,National; Elections; Facebook Fact-checks,Amy Sherman,"January 16, 2021",https://www.politifact.com/factchecks/2021/jan/16/facebook-posts/claim-inauguration-canceled-trump-remain-president/
Amanda Chase,"January 7, 2021",“Antifa is the culprit” in the Capitol riot.,pants-fire,Facebook post,Elections; Virginia; Jan. 6,Warren Fiske,"January 15, 2021",https://www.politifact.com/factchecks/2021/jan/15/amanda-chase/amanda-chase-pushes-bogus-theory-antifa-conspiracy/
Devin LeMahieu,"January 10, 2021","""It takes quite a while on Election Day to load those ballots, which is why we have the 1 a.m. or 3 a.m. ballot dumping in Milwaukee.""",true,TV interview,Elections; Wisconsin,Eric Litke,"January 15, 2021",https://www.politifact.com/factchecks/2021/jan/15/devin-lemahieu/yes-slow-absentee-count-explains-supposed-ballot-d/
Chris Jacobs,"January 7, 2021","“There were several states where outside actors dramatically changed the rules of the road, so to speak, two weeks out, one week out, on how elections would be run.”",mostly-false,television interview,Elections; New York,Jill Terreri Ramos,"January 14, 2021",https://www.politifact.com/factchecks/2021/jan/14/chris-jacobs/jacobs-overstates-election-issues/
Rusty Hicks,"January 12, 2021","The effort to recall California Gov. Gavin Newsom is ""a coup.""",pants-fire,press conference,Elections; States; California,Chris Nichols,"January 14, 2021",https://www.politifact.com/factchecks/2021/jan/14/rusty-hicks/no-efforts-recall-california-gov-newsom-are-not-co/
Sherrod Brown,"January 8, 2021","Summer “protesters outside the White House were met with tear gas, rubber bullets, a full militarized response. While ... rioters were able to breach the Capitol.”",true,interview with Ohio reporters,National; Elections; Crime,Jon Greenberg,"January 11, 2021",https://www.politifact.com/factchecks/2021/jan/11/sherrod-brown/black-lives-matter-protests-faced-more-militarized/
Facebook posts,"January 7, 2021",Says left-wing activist John Sullivan “incited (the) insurgence of (the) US Capitol.”,mostly-false,Facebook post,National; Corrections and Updates; Elections; Crime; Facebook Fact-checks; Jan. 6,Bill McCarthy,"January 9, 2021",https://www.politifact.com/factchecks/2021/jan/09/facebook-posts/facebook-posts-wrongly-claim-left-wing-activist-an/
Jonathan Wichmann,"January 8, 2021",“The DC looting was staged” by antifa,pants-fire,YouTube post,Elections; Jan. 6; Wisconsin,Eric Litke,"January 8, 2021",https://www.politifact.com/factchecks/2021/jan/08/jonathan-wichmann/no-capitol-insurrection-was-not-staged-antifa/
Mitch McConnell,"January 6, 2021","""This election actually was not unusually close.""",true,Senate floor speech,Elections,Louis Jacobson,"January 8, 2021",https://www.politifact.com/factchecks/2021/jan/08/mitch-mcconnell/mitch-mcconnell-says-accurately-joe-bidens-win-was/
Facebook posts,"January 5, 2021","32,000 votes for David Perdue “disappeared” during the Georgia Senate runoff election.",mostly-false,video,Georgia; Elections; Facebook Fact-checks,Daniel Funke,"January 8, 2021",https://www.politifact.com/factchecks/2021/jan/08/facebook-posts/georgia-runoff-32000-votes-perdue-didnt-disappear/
Josh Hawley,"January 6, 2021","“Last year, Pennsylvania elected officials passed a whole new law that allows universal mail-in balloting, and did it irregardless of what the Pennsylvania Constitution said.”",mostly-false,U.S. Senate speech,Elections; Legal Issues; Missouri; Pennsylvania,Amy Sherman,"January 8, 2021",https://www.politifact.com/factchecks/2021/jan/08/josh-hawley/fact-checking-hawleys-claim-about-pennsylvania-mai/
Joe Biden,"January 7, 2021","In more than 60 cases, judges “looked at the allegations that Trump was making and determined they were without any merit.”",true,speech,Elections,Amy Sherman,"January 8, 2021",https://www.politifact.com/factchecks/2021/jan/08/joe-biden/joe-biden-right-more-60-trumps-election-lawsuits-l/
Facebook posts,"January 6, 2021",Says Mike Pence was arrested.,false,Facebook post,Elections; Facebook Fact-checks,Ciara O'Rourke,"January 8, 2021",https://www.politifact.com/factchecks/2021/jan/08/facebook-posts/no-mike-pence-wasnt-arrested/
Facebook posts,"January 7, 2021",Kamala Harris is planning to use the 25th Amendment against Joe Biden and appoint Mike Pence as her vice president.,false,Facebook post,Elections; Facebook Fact-checks,Ciara O'Rourke,"January 8, 2021",https://www.politifact.com/factchecks/2021/jan/08/facebook-posts/theres-no-harris-plot-oust-biden-and-appoint-pence/
Instagram posts,"January 6, 2021",The storming of the Capitol was staged.,false,Facebook post,Elections; Crime; Facebook Fact-checks; Jan. 6,Ciara O'Rourke,"January 7, 2021",https://www.politifact.com/factchecks/2021/jan/07/instagram-posts/no-storming-capitol-wasnt-false-flag/
Mo Brooks,"January 7, 2021",“Evidence growing that fascist ANTIFA orchestrated Capitol attack with clever mob control tactics.”,pants-fire,tweet,Elections; Public Safety; Jan. 6,Miriam Valverde,"January 7, 2021",https://www.politifact.com/factchecks/2021/jan/07/mo-brooks/mo-brooks-claim-antifa-orchestrated-capitol-riots-/
Facebook posts,"January 5, 2021","Voting machines didn’t work in heavily GOP areas for the Georgia runoff elections, leaving some voters unable to cast ballots.",mostly-false,Facebook post,Georgia; Elections; Facebook Fact-checks,Tom Kertscher,"January 7, 2021",https://www.politifact.com/factchecks/2021/jan/07/facebook-posts/no-sign-widespread-voting-machine-problems-gop-are/
Facebook posts,"January 6, 2021",A facial recognition firm “confirmed antifa infiltrated the Trump rally in D.C.”,false,Facebook post,Corrections and Updates; Elections; Facebook Fact-checks; Jan. 6,Ciara O'Rourke,"January 7, 2021",https://www.politifact.com/factchecks/2021/jan/07/facebook-posts/no-facial-recognition-didnt-confirm-antifa-infiltr/
Facebook posts,"January 6, 2021",A man who stormed the U.S. Capitol in a horned fur cap is an “Antifa thug.”,pants-fire,Facebook post,National; Elections; Facebook Fact-checks; Jan. 6,Bill McCarthy,"January 7, 2021",https://www.politifact.com/factchecks/2021/jan/07/facebook-posts/face-painted-man-horned-fur-cap-capitol-riot-suppo/
Facebook posts,"January 6, 2021",“Georgia and Kansas Capitol buildings have been stormed by protesters.”,false,Facebook post,Georgia; Elections; Facebook Fact-checks,Ciara O'Rourke,"January 7, 2021",https://www.politifact.com/factchecks/2021/jan/07/facebook-posts/no-protesters-didnt-storm-georgia-and-kansas-capit/
Donald Trump,"January 6, 2021","""We won. We won in a landslide. This was a landslide.”",pants-fire,speech on the Ellipse outside the White House,National; Elections,Daniel Funke,"January 7, 2021",https://www.politifact.com/factchecks/2021/jan/07/donald-trump/trump-clings-fantasy-landslide-victory-egging-supp/
Shannon Grove,"January 6, 2021","""Antifa"" is to blame for storming the U.S. Capitol.",pants-fire,tweet,Criminal Justice; Elections; Crime; California,Chris Nichols,"January 7, 2021",https://www.politifact.com/factchecks/2021/jan/07/shannon-grove/high-ranking-california-republican-lawmaker-pushes/
Facebook posts,"January 5, 2021","Google and Apple maps won’t give directions to Washington, D.C. because “they don’t want you going to a certain big rally.”",mostly-false,Facebook post,Elections; Technology; Facebook Fact-checks,Ciara O'Rourke,"January 6, 2021",https://www.politifact.com/factchecks/2021/jan/06/facebook-posts/looking-claims-google-and-apple-maps-are-blocking-/
Ted Cruz,"January 6, 2021","“39% of Americans … 31% of independents ... 17% of Democrats believe the election was rigged.""",mostly-false,speech on the Senate floor,Corrections and Updates; Elections,Miriam Valverde,"January 6, 2021",https://www.politifact.com/factchecks/2021/jan/06/ted-cruz/ted-cruzs-misleading-statement-people-who-believe-/
Facebook posts,"December 25, 2020","“Judge Rules Over 200,000 Biden Votes Are Illegitimate In Wisconsin.”",false,Facebook post,Elections; States; Wisconsin,Eric Litke,"January 6, 2021",https://www.politifact.com/factchecks/2021/jan/06/facebook-posts/no-court-did-not-rule-200000-wisconsin-ballots-wer/
Facebook posts,"January 5, 2021",Says shredded ballots were found in Dell boxes in Georgia,pants-fire,Facebook post,Georgia; Elections; Facebook Fact-checks,Samantha Putterman,"January 6, 2021",https://www.politifact.com/factchecks/2021/jan/06/facebook-posts/no-there-were-no-shredded-ballots-found-during-geo/
Donald Trump,"January 6, 2021","""They just happened to find 50,000 ballots (in the Georgia U.S. Senate runoff elections) late last night.""",pants-fire,tweet,Georgia; Elections,Bill McCarthy,"January 6, 2021",https://www.politifact.com/factchecks/2021/jan/06/donald-trump/no-evidence-georgia-happened-find-ballots-hurt-rep/
Facebook posts,"December 27, 2020","Says City Blue Imaging Services in Rochester, N.Y. “printed ballots there. If you search them you’ll see they’re the ones who had ballots misprint errors for the ballots sent to NYC.”",false,Facebook post,Elections; Facebook Fact-checks,Miriam Valverde,"January 6, 2021",https://www.politifact.com/factchecks/2021/jan/06/facebook-posts/no-rochester-ny-imaging-services-business-burned-d/
Donald Trump,"January 5, 2021",“The Vice President has the power to reject fraudulently chosen electors.”,false,tweet,National; Corrections and Updates; Elections,Jon Greenberg,"January 5, 2021",https://www.politifact.com/factchecks/2021/jan/05/donald-trump/does-mike-pence-have-power-reject-electoral-colleg/
Bloggers,"January 4, 2021",“1776 flag flying over White House!” in January 2021. “Revolution Signal.”,false,blog post,Elections; Facebook Fact-checks,Ciara O'Rourke,"January 5, 2021",https://www.politifact.com/factchecks/2021/jan/05/blog-posting/photo-flag-over-white-house-2019/
Facebook posts,"January 4, 2021",Wisconsin Legislature “Will Likely Decertify State and Award to President Trump.”,pants-fire,Facebook post,Elections; States; Wisconsin,Eric Litke,"January 5, 2021",https://www.politifact.com/factchecks/2021/jan/05/facebook-posts/no-wisconsin-bill-does-not-decertify-and-give-trum/
Donald Trump,"January 2, 2021","“You had (4,925) out-of-state voters… in Georgia.”",false,phone call with Georgia's Secretary of State,Georgia; National; Elections,Noah Y. Kim,"January 4, 2021",https://www.politifact.com/factchecks/2021/jan/04/donald-trump/no-evidence-4925-voters-out-state-voted-georgia-pr/
Donald Trump,"January 2, 2021","After a “major water main break,” Georgia election workers counted “18,000 ballots, all for Biden” that they pulled from suitcases and with no election observers present.",pants-fire,phone call with the George secretary of state,Georgia; National; Elections,Bill McCarthy,"January 4, 2021",https://www.politifact.com/factchecks/2021/jan/04/donald-trump/trump-rehashes-debunked-claim-about-suitcases-ball/
Mike Gallagher,"January 3, 2021",“Congress has one job here: to count electoral votes that have in fact been cast by any state.”,true,statement,Constitutional Amendments; Elections; States; Wisconsin,Eric Litke,"January 4, 2021",https://www.politifact.com/factchecks/2021/jan/04/mike-gallagher/congresss-task-simply-count-electoral-votes/
Donald Trump,"January 2, 2021",“We won Georgia easily. We won it by hundreds of thousands of votes.”,pants-fire,phone call with Georgia's Secretary of State,Georgia; Elections,Miriam Valverde,"January 4, 2021",https://www.politifact.com/factchecks/2021/jan/04/donald-trump/donald-trump-falsely-claims-georgia-victory-record/
Facebook posts,"December 27, 2020",The Nashville bombing was an attempt to stop an AT&T audit into Dominion software and cover up election corruption.,pants-fire,Facebook post,Elections; Facebook Fact-checks,Samantha Putterman,"December 29, 2020",https://www.politifact.com/factchecks/2020/dec/29/facebook-posts/no-t-was-not-conducting-audit-dominion-voting-syst/
Facebook posts,"December 20, 2020","""‘Simple math’ shows Biden claims 13 million more votes than there were eligible voters who voted in 2020 election.”",pants-fire,Facebook post,Elections; Facebook Fact-checks,Amy Sherman,"December 23, 2020",https://www.politifact.com/factchecks/2020/dec/23/facebook-posts/bogus-analysis-leads-ridiculous-claim-about-biden-/
Claudia Tenney,"December 8, 2020",“Dead people also voted.”,pants-fire,Tweet,Elections; New York,Jill Terreri Ramos,"December 22, 2020",https://www.politifact.com/factchecks/2020/dec/22/claudia-tenney/ny-22-some-voters-cast-ballots-mail-and-died-elect/
Chris Larson,"November 9, 2020",“Jurisdictions representing about 80% of WI residents have passed referendums or resolutions in favor of fair maps.”,true,Twitter,Elections; Legal Issues; States; Wisconsin,Laura Schulte,"December 21, 2020",https://www.politifact.com/factchecks/2020/dec/21/chris-larson/yes-majority-wisconsin-jurisdictions-support-nonpa/
Facebook posts,"December 16, 2020",A Georgia Bureau of Investigation agent was killed for investigating the election.,false,Facebook post,Georgia; Elections; Facebook Fact-checks,Ciara O'Rourke,"December 17, 2020",https://www.politifact.com/factchecks/2020/dec/17/facebook-posts/no-georgia-agent-wasnt-killed-investigating-electi/
Iowa Republican Party,"November 27, 2020","“Millions of Hubbell and Bloomberg dollars wasn’t enough to overcome the Iowa House Republican avalanche of success.""",half-true,tweet,Campaign Finance; Elections; Iowa,Seth Taylor,"December 17, 2020",https://www.politifact.com/factchecks/2020/dec/17/iowa-republican-party/fred-hubbell-donated-big-iowa-dems-mike-bloomberg-/
Instagram posts,"December 15, 2020","“6 states will cast their (electoral) votes for Trump AND for Biden,” which will lead to a second Trump term.",false,Instagram post,National; Elections; Facebook Fact-checks,Noah Y. Kim,"December 16, 2020",https://www.politifact.com/factchecks/2020/dec/16/instagram-posts/no-key-swing-states-did-not-cast-electoral-votes-b/
Tim Carpenter,"December 11, 2020",“Wisconsin is one of the few states that doesn’t allow absentee ballots to be processed before Election Day.”,true,news release,Elections; States; Wisconsin,Eric Litke,"December 15, 2020",https://www.politifact.com/factchecks/2020/dec/15/tim-carpenter/wisconsin-one-few-states-ban-absentee-ballot-proce/
Facebook posts,"December 11, 2020",“Biden did not win legally.”,pants-fire,Facebook post,Elections; Facebook Fact-checks,Ciara O'Rourke,"December 14, 2020",https://www.politifact.com/factchecks/2020/dec/14/facebook-posts/joe-biden-won-presidential-election-legally/
Donald Trump,"December 9, 2020",“No candidate has ever won both Florida and Ohio and lost.”,pants-fire,tweet,Ohio; Corrections and Updates; Elections; Florida,Amy Sherman,"December 10, 2020",https://www.politifact.com/factchecks/2020/dec/10/donald-trump/trump-said-no-candidate-has-won-florida-and-ohio-a/
Facebook posts,"December 4, 2020",“Voting machines found in bus in Arizona.”,false,Facebook post,Elections; Facebook Fact-checks; Arizona,Ciara O'Rourke,"December 10, 2020",https://www.politifact.com/factchecks/2020/dec/10/facebook-posts/no-voting-machines-were-not-found-arizona-bus/
Donald Trump,"December 2, 2020","“In Wisconsin, there are approximately 70,000 absentee ballots that do not have matching ballot applications as required by law.”",pants-fire,speech,Elections; States; Wisconsin,Eric Litke,"December 10, 2020",https://www.politifact.com/factchecks/2020/dec/10/donald-trump/trump-wrong-multiple-ways-wisconsin-absentee-ballo/
Facebook posts,"December 8, 2020","The probability of Biden winning in Wisconsin, Georgia, Michigan and Pennsylvania “given President Trump’s early lead ... is less than one in a quadrillion” in each state.",pants-fire,Facebook post,Elections; States; Supreme Court; Wisconsin,Eric Litke,"December 10, 2020",https://www.politifact.com/factchecks/2020/dec/10/facebook-posts/texas-lawsuit-statistics-fraud-wisconsin-michigan/
Facebook posts,"December 8, 2020",The Supreme Court “has decided to take up the Texas case.”,false,Facebook post,Elections; Facebook Fact-checks; Texas,Ciara O'Rourke,"December 9, 2020",https://www.politifact.com/factchecks/2020/dec/09/facebook-posts/no-supreme-court-hasnt-taken-texas-election-case-y/
Jody Hice,"December 4, 2020","A forensics examination of a Ware County, Ga., Dominion Voting Systems machine found votes were switched from Donald Trump to Joe Biden.",false,tweet,Georgia; Elections,Noah Y. Kim,"December 9, 2020",https://www.politifact.com/factchecks/2020/dec/09/jody-hice/dominion-voting-machines-didnt-switch-37-votes-bid/
Amanda Chase,"December 1, 2020","""In Chesterfield (Va.), the Southside precinct is infamous for having over 100% of the vote count…”",pants-fire,radio interview.,Elections; Virginia,Warren Fiske,"December 9, 2020",https://www.politifact.com/factchecks/2020/dec/09/amanda-chase/amanda-chase-makes-bogus-claim-voting-fraud-virgin/
Donald Trump,"December 5, 2020","“Actually, I won Wisconsin.”",pants-fire,Rally,Elections; States; Wisconsin,D.L. Davis,"December 9, 2020",https://www.politifact.com/factchecks/2020/dec/09/donald-trump/recount-finds-trump-did-not-win-wisconsin-despite-/
Facebook posts,"December 8, 2020",People in Germany saw this electoral map that shows Trump beating Biden with 410 electoral votes before Dominion’s servers were seized.,pants-fire,Facebook post,Elections; Facebook Fact-checks,Samantha Putterman,"December 8, 2020",https://www.politifact.com/factchecks/2020/dec/08/facebook-posts/map-showing-trump-winning-election-410-electoral-v/
Roy Blunt,"November 24, 2020","“The president got the highest percentage of minority votes of any Republican candidate for president in over 100 years.""",false,Interview with the Southeast Missourian,Elections; Race and Ethnicity; Missouri,Simone Esters,"December 8, 2020",https://www.politifact.com/factchecks/2020/dec/08/roy-blunt/blunts-wrong-trump-did-not-get-highest-minority-vo/
Facebook posts,"December 5, 2020",Says Joe Biden killed a Kelly Loeffler campaign staffer.,false,Facebook post,Georgia; Elections; Facebook Fact-checks,Ciara O'Rourke,"December 8, 2020",https://www.politifact.com/factchecks/2020/dec/08/facebook-posts/police-say-loeffler-aide-died-traffic-collision/
Donald Trump,"December 2, 2020",“No state in the country verifies United States citizenship as a condition for voting in federal elections.”,mostly-false,speech,Immigration; Elections,Amy Sherman,"December 7, 2020",https://www.politifact.com/factchecks/2020/dec/07/donald-trump/do-states-verify-citizenship-voters-federal-electi/
Facebook posts,"December 2, 2020",The USPS backdated 100K ballots so they could be counted illegally.,false,Facebook posts,Elections; States; Wisconsin,Eric Litke,"December 4, 2020",https://www.politifact.com/factchecks/2020/dec/04/facebook-posts/alleged-backdated-ballots-wouldnt-have-been-counte/
Donald Trump,"December 2, 2020",Residents the Wisconsin Election Commission suspected of moving are “illegal voters.”,false,speech,Elections; States; Wisconsin,Eric Litke,"December 4, 2020",https://www.politifact.com/factchecks/2020/dec/04/donald-trump/no-residents-wisconsin-officials-suspected-moving-/
X posts,"November 30, 2020","“Gina Haspel, CIA head is dead!”",pants-fire,Tweet,Elections; Military; Facebook Fact-checks,Noah Y. Kim,"December 3, 2020",https://www.politifact.com/factchecks/2020/dec/03/tweets/no-gina-haspel-isnt-dead-or-jail/
Facebook posts,"November 30, 2020",Says “Hugo Chavez’s family still owns” Dominion Voting Systems.,false,Facebook post,Elections; Facebook Fact-checks,Noah Y. Kim,"December 3, 2020",https://www.politifact.com/factchecks/2020/dec/03/facebook-posts/no-hugo-chavezs-family-does-not-own-dominion-votin/
Facebook posts,"December 1, 2020",A Dominion representative in Gwinnett County improperly downloaded election data to “manipulate the data.”,pants-fire,Facebook post,Georgia; Elections; Facebook Fact-checks,Amy Sherman,"December 2, 2020",https://www.politifact.com/factchecks/2020/dec/02/facebook-posts/pants-fire-claim-dominion-rep-georgia-manipulated-/
Rand Paul,"November 29, 2020",“Trump margin of ‘defeat’ in 4 states occurred in 4 data dumps between 1:34-6:31 AM. Statistical anomaly? Fraud?”,pants-fire,tweet,Georgia; Elections; Wisconsin; Michigan,Miriam Valverde,"December 2, 2020",https://www.politifact.com/factchecks/2020/dec/02/rand-paul/fact-checking-rand-pauls-unsupported-claim-about-f/
Facebook posts,"November 28, 2020",Says Joe Biden plagiarized Donald Trump in his Democratic National Convention speech.,false,Facebook post,Elections; Facebook Fact-checks,Ciara O'Rourke,"December 1, 2020",https://www.politifact.com/factchecks/2020/dec/01/facebook-posts/no-biden-didnt-plagiarize-donald-trump/
Facebook posts,"November 28, 2020",“CNN is now saying that Trump will win!”,false,Facebook post,Elections; Facebook Fact-checks,Ciara O'Rourke,"November 30, 2020",https://www.politifact.com/factchecks/2020/nov/30/facebook-posts/no-cnn-isnt-saying-trump-will-win-presidential-ele/
Facebook posts,"November 28, 2020","""THOUSANDS of fake votes found at Wisconsin Recount in Dane County.""",pants-fire,Facebook post,Elections; State Budget; Wisconsin,Eric Litke,"November 30, 2020",https://www.politifact.com/factchecks/2020/nov/30/facebook-posts/dane-county-fake-votes-claim-ridiculous-based-lack/
Facebook posts,"November 21, 2020",Dominion and Smartmatic “have closed up shop” and executives are “on the run.”,false,post,National; Elections; Facebook Fact-checks,Hayat Norimine,"November 24, 2020",https://www.politifact.com/factchecks/2020/nov/24/facebook-posts/dominion-and-smartmatic-offices-havent-shuttered-a/
Jody Hice,"November 12, 2020",Democrats “spent 4 years refusing to acknowledge Trump’s 2016 victory.”,false,tweet,National; Elections; Impeachment,Hayat Norimine,"November 24, 2020",https://www.politifact.com/factchecks/2020/nov/24/jody-hice/did-democrats-refuse-acknowledge-trumps-2016-victo/
Donald Trump,"November 22, 2020","“In certain swing states, there were more votes than people who voted, and in big numbers.”",pants-fire,tweet,Georgia; National; Nevada; Elections; Pennsylvania; Arizona; Wisconsin; Michigan,Jon Greenberg,"November 23, 2020",https://www.politifact.com/factchecks/2020/nov/23/donald-trump/no-there-have-not-been-more-votes-people-who-voted/
Bloggers,"November 23, 2020",Says George Soros was arrested in Philadelphia for election interference.,pants-fire,blog post,Elections; Facebook Fact-checks,Samantha Putterman,"November 23, 2020",https://www.politifact.com/factchecks/2020/nov/23/blog-posting/no-george-soros-wasnt-arrested-philadelphia-electi/
Joe Sanfelippo,"November 9, 2020","“Clerks in Milwaukee and Dane Counties colluded to (add) nearly 250,000 individuals to the ‘Indefinitely Confined’ voter list.”",false,news release,Elections; States; Wisconsin,Eric Litke,"November 21, 2020",https://www.politifact.com/factchecks/2020/nov/21/joe-sanfelippo/voters-not-clerks-decided-who-was-indefinitely-con/
Sidney Powell,"November 8, 2020","“At least 450,000 ballots in the key states ... miraculously only have a mark for Joe Biden on them, and no other candidate.""",false,interview with Fox News,Georgia; Elections; Facebook Fact-checks; Pennsylvania; Arizona; Wisconsin; Michigan,Samantha Putterman,"November 20, 2020",https://www.politifact.com/factchecks/2020/nov/20/sidney-powell/sidney-powell-claim-450000-votes-were-only-biden-k/
Rudy Giuliani,"November 19, 2020","In Michigan “we have over-votes in numerous precincts of 150%, 200%, and 300%.”",pants-fire,remarks,Elections; Michigan,Louis Jacobson,"November 20, 2020",https://www.politifact.com/factchecks/2020/nov/20/rudy-giuliani/giuliani-cites-affidavit-crucial-errors-press-conf/
X posts,"November 18, 2020","When Donald Trump lost the Iowa caucus to Ted Cruz in 2016, ""he immediately cried that Cruz cheated.”",true,tweets,Elections; Iowa,Eleanor Hildebrandt,"November 20, 2020",https://www.politifact.com/factchecks/2020/nov/20/tweets/yes-donald-trump-claimed-fraud-after-2016-iowa-cau/
Donald Trump,"November 18, 2020","""A day AFTER the election, Biden receives a dump of 143,379 votes at 3:42AM (in Wisconsin), when they learned he was losing badly. This is unbelievable!""",pants-fire,tweet,Elections; States; Wisconsin,Eric Litke,"November 20, 2020",https://www.politifact.com/factchecks/2020/nov/20/donald-trump/trump-again-flat-wrong-claims-about-wisconsin-vote/
Sidney Powell,"November 16, 2020","“Smartmatic and Dominion systems ... were built to do this very thing, for changing the results of elections.”",pants-fire,interview with Mark Levin,National; Elections,Daniel Funke,"November 19, 2020",https://www.politifact.com/factchecks/2020/nov/19/sidney-powell/trump-lawyer-falsely-claims-voting-technology-comp/
Joe Biden,"November 18, 2020",The law governing the transition of presidential power “doesn’t require there to be an absolute winner. It says the ‘apparent' winner.”,mostly-true,roundtable with healthcare workers,National; Elections,Louis Jacobson,"November 19, 2020",https://www.politifact.com/factchecks/2020/nov/19/joe-biden/joe-biden-right-transition-starts-apparent-winner/
Donald Trump,"November 13, 2020",A 1993 example of voter fraud in Philadelphia is “exactly what happened to us” in the 2020 election.,pants-fire,tweet,National; Elections; Pennsylvania,Jessica Calefati,"November 19, 2020",https://www.politifact.com/factchecks/2020/nov/19/donald-trump/trump-says-philly-democrats-stole-election-90s-tru/
Donald Trump,"November 16, 2020","""Big victory moments ago in the State of Nevada. The all Democrat County Commissioner race, on same ballot as President, just thrown out because of large scale voter discrepancy.""",false,tweet,National; Nevada; Elections,Bill McCarthy,"November 18, 2020",https://www.politifact.com/factchecks/2020/nov/18/donald-trump/trump-wrongly-claims-big-victory-after-close-down-/
Donald Trump,"November 17, 2020","“The recent statement by Chris Krebs on the security of the 2020 Election was highly inaccurate, in that there were massive improprieties and fraud.""",pants-fire,Tweet,National; Elections,Noah Y. Kim,"November 18, 2020",https://www.politifact.com/factchecks/2020/nov/18/donald-trump/fact-checking-donald-trumps-tweet-firing-christoph/
Scott Fitzgerald,"November 8, 2020",The 2020 election is in “recount territory” and “I’ve seen elections change as a result of” recounts.,half-true,TV interview,Elections; States; Wisconsin,Eric Litke,"November 18, 2020",https://www.politifact.com/factchecks/2020/nov/18/scott-fitzgerald/recounts-have-swung-elections-wisconsin-nowhere-ne/
Facebook posts,"November 17, 2020",“The MOB in PA was HIRED by the Biden team to create fake ballots by the thousands!!”,pants-fire,Live video,National; Elections; Facebook Fact-checks; Pennsylvania,Daniel Funke,"November 18, 2020",https://www.politifact.com/factchecks/2020/nov/18/facebook-posts/joe-biden-did-not-hire-mob-fabricate-ballots-phila/
Donald Trump,"November 18, 2020",“Michigan just refused to certify the election results!”,false,tweet,National; Elections; Michigan,Clara Hendrickson,"November 18, 2020",https://www.politifact.com/factchecks/2020/nov/18/donald-trump/no-michigan-has-not-refused-certify-election-resul/
Donald Trump,"November 17, 2020",Says Georgia’s secretary of state won’t let the people recounting ballots check the signatures for fraud.,pants-fire,fundraising email,Georgia; National; Corrections and Updates; Elections,Jon Greenberg,"November 18, 2020",https://www.politifact.com/factchecks/2020/nov/18/donald-trump/donald-trumps-jab-georgia-recount-ignores-key-voti/
Ted Nugent,"November 17, 2020","Says “47 additional counties used the same software that caused a ‘glitch’ in Antrim County (that switched 6,000 votes from Trump to Biden in that county)” and votes in the state are “potentially fraudulent.”",mostly-false,Facebook post,Elections; Facebook Fact-checks,Samantha Putterman,"November 18, 2020",https://www.politifact.com/factchecks/2020/nov/18/ted-nugent/inaccurate-early-vote-count-onmichigan-county-was-/
Facebook posts,"November 16, 2020","""Voter FRAUD exposed in Georgia. Over 2600 votes 'FOUND.'""",mostly-false,a Live video,Georgia; Elections; Facebook Fact-checks,Daniel Funke,"November 18, 2020",https://www.politifact.com/factchecks/2020/nov/18/facebook-posts/georgia-election-officials-found-more-2600-uncount/
Bloggers,"November 15, 2020",“Biden campaign director arrested for electoral fraud.”,false,Facebook post,Elections; Facebook Fact-checks; Texas,Ciara O'Rourke,"November 17, 2020",https://www.politifact.com/factchecks/2020/nov/17/blog-posting/no-biden-campaign-official-wasnt-arrested-election/
YouTube videos,"November 14, 2020",The U.S. military seized servers in Germany tied to Dominion Election Systems.,pants-fire,YouTube video,Elections; Facebook Fact-checks,Samantha Putterman,"November 17, 2020",https://www.politifact.com/factchecks/2020/nov/17/youtube-videos/no-us-military-did-not-raid-election-software-comp/
Tammy Baldwin,"November 15, 2020","""We heard from the Department of Homeland Security ... that this was probably the most secure election that’s ever been run in the United States.”",true,TV interview,Criminal Justice; Elections; States; Wisconsin,Madeline Heim,"November 17, 2020",https://www.politifact.com/factchecks/2020/nov/17/tammy-baldwin/yes-department-homeland-security-declared-nov-3-el/
Facebook posts,"November 13, 2020","“Milwaukee Elections Chief Lost Elections Flash Drive in Morning Hours of November 4th When Democrats Miraculously Found 120,000 Votes for Joe Biden.”",pants-fire,Facebook post,Elections; States; Wisconsin,Eric Litke,"November 17, 2020",https://www.politifact.com/factchecks/2020/nov/17/facebook-posts/no-there-was-nothing-shady-about-lost-milwaukee-el/
Facebook posts,"November 13, 2020",Says Sen. Kelly Loeffler said on Parler that “Black people shouldn’t be allowed to vote.”,pants-fire,Facebook post,Georgia; Elections,Amy Sherman,"November 16, 2020",https://www.politifact.com/factchecks/2020/nov/16/facebook-posts/parler-post-attributed-loeffler-about-black-georgi/
Instagram posts,"November 11, 2020",Says Donald Trump posed as an anonymous “Nevada poll worker” on Laura Ingraham’s show.,false,Instagram post,Elections; Facebook Fact-checks,Ciara O'Rourke,"November 13, 2020",https://www.politifact.com/factchecks/2020/nov/13/instagram-posts/no-trump-didnt-pose-poll-worker-laura-ingrahams-sh/
Rudy Giuliani,"November 11, 2020","Says there were “600,000 plus unlawful votes in Philly and Pitt.”",pants-fire,tweet,National; Elections; Pennsylvania,Jon Greenberg,"November 13, 2020",https://www.politifact.com/factchecks/2020/nov/13/rudy-giuliani/giulianis-false-claim-more-600000-unlawful-votes-p/
Facebook posts,"November 11, 2020",Says Dominion Voting System flipped votes to Joe Biden in states where Trump is bringing legal challenges.,pants-fire,Facebook post,Elections; Facebook Fact-checks,Daniel Funke,"November 13, 2020",https://www.politifact.com/factchecks/2020/nov/13/facebook-posts/no-evidence-dominion-voting-systems-caused-widespr/
Ben Wikler,"November 8, 2020","""Across the state the rejection rate for ballots went way down” in the Nov. 3 election.",mostly-false,TV interview,National; Elections; States; Wisconsin,D.L. Davis,"November 13, 2020",https://www.politifact.com/factchecks/2020/nov/13/ben-wikler/democrats-jump-gun-claim-absentee-ballot-rejection/
Donald Trump,"November 11, 2020",“Pennsylvania and Michigan didn’t allow our poll watchers and/or vote observers to watch or observe.”,pants-fire,tweet,National; Elections; Pennsylvania; Michigan,Bill McCarthy,"November 12, 2020",https://www.politifact.com/factchecks/2020/nov/12/donald-trump/trumps-wrong-claim-election-observers-were-barred-/
Donald Trump,"November 12, 2020",Dominion Voting Systems “deleted 2.7 million Trump votes nationwide.”,pants-fire,tweet,National; Elections,Daniel Funke,"November 12, 2020",https://www.politifact.com/factchecks/2020/nov/12/donald-trump/trumps-tweet-about-27-million-deleted-votes-basele/
Facebook posts,"November 11, 2020","""The real electoral map"" shows Donald Trump leading Joe Biden in electoral votes.",false,image,National; Elections; Facebook Fact-checks,Daniel Funke,"November 12, 2020",https://www.politifact.com/factchecks/2020/nov/12/facebook-posts/trump-does-not-have-more-electoral-votes-biden/
Facebook posts,"November 7, 2020",The media called the 2016 election for Hillary Clinton.,false,Facebook post,Elections; Facebook Fact-checks,Ciara O'Rourke,"November 11, 2020",https://www.politifact.com/factchecks/2020/nov/11/facebook-posts/no-media-didnt-call-2016-election-clinton/
Facebook posts,"November 10, 2020","“Biden lead disappears in NV, AZ, GA, PA.”",false,Facebook post,Elections; Facebook Fact-checks,Bill McCarthy,"November 11, 2020",https://www.politifact.com/factchecks/2020/nov/11/facebook-posts/no-joe-bidens-leads-havent-disappeared-key-battleg/
Instagram posts,"November 10, 2020","Says conservative website Judicial Watch published a story about “elite” units of the National Guard recounting official ballots that were printed with “an invisible, unbreakable code watermark and registered on a Quantum Blockchain System.”",pants-fire,Instagram post,Elections; Facebook Fact-checks; Ask PolitiFact,Samantha Putterman,"November 11, 2020",https://www.politifact.com/factchecks/2020/nov/11/instagram-posts/no-judicial-watch-didnt-publish-bogus-story-about-/
Facebook posts,"November 10, 2020","A judge has ordered a ""HAND RECOUNT by an INDEPENDENT COMMISSION in the state of Michigan, following hard evidence of voting fraud by Detroit City Election Commission.""",false,screenshot,Elections; Facebook Fact-checks; Michigan,Daniel Funke,"November 11, 2020",https://www.politifact.com/factchecks/2020/nov/11/facebook-posts/michigan-judge-has-not-called-hand-recount/
Facebook posts,"November 8, 2020",Church bells rang in Paris and fireworks were set off in London to celebrate Joe Biden’s presidential win.,false,Facebook post,Elections; Facebook Fact-checks,Samantha Putterman,"November 11, 2020",https://www.politifact.com/factchecks/2020/nov/11/facebook-posts/bells-france-fireworks-london-werent-celebrating-j/
Matt  Schlapp,"November 8, 2020","As an example of voter fraud, “we have literally 9,000 people who voted in this election (in Nevada) who don’t live in Nevada.”",pants-fire,Fox News appearance,Nevada; Elections,Bill McCarthy,"November 11, 2020",https://www.politifact.com/factchecks/2020/nov/11/matt-schlapp/matt-schlapps-baseless-claim-9000-nevada-mail-ball/
Dan Bishop,"November 5, 2020",Says there are “indications of grossly improper conduct from election officials right here in my district.”,false,tweet,Elections; North Carolina,Paul Specht,"November 10, 2020",https://www.politifact.com/factchecks/2020/nov/10/dan-bishop/north-carolina-republican-falsely-accuses-election/
Eric Trump,"November 9, 2020",“System 'Glitch' ... In Wisconsin - Reversal of Swapped Votes Removes Lead from Joe Biden.”,pants-fire,tweet,Elections; Wisconsin,Eric Litke,"November 10, 2020",https://www.politifact.com/factchecks/2020/nov/10/eric-trump/no-rock-county-did-not-have-glitch-stole-votes-tru/
Instagram posts,"November 4, 2020",If Donald Trump “didn’t win Michigan why does the actual government site say he did?”,false,Instagram post,Elections; Facebook Fact-checks,Ciara O'Rourke,"November 10, 2020",https://www.politifact.com/factchecks/2020/nov/10/instagram-posts/no-michigans-government-website-doesnt-say-donald-/
Instagram posts,"November 9, 2020",“Joe Biden is no longer the President-elect according to RealClearPolitics.”,false,screenshot,National; Elections; Facebook Fact-checks; Pennsylvania,Daniel Funke,"November 10, 2020",https://www.politifact.com/factchecks/2020/nov/10/instagram-posts/fact-checking-social-media-posts-about-bidens-lead/
Bloggers,"November 6, 2020",Says Nancy Pelosi has “suspicious ties” to a voting software company that was involved in glitches that favored Joe Biden.,mostly-false,blog post,National; Elections; Facebook Fact-checks,Jon Greenberg,"November 9, 2020",https://www.politifact.com/factchecks/2020/nov/09/blog-posting/trump-supporters-falsely-tie-nancy-pelosi-broader-/
Facebook posts,"November 4, 2020","Officials in Fairfax, Va., gave 100,000 Trump votes to Biden.",mostly-false,post on Facebook,Elections; Facebook Fact-checks,Hayat Norimine,"November 7, 2020",https://www.politifact.com/factchecks/2020/nov/07/facebook-posts/no-fairfax-officials-virginia-didnt-give-100000-tr/
Facebook posts,"November 5, 2020",An election worker in Georgia threw away a ballot.,false,Instagram post,Georgia; Elections; Facebook Fact-checks,Tom Kertscher,"November 7, 2020",https://www.politifact.com/factchecks/2020/nov/07/facebook-posts/georgia-election-worker-falsely-accused-discarding/
Nevada Republican Party,"November 5, 2020","Republicans in Nevada found “at least 3,062 instances of voter fraud. ... Thousands of individuals have been identified who appear to have violated the law by casting ballots after they moved from NV.""",false,tweet,Nevada; Elections,Miriam Valverde,"November 6, 2020",https://www.politifact.com/factchecks/2020/nov/06/nevada-republican-party/fact-checking-republican-claim-illegal-votes-nevad/
Ted Cruz,"November 5, 2020",Philadelphia is “clouding the vote counting in a shroud of darkness.”,false,Fox News interview,Elections; Pennsylvania; Texas,Bill McCarthy,"November 6, 2020",https://www.politifact.com/factchecks/2020/nov/06/ted-cruz/ted-cruz-falsely-claims-philadelphia-counting-vote/
Instagram posts,"November 5, 2020",Says the logo of a porn website appeared during a CNN broadcast.,false,Instagram post,Elections; Facebook Fact-checks,Ciara O'Rourke,"November 6, 2020",https://www.politifact.com/factchecks/2020/nov/06/instagram-posts/no-porn-site-logo-didnt-appear-cnn-broadcast/
Donald Trump,"November 5, 2020","“If you count the legal votes, I easily win. If you count the illegal votes, they can try to steal the election from us.”",pants-fire,White House speech,National; Elections,Amy Sherman,"November 6, 2020",https://www.politifact.com/factchecks/2020/nov/06/donald-trump/donald-trumps-pants-fire-claim-about-illegal-votes/
Kevin McCarthy,"November 5, 2020 in","In Iowa, ""they have allowed a little over 300 people to re-vote.""",pants-fire,on 'The Ingraham Angle',Elections; California; Iowa,Lyle Muller,"November 6, 2020",https://www.politifact.com/factchecks/2020/nov/06/kevin-mccarthy/claim-about-people-re-voting-iowa-2020-election-wr/
Facebook posts,"November 5, 2020","“Active crime scene in Spalding County, Ga., where ballots for President Donald Trump were discovered in a dumpster.”",false,Facebook post,Georgia; Elections; Facebook Fact-checks,Ciara O'Rourke,"November 6, 2020",https://www.politifact.com/factchecks/2020/nov/06/facebook-posts/no-ballots-donald-trump-werent-discovered-georgia-/
Facebook posts,"November 5, 2020",More poll workers caught filling out ballots in Delaware County Pennsylvania.,false,Facebook,Elections; Pennsylvania,Ciara O'Rourke,"November 6, 2020",https://www.politifact.com/factchecks/2020/nov/06/facebook-posts/no-pennsylvania-poll-workers-werent-caught-fraudul/
Facebook posts,"November 4, 2020",Republican election challengers were unfairly barred from observing absentee ballot processing and counting in Detroit.,false,Facebook post,Elections; Facebook Fact-checks; Michigan,Clara Hendrickson,"November 6, 2020",https://www.politifact.com/factchecks/2020/nov/06/facebook-posts/over-100-republican-challengers-monitored-absentee/
Facebook posts,"November 4, 2020",The Trump administration put secret watermarks on official ballots to trick cheating Democrats.,pants-fire,Facebook post,Elections; Facebook Fact-checks,Samantha Putterman,"November 6, 2020",https://www.politifact.com/factchecks/2020/nov/06/facebook-posts/did-president-trump-issue-secret-watermarks-ballot/
Facebook posts,"November 5, 2020","“Arizona trooper found 50,000 ballots in dumpster all for President Trump!!”",false,Facebook post,Elections; Facebook Fact-checks; Arizona,Ciara O'Rourke,"November 6, 2020",https://www.politifact.com/factchecks/2020/nov/06/facebook-posts/no-arizona-troopers-didnt-discover-50k-ballots-tru/
TikTok posts,"November 5, 2020","“40,000+ votes for Libertarian candidate Jo Jorgensen magically become votes for Joe Biden.”",false,video posted on TikTok,Elections; Pennsylvania,Miriam Valverde,"November 5, 2020",https://www.politifact.com/factchecks/2020/nov/05/tiktok-posts/social-media-posts-falsely-claim-40000-votes-jo-jo/
Facebook posts,"November 4, 2020","“118-year-old William Bradley voted via an absentee ballot in Wayne County, Michigan this year. William died in 1984. They’re trying to steal this election.”",false,Facebook post,Elections; Facebook Fact-checks; Michigan,Amy Sherman,"November 5, 2020",https://www.politifact.com/factchecks/2020/nov/05/facebook-posts/no-dead-voter-named-william-bradley-didnt-vote-det/
Bloggers,"November 4, 2020",Wagon arriving at Detroit counting center after deadline “may have been a ballot box.”,false,article,Elections; Michigan,Clara Hendrickson,"November 5, 2020",https://www.politifact.com/factchecks/2020/nov/05/blog-posting/no-evidence-ballots-were-smuggled-detroit-counting/
Bloggers,"November 4, 2020",“USPS failed to deliver 27% of mail-in ballots in South Florida”,pants-fire,Facebook post,National; Elections; Florida; Facebook Fact-checks,Jon Greenberg,"November 5, 2020",https://www.politifact.com/factchecks/2020/nov/05/blog-posting/claim-postal-service-failed-deliver-27-mail-ballot/
Social Media,"November 4, 2020","Says North Carolina’s ""Democratic Secretary of State"" controls the state's elections.",false,tweet,Elections; North Carolina,Paul Specht,"November 5, 2020",https://www.politifact.com/factchecks/2020/nov/05/social-media/no-north-carolinas-secretary-state-doesnt-control-/
Facebook posts,"November 4, 2020","""Seven Milwaukee wards report more 2020 presidential votes than registered voters.”",pants-fire,Facebook post,Elections; Wisconsin,Haley BeMiller,"November 5, 2020",https://www.politifact.com/factchecks/2020/nov/05/facebook-posts/milwaukee-wards-did-not-have-more-votes-president-/
Facebook posts,"November 5, 2020",Thousands of military ballots were found in the trash in Wisconsin.,false,Facebook post,Elections; Facebook Fact-checks,Samantha Putterman,"November 5, 2020",https://www.politifact.com/factchecks/2020/nov/05/facebook-posts/no-thousands-military-ballots-were-not-found-trash/
Facebook posts,"November 4, 2020","“If you were forced to use a Sharpie” to fill out your ballot, “that is voter fraud.”",false,Facebook post,Elections; Facebook Fact-checks; Arizona,Tom Kertscher,"November 5, 2020",https://www.politifact.com/factchecks/2020/nov/05/facebook-posts/despite-sharpiegate-no-evidence-plot-use-pens-canc/
Facebook posts,"November 4, 2020","Detroit has “2,503 dead people registered” including “one voter born in 1823.”",false,Facebook post,Elections; Facebook Fact-checks; Michigan,Amy Sherman,"November 5, 2020",https://www.politifact.com/factchecks/2020/nov/05/facebook-posts/dead-voters-detroits-voter-rolls-including-person-/
Facebook posts,"November 5, 2020",Joe Biden was called for Michigan even though Donald Trump won more votes.,false,Facebook post,Elections; Facebook Fact-checks; Michigan,Ciara O'Rourke,"November 5, 2020",https://www.politifact.com/factchecks/2020/nov/05/facebook-posts/biden-netted-more-votes-michigan-trump/
Donald Trump Jr.,"November 4, 2020",Wisconsin voter turnout jumped from 67% in 2016 to 89% in 2020.,pants-fire,Facebook post,Elections; Wisconsin,Eric Litke,"November 5, 2020",https://www.politifact.com/factchecks/2020/nov/05/donald-trump-jr/no-wisconsin-voter-turnout-did-not-jump-67-2016-89/
Facebook posts,"November 4, 2020","“Wisconsin took a break, and when they returned, Biden coincidentally came back ahead by 100k.”",pants-fire,Facebook post,Elections; Wisconsin,Haley BeMiller,"November 5, 2020",https://www.politifact.com/factchecks/2020/nov/05/facebook-posts/no-wisconsin-did-not-take-break-counting-election-/
Eric Trump,"November 4, 2020",A person is on film “burning 80 Trump ballots.”,false,tweet,Elections; Crime; Facebook Fact-checks; Virginia,Bill McCarthy,"November 4, 2020",https://www.politifact.com/factchecks/2020/nov/04/eric-trump/eric-trump-retweets-video-falsely-claiming-man-bur/
Donald Trump,"November 4, 2020","“Last night I was leading, often solidly, in many key States, in almost all instances Democrat run & controlled. Then, one by one, they started to magically disappear as surprise ballot dumps were counted.”",false,tweet,Elections; Pennsylvania; Wisconsin; Michigan,Louis Jacobson,"November 4, 2020",https://www.politifact.com/factchecks/2020/nov/04/donald-trump/no-president-trump-ballot-dumps-key-states-were-no/
Facebook posts,"November 4, 2020","""Six states can't get the votes counted. Six states in which @realDonaldTrump is leading. Six states where Dems are in charge.""",false,screenshot,National; Elections; Facebook Fact-checks,Daniel Funke,"November 4, 2020",https://www.politifact.com/factchecks/2020/nov/04/facebook-posts/fact-checking-conspiracy-theory-about-ballot-count/
X posts,"November 4, 2020","“40,000 rejected vote by mail ballots in DeKalb County need to be cured by Friday or they will be tossed.”",false,post,Georgia; Elections,Daniel Funke,"November 4, 2020",https://www.politifact.com/factchecks/2020/nov/04/tweets/viral-tweet-spreads-false-information-about-mail-b/
Facebook posts,"November 4, 2020","“Now that it’s even, Nevada decides to stop counting and is now not going to count anything until TOMORROW! What?!”",false,Facebook post,Nevada; Elections,Amy Sherman,"November 4, 2020",https://www.politifact.com/factchecks/2020/nov/04/facebook-posts/no-nevada-did-not-stop-counting-ballots/
Facebook posts,"November 4, 2020",“Wisconsin found 112k votes at 3am.”,false,Facebook post,Elections; Facebook Fact-checks; Wisconsin,Miriam Valverde,"November 4, 2020",https://www.politifact.com/factchecks/2020/nov/04/facebook-posts/social-media-post-falsely-claims-wisconsin-found-1/
Facebook posts,"November 4, 2020",“This is the California model spreading across the country. When you need to flip things blue there’s always some mysterious mail-in ballots lying around that’ll do the trick. Shameful!”,false,Facebook post,Elections; California,Chris Nichols,"November 4, 2020",https://www.politifact.com/factchecks/2020/nov/04/facebook-posts/theres-nothing-mysterious-about-californias-mail-v/
X posts,"November 4, 2020","Says Joe Biden received a sudden influx of 138,339 votes in Michigan while Donald Trump received none.",false,tweet,Elections; Facebook Fact-checks; Michigan,Bill McCarthy,"November 4, 2020",https://www.politifact.com/factchecks/2020/nov/04/tweets/no-biden-did-not-receive-thousands-mysteriously-su/
Facebook posts,"November 4, 2020","Six states ""decided to stop counting"" votes as Donald Trump was ""headed for a win” on election night.",false,image,National; Elections; Facebook Fact-checks,Daniel Funke,"November 4, 2020",https://www.politifact.com/factchecks/2020/nov/04/facebook-posts/battleground-states-did-not-stop-counting-votes-el/
X posts,"November 4, 2020",“Wisconsin has more votes than people who are registered to vote. … This is direct evidence of fraud.”,pants-fire,tweet,Elections; Facebook Fact-checks; Wisconsin,Ciara O'Rourke,"November 4, 2020",https://www.politifact.com/factchecks/2020/nov/04/tweets/no-wisconsin-doesnt-have-more-ballots-cast-registe/
Facebook posts,"November 3, 2020","Voters in Maricopa County, Ariz., were forced to vote using Sharpie pens that aren’t read by voting machines.",false,Facebook post,Elections; Facebook Fact-checks; Arizona,Tom Kertscher,"November 4, 2020",https://www.politifact.com/factchecks/2020/nov/04/facebook-posts/voting-machines-dont-read-ballots-filled-sharpies-/
Sean Hannity,"November 3, 2020",“NOT A JOKE: Ilhan Omar Tells Residents ‘You Don’t Have to be Registered to Vote’ in Minnesota.”,false,tweet,Elections; Facebook Fact-checks,Samantha Putterman,"November 4, 2020",https://www.politifact.com/factchecks/2020/nov/04/sean-hannity/sean-hannity-falsely-suggests-ilhan-omar-encourage/
Facebook posts,"November 4, 2020",“Trump has won the election with 294 electoral votes.”,false,Facebook post,Elections; Facebook Fact-checks,Ciara O'Rourke,"November 4, 2020",https://www.politifact.com/factchecks/2020/nov/04/facebook-posts/no-trump-hasnt-won-election-and-neither-has-biden/
Donald Trump,"November 4, 2020",“We already have won” the election.,pants-fire,speech at the White House,Elections,Louis Jacobson,"November 4, 2020",https://www.politifact.com/factchecks/2020/nov/04/donald-trump/trump-falsely-and-prematurely-claims-2020-presiden/
X posts,"November 3, 2020","“Only sign outside Bucks County voting place. Democrats shown, republicans blurred out. … More scamming in Pennsylvania!”",false,tweet,National; Corrections and Updates; Elections; Facebook Fact-checks; Pennsylvania,Jon Greenberg,"November 4, 2020",https://www.politifact.com/factchecks/2020/nov/04/tweets/no-sign-outside-pennsylvania-poll-isnt-voting-scam/
X posts,"November 3, 2020",Poll watchers in Philadelphia prevented from entering polling places.,half-true,tweets,Elections; Pennsylvania,Miriam Valverde,"November 3, 2020",https://www.politifact.com/factchecks/2020/nov/03/tweets/fact-checking-claim-about-poll-watchers-turned-awa/
X posts,"November 3, 2020","A poll worker in Erie County, Pa., threw out over 100 ballots for Donald Trump.",false,tweet,Elections; Facebook Fact-checks; Pennsylvania,Bill McCarthy,"November 3, 2020",https://www.politifact.com/factchecks/2020/nov/03/tweets/no-ballots-trump-werent-thrown-out-poll-worker-pen/
TikTok posts,"November 2, 2020",“Biden says he doesn’t need voters to get elected.”,false,video posted on TikTok,Elections; Michigan,Miriam Valverde,"November 3, 2020",https://www.politifact.com/factchecks/2020/nov/03/tiktok-posts/video-misrepresents-bidens-speech-michigan/
Bloggers,"November 3, 2020",“Antifa gearing up for false flag violence disguised as Trump-supporters.”,false,blog post,Elections; Facebook Fact-checks,Ciara O'Rourke,"November 3, 2020",https://www.politifact.com/factchecks/2020/nov/03/blog-posting/flyer-encouraging-antifa-disguise-themselves-trump/
Facebook posts,"November 2, 2020",Pennsylvania officials are “attempting to silence voters” by sending them letters that say they’ve been exposed to COVID-19 and “must remain quarantined and not vote in person on Election Day.”,mostly-false,Facebook post,Elections; Facebook Fact-checks; Coronavirus,Ciara O'Rourke,"November 2, 2020",https://www.politifact.com/factchecks/2020/nov/02/facebook-posts/pennsylvania-residents-under-covid-19-quarantine-c/
TikTok posts,"September 1, 2020","In Massachusetts, ""anybody can go vote for anybody so long as they have their information. … They're not even checking IDs at the polling stations.""",mostly-false,video posted on TikTok,Elections; Voter ID Laws,Miriam Valverde,"November 2, 2020",https://www.politifact.com/factchecks/2020/nov/02/tiktok-posts/video-gives-misleading-impression-mass-voting-rule/
Robyn Vining,"October 25, 2020",“People are less likely to just vote for party now. … They’re looking at the personalities.”,half-true,TV interview,Elections; Wisconsin,Eric Litke,"November 2, 2020",https://www.politifact.com/factchecks/2020/nov/02/robyn-vining/voters-choosing-more-party-personality-trump-excep/
Jason MIller,"November 1, 2020","“We will be over 290 electoral votes on Election Night ... no matter what they (Democrats) try to do, what kind of hijinks or lawsuits or whatever kind of nonsense they try to pull off.”",false,"interview on ABC's ""This Week""",Elections,Louis Jacobson,"November 1, 2020",https://www.politifact.com/factchecks/2020/nov/01/jason-miller/trump-spokesman-jason-miller-paints-dubious-pictur/
X posts,"October 29, 2020",Queens voters received pre-marked ballots for Joe Biden.,false,tweet,Elections; Facebook Fact-checks; New York,Hayat Norimine,"November 1, 2020",https://www.politifact.com/factchecks/2020/nov/01/tweets/no-evidence-queens-voters-received-pre-marked-ball/
Facebook posts,"October 29, 2020",“Miami-Dade reporting 23% of early ballots being rejected for missing signatures.”,false,Facebook post,Elections; Facebook Fact-checks,Amy Sherman,"October 30, 2020",https://www.politifact.com/factchecks/2020/oct/30/facebook-posts/false-post-inflates-number-rejected-mail-ballots-m/
Justin Clark,"October 28, 2020",“Major decision protecting voting rights in Pa. Ballots received after Election Day will not be counted.”,mostly-false,tweet,National; Elections; Pennsylvania,Jessica Calefati,"October 29, 2020",https://www.politifact.com/factchecks/2020/oct/29/justin-clark/fact-checking-trump-campaign-tweet-pa-mail-ballots/
YouTube videos,"October 27, 2020",A Detroit TV station aired the election results a week early.,half-true,video on YouTube,Elections; Michigan,Bill McCarthy,"October 29, 2020",https://www.politifact.com/factchecks/2020/oct/29/youtube-videos/detroit-tv-station-accidentally-airs-fake-election/
Donald Trump,"October 26, 2020","“When asked about court-packing, Biden's staff immediately escorts the camera out.”",false,YouTube video,National; Elections,Jon Greenberg,"October 29, 2020",https://www.politifact.com/factchecks/2020/oct/29/donald-trump/trump-campaign-uses-cherry-picked-video-attack-bid/
Robyn Vining,"October 25, 2020",My 2018 election was the first time Speaker Robin Vos has lost a Republican-held seat,true,interview,Elections; States; Wisconsin,Eric Litke,"October 29, 2020",https://www.politifact.com/factchecks/2020/oct/29/robyn-vining/yes-because-gerrymandering-only-one-republican-ass/
Donald Trump,"October 27, 2020","Counting ballots for weeks after Election Day “is totally inappropriate, and I don't believe that's by our laws.""",pants-fire,remarks to reporters,Elections,Louis Jacobson,"October 28, 2020",https://www.politifact.com/factchecks/2020/oct/28/donald-trump/donald-trump-wrong-winner-has-be-announced-electio/
Facebook posts,"October 26, 2020",Sen. Kamala Harris “may have broken laws” when she visited a voting site in Ohio,false,headline,Ohio; Elections; Facebook Fact-checks,Amy Sherman,"October 28, 2020",https://www.politifact.com/factchecks/2020/oct/28/facebook-posts/no-harris-did-not-break-ohio-law-election-site-vis/
Instagram posts,"October 27, 2020",Says someone tried to suppress votes by disguising trash cans as ballot boxes.,false,post on Instagram,Elections; History; Facebook Fact-checks; Pennsylvania,Hayat Norimine,"October 28, 2020",https://www.politifact.com/factchecks/2020/oct/28/instagram-posts/ad-history-exhibit-philadelphia-mistaken-attempt-s/
Donald Trump,"October 25, 2020","“In Nevada, they want to have a thing where you don’t have to have any verification of the signature” on ballots.",false,rally,Nevada; Elections,Amy Sherman,"October 28, 2020",https://www.politifact.com/factchecks/2020/oct/28/donald-trump/trumps-misleading-claim-about-ballot-signatures-ne/
Facebook posts,"October 24, 2020",An “anti-Black Lives Matter” flag replaced the American flag behind President Trump during a Waukesha campaign rally.,mostly-true,Facebook post,National; Elections; Legal Issues; Wisconsin,Laura Schulte,"October 28, 2020",https://www.politifact.com/factchecks/2020/oct/28/facebook-posts/yes-thin-blue-line-flag-has-taken-more-prominent-p/
Donald Trump,"October 26, 2020",“Joe Biden confirmed his plan to abolish the entire U.S. oil industry.”,false,rally,National; Elections; Pennsylvania,Jessica Calefati,"October 28, 2020",https://www.politifact.com/factchecks/2020/oct/28/donald-trump/fact-checking-trumps-claim-biden-said-he-would-abo/
Donald Trump,"October 27, 2020","Says Joe Biden said, “Why am I doing this? Why? What is my real aim?”",false,tweet by Trump War Room,Elections,Miriam Valverde,"October 27, 2020",https://www.politifact.com/factchecks/2020/oct/27/donald-trump/biden-was-quoting-pope-francis-not-expressing-conf/
Donald Trump,"October 24, 2020",U.S. is “really not doing (COVID-19) reporting right” because deaths are being improperly counted and hospitals have an “incentive” to pad stats.,false,Speech,Elections; Coronavirus; Wisconsin,Eric Litke,"October 27, 2020",https://www.politifact.com/factchecks/2020/oct/27/donald-trump/trump-wrong-claim-us-padding-covid-19-stats/
Donald Trump,"October 27, 2020",“CAN I CHANGE MY VOTE? ... The answer in most states is YES.”,mostly-false,tweet,Elections,Daniel Funke,"October 27, 2020",https://www.politifact.com/factchecks/2020/oct/27/donald-trump/donald-trump-says-you-can-change-your-vote-most-st/
Kayleigh McEnany,"October 24, 2020",“Biden admits to voter fraud.”,false,tweet,National; Elections,Jon Greenberg,"October 27, 2020",https://www.politifact.com/factchecks/2020/oct/27/kayleigh-mcenany/white-house-press-secretary-mcenany-takes-bidens-w/
Facebook posts,"October 24, 2020","Says Donald Trump “voted twice” in the Nov. 3, 2020 election",pants-fire,Facebook post,Elections; Florida,Amy Sherman,"October 25, 2020",https://www.politifact.com/factchecks/2020/oct/25/facebook-posts/no-trump-did-not-vote-twice-nov-3-election/
Bloggers,"October 21, 2020",“Leftists” sent “Proud Boys” emails threatening Democratic voters.,false,Facebook post,Elections; Facebook Fact-checks,Ciara O'Rourke,"October 22, 2020",https://www.politifact.com/factchecks/2020/oct/22/blog-posting/officials-think-iran-sent-fake-proud-boys-emails-t/
Instagram posts,"October 21, 2020","""California sends 440,000 ballots to ineligible voters.""",false,Instagram post,Elections; California; Facebook Fact-checks,Tom Kertscher,"October 22, 2020",https://www.politifact.com/factchecks/2020/oct/22/instagram-posts/no-evidence-california-sent-440000-nov-3-ballots-i/
Donald Trump,"October 20, 2020",“Phony” ballots “were printed without my name on it.”,mostly-false,rally,National; Elections; California; Pennsylvania,Amy Sherman,"October 21, 2020",https://www.politifact.com/factchecks/2020/oct/21/donald-trump/fact-checking-trumps-overblown-statement-about-bal/
Emails,"October 20, 2020",Says “we will know which candidate you voted for.”,pants-fire,email threat to Florida Democrats,Corrections and Updates; Elections; Florida,Amy Sherman,"October 21, 2020",https://www.politifact.com/factchecks/2020/oct/21/emails/threat-wrongly-says-author-email-can-find-out-if-f/
Joe Biden,"October 15, 2020",“The boilermakers union has endorsed me because I sat down with them and went into great detail with leadership [about] exactly what I would do.”,false,town hall,National; Elections; Pennsylvania,Jessica Calefati,"October 21, 2020",https://www.politifact.com/factchecks/2020/oct/21/joe-biden/no-boilermakers-union-didnt-endorse-joe-biden/
Instagram posts,"October 19, 2020","“15 days left to vote BUT if you are voting by mail, you need to vote TODAY. USPS says it needs a 14 day roundtrip to be counted on election day.”",half-true,Instagram post,Elections; Facebook Fact-checks,Amy Sherman,"October 20, 2020",https://www.politifact.com/factchecks/2020/oct/20/instagram-posts/fact-checking-claim-about-when-your-mail-ballot-du/
Bloggers,"October 18, 2020",If you know someone's name and date of birth you can change their votes on Oregon’s voting website.,pants-fire,thread on 4chan,Oregon; Elections; Facebook Fact-checks,Amy Sherman,"October 20, 2020",https://www.politifact.com/factchecks/2020/oct/20/blog-posting/4chan-users-spread-false-information-about-oregons/
Facebook posts,"October 18, 2020","Pennsylvania rejected 372,000 mail-in ballots",false,Facebook post,Elections; Pennsylvania,Amy Sherman,"October 19, 2020",https://www.politifact.com/factchecks/2020/oct/19/facebook-posts/pennsylvania-rejected-372000-ballot-applications-n/
Instagram posts,"October 15, 2020","Says Kanye West got 40,000 votes in the presidential election in Kentucky.",false,Instagram post,Elections; Pop Culture; Facebook Fact-checks,Ciara O'Rourke,"October 16, 2020",https://www.politifact.com/factchecks/2020/oct/16/instagram-posts/kanye-west-wing-no-those-kentucky-election-tallies/
Facebook posts,"October 13, 2020",“Jaime Harrison is being left off of South Carolina ballots”,false,Facebook post,Elections; Facebook Fact-checks,Amy Sherman,"October 16, 2020",https://www.politifact.com/factchecks/2020/oct/16/facebook-posts/no-proof-jaime-harrison-was-left-touch-screen-mach/
Congressional Leadership Fund,"September 30, 2020",“Hoadley called women ‘breeders.’... wanted to learn about crystal meth and wrote that his sexual partners were his victims. Hoadley even wrote about a four year-old wearing a thong.”,mostly-false,TV ad,Elections; Michigan,Clara Hendrickson,"October 16, 2020",https://www.politifact.com/factchecks/2020/oct/16/congressional-leadership-fund/republican-super-pac-misleads-hoadleys-blog-posts-/
Donald Trump,"October 13, 2020",“We’re putting our great coal miners back to work.”,mostly-false,speech,National; Elections; Pennsylvania,Jessica Calefati,"October 14, 2020",https://www.politifact.com/factchecks/2020/oct/14/donald-trump/fact-checking-trumps-claim-pa-hes-putting-our-grea/
Facebook posts,"October 10, 2020",Says Joe Biden took a knee during the national anthem.,false,Facebook post,Elections; Facebook Fact-checks,Hayat Norimine,"October 13, 2020",https://www.politifact.com/factchecks/2020/oct/13/facebook-posts/no-joe-biden-didnt-take-knee-during-national-anthe/
Facebook posts,"October 11, 2020",No one showed up for this Joe Biden and Kamala Harris joint campaign event in Arizona.,mostly-false,Facebook post,Elections; Facebook Fact-checks,Samantha Putterman,"October 12, 2020",https://www.politifact.com/factchecks/2020/oct/12/facebook-posts/biden-harris-arizona-event-had-no-fanfare-because-/
Joe Biden,"September 21, 2020","“All the billionaires in America, their net worth combined … has increased by $800 billion” during the pandemic.",mostly-true,Speech,Elections; Coronavirus; Wisconsin,Nusaiba Mizan,"October 12, 2020",https://www.politifact.com/factchecks/2020/oct/12/joe-biden/biden-says-billionaires-gained-800-billion-study-l/
Donald Trump,"October 8, 2020",The Commission on Presidential Debates wrote a letter after the 2016 presidential debates apologizing to Donald Trump.,false,interview with Fox News,Debates; Elections,Samantha Putterman,"October 9, 2020",https://www.politifact.com/factchecks/2020/oct/09/donald-trump/trump-makes-unfounded-claim-2016-debate-commission/
Glenn Grothman,"October 4, 2020","Says the U.S. House’s COVID-19 relief bill, advanced by Democrats, “strips states of their right to administer elections.”",false,Newsletter,National; Elections; States; Wisconsin,Haley BeMiller,"October 9, 2020",https://www.politifact.com/factchecks/2020/oct/09/glenn-grothman/us-rep-grothman-base-claim-covid-bill-strips-state/
Donald Trump,"September 29, 2020",Says ballots in Wisconsin “are being dumped in rivers” or creeks.,false,debate,Elections; Wisconsin,Eric Litke,"October 9, 2020",https://www.politifact.com/factchecks/2020/oct/09/donald-trump/trump-whiffs-describing-wisconsin-ballot-case/
Bloggers,"October 7, 2020","“Shredded Pennsylvania Mail in ballot Applications were discovered in a trailer.
The applications were for @realDonaldTrump.”",false,post on Facebook,Elections; Facebook Fact-checks; Pennsylvania,Aaron Sharockman,"October 8, 2020",https://www.politifact.com/factchecks/2020/oct/08/blog-posting/social-posters-spread-election-misinformation-abou/
Facebook posts,"October 2, 2020",“The Rock has lost 48 million followers on his IG and YouTube after coming out for Biden.”,false,post on Facebook,Elections; Pop Culture; Facebook Fact-checks,Madison Czopek,"October 7, 2020",https://www.politifact.com/factchecks/2020/oct/07/facebook-posts/no-rock-didnt-lose-millions-followers-after-public/
Donald Trump,"September 29, 2020",“I brought back Big Ten football.”,mostly-false,Debate,Education; Elections; Sports; Wisconsin,Madeline Heim,"October 6, 2020",https://www.politifact.com/factchecks/2020/oct/06/donald-trump/big-ten-leaders-say-testing-and-medical-advice-bro/
Coalition to Stop the Proposed Tax Hike Amendment,"August 31, 2020","Approving the constitutional amendment on Illinois' November ballot “would let the politicians immediately implement their plan to increase taxes on small businesses, farmers and large employers.”",half-true,ad,Elections; Taxes; Illinois,Kiannah Sepeda-Miller,"October 4, 2020",https://www.politifact.com/factchecks/2020/oct/04/coalition-stop-proposed-tax-hike-amendment/will-large-and-small-illinois-businesses-pay-more-/
Jason MIller,"October 4, 2020",Says Joe Biden stays in his basement.,false,"comments on ABC's ""This Week""",National; Candidate Biography; Elections,Aaron Sharockman,"October 4, 2020",https://www.politifact.com/factchecks/2020/oct/04/jason-miller/biden-isnt-basement-trump-campaign-keeps-saying-so/
Joe Biden,"September 21, 2020","“If you just count all the deaths in the red states, we are number two in the world in deaths, just behind Brazil.”",mostly-true,speech,National; Elections; Coronavirus; Wisconsin,Madeline Heim,"October 1, 2020",https://www.politifact.com/factchecks/2020/oct/01/joe-biden/yes-coronavirus-deaths-red-states-add-second-highe/
Donald Trump,"October 1, 2020","""Last week Joe Biden flashed the ‘white power’ sign. President Trump condemned white supremacists yesterday. Why hasn't Joe Biden?”",pants-fire,tweet from @TrumpWarRoom,National; Elections,Samantha Putterman,"October 1, 2020",https://www.politifact.com/factchecks/2020/oct/01/donald-trump/no-joe-biden-didnt-use-racist-hand-gesture-he-was-/
Donald Trump,"September 29, 2020",Poll watchers in Philadelphia “were thrown out.”,false,presidential debate,National; Elections; Pennsylvania,Jessica Calefati,"October 1, 2020",https://www.politifact.com/factchecks/2020/oct/01/donald-trump/fact-checking-trumps-debate-comment-poll-watchers-/
Facebook posts,"September 23, 2020","“9,871,525 is the number of registered voters in AZ according to FB. AZ population is 7,270,000.”",mostly-false,Facebook post,Elections; Facebook Fact-checks,Samantha Putterman,"October 1, 2020",https://www.politifact.com/factchecks/2020/oct/01/facebook-posts/facebook-didnt-report-nearly-10-million-registered/
Facebook posts,"September 28, 2020",“A federal judge just ordered Wisconsin must have all ballots counted by 8 p.m. on the day of the election.”,pants-fire,Facebook post,National; Elections; Wisconsin,Laura Schulte,"September 30, 2020",https://www.politifact.com/factchecks/2020/sep/30/facebook-posts/no-votes-dont-have-be-counted-8-pm-nov-3/
Kelley Dragoo,"August 27, 2020","Ranked-choice voting “increases voter turnout and voter engagement.""",mostly-false,YouTube video,Elections; Missouri,Noah Crider,"September 29, 2020",https://www.politifact.com/factchecks/2020/sep/29/kelley-dragoo/dragoo-jumps-gun-ranked-choice-voting-still-debate/
Joe Biden,"September 27, 2020","The typical elementary school teacher pays $7,239 in federal income taxes, and firefighters pay $5,328, while Donald Trump paid $750.",half-true,campaign ad,Elections; Taxes,Noah Y. Kim,"September 29, 2020",https://www.politifact.com/factchecks/2020/sep/29/joe-biden/biden-ad-compares-trumps-taxes-nurses-firefighters/
Facebook posts,"September 26, 2020","Says over 1,000 mail in ballots were found in a dumpster in California.",false,Facebook post,Elections; California; Facebook Fact-checks,Samantha Putterman,"September 28, 2020",https://www.politifact.com/factchecks/2020/sep/28/facebook-posts/ballots-california-dumpster-were-actually-old-empt/
Donald Trump,"September 17, 2020","Says under U.S. Rep. Alexandria Ocasio-Cortez’s Green New Deal proposal, “Cows are out.”",false,Speech,Agriculture; Elections; Wisconsin,Laura Schulte,"September 28, 2020",https://www.politifact.com/factchecks/2020/sep/28/donald-trump/trump-misses-mark-claim-green-new-deal-proposal-wa/
Fred Upton,"September 8, 2020",Says House candidate Jon Hoadley voted to defund the police,false,campaign ad,Elections; Michigan,Clara Hendrickson,"September 28, 2020",https://www.politifact.com/factchecks/2020/sep/28/fred-upton/fred-upton-campaign-ad-says-jon-hoadley-voted-defu/
Republican Party of Wisconsin,"September 17, 2020","""At the Democratic convention, the Pledge of Allegiance was read with the words 'under God' removed.""",mostly-false,Campaign mailer,National; Elections; Patriotism; Wisconsin,D.L. Davis,"September 28, 2020",https://www.politifact.com/factchecks/2020/sep/28/republican-party-wisconsin/gop-claim-dems-omitted-god-pledge-dnc-misleads/
Donald Trump,"September 22, 2020","Says Joe Biden's plan for net-zero emissions ""would instantly shut down all fracking and all mining immediately in Pennsylvania.""",false,speech,National; Elections; Pennsylvania,Jessica Calefati,"September 25, 2020",https://www.politifact.com/factchecks/2020/sep/25/donald-trump/fact-checking-trumps-claim-biden-would-immediately/
Instagram posts,"September 22, 2020","A clip of Joe Biden shows him reading a response to an interview question from a teleprompter, saying “I lost that line.”",pants-fire,Instagram post,Elections; Facebook Fact-checks,Samantha Putterman,"September 23, 2020",https://www.politifact.com/factchecks/2020/sep/23/instagram-posts/no-biden-wasnt-reading-pre-written-response-questi/
Donald Trump,"September 17, 2020",Says “some people in the Great State of North Carolina have been sent TWO BALLOTS. RIGGED ELECTION in waiting!”,mostly-false,tweet,Elections; North Carolina,Paul Specht,"September 22, 2020",https://www.politifact.com/factchecks/2020/sep/22/donald-trump/trump-exaggerates-north-carolina-ballot-mishap/
William Barr,"September 2, 2020","“We indicted someone in Texas, 1,700 ballots collected from people who could vote, he made them out and voted for the person he wanted to.”",false,CNN interview,Elections; Facebook Fact-checks; Texas,Ciara O'Rourke,"September 22, 2020",https://www.politifact.com/factchecks/2020/sep/22/william-barr/doj-didnt-indict-someone-texas-fraudulently-castin/
Facebook posts,"September 16, 2020",“PHIL MURPHY ONLY ALLOWING IN PERSON VOTING ON Election Day AT PRUDENTIAL CENTER IN NEWARK NJ - Calling it a #SuperPollingStation”,mostly-false,post on Facebook,New Jersey; Elections; Facebook Fact-checks,Hayat Norimine,"September 21, 2020",https://www.politifact.com/factchecks/2020/sep/21/facebook-posts/no-prudential-center-newark-not-only-person-pollin/
Paul Junge,"September 11, 2020","""Candidate Slotkin had presented herself as a moderate and as someone who’d be independent-minded, but her time in office was making it increasingly clear that no, she was very partisan, voting 96% of the time with Speaker Pelosi.""",mostly-false,interview on 'Detroit Today',Bipartisanship; Congress; Elections; Michigan,Clara Hendrickson,"September 21, 2020",https://www.politifact.com/factchecks/2020/sep/21/paul-junge/fact-checking-rep-elissa-slotkins-record-bipartisa/
Michael Caputo,"September 13, 2020","""There are hit squads being trained all over this country” to violently oppose a second term for President Donald Trump.",false,Facebook video,National; Elections; Crime; New York,Bill McCarthy,"September 17, 2020",https://www.politifact.com/factchecks/2020/sep/17/michael-caputo/fact-checking-trump-health-aides-unproven-hit-squa/
Facebook posts,"August 15, 2020","If Joe Biden steps down, Nancy Pelosi will become vice president.",false,Facebook post,Elections; Facebook Fact-checks,Ciara O'Rourke,"September 16, 2020",https://www.politifact.com/factchecks/2020/sep/16/facebook-posts/pelosi-wouldnt-automatically-become-vice-president/
Donald Trump,"September 1, 2020",“There was tremendous cheating in New York”,pants-fire,television interview,Elections; New York,Jill Terreri Ramos,"September 11, 2020",https://www.politifact.com/factchecks/2020/sep/11/donald-trump/trumps-baseless-claim-about-tremendous-cheating-20/
Donald Trump,"September 7, 2020","Election officials are “sending 80 million ballots all over the country. Eighty million ballots, non-requested. I call them ‘unsolicited ballots.’”",mostly-false,press conference,Elections,Amy Sherman,"September 10, 2020",https://www.politifact.com/factchecks/2020/sep/10/donald-trump/trumps-misleading-claim-about-unsolicited-mail-bal/
Facebook posts,"August 26, 2020","“Feds Seize 19,888 Fake State Driver Licenses (Made in China) in Chicago O'Hare Airport - ALL Registered to Vote -- ALL Demorats!”",false,Facebook post,Elections; Facebook Fact-checks; Illinois,Madison Czopek,"September 9, 2020",https://www.politifact.com/factchecks/2020/sep/09/facebook-posts/no-link-between-seized-fake-ids-and-voter-fraud/
Facebook posts,"August 10, 2020","More than 500,000 mail in ballots in Virginia and 200,000 in Nevada were sent to dead people or pets",false,Facebook post,Nevada; Elections; Facebook Fact-checks; Virginia,Amy Sherman,"September 9, 2020",https://www.politifact.com/factchecks/2020/sep/09/facebook-posts/post-wrongly-says-thousands-ballots-sent-dead-peop/
Facebook posts,"September 1, 2020",Says “Kamala Harris is not able to be VP. Because she's a felon. She lied on her application to buy a gun here in CA.”,pants-fire,Facebook post,National; Candidate Biography; Elections; California; Facebook Fact-checks,Madison Czopek,"September 8, 2020",https://www.politifact.com/factchecks/2020/sep/08/facebook-posts/no-sen-kamala-harris-hasnt-been-convicted-felony/
Donald Trump,"September 1, 2020","“Biden failed to condemn far-left violent groups like Antifa, instead faulting only the brave men and women of law enforcement.”",false,News release,National; Elections; Wisconsin,Madeline Heim,"September 3, 2020",https://www.politifact.com/factchecks/2020/sep/03/donald-trump/trump-campaign-wrong-biden-has-repeatedly-condemne/
Joe Biden,"August 31, 2020",“I am not banning fracking.”,mostly-true,speech,National; Elections; Pennsylvania,Jessica Calefati,"September 1, 2020",https://www.politifact.com/factchecks/2020/sep/01/joe-biden/fact-checkin-joe-biden-pa-his-fracking-policy/
Instagram posts,"August 31, 2020",California voters who go to the polls to vote in person will be “TURNED AWAY & CANNOT VOTE” unless they change their voting preference to “NO to mail in voting.”,pants-fire,social media posts,Elections; California; Facebook Fact-checks,Chris Nichols,"September 1, 2020",https://www.politifact.com/factchecks/2020/sep/01/instagram-posts/social-media-posts-make-false-claim-ca-voters-will/
Robocaller,"August 27, 2020","“If you vote by mail, your personal information will be part of a public database that will be used by police departments to track down old warrants and be used by credit card companies to collect outstanding debt. The CDC is even pushing to use records for mail-in voting to track people for mandatory vaccines.”",pants-fire,robocall,Elections; Michigan,Dave Boucher,"August 31, 2020",https://www.politifact.com/factchecks/2020/aug/31/robocaller/michigan-election-legal-chiefs-decry-racist-roboca/
Facebook posts,"August 20, 2020","“If I mail in my ballot on Sunday and show up to the polling station on Tuesday, they won’t know if I’ve already voted or not. That, my friends, is a serious concern for all of us.”",false,Facebook post,Elections; Facebook Fact-checks,Bill McCarthy,"August 31, 2020",https://www.politifact.com/factchecks/2020/aug/31/facebook-posts/dont-believe-facebook-claim-states-have-procedures/
Donald Trump,"August 20, 2020",Says Joe Biden “abandoned Scranton.”,pants-fire,rally,National; Elections; Pennsylvania,Jessica Calefati,"August 29, 2020",https://www.politifact.com/factchecks/2020/aug/29/donald-trump/fact-checking-trumps-frequent-claim-joe-biden-aban/
Facebook posts,"July 19, 2020",“Two mail in ballots in PA (were) sent to the same person with their names on both a week and a half apart.”,half-true,Facebook post,Elections; Facebook Fact-checks,Samantha Putterman,"August 28, 2020",https://www.politifact.com/factchecks/2020/aug/28/facebook-posts/two-mail-ballots-sent-one-person-doesnt-mean-they-/
Donald Trump,"August 20, 2020","“So this is just a way they’re trying to steal the election, and everybody knows that. Because the only way they’re going to win is by a rigged election.”",pants-fire,comments,National; Elections,Louis Jacobson,"August 24, 2020",https://www.politifact.com/factchecks/2020/aug/24/donald-trump/donald-trump-says-joe-biden-can-only-win-rigged-el/
Republican Party of Wisconsin,"August 20, 2020",Kanye West’s access to Wisconsin’s ballot was “denied by liberals.”,mostly-false,News release,National; Elections; Wisconsin,Haley BeMiller,"August 21, 2020",https://www.politifact.com/factchecks/2020/aug/21/republican-party-wisconsin/liberals-did-not-deny-kanye-west-access-november-b/
Facebook posts,"August 16, 2020",“The Post Office advises never send cash in the mail. It’s not secure. Vote by mail?”,mostly-false,Facebook post,Elections; Facebook Fact-checks,Ciara O'Rourke,"August 21, 2020",https://www.politifact.com/factchecks/2020/aug/21/facebook-posts/postal-service-doesnt-say-never-mail-cash-other-op/
Donald Trump,"August 19, 2020","Says President Barack Obama “spied on my campaign, and got caught!”",false,tweet,National; Corrections and Updates; Elections; Legal Issues,Jon Greenberg,"August 20, 2020",https://www.politifact.com/factchecks/2020/aug/20/donald-trump/donald-trump-repeats-false-claim-obama-spied-his-c/
Donald Trump,"August 19, 2020",Goodyear Tires “announced a BAN ON MAGA HATS…This is what the Radical Left Democrats do.”,mostly-false,tweet,National; Elections; Transportation,Noah Y. Kim,"August 19, 2020",https://www.politifact.com/factchecks/2020/aug/19/donald-trump/calling-goodyear-dress-code-ban-maga-hats-mischara/
Facebook posts,"August 16, 2020",Says Mike Pence “said he won’t debate Kamala Harris.”,false,Facebook post,Elections; California; Facebook Fact-checks,Ciara O'Rourke,"August 19, 2020",https://www.politifact.com/factchecks/2020/aug/19/facebook-posts/no-mike-pence-hasnt-refused-debate-kamala-harris/
Donald Trump Jr.,"August 15, 2020","“8% of the votes cast” in Michigan’s Aug. 4 primary, 864 mailed ballots, came from dead voters. “NOTHING TO SEE HERE!!!”",pants-fire,tweet,Elections; Michigan,Clara Hendrickson,"August 18, 2020",https://www.politifact.com/factchecks/2020/aug/18/donald-trump-jr/donald-trump-jr-distorts-michigan-data-dead-voters/
Michelle Obama,"August 17, 2020","“In one of the states that determined the outcome” of the 2016 presidential race, “the winning margin averaged out to just two votes per precinct, two votes.”",true,Democratic convention speech,Elections; Michigan,Louis Jacobson,"August 18, 2020",https://www.politifact.com/factchecks/2020/aug/18/michelle-obama/michelle-obama-right-2-votes-precinct-enabled-trum/
Eva Longoria Baston,"August 17, 2020","""Social Security beneficiaries count on the post office to get their checks.”",half-true,Democratic National Convention,Elections; Social Security,Samantha Putterman,"August 18, 2020",https://www.politifact.com/factchecks/2020/aug/18/eva-longoria/most-people-receive-social-security-payments-elect/
Facebook posts,"August 15, 2020",Says a picture of stacked mailboxes is proof of voter suppression in Wisconsin,false,Facebook post,Elections; Wisconsin,Eric Litke,"August 17, 2020",https://www.politifact.com/factchecks/2020/aug/17/facebook-posts/no-wisconsin-mailbox-picture-isnt-proof-massive-vo/
National Republican Senatorial Committee,"July 17, 2020","“[Steve] Bullock’s health care plan will force rural hospitals to close. Medicare as we know it will change, replaced by a government-run program with fewer doctors and longer wait times.”",false,campaign ad,Elections; Health Check,Victoria Knight,"August 17, 2020",https://www.politifact.com/factchecks/2020/aug/17/national-republican-senatorial-committee/gop-senate-ad-misrepresents-montana-governors-stan/
Donald Trump,"July 29, 2020",“New York Mail-In voting is in a disastrous state of condition. Votes from many weeks ago are missing - a total mess. They have no idea what is going on. Rigged Election.”,mostly-false,Tweet,Elections; New York,Jill Terreri Ramos,"August 15, 2020",https://www.politifact.com/factchecks/2020/aug/15/donald-trump/trump-tweet-mischaracterizes-new-yorks-voting-woes/
Gene Wu,"August 7, 2020",Says in Texas the “average age of the Republican voter is like 20 years older than the average Democrat.”,false,interview,Elections; Texas,Madlin Mekelburg,"August 14, 2020",https://www.politifact.com/factchecks/2020/aug/14/gene-wu/are-republican-voters-texas-20-years-older-democra/
Nancy Mace,"August 11, 2020",Says Kamala Harris “advocated for restoring voting rights for the Boston bomber.”,mostly-false,tweet,Civil Rights; Criminal Justice; Elections; California,Tom Kertscher,"August 14, 2020",https://www.politifact.com/factchecks/2020/aug/14/nancy-mace/kamala-harris-open-letting-boston-bomber-vote-didn/
Mandela Barnes,"August 10, 2020","GOP-backed ""racist disenfrachisement"" led to only five polling places being open in Milwaukee for April 7 election.",mostly-false,public forum,Elections; Race and Ethnicity; Wisconsin,Lawrence Andrea,"August 14, 2020",https://www.politifact.com/factchecks/2020/aug/14/mandela-barnes/barnes-misses-claim-linking-cut-polling-places-rac/
Facebook posts,"August 7, 2020",An Illinois couple who received five vote-by-mail applications can vote five times.,false,Facebook post,Elections; Facebook Fact-checks; Illinois,Samantha Putterman,"August 13, 2020",https://www.politifact.com/factchecks/2020/aug/13/facebook-posts/no-receiving-multiple-ballot-applications-doesnt-l/
Doug Jones,"August 6, 2020",Says Tommy Tuberville “is for privatizing Social Security and cutting Medicare.”,half-true,campaign ad,National; Elections,Jon Greenberg,"August 13, 2020",https://www.politifact.com/factchecks/2020/aug/13/doug-jones/doug-jones-misleads-about-tommy-tubervilles-positi/
Instagram posts,"August 11, 2020",Says Kamala Harris called Joe Biden “a racist” during a Democratic presidential debate.,false,Instagram post,National; Elections; Race and Ethnicity; California; Facebook Fact-checks,Amy Sherman,"August 12, 2020",https://www.politifact.com/factchecks/2020/aug/12/instagram-posts/harris-did-not-call-biden-racist-during-her-busing/
Facebook posts,"August 2, 2020","If Joe Biden can’t serve his full term, Kamala Harris “cannot by constitutional law become president.”",false,Facebook post,Candidate Biography; Elections; California; Facebook Fact-checks,Louis Jacobson,"August 11, 2020",https://www.politifact.com/factchecks/2020/aug/11/facebook-posts/kamala-harris-eligible-be-president/
Instagram posts,"August 6, 2020","""Third party votes only siphon from (Democrats).”",false,Instagram post,Elections; Wisconsin,Eric Litke,"August 10, 2020",https://www.politifact.com/factchecks/2020/aug/10/instagram-posts/third-party-candidates-hamper-both-republicans-dem/
Instagram posts,"August 5, 2020","""The GOP lawyer who helped Kanye West get on the ballot in Wisconsin is actively working for Donald Trump's campaign.""",true,tweet,Elections; States; Wisconsin,Haley BeMiller,"August 6, 2020",https://www.politifact.com/factchecks/2020/aug/06/instagram-posts/yes-trump-lawyer-helped-kanye-west-try-get-wiscons/
Facebook posts,"July 31, 2020",“At John Lewis funeral Obama told a room full of people that rooms full of people is too dangerous so we must mail in vote.”,false,Facebook post,Elections; Facebook Fact-checks; Coronavirus,Ciara O'Rourke,"August 5, 2020",https://www.politifact.com/factchecks/2020/aug/05/facebook-posts/facebook-post-mischaracterizes-obamas-eulogy-john-/
Donald Trump,"July 20, 2020",Says “Joe Biden is absolutely on board with defunding the police.”,false,Campaign ad,National; Elections; Legal Issues; Wisconsin,Laura Schulte,"August 5, 2020",https://www.politifact.com/factchecks/2020/aug/05/donald-trump/no-joe-biden-isnt-board-defunding-police/
Donald Trump,"July 30, 2020",Absentee voting is different from mail-in voting and has more protections against fraud.,false,press conference,Elections,Louis Jacobson,"July 31, 2020",https://www.politifact.com/factchecks/2020/jul/31/donald-trump/donald-trump-draws-false-distinction-between-absen/
Facebook posts,"July 24, 2020","Social media posts claim the U.S. Postal Service “says you should give mail in ballots at least 14 days roundtrip. So, if you plan to vote by mail, election day isn’t November 3. It’s October 20th.”",half-true,social media posts,Elections; Public Health; California; Facebook Fact-checks; Coronavirus,Chris Nichols,"July 28, 2020",https://www.politifact.com/factchecks/2020/jul/28/facebook-posts/how-early-should-you-send-your-mail-ballot-make-su/
Facebook posts,"July 21, 2020",Quotes Joe Biden as saying “We need to teach our children the ISLAMIC FAITH in our schools!”,false,a post,Elections; Religion; Facebook Fact-checks,Emily Venezky,"July 23, 2020",https://www.politifact.com/factchecks/2020/jul/23/facebook-posts/joe-biden-wished-students-studied-theology-includi/
Facebook posts,"June 28, 2020",“Two stamps needed for mail-in ballots.”,half-true,Facebook post,Elections; Facebook Fact-checks,Tom Kertscher,"July 23, 2020",https://www.politifact.com/factchecks/2020/jul/23/facebook-posts/postal-service-says-its-policy-deliver-even-mail-b/
Mike Kelly,"July 14, 2020","Says Joe Biden proposed “killing over 600,000 jobs supported by fracking.”",false,campaign call,National; Elections; Pennsylvania,Jessica Calefati,"July 21, 2020",https://www.politifact.com/factchecks/2020/jul/21/mike-kelly/no-joe-biden-doesnt-want-ban-fracking-or-kill-penn/
Democratic Party of Wisconsin,"July 10, 2020",Says Wisconsin Republicans “pushed for long lines and polls open for one day only.”,mostly-false,email,Elections; Wisconsin,Lawrence Andrea,"July 17, 2020",https://www.politifact.com/factchecks/2020/jul/17/state-democratic-party-wisconsin/wisconsin-dems-ignore-key-details-saying-gop-pushe/
Facebook posts,"June 26, 2020",“The Supreme Court ruled today NO VOTING BY MAIL !!!”,false,Facebook post,Corrections and Updates; Elections; Public Health; Supreme Court; California; Coronavirus; Texas,Chris Nichols,"July 15, 2020",https://www.politifact.com/factchecks/2020/jul/15/facebook-posts/no-supreme-court-did-not-strike-down-voting-mail/
Facebook posts,"July 9, 2020",“No other country” is having a “second wave” of COVID-19 “because they are not trying to unseat a President in November.”,false,post on Facebook,Elections; Public Health; Coronavirus,Tom Kertscher,"July 14, 2020",https://www.politifact.com/factchecks/2020/jul/14/facebook-posts/no-us-not-alone-facing-possible-second-wave-covid-/
Republican Party of Wisconsin,"July 7, 2020",Says “Democratic Mayors in some of Wisconsin's largest cities closed voting locations in April to cause chaos.”,false,tweet,Elections; States; Wisconsin,Haley BeMiller,"July 14, 2020",https://www.politifact.com/factchecks/2020/jul/14/republican-party-wisconsin/wisconsin-gop-misfires-saying-democratic-mayors-cl/
Joe Biden,"July 9, 2020","On COVID-19, Donald Trump said that “maybe if you drank bleach you may be okay.”",mostly-false,speech,National; Elections; Pennsylvania,Jessica Calefati,"July 11, 2020",https://www.politifact.com/factchecks/2020/jul/11/joe-biden/no-trump-didnt-tell-americans-infected-coronavirus/
Joe Biden,"July 9, 2020","""Three hundred sixty thousand Pennsylvanians fought on the side of the Union to defeat the flag, that Confederate flag, including more Black soldiers coming from Pennsylvania than any other state in the nation.""",mostly-true,speech,National; Elections; Pennsylvania,Jessica Calefati,"July 10, 2020",https://www.politifact.com/factchecks/2020/jul/10/joe-biden/did-pa-send-more-black-troops-fight-union-during-c/
Jim Bognet,"June 12, 2020",U.S. Rep. Matt “Cartwright proposes to defund the Wilkes-Barre police.”,false,press release,National; Elections; Pennsylvania,Jessica Calefati,"July 9, 2020",https://www.politifact.com/factchecks/2020/jul/09/jim-bognet/no-pa-congressman-matt-cartwright-did-not-call-def/
Chris Jacobs,"June 17, 2020","“As a lawyer working in Korea, Nate McMurray helped send American jobs to Asia”",false,ad,Elections; Trade; New York,Jill Terreri Ramos,"June 20, 2020",https://www.politifact.com/factchecks/2020/jun/20/chris-jacobs/gop-renews-line-against-mcmurrays-work-and-its-sti/
Donald Trump Jr.,"June 18, 2020",Says Osama bin Laden endorsed Joe Biden,false,episode of Triggered with President Donald Trump,National; Elections,Jon Greenberg,"June 19, 2020",https://www.politifact.com/factchecks/2020/jun/19/donald-trump-jr/no-osama-bin-laden-did-not-endorse-joe-biden/
Facebook posts,"June 6, 2020",California’s registered independent voters “will not be able to vote republican come 2020.”,false,social media post,Elections; California; Facebook Fact-checks,Chris Nichols,"June 18, 2020",https://www.politifact.com/factchecks/2020/jun/18/facebook-posts/facebook-post-falsely-claims-independents-californ/
J. Christian Adams,"June 3, 2020","In voting by mail, “hundreds of thousands of ballots have been rejected for defects and millions more end up missing or in landfills.”",mostly-false,House judiciary hearing,Elections; Coronavirus,Amy Sherman,"June 9, 2020",https://www.politifact.com/factchecks/2020/jun/09/j-christian-adams/misleading-claim-millions-absentee-ballots-end-mis/
Donald Trump,"May 26, 2020",“Twitter is completely stifling FREE SPEECH” by adding a fact-check label to Trump’s tweet.,pants-fire,tweet,National; Elections; Legal Issues; Technology,Bill McCarthy,"May 27, 2020",https://www.politifact.com/factchecks/2020/may/27/donald-trump/trumps-pants-fire-claim-twitter-completely-stiflin/
Facebook posts,"May 10, 2020","Nancy Pelosi said ""Congress shall not vote remotely because it is not secure!"" while also saying that “Americans should all vote for president by mail!”",mostly-false,Facebook post,Congress; Elections; Technology; Coronavirus,Tom Kertscher,"May 27, 2020",https://www.politifact.com/factchecks/2020/may/27/facebook-posts/No-Nancy-Pelosi-does-not-oppose-remote-voting/
Donald Trump,"May 26, 2020","California Gov. Gavin Newsom “is sending Ballots to millions of people, anyone living in the state, no matter who they are or how they got there, will get one"" and the election is ""Rigged.""",pants-fire,tweet,Elections; California,Chris Nichols,"May 26, 2020",https://www.politifact.com/factchecks/2020/may/26/donald-trump/no-california-not-sending-mail-ballots-anyone-stat/
Bloggers,"May 25, 2020","""Joe Biden tells voters he's 'going to beat Joe Biden.'""",false,headline,Elections; Facebook Fact-checks,Bill McCarthy,"May 26, 2020",https://www.politifact.com/factchecks/2020/may/26/blog-posting/biden-beating-biden-social-media-users-misquote-bi/
Amy Klobuchar,"May 16, 2020",“80% of the people” want the option of vote by mail,half-true,tweet,Elections; Coronavirus,Amy Sherman,"May 21, 2020",https://www.politifact.com/factchecks/2020/may/21/amy-klobuchar/amid-pandemic-polls-show-support-voting-mail/
Donald Trump,"May 20, 2020",“Rogue” Michigan official sent absentee ballots to 7.7 million people “illegally and without authorization” ahead of the primaries and general election.,pants-fire,tweet,Elections; States,Amy Sherman,"May 20, 2020",https://www.politifact.com/factchecks/2020/may/20/donald-trump/trump-falsely-claims-michigan-sent-ballots-all-vot/
Jay Ashcroft,"April 14, 2020","“When you look at Wisconsin, in their largest city they normally have roughly 500 polling places. They just had their election a week ago, and they had five. That is ludicrous.”",half-true,radio interview,Elections; Missouri; Wisconsin,Sara Dingmann,"May 15, 2020",https://www.politifact.com/factchecks/2020/may/15/jay-ashcroft/missouri-secretary-state-working-get-numbers-corre/
Republican National Committee,"May 8, 2020","Says Joe Biden said voting by mail is a way to “fundamentally change this country,” contradicting past statements by Barack Obama and Debbie Wasserman Schultz.",mostly-false,video,Corrections and Updates; Elections; Florida,Amy Sherman,"May 14, 2020",https://www.politifact.com/factchecks/2020/may/14/republican-national-committee-republican/rnc-video-takes-biden-obama-wasserman-schultz-out-/
One America News,"May 8, 2020",“The mainstream media pretended there was a deadly surge in COVID cases thanks to Wisconsinites voting.”,pants-fire,Facebook video,Elections; Fake news; Coronavirus; Wisconsin,Eric Litke,"May 12, 2020",https://www.politifact.com/factchecks/2020/may/12/one-america-news/mainstream-media-surge-COVID-Wisconsin-election/
Chris Kapenga,"April 6, 2020",Says it’s illegal to hold an absentee-only election or mail ballots to every registered voter,true,email,Elections; States; Wisconsin,Haley BeMiller,"May 8, 2020",https://www.politifact.com/factchecks/2020/may/08/chris-kapanga/yes-its-illegal-hold-election-mail-wisconsin/
Donald Trump,"May 3, 2020",Says Joe Biden has “written a letter of apology” for calling Trump’s travel restrictions from China “xenophobic.”,false,Fox News virtual town hall,National; China; Elections; Coronavirus,Bill McCarthy,"May 4, 2020",https://www.politifact.com/factchecks/2020/may/04/donald-trump/without-evidence-trump-claims-biden-sent-him-apolo/
Chris Larson,"April 23, 2020",Says the April 22 jump in COVID-19 cases was related to the election.,false,Facebook post,Elections; Health Care; Public Health; Coronavirus; Wisconsin,Eric Litke,"April 24, 2020",https://www.politifact.com/factchecks/2020/apr/24/chris-larson/chris-larson-has-no-basis-connect-spike-new-corona/
Jay Chaudhuri,"April 10, 2020","North Carolina is ""in the small minority of states that requires an absentee ballot to be signed by two witnesses or a notary public.""",true,op-ed,Elections; North Carolina; Coronavirus,Paul Specht,"April 23, 2020",https://www.politifact.com/factchecks/2020/apr/23/jay-chaudhuri/nc-absentee-ballots-require-2-witnesses-unique/
Facebook posts,"April 7, 2020",Says Robin Vos wore protective gear that “election workers he forced to work … do not have.”,mostly-false,Facebook post,Elections; Coronavirus; Wisconsin,Haley BeMiller,"April 10, 2020",https://www.politifact.com/factchecks/2020/apr/10/facebook-posts/robin-vos-election-protective-gear-was-available-p/
Donald Trump,"April 7, 2020","With voting by mail, “you get thousands and thousands of people sitting in somebody's living room, signing ballots all over the place.”",false,press briefing,Elections; Voter ID Laws,Louis Jacobson,"April 9, 2020",https://www.politifact.com/factchecks/2020/apr/09/donald-trump/donald-trumps-dubious-claim-thousands-are-conspiri/
Facebook posts,"April 7, 2020",“Conservative Supreme Court Justices vote remotely to deny Wisconsin voters their right to vote remotely.”,half-true,Facebook post,Elections; Supreme Court; Wisconsin,Eric Litke,"April 9, 2020",https://www.politifact.com/factchecks/2020/apr/09/facebook-posts/did-supreme-court-vote-remotely-deny-wisconsin-vot/
Donald Trump,"April 7, 2020","Wisconsin is “run by Democrats right now,” so they should address election social distancing concerns.",mostly-false,news conference,Elections; States; Wisconsin,Eric Litke,"April 9, 2020",https://www.politifact.com/factchecks/2020/apr/09/donald-trump/trump-deflects-wis-social-distancing-questions-say/
Donald Trump,"April 7, 2020","“As soon as I endorsed (Supreme Court Justice Daniel Kelly), the Wisconsin Democrats said, let’s move the election to two months later.”",pants-fire,news conference,Elections; Wisconsin,Eric Litke,"April 8, 2020",https://www.politifact.com/factchecks/2020/apr/08/donald-trump/trump-claims-his-judicial-endorsement-caused-tony-/
Ben Wikler,"April 6, 2020",Says a ballot can be emailed to Wisconsin voters even a day before the election.,false,tweet,Elections; Wisconsin,Eric Litke,"April 7, 2020",https://www.politifact.com/factchecks/2020/apr/07/ben-wikler/-deleted-tweet-claimed-email-ballots-remain-option/
David Lewis,"March 26, 2020",“Pelosi tried to block voter ID/absentee ballot protections.”,half-true,tweet,Elections; Voter ID Laws; North Carolina; Coronavirus,Paul Specht,"April 7, 2020",https://www.politifact.com/factchecks/2020/apr/07/david-lewis/nc-republican-says-pelosi-tried-block-voter-id-abs/
Facebook posts,"March 23, 2020",Says Joe Biden stuck a gun in an elderly woman’s mouth at a Wisconsin rally,pants-fire,Facebook post,Elections; Wisconsin,Eric Litke,"April 6, 2020",https://www.politifact.com/factchecks/2020/apr/06/facebook-posts/joe-biden-did-not-put-gun-womans-mouth-wisconsin/
Leaders for a Better Community,"March 25, 2020","Says Deputy Comptroller Aycha Sawa ""blocked an audit"" of the Milwaukee lead program for three years that ""put our children in danger"" and spurred a criminal investigation.",pants-fire,flier,Elections; Wisconsin,Eric Litke,"April 3, 2020",https://www.politifact.com/factchecks/2020/apr/03/leaders-better-community/attack-ads-milwaukee-comptroller-race-exaggerate-m/
Daniel Kelly,"March 3, 2020","Says rival Jill Karofsky wants ""to disarm law abiding citizens.""",mostly-false,campaign email,Elections; Legal Issues; Wisconsin,D.L. Davis,"April 3, 2020",https://www.politifact.com/factchecks/2020/apr/03/daniel-kelly/wisconsin-justice-kelly-overreaches-claim-challeng/
Bloggers,"February 28, 2020","“Swing State Hit With 2020 Voting Lawsuit - Accused Of Registering Over 1,500 Deceased People In Pennsylvania.”",mostly-false,news article,National; Elections; Pennsylvania,Jessica Calefati,"March 27, 2020",https://www.politifact.com/factchecks/2020/mar/27/blog-posting/no-new-lawsuit-doesnt-say-pennsylvania-registered-/
JB Pritzker,"March 17, 2020",Says it was “unquestionably” not within his “legal authority” to postpone Illinois’ primary election by changing the date or shifting to vote-by-mail.,mostly-true,remarks at a press conference,Elections; Illinois; Coronavirus,Kiannah Sepeda-Miller,"March 24, 2020",https://www.politifact.com/factchecks/2020/mar/24/jb-pritzker/did-pritzker-lack-authority-postpone-illinois-prim/
Chris Jacobs,"March 4, 2020","""Nate McMurray wants to reward illegals with amnesty.""",mostly-false,television commercial,Immigration; Elections; New York,Jill Terreri Ramos,"March 24, 2020",https://www.politifact.com/factchecks/2020/mar/24/chris-jacobs/jacobs-ad-exaggerates-mcmurrays-views-immigration/
Brad Parscale,"February 25, 2020","“Did you see President Trump’s RECORD TURNOUT? Iowa - 32,389 Republicans.”",half-true,Tweet,National; Elections; Iowa,Rylee Wilson,"March 20, 2020",https://www.politifact.com/factchecks/2020/mar/20/brad-parscale/trump-beat-obamas-iowa-caucus-turnout-turnout-reco/
Facebook posts,"March 5, 2020","Says 93,000 blacks didn’t vote in Milwaukee (in 2016)",mostly-true,Facebook post,Elections; Wisconsin,Eric Litke,"March 19, 2020",https://www.politifact.com/factchecks/2020/mar/19/facebook-posts/Milwaukee-black-voter-turnout-2016-Trump-Clinton/
Joe Biden,"March 15, 2020","Because the Federal Reserve recently cut interest rates to near 0%, “the Fed will be of little consequence now. They’ve already used what leverage they have.”",false,debate,Economy; Elections; Financial Regulation,Louis Jacobson,"March 18, 2020",https://www.politifact.com/factchecks/2020/mar/18/joe-biden/despite-rates-0-fed-still-has-tools-available-stab/
North Carolina Republican Party,"February 25, 2020",Says North Carolina Gov. Roy Cooper “has seen his approval rating plummet”,mostly-false,tweet,Elections; North Carolina,Paul Specht,"March 12, 2020",https://www.politifact.com/factchecks/2020/mar/12/north-carolina-republican-party/nc-gop-mostly-wrong-about-coopers-approval-rating/
Facebook posts,"February 28, 2020",“Every election year has a disease” ... SARS in 2004; avian flu in 2008; swine flu in 2010; MERS in 2012; Ebola in 2014 and 2018; Zika in 2016 and the coronavirus in 2020.,false,posts on social media,National; Elections; Health Care; Health Check; Facebook Fact-checks; Coronavirus,Emily Venezky,"March 11, 2020",https://www.politifact.com/factchecks/2020/mar/11/facebook-posts/no-connection-between-us-national-elections-and-in/
Hillary Clinton,"March 4, 2020","Says at polling places in Texas on Super Tuesday “the Republican side gets 25 machines, the Democratic side gets 5 machines. People were literally standing in line for seven hours.”",mostly-false,interview,Elections; Texas,Madlin Mekelburg,"March 9, 2020",https://www.politifact.com/factchecks/2020/mar/09/hillary-clinton/clinton-oversimplifies-cause-voting-delays-texas/
MSNBC,"March 5, 2020",“Bloomberg spent $500 million on ads. The U.S. population is 327 million. He could have given each American $1 million and still have money left over.”,pants-fire,MSNBC segment,Campaign Finance; Elections; Population; Pundits; PunditFact,Bill McCarthy,"March 6, 2020",https://www.politifact.com/factchecks/2020/mar/06/msnbc/bad-math-msnbc-bloombergs-ad-spending-wasnt-enough/
William Barber,"February 20, 2020","Says “every time"" the DSCC endorsed someone in North Carolina's U.S. Senate primary, ""and the person they didn’t support was black, the candidate they picked ended up losing.""",false,tweet,Elections; Party Support; North Carolina,Paul Specht,"March 5, 2020",https://www.politifact.com/factchecks/2020/mar/05/william-barber/rev-barber-slams-dscc-overlooking-black-candidates/
Bloggers,"February 24, 2020","""Cuba has a lung cancer vaccine we in the US had no access to because we sanctioned Cuba.”",half-true,post on Facebook,National; Elections; Health Care; Facebook Fact-checks,Jon Greenberg,"March 4, 2020",https://www.politifact.com/factchecks/2020/mar/04/blog-posting/sanders-supporters-said-sanctions-blocked-access-c/
Michael Bloomberg,"February 26, 2020",“I certainly supported Barack Obama and Joe Biden. ... I was there both times for them.”,half-true,CNN town hall,Elections,Miriam Valverde,"March 3, 2020",https://www.politifact.com/factchecks/2020/mar/03/michael-bloomberg/mike-bloomberg-exaggerates-his-support-obama-2008-/
Committee to Defend the President,"February 25, 2020","Says Obama said black people have the ""worst jobs, the worst housing"" and face rampant police brutality, ""but when so-called black committeemen came around election time we’d all line up and vote the straight Democratic ticket, sell our souls for a Christmas turkey.""",pants-fire,television ad attacking Joe Biden,National; Elections,Jon Greenberg,"February 27, 2020",https://www.politifact.com/factchecks/2020/feb/27/committee-defend-president/pro-trump-pac-takes-obama-quote-out-context-attack/
Facebook posts,"February 25, 2020","Says U.S. Immigration and Customs Enforcement “will be at every polling station” on Nov. 3, 2020.",false,Facebook post,Immigration; Elections,Ciara O'Rourke,"February 26, 2020",https://www.politifact.com/factchecks/2020/feb/26/facebook-posts/ice-says-its-not-patrolling-polling-locations-elec/
Jane O’Meara Sanders,"January 26, 2020","""@BernieSanders receives strong support from the conservative & most rural part of Vermont.""",true,tweet,Elections; Vermont,Kit Norton,"February 21, 2020",https://www.politifact.com/factchecks/2020/feb/21/jane-omeara-sanders/does-bernie-sanders-have-strong-support-rural-and-/
Facebook posts,"March 12, 2019",“The KKK officially endorses Trump 2020.”,false,Facebook post,Elections; Facebook Fact-checks,Tom Kertscher,"February 17, 2020",https://www.politifact.com/factchecks/2020/feb/17/facebook-posts/image-shared-facebook-claims-ku-klux-klan-endorsed/
Donald Trump,"February 6, 2020",Says Republicans just won two congressional seats in North Carolina “that were not supposed to be won.”,mostly-false,speech,Elections; North Carolina,Paul Specht,"February 11, 2020",https://www.politifact.com/factchecks/2020/feb/11/donald-trump/trump-mostly-wrong-about-nc-republicans-underdogs/
Michael Bloomberg,"February 4, 2020","North Carolina's Democratic primary is open to ""all registered voters, regardless of registration.""",false,campaign letter,Elections; North Carolina,Paul Specht,"February 7, 2020",https://www.politifact.com/factchecks/2020/feb/07/michael-bloomberg/bloomberg-wrong-about-north-carolinas-primary-rule/
YouTube videos,"January 22, 2020",Says it shows a “DNC Group” teaching “ILLEGAL VOTING in Arizona.”,false,YouTube video,Elections,Daniel Funke,"February 6, 2020",https://www.politifact.com/factchecks/2020/feb/06/youtube-videos/conservative-activists-promote-misleading-undercov/
Organizers for Bernie 2020,"February 4, 2020","Says Democrats ""blocked the Iowa poll"" and ""blocked the Iowa caucus.""",false,tweet,Elections; Iowa,Tom Kertscher,"February 4, 2020",https://www.politifact.com/factchecks/2020/feb/04/organizers-bernie-2020/no-evidence-iowa-poll-or-caucus-were-blocked-democ/
Charlie Kirk,"February 2, 2020","Says ""EIGHT Iowa counties have more adults registered to vote than voting-aged adults living there.”",false,tweet,Elections; PunditFact; Iowa,Daniel Funke,"February 3, 2020",https://www.politifact.com/factchecks/2020/feb/03/charlie-kirk/conservative-organizations-are-spreading-misinform/
Facebook posts,"January 15, 2020","""CNN reports DemDebate had 2.3 million viewers. Trump rally had 6.7 million last night!""",false,Facebook post,Debates; Elections; Facebook Fact-checks,Miriam Valverde,"January 21, 2020",https://www.politifact.com/factchecks/2020/jan/21/facebook-posts/facebook-post-makes-false-comparison-viewership-de/
Elizabeth Warren,"January 14, 2020","""Look at the men on this stage. Collectively, they have lost 10 elections. The only people on this stage who have won every single election that they’ve been in are the women, Amy and me.""",true,debate,National; Elections,Louis Jacobson,"January 15, 2020",https://www.politifact.com/factchecks/2020/jan/15/elizabeth-warren/democratic-debates-biggest-electoral-losers-number/
Facebook posts,"November 11, 2019","""Abolishing the Electoral College would make Los Angeles County stronger than 43 states.""",false,Facebook post,Elections; Facebook Fact-checks,Miriam Valverde,"January 8, 2020",https://www.politifact.com/factchecks/2020/jan/08/facebook-posts/fact-checking-claim-electoral-college-los-angeles-/
Facebook posts,"December 28, 2019","An email from Hillary Clinton to Donna Brazile Oct.17th, 2016 stated: ""If that f-----’ bastard wins, we’re all going to hang from nooses! You better fix this s---!""",pants-fire,Facebook post,Elections; Facebook Fact-checks,Amy Sherman,"January 2, 2020",https://www.politifact.com/factchecks/2020/jan/02/facebook-posts/no-proof-clinton-sent-email-donna-brazile-saying-i/
Wayne Goodwin,"December 14, 2019","Says his opponent for NC Insurance Commissioner is a ""perennial candidate"" over 30 years.",mostly-true,tweet,Elections; North Carolina,Paul Specht,"December 23, 2019",https://www.politifact.com/factchecks/2019/dec/23/wayne-goodwin/nc-democrat-makes-claim-about-insurance-commission/
Amy Klobuchar,"December 20, 2019","Says Pete Buttigieg ran statewide in Indiana and ""lost by 20 points.""",true,sixth Democratic presidential debate,National; Elections,Aaron Sharockman,"December 20, 2019",https://www.politifact.com/factchecks/2019/dec/20/amy-klobuchar/its-true-he-was-mayor-pete-buttigieg-ran-statewide/
Nancy Pelosi,"December 17, 2019","Says voter roll purge would mean ""more than 200,000 registered Wisconsin voters will be prohibited from voting.""",pants-fire,tweet,Elections; States; Wisconsin,Eric Litke,"December 18, 2019",https://www.politifact.com/factchecks/2019/dec/18/nancy-pelosi/nancy-pelosi-claims-200k-will-be-prohibited-voting/
Joe Biden,"December 12, 2019","California firefighters decided ""to speak out"" against President Trump because his tweet about the state’s wildfires ""contained so much misinformation.""",true,campaign ad,Climate Change; Elections; Fires; Unions; California,Chris Nichols,"December 18, 2019",https://www.politifact.com/factchecks/2019/dec/18/joe-biden/california-firefighters-spoke-out-against-presiden/
Ted Cruz,"December 8, 2019","""Ukraine blatantly interfered in our election.""",false,TV interview,Elections; Impeachment; Texas,Madlin Mekelburg,"December 12, 2019",https://www.politifact.com/factchecks/2019/dec/12/ted-cruz/checking-ted-cruz-whether-ukraine-blatantly-interf/
William Barr,"December 9, 2019","""The Inspector General’s report now makes clear that the FBI launched an intrusive investigation of a U.S. presidential campaign on the thinnest of suspicions.""",mostly-false,statement,National; Elections; Ethics; Legal Issues,Bill McCarthy,"December 11, 2019",https://www.politifact.com/factchecks/2019/dec/11/william-barr/barr-disputes-inspector-generals-report/
Jerry Tillman,"November 15, 2019","Says the U.S. Constitution ""doesn’t say anything about (redistricting) being fair. … it’s set up to be partisan.""",half-true,speech,Elections; Redistricting; North Carolina,Paul Specht,"November 26, 2019",https://www.politifact.com/factchecks/2019/nov/26/jerry-tillman/nc-republican-says-redistricting-partisan-process-/
Nikki Fried,"October 29, 2019","While previous clemency boards granted restoration of civil rights to thousands of Floridians,  ""so far this year, under this clemency board, four (felons) have gotten their rights back.""",mostly-true,pre-legislative media forum,Elections; Crime; Florida,Amy Sherman,"November 21, 2019",https://www.politifact.com/factchecks/2019/nov/21/nikki-fried/2019-few-florida-felons-got-their-voting-rights-ba/
Donald Trump,"November 1, 2019","Says ""Stacey Abrams wants to give illegal aliens the right to vote.""",mostly-false,rally,Immigration; National; Elections,Amy Sherman,"November 6, 2019",https://www.politifact.com/factchecks/2019/nov/06/donald-trump/donald-trump-distorts-stacey-abrams-comments-ab/
Facebook posts,"October 29, 2019","Says Sen. Kamala Harris said Democrats are ""coming for"" Trump supporters if they win the White House in 2020.",pants-fire,Facebook post,Elections; Facebook Fact-checks,Daniel Funke,"November 4, 2019",https://www.politifact.com/factchecks/2019/nov/04/facebook-posts/kamala-harris-didnt-say-democrats-are-coming-trump/
Bloggers,"October 25, 2019",Say Sen. Lindsey Graham supports the Green New Deal.,pants-fire,ad on Facebook,National; Climate Change; Elections; Fake news,Jon Greenberg,"October 28, 2019",https://www.politifact.com/factchecks/2019/oct/28/blog-posting/no-lindsey-graham-does-not-support-green-new-deal/
Elizabeth Warren,"October 10, 2019","""If Trump tries to lie in a TV ad, most networks will refuse to air it. But Facebook just cashes Trump’s checks.""",mostly-false,Facebook ad,National; Elections; Legal Issues,Amy Sherman,"October 15, 2019",https://www.politifact.com/factchecks/2019/oct/15/elizabeth-warren/phony-facebook-ad-warren-said-most-tv-networks-wil/
Donald Trump,"September 27, 2019","Says Republican Dan Bishop was ""down by 17"" points in NC congressional race and then won ""by a lot.""",false,speech,Elections; North Carolina,Paul Specht,"October 10, 2019",https://www.politifact.com/factchecks/2019/oct/10/donald-trump/trump-wrong-about-north-carolina-congressional-ele/
Kaya Jones,"October 1, 2019","""If the impeachment reaches the house and passes to the senate and isn’t passed the first term is nullified and Trump can run two more terms.""",pants-fire,tweet,Constitutional Amendments; Elections; Impeachment; PunditFact,Bill McCarthy,"October 2, 2019",https://www.politifact.com/factchecks/2019/oct/02/kaya-jones/donald-trump-third-term-failed-impeachment-would/
Donald Trump,"August 13, 2019","Says in the 2016 presidential election, ""I won that one by 42 points -- 42 points -- West Virginia.""",true,speech,West Virginia; Candidate Biography; Elections,Victoria Gennuso,"October 2, 2019",https://www.politifact.com/factchecks/2019/oct/02/donald-trump/did-donald-trump-win-west-virginia-42-points-2016/
Hillary Clinton,"September 17, 2019","Between 27,000 and 200,000 Wisconsinites were ""turned away"" from the polls in 2016 due to lack of proper identification.",pants-fire,speech at George Washington University,Elections; Voter ID Laws; Wisconsin,Eric Litke,"September 19, 2019",https://www.politifact.com/factchecks/2019/sep/19/hillary-clinton/hillary-clinton-wrong-again-wisconsin-voter-id/
Samuel Sinyangwe,"August 30, 2019","""America has more governors who’ve worn blackface than black governors.""",true,tweet,Elections; History; States; PunditFact,Bill McCarthy,"September 6, 2019",https://www.politifact.com/factchecks/2019/sep/06/samuel-sinyangwe/its-true-there-are-more-governors-who-have-worn-bl/
Donald Trump,"August 19, 2019","""Wow, Report Just Out! Google manipulated from 2.6 million to 16 million votes for Hillary Clinton in 2016 Election!""",false,tweet,National; Elections; Technology,John Kruzel,"August 19, 2019",https://www.politifact.com/factchecks/2019/aug/19/donald-trump/donald-trump-wrong-google-manipulating-election-re/
California Republican Party,"August 6, 2019","President Trump was ""kicked off"" the California ballot",pants-fire,fundraising pitch,Elections; Taxes; California,Chris Nichols,"August 8, 2019",https://www.politifact.com/factchecks/2019/aug/08/california-republican-party/no-president-trump-wasnt-kicked-california-ballot-/
Bloggers,"July 20, 2019","""Triggering leftists, Trump's reelection campaign is selling plastic straws.""",true,a story,Environment; Elections; Food; Facebook Fact-checks,Stefanie Pousoulides,"July 23, 2019",https://www.politifact.com/factchecks/2019/jul/23/blog-posting/yes-trump-campaign-selling-plastic-trump-straws/
Donald Trump,"July 12, 2019","""We won (Wisconsin in 2016) not so late in the evening — a little bit early in the evening, actually, which is even better.""",false,speech at Derco Aerospace,Elections; Wisconsin,Eric Litke,"July 15, 2019",https://www.politifact.com/factchecks/2019/jul/15/donald-trump/donald-trump-claims-he-won-wisconsin-early-2016/
Tulsi Gabbard,"June 28, 2019","""There’s a hacking conference that’s held every year in Las Vegas, where I think a 14- or 15-year old-girl from Florida hacked into a replica of Florida’s election system in less than 15 minutes.""",mostly-false,interview,National; Elections; Technology,Tom Kertscher,"July 3, 2019",https://www.politifact.com/factchecks/2019/jul/03/tulsi-gabbard/tulsi-gabbard-exaggerates-saying-kid-hacked-replic/
Charles Payne,"June 17, 2019","""When President Obama was elected, the market crashed … Trump was up 9%, President Obama was down 14.8% and President Bush was down almost 4%. There is an instant reaction on Wall Street.""",mostly-false,TV appearance,Economy; Elections; PunditFact,Bill McCarthy,"June 25, 2019",https://www.politifact.com/factchecks/2019/jun/25/charles-payne/fox-business-host-wrongly-claimed-market-crashed-i/
Donald Trump,"June 23, 2019","California ""admitted"" there were ""a million"" illegal votes in the 2016 presidential election.",pants-fire,"interview on ""Meet the Press""",Elections; Voting Record; California,Chris Nichols,"June 24, 2019",https://www.politifact.com/factchecks/2019/jun/24/donald-trump/pants-fire-trumps-latest-california-voter-fraud-cl/
Beto O'Rourke,"June 13, 2019","In 2018, when he ran for senator, ""young voter turnout in early voting was up 500%. We won more votes than any Democrat has in the history of the state of Texas.""",true,interview with Stephen Colbert,Elections; Texas,Louis Jacobson,"June 24, 2019",https://www.politifact.com/factchecks/2019/jun/24/beto-orourke/beto-orourke-target-about-scale-democratic-surge-t/
Donald Trump,"June 16, 2019","""Well, I got 52% (of women voters). And I will tell you — in my opinion I might have won women. ... Hey, Hillary Clinton focused on women, and I did phenomenally well.""",mostly-false,ABC News interview,National; Elections; Women,Stefanie Pousoulides,"June 20, 2019",https://www.politifact.com/factchecks/2019/jun/20/donald-trump/trump-said-52-women-voted-him-2016-s-misleading-re/
Mark Pocan,"May 29, 2019","Says Donald Trump's claim that ""there was insufficient evidence and therefore, in our country, a person is innocent"" directly contradicts Special Counsel Robert Mueller’s statement.",mostly-true,tweet,Elections; Impeachment; Crime; Wisconsin,Eric Litke,"May 30, 2019",https://www.politifact.com/factchecks/2019/may/30/mark-pocan/pocan-says-trump-tweet-contradicted-mueller/
Marcia Fudge,"May 8, 2019","Ohio ""thought that our (voting) machines were so awful we got rid of them, but South Carolina bought them. This is true. South Carolina bought all the machines we got rid of because they were not effective.""",false,hearing,National; Elections,Amy Sherman,"May 23, 2019",https://www.politifact.com/factchecks/2019/may/23/marcia-fudge/election-security-hearing-marcia-fudge-misleads-ab/
Donald Trump,"May 22, 2019","Says Pennsylvania Republican nominee for Congress Fred Keller ""was a 50-50 shot"" before his landslide victory.",false,remarks,National; Elections; Pennsylvania,Louis Jacobson,"May 22, 2019",https://www.politifact.com/factchecks/2019/may/22/donald-trump/no-pa-special-election-winner-was-not-50-50-race/
Stony Rushing,"April 9, 2019","Says ""5 out of 10"" GOP candidates don’t live in North Carolina’s 9th Congressional District.",true,Facebook post,Elections; North Carolina,Paul Specht,"April 25, 2019",https://www.politifact.com/factchecks/2019/apr/25/stony-rushing/rushing-right-half-nc9-republicans-dont-live-distr/
Bernie Sanders,"April 22, 2019","""In my own state of Vermont, from the very first days of our state's history, what our Constitution says is that everybody can vote. That is true. So people in jail can vote.""",true,CNN town hall.,Elections; Vermont,Ellie French,"April 24, 2019",https://www.politifact.com/factchecks/2019/apr/24/bernie-sanders/sanders-set-firestorm-over-prisoners-voting-his-fa/
Jared Kushner,"April 23, 2019","Russia’s interference in the 2016 election amounted to ""a couple of Facebook ads.""",pants-fire,interview,National; Elections; Crime,John Kruzel,"April 24, 2019",https://www.politifact.com/factchecks/2019/apr/24/jared-kushner/jared-kushner-wrong-scope-russias-interference/
Mac Heller,"April 7, 2019","""The 2008 election was the first election in which voters of color comprised over 25 percent of the electorate, and that number is going up.""",true,interview on CNN,National; Elections; Race and Ethnicity,Amy Sherman,"April 23, 2019",https://www.politifact.com/factchecks/2019/apr/23/mac-heller/minority-electorate-surpassed-25-percent-when-obam/
William Barr,"April 18, 2019","""The White House fully cooperated with the Special Counsel’s investigation.""",false,press conference,National; Elections; Crime,John Kruzel,"April 22, 2019",https://www.politifact.com/factchecks/2019/apr/22/william-barr/did-trump-fully-cooperate-mueller-investigation-no/
Eric Burlison,"February 13, 2019","Says SJR 11 ""seeks to fix what is very quickly becoming a problem in Missouri — initiative petitions and referendums are being filed at record highs.""",mostly-true,Senate hearing,Elections; Missouri,Yue Yu,"April 17, 2019",https://www.politifact.com/factchecks/2019/apr/17/eric-burlison/initiative-petitions-were-filed-record-highs-2018-/
Candace Owens,"April 9, 2019","The Southern strategy is a ""myth"" that ""never happened.""",false,House Judiciary Committee hearing,Elections; History; Race and Ethnicity; PunditFact,Amy Sherman,"April 10, 2019",https://www.politifact.com/factchecks/2019/apr/10/candace-owens/candace-owens-pants-fire-statement-southern-strate/
Facebook posts,"March 14, 2019","In 20 years ""there will be enough Muslim voters in the U.S. to elect the president.""",false,Facebook post,Elections; Population; Religion; Facebook Fact-checks,Samantha Putterman,"April 10, 2019",https://www.politifact.com/factchecks/2019/apr/10/facebook-posts/no-number-projected-muslim-voters-20-years-us-stil/
Jared Kushner,"April 1, 2019","Florida ""passed a law where former felons can now vote. We've had more ex-felons register as Republicans than Democrats.""",mostly-false,interview with Laura Ingraham on Fox News,Civil Rights; Constitutional Amendments; Elections; Florida,Amy Sherman,"April 8, 2019",https://www.politifact.com/factchecks/2019/apr/08/jared-kushner/have-more-florida-felons-registered-republicans/
Republican Party of Wisconsin,"April 3, 2019","""FYI: the last statewide recount in WI was in 2016. After that recount, the vote margin changed by only 131 out of the 2.7 million votes cast.""",mostly-true,tweet,Elections; States; Supreme Court; Wisconsin,D.L. Davis,"April 7, 2019",https://www.politifact.com/factchecks/2019/apr/07/republican-party-wisconsin/state-gops-claim-about-recount-hits-target/
John Carter,"February 18, 2019","""I was the first elected Republican in Williamson County history.""",half-true,speech,Elections; Texas,Madlin Mekelburg,"March 22, 2019",https://www.politifact.com/factchecks/2019/mar/22/john-carter/who-was-first-republican-elected-williamson-county/
Bernie Sanders,"March 10, 2019","I received ""more votes from young people — black, white, Latino, Asian American and Native American — than Donald Trump and Hillary Clinton combined.""",mostly-true,speech at a rally,Elections; Vermont,Kit Norton,"March 16, 2019",https://www.politifact.com/factchecks/2019/mar/16/bernie-sanders/did-sanders-get-more-primary-votes-young-minoritie/
North Carolina Republican Party,"March 12, 2019","""Democrats have forced a special election""",false,email,Elections; North Carolina,Paul Specht,"March 15, 2019",https://www.politifact.com/factchecks/2019/mar/15/north-carolina-republican-party/nc-gop-falsely-says-democrats-forced-special-elect/
Club for Growth,"March 10, 2019","Says Beto O'Rourke's ""father-in-law, a billionaire real estate developer who bankrolled a Super PAC to buy Beto a congressional seat…""",mostly-false,TV ad,Elections; Texas,Madlin Mekelburg,"March 14, 2019",https://www.politifact.com/factchecks/2019/mar/14/club-growth/no-beto-orourkes-father-law-did-not-buy-him-his-co/
Club for Growth,"March 10, 2019","Says Beto O’Rourke crashed into barriers, ""causing a collision while driving drunk, then fleeing the scene to avoid accountability.""",mostly-true,a TV ad,Elections; Texas,Madlin Mekelburg,"March 14, 2019",https://www.politifact.com/factchecks/2019/mar/14/club-growth/beto-orourke-arrested-dwi-flee-scene/
Club for Growth,"March 10, 2019","Says Beto O’Rourke perpetuated stereotypes, ""casting aspersions on working women whose ‘only qualifications seemed to be large breasts and tight buttocks’.""",mostly-true,a TV ad,Elections; Texas,Madlin Mekelburg,"March 14, 2019",https://www.politifact.com/factchecks/2019/mar/14/club-growth/beto-orourke-comments-women-were-published-play-/
Club for Growth,"March 10, 2019","Says Beto O’Rourke did his father-in-law’s ""bidding on the El Paso City Council, pushing a downtown redevelopment scheme to bulldoze a poor Hispanic neighborhood while enriching developers like his father-in-law.""",half-true,a TV ad,Elections; Texas,Madlin Mekelburg,"March 14, 2019",https://www.politifact.com/factchecks/2019/mar/14/club-growth/did-beto-orourke-plan-el-paso-bulldoze-communit/
Dan Crenshaw,"March 9, 2019","Says HR 1 would ""legalize"" the kind of fraud found in North Carolina",false,tweet,Elections; North Carolina,Paul Specht,"March 13, 2019",https://www.politifact.com/factchecks/2019/mar/13/dan-crenshaw/crenshaw-falsely-says-hr1-would-legalize-type-elec/
Facebook posts,"March 9, 2019","Says 228 House Democrats voted ""to allow illegal aliens to have right to vote""",false,text post on Facebook,Immigration; Elections; Fake news; Facebook Fact-checks,Amy Sherman,"March 13, 2019",https://www.politifact.com/factchecks/2019/mar/13/facebook-posts/no-house-democrats-did-vote-allow-noncitizens-vote/
Mitch McConnell,"February 26, 2019","Says NC absentee voters have ""no way"" to know if ballots are delivered",mostly-false,speech,Elections; North Carolina,Paul Specht,"March 7, 2019",https://www.politifact.com/factchecks/2019/mar/07/mitch-mcconnell/mcconnell-wrong-about-tracking-absentee-ballots-nc/
Hillary Clinton,"March 3, 2019","In Wisconsin, because a key provision of the Voting Rights Act was not in effect,  ""somewhere between 40,000 and 80,000 people were turned away from the polls (in 2016) because of the color of their skin"" and other factors.",pants-fire,speech,Elections; Supreme Court; Voting Record; Wisconsin,D.L. Davis,"March 6, 2019",https://www.politifact.com/factchecks/2019/mar/06/hillary-clinton/clinton-hot-seat-claim-thousands-were-turned-away-/
Bloggers,"February 28, 2019","""Chicago now has City ID Cards which allow illegal immigrants to vote in local, state & federal elections.""",false,Facebook post,Immigration; Elections; Homeland Security; Facebook Fact-checks,Miriam Valverde,"March 4, 2019",https://www.politifact.com/factchecks/2019/mar/04/blog-posting/chicago-id-card-does-not-allow-illegal-voting-cont/
Chuck McGrady,"February 13, 2019","Says ""nearly half"" of House Republicans have supported a nonpartisan redistricting bill.",half-true,press conference,Elections; Redistricting; North Carolina,Paul Specht,"February 15, 2019",https://www.politifact.com/factchecks/2019/feb/15/chuck-mcgrady/nc-republican-half-right-about-gop-support-redistr/
Dallas Woodhouse,"January 17, 2019","Says the NC elections board received ""no calls"" after alerting Bladen County voters to possible absentee ballot fraud.",false,tweet,Elections; North Carolina,Paul Specht,"January 30, 2019",https://www.politifact.com/factchecks/2019/jan/30/dallas-woodhouse/gop-official-falsely-says-bladen-voters-didnt-call/
Donald Trump,"January 27, 2019","""58,000 non-citizens voted in Texas, with 95,000 non-citizens registered to vote.""",false,tweet,National; Elections; Crime,Amy Sherman,"January 28, 2019",https://www.politifact.com/factchecks/2019/jan/28/donald-trump/trump-wrongly-tweets-58000-noncitizens-voted-texas/
Matthew Rothschild,"January 3, 2019","The NRA is ""one of the biggest lobbyists here in the capital. They spend a ton of money during elections. …  they spent more than a million dollars here in Wisconsin on the 2018 elections. Most of that was for Walker, or more specifically against Evers.""",half-true,radio interview,Elections; Guns; Wisconsin,D.L. Davis,"January 24, 2019",https://www.politifact.com/factchecks/2019/jan/24/matthew-rothschild/wisconsin-democracy-hits-and-misses-claims-against/
Jim Ott,"December 3, 2018","""Municipalities are now required to have two or more polling locations opened 24-hours a day, two weeks before any election.""",false,newsletter,Elections; Legal Issues; Wisconsin,Mica Soellner,"January 15, 2019",https://www.politifact.com/factchecks/2019/jan/15/jim-ott/state-rep-jim-ott-misfires-early-voting-claim/
Roy Cooper,"December 26, 2018","A bill passed by GOP legislators ""makes it harder to prosecute people and groups that violate campaign finance laws.""",true,Facebook post,Elections; North Carolina,Paul Specht,"January 14, 2019",https://www.politifact.com/factchecks/2019/jan/14/roy-cooper/new-nc-law-makes-small-significant-changes-campaig/
Roger Roth,"December 16, 2018","In the lame-duck session, ""no power was taken away from the governor. Power was not taken away from the attorney general.""",pants-fire,"appearance on ""UpFront with Mike Gousha"" on WISN-TV",Elections; Legal Issues; Wisconsin,Eric Litke,"January 11, 2019",https://www.politifact.com/factchecks/2019/jan/11/roger-roth/roger-roth-incorrectly-wrong-on-lame-duck-bills/
Phil Berger,"December 19, 2018","Says former North Carolina elections board chairman ""tried to drag a cancer-stricken woman out of her hospital bed to testify at her son’s hearing on the first day of early voting over a bogus complaint that the board hadn’t even fully investigated.""",mostly-false,press release,Elections; North Carolina,Paul Specht,"January 8, 2019",https://www.politifact.com/factchecks/2019/jan/08/phil-berger/no-election-board-leader-didnt-try-drag-woman-out-/
Jerry Falwell Jr.,"January 1, 2019","""This midterm (election), the president did better than the average president does in his first midterms.""",false,newspaper interview.,Elections; History; Virginia,Warren Fiske,"January 8, 2019",https://www.politifact.com/factchecks/2019/jan/08/jerry-falwell/contrary-falwell-claim-trump-did-worse-average-pre/
North Carolina Democratic Party,"December 27, 2018","Legislators are ""ramming through a provision that’ll make investigations like #NC09 less transparent.""",mostly-false,tweet,Elections; North Carolina,Paul Specht,"January 7, 2019",https://www.politifact.com/factchecks/2019/jan/07/north-carolina-democratic/nc-democrats-overstated-laws-effect-election-inves/
Dallas Woodhouse,"December 8, 2018","Says no elections protest was filed, McCready conceded and ""every"" county board certified its results from the Mark Harris, Dan McCready race.",mostly-true,tweet,Elections; North Carolina,Paul Specht,"December 21, 2018",https://www.politifact.com/factchecks/2018/dec/21/dallas-woodhouse/nc-gop-leader-mostly-right-about-lack-protests-ele/
Dan Blue,,"""Public trust in our election system is at an all-time low.""",false,,Elections; North Carolina,Paul Specht,"December 18, 2018",https://www.politifact.com/factchecks/2018/dec/18/dan-blue/nc-democrat-trust-us-elections-all-time-low/
Mark Herring,,On resigning as attorney general if he decides to run for governor.,no-flip,,Elections; Virginia,Warren Fiske,"December 18, 2018",https://www.politifact.com/factchecks/2018/dec/18/mark-herring/mark-herring-hasnt-flipped-vow-quit-g-if-he-runs-g/
Tony Evers,"December 9, 2018","""At least three or four of the pieces that are in"" in the Republican lame-duck legislation, Scott Walker ""has vetoed previously.""",mostly-true,interview,Elections; Legal Issues; State Budget; Wisconsin,Tom Kertscher,"December 13, 2018",https://www.politifact.com/factchecks/2018/dec/13/tony-evers/controversial-wisconsin-lame-duck-session-will-sco/
Terry Van Duyn,"November 27, 2018","""Over 1,000 people were denied a ballot on Election Day"" in the 2016 North Carolina primaries.",half-true,speech,Elections; North Carolina,Paul Specht,"December 11, 2018",https://www.politifact.com/factchecks/2018/dec/11/terry-van-duyn/voters-werent-denied-ballot-when-nc-had-voter-id/
Crystal Quade,"December 8, 2018","Missouri ""had the largest amount of millennial Democrats running than any other state in the country.""",true,interview,Elections; Missouri,Ryan Hanrahan,"December 6, 2018",https://www.politifact.com/factchecks/2018/dec/06/crystal-quade/missouri-statehouse-had-more-democratic-millennial/
North Carolina Republican Party,"December 2, 2018","""There aren’t enough ballots in question to change the outcome"" of the Harris vs. McCready race in NC Congressional District 9.",mostly-false,press release,Elections; North Carolina,Paul Specht,"December 4, 2018",https://www.politifact.com/factchecks/2018/dec/04/north-carolina-republican-party/nc-gop-misleads-about-nc-election-fraud-investigat/
Gordon Hintz,"November 18, 2018","""One year ago, (Republicans) would not fill seats vacated for people who went to the administration because of the cost of those elections. Now, they’re talking about changing the rules to add additional elections that will cost millions of dollars of taxpayer expense.""",mostly-true,TV interview,Elections; Taxes; Wisconsin,D.L. Davis,"November 28, 2018",https://www.politifact.com/factchecks/2018/nov/28/gordon-hintz/state-rep-hintz-hits-target-claim-against-republic/
Lou Dobbs,"November 15, 2018 in","""We are watching, you know, millions of illegal immigrants cross our borders, and many of them voting in the past election that's what, just a couple weeks ago.""",pants-fire,on Fox Business Network,Immigration; Elections; PunditFact,John Kruzel,"November 16, 2018",https://www.politifact.com/factchecks/2018/nov/16/lou-dobbs/no-evidence-many-illegal-immigrants-voted-midterm-/
Donald Trump,"November 14, 2018","""If you buy, you know, a box of cereal, if you do anything, you have a voter ID. … The only thing you don’t is if you’re a voter of the United States.""",pants-fire,interview with the Daily Caller,National; Elections,Louis Jacobson,"November 16, 2018",https://www.politifact.com/factchecks/2018/nov/16/donald-trump/do-you-need-id-buy-box-cereal-no/
Andrea Mitchell,"November 12, 2018 in","Says ""Brenda Snipes in Broward County is a Republican.""",false,on MSNBC,Elections; PunditFact,John Kruzel,"November 14, 2018",https://www.politifact.com/factchecks/2018/nov/14/andrea-mitchell/broward-county-elections-supervisor-brenda-snipes-/
Donald Trump Jr.,"November 12, 2018","""Nearly 200,000 Florida voters may not be citizens.""",false,a tweet,Immigration; Elections; Florida,Amy Sherman,"November 13, 2018",https://www.politifact.com/factchecks/2018/nov/13/donald-trump-jr/donald-trump-jrs-misleading-tweet-about-noncitizen/
Ken Blackwell,"November 9, 2018","""Democrats and their allies (...) are manufacturing voters.""",pants-fire,an interview,Elections; PunditFact,John Kruzel,"November 13, 2018",https://www.politifact.com/factchecks/2018/nov/13/ken-blackwell/no-evidence-democrats-and-their-allies-manufacturi/
Marco Rubio,"November 8, 2018","""#Broward elections department has a history of violating the law.""",mostly-true,tweet,Elections; Legal Issues; Florida,Amy Sherman,"November 12, 2018",https://www.politifact.com/factchecks/2018/nov/12/marco-rubio/marco-rubio-says-broward-elections-office-has-hist/
Bloggers,"November 7, 2018",Said that man wearing racist shirt was working at a polling station in Mississippi.,false,tweet,Elections; Fake news; Facebook Fact-checks,Kyra Haas,"November 12, 2018",https://www.politifact.com/factchecks/2018/nov/12/blog-posting/racist-t-shirt-wearer-mississippi-polling-station-/
Scott Galloway,"November 7, 2018","""The number of people who just got their voting rights restored in Florida is greater than the populations of Wyoming, Vermont, Alaska, North Dakota, South Dakota, Delaware, Rhode Island, Montana, Maine and New Hampshire.""",mostly-true,tweet,Criminal Justice; Elections; Florida,Amy Sherman,"November 8, 2018",https://www.politifact.com/factchecks/2018/nov/08/steve-galloway/more-felons-regained-right-vote-florida-population/
Donald Trump,"November 7, 2018","""This election marks the largest Senate gains for a president's party in a first midterm election since at least President Kennedy's in 1962.""",half-true,a press conference,National; Elections,John Kruzel,"November 8, 2018",https://www.politifact.com/factchecks/2018/nov/08/donald-trump/donald-trump-right-history-behind-republicans-sena/
Bloggers,"November 6, 2018","Says ""Kurt Russell supports Trump"" by wearing a Trump T-shirt.",pants-fire,Facebook post,National; Elections; Fake news,Tessa  Weinberg,"November 6, 2018",https://www.politifact.com/factchecks/2018/nov/06/blog-posting/photo-kurt-russell-trump-t-shirt-doctored/
Bloggers,"November 6, 2018",Says MSNBC called the Florida governor’s race for Andrew Gillum before Election Day.,false,Facebook post,Elections; Facebook Fact-checks,Ciara O'Rourke,"November 6, 2018",https://www.politifact.com/factchecks/2018/nov/06/blog-posting/no-msnbc-didnt-call-florida-governors-andrew-gillu/
Bloggers,"November 6, 2018","""Black Panthers Just Took Over City (Atlanta) – All Out War On Election Day""",pants-fire,post on Right Wing News,Elections; Facebook Fact-checks,Jon Greenberg,"November 6, 2018",https://www.politifact.com/factchecks/2018/nov/06/blog-posting/pants-fire-claim-armed-black-panthers-atlanta-stre/
Bloggers,"November 5, 2018","""Judicial Watch reports show 1.7 million California votes are not registered voters!""",pants-fire,a Facebook post,National; Elections,John Kruzel,"November 6, 2018",https://www.politifact.com/factchecks/2018/nov/06/blog-posting/false-facebook-post-claims-millions-fraudulent-vot/
"Students, Parents and Teachers supporting Marshall Tuck","October 11, 2018","Says Tony Thurmond was ""sued by the ACLU"" for leaving students in unsafe conditions.",false,campaign TV ad,Education; Elections; California,Chris Nichols,"November 5, 2018",https://www.politifact.com/factchecks/2018/nov/05/students-parents-and-teachers-supporting-marshall-/false-attack-ads-claim-tony-thurmond-was-sued-aclu/
"Students, Parents and Teachers supporting Marshall Tuck","October 11, 2018","Says Tony Thurmond was ""Reprimanded by the Obama Administration for failing to address widespread sexual harassment and assault in district schools.""",false,campaign TV ad,Education; Elections; California,Chris Nichols,"November 5, 2018",https://www.politifact.com/factchecks/2018/nov/05/students-parents-and-teachers-supporting-marshall-/false-attack-ads-claim-tony-thurmond-was-reprimand/
Tony Thurmond,"October 11, 2018","Says Marshall Tuck ""is backed by Donald Trump’s education advisor"" pictured as Betsy DeVos.",false,campaign ad,Education; Elections; California,Chris Nichols,"November 5, 2018",https://www.politifact.com/factchecks/2018/nov/05/tony-thurmond/ad-wrongly-implies-marshall-tuck-backed-betsy-devo/
North Dakota Democratic–Nonpartisan League Party,"November 1, 2018","""Attention hunters: Voting in North Dakota could cost you your out-of-state hunting licenses.""",pants-fire,Facebook ad,National; Elections,Manuela Tobias,"November 2, 2018",https://www.politifact.com/factchecks/2018/nov/02/north-dakota-NPL/voting-will-not-cost-hunting-license-north-dakota/
Donald Trump,"October 26, 2018","""The Democrats want to invite caravan after caravan of illegal aliens into our country. And they want to sign them up for free health care, free welfare, free education, and for the right to vote.""",false,rally,Immigration; National; Elections; Homeland Security,Miriam Valverde,"November 1, 2018",https://www.politifact.com/factchecks/2018/nov/01/donald-trump/donald-trump-falsely-says-democrats-invite-migrant/
Kathy Manning,"October 23, 2018","""I'm not taking any corporate PAC money.""",half-true,debate,Campaign Finance; Corporations; Elections; Transparency; North Carolina,Will Doran,"October 28, 2018",https://www.politifact.com/factchecks/2018/oct/28/kathy-manning/beto-orourke-nc-democrat-kathy-manning-claims-no-c/
Future45,"October 16, 2018","Voting for ""any Democrat"" gets you ""socialism ... undefended open borders ... immediate tax increases ... 100 percent government-run health care ...""",pants-fire,campaign ad,Immigration; National; Elections; Medicare; Taxes,Manuela Tobias,"October 24, 2018",https://www.politifact.com/factchecks/2018/oct/24/future45/democrat-not-socialism-tax-increase-open-borders/
Kevin Cramer,"October 18, 2018","""The standard of voting in North Dakota is the easiest in the country.""",mostly-false,North Dakota Senate debate,National; Elections,Manuela Tobias,"October 23, 2018",https://www.politifact.com/factchecks/2018/oct/23/kevin-cramer/no-registration-voting-easiest-north-dakota/
Bloggers,"October 9, 2018","""Indiana has purged no less than 20,000 voters in violation of a federal court order.""",mostly-false,blog post,Elections; Facebook Fact-checks,Manuela Tobias,"October 17, 2018",https://www.politifact.com/factchecks/2018/oct/17/blog-posting/indiana-purge-20000-voters-federal-court-order/
Taylor Swift,"October 7, 2018","Says Marsha Blackburn ""voted against the Reauthorization of the Violence Against Women Act, which attempts to protect women from domestic violence, stalking, and date rape.""",mostly-true,Instagram post,National; Elections; LGBTQ; Women,Jon Greenberg,"October 9, 2018",https://www.politifact.com/factchecks/2018/oct/09/taylor-swift/taylor-swift-marsha-blackburn-voted-against-reauth/
Yes on 10 campaign,"September 28, 2018","California’s rent control measure Proposition 10 would have ""No effect on homeowners""",half-true,TV advertisement,Elections; Housing; Government Regulation; Regulation; California,Chris Nichols,"October 5, 2018",https://www.politifact.com/factchecks/2018/oct/05/yes-10-campaign/will-californias-rent-control-measure-prop-10-real/
Congressional Leadership Fund,"September 19, 2018","Says Kansas U.S. House candidate Paul Davis was caught with a stripper during a drug raid and later voted to ""allow strip clubs to open near homes, churches, schools and daycare facilities.""",half-true,TV ad,National; Elections,Samantha Putterman,"October 1, 2018",https://www.politifact.com/factchecks/2018/oct/01/congressional-leadership-fund/did-paul-davis-vote-allow-strip-clubs-open-nears-h/
Stop Deceptive Amendments,"September 24, 2018","Every former North Carolina governor opposes ""constitutional amendments Raleigh lawmakers put on the ballot this fall.""",false,ad,Constitutional Amendments; Elections; North Carolina,Paul Specht,"September 27, 2018",https://www.politifact.com/factchecks/2018/sep/27/stop-deceptive-amendments/ad-misleads-about-nc-governors-opposing-constituti/
Marc Molinaro,"September 14, 2018","Says Gov. Andrew Cuomo is ""stealing money from the MTA and sending it upstate for projects that have nothing to do with transit.""",false,a news conference,Elections; Transparency; Transportation; New York,Jill Terreri Ramos,"September 21, 2018",https://www.politifact.com/factchecks/2018/sep/21/marcus-molinaro/molinaro-makes-claims-about-cuomos-mta-record/
Andrew Cuomo,"September 14, 2018","""I think I received more votes in the Democratic primary than any governor in history.""",true,news conference,Elections; New York,Jill Terreri Ramos,"September 20, 2018",https://www.politifact.com/factchecks/2018/sep/20/andrew-cuomo/cuomo-says-he-got-more-votes-democratic-primary/
Mike Bishop,"September 19, 2018","Says Michigan congressional candidate Elissa Slotkin ""just parachuted into the district to run for Congress"" and ""admitted that she doesn’t know our area.""",half-true,campaign ad,National; Candidate Biography; Elections,Samantha Putterman,"September 19, 2018",https://www.politifact.com/factchecks/2018/sep/19/mike-bishop/campaign-ad-accuses-elissa-slotkin-carpetbagging/
Bloggers,"September 9, 2018","Says Barack Obama ""referred to the carnage that took place in Benghazi as a conspiracy theory.""",pants-fire,website post,Elections; Fake news; Foreign Policy; Facebook Fact-checks,Jon Greenberg,"September 14, 2018",https://www.politifact.com/factchecks/2018/sep/14/blog-posting/conspiracy-website-objects-barack-obama-calling-ou/
Dan Kohl,"September 4, 2018","""I'm not a politician.""",half-true,TV ads,Candidate Biography; Elections; Wisconsin,Tom Kertscher,"September 6, 2018",https://www.politifact.com/factchecks/2018/sep/06/dan-kohl/why-dan-kohl-democrat-running-against-us-rep-glenn/
Saundra McDowell,"August 20, 2018","If Missouri Amendment 1 passes, the auditor's office ""could take one district, St. Louis here, and merge it with a district in southwest Missouri, a Republican district, and they don't even have to touch.""",mostly-false,"remarks on ""The Weekend Report""",Elections; Missouri,Sten Spinella,"September 5, 2018",https://www.politifact.com/factchecks/2018/sep/05/saundra-mcdowell/mcdowell-claims-missouri-amendment-1-would-adjoin-/
Tim Moore,"August 24, 2018","North Carolina is one of ""very few states"" that give the governor sole discretion to pick judges.",mostly-true,legislature,Constitutional Amendments; Elections; North Carolina,Rashaan Ayesh,"August 29, 2018",https://www.politifact.com/factchecks/2018/aug/29/tim-moore/moore-says-constitutional-amendment-puts-nc-line-o/
Civitas Institute,"June 25, 2018","""Apple and Amazon already operate in many states that require levels of voter ID.""",true,tweet,Elections; States; Technology; North Carolina,Rashaan Ayesh,"August 22, 2018",https://www.politifact.com/factchecks/2018/aug/22/civitas-institute/do-amazon-apple-operate-states-voter-id/
Brad Schimel,"August 12, 2018","""We need an ID"" to ""buy a beer.""",mostly-false,video,Alcohol; Elections; Legal Issues; Wisconsin,Tom Kertscher,"August 22, 2018",https://www.politifact.com/factchecks/2018/aug/22/brad-schimel/despite-brad-schimels-claim-wisconsin-you-dont-nee/
AmericanJournalReview.com,"August 8, 2018","""Red Alert: Major Signs of Voter Fraud Uncovered In Ohio.""",mostly-false,article,Ohio; Elections,Lucia Geng,"August 20, 2018",https://www.politifact.com/factchecks/2018/aug/20/americanjournalreviewcom/no-evidence-anyone-over-116-years-old-was-voting-o/
teaparty.org,"August 15, 2018","""Pelosi sinks to new low, tells Dems: if you have to lie to voters to win, do it.""",false,headline,Elections; PunditFact,Amy Sherman,"August 17, 2018",https://www.politifact.com/factchecks/2018/aug/17/teapartyorg/no-nancy-pelosi-didnt-tell-democratic-candidates-l/
Beto O'Rourke,"March 16, 2018","""Texas is one of the most gerrymandered states in the union.""",mostly-true,"remarks on HBO's ""Real Time with Bill Maher""",Elections; Texas,Louis Jacobson,"August 16, 2018",https://www.politifact.com/factchecks/2018/aug/16/beto-orourke/texas-one-nations-most-gerrymandered-states/
BlueNC,"August 14, 2018","A proposed constitutional amendment ""will pave the way for making abortion illegal under North Carolina’s constitution.""",pants-fire,blog,Abortion; Elections; North Carolina,Paul Specht,"August 14, 2018",https://www.politifact.com/factchecks/2018/aug/14/bluenc/could-nc-constitutional-amendment-make-abortion-il/
Club for Growth,"July 12, 2018","Says Leah Vukmir ""claimed the open records law didn't apply to her, got sued, lost and cost taxpayers $15,000 in legal fees.""",true,campaign ad,Elections; Transparency; Wisconsin,Jennifer Walter,"August 14, 2018",https://www.politifact.com/factchecks/2018/aug/14/club-growth/did-leah-vukmir-cost-taxpayers-15000-legal-fees-af/
Jeff Denham,"July 24, 2018","China has ""not acted so well with our elections. They’ve tampered with our elections quite a bit.""",false,podcast interview,Corrections and Updates; Elections; Foreign Policy; California,Chris Nichols,"August 14, 2018",https://www.politifact.com/factchecks/2018/aug/14/jeff-denham/no-evidence-back-denhams-claim-china-tampered-us-e/
Donald Trump,"August 13, 2018","Says Ohio Gov. John Kasich is ""very unpopular.""",false,tweet,Ohio; Elections; Polls and Public Opinion,Amy Sherman,"August 14, 2018",https://www.politifact.com/factchecks/2018/aug/14/donald-trump/after-close-ohio-special-election-trump-falsely-tw/
Republican Party of Wisconsin,"August 1, 2018","Claims that Democratic candidate for governor Matt Flynn ""told one child predator to ‘wait and see,’ when he should have turned him in to authorities.""",half-true,radio ad,Children; Elections; Legal Issues; Wisconsin,Ahmed Elbenni,"August 10, 2018",https://www.politifact.com/factchecks/2018/aug/10/republican-party-wisconsin/wisconsin-gop-radio-ad-takes-aim-democratic-candid/
Republican Party of Wisconsin,"August 1, 2018","Says Mahlon Mitchell ""received a massive raise on the backs of hard-working firefighters and turned the union into his own personal political slush fund.""",half-true,news release,Elections; Income; Unions; Wisconsin,D.L. Davis,"August 9, 2018",https://www.politifact.com/factchecks/2018/aug/09/republican-party-wisconsin/wisconsin-gop-takes-jabs-democratic-gubernatorial-/
Leah Vukmir,"July 31, 2018","""I have always been there with"" Donald Trump.",false,interview,Candidate Biography; Elections; Wisconsin,Tom Kertscher,"August 8, 2018",https://www.politifact.com/factchecks/2018/aug/08/leah-vukmir/leah-vukmir-supported-donald-trump-after-he-won-pr/
Kevin Nicholson,"August 1, 2018","Says Leah Vukmir said: ""I’m not endorsing Donald Trump.""",false,online video,Candidate Biography; Elections; Wisconsin,Tom Kertscher,"August 8, 2018",https://www.politifact.com/factchecks/2018/aug/08/kevin-nicholson/kevin-nicholsons-attack-leah-vukmir-over-support-d/
Marco Rubio,"August 2, 2018","States ""haven't even begun to spend the (election security) money they have now.""",mostly-false,interview with CBS News,Elections; Homeland Security; Florida,Jon Greenberg,"August 3, 2018",https://www.politifact.com/factchecks/2018/aug/03/marco-rubio/rubio-wrong-states-beefing-voting-security/
Donald Trump,"July 31, 2018","""Collusion is not a crime.""",mostly-false,tweet,National; Elections; Legal Issues,Jon Greenberg,"July 31, 2018",https://www.politifact.com/factchecks/2018/jul/31/donald-trump/donald-trump-says-collusion-no-crime-right/
Tony Evers,"June 27, 2018","""I’m the first Democrat to ever lead Scott Walker in an election year.""",false,campaign email,Elections; Polls and Public Opinion; Wisconsin,Samantha West,"July 26, 2018",https://www.politifact.com/factchecks/2018/jul/26/tony-evers/evers-boast-beating-walker-poll-short-finish-line/
Tim Kaine,"July 21, 2018","""In December of 2017, the Prince William board of supervisors had a meeting ... (Corey Stewart) skipped that meeting to go campaign in Alabama for Roy Moore to be a U.S. senator … You haven't disavowed Roy Moore's name yet.""",true,debate,National; County Government; Elections; Ethics,Bill McCarthy,"July 24, 2018",https://www.politifact.com/factchecks/2018/jul/24/tim-kaine/kaine-correct-stewart-skipped-board-meeting-campai/
Sean Hannity,"July 16, 2018 in","""In 2016, when Hillary Clinton appeared to have a firm lead in the polls — oh, just before the election, it was President Obama who laughed off any notion that American elections could possibly be tampered with.""",mostly-false,on television,Elections; PunditFact,Bill McCarthy,"July 17, 2018",https://www.politifact.com/factchecks/2018/jul/17/sean-hannity/sean-hannity-cites-misleading-obama-quote-coverage/
Donald Trump,"July 16, 2018","""The Electoral College is much more advantageous for Democrats.""",false,press conference,National; Elections,Louis Jacobson,"July 17, 2018",https://www.politifact.com/factchecks/2018/jul/17/donald-trump/donald-trumps-questionable-claim-electoral-college/
Donald Trump,"July 16, 2018","""The servers of the Pakistani gentleman that worked on the DNC"" are ""missing.""",false,press conference with Vladimir Putin,National; Elections,Amy Sherman,"July 16, 2018",https://www.politifact.com/factchecks/2018/jul/16/donald-trump/missing-servers-donald-trump-vladimir-putin/
Vladimir Putin,"July 16, 2018","""The Russian state has never interfered ... into internal American affairs including election process.""",pants-fire,press conference,National; Corrections and Updates; Elections,John Kruzel,"July 16, 2018",https://www.politifact.com/factchecks/2018/jul/16/vladimir-putin/vladimir-putin-falsely-claims-russia-never-interfe/
Donald Trump,"June 28, 2018","Says Wisconsin ""hadn’t been won by a Republican since Dwight D. Eisenhower, in 1952. And I won Wisconsin. …  Ronald Reagan, remember, Wisconsin was the state that Ronald Reagan did not win.""",pants-fire,public forum,Elections; Voting Record; Wisconsin,D.L. Davis,"June 29, 2018",https://www.politifact.com/factchecks/2018/jun/29/donald-trump/president-trump-makes-some-interesting-claims-abou/
Ohio Republican Party,"June 12, 2018","Says Sherrod Brown in 1978 ""voted for stricter removal standards (for voter registration) and then enforced them as Secretary of State.""",half-true,tweet,Ohio; Elections; Legal Issues; States,Amy Sherman,"June 29, 2018",https://www.politifact.com/factchecks/2018/jun/29/ohio-republican-party/ohio-gop-miscasts-sherrod-browns-longstanding-poli/
AFSCME,"June 6, 2018","Says Republican gubernatorial candidate Adam Laxalt ""tried to cut a deal with big pharma"" in a lawsuit.",false,attack ad,National; Elections; Health Care; Legal Issues,Jon Greenberg,"June 25, 2018",https://www.politifact.com/factchecks/2018/jun/25/afscme/ad-falsely-accuses-nevadas-gop-governor-candidate-/
Bloggers,"June 11, 2018","""Busted: Obama is holding secret meetings to overtake the White House""",mostly-false,a blog post,Elections; Fake news; PunditFact,Bill McCarthy,"June 21, 2018",https://www.politifact.com/factchecks/2018/jun/21/blog-posting/-website-falsely-claims-obama-was-bust/
Tim Moore,"June 7, 2018","States with voter ID laws have seen ""zero decrease"" in participation. ""Most have seen an increase.""",mostly-false,TV interview,Elections; North Carolina,Paul Specht,"June 20, 2018",https://www.politifact.com/factchecks/2018/jun/20/tim-moore/states-voter-id-laws-have-seen-zero-decrease-turno/
John Cox,"April 23, 2018","GOP candidate for California governor Travis Allen ""on the floor vote … refused to join Republicans opposing driver licenses for illegal aliens.""",half-true,campaign TV ad,Immigration; Elections; Public Safety; States; The 2018 California Governor's Race; California,Chris Nichols,"May 29, 2018",https://www.politifact.com/factchecks/2018/may/29/john-cox/did-travis-allen-oppose-driver-licenses-undocument/
Bloggers,"May 22, 2018","Says ""Obama paid FBI informant over $1 million to do it to Trump.""",false,fake news blog post,Elections; Fake news; PunditFact,Jon Greenberg,"May 24, 2018",https://www.politifact.com/factchecks/2018/may/24/blog-posting/fake-news-says-obama-paid-informant-trump-russia-p/
Donald Trump,"May 23, 2018","Says James Clapper said ""that the FBI was spying on (Trump's) campaign.""",false,tweet,National; Elections; Legal Issues,Jon Greenberg,"May 23, 2018",https://www.politifact.com/factchecks/2018/may/23/donald-trump/did-ex-intelligence-chief-clapper-say-fbi-spied-tr/
Randy Bryce,"May 6, 2018",Says he’s not a politician.,mostly-false,interview,Candidate Biography; Congress; Elections; Wisconsin,Tom Kertscher,"May 16, 2018",https://www.politifact.com/factchecks/2018/may/16/randy-bryce/randy-bryce-has-never-held-public-office-his-4th-r/
Jacky Rosen,"May 10, 2018","Says Dean Heller ""has voted for a GOP bill that funded efforts to revive Yucca Mountain.""",mostly-false,Rosen campaign press release,Environment; National; Elections; Energy,Jon Greenberg,"May 14, 2018",https://www.politifact.com/factchecks/2018/may/14/jacky-rosen/rosen-misleads-heller-yucca-mountain-vote/
Jim Renacci,"April 25, 2018","""President Trump is still supported by almost 85 percent of the Republican Party in the state of Ohio, and that's from recent polling, and still has a 58 percent approval rating in Ohio.""",mostly-true,radio interview,Ohio; Elections,Amy Sherman,"May 4, 2018",https://www.politifact.com/factchecks/2018/may/04/jim-renacci/following-trump-endorsement-jim-renacci-cites-poll/
Kevin Nicholson,"April 19, 2018",Says conservative mega-donor Richard Uihlein is a Wisconsin resident.,false,news release,Elections; Housing; States; Wisconsin,D.L. Davis,"May 4, 2018",https://www.politifact.com/factchecks/2018/may/04/kevin-nicholson/what-makes-illinois-resident-wisconsin-resident/
Gavin Newsom,"April 23, 2018","Gavin Newsom was ""the first to take on the National Rifle Association and win.""",false,a campaign ad,Elections; Public Safety; The 2018 California Governor's Race; California; Guns,Chris Nichols,"April 27, 2018",https://www.politifact.com/factchecks/2018/apr/27/gavin-newsom/gavin-newsoms-false-claim-he-was-first-take-nra-an/
Dennis Kucinich,"April 19, 2018","Says of disclosing his $20,000 speech about Syria, ""there was no hiding. I released it.""",half-true,radio interview,Ohio; Campaign Finance; Elections; Foreign Policy,Amy Sherman,"April 26, 2018",https://www.politifact.com/factchecks/2018/apr/26/dennis-kucinich/dennis-kucinich-said-he-didnt-hide-payment-syria-s/
Randy Bryce,"March 14, 2018","""Our campaign staff was the first to unionize in the history of politics.""",mostly-true,interview,Elections; Labor; Unions; Workers; Wisconsin,Tom Kertscher,"April 25, 2018",https://www.politifact.com/factchecks/2018/apr/25/randy-bryce/campaign-staff-randy-bryce-whos-running-paul-ryans/
Duane Hall,"April 20, 2018",Claims to be endorsed by the Democratic Party.,false,mailer,Elections; North Carolina,Paul Specht,"April 20, 2018",https://www.politifact.com/factchecks/2018/apr/20/duane-hall/democrat-touts-party-endorsement-party-we-want-you/
Scott Walker,"April 9, 2018","Says ""Eric Holder and his group came in and made"" the Wisconsin Supreme Court race ""highly partisan.""",mostly-false,interview,Campaign Finance; Elections; Negative Campaigning; Wisconsin,Tom Kertscher,"April 11, 2018",https://www.politifact.com/factchecks/2018/apr/11/scott-walker/scott-walker-claim-eric-holder-making-supreme-cour/
Donald Trump,"April 5, 2018","""In many places, like California, the same person votes many times. You probably heard about that. They always like to say 'oh that's a conspiracy theory.' Not a conspiracy theory, folks. Millions and millions of people.""",pants-fire,speech,National; Elections,Amy Sherman,"April 6, 2018",https://www.politifact.com/factchecks/2018/apr/06/donald-trump/no-proof-trumps-claim-millions-voted-many-times/
Bloggers,"April 3, 2018","Says Chuck Schumer said ""it’s racist to only allow citizens to vote.""",false,headline,Immigration; Elections; PunditFact,Amy Sherman,"April 5, 2018",https://www.politifact.com/factchecks/2018/apr/05/blog-posting/no-chuck-schumer-didnt-say-it-racist-only-allow-ci/
Rebecca Dallet,"February 2, 2018","Says Supreme Court rival Michael Screnock ""is running with the Koch brothers support.""",half-true,TV interview,Elections; Supreme Court; Wisconsin,D.L. Davis,"March 29, 2018",https://www.politifact.com/factchecks/2018/mar/29/rebecca-dallet/wisconsin-supreme-court-candidate-rebecca-dallet-s/
Republican Party of Wisconsin,"March 12, 2018","Says Rebecca Dallet is a ""hypocrite"" because she ""took money from attorneys with over 100 cases before her.""",mostly-false,billboard campaign,Candidate Biography; Elections; Ethics; Wisconsin,Tom Kertscher,"March 28, 2018",https://www.politifact.com/factchecks/2018/mar/28/republican-party-wisconsin/wisconsin-gop-attack-supreme-court-candidate-rebec/
Meghan  McCain,"March 20, 2018","""It happened under Obama, and it was lauded by the media as being genius. And now under the Trump campaign — it’s the Cambridge Analytica scandal.""",half-true,"discussion on ""The View""",National; Elections,Manuela Tobias,"March 22, 2018",https://www.politifact.com/factchecks/2018/mar/22/meghan-mccain/comparing-facebook-data-use-obama-cambridge-analyt/
Bruce Rauner,"March 20, 2018","""Newspapers have framed this election as my fight against the Illinois mafia.""",false,his victory speech,Elections; Illinois,Kiannah Sepeda-Miller,"March 21, 2018",https://www.politifact.com/factchecks/2018/mar/21/bruce-rauner/rauner-cites-own-remarks-proof-outside-support-ele/
Brian Kemp,"March 5, 2018","Says he ""fought Obama twice and won to stop illegal immigrants from voting.""",false,Facebook post,Georgia; Immigration; Elections,Miriam Valverde,"March 21, 2018",https://www.politifact.com/factchecks/2018/mar/21/brian-kemp/Did-Brian-Kemp-fight-Obama-twice-to-stop-illegal/
Jack Posobiec,"March 20, 2018","Says Donald ""Trump decided to *not* work with Cambridge Analytica during the election.""",mostly-false,tweet,Elections; Technology; PunditFact,Jon Greenberg,"March 21, 2018",https://www.politifact.com/factchecks/2018/mar/21/jack-posopiec/trump-campaign-used-cambridge-analytica-final-mont/
Robert Pittenger,"February 19, 2018","""Mark Harris worked to stop Trump from being president.""",mostly-false,attack ad,Elections; North Carolina,Paul Specht,"March 16, 2018",https://www.politifact.com/factchecks/2018/mar/16/robert-pittenger/pittenger-misleads-about-his-opponents-support-tru/
Rebecca Dallet,"March 2, 2018","Says that during the Supreme Court campaign, Michael Screnock has ""vowed to uphold the platform of the NRA.""",half-true,debate,Elections; Legal Issues; Guns; Wisconsin,Tom Kertscher,"March 14, 2018",https://www.politifact.com/factchecks/2018/mar/14/rebecca-dallet/did-wisconsin-supreme-court-candidate-michael-scre/
Bernie Sanders,"February 24, 2018","""The Koch brothers have given"" Paul Ryan ""$500,000 in campaign contributions.""",half-true,campaign appearance,Campaign Finance; Elections; Wisconsin,Tom Kertscher,"March 9, 2018",https://www.politifact.com/factchecks/2018/mar/09/bernie-sanders/bernie-sanders-stumping-paul-ryan-opponent-randy-b/
Realtimepolitics,"March 6, 2018","""Joe Biden just confirmed that he is running for president in 2020 and it has America applauding!""",false,headline,Elections; PunditFact,Amy Sherman,"March 6, 2018",https://www.politifact.com/factchecks/2018/mar/06/realtimepolitics/joe-biden-hasnt-confirmed-he-running-president-202/
Donald Trump,"February 18, 2018","""I never said Russia did not meddle in the election.""",pants-fire,tweet,National; Elections; Foreign Policy,Jon Greenberg,"February 19, 2018",https://www.politifact.com/factchecks/2018/feb/19/donald-trump/donald-trump-falsely-denies-he-denied-russian-medd/
The Politico News,"February 7, 2018","""Breaking: four million Democrat votes just declared fraudulent.""",pants-fire,headline,Elections; PunditFact,Amy Sherman,"February 15, 2018",https://www.politifact.com/factchecks/2018/feb/15/politico-news/no-four-million-democrat-votes-were-not-declared-f/
Corey Lewandowski,"February 11, 2018","""Fifty seats have already changed hands from the Republicans to the Democrats since Donald Trump was elected.""",mostly-true,rally,Elections; Florida,Allison Graves,"February 15, 2018",https://www.politifact.com/factchecks/2018/feb/15/corey-lewandowski/have-democrats-gained-50-seats-formerly-held-repub/
Andrea Stewart-Cousins,"January 23, 2018","""New York consistently ranks as one of the worst voting turnout states in the nation.""",true,press conference,Elections; New York,Dan Clark,"February 1, 2018",https://www.politifact.com/factchecks/2018/feb/01/andrea-stewart-cousins/new-york-consistently-ranks-low-voter-turnout/
Jon Husted,"January 3, 2018","""When we say ‘one vote matters,’ it’s not just a saying – it has proven true 141 times in #Ohio over the last five years.""",true,tweet,Ohio; Elections,Amy Sherman,"January 23, 2018",https://www.politifact.com/factchecks/2018/jan/23/jon-husted/ohio-secretary-state-jon-husteds-tweets-about-clos/
Martha Laning,"January 5, 2018","Conservative groups have spent $5 million ""against"" Tammy Baldwin -- five times more than against all other Democratic U.S. Senate incumbents up for election in 2018 combined.",mostly-true,interview,Campaign Finance; Elections; Negative Campaigning; Wisconsin,Tom Kertscher,"January 17, 2018",https://www.politifact.com/factchecks/2018/jan/17/martha-laning/millions-more-spent-defeat-tammy-baldwin-all-other/
Donald Trump,"January 4, 2018","""Mostly Democrat states refused to hand over data"" that could show election fraud.",half-true,tweet,National; Elections,Amy Sherman,"January 5, 2018",https://www.politifact.com/factchecks/2018/jan/05/donald-trump/trump-blames-democratic-states-providing-voter-d/
Donald Trump,"January 3, 2018","There is ""substantial evidence of voter fraud.""",false,statement,National; Elections,Louis Jacobson,"January 4, 2018",https://www.politifact.com/factchecks/2018/jan/04/donald-trump/donald-trump-says-theres-substantial-evidence-vote/
Donald Trump,"January 3, 2018","The Senate seat won in a special election by a Democrat had been ""held for more than thirty years by Republicans.""",false,statement released by the White House,National; Elections; History,Louis Jacobson,"January 3, 2018",https://www.politifact.com/factchecks/2018/jan/03/donald-trump/donald-trump-wrong-about-length-time-gop-held-alab/
Donald Trump,"December 28, 2017","Said Dianne Feinstein said ""there is no collusion"" between the Trump campaign and Russia.",false,New York Times interview,Elections; California,Chris Nichols,"January 2, 2018",https://www.politifact.com/factchecks/2018/jan/02/donald-trump/trumps-false-claim-dianne-feinstein-said-there-no-/
Joe Berrios,"December 11, 2017","""(Fritz) Kaegi managed a fund that invested nearly $30 million in private prisons.""",mostly-false,campaign ad,Elections; Ethics; Legal Issues; Illinois,Matt Dietrich,"December 29, 2017",https://www.politifact.com/factchecks/2017/dec/29/joe-berrios/joe-berrios-reaches-too-far-attack-fritz-kaegi/
defense-usa,"December 15, 2017","""Roy Moore takes the military vote, pulls ahead by 5,000 votes""",pants-fire,headline,Elections; Fake news; PunditFact,Amy Sherman,"December 27, 2017",https://www.politifact.com/factchecks/2017/dec/27/defense-usa/no-roy-moore-wont-win-alabama-race-military-ballot/
American Revolution,"December 15, 2017","""Alabama state police arrest 3 poll workers in Birmingham.""",pants-fire,headline,Elections; Fake news; PunditFact,Amy Sherman,"December 19, 2017",https://www.politifact.com/factchecks/2017/dec/19/american-revolution/no-alabama-poll-workers-were-not-arrested-us-senat/
Verified Politics,"December 13, 2017","Says Sen. Mitch McConnell's delay in seating Alabama Sen.-elect Doug Jones ""is a flagrant violation of Senate policy, which requires Jones assume office the instant one of them wins the election.""",false,article posted on the website,National; Elections,Jon Greenberg,"December 18, 2017",https://www.politifact.com/factchecks/2017/dec/18/verified-politics/seating-doug-jones-does-delay-break-senate-rules/
Bloggers,"December 13, 2017","""UPDATE: ‘Thousands’ voted for Doug Jones in Alabama town with population of 2,256""",pants-fire,blog post,Elections; Fake news; PunditFact,Miriam Valverde,"December 15, 2017",https://www.politifact.com/factchecks/2017/dec/15/blog-posting/fake-news-spreads-about-doug-jones-and-votes-ficti/
Alex Jones,"December 13, 2017","Says there won't be a recount in Alabama because a Democratic judge said ""we're going to erase all the computer files ... on Wednesday morning.""",pants-fire,"broadcast of the ""Alex Jones Show""",Elections; PunditFact,Jon Greenberg,"December 14, 2017",https://www.politifact.com/factchecks/2017/dec/14/alex-jones/infowars-jones-wrong-about-alabama-recount/
Bruce Rauner,"December 4, 2017","""The candidates controlled by Madigan, all of them have said, ‘The answer to our problems is a massive income tax hike.’ """,mostly-false,press conference,Elections; State Budget; Taxes; Illinois,Matt Dietrich,"December 14, 2017",https://www.politifact.com/factchecks/2017/dec/14/bruce-rauner/rauner-distorts-dems-message-illinois-income-tax/
nofakenews-online,"December 12, 2017","""Update: van full of illegals caught voting at multiple Alabama polling locations.""",pants-fire,headline,Immigration; Elections; Fake news; PunditFact,Amy Sherman,"December 13, 2017",https://www.politifact.com/factchecks/2017/dec/13/nofakenews-online/no-undocumented-immigrants-were-not-caught-voting-/
Don Blankenship,"December 3, 2017","Says ""Obama’s deadliest cover-up (in an explosion that killed 29 miners) has been uncovered"" by internal government documents.",pants-fire,campaign ad,National; Elections; Legal Issues; Government Regulation,Jon Greenberg,"December 11, 2017",https://www.politifact.com/factchecks/2017/dec/11/don-blankenship/convicted-w-va-mining-ceo-falsely-says-government-/
Bloggers,"December 8, 2017","""Roy Moore’s accuser arrested and charged with falsification.""",pants-fire,fake news website,Elections; Fake news; PunditFact,Jon Greenberg,"December 11, 2017",https://www.politifact.com/factchecks/2017/dec/11/blog-posting/fake-news-no-roy-moore-accuser-was-not-arrested-ly/
Evening World,"November 13, 2017","""Breaking: woman says she was offered big money by Washington Post to accuse Roy Moore of misconduct.""",pants-fire,headline,Elections; Fake news; PunditFact,Amy Sherman,"December 11, 2017",https://www.politifact.com/factchecks/2017/dec/11/evening-world/fake-news-about-washington-post-and-roy-moore-accu/
JB Pritzker,"December 6, 2017","""I released way more (tax) information than Bruce Rauner has.""",false,candidate forum,Campaign Finance; Elections; Negative Campaigning; Transparency; Taxes; Illinois,Matt Dietrich,"December 11, 2017",https://www.politifact.com/factchecks/2017/dec/11/jb-pritzker/no-jb-pritzker-did-not-release-more-tax-informatio/
Doug Jones,"November 30, 2017","""In a 2014 case involving a man convicted of abusing two underage girls, Judge Roy Moore disagreed and wrote the dissenting opinion.""",mostly-false,campaign ad,National; Elections; Ethics; Legal Issues,Jon Greenberg,"December 6, 2017",https://www.politifact.com/factchecks/2017/dec/06/doug-jones/jones-ad-wrongly-attacks-moore-sex-crime-case/
Daniel Biss,"November 27, 2017",These guys are now pretty much living up to the @BruceRauner standard. And falling dismally short of the @MittRomney standard. Even Romney released his full tax returns.,true,tweet,Campaign Finance; Elections; Ethics; Transparency; Taxes; Illinois,Matt Dietrich,"December 4, 2017",https://www.politifact.com/factchecks/2017/dec/04/daniel-biss/biss-accurate-sarcastic-tax-hit-opponents-pritzker/
Kayla Moore,"November 17, 2017","Says Doug Jones ""is for full-term abortion.""",false,women for Moore rally,Abortion; National; Elections; Women,Jon Greenberg,"November 21, 2017",https://www.politifact.com/factchecks/2017/nov/21/kayla-moore/moores-wife-coins-new-anti-abortion-term-attack-hi/
Scot Ross,"November 3, 2017","""Since 2015, Scott Walker has not done a public event where you don't have to pay admission or be on an approved list.""",half-true,interview,Elections; Transparency; Wisconsin,Tom Kertscher,"November 15, 2017",https://www.politifact.com/factchecks/2017/nov/15/scot-ross/how-often-does-gov-scott-walker-seeking-re-electio/
Amanda Carpenter,"November 13, 2017","""There are ‘sore loser’ laws that would bar Luther Strange from pursuing a seat"" because he already lost the Alabama Republican Senate runoff to Roy Moore.",false,CNN roundtable,Elections; PunditFact,Louis Jacobson,"November 14, 2017",https://www.politifact.com/factchecks/2017/nov/14/amanda-carpenter/given-roy-moores-troubles-could-luther-strange-run/
TheLastLineOfDefense.org,"November 11, 2017","""Second Roy Moore Accuser Works For Michelle Obama Right NOW""",pants-fire,headline,Elections; Fake news; PunditFact,Amy Sherman,"November 14, 2017",https://www.politifact.com/factchecks/2017/nov/14/thelastlineofdefenseorg/headline-tying-roy-moore-accuser-obamas-fake/
Kayleigh McEnany,"October 11, 2017 in","""Underreported fact: President @realDonaldTrump raised more in small dollar donations than Obama in 2012 and than Clinton and Bernie combined!""",mostly-true,on Twitter,National; Campaign Finance; Elections,Sophie Kaplan,"November 13, 2017",https://www.politifact.com/factchecks/2017/nov/13/kayleigh-mcenany/trump-raised-more-dollars-small-donations/
The Creative Resistance,"October 24, 2017","""IDC members also get tons of campaign money from real estate, charter school, and health care lobbyists, some of whom are Republicans with connections to Trump""",mostly-true,video,Campaign Finance; Elections; Ethics; New York,Dan Clark,"November 5, 2017",https://www.politifact.com/factchecks/2017/nov/05/creative-resistance/progressive-group-accuses-senate-splinter-group-do/
New Leadership PAC,"October 19, 2017","Says county parties representing more than half the state’s Republican voters approved resolutions ""demanding changes"" in Texas House leadership.",true,press release,Bipartisanship; Elections; States; Texas,W. Gardner Selby,"November 1, 2017",https://www.politifact.com/factchecks/2017/nov/01/new-leadership-pac/did-gop-activists-representing-majority-gop-voters/
Donald Trump,"October 30, 2017","Says Paul Manafort’s alleged crimes were ""years ago, before Paul Manafort was part of the Trump campaign.""",mostly-false,tweet,National; Elections; Crime,Jon Greenberg,"October 30, 2017",https://www.politifact.com/factchecks/2017/oct/30/donald-trump/trump-wrongly-says-manafort-crimes-came-years-he-j/
Nancy McFarlane,"October 16, 2017","Says she debated her opponent ""multiple times.""",half-true,a press conference,Debates; Elections; North Carolina,Paul Specht,"October 18, 2017",https://www.politifact.com/factchecks/2017/oct/18/nancy-mcfarlane/raleigh-mayor-says-she-debated-opponent-multiple-t/
Charles Francis,"October 11, 2017","Says he got ""support all over Raleigh""",half-true,a press conference,Elections; North Carolina,Paul Specht,"October 14, 2017",https://www.politifact.com/factchecks/2017/oct/14/charles-francis/candidate-raleigh-mayor-says-he-got-support-all-ov/
Phil Berger,"September 15, 2017","North Carolina has ""the strictest anti-gerrymandering standards in the entire country.""",false,a press release,Elections; Redistricting; North Carolina,Paul Specht,"October 5, 2017",https://www.politifact.com/factchecks/2017/oct/05/phil-berger/berger-says-nc-has-strictest-anti-gerrymandering-s/
Public Interest Legal Foundation,"September 25, 2017","Bryan County, Ga., has ""corrupted voter rolls.""",false,press release,Georgia; Elections,Jon Greenberg,"October 4, 2017",https://www.politifact.com/factchecks/2017/oct/04/public-interest-legal-foundation/anti-vote-fraud-group-levels-false-charge-corrupte/
Dallas Woodhouse,"September 13, 2017","""Since 2010, Republicans have won unaffiliated voters in every general election.""",mostly-true,a newspaper,Elections; North Carolina,Paul Specht,"September 27, 2017",https://www.politifact.com/factchecks/2017/sep/27/dallas-woodhouse/woodhouse-says-gop-winning-unaffiliated-voters-nc/
Young Conservatives,"September 8, 2017","""Mass voter fraud just discovered, to the amount that could void Hillary’s victory In New Hampshire.""",false,Internet post,Elections; PunditFact,Louis Jacobson,"September 15, 2017",https://www.politifact.com/factchecks/2017/sep/15/young-conservatives/website-passes-along-dubious-claims-about-fraudule/
Kris Kobach,"September 7, 2017","""Facts have come to light that indicate that a pivotal, close election was likely changed through voter fraud on November 8, 2016: New Hampshire’s U.S. Senate Seat, and perhaps also New Hampshire’s four Electoral College votes in the presidential election.""",false,Breitbart column,National; Elections,Manuela Tobias,"September 15, 2017",https://www.politifact.com/factchecks/2017/sep/15/kris-kobach/there-evidence-voter-fraud-new-hampshire-kris-koba/
Adam Putnam,"August 30, 2017","San Francisco and Takoma Park, Md., are ""allowing illegals to vote.""",half-true,tweet,Immigration; Elections; Florida,Miriam Valverde,"September 15, 2017",https://www.politifact.com/factchecks/2017/sep/15/adam-putnam/san-francisco-takoma-park-noncitizens-elections/
Rearfront.com,"August 9, 2017","""Dwayne 'The Rock' (Johnson) Has Officially Filed For The 2020 Presidential Campaign""",false,web post,Campaign Finance; Elections; Fake news; PunditFact,Louis Jacobson,"August 14, 2017",https://www.politifact.com/factchecks/2017/aug/14/rearfrontcom/did-dwayne-rock-johnson-officially-file-run-presid/
Roy Cooper,"July 28, 2017","Last year, Democrats won nearly 50% of the vote, yet they hold only 38% of the seats in the state House and 30% of the seats in the state Senate.",mostly-true,a newsletter,Elections; Redistricting; North Carolina,Paul Specht,"August 9, 2017",https://www.politifact.com/factchecks/2017/aug/09/roy-cooper/cooper-says-dems-won-nearly-half-2016-vote-hold-on/
Bloggers,"July 30, 2017","""A witness will testify against Hillary Clinton.""",false,headline,Elections; Fake news; PunditFact,Joshua Gillin,"August 3, 2017",https://www.politifact.com/factchecks/2017/aug/03/blog-posting/internet-post-misleads-saying-witness-will-testify/
Sean Duffy,"July 17, 2017","Republicans have "" won a thousand seats since Obamacare.""",mostly-true,TV interview,Elections; Wisconsin,D.L. Davis,"July 27, 2017",https://www.politifact.com/factchecks/2017/jul/27/sean-duffy/duffy-track-claim-1000-seat-pickup-gop-obamacare/
Bloggers,"July 14, 2017","Cher ""is moving to Canada because of President Trump.""",false,blog post,Elections; Fake news; PunditFact,Miriam Valverde,"July 26, 2017",https://www.politifact.com/factchecks/2017/jul/26/blog-posting/did-cher-move-canada-because-donald-trump/
Donald Trump,"July 25, 2017","""The person in charge of the Hillary investigation, Andrew McCabe, got $700,000 from (Hillary Clinton) for wife!""",mostly-false,tweet,National; Campaign Finance; Elections; Legal Issues,Louis Jacobson,"July 25, 2017",https://www.politifact.com/factchecks/2017/jul/25/donald-trump/tweet-donald-trump-revives-charge-improper-ties-be/
Randy Bryce,"July 9, 2017","Says Paul Ryan ""has not had a public town hall within the district for over 600 days.""",mostly-true,TV interview,Elections; Wisconsin,Alan Hovorka,"July 21, 2017",https://www.politifact.com/factchecks/2017/jul/21/randy-bryce/challenger-target-claim-paul-ryan-has-gone-600-day/
Kid  Rock,"July 13, 2017","""I’ve got 15 days from my announcement to file paperwork with the FEC!""",half-true,post on KidRock.com,Elections; Pop Culture; PunditFact,Joshua Gillin,"July 14, 2017",https://www.politifact.com/factchecks/2017/jul/14/kid-rock/kid-rock-announces-us-senate-run-needs-check-rules/
Corey Lewandowski,"July 13, 2017","Says ""Donald Trump was doing a rally in the state of Florida"" the day Trump's son and others met with a Russian lawyer in New York.",false,NBC interview,Elections; Homeland Security; PunditFact,John Kruzel,"July 14, 2017",https://www.politifact.com/factchecks/2017/jul/14/corey-lewandowski/lewandowski-wrongly-says-trump-florida-day-trump-t/
Reince Priebus,"July 9, 2017","""It's an absolute fact"" that China and North Korea ""have consistently over many, many years"" meddled in U.S. elections.",false,interview,Campaign Finance; China; Elections; Foreign Policy; Wisconsin,Tom Kertscher,"July 13, 2017",https://www.politifact.com/factchecks/2017/jul/13/reince-priebus/china-and-north-korea-consistently-over-many-many-/
Eric Bolling,"July 11, 2017","""Collusion is not illegal.""",mostly-false,comments on 'Fox News Specialists',Elections; Legal Issues; PunditFact,Joshua Gillin,"July 12, 2017",https://www.politifact.com/factchecks/2017/jul/12/eric-bolling/collusion-not-illegal-fox-news-host-eric-bolling-s/
Ainsley Earhardt,"June 20, 2017","""5.7 million -- that’s how many illegal immigrants might have voted"" in 2008.",false,"""Fox and Friends"" show",Immigration; Elections; Florida,Amy Sherman,"June 22, 2017",https://www.politifact.com/factchecks/2017/jun/22/ainsley-earhardt/following-trump-voter-fraud-allegations-claim-57-m/
Joy Reid,"June 20, 2017","In the Georgia House district that hosted a special election on June 20, ""Trump won by 20+ points.""",false,tweet,Elections; PunditFact,Louis Jacobson,"June 21, 2017",https://www.politifact.com/factchecks/2017/jun/21/joy-reid/joy-ann-reid-mistakes-size-trump-victory-georgia-d/
X posts,"May 23, 2017","""Docs: Wisconsin Governor Scott Walker took $1 million from a pro-Putin Ukrainian businessman—last election cycle.""",mostly-false,tweet,Campaign Finance; Elections; Wisconsin,Tom Kertscher,"June 21, 2017",https://www.politifact.com/factchecks/2017/jun/21/tweets/pro-putin-ukrainian-gave-scott-walker-1-million/
Richard Burr,"June 8, 2017","""This is not the first time (the Russians) have been involved in our elections.""",half-true,interview,Elections; History; Foreign Policy; North Carolina,Will Doran,"June 20, 2017",https://www.politifact.com/factchecks/2017/jun/20/richard-burr/heres-every-time-russian-or-soviet-spies-tried-int/
Donald Trump,"June 20, 2017","Says Jon Ossoff ""doesn't even live in (his) district.""",true,tweet,Georgia; Congress; Elections,Jon Greenberg,"June 20, 2017",https://www.politifact.com/factchecks/2017/jun/20/donald-trump/trump-right-ossoff-does-not-live-georgias-6th-cong/
Great America Alliance,"June 18, 2017",Says Barack Obama complained that Democrats continue to ignore blacks except at election time.,pants-fire,radio ad,Georgia; Elections; Negative Campaigning,Jon Greenberg,"June 19, 2017",https://www.politifact.com/factchecks/2017/jun/19/great-america-alliance/Attack-ad-Obama-book-turn-blacks-Dems-Georgia/
Richard Burr,"June 13, 2017","Says the Senate Intelligence Committee has held 10 public hearings this year, ""more than double that held by the committee in any recent year.""",true,his opening statement before Jeff Session's testimony,Congress; Elections; Foreign Policy; Transparency; North Carolina,Will Doran,"June 14, 2017",https://www.politifact.com/factchecks/2017/jun/14/richard-burr/russia-investigation-senate-hearings-have-uncommon/
Rafael Anchia,"April 20, 2017","""How many federal rulings have NOW found intentional discrimination by #Txlege since 2011? 6.""",true,tweet,Elections; History; Legal Issues; Redistricting; Texas,Bobby Cervantes,"June 14, 2017",https://www.politifact.com/factchecks/2017/jun/14/rafael-anchia/rafael-anchia-six-times-2011-federal-rulings-found/
Hillary Clinton,"May 31, 2017","""The best estimate is that 200,000 people in Wisconsin were either denied or chilled in their efforts to vote"" in the 2016 presidential election.",mostly-false,interview,Civil Rights; Elections; Government Regulation; Wisconsin,Tom Kertscher,"June 9, 2017",https://www.politifact.com/factchecks/2017/jun/09/hillary-clinton/hillary-clintons-mostly-false-claim-photo-id-voter/
Bill Peduto,"June 1, 2017","""Fact: Hillary Clinton received 80% of the vote in Pittsburgh.""",mostly-true,a tweet,Elections; Pennsylvania,Sarah Anne Hughes,"June 2, 2017",https://www.politifact.com/factchecks/2017/jun/02/bill-peduto/did-80-percent-pittsburgh-really-vote-hillary-clin/
Gregg Jarrett,"May 30, 2017","""You can collude all you want with a foreign government in an election. There's no such statute"" (that makes collusion a crime).",false,interview on Fox News,Elections; Legal Issues; PunditFact,Jon Greenberg,"May 31, 2017",https://www.politifact.com/factchecks/2017/may/31/gregg-jarrett/fox-news-hosts-wrong-no-law-forbids-russia-trump-c/
Samantha Bee,"May 10, 2017","""In Florida felonies can be things like buying weed, tampering with an odometer or disturbing a lobster trap. So basically spring break.""",mostly-true,TBS show Full Frontal,Elections; Crime; Florida,Amy Sherman,"May 25, 2017",https://www.politifact.com/factchecks/2017/may/25/samantha-bee/samantha-bee-says-buying-weed-tampering-odometer-o/
Desmond Meade,"May 10, 2017","""You could lose your rights for life over something as simple as driving with a suspended license"" in Florida.",mostly-true,Samantha Bee's Full Frontal show,Elections; Crime; Florida,Amy Sherman,"May 25, 2017",https://www.politifact.com/factchecks/2017/may/25/desmond-meade/driving-suspended-license-can-lead-loss-voting-rig/
Kris Kobach,"May 14, 2017","The Department of Homeland Security’s database of legal immigrants has ""never"" been ""bounced against a state’s voter rolls.""",mostly-false,interview on Fox,Elections; Florida,Amy Sherman,"May 23, 2017",https://www.politifact.com/factchecks/2017/may/23/kris-kobach/trumps-election-commission-chair-kris-kobach-says-/
Chain email,"May 11, 2017","Says there are thousands of registered voters over 110 years old in North Carolina, including one who is 219 years old.",false,chain email,Corrections and Updates; Elections; Fake news; States; North Carolina,Will Doran,"May 18, 2017",https://www.politifact.com/factchecks/2017/may/18/chain-email/no-thousands-dead-people-are-not-registered-vote-n/
DCCC,"May 3, 2017","Says ""Karen Handel’s office budget increased a whopping 42 percent.""",mostly-false,political ad,Georgia; Candidate Biography; Elections,Jon Greenberg,"May 17, 2017",https://www.politifact.com/factchecks/2017/may/17/dccc-lgo/georgia-dem-attack-gops-handel-falls-wide-mark/
Chris Murphy,"May 12, 2017","""Law firm @POTUS used to show he has no ties to Russia was named Russia Law Firm of the Year for their extensive ties to Russia. Unreal.""",mostly-true,Twitter,National; Elections; Taxes,John Kruzel,"May 16, 2017",https://www.politifact.com/factchecks/2017/may/16/chris-murphy/donald-trump-chris-murphy-russian-law-firm-year/
Donald Trump,"May 12, 2017","Says James Clapper ""and virtually everyone else"" said ""there is no collusion"" in the Russia investigation findings.",mostly-false,Twitter,National; Elections; Homeland Security,John Kruzel,"May 12, 2017",https://www.politifact.com/factchecks/2017/may/12/donald-trump/trumps-mostly-false-claim-clapper-said-no-collusio/
Donald Trump,"May 11, 2017","""This Russia thing with Trump and Russia is a made-up story. It's an excuse by the Democrats for having lost an election that they should've won.""",pants-fire,interview with NBC News,National; Elections; Homeland Security,Jon Greenberg,"May 12, 2017",https://www.politifact.com/factchecks/2017/may/12/donald-trump/trump-calls-trump-russia-story-made-/
Michael Untermeyer,"May 10, 2017","""Michael Untermeyer has been a Democrat for more than 40 years.""",half-true,campaign ad.,City Government; Elections; Pennsylvania,Anna Orso,"May 12, 2017",https://www.politifact.com/factchecks/2017/may/12/michael-untermeyer/philly-da-candidate-who-used-be-gop-actually-ive-a/
Mike Crute,"April 19, 2017","Says Bernie Sanders ""is the most popular politician in America today.""",mostly-true,radio show,Elections; Polls and Public Opinion; Wisconsin,Tom Kertscher,"April 27, 2017",https://www.politifact.com/factchecks/2017/apr/27/mike-crute/despite-losing-nomination-hillary-clinton-bernie-s/
Jackie Speier,"April 13, 2017","Says President Donald Trump as a candidate mentioned WikiLeaks ""over 160 times in speeches"" in the last month of the campaign.",mostly-true,interview,National; Elections; Transparency,Gabrielle Healy,"April 21, 2017",https://www.politifact.com/factchecks/2017/apr/21/jackie-speier/did-trump-really-mention-wikileaks-over-160-times-/
Jay Chaudhuri,"April 5, 2017","Says the T.R.U.M.P. Act, which would force presidential candidates to release their tax returns to run in North Carolina, ""has a lot of support – by a majority of North Carolinians and members of both parties.""",mostly-true,interview explaining his bill,Bipartisanship; Candidate Biography; Elections; States; Transparency; North Carolina; Taxes,Will Doran,"April 19, 2017",https://www.politifact.com/factchecks/2017/apr/19/jay-chaudhuri/even-state-trump-won-nc-lawmaker-says-most-people-/
Bernie Sanders,"April 16, 2017","""When Trump won, we had the lowest voter turnout in 20 years.""",false,"interview with CNN's ""State of the Union""",National; Elections,Louis Jacobson,"April 18, 2017",https://www.politifact.com/factchecks/2017/apr/18/bernie-sanders/bernie-sanders-wrong-voter-turnout-hit-20-year-low/
Erin Forrest,"April 2, 2017","""75 percent of the town boards in Wisconsin have no women on them at all.""",true,interview,Elections; Population; Women; Wisconsin,Tom Kertscher,"April 7, 2017",https://www.politifact.com/factchecks/2017/apr/07/erin-forrest/mostly-men-only-three-quarters-town-boards-wiscons/
Sean Spicer,"March 20, 2017","Says Paul Manafort ""played a very limited role"" in the Trump presidential campaign.",false,press briefing,National; Elections,John Kruzel,"March 22, 2017",https://www.politifact.com/factchecks/2017/mar/22/sean-spicer/sean-spicers-false-claim-paul-manafort-played-mino/
Donald Trump,"March 20, 2017","""The NSA and FBI tell Congress that Russia did not influence electoral process.""",false,tweet,National; Elections; Homeland Security,Lauren Carroll,"March 20, 2017",https://www.politifact.com/factchecks/2017/mar/20/donald-trump/trumps-false-tweet-nsa-fbi-said-russia-did-not-inf/
Arnold Schwarzenegger,"February 23, 2017","""The average margin of victory in the House of Representatives was 37%"" for Democrats and Republicans in the 2016 election.",true,tweet,Congress; Elections; Redistricting; California,Chris Nichols,"March 17, 2017",https://www.politifact.com/factchecks/2017/mar/17/arnold-schwarzenegger/true-nothing-inflated-schwarzneggers-claim-average/
Dave Hansen,"March 5, 2017","Wisconsin is ""the most -- if not Number 1, number 2 -- gerrymandered state in the country"" for state legislative boundaries.",mostly-true,interview,Elections; Legal Issues; Population; Redistricting; Wisconsin,Tom Kertscher,"March 17, 2017",https://www.politifact.com/factchecks/2017/mar/17/dave-hansen/attacking-republicans-democratic-state-senator-say/
Mark Pocan,"March 3, 2017","""The son-in-law of the president met with Russian officials at the Trump Tower after having them come in the back door.""",mostly-true,interview,Elections; Ethics; Legal Issues; Foreign Policy; Wisconsin,Tom Kertscher,"March 8, 2017",https://www.politifact.com/factchecks/2017/mar/08/mark-pocan/russian-officials-went-back-door-trump-tower-meet-/
Thomas Perez,"February 22, 2017","""If you're in Texas, you have got to drive 120 miles to get an ID.""",half-true,CNN-sponsored debate,National; Corrections and Updates; Elections; Legal Issues,Louis Jacobson,"February 24, 2017",https://www.politifact.com/factchecks/2017/feb/24/thomas-perez/texas-drive-120-miles-voter-id/
David A. Clarke Jr.,"February 17, 2017","Says Michelle Obama ""said she was never proud of her country til they elected her husband POTUS.""",false,tweet,Elections; Patriotism; Wisconsin,Tom Kertscher,"February 23, 2017",https://www.politifact.com/factchecks/2017/feb/23/david-clarke-jr/david-clarke-says-michelle-obama-said-she-was-prou/
Stephen Miller,"February 12, 2017","""This issue of busing voters in to New Hampshire is widely known by anyone who’s worked in New Hampshire politics. It’s very real, it’s very serious.""",pants-fire,"interview on ABC's ""This Week""",National; Elections,Katie Sanders,"February 12, 2017",https://www.politifact.com/factchecks/2017/feb/12/stephen-miller/white-house-senior-adviser-repeats-baseless-claim-/
Sean Spicer,"January 24, 2017","""There's one (study) that came out of Pew in 2008 that showed 14 percent of people who voted were noncitizens.""",false,daily press briefing,Immigration; National; Elections,Lauren Carroll,"January 25, 2017",https://www.politifact.com/factchecks/2017/jan/25/sean-spicer/sean-spicer-wrongly-uses-pew-study-bolster-claim-n/
Reince Priebus,"January 8, 2017","Says Hillary Clinton campaign chairman John Podesta’s email password was ""password.""",false,interview,Elections; Crime; Foreign Policy; Technology; Wisconsin,Tom Kertscher,"January 11, 2017",https://www.politifact.com/factchecks/2017/jan/11/reince-priebus/russian-hacking-case-did-hillary-clintons-campaign/
Bloggers,"January 4, 2017",Says Donald Trump warned outgoing Ghana President against last-minute job appointments.,pants-fire,blog post,Global News Service; Elections; Fake news; Foreign Policy,Jon Greenberg,"January 10, 2017",https://www.politifact.com/factchecks/2017/jan/10/blog-posting/no-trump-never-called-departing-ghanaian-president/
Donald Trump,"January 6, 2017","Activities by foreign governments had ""absolutely no effect on the outcome of this election.""",mostly-false,statement released by the transition office,National; Elections; Homeland Security; Foreign Policy,Louis Jacobson,"January 8, 2017",https://www.politifact.com/factchecks/2017/jan/08/donald-trump/donald-trumps-dubious-claim-foreign-governments-ha/
Nicholas Langworthy,"December 14, 2016","""Donald Trump performed better than any presidential nominee since Gerald Ford.""",false,WBFO article,Elections; New York,Dan Clark,"January 6, 2017",https://www.politifact.com/factchecks/2017/jan/06/nicholas-langworthy/trump-performed-best-erie-county-reagan/
Aaron DeGroot,"December 2, 2016","Says Kate Cloonen ""needs that extra $68,000"" lawmaker salary on top of the ""$8.5 million in state contracts for her construction company.""",half-true,tweet,Corporations; Elections; Illinois,Marc Filippino,"January 6, 2017",https://www.politifact.com/factchecks/2017/jan/06/aaron-degroot/illinois-gop-press-secretary-makes-8-million-twitt/
Today News 24,"December 16, 2016","""Pennsylvania Federal Court grants legal authority to remove Trump after Russian Meddling.""",pants-fire,an article,Elections; Pennsylvania,Mark Dent,"December 23, 2016",https://www.politifact.com/factchecks/2016/dec/23/today-news-24/pennsylvania-judge-didnt-overturn-donald-trumps-pr/
USA Snich,"December 11, 2016","""Putin Interference Could Give Courts Legal Right to Make Hillary President.""",false,web post,Elections; Fake news; Legal Issues; PunditFact,Louis Jacobson,"December 21, 2016",https://www.politifact.com/factchecks/2016/dec/21/usa-snich/website-hypes-long-shot-theory-about-courts-replac/
John Podesta,"December 18, 2016","""On Oct. 7, the Access Hollywood tape comes out. One hour later, WikiLeaks starts dropping my emails.""",true,"interview on ""Meet the Press""",National; Corrections and Updates; Elections,Aaron Sharockman,"December 18, 2016",https://www.politifact.com/factchecks/2016/dec/18/john-podesta/its-true-wikileaks-dumped-podesta-emails-hour-afte/
Donald Trump,"December 15, 2016","""If Russia, or some other entity, was hacking, why did the White House wait so long to act? Why did they only complain after Hillary lost?""",pants-fire,tweet,National; Elections; Homeland Security,Miriam Valverde,"December 15, 2016",https://www.politifact.com/factchecks/2016/dec/15/donald-trump/pants-fire-trump-tweet-about-russian-hacking-probe/
Antonio  Villaraigosa,"December 8, 2016","""California is once again the sixth-largest economy in the world. If you add the GDP’s of Washington and Oregon, California would surpass the United Kingdom to become the fifth-largest economy in the world.""",mostly-true,op-ed,Economy; Elections; The 2018 California Governor's Race; California,Chris Nichols,"December 15, 2016",https://www.politifact.com/factchecks/2016/dec/15/antonio-villaraigosa/villaraigosa-claims-california-oregon-washington-p/
Donald Trump,"December 11, 2016","""We had a massive landslide victory, as you know, in the Electoral College.""",false,"interview on ""Fox News Sunday""",National; Elections,Louis Jacobson,"December 12, 2016",https://www.politifact.com/factchecks/2016/dec/12/donald-trump/donald-trumps-electoral-college-victory-was-not-ma/
Reince Priebus,"December 11, 2016","""There's been no conclusive or specific report to say"" Russia was trying to muddy the election.",false,"comments on ""Meet the Press""",National; Elections; Foreign Policy,Jon Greenberg,"December 11, 2016",https://www.politifact.com/factchecks/2016/dec/11/reince-priebus/priebus-falsely-claims-no-conclusive-report-whethe/
Sean Duffy,"December 1, 2016","Wisconsin has only one county, Dane, ""that's hand counting the votes"" in the 2016 presidential recount.",pants-fire,interview,County Government; Elections; Wisconsin,Tom Kertscher,"December 9, 2016",https://www.politifact.com/factchecks/2016/dec/09/sean-duffy/wisconsin-presidential-election-recount-only-dane-/
Sheri Gallo,"November 29, 2016","Alison Alter ""has exploited a campaign finance loophole to obtain over $64,000 in public dollars to fund her campaign.""",half-true,mailer spotted by an Austin voter,City Budget; City Government; Elections; Ethics; Texas,Nolan Hicks,"December 8, 2016",https://www.politifact.com/factchecks/2016/dec/08/sheri-gallo/sheri-gallo-says-alison-alter-landed-64000-runoff-/
X posts,"December 6, 2016","In Wisconsin, ""300,000 voters were turned away by the state’s strict voter ID law"" in the 2016 presidential election.",false,tweets,Civil Rights; Elections; Legal Issues; States; Wisconsin,Tom Kertscher,"December 7, 2016",https://www.politifact.com/factchecks/2016/dec/07/tweets/were-300000-wisconsin-voters-turned-away-polls-201/
Mike Pence,"December 4, 2016","Says Donald Trump ""won more counties than any candidate on our side since Ronald Reagan.""",mostly-true,"interview on NBC's ""Meet the Press""",National; Elections,Louis Jacobson,"December 4, 2016",https://www.politifact.com/factchecks/2016/dec/04/mike-pence/mike-pence-says-donald-trump-won-most-counties-rep/
Jill Stein,"November 26, 2016","""Wisconsin uses voting machines that are outlawed, they are illegal.""",pants-fire,video,Elections; Legal Issues; Technology; Wisconsin,Tom Kertscher,"November 29, 2016",https://www.politifact.com/factchecks/2016/nov/29/jill-stein/seeking-recount-donald-trump-win-jill-stein-says-w/
Donald Trump,"November 27, 2016","There was ""serious voter fraud"" in Virginia.",pants-fire,tweet.,Elections; Virginia,Sean Gorman,"November 29, 2016",https://www.politifact.com/factchecks/2016/nov/29/donald-trump/trumps-pants-fire-serious-voter-fraud-claim-virgin/
Donald Trump,"November 27, 2016","There was ""serious voter fraud"" in New Hampshire.",pants-fire,tweet,New Hampshire; Elections; Government Regulation; Voting Record,Ella  Nilsen,"November 28, 2016",https://www.politifact.com/factchecks/2016/nov/28/donald-trump/trump-claims-serious-voter-fraud-new-hampshire/
Donald Trump,"November 27, 2016","There was ""serious voter fraud"" in California.",pants-fire,tweet,Elections; California,Chris Nichols,"November 28, 2016",https://www.politifact.com/factchecks/2016/nov/28/donald-trump/pants-fire-trumps-claim-about-california-voter-fra/
Donald Trump,"November 27, 2016","Says he ""won the popular vote if you deduct the millions of people who voted illegally.""",pants-fire,tweet,Immigration; National; Elections,Louis Jacobson,"November 28, 2016",https://www.politifact.com/factchecks/2016/nov/28/donald-trump/donald-trumps-pants-fire-claim-millions-illegal-vo/
Bloggers,"November 9, 2016","Harambe received 15,000 votes in the presidential election.",pants-fire,articles on the Internet and social media posts,Elections; Fake news; PunditFact,Allison Graves,"November 22, 2016",https://www.politifact.com/factchecks/2016/nov/22/blog-posting/no-15000-people-did-not-vote-harambe/
Reince Priebus,"November 14, 2016","Says Donald Trump's presidential victory was ""an electoral landslide.""",false,interview,Elections; History; States; Wisconsin,Tom Kertscher,"November 21, 2016",https://www.politifact.com/factchecks/2016/nov/21/reince-priebus/despite-losing-popular-vote-donald-trump-won-elect/
Bloggers,"November 14, 2016","""Report: 3 million votes in presidential election cast by illegal aliens.""",false,article on InfoWars,Immigration; Elections; PunditFact,Allison Graves,"November 18, 2016",https://www.politifact.com/factchecks/2016/nov/18/blog-posting/no-3-million-undocumented-immigrants-did-not-vote-/
Howard Dean,"November 15, 2016","Says Scott Walker left college ""under an ethical cloud for having tried to fix"" the election for student body president.",false,interview,Candidate Biography; Education; Elections; Ethics; Wisconsin,Tom Kertscher,"November 18, 2016",https://www.politifact.com/factchecks/2016/nov/18/howard-dean/one-ex-presidential-candidates-attack-another-scot/
Sid Miller,"November 10, 2016","Texas A&M University - Commerce ""offers counseling, safe spaces for students who are afraid of President-elect Trump.""",half-true,Facebook post,Education; Elections; Texas,Dylan Baddour,"November 17, 2016",https://www.politifact.com/factchecks/2016/nov/17/sid-miller/sid-miller-says-texas-university-trump-safe-spaces/
Gavin Newsom,"November 9, 2016","California has seen a ""56 percent decline in the gun murder rate"" since the 1990s.",mostly-true,press conference.,Elections; Crime; The 2018 California Governor's Race; California; Guns,Chris Nichols,"November 16, 2016",https://www.politifact.com/factchecks/2016/nov/16/gavin-newsom/gavin-newsom-understates-californias-rapid-drop-gu/
AmericanPoliticNews,"November 15, 2016",Says Denzel Washington supports Donald Trump and speaks out against Barack Obama.,pants-fire,Internet sites,Elections; Fake news; PunditFact,Allison Graves,"November 16, 2016",https://www.politifact.com/factchecks/2016/nov/16/americanpoliticnews/fake-story-says-denzel-washington-supports-donald-/
Various media reports 2,"November 10, 2016",Newt Gingrich has been a proponent of selecting a president by popular vote instead of the Electoral College.,true,news media reports,Georgia; Elections,Ariella Phillips,"November 16, 2016",https://www.politifact.com/factchecks/2016/nov/16/various-media-reports/newt-gingrich-has-said-he-favors-using-popular-vot/
Donald Trump,"November 13, 2016","""The @nytimes sent a letter to their subscribers apologizing for their BAD coverage of me.""",false,tweet,National; Elections,Lauren Carroll,"November 15, 2016",https://www.politifact.com/factchecks/2016/nov/15/donald-trump/donald-trump-says-new-york-times-apologized-bad-co/
Bloggers,"November 12, 2016","""Final election 2016 numbers: Trump won"" the popular vote.",pants-fire,web posts,National; Elections,Louis Jacobson,"November 14, 2016",https://www.politifact.com/factchecks/2016/nov/14/blog-posting/no-donald-trump-not-beating-hillary-clinton-popula/
Louis Marinelli,"September 26, 2016","""Two years ago, the longest serving leader of the California republic, Jerry Brown, boldly declared in China that California is a separate nation.""",pants-fire,speech,Elections; California,Chris Nichols,"November 11, 2016",https://www.politifact.com/factchecks/2016/nov/11/louis-marinelli/calexit-group-distorts-jerry-browns-separate-natio/
Lamar Smith,"November 9, 2016","""I was the first member of Congress to contribute to Donald Trump.""",true,web post and email blast,Campaign Finance; Candidate Biography; Elections; Texas,W. Gardner Selby,"November 11, 2016",https://www.politifact.com/factchecks/2016/nov/11/lamar-smith/lamar-smith-first-member-Congress-donate-Trump-Don/
Donald Trump,"November 7, 2016","""Beyonce and Jay Z, I like them, I like them ... I get bigger crowds than they do. It's true. I get far bigger crowds.""",false,speech,National; Elections; Pop Culture,Linda Qiu,"November 7, 2016",https://www.politifact.com/factchecks/2016/nov/07/donald-trump/closing-argument-donald-trump-wrongly-says-he-outd/
Barack Obama,"November 2, 2016","The list of voters that North Carolina Republicans ""tried to purge was two-thirds black and Democratic.""",half-true,rally,National; Elections,Lauren Carroll,"November 7, 2016",https://www.politifact.com/factchecks/2016/nov/07/barack-obama/obama-says-republicans-tried-purge-black-democrats/
Newt Gingrich,"November 6, 2016","""There’s a section in the Constitution called the Emoluments Clause that says no one, nor their spouses, can take money from foreigners. (Hillary Clinton) has to be guilty of 70 or 100 counts just on that one charge.""",mostly-false,"comments on ""Meet the Press""",Criminal Justice; Elections; Foreign Policy; PunditFact,Tyler  Adkisson,"November 6, 2016",https://www.politifact.com/factchecks/2016/nov/06/newt-gingrich/gingrich-hillary-clinton-broke-law-foreign-clinton/
Donald Trump,"November 4, 2016","Says that at a campaign rally President Barack Obama ""spent so much time screaming at a protester, and frankly it was a disgrace.""",pants-fire,rally,National; Elections,Allison Graves,"November 6, 2016",https://www.politifact.com/factchecks/2016/nov/06/donald-trump/donald-trumps-pants-fire-claim-obama-screamed-prot/
Chris Sununu,"October 31, 2016","""The Democrats are very sly. … (in New Hampshire) we have same day voter registration, and to be honest, when Massachusetts elections are not very close, they’re busing them in all over the place.""",pants-fire,radio interview,New Hampshire; Elections; States,Ella  Nilsen,"November 5, 2016",https://www.politifact.com/factchecks/2016/nov/05/chris-sununu/republican-candidate-governor-chris-sununu-says-ma/
Donald Trump,"November 3, 2016","""I have tremendous support from women.""",false,speech,National; Elections; Women,Jon Greenberg,"November 4, 2016",https://www.politifact.com/factchecks/2016/nov/04/donald-trump/trump-wrongly-claims-tremendous-support-women/
Donald Trump,"November 2, 2016","The media ""never show crowds.""",false,rally,National; Elections,Allison Graves,"November 3, 2016",https://www.politifact.com/factchecks/2016/nov/03/donald-trump/trump-says-media-doesnt-show-his-crowds-rallies-he/
Russ  Feingold,"October 27, 2016","Says Ron Johnson ""is benefiting from several super PACs, I am not.""",false,meeting with the Milwaukee Journal Sentinel editorial board.,Campaign Finance; Elections; Wisconsin,Cara Lombardo,"November 3, 2016",https://www.politifact.com/factchecks/2016/nov/03/russ-feingold/russ-feingold-falsely-claims-only-his-opponent-ben/
Donald Trump,"November 1, 2016","""Wisconsin is one of several states where you can change your early ballot if you think you've made a mistake.""",true,speech,City Government; Elections; States; Wisconsin,Tom Kertscher,"November 2, 2016",https://www.politifact.com/factchecks/2016/nov/02/donald-trump/donald-trump-right-some-states-you-can-cast-early-/
Donald Trump,"October 30, 2016","""Twitter, Google and Facebook are burying the FBI criminal investigation of Clinton. Very dishonest media!""",false,Tweet,National; Elections; Technology,Lauren Carroll,"November 2, 2016",https://www.politifact.com/factchecks/2016/nov/02/donald-trump/trump-says-twitter-google-facebook-buried-clinton-/
Bloggers,"September 30, 2016","""Tens of thousands of fraudulent Clinton votes found in Ohio warehouse.""",pants-fire,online article,Ohio; Elections; Fake news,Nadia Pflaum,"November 1, 2016",https://www.politifact.com/factchecks/2016/nov/01/blog-posting/bogus-ballot-stuffing-story-irks-ohio-secretary-st/
Austin Board of Realtors PAC,"October 29, 2016",Says Gerald Daugherty is endorsed by the Austin American-Statesman.,false,mailer spotted by an Austin voter,County Government; Elections; Texas,W. Gardner Selby,"November 1, 2016",https://www.politifact.com/factchecks/2016/nov/01/austin-board-realtors-pac/austin-realtors-group-incorrect-saying-gerald-daug/
Sean Duffy,"October 27, 2016","""One of George Soros' companies has provided some of the (voting) machines"" for some states.",pants-fire,interview on CNN,National; Elections,Jon Greenberg,"October 31, 2016",https://www.politifact.com/factchecks/2016/oct/31/sean-duffy/wisconsin-congressman-fuels-soros-voting-machine-r/
Hillary Clinton,"October 29, 2016","""Donald Trump's strategy is pretty simple. They have even said in his campaign it's to get women to stay home, get young people to stay home, get people of color to stay home, and get a lot smart, intelligent men to stay home, too.""",half-true,rally,Elections; Florida,Allison Graves,"October 31, 2016",https://www.politifact.com/factchecks/2016/oct/31/hillary-clinton/clinton-exaggerates-trumps-campaign-strategy/
Roger Stone,"October 26, 2016","Says Hillary Clinton ""shows up in Broward County"" and had a private meeting with elections supervisor Brenda Snipes.",pants-fire,interview on Alex Jones' radio show,Elections; Florida,Amy Sherman,"October 31, 2016",https://www.politifact.com/factchecks/2016/oct/31/roger-stone/no-roger-stone-hillary-clinton-did-not-meet-browar/
Brian Kemp,"October 19, 2016","The ""left"" is blatantly attempting to disrupt Georgia’s elections.",false,tweet,Georgia; Elections,Ariella Phillips,"October 29, 2016",https://www.politifact.com/factchecks/2016/oct/29/brian-kemp/ga-election-official-base-election-interference/
Sensible Transportation Solutions for Austin PAC,"October 23, 2016","Says Austin Mayor Steve Adler’s transportation plans linked to Proposition 1 on the ballot remove ""27+ miles of traffic lanes around the city,"" replacing ""them with lanes dedicated to usage by bicycles"" and buses.",mostly-false,ad,City Budget; City Government; Corrections and Updates; Elections; Transportation; Texas,W. Gardner Selby,"October 28, 2016",https://www.politifact.com/factchecks/2016/oct/28/sensible-transportation-solutions-austin-pac/pac-austin-plans-cut-27-plus-car-travel-lanes-make/
DCCC,"October 4, 2016","""When Trump wanted to turn a taxpayer-owned building into an $800 a night hotel, (Congressman Jeff Denham, R-CA) helped broker the deal and bragged about it.""",false,a campaign TV advertisement,Elections; California,Chris Nichols,"October 28, 2016",https://www.politifact.com/factchecks/2016/oct/28/dccc-lgo/dccc-makes-false-claim-about-denhams-role-trump-ho/
Our Democracy 2020,"October 26, 2016","Says an election clerk in Green Bay refused to allow early voting on the UW-Green Bay campus because she ""was afraid it would help Democrats,"" showing ""outrageous partisan bias.""",half-true,news release,Bipartisanship; City Government; Education; Elections; Wisconsin,Tom Kertscher,"October 28, 2016",https://www.politifact.com/factchecks/2016/oct/28/our-democracy-2020/did-wisconsin-election-clerk-block-early-voting-be/
Barney Frank,"September 28, 2016","""Paul Ryan’s already spent millions to try and permanently derail Brad (Schneider)’s progressive, energized campaign.""",half-true,fundraising email supporting Illinois' 10th House District Democratic nominee Brad Schneider,Campaign Finance; Elections; Illinois,Marc Filippino,"October 27, 2016",https://www.politifact.com/factchecks/2016/oct/27/barney-frank/Barney-Frank-claim-against-Paul-Ryan-teeters/
Donald Trump,"October 25, 2016","""The man who was in charge of the investigation of Hillary Clinton accepted essentially from Hillary Clinton $675,000 that went to his wife.""",mostly-false,speech,National; Criminal Justice; Elections; Ethics; History; Legal Issues; Technology; Transparency,C. Eugene Emery Jr.,"October 26, 2016",https://www.politifact.com/factchecks/2016/oct/26/donald-trump/facts-dispute-donald-trumps-claim-donation-fbi-spo/
John Rafferty,"October 16, 2016","""Recently though, the media has reported on thousands of illegal voters here in the commonwealth.""",pants-fire,debate.,Elections; Pennsylvania,Anna Orso,"October 26, 2016",https://www.politifact.com/factchecks/2016/oct/26/john-rafferty/gop-attorney-general-candidate-cant-back-claim-wid/
Hillary Clinton,"October 24, 2016","Says Donald Trump is ""the first person running for president, Republican or Democrat, who refused to say that he would respect the results of this election.""",mostly-true,rally,National; Elections; History,Lauren Carroll,"October 25, 2016",https://www.politifact.com/factchecks/2016/oct/25/hillary-clinton/trump-first-ever-candidate-not-say-hell-accept-ele/
No on 56 campaign,"October 7, 2016","California’s proposed tobacco tax ""diverts 82 percent of the new taxes to line the pockets of wealthy special interests like insurance companies who don't have to help even one more patient.""",mostly-false,campaign TV ad.,Elections; Public Health; Taxes; California,Chris Nichols,"October 25, 2016",https://www.politifact.com/factchecks/2016/oct/25/no-56-campaign/tobacco-industry-misleads-prop-56-doctor-advertise/
Donald Trump,"October 22, 2016","""14 percent of noncitizens are registered to vote.""",false,rally,National; Elections,Allison Graves,"October 24, 2016",https://www.politifact.com/factchecks/2016/oct/24/donald-trump/donald-trump-wrongly-says-14-percent-noncitizens-a/
Hillary Clinton,"October 20, 2016","In 1928 ""school boards sent home letters with children saying that if Al Smith is elected president, you will not be allowed to have or read a Bible.""",half-true,speech at the Alfred E. Smith Memorial Dinner,National; Elections; History; Religion,Jon Greenberg,"October 24, 2016",https://www.politifact.com/factchecks/2016/oct/24/hillary-clinton/clinton-school-boards-anti-catholic-scare-tactics-/
Hillary Clinton,"October 19, 2016","""There was even a time when (Donald Trump) didn't get an Emmy for his TV program three years in a row and he started tweeting that the Emmys were rigged.""",half-true,third 2016 presidential debate,National; Candidate Biography; Elections; Pop Culture,C. Eugene Emery Jr.,"October 20, 2016",https://www.politifact.com/factchecks/2016/oct/20/hillary-clinton/hillary-clinton-says-donald-trump-claims-emmys-wer/
Hillary Clinton,"October 19, 2016","""We have 17 intelligence agencies, civilian and military, who have all concluded that these espionage attacks, these cyberattacks, come from the highest levels of the Kremlin, and they are designed to influence our election.""",true,third 2016 presidential debate,National; Elections; History; Homeland Security; Foreign Policy,Lauren Carroll,"October 20, 2016",https://www.politifact.com/factchecks/2016/oct/20/hillary-clinton/hillary-clinton-blames-russia-putin-wikileaks-rele/
Donald Trump,"October 17, 2016","""It’s possible that non-citizen voters were responsible for Obama’s 2008 victory in North Carolina.""",pants-fire,speech,Immigration; Elections; Crime; States; North Carolina,Will Doran,"October 19, 2016",https://www.politifact.com/factchecks/2016/oct/19/donald-trump/trump-wrongfully-says-immigrants-voting-illegally-/
Ami Bera,"October 18, 2016","Says the U.S. Attorney’s Office said ""that neither I nor my campaign had any idea what was going on"" regarding my father's illegal campaign contributions. ""And that’s why they closed this case.""",mostly-true,U.S. Congressional campaign debate,Elections; Legal Issues; California,Chris Nichols,"October 19, 2016",https://www.politifact.com/factchecks/2016/oct/19/ami-bera/ami-beras-mostly-true-claim-feds-cleared-me-electi/
Donald Trump,"October 17, 2016","""Of course, there is large scale voter fraud happening on and before election day.""",pants-fire,tweet,National; Corrections and Updates; Elections,Linda Qiu,"October 17, 2016",https://www.politifact.com/factchecks/2016/oct/17/donald-trump/donald-trumps-pants-fire-claim-large-scale-voter-f/
Bruce Elfant,"October 10, 2016",Says over 90 percent of Travis County’s eligible residents have registered to vote.,true,press conference,Elections; Texas,W. Gardner Selby,"October 14, 2016",https://www.politifact.com/factchecks/2016/oct/14/bruce-elfant/bruce-elfant-says-90-plus-percent-eligible-travis-/
Donald Trump,"October 11, 2016","Says he won the second debate with Hillary Clinton ""in a landslide"" in ""every poll.""",pants-fire,tweet,Debates; Elections; Polls and Public Opinion; Wisconsin,Tom Kertscher,"October 12, 2016",https://www.politifact.com/factchecks/2016/oct/12/donald-trump/donald-trumps-ridiculous-claim-all-polls-show-he-w/
Hillary Clinton,"October 10, 2016","Says Paul Ryan ""is still endorsing Trump.""",true,tweet,Candidate Biography; Elections; Negative Campaigning; Wisconsin,Tom Kertscher,"October 11, 2016",https://www.politifact.com/factchecks/2016/oct/11/hillary-clinton/after-donald-trumps-campaign-missteps-does-paul-ry/
Kamala Harris,"October 5, 2016","Says Congresswoman Loretta Sanchez ""has passed one bill in her 20 years in Congress, and that was to rename a post office.""",half-true,U.S. Senate campaign debate.,Elections; California,Chris Nichols,"October 6, 2016",https://www.politifact.com/factchecks/2016/oct/06/kamala-harris/claim-loretta-sanchez-passed-one-bill-20-years-tec/
Hillary Clinton,"September 12, 2016","""You've got a medical report on me that meets the same standard as Mitt Romney and Barack Obama.""",mostly-true,interview on CNN,National; Candidate Biography; Disability; Elections; History; Transparency; Privacy Issues,C. Eugene Emery Jr.,"September 14, 2016",https://www.politifact.com/factchecks/2016/sep/14/hillary-clinton/comparing-medical-histories-clinton-trump-romney-o/
SEIU Healthcare Illinois & Indiana,"August 25, 2016","""In an interview with the Chicago Tribune's Editorial Board, Comptroller Leslie Munger says that in order to balance a budget, the state would have to 'cut social services completely.'""",false,YouTube video,Elections; State Budget; Illinois,Kevin Hoffman,"September 8, 2016",https://www.politifact.com/factchecks/2016/sep/08/seiu-healthcare-illinois-indiana/healthcare-union-twists-leslie-munger-comments/
Rob Gleason,"August 29, 2016","""As the election tracker FiveThirtyEight has reported, whoever wins Pennsylvania will be our next President.""",mostly-false,fundraising email,Elections; States; Pennsylvania,Kaylee Tornay,"September 2, 2016",https://www.politifact.com/factchecks/2016/sep/02/rob-gleason/does-pennsylvania-really-have-power-decide-preside/
Jimmy Carter,"August 22, 2016","Both the Democratic and Republican candidates for president in 2016 are ""quite unpopular.""",true,interview with an AP reporter,Georgia; Elections,Jim Tharpe,"August 31, 2016",https://www.politifact.com/factchecks/2016/aug/31/jimmy-carter/carter-correct-popularity-clinton-and-trump/
Gary Johnson,"August 22, 2016","""None of the polls being conducted right now have us on the top line. None of them. It's always Trump and Clinton and then second question, third question. ... If we were included in the top line, as Johnson/Trump/Clinton, we'd be at 20 percent.""",false,media appearances,National; Elections; Polls and Public Opinion,Adam Thorp,"August 29, 2016",https://www.politifact.com/factchecks/2016/aug/29/gary-johnson/johnson-questions-pollsters-he-tries-join-clinton-/
Donald Trump,"August 1, 2016","Says the U.S. election system is ""rigged.""",pants-fire,multiple speeches and interviews,National; Elections,Linda Qiu,"August 15, 2016",https://www.politifact.com/factchecks/2016/aug/15/donald-trump/donald-trumps-baseless-claims-about-election-being/
Yes On 62 campaign to abolish California's death penalty,"August 1, 2016","""California is home to the largest death row population in the Western Hemisphere.""",true,twitter image,Death Penalty; Elections; California,Chris Nichols,"August 12, 2016",https://www.politifact.com/factchecks/2016/aug/12/yes-62-death-penalty-repeal/does-california-have-largest-death-row-western-hem/
Michael  Madigan,"August 1, 2016","""Bruce Rauner is of record that he will fully support the Trump candidacy. It's documented. It’s available.""",mostly-true,"Interview with WSIU and WBBM, published Aug. 1.",Elections; Illinois,Marc Filippino,"August 10, 2016",https://www.politifact.com/factchecks/2016/aug/10/michael-madigan/Madigan-highlights-Rauners-support-Trump-camp/
Common Cause,"July 19, 2016","""Half of all NC legislative candidates are unopposed because of gerrymandering.""",mostly-true,online video ad,Elections; Legal Issues; Redistricting; States; North Carolina,Will Doran,"August 9, 2016",https://www.politifact.com/factchecks/2016/aug/09/common-cause/common-cause-video-says-half-all-nc-legislative-ra/
Cecile Richards,"July 26, 2016","Barack Obama ""ended up getting re-elected by the largest gender gap in the history of American elections.""",half-true,remarks to the Texas delegation at the Democratic National Convention as webcast by the Texas Tribun,Elections; Polls and Public Opinion; Texas,W. Gardner Selby,"July 29, 2016",https://www.politifact.com/factchecks/2016/jul/29/cecile-richards/cecile-richards-makes-half-true-claim-about-barack/
Sherrod Brown,"July 27, 2016","""The Koch network (is) spending more money (in a Senate race) in Ohio than anywhere else in the country.""",true,fundraising email,Ohio; Campaign Finance; Elections,Nadia Pflaum,"July 28, 2016",https://www.politifact.com/factchecks/2016/jul/28/sherrod-brown/are-koch-backed-groups-spending-most-ohio-senate-r/
Donald Trump,"July 24, 2016","""An analysis showed that Bernie Sanders would have won the Democratic nomination if it were not for the Super Delegates.""",false,tweet,National; Elections,Linda Qiu,"July 25, 2016",https://www.politifact.com/factchecks/2016/jul/25/donald-trump/no-donald-trump-bernie-sanders-wouldnt-have-won-ev/
Donald Trump Jr.,"July 24, 2016","Unemployment numbers ""are artificial numbers. These are numbers that are massaged to make the existing economy look good, to make this administration look good when, in fact, it's a total disaster.""",pants-fire,interview on CNN,National; Economy; Elections; History; Jobs; Labor; Workers,C. Eugene Emery Jr.,"July 25, 2016",https://www.politifact.com/factchecks/2016/jul/25/donald-trump-jr/donald-trump-jr-says-unemployment-rates-are-manipu/
Tom Marino,"July 18, 2016","""[Hillary Clinton]'s not trusted -- virtually at all.""",mostly-false,speech to the PA delegation at the RNC.,Elections; Pennsylvania,Anna Orso,"July 20, 2016",https://www.politifact.com/factchecks/2016/jul/20/tom-marino/pa-congressmans-claim-hillary-clinton-trusted-virt/
Donald Trump,"July 18, 2016","Says as GOP was picking a convention city, ""I recommended Ohio.""",false,interview on Fox News with Bill O'Reilly,National; Elections,Jon Greenberg,"July 19, 2016",https://www.politifact.com/factchecks/2016/jul/19/donald-trump/trump-says-without-proof-he-recommended-ohio-gop-c/
Reince Priebus,"July 17, 2016","Says no one from the Bush family attended the 2012 Republican National Convention and ""there was no President Bush"" at the 2008 convention.",false,"interview on ""Meet the Press""",National; Elections,Allison Graves,"July 17, 2016",https://www.politifact.com/factchecks/2016/jul/17/reince-priebus/priebus-wrongly-says-no-bush-attended-2012-rnc/
Firearms  Policy Coalition,"June 16, 2016","California’s Proposition 63 would ""CRIMINALIZE the sharing of ammunition between friends who may be hunting or shooting together.""",mostly-false,email blast.,Elections; California; Guns,Chris Nichols,"July 12, 2016",https://www.politifact.com/factchecks/2016/jul/12/firearms-policy-coalition/will-ca-gun-control-measure-criminalize-sharing-bu/
Donald Trump,"July 5, 2016","""We got the highest vote count in the history of the Republican Party.""",mostly-true,speech,Candidate Biography; Elections; History; Polls and Public Opinion; North Carolina,Will Doran,"July 8, 2016",https://www.politifact.com/factchecks/2016/jul/08/donald-trump/donald-trump-set-record-most-gop-primary-votes-eve/
Donald Trump,"July 5, 2016","""Taxpayers are paying a fortune for the use of Air Force One on the campaign trail"" by President Barack Obama and Hillary Clinton.",mostly-true,tweet,National; Campaign Finance; Elections; History; Government Regulation; Transparency; Taxes,C. Eugene Emery Jr.,"July 7, 2016",https://www.politifact.com/factchecks/2016/jul/07/donald-trump/donald-trump-isnt-winging-it-complaint-about-air-f/
Michael Caputo,"June 22, 2016","Says Donald Trump ""spent the least amount of money of any of the competitive primary contenders that he beat so badly.""",mostly-true,"interview on Capital Tonight, Time Warner Cable News.",Campaign Finance; Elections; New York,Dan Clark,"July 1, 2016",https://www.politifact.com/factchecks/2016/jul/01/michael-caputo/trump-was-outspent-his-closest-primary-opponents/
Bryce Reeves,"June 17, 2016","Gov. Terry McAuliffe ""has made several statements that he would love to be in a Cabinet secretary position with the Clinton administration.""",false,radio interview.,Elections; Virginia,Warren Fiske,"June 27, 2016",https://www.politifact.com/factchecks/2016/jun/27/bryce-reeves/bryce-reeves-falsely-says-terry-mcauliffe-has-voic/
Steve Chabot,"June 8, 2016","Says the Clinton Foundation ""accepted millions and millions of dollars from governments like Algeria, Saudi Arabia, Oman and the United Arab Emirates,"" which violated ""a ban on all contributions to the Foundation from foreign nations.""",mostly-false,his campaign blog,Ohio; Candidate Biography; Elections,Nadia Pflaum,"June 20, 2016",https://www.politifact.com/factchecks/2016/jun/20/steve-chabot/ohios-steve-chabot-compares-trump-u-clinton-founda/
Barack Obama,"March 11, 2016","""We’re the only advanced democracy in the world that makes it harder for people to vote.""",half-true,keynoting South by Southwest Interactive,Elections; States; Texas,W. Gardner Selby,"June 20, 2016",https://www.politifact.com/factchecks/2016/jun/20/barack-obama/barack-obama-austin-says-us-only-advanced-democrac/
Donald Trump,"June 19, 2016","Says delegates can't ""legally"" change the Republican National Convention rules to prevent Donald Trump’s nomination.",mostly-false,"interview on ""Meet the Press""",National; Corrections and Updates; Elections; Legal Issues,Linda Qiu,"June 19, 2016",https://www.politifact.com/factchecks/2016/jun/19/donald-trump/donald-trump-said-its-illegal-delegates-change-rul/
Joaquin Castro,"June 6, 2016","""@realDonaldTrump is coming to San Antonio, which is 60% Mexican-AMERICAN.""",mostly-true,tweet,Immigration; Civil Rights; Elections; Texas,Filipa Ioannou,"June 17, 2016",https://www.politifact.com/factchecks/2016/jun/17/joaquin-castro/joaquin-castro-trump-san-antonio-60-percent-mexica/
Safety For All Initiative,"June 13, 2016","""More than 32,000 Americans lose their lives to gun violence each year.""",mostly-true,campaign website,Elections; Government Regulation; California; Guns,Chris Nichols,"June 14, 2016",https://www.politifact.com/factchecks/2016/jun/14/safety-all-initiative/mostly-true-california-initiatives-claim-guns-kill/
Bloggers,"June 7, 2016","Says Bernie Sanders ""wins California landslide, But ⅔ of his votes aren’t counted.""",pants-fire,headline,Elections; California,Chris Nichols,"June 10, 2016",https://www.politifact.com/factchecks/2016/jun/10/blog-posting/pants-fire-viral-rumor-bernie-sanders-won-californ/
Georgians for Bernie Sanders for President,"May 23, 2016",Polls show Bernie Sanders would do better than Hillary Clinton in a head-to-head battle against Donald Trump.,mostly-true,Facebook post.,Georgia; Elections,Jim Tharpe,"June 8, 2016",https://www.politifact.com/factchecks/2016/jun/08/georgians-bernie-sanders-president/pro-sanders-group-target-about-their-candidates-po/
Donald Trump,"June 1, 2016","We’ve broken ""by millions"" the all-time record for votes in a GOP presidential primary election.",false,campaign speech,Elections; California,Chris Nichols,"June 2, 2016",https://www.politifact.com/factchecks/2016/jun/02/donald-trump/no-donald-trump-you-havent-broken-voting-record-mi/
Bernie Sanders,"May 29, 2016","""Right now, in every major poll, national poll and statewide poll done in the last month, six weeks, we are defeating Trump, often by big numbers and always at a larger margin than Secretary Clinton is.""",mostly-true,interview on NBC's 'Meet the Press',National; Elections; Polls and Public Opinion,Louis Jacobson,"May 29, 2016",https://www.politifact.com/factchecks/2016/may/29/bernie-sanders/bernie-sanders-says-he-polls-better-against-donald/
Newt Gingrich,"May 27, 2016","""No one in American history has moved from a June 16 announcement to a May 26 winning of a majority. Trump's achievement is remarkable.""",pants-fire,post on Twitter,Elections; History; PunditFact,Aaron Sharockman,"May 27, 2016",https://www.politifact.com/factchecks/2016/may/27/newt-gingrich/newt-gingrich-offends-history-claims-trumps-timeli/
Pete Gallego,"April 22, 2016","Says Will Hurd ""cosponsored a bill that would militarize our border and allow 200 miles of new roads to be built in the Big Bend region -- cutting up our beloved park.""",half-true,Pete Gallego campaign press release,Immigration; Congress; Corrections and Updates; Drugs; Elections; Texas,Filipa Ioannou,"May 26, 2016",https://www.politifact.com/factchecks/2016/may/26/pete-gallego/did-will-hurd-vote-border-security-bill-would-cut-/
Hillary Clinton,"May 22, 2016","""Let me say that I don't think (Bernie Sanders has) had a single negative ad ever run against him.""",false,"interview on ""Meet the Press""",National; Corrections and Updates; Elections; Negative Campaigning,Linda Qiu,"May 22, 2016",https://www.politifact.com/factchecks/2016/may/22/hillary-clinton/hillary-clinton-wrong-negative-ads-bernie-sanders/
National Republican Congressional Committee,"May 16, 2016","Says ""Jacky Rosen has refused to tell us whether she supports Bernie Sanders or Hillary Clinton.""",pants-fire,automated call,Nevada; Elections,Riley Snyder,"May 20, 2016",https://www.politifact.com/factchecks/2016/may/20/national-republican-congressional-committee/nrcc-wrongly-says-jacky-rosen-refused-say-if-she-s/
Jeff Weaver,"May 17, 2016","Nevada Democratic Party leaders ""hijacked the process on the floor"" of the state convention ""ignoring the regular procedure and ramming through what they wanted to do.""",false,television interview on CNN,Nevada; Elections,Riley Snyder,"May 18, 2016",https://www.politifact.com/factchecks/2016/may/18/jeff-weaver/allegations-fraud-and-misconduct-nevada-democratic/
Mamie Locke,"May 8, 2016","""The United States has a low voter turnout rate.""",true,interview.,Elections; Virginia,Warren Fiske,"May 16, 2016",https://www.politifact.com/factchecks/2016/may/16/mamie-locke/mamie-locke-says-us-has-low-voter-turnout-rate/
Ed  Gillespie,"April 30, 2016","""For the first time in over 40 years, Republicans don’t hold a single statewide office"" in Virginia.",true,speech,Elections; History; Virginia,Sean Gorman,"May 12, 2016",https://www.politifact.com/factchecks/2016/may/12/ed-gillespie/ed-gillespie-says-gop-shut-out-va-statewide-office/
Donald Trump,"May 8, 2016","""You have to be a citizen to vote,"" but with same-day voter registration, ""you have places where people just walk in and vote.""",false,interview on 'Meet the Press',Immigration; National; Elections,Lauren Carroll,"May 8, 2016",https://www.politifact.com/factchecks/2016/may/08/donald-trump/donald-trump-wrongly-says-noncitizens-can-vote-whe/
Colorado Health Institute,"April 8, 2016",ColoradoCare would have higher revenues than McDonald’s.,mostly-true,analysis report,Colorado; Elections; Health Care,Alan Gathright,"May 4, 2016",https://www.politifact.com/factchecks/2016/may/04/colorado-health-institute/report-says-coloradocare-would-have-higher-revenue/
Ted Cruz,"April 30, 2016","""Here in California, Donald Trump has given $12,000 to Jerry Brown, Gavin Newsom and Kamala Harris.""",mostly-true,speech at the California Republican Party Convention,Campaign Finance; Elections; California,Chris Nichols,"May 3, 2016",https://www.politifact.com/factchecks/2016/may/03/ted-cruz/yep-donald-trump-gave-12k-jerry-brown-gavin-newsom/
Donald Trump,"April 29, 2016","""In the history of Republican primaries, I’ve gotten the most votes in the history of the Republican party.""",false,speech at the California Republican Party Convention,Elections; California,Chris Nichols,"May 2, 2016",https://www.politifact.com/factchecks/2016/may/02/donald-trump/donald-trumps-claim-about-receiving-most-votes-eve/
Bernie Sanders,"May 1, 2016","Winning enough pledged delegates is ""not impossible.""",mostly-true,"interview on CBS News' ""Face the Nation""",National; Elections,Jon Greenberg,"May 2, 2016",https://www.politifact.com/factchecks/2016/may/02/bernie-sanders/sanders-its-not-impossible-get-enough-delegates-wi/
John Kasich,"April 24, 2016","""After my first year as governor, I was one of the most unpopular governors, maybe the most unpopular governor in the country. ... It changed.""",true,"comments on ""Face the Nation""",Ohio; Elections; Polls and Public Opinion,Nadia Pflaum,"May 2, 2016",https://www.politifact.com/factchecks/2016/may/02/john-kasich/yes-john-kasich-bragging-about-being-unpopular/
Ted Cruz,"April 25, 2016","""I earned more votes in the state of Wisconsin than Donald Trump did in New York.""",true,remarks,National; Elections,Louis Jacobson,"April 25, 2016",https://www.politifact.com/factchecks/2016/apr/25/ted-cruz/ted-cruz-says-he-won-more-votes-wisconsin-donald-t/
Donald Trump,"April 20, 2016","""Ted Cruz is mathematically out of winning the race.""",mostly-true,tweet,National; Elections,Linda Qiu,"April 20, 2016",https://www.politifact.com/factchecks/2016/apr/20/donald-trump/trump-largely-accurate-cruz-has-been-mathematicall/
Donald Trump,"April 11, 2016","The Colorado caucus system for selecting Republican delegates is ""rigged.""",false,TV interview,Colorado; Elections; Ethics; Negative Campaigning,Alan Gathright,"April 19, 2016",https://www.politifact.com/factchecks/2016/apr/19/donald-trump/trump-calls-colorado-caucus-system-rigged-theres-n/
Corey Lewandowski,"April 17, 2016","""The chairman of the party of Florida, who is an avid and outward supporter of Marco Rubio, gets to appoint 30 of those delegates.""",false,interview on Fox News Sunday,Elections; Florida,Amy Sherman,"April 19, 2016",https://www.politifact.com/factchecks/2016/apr/19/corey-lewandowski/donald-trump-manager-corey-lewandowski-botches-cla/
Bernie Sanders,"April 12, 2016","""We win when voter turnout is high, we lose when it is low.""",mostly-false,speech,National; Elections,Louis Jacobson,"April 19, 2016",https://www.politifact.com/factchecks/2016/apr/19/bernie-sanders/sanders-largely-base-saying-we-win-when-voter-turn/
Donald Trump,"April 12, 2016","Says Jeb Bush and Marco Rubio ""had it set so that the winner takes everything, because they wanted to make sure that I didn't get anything"" in the Florida primary.",false,speech,Elections; Florida,Amy Sherman,"April 18, 2016",https://www.politifact.com/factchecks/2016/apr/18/donald-trump/donald-trump-says-marco-rubio-and-jeb-bush-had-flo/
"Our City, Our Safety, Our Choice","April 8, 2016","Austin’s Stop Abuse for Everyone has seen in its offices ""sexual assault survivors that report being attacked by their ridesharing drivers, at a rate of one per month.""",half-true,fund-raising letter from female supporters,Elections; Crime; Transportation; Texas,W. Gardner Selby,"April 15, 2016",https://www.politifact.com/factchecks/2016/apr/15/our-city-our-safety-our-choice/our-city-backers-give-incomplete-account-reported-/
John Kasich,"March 29, 2016","Ten times, no Republican candidate for president had enough delegates to claim the nomination before the party’s convention, and seven of those times ""somebody who was not the leader of delegates was selected as the nominee of the party.""",mostly-true,interview,Elections; History; States; Wisconsin,Tom Kertscher,"April 15, 2016",https://www.politifact.com/factchecks/2016/apr/15/john-kasich/7-times-delegate-leader-wasnt-one-who-got-gop-nomi/
Ted Cruz,"April 11, 2016","""The polling shows over and over again that, unlike Donald Trump, that with me as the nominee, we beat Hillary Clinton.""",mostly-false,campaign speech,Elections; Polls and Public Opinion; California,Chris Nichols,"April 12, 2016",https://www.politifact.com/factchecks/2016/apr/12/ted-cruz/ted-cruz-repeats-mostly-false-claim-about-polls-sh/
Committee to Restore America's Greatness,"April 6, 2016",Says there were over 600 reports of Texas votes for Donald Trump in the state’s 2016 Republican primary virtually all getting tallied for Marco Rubio.,pants-fire,web post,Elections; Texas,W. Gardner Selby,"April 11, 2016",https://www.politifact.com/factchecks/2016/apr/11/committee-restore-americas-greatness/pants-fire-claim-there-were-over-600-reports-trump/
Frank Luntz,"April 6, 2016","""Team Trump has accused Ted Cruz of fraud"" in Iowa, Texas, Colorado, Oklahoma, Louisiana, Kansas, Maine, Utah and Wisconsin.""",half-true,tweet,Elections; Crime; Texas,W. Gardner Selby,"April 11, 2016",https://www.politifact.com/factchecks/2016/apr/11/frank-luntz/frank-luntz-says-team-trump-has-accused-ted-cruz-f/
John Kasich,"April 3, 2016","""There are no rules governing"" the 2016 Republican convention, ""the rules have not been set.""",mostly-true,interview,Elections; Legal Issues; States; Wisconsin,Tom Kertscher,"April 8, 2016",https://www.politifact.com/factchecks/2016/apr/08/john-kasich/no-rules-place-picking-gop-presidential-nominee-go/
Bernie Sanders,"April 6, 2016","Says Hillary Clinton ""has been saying lately that she thinks that I am, 'not qualified to be president.' """,mostly-false,speech at Temple University,National; Candidate Biography; Elections; Negative Campaigning,C. Eugene Emery Jr.,"April 7, 2016",https://www.politifact.com/factchecks/2016/apr/07/bernie-sanders/bernie-sanders-not-qualified-be-president-hillary-/
Bloggers,"April 2, 2016","Say Bernie Sanders ""won Nevada after all.""",false,several blog and social media posts,Nevada; Elections,Riley Snyder,"April 7, 2016",https://www.politifact.com/factchecks/2016/apr/07/blog-posting/no-bernie-sanders-didnt-retroactively-win-nevada/
Mark Pocan,"April 7, 2016","""More people are struck by lightning than commit in-person voter fraud"" by impersonation.",true,blog post,Civil Rights; Elections; Crime; Government Regulation; Wisconsin,Tom Kertscher,"April 7, 2016",https://www.politifact.com/factchecks/2016/apr/07/mark-pocan/which-happens-more-people-struck-lightning-or-peop/
New Day for America,"March 31, 2016","""Many just call him 'Lyin' Ted.' ... His TV ad about John Kasich? Lie! Stations had to pull it off the air.""",false,television ad.,National; Campaign Finance; Candidate Biography; Elections; History; Negative Campaigning,C. Eugene Emery Jr.,"April 6, 2016",https://www.politifact.com/factchecks/2016/apr/06/new-day-america/john-kasichs-super-pac-slams-ted-cruz-tv-ad-cruzs-/
Hillary Clinton,"April 5, 2016","""I have 2 and a half million more votes than he (Sanders) does.""",mostly-true,"interview on ABC's ""the View""",National; Elections,Jon Greenberg,"April 5, 2016",https://www.politifact.com/factchecks/2016/apr/05/hillary-clinton/does-clinton-really-have-25-million-more-votes-san/
Californians for Lower Drug Prices,"March 21, 2016","""Twenty-seven out-of-state pharmaceutical companies have raised more campaign dollars (against a drug price control measure) than all other state ballot measures have raised to date, combined.""",half-true,press release,Campaign Finance; Drugs; Elections; California,Chris Nichols,"April 4, 2016",https://www.politifact.com/factchecks/2016/apr/04/californians-lower-drug-prices/big-pharma-not-king-ballot-spending-california-its/
Hillary Clinton,"April 3, 2016","""I'm the only candidate in the Democratic primary, or actually on either side, who Wall Street financiers and hedge fund managers are actually running ads against.""",pants-fire,comments on Meet the Press,National; Elections; Financial Regulation; Negative Campaigning,Linda Qiu,"April 3, 2016",https://www.politifact.com/factchecks/2016/apr/03/hillary-clinton/hillary-clinton-claims-meet-press-wall-street-atta/
Donald Trump,"March 29, 2016",Says Ted Cruz distributed the ad showing a nude Melania Trump on a rug.,false,interview on CNN,National; Campaign Finance; Candidate Biography; Elections; Legal Issues; Negative Campaigning; Pop Culture,C. Eugene Emery Jr.,"March 31, 2016",https://www.politifact.com/factchecks/2016/mar/31/donald-trump/donald-trump-has-no-evidence-ted-cruz-was-responsi/
Matt McCall,"February 11, 2016","""During three and a half years of campaigning,"" Lamar Smith ""has never once appeared at a moderated debate to defend his positions on the issues.""",true,Press release,Elections; Texas,Filipa Ioannou,"March 28, 2016",https://www.politifact.com/factchecks/2016/mar/28/matt-mccall/matt-mccall-lamar-smith-dodged-primary-debates/
Donald Trump,"March 21, 2016","""Out of 67 counties (in Florida), I won 66, which is unprecedented. It's never happened before.""",pants-fire,press conference,Elections; Florida,Joshua Gillin,"March 24, 2016",https://www.politifact.com/factchecks/2016/mar/24/donald-trump/no-donald-trump-winning-66-67-florida-counties-not/
Greg Abbott,"March 14, 2016","Texas ""had the highest level of turnout than ever before in the primary.""",half-true,speaking to reporters,Elections; Texas,W. Gardner Selby,"March 24, 2016",https://www.politifact.com/factchecks/2016/mar/24/greg-abbott/greg-abbott-accurately-touts-record-raw-turnout-in/
Bernie Sanders,"March 22, 2016","""Today, the United States has, sadly, one of the lowest voter turnouts of any major country on earth.""",mostly-true,campaign speech,Elections; California,Chris Nichols,"March 23, 2016",https://www.politifact.com/factchecks/2016/mar/23/bernie-sanders/bernie-sanders-claim-about-us-having-one-lowest-vo/
Debbie Wasserman Schultz,"March 21, 2016","Superdelegates ""have never been a determining factor in who our nominee is since they've been in place since 1984.""",mostly-true,interview on Fox Business News,Elections; Florida,Amy Sherman,"March 22, 2016",https://www.politifact.com/factchecks/2016/mar/22/debbie-wasserman-schultz/debbie-wasserman-schultz-says-superdelegates-never/
Facebook posts,"February 25, 2016",Ted Cruz is in negotiations to be Donald Trump’s running mate.,false,post and story from Elect Leaders,Elections; Texas,W. Gardner Selby,"March 22, 2016",https://www.politifact.com/factchecks/2016/mar/22/facebook-posts/false-donald-trump-ted-cruz-negotiating-joint-repu/
Paul Ryan,"February 22, 2016","""70 percent of Americans believe that we are on the wrong path.""",mostly-true,television interview,Elections; Polls and Public Opinion; Wisconsin,Sarah Hauer,"March 22, 2016",https://www.politifact.com/factchecks/2016/mar/22/paul-ryan/paul-ryan-right-about-how-many-americans-think-cou/
John Kasich,"March 20, 2016","Says Donald ""Trump got, you know, $1.8 billion worth of free media. I got, like, none.""",mostly-true,"interview on NBC's ""Meet the Press""",National; Elections,Joshua Gillin,"March 20, 2016",https://www.politifact.com/factchecks/2016/mar/20/john-kasich/john-kasich-calls-out-donald-trumps-18-billion-wor/
New Hampshire Republican Party,"February 16, 2016","""Given the results of the primary, the vote of one New Hampshire superdelegate is equal to the votes of about 10,000 grassroots activists.""",mostly-true,online petition,New Hampshire; Elections,Clay Wirestone,"March 18, 2016",https://www.politifact.com/factchecks/2016/mar/18/new-hampshire-republican-party/nhgop-says-superdelegates-have-power-wipe-out-resu/
John Kasich,"March 14, 2016","""You know what Truman said, ‘You want a friend in Washington, buy a dog.’ """,false,comments at a town hall,Ohio; Candidate Biography; Elections; Ethics,Nadia Pflaum,"March 17, 2016",https://www.politifact.com/factchecks/2016/mar/17/john-kasich/john-kasich-misquotes-truman-wins-ohio-anyway/
Greg Abbott,"March 14, 2016","""The fact is voter fraud is rampant.""",pants-fire,responding to reporters,Elections; Crime; Texas,W. Gardner Selby,"March 17, 2016",https://www.politifact.com/factchecks/2016/mar/17/greg-abbott/light-match-greg-abbotts-claim-about-rampant-voter/
Donald Trump,"March 13, 2016","Says the man who rushed the stage at him in Dayton, Ohio, ""had chatter about ISIS, or with ISIS"" in his social media posts.",false,"interview on ""Meet the Press""",National; Civil Rights; Elections; Terrorism,Louis Jacobson,"March 13, 2016",https://www.politifact.com/factchecks/2016/mar/13/donald-trump/donald-trump-wrongly-links-campaign-event-proteste/
Ted Cruz,"March 13, 2016","""More than once, I've actually had a conversation with the protesters on substance.""",true,"interview on ""Meet the Press""",National; Civil Rights; Elections,Linda Qiu,"March 13, 2016",https://www.politifact.com/factchecks/2016/mar/13/ted-cruz/ted-cruz-says-hes-engaged-civilly-protesters-his-c/
Tom Barrett,"March 7, 2016","""Republican Bob Donovan"" has ""run as a Republican time and again.""",half-true,radio ad,Candidate Biography; City Government; Elections; Wisconsin,Tom Kertscher,"March 11, 2016",https://www.politifact.com/factchecks/2016/mar/11/tom-barrett/milwaukee-mayor-tom-barrett-says-challenger-bob-do/
Hillary Clinton,"March 6, 2016","""President Obama took more money from Wall Street in the 2008 campaign than anybody ever had.""",mostly-true,Democratic debate,National; Campaign Finance; Economy; Elections; Financial Regulation; History; Stimulus; Voting Record,C. Eugene Emery Jr.,"March 7, 2016",https://www.politifact.com/factchecks/2016/mar/07/hillary-clinton/hillary-clinton-barack-obama-set-new-wall-street-f/
David Brooks,"March 6, 2016","""There’s no correlation between primary turnout and wins in the fall in the last 11 elections.""",true,"comments on ""Meet the Press""",Elections; PunditFact,Linda Qiu,"March 6, 2016",https://www.politifact.com/factchecks/2016/mar/06/david-brooks/david-brooks-said-primary-turnout-doesnt-predict-g/
Donald Trump,"February 17, 2016","When Mitt Romney chose Paul Ryan as his vice-presidential running mate, ""that was the end"" of Romney’s chances to win.",false,speech,Candidate Biography; Elections; Medicare; Social Security; Wisconsin,Tom Kertscher,"February 26, 2016",https://www.politifact.com/factchecks/2016/feb/26/donald-trump/picking-paul-ryan-ended-mitt-romneys-chances-winni/
Ted Cruz,"February 21, 2016","""About 70 percent of Republicans nationwide ... don't think Donald Trump is the right guy"" to take on Hillary Clinton in November.",mostly-true,"interview on ""Meet the Press""",National; Elections; Polls and Public Opinion,Linda Qiu,"February 21, 2016",https://www.politifact.com/factchecks/2016/feb/21/ted-cruz/do-republicans-think-donald-trump-right-candidate-/
John Oliver,"February 14, 2016","In Sauk City, Wisconsin, ""the ID office"" that provides identification for voting ""is only open on the fifth Wednesday of every month"" -- a total of four days in 2016.",mostly-true,TV show,Civil Rights; Elections; States; Transportation; Wisconsin,Tom Kertscher,"February 19, 2016",https://www.politifact.com/factchecks/2016/feb/19/john-oliver/office-provides-id-voting-one-wisconsin-burg-open-/
Donald Trump,"February 13, 2016","""In New Hampshire, I spent $3 million. Jeb Bush spent $44 million. He came in five, and I came in number one.""",mostly-true,Republican debate,New Hampshire; Campaign Finance; Elections,Nick Reid,"February 19, 2016",https://www.politifact.com/factchecks/2016/feb/19/donald-trump/donald-trump-compares-his-spending-and-new-hampshi/
Brian Fallon,"February 9, 2016","Nevada is ""still a state that is 80 percent white voters.""",false,MSNBC interview,Nevada; Elections; Race and Ethnicity,Riley Snyder,"February 17, 2016",https://www.politifact.com/factchecks/2016/feb/17/brian-fallon/clinton-spokesman-wrongly-says-nevada-80-percent-w/
JoAnne Kloppenburg,"February 8, 2016","Says state Supreme Court candidate Joe Donald twice ""supported"" incumbent Justice Rebecca Bradley.",mostly-true,TV ad,Candidate Biography; Criminal Justice; Elections; Legal Issues; Negative Campaigning; Wisconsin,Tom Kertscher,"February 14, 2016",https://www.politifact.com/factchecks/2016/feb/14/joanne-kloppenburg/one-state-supreme-court-candidate-once-backed-cand/
Donald Trump,"February 14, 2016","Says Jeb Bush ""said he would take his pants off and moon everybody ... Nobody reports that.""",mostly-false,Republican debate,Elections; Florida,Amy Sherman,"February 14, 2016",https://www.politifact.com/factchecks/2016/feb/14/donald-trump/donald-trump-says-jeb-bush-said-he-would-moon-ever/
Bernie Sanders,"February 4, 2016","Says a Sanders campaign ad ""never said ... a newspaper endorsed us that did not.""",false,Democratic presidential debate,National; Elections,Louis Jacobson,"February 5, 2016",https://www.politifact.com/factchecks/2016/feb/05/bernie-sanders/bernie-sanders-mistaken-about-whether-his-campaign/
Bernie Sanders,"February 3, 2016",Says he was endorsed by the Valley News newspaper.,false,campaign ad,New Hampshire; Elections,Clay Wirestone,"February 4, 2016",https://www.politifact.com/factchecks/2016/feb/04/bernie-sanders/bernie-sanders-ad-claims-endorsements-valley-news-/
John Fetterman,"February 1, 2016","""I am the only candidate that has endorsed Bernie Sanders for President. In PA, I've got Bernie's back.""",true,a Reddit AMA,Elections; Pennsylvania,Cassie Owens,"February 4, 2016",https://www.politifact.com/factchecks/2016/feb/04/john-fetterman/fetterman-says-he-only-senate-candidate-backing-sa/
Paul Saldaña,"January 13, 2016","A Texas law requires every high school to have a voter registrar ""and part of their responsibility is to make sure that when children become 18 and become eligible to vote, that they vote.""",half-true,civic summit hosted by Austin's KLRU-TV,Education; Elections; Texas,W. Gardner Selby,"January 29, 2016",https://www.politifact.com/factchecks/2016/jan/29/paul-saldana/paul-saldana-says-texas-law-requires-high-school-r/
Debbie Wasserman Schultz,"January 17, 2016","Says the Democratic Party created a debate schedule ""to maximize the opportunity for voters to see our candidates.""",false,interview on CNN Reliable Sources,Debates; Elections; Florida,Amy Sherman,"January 20, 2016",https://www.politifact.com/factchecks/2016/jan/20/debbie-wasserman-schultz/democratic-debates-maximize-exposure-debbie-wasser/
Will  Kraus,"August 30, 2015","Says Missouri needs a voter I.D. law because ""there’s over 16 people in the state of Missouri who have been convicted of some type of voter fraud.""",half-true,"episode of ""This Week",Elections; Legal Issues; Missouri,Adam Aton,"January 4, 2016",https://www.politifact.com/factchecks/2016/jan/04/will-kraus/numbers-dont-support-will-kraus-statement-voter-fr/
Bernie Sanders,"December 20, 2015","""We didn't go out and take"" information from the Hillary Clinton campaign.",mostly-false,"interview on NBC's ""Meet the Press"".",National; Elections,Jon Greenberg,"December 22, 2015",https://www.politifact.com/factchecks/2015/dec/22/bernie-sanders/Sanders-take-Clinton-voter-data/
Alan Grayson,"November 25, 2015","""Technically, (Ted Cruz is) not even an American.""",pants-fire,"interview on the ""Alan Colmes Show"" on Fox News",National; Elections; Legal Issues,Jon Greenberg,"December 8, 2015",https://www.politifact.com/factchecks/2015/dec/08/alan-grayson/grayson-wrongly-says-cruz-not-american/
National Republican Senatorial Committee,"November 10, 2015","Says Russ Feingold ""wanted to get money out of politics. Now he's profiting from that same dark money.""",half-true,TV ad,Campaign Finance; Candidate Biography; Elections; Wisconsin,Tom Kertscher,"November 27, 2015",https://www.politifact.com/factchecks/2015/nov/27/national-republican-senatorial-committee/campaign-finance-reformer-russ-feingold-profiting-/
Hillary Clinton,"November 19, 2015","""The Libyan people have voted twice in free and fair elections for the kind of leadership they want.""",half-true,speech to the Council on Foreign Relations,National; Elections; Foreign Policy,Louis Jacobson,"November 23, 2015",https://www.politifact.com/factchecks/2015/nov/23/hillary-clinton/hillary-clinton-says-libyan-people-have-voted-twic/
Ted Cruz,"October 14, 2015","The ""Democratic Party is getting smaller and smaller and smaller.""",mostly-false,interview on Fox News,Elections; Texas,Emma Hinchliffe,"November 15, 2015",https://www.politifact.com/factchecks/2015/nov/15/ted-cruz/sen-ted-cruz-says-democratic-party-shrinking/
Scott Walker,"November 6, 2015","Wisconsin’s Government Accountability Board ""ignored their duties and did not regularly audit"" voters to remove felons ""for a span of 16 elections.",half-true,series of tweets,Elections; Government Regulation; Wisconsin,Sarah Hauer,"November 6, 2015",https://www.politifact.com/factchecks/2015/nov/06/scott-walker/scott-walker-says-state-board-failed-16-elections-/
Bernie Sanders,"October 28, 2015","The Koch Brothers are ""spending more money than either the Democratic or Republican parties"" in the 2016 elections.",false,speech.,Campaign Finance; Elections; Virginia,Sean Gorman,"November 6, 2015",https://www.politifact.com/factchecks/2015/nov/06/bernie-sanders/sanders-says-koch-brothers-are-outspending-either-/
Tammy Baldwin,"October 31, 2015","""‘Dark money’ spending"" in the 2016 election cycle ""is 10 times what it was at the same point in the 2012 election cycle,"" when it topped $308 million.",true,campaign email,Campaign Finance; Congress; Elections; Wisconsin,Tom Kertscher,"November 5, 2015",https://www.politifact.com/factchecks/2015/nov/05/tammy-baldwin/ten-times-more-dark-money-has-been-spent-2016-elec/
Trevor Noah,"November 3, 2015","""Iowa's Republican caucus stopped mattering years ago. It in no way determines the party nominee.""",half-true,"broadcast of ""The Daily Show""",Elections; History; PunditFact,Jon Greenberg,"November 4, 2015",https://www.politifact.com/factchecks/2015/nov/04/trevor-noah/daily-shows-trevor-noah-says-iowa-gop-caucuses-don/
Chris Danou,"October 20, 2015","A Republican bill that would change John Doe criminal investigations is ""creating exceptions in the law for politicians.""",mostly-true,remarks,Campaign Finance; Criminal Justice; Elections; Ethics; Legal Issues; Crime; Wisconsin,Tom Kertscher,"October 22, 2015",https://www.politifact.com/factchecks/2015/oct/22/chris-danou/gop-changes-wisconsins-john-doe-law-create-excepti/
Scott Walker,"October 12, 2015","Wisconsin’s Government Accountability Board ""wanted to consider Mickey Mouse and Adolf Hitler as valid signatures on recall petitions.""",false,tweet,Elections; Legal Issues; Wisconsin,James B. Nelson,"October 16, 2015",https://www.politifact.com/factchecks/2015/oct/16/scott-walker/gov-scott-walker-says-board-wanted-accept-mickey-m/
Sean Duffy,"September 18, 2015","""Millions of dollars are spent by Planned Parenthood to elect Democrats to the House of Representatives and the Senate.""",mostly-true,speech,Abortion; Campaign Finance; Elections; Federal Budget; Health Care; Women; Wisconsin,Tom Kertscher,"October 8, 2015",https://www.politifact.com/factchecks/2015/oct/08/sean-duffy/planned-parenthood-spends-millions-elect-democrats/
National Republican Senatorial Committee,,"Says Missouri Democratic Senate candidate Jason Kander is ""attending fancy dinners all over the country.""",mostly-false,,Elections; Missouri,Rachel Brooks,"October 2, 2015",https://www.politifact.com/factchecks/2015/oct/02/national-republican-senatorial-committee/fact-checking-nrscs-pandering-panda-attack-jason-k/
Ruth's List Florida,"September 22, 2015","""Twenty-six men named William have been elected to statewide office and only seven women have had the honor.""",mostly-true,email to voters,Elections; Women; Florida,Joshua Gillin,"September 28, 2015",https://www.politifact.com/factchecks/2015/sep/28/ruths-list-florida/men-named-william-outnumber-women-florida-politics/
Georgia Voice,"September 17, 2015",No openly gay man has ever been elected to the Georgia Legislature.,true,news story,Georgia; Elections; LGBTQ; States,April Hunt,"September 28, 2015",https://www.politifact.com/factchecks/2015/sep/28/georgia-voice/no-openly-gay-man-elected-legislature-true/
Marco Rubio,"September 20, 2015","""We had a three-hour debate, no discussion about the national debt, very little about the economy.""",mostly-true,"interview on ""This Week.""",National; Debates; Elections,Joshua Gillin,"September 20, 2015",https://www.politifact.com/factchecks/2015/sep/20/marco-rubio/marco-rubio-says-cnn-debate-had-no-question-debt-a/
Karl Rove,"September 20, 2015","At this point in 2012, ""Rick Perry was ahead at 29.9 percent, and we had seven more leads before it finally settled on Mitt Romney.""",mostly-true,"comments on ""Fox News Sunday""",Elections; Polls and Public Opinion; PunditFact,Jon Greenberg,"September 20, 2015",https://www.politifact.com/factchecks/2015/sep/20/karl-rove/rove-says-2012-nomination-fight-saw-many-poll-lead/
Hugh Hewitt,"September 13, 2015","Says history suggests sports will ""quickly subsume a lot of the attention span of the country"" in the presidential primary.",half-true,"panel discussion on CNN's ""State of the Union""",Elections; Sports; PunditFact,Jon Greenberg,"September 16, 2015",https://www.politifact.com/factchecks/2015/sep/16/hugh-hewitt/hugh-hewitt-says-fall-sports-sap-public-interest-/
Matthew Dowd,"September 6, 2015","""Any Republican that has led for two months and led every state has won the GOP nomination.""",half-true,"panel discussion on ABC News' ""This Week with George Stephanopoulos""",Elections; PunditFact,Jon Greenberg,"September 10, 2015",https://www.politifact.com/factchecks/2015/sep/10/matthew-dowd/dowd-historic-polling-pattern-points-trump/
Bruce Elfant,"August 5, 2015","""The United States is about 100th in voter turnout among the industrialized nations, and Texas is near the bottom in terms of voter registration and voter turnout.""",mostly-true,"interview with Dick Ellis, KOKE FM, Austin",Elections; Texas,W. Gardner Selby,"August 21, 2015",https://www.politifact.com/factchecks/2015/aug/21/bruce-elfant/bruce-elfant-says-us-about-100th-voter-turnout-tex/
Cory Booker,"August 9, 2015","""You’re more likely to get struck by lightning in Texas"" than find in-person voter fraud.",true,"interview on ABC's ""This Week.""",National; Elections,Christian Belanger,"August 18, 2015",https://www.politifact.com/factchecks/2015/aug/18/cory-booker/lightning-strikes-more-common-person-voter-fraud-s/
Facebook posts,"August 11, 2015","Scott Walker ""had a 2.3 GPA when he was asked to leave Marquette University for cheating.""",false,meme,Candidate Biography; Education; Elections; Wisconsin,Tom Kertscher,"August 11, 2015",https://www.politifact.com/factchecks/2015/aug/11/facebook-posts/scott-walker-was-asked-leave-marquette-university-/
Arthenia Joyner,"July 30, 2015","Says Jeb Bush ""significantly cut early voting prior to the 2008 presidential election.""",mostly-true,letter to Jeb Bush,Elections; Florida,Joshua Gillin,"August 5, 2015",https://www.politifact.com/factchecks/2015/aug/05/arthenia-joyner/arthenia-joyner-says-jeb-bush-cut-states-early-vot/
Jeb Bush,"July 27, 2015","Says in 2002, he ""won more Hispanic votes than Anglo votes, 60 percent in the state.""",mostly-true,Telemundo News interview,Candidate Biography; Elections; Race and Ethnicity; Florida,Joshua Gillin,"July 31, 2015",https://www.politifact.com/factchecks/2015/jul/31/jeb-bush/jeb-bush-says-he-won-60-hispanic-vote-2002-electio/
Erick Erickson,"July 21, 2015","Says Donald Trump ""has supported a Canadian-style universal health care system.""",true,column on Redstate.com,Elections; PunditFact,Jon Greenberg,"July 24, 2015",https://www.politifact.com/factchecks/2015/jul/24/erick-erickson/conservative-columnist-trump-once-backed-single-pa/
Donald Trump,"July 19, 2015","""Four times, I said, he (John McCain) is a hero, but you know ... people choose selective pieces.""",mostly-false,"comments on ABC's ""This Week""",National; Elections; Military,Linda Qiu,"July 19, 2015",https://www.politifact.com/factchecks/2015/jul/19/donald-trump/trump-i-called-mccain-hero-four-times/
Rachel Maddow,"July 13, 2015","Despite what Donald Trump claims, ""there weren’t 15,000 people who turned out in Phoenix"" to see Trump speak.",true,segment on her show,Elections; Pundits; PunditFact,Katie Sanders,"July 15, 2015",https://www.politifact.com/factchecks/2015/jul/15/rachel-maddow/rachel-maddow-says-donald-trump-exaggerated-his-cr/
Limberbutt McCubbins,"July 9, 2015","""Limberbutt McCubbins (a five-year-old cat) is a candidate"" in the 2016 presidential election.",half-true,comments on his website.,National; Animals; Corrections and Updates; Elections,Linda Qiu,"July 14, 2015",https://www.politifact.com/factchecks/2015/jul/14/limberbutt-mccubbins/can-a-cat-run-for-president/
Brianna Keilar,"July 12, 2015","Says Hillary Clinton's ""campaign hasn't been clear about when she wiped her server of her work emails.""",mostly-true,"comments on CNN's ""State of the Union""",Elections; Transparency; PunditFact,Linda Qiu,"July 12, 2015",https://www.politifact.com/factchecks/2015/jul/12/brianna-keilar/when-did-hillary-clinton-delete-her-work-emails/
Ben Ferguson,"July 2, 2015","Says Donald Trump has ""given more money to Democratic candidates than Republican candidates.""",mostly-false,comments on CNN,Campaign Finance; Elections; PunditFact,Will Cabaniss,"July 9, 2015",https://www.politifact.com/factchecks/2015/jul/09/ben-ferguson/donald-trumps-campaign-contributions-democrats-and/
Chuck Todd,"July 5, 2015","In Florida, ""the number of voters who now register as ‘other’ has grown by a million in the last 10 years. Compare that with the Democrats, who only grew by 300,000 and the Republicans who grew by just 200,000.""",mostly-true,"comments on NBC's ""Meet the Press""",Elections; PunditFact,Anna Bruzgulis,"July 8, 2015",https://www.politifact.com/factchecks/2015/jul/08/chuck-todd/florida-no-party-voters-are-growing-question-why/
Donna Brazile,"June 30, 2015","""Chris Christie has led New Jersey to a record-breaking 9 credit downgrades.""",mostly-true,tweet,Elections; Pensions; PunditFact,Jon Greenberg,"July 2, 2015",https://www.politifact.com/factchecks/2015/jul/02/donna-brazile/dem-pundit-brazile-says-nj-credit-rating-fell-reco/
Scott Walker,"June 4, 2015","Says ""Hillary Clinton's rejection of efforts to make it easier to vote and harder to cheat not only defies logic, but the will of the majority of Americans.""",mostly-true,statement,Elections; Wisconsin,Lucas Daprile,"June 29, 2015",https://www.politifact.com/factchecks/2015/jun/29/scott-walker/scott-walker-says-most-americans-support-voter-id-/
Hillary Clinton,"June 4, 2015","""If you want to vote in"" Texas, ""you can use a concealed-weapon permit as a valid form of identification, but a valid student ID isn’t good enough.""",true,speech,Elections; States; Texas,W. Gardner Selby,"June 26, 2015",https://www.politifact.com/factchecks/2015/jun/26/hillary-clinton/hillary-clinton-says-you-can-vote-texas-concealed-/
Scott Walker,"June 2, 2015","My support from young voters -- those 18 to 24 --  in November 2014 was ""largely unheard of for a Republican.""",half-true,speech,Elections; Wisconsin,James B. Nelson,"June 22, 2015",https://www.politifact.com/factchecks/2015/jun/22/scott-walker/scott-walker-says-he-has-unusually-strong-appeal-a/
Hillary Clinton,"June 4, 2015","Says Scott Walker ""cut back early voting and signed legislation that would make it harder for college students to vote.""",mostly-true,speech,Civil Rights; Education; Elections; Negative Campaigning; Wisconsin,Tom Kertscher,"June 9, 2015",https://www.politifact.com/factchecks/2015/jun/09/hillary-clinton/scott-walker-limited-early-voting-made-it-harder-c/
Hillary Clinton,"June 4, 2015","""In Florida, when Jeb Bush was governor, state authorities conducted a deeply flawed purge of voters before the presidential election in 2000"" and ""in 2004 a plan to purge even more voters was headed off.""",mostly-true,a speech at Texas Southern University,Elections; Race and Ethnicity; Florida,Amy Sherman,"June 9, 2015",https://www.politifact.com/factchecks/2015/jun/09/hillary-clinton/hillary-clinton-revisits-floridas-2000-and-2004-vo/
Hillary Clinton,"June 4, 2015","""Former Gov. Rick Perry signed a law that a federal court said was actually written with the purpose of discriminating against minority voters.""",mostly-true,speech,National; Civil Rights; Corrections and Updates; Elections; Legal Issues,Keely Herring,"June 9, 2015",https://www.politifact.com/factchecks/2015/jun/09/hillary-clinton/hillary-clinton-rick-perry-signed-law-intended-dis/
Hillary Clinton,"June 4, 2015","""In New Jersey, Gov. Christie vetoed legislation to extend early voting.""",mostly-true,speech,National; Elections,Keely Herring,"June 9, 2015",https://www.politifact.com/factchecks/2015/jun/09/hillary-clinton/hillary-clinton-chris-christie-voting-early-voting/
Andy Craig,"May 11, 2015","""Thanks to restrictive and anticompetitive ballot laws,"" candidates in November 2014 ran unopposed in nearly half of Wisconsin’s state representative races but in Michigan and Minnesota nearly all races had challengers.",half-true,news release,Elections; Wisconsin,Dave Umhoefer,"June 3, 2015",https://www.politifact.com/factchecks/2015/jun/03/andy-craig/ballot-laws-mean-only-half-assembly-races-are-cont/
Facebook posts,"May 13, 2015","Says Marco Rubio said that ""felons should not have their voting rights restored"" but that ""convicted felons should be allowed to own guns after they have done their time.""",false,Facebook post,Elections; Crime; Florida; Guns,Amy Sherman,"May 27, 2015",https://www.politifact.com/factchecks/2015/may/27/facebook-posts/facebook-meme-says-marco-rubio-wants-restore-gun-r/
Institute for Women's Policy Research,"May 20, 2015",Georgia ranks 49th for women serving in elected state and federal offices.,true,new report,Georgia; Congress; Elections; Race and Ethnicity; States; Women,Nancy Badertscher,"May 27, 2015",https://www.politifact.com/factchecks/2015/may/27/institute-womens-policy-research/report-georgia-49-women-state-federal-elected-offi/
National Republican Senatorial Committee,"May 14, 2015","Democrat ""Russ Feingold announced his Wisconsin Senate run today from…California.""",pants-fire,tweet,Elections; Wisconsin,James B. Nelson,"May 22, 2015",https://www.politifact.com/factchecks/2015/may/22/national-republican-senatorial-committee/did-russ-feingold-announce-his-us-senate-comback-c/
Scott Walker,"April 27, 2015","Says the recall elections that aimed to remove him and other Republican officials from office ""cost tens of millions of dollars to run.""",mostly-false,interview,Elections; State Budget; Wisconsin,Tom Kertscher,"May 4, 2015",https://www.politifact.com/factchecks/2015/may/04/scott-walker/historic-recall-elections-wisconsin-cost-tens-mill/
Ted Cruz,"April 18, 2015","""About half of the presidents have been governors; half of them, senators.""",false,remarks,Congress; Corrections and Updates; Elections; History; States; Texas,W. Gardner Selby,"April 27, 2015",https://www.politifact.com/factchecks/2015/apr/27/ted-cruz/ted-cruz-says-half-presidents-were-previously-gove/
Lawrence O'Donnell,"April 14, 2015","""The president and vice president can't be from the same state.""",false,"panel discussion on MSNBC's ""The Last Word with Lawrence O'Donnell""",Elections; Legal Issues; PunditFact,Jon Greenberg,"April 16, 2015",https://www.politifact.com/factchecks/2015/apr/16/lawrence-odonnell/president-vice-president-same-state-allowed/
Mark Pocan,"April 9, 2015","""When the Constitution was written, (only) 20 to 25 percent of the people in the country could vote.""",mostly-true,news conference,Elections; History; Wisconsin,Dave Umhoefer,"April 16, 2015",https://www.politifact.com/factchecks/2015/apr/16/mark-pocan/mark-pocan-says-less-25-percent-population-could-v/
Greater Wisconsin Committee,"March 30, 2015","An April 7, 2015 referendum would take ""the choice of chief justice"" of the Wisconsin Supreme Court ""away from the people.""",mostly-false,radio ad,Elections; Legal Issues; States; Supreme Court; Wisconsin,Tom Kertscher,"April 3, 2015",https://www.politifact.com/factchecks/2015/apr/03/greater-wisconsin-political-fund/would-wisconsin-voters-no-longer-decide-who-leads-/
Bernie Sanders,"March 31, 2015","""In this last election in November, ... 63 percent of the American people chose not to vote, ... 80 percent of young people, (and) 75 percent of low-income workers chose not to vote.""",half-true,town hall,National; Elections,Louis Jacobson,"April 2, 2015",https://www.politifact.com/factchecks/2015/apr/02/bernie-sanders/checking-bernie-sanders-americans-low-voter-turnou/
Ted Cruz,,"""Today roughly half of born-again Christians aren’t voting. They’re staying home.""",mostly-false,,Corrections and Updates; Elections; Religion; Texas,W. Gardner Selby,"March 30, 2015",https://www.politifact.com/factchecks/2015/mar/30/ted-cruz/ted-cruz-says-today-roughly-half-born-again-christ/
Jess McIntosh,"March 24, 2015","Liberty University students ""were mandated"" to attend Sen. Ted Cruz’s presidential announcement ""or they would be fined.""",true,"broadcast of MSNBC's ""All",Elections; PunditFact,Jon Greenberg,"March 25, 2015",https://www.politifact.com/factchecks/2015/mar/25/jess-mcintosh/liberty-u-students-faced-fine-if-they-skipped-cruz/
Rand Paul,"March 24, 2015","Says according to recent polls, no Republican candidate ""is doing better against Hillary Clinton than myself.""",mostly-false,interview on the Kelly File,National; Elections; Polls and Public Opinion,Lauren Carroll,"March 25, 2015",https://www.politifact.com/factchecks/2015/mar/25/rand-paul/rand-paul-says-he-has-best-shot-beating-hillary-cl/
Scott Walker,"February 27, 2015","""I unsealed my records"" at Marquette University.",false,interview,Candidate Biography; Education; Elections; Wisconsin,Tom Kertscher,"March 12, 2015",https://www.politifact.com/factchecks/2015/mar/12/scott-walker/where-are-scott-walkers-student-records/
Charles Schumer,"March 8, 2015","""The State Department asked all secretaries of state to send their emails over."" Hillary Clinton's ""the only one who’s done it.""",mostly-false,"comments on CBS' ""Face the Nation""",National; Elections; Foreign Policy; Transparency,Steve Contorno,"March 8, 2015",https://www.politifact.com/factchecks/2015/mar/08/charles-schumer/fact-checking-chuck-schumers-defense-hillary-clint/
Scott Walker,"February 26, 2015","More than any Republican governor in the 2014 elections, ""I took a higher percentage of the Republican vote""and ""yet I also carried independents by 12 points.""",mostly-true,interview,Candidate Biography; Elections; States; Wisconsin,Tom Kertscher,"March 4, 2015",https://www.politifact.com/factchecks/2015/mar/04/scott-walker/2016-horizon-scott-walker-asserts-his-appeal-among/
X posts,"January 23, 2015",The Republican Party has not won a presidential election without either a Bush or a Nixon on the ticket since 1928.,true,various social media postings,Bush Administration; Elections; Wisconsin,Dave Umhoefer,"January 26, 2015",https://www.politifact.com/factchecks/2015/jan/26/tweets/it-true-republicans-havent-won-presidential-race-1/
Cokie Roberts,"January 25, 2015","Democrats have ""lost more than 900 state legislators"" since Barack Obama has been president.",true,"comments on ABC's ""This Week""",Candidate Biography; Elections; PunditFact,Katie Sanders,"January 25, 2015",https://www.politifact.com/factchecks/2015/jan/25/cokie-roberts/have-democrats-lost-900-seats-state-legislatures-o/
Ron Hayduk,"January 1, 2015","""The right to vote in this country has never been intrinsically tied to citizenship.""",mostly-true,newspaper commentary,Immigration; Rhode Island; Elections; History; Legal Issues; Race and Ethnicity,Katie Mulvaney,"January 25, 2015",https://www.politifact.com/factchecks/2015/jan/25/ron-hayduk/professor-says-right-vote-us-has-never-been-intrin/
Jeff Clemens,"January 20, 2015","Online voter registration is a ""more secure"" way of doing voter registration.",mostly-true,Senate Ethics and Elections committee hearing,Elections; Crime; Technology; Florida,Amy Sherman,"January 23, 2015",https://www.politifact.com/factchecks/2015/jan/23/jeff-clemens/online-voter-registration-more-secure-florida-stat/
Gwen Moore,"January 7, 2015","Says Mitch McConnell credits Republicans ""for recent economic improvements"" even though they took control of the Senate only ""days ago.""",mostly-true,tweet,Congress; Economy; Elections; Jobs; Wisconsin,Tom Kertscher,"January 14, 2015",https://www.politifact.com/factchecks/2015/jan/14/gwen-moore/us-rep-gwen-moore-ridicules-mitch-mcconnell-credit/
Matthew Dowd,"December 7, 2014","Says President Barack Obama ""has lost more members of the House and more members of the Senate than any president ever has lost"" in modern times.",mostly-true,"comments on ABC's ""This Week""",Elections; PunditFact,Jon Greenberg,"December 7, 2014",https://www.politifact.com/factchecks/2014/dec/07/matthew-dowd/has-president-obama-lost-more-democratic-seats-con/
Keisha Lance Bottoms,"November 28, 2014","Atlanta Mayor Kasim Reed became a city resident in the last annexation, opening the door to his candidacy.",mostly-true,Atlanta Journal-Constitution story,Georgia; Elections,April Hunt,"December 3, 2014",https://www.politifact.com/factchecks/2014/dec/03/keisha-lance-bottoms/councilwoman-right-annexation-drew-reed-city/
Jason Stanford,"November 17, 2014","""Texas had the worst voter participation in the country"" in the November 2014 elections.",mostly-true,commentary,Elections; Population; Texas,Dylan Baddour,"November 25, 2014",https://www.politifact.com/factchecks/2014/nov/25/jason-stanford/democratic-consultant-says-texas-had-nations-lowes/
Scott Walker,"November 11, 2014","In ""the past four or five"" presidential elections, ""people who poll high at the beginning are not the people who end up being the nominees.""",mostly-false,interview,Elections; Polls and Public Opinion; Wisconsin,Tom Kertscher,"November 24, 2014",https://www.politifact.com/factchecks/2014/nov/24/scott-walker/those-who-poll-well-early-dont-become-presidential/
David Hallock,"November 12, 2014","In rural Virginia, ""Sen. Warner ran 8-10 points ahead of a traditional Democrat -- ahead of Senator Kaine, ahead of Governor McAuliffe.""",false,forum,Elections; Virginia,Warren Fiske,"November 21, 2014",https://www.politifact.com/factchecks/2014/nov/21/david-hallock/mark-warner-got-more-rural-votes-other-democratic-/
Robin Vos,"November 5, 2014","In Wisconsin, unions can essentially give ""unlimited"" contributions to political parties, but business can't give any.",mostly-true,interview,Campaign Finance; Corporations; Elections; Small Business; Unions; Wisconsin,Tom Kertscher,"November 21, 2014",https://www.politifact.com/factchecks/2014/nov/21/robin-vos/wisconsin-unions-can-give-unlimited-funds-politica/
Brit  Hume,"November 10, 2014","""It is senior citizens, not Hispanics, who are the fastest-growing demographic in this country.""",mostly-false,interview on Fox News,Immigration; Elections; Population; PunditFact,Jon Greenberg,"November 13, 2014",https://www.politifact.com/factchecks/2014/nov/13/brit-hume/hume-senior-vote-growing-faster-hispanic/
Jose Diaz-Balart,"November 9, 2014","""Every single day in this country, 1,000 people are deported and the vast majority of those people that are deported aren't criminals.""",half-true,"broadcast of NBC's ""Meet the Press""",Immigration; Elections; PunditFact,Jon Greenberg,"November 12, 2014",https://www.politifact.com/factchecks/2014/nov/12/jose-diaz-balart/diaz-balart-vast-majority-deportees-arent-criminal/
Scott Walker,"November 7, 2014","""The president of the United States came in the Tuesday before the election in a ward that went 99% for him in the last election and they couldn't even (increase) the vote there.""",true,interview,Elections; Wisconsin,Dave Umhoefer,"November 12, 2014",https://www.politifact.com/factchecks/2014/nov/12/scott-walker/scott-walker-obama-visit-failed-boost-democratic-t/
Robert Healey,"November 5, 2014",I spent only $36.29 on my campaign for governor.,true,interviews,Rhode Island; Campaign Finance; Elections; Jobs,C. Eugene Emery Jr.,"November 9, 2014",https://www.politifact.com/factchecks/2014/nov/09/robert-healey/ri-moderate-partys-robert-healey-says-he-only-spen/
Sean Spicer,"November 2, 2014","The last time Republican U.S. Senate candidates ""beat more than two (incumbents) was 1980.""",true,"comments on CNN's ""State of the Union""",National; Elections,Lauren Carroll,"November 2, 2014",https://www.politifact.com/factchecks/2014/nov/02/sean-spicer/last-time-gop-defeated-two-senate-incumbent-democr/
Jonathan Karl,"November 2, 2014","""Kansas has not elected somebody other than a Republican (to the U.S. Senate) since before 'The Wizard of Oz' hit the movie theaters.""",true,"comments on ABC's ""This Week""",Elections; PunditFact,Katie Sanders,"November 2, 2014",https://www.politifact.com/factchecks/2014/nov/02/jonathan-karl/last-time-kansans-elected-someone-other-republican/
David Perdue,"October 7, 2014","Says U.S. Senate candidate Michelle Nunn was ""handpicked"" by President Barack Obama",half-true,U.S. Senate debate,Georgia; Bipartisanship; Elections,April Hunt,"November 1, 2014",https://www.politifact.com/factchecks/2014/nov/01/david-perdue/democrats-want-nunn-know-she-will-often-oppose-the/
Scott Walker,"October 14, 2014","The gender gap in his support is ""not unique to me"" and ""there’s not a huge gap from where Republicans have been in presidential, gubernatorial and US Senate elections"" in recent years.",mostly-true,interview,Elections; Women; Wisconsin,Craig Gilbert,"October 31, 2014",https://www.politifact.com/factchecks/2014/oct/31/scott-walker/scott-walker-says-gender-gap-his-support-similar-o/
Megyn Kelly,"October 21, 2014","A new Colorado law ""literally allows residents to print ballots from their home computers, then encourages them to turn ballots over to ‘collectors.’ """,false,"segment on ""The Kelly File""",Elections; PunditFact,Katie Sanders,"October 30, 2014",https://www.politifact.com/factchecks/2014/oct/30/megyn-kelly/megyn-kellys-errant-claim-about-colorado-voters-pr/
Tucker Carlson,"October 2, 2014","Democrats give ""Newports to the homeless to get them to the polls.""",half-true,"broadcast of Fox News' ""Outnumbered""",Elections; PunditFact,Jon Greenberg,"October 28, 2014",https://www.politifact.com/factchecks/2014/oct/28/tucker-carlson/carlson-democrats-use-newports-get-out-homeless-vo/
Rick Scott,"October 21, 2014","Says Charlie Crist wants felons who ""commit a heinous crime"" such as ""intentional permanent disfigurement of a child, you walk out of jail, you immediately get to vote.""",mostly-false,CNN debate,Elections; Crime; Florida,Amy Sherman,"October 27, 2014",https://www.politifact.com/factchecks/2014/oct/27/rick-scott/rick-scott-says-charlie-crist-favors-violent-felon/
Nathan Deal,"October 22, 2014",Georgia has elected more African-American leaders than any other state in the country.,mostly-false,Atlanta Journal-Constitution story,Georgia; Elections; Race and Ethnicity,April Hunt,"October 27, 2014",https://www.politifact.com/factchecks/2014/oct/27/nathan-deal/deal-overstates-georgia-tops-black-elected-officia/
John Carlevale,"October 19, 2014","Four members of the Rhode Island General Assembly ""went to vote in 2010 and were told they had already voted.""",false,TV debate,Rhode Island; Debates; Elections; Legal Issues,Alex Kuffner,"October 26, 2014",https://www.politifact.com/factchecks/2014/oct/26/john-carlevale/john-carlevale-says-four-ri-legislators-were-victi/
Larry Pressler,"October 16, 2014","""All four on Mount Rushmore, they were all independents at one critical point in their career.""",false,campaign forum,National; Elections; History,Steve Contorno,"October 16, 2014",https://www.politifact.com/factchecks/2014/oct/16/larry-pressler/larry-pressler-independent-senate-candidate-claims/
Michelle Nunn,"October 7, 2014",The United States was not one of 16 countries where David Perdue said in his Pillowtex deposition that he created jobs.,mostly-false,U.S. Senate debate,Georgia; Elections,April Hunt,"October 14, 2014",https://www.politifact.com/factchecks/2014/oct/14/michelle-nunn/key-context-missing-attack-perdues-job-record/
Brad Schimel,"October 1, 2014","""An overwhelming majority of Republican and Democrat law enforcement leaders have endorsed Brad Schimel.""",half-true,campaign TV ad,Criminal Justice; Elections; Wisconsin,Dave Umhoefer,"October 13, 2014",https://www.politifact.com/factchecks/2014/oct/13/brad-schimel/brad-schimel-says-most-republican-and-democrat-col/
Michelle Nunn,"October 7, 2014",David Perdue did not support the 2014 farm bill that U.S. Sens. Isakson and Chambliss did.,mostly-true,U.S. Senate debate,Georgia; Agriculture; Elections,April Hunt,"October 13, 2014",https://www.politifact.com/factchecks/2014/oct/13/michelle-nunn/nunn-right-about-perdues-opposition-farm-bill/
David Perdue,"October 7, 2014",Michelle Nunn ranks agriculture issues as the 18th most important items facing Georgia.,mostly-false,U.S. Senate debate,Georgia; Agriculture; Elections,April Hunt,"October 10, 2014",https://www.politifact.com/factchecks/2014/oct/10/david-perdue/perdues-agriculture-against-nunn-claim-base/
Democratic Congressional Campaign Committee,"September 30, 2014","Says U.S. Rep. Steve Southerland ""voted himself health care for life.""",pants-fire,campaign commercial,Elections; Health Care; Florida,Joshua Gillin,"October 8, 2014",https://www.politifact.com/factchecks/2014/oct/08/democratic-congressional-campaign-committee/democrats-accuse-southerland-seeking-health-care-l/
One Wisconsin Now,"September 26, 2014","Scott Walker was elected governor on a promise not to take campaign contributions ""from the date of his inauguration until the signing of the state budget,"" but broke it by taking nearly $5.6 million.",false,news release,Campaign Finance; Elections; State Budget; Wisconsin,Tom Kertscher,"September 29, 2014",https://www.politifact.com/factchecks/2014/sep/29/one-wisconsin-now/scott-walker-pledged-not-take-campaign-money-durin/
Laura Ingraham,"September 28, 2014","This Congress ""adjourned earliest of any time in congressional history before an election.""",false,"comments on ABC's ""This Week""",Congress; Elections; History; PunditFact,Jon Greenberg,"September 28, 2014",https://www.politifact.com/factchecks/2014/sep/28/laura-ingraham/current-congress-adjourned-earlier-election-year-a/
David Perdue,"September 17, 2014","""Michelle Nunn’s own plan says she funded organizations linked to terrorists.""",pants-fire,a television ad,Georgia; Elections; Terrorism,April Hunt,"September 26, 2014",https://www.politifact.com/factchecks/2014/sep/26/david-perdue/perdues-attempt-tar-nunn-terrorist-link-fails/
Greg Abbott,"September 19, 2014","""The FBI is involved in an investigation about people in the Rio Grande Valley who are using cocaine to buy votes.""",mostly-true,debate,Drugs; Elections; Crime; Texas,W. Gardner Selby,"September 24, 2014",https://www.politifact.com/factchecks/2014/sep/24/greg-abbott/greg-abbott-recaps-fbi-complaints-about-cocaine-tr/
Wendy Davis,"September 19, 2014","Greg Abbott ""heads up a party whose platform calls for the repeal of the Voting Rights Act.""",mostly-true,debate,Civil Rights; Elections; Texas,W. Gardner Selby,"September 24, 2014",https://www.politifact.com/factchecks/2014/sep/24/wendy-davis/wendy-davis-says-republican-party-texas-platform-c/
Michelle Nunn,"September 13, 2014","Michelle Nunn ""spent most of her childhood"" in Perry, Ga.",mostly-false,fundraiser invitation,Georgia; Elections,April Hunt,"September 19, 2014",https://www.politifact.com/factchecks/2014/sep/19/michelle-nunn/nunn-invitation-exaggerates-her-youth-georgia/
Robert Sarvis,"September 1, 2014","""Over 40 of our 100 (House of) Delegates seats go uncontested every year, and over 40 percent of our state senate seats go uncontested every year.""",mostly-true,speech,Elections; Virginia,Sean Gorman,"September 14, 2014",https://www.politifact.com/factchecks/2014/sep/14/robert-sarvis/sarvis-says-over-40-percent-virginias-general-asse/
Shemia Fagan,"August 15, 2014","""I sponsored the new Buy American law""",false,Oregon Voters' Pamphlet statement,Oregon; Elections,Dana Tims,"September 12, 2014",https://www.politifact.com/factchecks/2014/sep/12/shemia-fagan/did-oregon-state-rep-shemia-fagan-sponsor-new-buy-/
Mark Obenshain,"August 13, 2014","Virginia Democrats recently enforced voter ID rules that were ""considerably more stringent than those contained in the state law they denounce.""",half-true,newsletter.,Elections; Virginia,Nancy  Madsen,"September 9, 2014",https://www.politifact.com/factchecks/2014/sep/09/mark-obenshain/obenshain-says-democrats-exceeded-voter-id-law-rec/
Chuck Todd,"September 7, 2014","""Eight out of the nine states with competitive Senate races, Hispanics make up less than 10 percent of the electorate.""",true,"comment on ""Meet the Press.""",Elections; Race and Ethnicity; Population; PunditFact,Linda Qiu,"September 7, 2014",https://www.politifact.com/factchecks/2014/sep/07/chuck-todd/chuck-todd-said-8-9-states-toss-senate-races-are-l/
Greater Wisconsin Committee,"August 20, 2014","""Scott Walker gave Wisconsin job creation money to his cronies: corporate friends who contributed to his campaigns"" and got $570 million in job-development incentives",false,campaign TV ad,Campaign Finance; Economy; Elections; Wisconsin,Dave Umhoefer,"September 3, 2014",https://www.politifact.com/factchecks/2014/sep/03/greater-wisconsin-political-fund/greater-wisconsin-committee-says-walker-gave-570-m/
Jody Hice,"January 24, 2014","Thomas Jefferson said, ""That government is best which governs the least, because its people discipline themselves.""",false,Facebook post,Georgia; Elections,April Hunt,"September 3, 2014",https://www.politifact.com/factchecks/2014/sep/03/jody-hice/so-says-thomas-jefferson-you-might-reconsider/
John Carlevale,"August 10, 2014","""Over 60 percent of the provisional ballots cast in [the 2012] election were disqualified because those folks were not duly registered as voters.""",half-true,"interview on WPRI's ""Newsmakers"" program",Rhode Island; Elections; History,C. Eugene Emery Jr.,"August 26, 2014",https://www.politifact.com/factchecks/2014/aug/26/john-carlevale/john-carlevale-60-provisional-ballots-2012-ri-elec/
Allan Fung,"August 18, 2014","""Nazi imagery [was used] by the Block for Governor campaign to describe supporters of Allan Fung for Governor.""",false,news release,Rhode Island; Elections; History; Human Rights; Negative Campaigning,C. Eugene Emery Jr.,"August 24, 2014",https://www.politifact.com/factchecks/2014/aug/24/allan-fung/allan-fung-says-ken-blocks-campaign-compared-fung-/
Republican Party of Florida,"August 7, 2014","Says Charlie Crist rode on a jet that ""belongs to a serial polluter with a history of environmental violations fined nearly $2 million for polluting water.""",true,campaign commercial,Climate Change; Elections; Florida,Joshua Gillin,"August 15, 2014",https://www.politifact.com/factchecks/2014/aug/15/republican-party-florida/charlie-crist-used-jet-owned-serial-polluter-rpof-/
Kasim Reed,"July 15, 2014",Kasim Reed has kept every promise he made as a candidate.,mostly-true,press release,Georgia; City Government; Elections,April Hunt,"August 15, 2014",https://www.politifact.com/factchecks/2014/aug/15/kasim-reed/cynics-beware-promises-appear-track/
Bob Donovan,"July 29, 2014","""There has never been an alderman who has defeated an incumbent mayor in the history of this great city.""",true,speech,Elections; Wisconsin,Dave Umhoefer,"August 6, 2014",https://www.politifact.com/factchecks/2014/aug/06/bob-donovan/bob-donovan-wants-to-go-where-no-alderman-has-gone/
Rick Scott,"August 1, 2014","""Attorney General Eric Holder’s own Justice Department precleared the voting changes in the 2011 law"" about early voting in Florida.",half-true,press statement,Elections; Florida,Amy Sherman,"August 4, 2014",https://www.politifact.com/factchecks/2014/aug/04/rick-scott/eric-holder-signed-floridas-2011-early-voting-law-/
Scott Walker,"July 24, 2014","""Mitt Romney did not run his campaign on the basis of arguing his experience in the business world was a reason to vote for him.""",pants-fire,interview,Elections; Negative Campaigning; Wisconsin,Dave Umhoefer,"August 4, 2014",https://www.politifact.com/factchecks/2014/aug/04/scott-walker/scott-walker-says-mitt-romney-didnt-run-his-busine/
Nathan Deal,"July 17, 2014","Says Jason Carter has ""gotten David Axelrod to come down and be his campaign advisor.""",false,radio interview,Georgia; Elections,Nancy Badertscher,"July 29, 2014",https://www.politifact.com/factchecks/2014/jul/29/nathan-deal/deal-wrong-axelrod-not-working-carter/
Glenn Grothman,"July 15, 2014","""The fundraising numbers are in, and our grassroots support is unmatched!""",false,a Facebook posting,Campaign Finance; Elections; Wisconsin,Dave Umhoefer,"July 27, 2014",https://www.politifact.com/factchecks/2014/jul/27/glenn-grothman/glenn-grothman-says-he-leads-grassroots-financial-/
Jason Riley,"July 14, 2014","""Black voter turnout in 2012 exceeded the rate of white voter turnout, even in the states with the strictest voter ID laws.""",true,"comments on Fox News' ""The Kelly File'",Elections; PunditFact,Linda Qiu,"July 17, 2014",https://www.politifact.com/factchecks/2014/jul/17/jason-riley/black-voter-turnout-exceed-white-voter-turnout-eve/
Brad Schimel,"June 26, 2014","Says attorney general candidate Jon Richards ""went so far to say he would only enforce the laws with which he personally agreed.""",false,fund-raising email,Elections; Ethics; Legal Issues; LGBTQ; Marriage; Guns; Wisconsin,Tom Kertscher,"July 16, 2014",https://www.politifact.com/factchecks/2014/jul/16/brad-schimel/democratic-candidate-attorney-general-would-only-d/
Mike Collins,"June 23, 2014",Another great endorsement! Barrow Journal explains the difference between me and Jody Hice.,half-true,Twitter post,Georgia; Elections,April Hunt,"July 12, 2014",https://www.politifact.com/factchecks/2014/jul/12/mike-collins/details-missing-endorsement-claim/
Rick Scott,"June 25, 2014","""Candidates for governor routinely disclose"" their spouses’ tax returns.",mostly-true,campaign commercial,Campaign Finance; Elections; Florida,Joshua Gillin,"June 26, 2014",https://www.politifact.com/factchecks/2014/jun/26/rick-scott/rick-scott-says-gubernatorial-candidates-routinely/
Chain email,"June 18, 2014","Says Barack Obama is the ""first president to appoint 45 czars to replace elected officials in his office.""",false,chain email,National; Elections,Shannon Beckham,"June 25, 2014",https://www.politifact.com/factchecks/2014/jun/25/chain-email/obama-appointed-45-czars-replace-elected-officials/
Bill Nelson,"June 13, 2014","""Gov. Rick Scott signed into law a bill that gives Florida's public officials an easy way to avoid disclosing their personal finances.""",half-true,his campaign website,Elections; Transparency; Florida,Joshua Gillin,"June 23, 2014",https://www.politifact.com/factchecks/2014/jun/23/bill-nelson/rick-scott-signed-law-give-politicians-easy-way-av/
Donna Brazile,"June 22, 2014","The IRS ""also investigated liberal groups, groups that had progressive in their name. ... The IRS was basically looking at everybody.""",half-true,"comments on CNN's ""State of the Union""",Elections; Taxes; PunditFact,Steve Contorno,"June 22, 2014",https://www.politifact.com/factchecks/2014/jun/22/donna-brazile/donna-brazile-no-conspiracy-here-irs-targeted-libe/
Put Alaska First PAC,"June 2, 2014","""It was Dan Sullivan who wrote a bill to cut Alaskans out of those decisions"" about where they can hunt and fish.",half-true,television ad,Environment; National; Congress; Elections; Government Regulation; Negative Campaigning,Lauren Carroll,"June 13, 2014",https://www.politifact.com/factchecks/2014/jun/13/put-alaska-first-pac/pac-ad-says-republican-senate-candidate-dan-sulliv/
Scott Walker,"June 1, 2014","Under Wisconsin law, ""anyone who knows anything about a John Doe"" secret criminal investigation ""can't talk about it.""",half-true,TV interview,Campaign Finance; County Government; Criminal Justice; Elections; Crime; Wisconsin,Tom Kertscher,"June 12, 2014",https://www.politifact.com/factchecks/2014/jun/12/scott-walker/wisconsin-law-prohibits-anyone-who-knows-about-sec/
Hillary Clinton,"June 9, 2014","""We came out of the White House not only dead broke, but in debt.""",mostly-false,interview on ABC,National; Candidate Biography; Elections,Jon Greenberg,"June 10, 2014",https://www.politifact.com/factchecks/2014/jun/10/hillary-clinton/hillary-clinton-says-she-and-bill-were-dead-broke/
Steve King,"May 22, 2014","Says Rep. Maxine Waters, D-Calif., only needs about 40,000 to 50,000 votes to win election to Congress compared with the 120,000 votes King needs, because Waters has a higher immigrant population.",half-true,House floor speech,National; Elections; Population,Louis Jacobson,"May 30, 2014",https://www.politifact.com/factchecks/2014/may/30/steve-king/rep-steve-king-says-maxine-waters-wins-election-co/
Karl Rove,"May 8, 2014","Says Hillary Clinton spent 30 days in the hospital in 2012 and appeared ""wearing glasses that are only for people who have traumatic brain injury.""",false,panel discussion,Elections; PunditFact,Jon Greenberg,"May 14, 2014",https://www.politifact.com/factchecks/2014/may/14/karl-rove/rove-clinton-hospital-stay-and-glasses-point-traum/
Kyle Williams,"May 6, 2014","State Rep. Elena Parent ""supported Governor Nathan Deal’s plan to slash the HOPE scholarship.""",false,campaign fllier,Georgia; Education; Elections,Eric Stirgus,"May 13, 2014",https://www.politifact.com/factchecks/2014/may/13/kyle-williams/can-candidate-be-too-conservative/
Deborah Kafoury,"April 15, 2014","""When Deborah took office, the (Sellwood Bridge) project had languished for years, with only $11 million in funds. With her leadership the remaining funding was secured that got the project moving forward.""",mostly-true,campaign website statement,Oregon; County Government; Elections; Infrastructure,Dana Tims,"May 8, 2014",https://www.politifact.com/factchecks/2014/may/08/deborah-kafoury/did-deborah-kafourys-leadership-take-sellwood-brid/
Defending Main Street,"April 17, 2014","Says the Club for Growth tries to defeat Republicans, and that its president called Nancy Pelosi ""the person I respect the most in Washington.""",mostly-false,campaign ad,National; Campaign Finance; Congress; Elections; Negative Campaigning,Steve Contorno,"May 7, 2014",https://www.politifact.com/factchecks/2014/may/07/defending-main-street/did-club-growth-president-say-he-respected-nancy-p/
Robert Walsh,"April 20, 2014","Says gubernatorial candidate Clay Pell ""hasn't spent a dime on advertising.""",pants-fire,"interview on WPRI's ""Newsmakers"" program",Rhode Island; Campaign Finance; Elections; Polls and Public Opinion,C. Eugene Emery Jr.,"May 2, 2014",https://www.politifact.com/factchecks/2014/may/02/robert-walsh/neari-executive-director-robert-walsh-jr-says-cand/
Annette Taddeo,"April 21, 2014","""Over 20 percent of the electorate is Hispanic"" in Florida.",half-true,interview on MSNBC,Elections; Florida,Amy Sherman,"April 28, 2014",https://www.politifact.com/factchecks/2014/apr/28/annette-taddeo-goldstein/rick-scott-and-charlie-crist-battle-hispanic-vote-/
MSNBC,"April 25, 2014","Says Charlie Crist's campaign bashed Sen. Bill Nelson's ""big-government solutions.""",pants-fire,"graphic during ""The Daily Rundown""",Elections; PunditFact,Katie Sanders,"April 25, 2014",https://www.politifact.com/factchecks/2014/apr/25/msnbc/msnbc-labels-florida-republican-charlie-crist-advi/
Barack Obama,"April 11, 2014","The U.S. Justice Department has ""taken on more than 100 voting rights cases since 2009.""",half-true,speech,Civil Rights; Elections; Florida,Amy Sherman,"April 23, 2014",https://www.politifact.com/factchecks/2014/apr/23/barack-obama/obama-boasts-about-number-voting-rights-cases-take/
Jim DeMint,"March 7, 2014","""The big Wall Street banks, the big corporations"" give ""many times more"" political donations to Democrats than Republicans.",false,interview,Campaign Finance; Corporations; Elections; Wisconsin,Tom Kertscher,"April 16, 2014",https://www.politifact.com/factchecks/2014/apr/16/jim-demint/not-many-times-more-democrats-sometimes-do-raise-m/
Dick Morris,"April 7, 2014","A North Carolina study proves that ""probably over a million people voted twice in (the 2012) election.""",false,"a broadcast of Fox News' ""Hannity""",Elections; PunditFact,Jon Greenberg,"April 10, 2014",https://www.politifact.com/factchecks/2014/apr/10/dick-morris/dick-morris-theres-proof-over-1-million-people-vot/
Joe Scarborough,"April 10, 2014","Before ""our last three presidents, you have to go back to the 1800s, early 1800s to find three presidents in a row being consecutively re-elected.""",true,"comments on MSNBC's ""Morning Joe""",Elections; History; PunditFact,Aaron Sharockman,"April 10, 2014",https://www.politifact.com/factchecks/2014/apr/10/joe-scarborough/how-rare-it-we-had-three-presidents-re-elected-con/
Heather McGhee,"April 2, 2014","""Less than 1 percent of 1 percent of the American population has given an amount over $200"" to a federal political campaign.",mostly-false,interview on MSNBC,Elections; PunditFact,Jon Greenberg,"April 3, 2014",https://www.politifact.com/factchecks/2014/apr/03/heather-mcghee/heather-mcghee-less-1-1-give-200-or-more-campaigns/
Rush Limbaugh,"March 19, 2014","Wisconsin is ""one of the bluest"" states, but under Scott Walker its unemployment rate ""is around 3.5%.""",false,radio commentary,Bipartisanship; Elections; Jobs; Labor; States; Wisconsin,Tom Kertscher,"April 2, 2014",https://www.politifact.com/factchecks/2014/apr/02/rush-limbaugh/wisconsin-heavily-democratic-state-and-yet-under-s/
Occupy Democrats,"December 26, 2013","""Nine out of the 10 poorest states are Red states.""",mostly-true,Facebook post,Rhode Island; Corrections and Updates; Economy; Elections; Income; Poverty; Wealth,C. Eugene Emery Jr.,"March 28, 2014",https://www.politifact.com/factchecks/2014/mar/28/occupy-democrats/pro-democrat-group-says-9-10-poorest-states-are-re/
Ed Schultz,"March 24, 2014","Health insurance and medical costs ""are going down because of Obamacare.""",mostly-false,"broadcast of ""The Ed Show""",Elections; Health Care; PunditFact,Jon Greenberg,"March 28, 2014",https://www.politifact.com/factchecks/2014/mar/28/ed-schultz/ed-schultz-obamacare-driving-costs-down/
Karl Rove,"March 16, 2014","Russian annexation of Crimea ""removes a million residents of the Ukraine that have provided the margin of victory for (Viktor) Yanukovych, the pro-Moscow prime minister in his last election.""",mostly-true,"panel discussion on ""Fox News Sunday""",Elections; Foreign Policy; PunditFact,Louis Jacobson,"March 19, 2014",https://www.politifact.com/factchecks/2014/mar/19/karl-rove/karl-rove-says-crimea-annexation-removes-viktor-ya/
Rock the Vote,"March 11, 2014","Says 50 percent of millennials don’t associate with ""any political party.""",half-true,tweet,Elections; Polls and Public Opinion; Florida,Amy Sherman,"March 17, 2014",https://www.politifact.com/factchecks/2014/mar/17/rock-vote/half-millennials-dont-associate-democrat-or-republ/
Katrina vanden Heuvel,"March 16, 2014","""The majority support (raising) the minimum wage.""",true,"broadcast of ABC's ""This Week""",Economy; Elections; PunditFact,Jon Greenberg,"March 16, 2014",https://www.politifact.com/factchecks/2014/mar/16/katrina-vanden-heuvel/do-most-americans-favor-hike-minimum-wage/
Rand Paul,"March 9, 2014","""The president won the youth vote 3 to 1, but his numbers have dropped 20, 30 percent among the youth.""",mostly-true,'Fox News Sunday' interview,National; Elections; Polls and Public Opinion,Julie Kliegman,"March 9, 2014",https://www.politifact.com/factchecks/2014/mar/09/rand-paul/sen-paul-says-obama-lost-youth-support/
National Republican Congressional Committee,"February 12, 2014","Obamacare includes a ""$700 billion cut from Medicare for seniors.""",half-true,television ad,National; Elections; Health Care; Medicare,Steve Contorno,"February 14, 2014",https://www.politifact.com/factchecks/2014/feb/14/national-republican-congressional-committee/nrcc-says-obamacare-cuts-money-medicare-and-senior/
George Will,"February 6, 2014","Says President Barack Obama carried Congressional District 13 ""by 8.2 points in 2008 and 5.6 points in 2012.""",false,"""Washington Post"" column",Elections; PunditFact,Katie Sanders,"February 6, 2014",https://www.politifact.com/factchecks/2014/feb/06/george-will/presidential-election-results-rep-cw-bill-youngs-o/
George Will,"February 6, 2014","""Any Floridian who has ever requested an absentee ballot henceforth gets one automatically.""",false,"""Washington Post"" column",Elections; PunditFact,Katie Sanders,"February 6, 2014",https://www.politifact.com/factchecks/2014/feb/06/george-will/george-will-says-any-floridian-who-has-ever-reques/
Alex Sink,"February 3, 2014","Pinellas County voters ""elected me as their chief financial officer … (and) elected me as (their) governor four years ago.""",true,debate,Elections; Florida,Julie Kliegman,"February 5, 2014",https://www.politifact.com/factchecks/2014/feb/05/alex-sink/alex-sink-says-pinellas-county-voted-her-be-cfo-go/
Bill O'Reilly,"February 2, 2014",Says he didn't tell viewers that the Obama campaign hid news about the motives behind the attack in Benghazi because Obama was running for re-election.,mostly-false,special broadcast on Fox,Elections; Foreign Policy; PunditFact,Jon Greenberg,"February 4, 2014",https://www.politifact.com/factchecks/2014/feb/04/bill-oreilly/oreilly-denies-accusing-wh-political-motives-early/
Wayne Thorburn,"January 8, 2014",Nearly 90% of Travis County government races will be settled by the time of the Democratic primary.,mostly-true,opinion column,County Government; Elections; Texas,Sue Owen,"January 30, 2014",https://www.politifact.com/factchecks/2014/jan/30/wayne-thorburn/only-3-republicans-19-travis-county-races/
Desmond Meade,"January 15, 2014","Of the approximately 6 million disenfranchised felons in the United States, ""one-quarter are Floridians.""",mostly-true,"""BloggingBlackMiami"" blog post",Elections; Crime; Florida,Amy Sherman,"January 23, 2014",https://www.politifact.com/factchecks/2014/jan/23/desmond-meade/one-quarter-disenfranchised-felons-live-florida/
Florida for All,,"""Rick Scott’s Administration spent over $100,000 of taxpayer money during their first voter purge attempt in 2012.""",mostly-false,,Elections; Florida,Amy Sherman,"January 23, 2014",https://www.politifact.com/factchecks/2014/jan/23/florida-all/florida-spent-over-100000-noncitizen-voter-purge-2/
Lloyd  Doggett,"November 22, 2013","Travis County is ""surrounded by red counties.""",true,video,Bipartisanship; Elections; Texas,W. Gardner Selby,"January 21, 2014",https://www.politifact.com/factchecks/2014/jan/21/lloyd-doggett/historically-blue-travis-county-surrounded-red-cou/
Kathleen Peters,"December 13, 2013","""Since 2007 David Jolly has given almost $30,000 to keep Democrats in Congress!""",mostly-true,mailing to 13th Congressional District voters,Elections; Florida,Joshua Gillin,"December 27, 2013",https://www.politifact.com/factchecks/2013/dec/27/kathleen-peters/david-jolly-gave-almost-30000-keep-democrats-congr/
Gilberto Hinojosa,"December 10, 2013","""This is the first time in Texas history -- and only the fourth time in United States history -- that two women are running for the top spots.""",half-true,email blast,Elections; Women; Texas,W. Gardner Selby,"December 26, 2013",https://www.politifact.com/factchecks/2013/dec/26/gilberto-hinojosa/two-women-running-top-state-offices-isnt-unusual-t/
Mary Burke,"December 13, 2013","""Scott Walker raises nearly 70 percent of his money from out of state""",mostly-false,interview,Elections; Wisconsin,Dave Umhoefer,"December 22, 2013",https://www.politifact.com/factchecks/2013/dec/22/mary-burke/mary-burke-says-70-percent-money-contributed-scott/
Mark Obenshain,"November 27, 2013","""Of the four statewide races this century within a 300-vote margin, three have been overturned in a recount.""",true,statement.,Elections; Virginia,Nancy  Madsen,"December 17, 2013",https://www.politifact.com/factchecks/2013/dec/17/mark-obenshain/obenshain-says-vote-recounts-have-reversed-3-4-clo/
Howard Fineman,"December 10, 2013","Says Rep. Steve Stockman ""basically wants gun-filled zones in schools.""",true,"comments on MSNBC's ""All In with Chris Hayes""",Elections; PunditFact; Guns,Jon Greenberg,"December 13, 2013",https://www.politifact.com/factchecks/2013/dec/13/howard-fineman/howard-fineman-steve-stockman-wants-gun-filled-sch/
Dan Gelber,"November 26, 2013","Gov. Charlie Crist ""sought for and got approved the automatic restoration of felon rights for nonviolent offenders for the first time in Florida history.""",false,Charlie Crist's campaign website,Civil Rights; Elections; Crime; Florida,Amy Sherman,"December 12, 2013",https://www.politifact.com/factchecks/2013/dec/12/dan-gelber/dan-gelber-says-charlie-crist-got-approved-automat/
Mike Tate,"November 17, 2013","Says Gov. Scott Walker has dropped Wisconsin ""to 45th in the nation in job growth prospects while campaigning for president out of state.""",mostly-false,fund-raising email,Economy; Elections; Jobs; Wisconsin,Tom Kertscher,"December 1, 2013",https://www.politifact.com/factchecks/2013/dec/01/mike-tate/scott-walker-responsible-wisconsins-low-and-droppi/
Lloyd  Doggett,"November 4, 2013","""During the last election, Democrats won over a million votes more than Republicans, but because of the way districts are designed, the Republicans got 33 more members of the House of Representatives than the Democrats did.""",mostly-true,guest lecture,Bipartisanship; Elections; Redistricting; Texas,W. Gardner Selby,"November 26, 2013",https://www.politifact.com/factchecks/2013/nov/26/lloyd-doggett/democrats-outpolled-republicans-who-landed-33-seat/
Pat McCrory,"November 20, 2013","""If you survey, most (North Carolina) Democrats also agree with our (election) laws and voter ID.""",mostly-false,"interview on MSNBC's ""The Daily Rundown""",National; Elections; Legal Issues,Louis Jacobson,"November 22, 2013",https://www.politifact.com/factchecks/2013/nov/22/pat-mccrory/nc-gov-pat-mccrory-says-most-democrats-his-state-a/
Allan Levene,"November 2, 2013",Says there’s no language in the U.S. Constitution that prevents someone from running for Congress simultaneously in multiple states.,true,article,Georgia; Elections,Eric Stirgus,"November 20, 2013",https://www.politifact.com/factchecks/2013/nov/20/allan-levene/candidate-planning-run-congress-four-states/
Greg Abbott,"November 4, 2013","In ""reality,"" there have ""been no problems whatsoever"" with the Texas voter ID law.",mostly-false,as quoted,Elections; Texas,W. Gardner Selby,"November 19, 2013",https://www.politifact.com/factchecks/2013/nov/19/greg-abbott/texas-problems-voter-id-law-popped-during-earl/
Ken Detzner,"November 4, 2013","One of the ""main functions"" of the Department of Homeland Security’s SAVE database is ""checking voter registration citizenship status.""",false,state Senate ethics and elections committee hearing,Elections; Florida,Amy Sherman,"November 14, 2013",https://www.politifact.com/factchecks/2013/nov/14/ken-detzner/main-functions-save-database-department-homeland-s/
Miriam Martinez,"November 11, 2013","I am ""the first Latina to run for governor of Texas.""",false,her campaign website,Candidate Biography; Elections; History; Race and Ethnicity; Texas,W. Gardner Selby,"November 13, 2013",https://www.politifact.com/factchecks/2013/nov/13/miriam-martinez/edinburg-candidate-least-second-latina-run-governo/
George Will,"November 10, 2013",Says 18 states and the District of Columbia have voted Democratic in six consecutive presidential elections.,true,"comments on Fox's ""Fox News Sunday""",Elections; PunditFact,Jon Greenberg,"November 10, 2013",https://www.politifact.com/factchecks/2013/nov/10/george-will/george-will-paints-dire-electoral-picture-gop-says/
Greg Abbott,"November 7, 2013","Wendy Davis is ""fighting to bring ... Bloomberg-style gun control to Texas.""",half-true,donation web page,Elections; States; Guns; Texas,Sue Owen,"November 8, 2013",https://www.politifact.com/factchecks/2013/nov/08/greg-abbott/davis-not-pushing-gun-control-bloomberg-has-favore/
Jonathan Karl,"November 3, 2013","""Before the Republican wave in 2010, Democrats had an advantage on the generic ballot in Congress. Even in 1994 with the Gingrich revolution ... Democrats had that advantage.""",true,"conversation on ABC's ""This Week""",Elections; PunditFact,Amy Sherman,"November 3, 2013",https://www.politifact.com/factchecks/2013/nov/03/jonathan-karl/jonathan-karl-looks-back-generic-ballot-1994-and-2/
Democratic Governors Association,"October 24, 2013","""Texas Governor Rick Perry’s voter ID law is a blatant effort to defeat Wendy Davis by disenfranchising tens of thousands of women voters.""",pants-fire,email blast,Elections; Women; Texas,W. Gardner Selby,"October 31, 2013",https://www.politifact.com/factchecks/2013/oct/31/democratic-governors-association/no-evidence-behind-claim-2011-voter-id-law-came-be/
League of Women Voters of Florida,"October 10, 2013","The U.S. Department of Homeland Security warned that the SAVE ""database is not a foolproof means of verifying (citizenship on) the voter rolls.""",true,statement,Elections; Florida,Amy Sherman,"October 30, 2013",https://www.politifact.com/factchecks/2013/oct/30/league-women-voters-florida/league-women-voters-says-homeland-security-warned-/
Steve Lonegan,"September 23, 2013","""I would be the first Republican senator elected in New Jersey in 41 years.""",true,interview on the John Gambling radio program,New Jersey; Congress; Elections,Caryn Shinske,"September 29, 2013",https://www.politifact.com/factchecks/2013/sep/29/steve-lonegan/steve-lonegan-claims-he-could-be-first-republican-/
Eddie Bernice  Johnson,"August 8, 2013","""Studies have shown that voter fraud is non-existent in Texas.""",false,opinion column,Elections; Crime; Texas,Sue Owen,"September 13, 2013",https://www.politifact.com/factchecks/2013/sep/13/eddie-bernice-johnson/voter-fraud-occurs-texas-though-convictions-and-gu/
Charlie Crist,"August 17, 2013","In 2012, the state ""put together a list of over 100,000 people that they thought were ineligible to vote. Came out there were less than 10.""",mostly-false,speech to Louisiana Democrats,Elections; Florida,Amy Sherman,"September 12, 2013",https://www.politifact.com/factchecks/2013/sep/12/charlie-crist/charlie-crist-says-secretary-state-put-together-li/
Libertarian Party of Broward County,"August 22, 2013","The Libertarian Party ""is the third-largest political party in the U.S.""",false,Libertarian Party of Broward website,Elections; Florida,Amy Sherman,"September 9, 2013",https://www.politifact.com/factchecks/2013/sep/09/libertarian-party-broward-county/libertarians-say-theyre-third-largest-political-pa/
John Cornyn,"August 8, 2013","According to the U.S. Census Bureau, 71.2 percent of Hispanic registered voters in Texas and over 86 percent of African American registered voters participated in the 2012 elections.",mostly-true,opinion column.,Civil Rights; Elections; Legal Issues; Texas,W. Gardner Selby,"August 16, 2013",https://www.politifact.com/factchecks/2013/aug/16/john-cornyn/cornyn-echoes-survey-latino-african-american-voter/
James Vincent,"August 4, 2013","Twenty four states have voter ID or comparable restrictions; before Barack Obama was elected, it was two.",half-true,"appearance on WPRI-TV's ""Newsmakers.""",Rhode Island; Civil Rights; Elections; History; Human Rights; Legal Issues,C. Eugene Emery Jr.,"August 11, 2013",https://www.politifact.com/factchecks/2013/aug/11/james-vincent/naacp-providence-president-jim-vincent-says-24-sta/
Lone Star Project,"July 14, 2013","Says Greg Abbott ""converted over $1 million in federal grant money intended for use to prosecute online sexual predators and other cyber crimes and instead used it to harass and prosecute senior citizens who were assisting other senior citizens in applying for mail-in ballots.""",false,blog post.,Criminal Justice; Elections; Legal Issues; Crime; Texas,W. Gardner Selby,"August 2, 2013",https://www.politifact.com/factchecks/2013/aug/02/lone-star-project/democratic-group-says-abbott-misspent-1-million-pl/
Sarah Palin,"July 26, 2013","""I was banned from talking about"" Bill Ayers during the 2008 presidential campaign.",pants-fire,interview with Fox News,National; Elections; Pundits; Terrorism,Jon Greenberg,"July 30, 2013",https://www.politifact.com/factchecks/2013/jul/30/sarah-palin/sarah-palin-says-gop-banned-mention-ayers-08/
Michele Bachmann,"July 14, 2013","""The president … by executive order"" could grant voting rights to illegal immigrants who are newly legalized under pending legislation.",pants-fire,interview with World Net Daily,Immigration; National; Elections; Legal Issues,Louis Jacobson,"July 23, 2013",https://www.politifact.com/factchecks/2013/jul/23/michele-bachmann/michele-bachmann-says-barack-obama-can-use-executi/
Karl Rove,"June 26, 2013","The Hispanic population in Gwinnett and Henry counties has increased by 153 percent and 339 percent, respectively, since 2000 while Republican presidential candidates are getting a smaller percentage of the vote in those counties.",mostly-true,op-ed,Georgia; Elections,Eric Stirgus,"July 15, 2013",https://www.politifact.com/factchecks/2013/jul/15/karl-rove/hispanic-growth-georgia-counties-shows-need-better/
Ken Cuccinelli,"June 11, 2013","""I’m the only candidate for governor who’s rolled out any policies so far.""",false,news conference.,Elections; Virginia,Nancy  Madsen,"July 10, 2013",https://www.politifact.com/factchecks/2013/jul/10/ken-cuccinelli/cuccinelli-says-mcauliffe-has-rolled-out-no-polici/
Raymond Gallison,"June 13, 2013","""Seventy-four percent of Rhode Islanders support [a] national popular vote [for president] because they, as I, believe in one person-one vote.""",half-true,House floor debate,Rhode Island; Elections; History; Polls and Public Opinion,C. Eugene Emery Jr.,"June 30, 2013",https://www.politifact.com/factchecks/2013/jun/30/raymond-gallison/ri-rep-raymond-gallison-says-74-percent-rhode-isla/
Stephen Nodine,"June 21, 2013",Says he can be on the ballot for Congress while serving time in jail.,mostly-true,statements to the media,National; Elections,Jon Greenberg,"June 25, 2013",https://www.politifact.com/factchecks/2013/jun/25/stephen-nodine/can-convicted-felon-run-congress-jail/
Bernard Jackvony,"May 31, 2013","""There hasn’t been a Republican in the legislature or the City Council in Providence in over 30 years.""",mostly-false,television interview,Rhode Island; Elections,Gregory Smith,"June 14, 2013",https://www.politifact.com/factchecks/2013/jun/14/bernard-jackvony/bernard-jackvony-says-providence-has-not-elected-r/
Wisconsin Institute for Law & Liberty,"June 4, 2013","Says Madison Mayor Paul Soglin's stated intent when proposing that city contractors disclose private political donations was to ""discourage contributions to organizations with which he disagrees.""",true,web posting,Campaign Finance; Elections; Wisconsin,Dave Umhoefer,"June 12, 2013",https://www.politifact.com/factchecks/2013/jun/12/wisconsin-institute-law-liberty/wisconsin-institute-law-liberty-says-law-aims-disc/
Karl Rove,"May 18, 2013","Says that in Texas, Republican nominees ""get 40 percent of the Latino vote on average.""",mostly-true,speech at the convention of the Georgia Republican Party.,Elections; Texas,W. Gardner Selby,"June 4, 2013",https://www.politifact.com/factchecks/2013/jun/04/karl-rove/karl-rove-says-republicans-running-texas-draw-40-p/
Mark Pocan,"May 13, 2013","""Nothing in the Constitution explicitly guarantees our right to vote.""",true,speech,Elections; Legal Issues; Supreme Court; Wisconsin,Tom Kertscher,"May 30, 2013",https://www.politifact.com/factchecks/2013/may/30/mark-pocan/us-constitution-not-explicit-right-vote-wisconsin-/
Steve King,"May 23, 2013","""Ronald Reagan’s signature on the 1986 amnesty act"" gave Barack Obama about 15 million additional Hispanic votes in 2012.",false,House floor speech,Immigration; National; Elections,Louis Jacobson,"May 29, 2013",https://www.politifact.com/factchecks/2013/may/29/steve-king/steve-king-says-ronald-reagans-1986-amnesty-act-le/
Bryan Long,"April 24, 2013",Fewer Democrats were on the Georgia general election ballot in 2012 than in more than 100 years.,half-true,panel discussion,Georgia; Elections,Janel Davis,"May 29, 2013",https://www.politifact.com/factchecks/2013/may/29/bryan-long/ballot-claim-hard-prove-over-100-years/
Xavier Becerra,"May 19, 2013","""We have a tax code that allows groups to use their political operations within the tax code, under the guise of a charity, to use undisclosed millions of dollars to do political campaigns.""",mostly-true,comment on 'Meet the Press',National; Elections; Taxes,Jon Greenberg,"May 22, 2013",https://www.politifact.com/factchecks/2013/may/22/xavier-becerra/tax-code-allows-groups-spend-undisclosed-donations/
Scott Walker,"March 27, 2013","""Obama for President and Baldwin for Senate have kept their campaign offices up and running in Fox Valley, Eau Claire and La Crosse with their staffs preparing for the next battle.""",false,fund raising letter,Elections; Wisconsin,James B. Nelson,"May 6, 2013",https://www.politifact.com/factchecks/2013/may/06/scott-walker/gov-scott-walker-says-democrats-using-obama-and-ba/
Broward Democratic Executive Committee,"April 11, 2013","Broward County was one of three counties in the nation ""pivotal to an Obama victory"" in 2012.",mostly-false,press release,Elections; Florida,Amy Sherman,"May 3, 2013",https://www.politifact.com/factchecks/2013/may/03/broward-democratic-executive-committee/was-broward-one-three-counties-pivotal-obama/
Bee Moorhead,"April 23, 2013",Says more Austinites voted in the city’s 1973 election featuring a mayor’s race than in the city’s most recent mayoral election.,true,civic summit.,Elections; History; Texas,W. Gardner Selby,"April 30, 2013",https://www.politifact.com/factchecks/2013/apr/30/bee-moorhead/austin-resident-says-turnout-higher-1973-city-elec/
Christopher L. Smith,"April 21, 2013","The election bill ""allows persons to correct an absentee ballot if they did not sign it and requires an extra two hours a day for early voting. Everything else in this bill is discretionary.""",half-true,column,Elections; Florida,Katie Sanders,"April 23, 2013",https://www.politifact.com/factchecks/2013/apr/23/christopher-l-smith/chris-smith-elections-bill-two-required-changes/
John Lewis,"February 24, 2013","""Opponents of Section 5 (of the Voting Rights Act) complain of state expense, yet their only cost is the paper, postage and manpower required to send copies of legislation to the federal government for review.""",half-true,newspaper column,Georgia; Elections; Supreme Court,Janel Davis,"April 3, 2013",https://www.politifact.com/factchecks/2013/apr/03/john-lewis/costs-associated-voting-rights-act-can-vary-case/
Bill Seitz,"March 13, 2013",Says that Secretary of State Jon Husted and former secretary Jennifer Brunner both have supported a provision in Senate Bill 47 that would limit the days organizers have to collect signatures for initiative and referendum petitions.,half-true,testimony before a House committee,Ohio; Elections,Brandon Blackwell,"April 1, 2013",https://www.politifact.com/factchecks/2013/apr/01/bill-seitz/says-secretary-state-jon-husted-and-former-secreta/
Patience  Roggensack,"March 26, 2013","Says she has bipartisan support, including ""53 sheriffs throughout the state, Democrats and Republicans.""",true,candidate forum,Elections; Wisconsin,Tom Kertscher,"March 29, 2013",https://www.politifact.com/factchecks/2013/mar/29/patience-roggensack/wisconsin-supreme-court-justice-patience-roggensac/
Battleground Texas,"February 26, 2013","In 2008, ""only 54 percent of Latinos in Texas were registered to vote and only 35 percent actually turned out.""",mostly-true,"adviser's interview on the ""Colbert Report.""",Elections; Population; Texas,W. Gardner Selby,"March 22, 2013",https://www.politifact.com/factchecks/2013/mar/22/battleground-texas/battleground-texas-says-54-percent-texas-latinos-r/
Robert Kando,"March 7, 2013",Rhode Island is the last state still using the Optech III P voting machines and they don’t meet suggested federal standards.,half-true,testimony before the R.I. House Oversight Committee,Rhode Island; Elections,Tom Mooney,"March 16, 2013",https://www.politifact.com/factchecks/2013/mar/16/robert-kando/head-rhode-island-board-elections-says-state-last-/
Bob Bennett,"March 4, 2013","Ohio Republicans made significant gains during [Chris McNulty’s] time at the ORP, including the extremely successful re-election of President Bush in Ohio.""",mostly-true,news release,Ohio; Elections; States,Henry J.  Gomez,"March 13, 2013",https://www.politifact.com/factchecks/2013/mar/13/bob-bennett/ohio-gop-chairman-bob-bennett-says-party-enjoyed-i/
Ed  Fallone,"March 6, 2013","""The majority of my contributions have been from private individuals"" giving $125 on average, ""not from PACs, not from groups.""",mostly-true,interview,Campaign Finance; Elections; Legal Issues; Wisconsin,Dave Umhoefer,"March 13, 2013",https://www.politifact.com/factchecks/2013/mar/13/ed-fallone/ed-fallone-says-majority-his-contributions-supreme/
Christopher Blazejewski,"February 28, 2013","""In 32 other states and Washington D.C., they [voters] can avoid the wait by voting before Election Day.""",true,news release,Rhode Island; Elections; Public Service,Michael  McKinney,"March 10, 2013",https://www.politifact.com/factchecks/2013/mar/10/christopher-blazejewski/rhode-island-state-rep-christopher-r-blazejewski-s/
John Roberts,"February 27, 2013","""Do you know which state has the worst ratio of white voter turnout to African-American voter turnout? Massachusetts. Do you know what has the best, where African-American turnout actually exceeds white turnout? Mississippi.""",half-true,Supreme Court oral argument,National; Civil Rights; Elections; Legal Issues,Louis Jacobson,"March 5, 2013",https://www.politifact.com/factchecks/2013/mar/05/john-roberts/was-chief-justice-john-roberts-right-about-voting-/
Greg Abbott,"February 12, 2013","Says the ""last non-partisan commission to improve the voting experience in America concluded that #VoterID was necessary.""",true,Twitter post.,Elections; Texas,W. Gardner Selby,"March 1, 2013",https://www.politifact.com/factchecks/2013/mar/01/greg-abbott/greg-abbott-says-last-non-partisan-body-election-r/
Tim Knopp,"February 12, 2013",Knopp says he upheld a campaign promise not to join the Public Employees Retirement System (PERS).,mostly-true,press release,Oregon; Elections; Pensions; Retirement; State Budget; Transparency,Janie Har,"February 23, 2013",https://www.politifact.com/factchecks/2013/feb/23/tim-knopp/did-tim-knopp-honor-his-pledge-eschew-pers/
Kenneth Block,"January 24, 2013","""More than 9,000 Rhode Island voters used the Moderate Party master lever mechanism and they didn't have a single Moderate on their ballot.""",mostly-true,television interview,Rhode Island; Elections,Michael  McKinney,"February 22, 2013",https://www.politifact.com/factchecks/2013/feb/22/kenneth-block/block-says-moderate-party-has-lots-votes/
Steny Hoyer,"February 12, 2013","""The majority of (the American people) voted for a Democratic House.""",mostly-true,media availability with reporters,National; Congress; Elections,Katie Sanders,"February 19, 2013",https://www.politifact.com/factchecks/2013/feb/19/steny-hoyer/steny-hoyer-house-democrats-won-majority-2012-popu/
Ed FitzGerald,"January 26, 2013",Says he was the first local official to endorse Barack Obama,mostly-false,speech to Ohio College Democrats.,Ohio; Elections,Henry J.  Gomez,"February 13, 2013",https://www.politifact.com/factchecks/2013/feb/13/ed-fitzgerald/ed-fitzgerald-says-he-was-early-obama-supporter-cu/
Chris Matthews,"January 23, 2013","Says U.S. Sen. Ron Johnson, R-Wisconsin, was elected in a ""very low turnout"" race.",half-true,comments on his MSNBC show,Elections; Pundits; Wisconsin,Dave Umhoefer,"February 10, 2013",https://www.politifact.com/factchecks/2013/feb/10/chris-matthews/chris-matthews-says-sen-ron-johnson-was-elected-ve/
Facebook posts,"February 6, 2013 in","""Washington, D.C., now has greater population than Wyoming and Vermont, more active duty military than 29 states, more tax revenue than 29 states (and) a larger domestic product than 27 states.""",half-true,on the Internet,National; Elections,Louis Jacobson,"February 6, 2013",https://www.politifact.com/factchecks/2013/feb/06/facebook-posts/dc-voting-rights-post-offers-hit-and-miss-data/
Internet commenters,"January 21, 2013",A Paul Ryan-Scott Walker (or Scott Walker-Paul Ryan) ticket for the White House in 2016 would be unconstitutional because both men live in Wisconsin.,false,website comments,Elections; Wisconsin,Dave Umhoefer,"January 28, 2013",https://www.politifact.com/factchecks/2013/jan/28/internet-commenters/commenters-say-ryan-walker-ticket-would-be-unconst/
Pink Slip Rick,"January 17, 2013","Says Rick Scott’s proposal for election reform ""only mandates 48 hours of early voting.""",mostly-true,social media posts,Elections; Florida,Katie Sanders,"January 22, 2013",https://www.politifact.com/factchecks/2013/jan/22/pink-slip-rick/pink-slip-rick-rick-scotts-proposal-only-mandates-/
Rick Scott,"January 18, 2013","Says his elections proposal would allow ""a potential of 168 hours (of early voting), which I think is the most we’ve ever had.""",true,TV interview,Elections; Florida,Katie Sanders,"January 22, 2013",https://www.politifact.com/factchecks/2013/jan/22/rick-scott/rick-scott-says-his-plan-would-expand-early-voting/
Club for Growth,"December 12, 2012","""In Minnesota, well over 6,200 election-day registrations from 2008 proved fraudulent.""",false,newsletter,Elections; Legal Issues; States; Wisconsin,Tom Kertscher,"January 16, 2013",https://www.politifact.com/factchecks/2013/jan/16/club-growth/wisconsin-fight-over-election-day-voter-registrati/
Don Gaetz,"January 11, 2013","""I sponsored the amendment that expanded the hours of early voting so that people who have irregular work schedules could vote.""",half-true,editorial board interview,Elections; Florida,Katie Sanders,"January 15, 2013",https://www.politifact.com/factchecks/2013/jan/15/don-gaetz/don-gaetz-says-he-backed-proposal-expand-early-vot/
Kenneth Block,"December 16, 2012","""Eleven states complete their [legislative] sessions within three calendar months, and another five only meet biennially.""",mostly-true,newspaper commentary,Rhode Island; Elections,John Hill,"January 8, 2013",https://www.politifact.com/factchecks/2013/jan/08/kenneth-block/kenneth-block-chairman-rhode-islands-moderate-part/
Ken Detzner,"November 9, 2012","November 2012 was ""a record year of turnout. More people voted before Election Day using absentee ballots and voting early than ever before in our history.""",mostly-true,CNN interview,Elections; Florida,Amy Sherman,"December 7, 2012",https://www.politifact.com/factchecks/2012/dec/07/ken-detzner/florida-elections-chief-says-we-had-record-turnout/
Mark S. Zaccaria,"November 25, 2012","Public employees receive ""something like 25 percent of the paychecks that are issued in Rhode Island.""",false,TV niterview,Rhode Island; Elections; Unions,John Hill,"December 6, 2012",https://www.politifact.com/factchecks/2012/dec/06/mark-zaccaria/ri-gop-chairman-mark-zaccaria-says-public-employee/
Sandy Pasch,"December 29, 2012","Democratic Party candidates for the state Assembly ""actually received 200,000 more votes statewide"" than their Republican counterparts in the 2012 election",mostly-true,radio address,Elections; Wisconsin,Dave Umhoefer,"December 5, 2012",https://www.politifact.com/factchecks/2012/dec/05/sandy-pasch/pasch-says-democrats-outpolled-republicans-statewi/
Broward Republican Executive Committee,"November 5, 2012","The Broward Republican Executive Committee ""had the liberal League of Women Voters Guide removed from the Broward Supervisor of Election's website.""",half-true,post on its website,Elections; Florida,Amy Sherman,"December 3, 2012",https://www.politifact.com/factchecks/2012/dec/03/broward-republican-executive-committee/broward-gop-activists-claim-we-had-liberal-league-/
Josh Mandel,"November 16, 2012","""Our race was the closest U.S. Senate race in Ohio in 36 years -- when Howard Metzenbaum defeated Robert Taft in 1976.""",true,email to supporters,Ohio; Elections,Tom Feran,"November 30, 2012",https://www.politifact.com/factchecks/2012/nov/30/josh-mandel/josh-mandel-says-his-senate-contest-sherrod-brown-/
Raymond Bateman,"November 23, 2012","Says that in the 1985 election former Gov. Tom Kean had ""the largest winning margin for a gubernatorial candidate in Jersey history.""",true,column,New Jersey; Elections; States,Erin O'Neill,"November 29, 2012",https://www.politifact.com/factchecks/2012/nov/29/raymond-bateman/raymond-bateman-says-tom-kean-won-1985-gubernatori/
Robert Menendez,"November 14, 2012","""For the first time in history, the share of the national popular vote margin is smaller than the Latino vote margin.""",mostly-true,speech,New Jersey; Elections,Bill Wichert,"November 26, 2012",https://www.politifact.com/factchecks/2012/nov/26/robert-menendez/us-sen-robert-menendez-says-latino-voters-made-dif/
Emma Darnell,"November 7, 2012","The ""error rates"" for the Fulton County elections department are ""well below the average.""",false,meeting,Georgia; Elections,Eric Stirgus,"November 26, 2012",https://www.politifact.com/factchecks/2012/nov/26/emma-darnell/no-evidence-found-back-fulton-commissioners-claim/
Patricia Morgan,"November 6, 2012","""Our welfare system now consumes 42 percent of our budget.""",half-true,campaign flier,Rhode Island; Elections; Medicaid; Welfare,John Hill,"November 25, 2012",https://www.politifact.com/factchecks/2012/nov/25/patricia-morgan/ri-state-rep-patricia-morgan-says-spending-welfare/
Chain email,"November 11, 2012","""Mitt Romney received exactly zero votes in at least 12 Cuyahoga County precincts.""",true,email,Ohio; Elections,Tom Feran,"November 21, 2012",https://www.politifact.com/factchecks/2012/nov/21/chain-email/emails-blog-posts-claim-mitt-romney-got-zero-votes/
Facebook posts,"November 20, 2012","A precinct in the Allen West-Patrick Murphy recount has ""7 registered voters in Guatemalan community and the tally showed 900 voted!!!!!""",false,post on Facebook,Elections; Florida,Amy Sherman,"November 20, 2012",https://www.politifact.com/factchecks/2012/nov/20/facebook-posts/viral-post-claims-precinct-allen-west-race-had-900/
We the People petition,"November 19, 2012","""In one county alone in Ohio, President Obama received 106,258 votes. But there were only 98,213 eligible voters.""",pants-fire,petition on the White House website,Ohio; Elections,Tom Feran,"November 19, 2012",https://www.politifact.com/factchecks/2012/nov/19/we-people-petition/online-petition-claims-obama-got-more-votes-one-co/
Lamar Alexander,"November 13, 2012","""More Tennesseans have hunting and fishing licenses than vote.""",false,a news release announcing support for the Sportsmen's bill.,Tennessee; Elections; Recreation,Zack McMillin,"November 18, 2012",https://www.politifact.com/factchecks/2012/nov/18/lamar-alexander/lamar-alexander-says-more-tennesseeans-have-huntin/
Carolyn Medeiros,"November 13, 2012",Three thousand felons voted in Rhode Island in 2008.,true,radio interview,Rhode Island; Civil Rights; Criminal Justice; Elections; Public Safety,John Hill,"November 18, 2012",https://www.politifact.com/factchecks/2012/nov/18/carolyn-medeiros/leader-alliance-safe-communities-says-3000-felons-/
Terral Smith,"September 9, 2012","Says 40 years ago, the U.S. placed Texas under Voting Rights Act for failing to print ballots in Spanish.",half-true,opinion column,Civil Rights; Elections; Texas,Sue Owen,"November 16, 2012",https://www.politifact.com/factchecks/2012/nov/16/terral-smith/terral-smith-says-40-years-ago-us-placed-texas-und/
Chris Redfern,"November 7, 2012","Barack Obama is ""only the second Democrat in the last 75 years to win Ohio twice with more than 50 percent of the vote.""",true,news conference,Ohio; Elections,Aaron Marshall,"November 16, 2012",https://www.politifact.com/factchecks/2012/nov/16/chris-redfern/chris-redfern-says-obama-first-democrat-75-years-g/
Chris Redfern,"November 7, 2012","Says a poll shows that ""without a name attached, Democrats are just one point behind"" Gov. John Kasich.",true,news conference,Ohio; Elections; Polls and Public Opinion,Henry J.  Gomez,"November 14, 2012",https://www.politifact.com/factchecks/2012/nov/14/chris-redfern/chris-redfern-says-poll-shows-support-nameless-dem/
Chris Christie,"November 7, 2012","Says ""I was the first governor in America to endorse Mitt Romney.""",pants-fire,press conference,New Jersey; Candidate Biography; Elections,Caryn Shinske,"November 11, 2012",https://www.politifact.com/factchecks/2012/nov/11/chris-christie/chris-christie-claims-again-he-was-first-governor-/
Charlie Crist,"November 4, 2012","Says Jeb Bush ""extended early voting"" after seeing ""long lines.""",mostly-false,TV interview,Elections; Florida,Katie Sanders,"November 8, 2012",https://www.politifact.com/factchecks/2012/nov/08/charlie-crist/charlie-crist-says-jeb-bush-extended-early-voting/
Larry Sabato,"October 16, 2012","""The higher the education level, the more likely they are to vote Democratic.""",mostly-true,article,Georgia; Elections; Voting Record,Janel Davis,"November 5, 2012",https://www.politifact.com/factchecks/2012/nov/05/larry-sabato/education-level-tied-voting-tendencies/
Voters First Ohio,"September 25, 2012",Says the NAACP's Ohio chapter has endorsed Issue 2.,mostly-false,news story,Ohio; Elections; Redistricting,Joe Guillen,"November 1, 2012",https://www.politifact.com/factchecks/2012/nov/01/voters-first-ohio/voters-first-ohio-claims-issue-2-endorsed-ohio-con/
Bill Bradbury,"October 22, 2012","""If Buehler were elected, our vote-by-mail system would be at risk.""",pants-fire,campaign fundraising letter,Oregon; Elections; Message Machine 2012,Janie Har,"October 26, 2012",https://www.politifact.com/factchecks/2012/oct/26/bill-bradbury/would-knute-buehler-shelve-oregons-vote-mail/
Larry Sabato,"October 16, 2012",Virginia’s educational level among whites is higher than Georgia’s.,true,article,Georgia; Elections; Voting Record,Janel Davis,"October 22, 2012",https://www.politifact.com/factchecks/2012/oct/22/larry-sabato/georgia-virginias-education-levels-under-microscop/
Tommy Thompson,"October 5, 2012",Says opponent Tammy Baldwin ‘has had not one positive ad’ in the campaign for U.S. Senate.,half-true,Milwaukee Press Club appearance,Elections; Negative Campaigning; Wisconsin,James B. Nelson,"October 15, 2012",https://www.politifact.com/factchecks/2012/oct/15/tommy-thompson/thompson-says-baldwin-has-not-run-any-positive-ads/
Jon Husted,"August 15, 2012","A member of the redistricting commission proposed in Issue 2 ""could accept a bribe from somebody"" and ""couldn’t be removed from this commission.""",false,interview with reporters,Ohio; Elections; Legal Issues; Redistricting,Joe Guillen,"October 11, 2012",https://www.politifact.com/factchecks/2012/oct/11/jon-husted/jon-husted-claims-member-proposed-redistricting-co/
Lee Leffingwell,"August 31, 2012","Says Austin voters can approve seven bond propositions ""without raising taxes.""",half-true,UNITY PAC press release.,Elections; Taxes; Texas,W. Gardner Selby,"October 4, 2012",https://www.politifact.com/factchecks/2012/oct/04/lee-leffingwell/lee-leffingwell-says-voters-can-approve-bond-propo/
Ohio Republican Party,"September 11, 2012","Says Ohio's Issue 2 will create a redistricting commission that will ""have a blank check to spend our money.""",false,election flier,Ohio; Elections; Redistricting; State Budget,Joe Guillen,"October 3, 2012",https://www.politifact.com/factchecks/2012/oct/03/ohio-republican-party/ohio-republican-party-says-issue-2-would-create-re/
Ann Coulter,"September 27, 2012","""One of the first states in the union to pass a voter ID bill was Rhode Island, 85 percent Democratic legislature.""",false,TV show appearance,Rhode Island; Elections; Pundits,John Hill,"October 3, 2012",https://www.politifact.com/factchecks/2012/oct/03/ann-coulter/ann-coulter-says-rhode-island-was-one-first-states/
Ann Coulter,"September 27, 2012","Rhode Island’s voter identification law was pushed by ""a black Democrat in the House, a black Democrat in the Senate. That's a fact.""",true,TV show appearance,Rhode Island; Elections; Pundits,John Hill,"October 3, 2012",https://www.politifact.com/factchecks/2012/oct/03/ann-coulter/ann-coulter-says-rhode-islands-voter-identificatio/
Chris Christie,"September 24, 2012","Says Ronald Reagan ""was behind in the polls in 1980 going into the debate with Jimmy Carter and then turned around 10 days later and won 40 states.""",half-true,news conference,New Jersey; Elections; Polls and Public Opinion,Bill Wichert,"October 1, 2012",https://www.politifact.com/factchecks/2012/oct/01/chris-christie/chris-christie-claims-ronald-reagan-won-40-states-/
Mike DeWine,"August 31, 2012","""Since the time of the Civil War, we've made a distinction in this country between the availability and the ability to access for people who were in the military, versus the rest of us, to vote.""",half-true,news conference,Ohio; Elections; Military,Aaron Marshall,"October 1, 2012",https://www.politifact.com/factchecks/2012/oct/01/mike-dewine/special-voting-access-military-nothing-new-dates-c/
Jon Husted,"September 17, 2012","""Had the online change of address been in place in 2008 an estimated 130,000 voters who cast provisional ballots could have changed their address online and voted a regular ballot.""",mostly-true,news release,Ohio; Elections,Reginald Fields,"September 28, 2012",https://www.politifact.com/factchecks/2012/sep/28/jon-husted/jon-husted-says-online-address-tool-would-have-cut/
Joaquin Castro,"September 22, 2012","Texas is ""the state that has now gone the longest without electing a Democrat statewide.""",true,panel at the Texas Tribune Festival.,Elections; History; Texas,W. Gardner Selby,"September 26, 2012",https://www.politifact.com/factchecks/2012/sep/26/joaquin-castro/joaquin-castro-says-texas-has-gone-longest-all-sta/
Gary Johnson,"August 17, 2012","""I am going to be on the ballot in all 50 states. There is no other third-party candidate that’s going to come close to achieving that.""",mostly-true,"interview with Evan Smith on “Overheard,” premiered Sept. 6, 2012",Elections; Texas,W. Gardner Selby,"September 20, 2012",https://www.politifact.com/factchecks/2012/sep/20/gary-johnson/libertarian-gary-johnson-says-hell-be-presidential/
NAACP,"September 12, 2012","""Since 2000, only 10 cases of in-person voter fraud have been proven nationally.""",mostly-true,press release,Georgia; Elections,Janel Davis,"September 19, 2012",https://www.politifact.com/factchecks/2012/sep/19/naacp/-person-voter-fraud-very-rare-phenomenon/
Tommy Thompson,"September 6, 2012","An aide ""acted on his own"" and ""was not representing the Thompson campaign"" when he sent an email criticizing the sexual orientation of U.S. Senate candidate Tammy Baldwin.",pants-fire,email,Elections; Wisconsin,James B. Nelson,"September 17, 2012",https://www.politifact.com/factchecks/2012/sep/17/tommy-thompson/thompson-says-aide-wasnt-representing-campaign-ema/
Marcia Fudge,"August 24, 2012","""In Cuyahoga County ... 56 percent of weekend voters in 2008 were African American while adult African Americans comprise 28 percent of the county population.""",true,news release,Ohio; Elections,Sabrina  Eaton,"September 14, 2012",https://www.politifact.com/factchecks/2012/sep/14/marcia-fudge/marcia-fudge-says-black-voters-accounted-56-percen/
Gilberto Hinojosa,"September 6, 2012","Says that if Texas, California and New York all voted for Democratic presidential nominees, ""it would be mathematically impossible for Republicans to elect a president.""",false,comment while attending the Democratic National Convention.,Elections; Texas,W. Gardner Selby,"September 12, 2012",https://www.politifact.com/factchecks/2012/sep/12/gilberto-hinojosa/gilberto-hinojosa-says-if-democrat-carries-texas-c/
American Civil Liberties Union,"August 26, 2012","Voter identification laws make it complicated and expensive to get an ID, essentially instituting a modern-day poll tax.",mostly-false,Newsletter,Georgia; Elections,Janel Davis,"September 12, 2012",https://www.politifact.com/factchecks/2012/sep/12/american-civil-liberties-union/voter-id-laws-poll-tax-not-equivalent/
Mike Berlon,"September 3, 2012","""We know there are more Democrats in Georgia than Republicans. We know that for a fact.""",mostly-false,article,Georgia; Elections,Janel Davis,"September 10, 2012",https://www.politifact.com/factchecks/2012/sep/10/mike-berlon/which-party-has-more-supporters/
Chris Christie,"August 28, 2012","Says Chris Christie was the ""first governor in America to endorse"" Mitt Romney.",false,"interview on ""CBS This Morning""",New Jersey; Candidate Biography; Elections,Bill Wichert,"September 3, 2012",https://www.politifact.com/factchecks/2012/sep/03/chris-christie/chris-christie-claims-he-was-first-governor-endors/
Teresa Fedor,"August 15, 2012",Says Republicans supported legislation on early voting and in-person voting in 2005.,true,news conference,Ohio; Elections; Government Regulation; Voting Record,Aaron Marshall,"August 28, 2012",https://www.politifact.com/factchecks/2012/aug/28/teresa-fedor/teresa-fedor-says-republicans-supported-ohios-earl/
Paul Ryan,"August 12, 2012","Says under Wisconsin law, he cannot remove his name from the ballot for re-election to Congress.",true,television interview,Elections; Wisconsin,James B. Nelson,"August 20, 2012",https://www.politifact.com/factchecks/2012/aug/20/paul-ryan/ryan-says-candidates-congress-cant-remove-themselv/
Austinites for Geographic Representation,"July 8, 2012","""Austin is the largest city in the U.S. or Texas with no geographic representation"" on its city council.",true,handout.,Elections; Texas,W. Gardner Selby,"August 17, 2012",https://www.politifact.com/factchecks/2012/aug/17/austinites-geographic-representation/austin-group-says-austin-biggest-us-city-lacking-c/
American Civil Liberties Union of Florida,"August 3, 2012","""13,000 Floridians are able to vote -- but their governor won't tell them.""",false,email to subscribers,Elections; Florida,Amy Sherman,"August 17, 2012",https://www.politifact.com/factchecks/2012/aug/17/aclu-florida/aclu-says-rick-scott-wont-tell-13000-ex-felons-the/
Chris Christie,"August 7, 2012","Says ""a Republican hasn't won [an election] for a presidency in New Jersey since 1988.""",true,news conference,New Jersey; Elections; States,Erin O'Neill,"August 15, 2012",https://www.politifact.com/factchecks/2012/aug/15/chris-christie/chris-christie-says-mitt-romney-isnt-counting-new-/
Warren Kampf,"August 1, 2012","Voter turnout for some groups in the 2008 presidential general election in Georgia ""was far greater than it should have been demographically.""",mostly-true,town hall meeting,Georgia; Elections,Eric Stirgus,"August 14, 2012",https://www.politifact.com/factchecks/2012/aug/14/warren-kampf/lawmaker-uses-georgia-push-voter-id-law/
Anna Little,"August 2, 2012","""We actually made history in 2010. We came the closest in 24 years to defeating Frank Pallone.""",false,interview on NJToday,New Jersey; Elections,Bill Wichert,"August 13, 2012",https://www.politifact.com/factchecks/2012/aug/13/anna-little/congressional-candidate-anna-little-claims-she-mad/
Tommy Thompson,"July 22, 2012","""I have voted every year in Wisconsin.""",false,interview,Candidate Biography; Elections; Voting Record; Wisconsin,Tom Kertscher,"August 10, 2012",https://www.politifact.com/factchecks/2012/aug/10/tommy-thompson/gop-wisconsin-senate-primary-tommy-thompson-chasti/
Salmon for All,"August 1, 2012","""This ban will only apply to Oregon commercial fishermen. Washington commercial fishermen would still be allowed to use gillnets on the Columbia River.""",half-true,guest column,Environment; Oregon; Elections; Government Regulation,Janie Har,"August 9, 2012",https://www.politifact.com/factchecks/2012/aug/09/salmon-all/would-proposed-ban-target-only-oregon-commercial-g/
Heather Fiorentino,"August 7, 2012","As Florida secretary of state, Kurt Browning ""allowed 1,800 illegal voters to register in Florida.""",pants-fire,campaign mailer,Immigration; Elections; Message Machine 2012; Florida,Jeffrey S.  Solochek,"August 9, 2012",https://www.politifact.com/factchecks/2012/aug/09/heather-fiorentino/heather-fiorentino-said-kurt-browning-allowed-1800/
Protect Your Vote Ohio,"August 1, 2012","""Thousands of politicians from across Ohio – along with their relatives, employees and friends – are still eligible to serve"" on the proposed redistricting commission.",mostly-true,news release,Ohio; Congress; Elections; Redistricting,Joe Guillen,"August 9, 2012",https://www.politifact.com/factchecks/2012/aug/09/protect-your-vote-ohio-protect-your-vote-ohio/opponents-ohio-redistricting-issue-say-politicians/
Mitt Romney,"August 4, 2012",President Obama’s lawsuit claims it is unconstitutional for Ohio to allow servicemen and women extended early voting privileges during the state’s early voting period.,false,press statement,Ohio; Elections,Sabrina  Eaton,"August 6, 2012",https://www.politifact.com/factchecks/2012/aug/06/mitt-romney/mitt-romney-says-lawsuit-filed-president-obamas-ca/
Sheldon Whitehouse,"August 16, 2012","""An April study found that about 70 percent of ads in this election cycle have been negative [due to SuperPACs], up from only 9 percent through the same period in 2008.""",mostly-true,speech on the floor of the U.S. Senate.,Rhode Island; Campaign Finance; Corporations; Elections; Negative Campaigning; Transparency; Unions,C. Eugene Emery Jr.,"August 5, 2012",https://www.politifact.com/factchecks/2012/aug/05/sheldon-whitehouse/sen-sheldon-whitehouse-ri-says-growth-superpacs-le/
John Lehman,"July 10, 2012","The new 21st State Senate district was ""created in secret for Van Wanggaard. It was drawn within half a block of his house.""",true,radio interview,Elections; Wisconsin,James B. Nelson,"July 26, 2012",https://www.politifact.com/factchecks/2012/jul/26/john-lehman/lehman-senate-district-secret-wangaard-house/
Sherrod Brown,"July 19, 2012","""When Josh Mandel claims to have accepted three debates with Sen. Sherrod Brown, he is lying. He has accepted ZERO proposed debates.""",pants-fire,news release,Ohio; Elections; Negative Campaigning,Henry J.  Gomez,"July 25, 2012",https://www.politifact.com/factchecks/2012/jul/25/sherrod-brown/sherrod-brown-josh-mandel-lying-debates/
Greg Abbott,"July 15, 2012",Says Texas proved in court that more than 200 dead people voted in the latest Texas election.,mostly-false,interview with Fox News.,Elections; Texas,W. Gardner Selby,"July 24, 2012",https://www.politifact.com/factchecks/2012/jul/24/greg-abbott/greg-abbott-dead-voters-Texas/
Ohio Republican Party,"July 10, 2012","""Sherrod Brown and his special interest allies in Washington are plotting to spend over $13 million"" to defeat Josh Mandel.",half-true,emailed statement,Ohio; Campaign Finance; Elections,Joe Guillen,"July 19, 2012",https://www.politifact.com/factchecks/2012/jul/19/ohio-republican-party/ohio-gop-claims-sherrod-brown-special-interest-all/
Josh Mandel,"July 9, 2012","Sherrod Brown’s approval rating ""has plummeted to 38 percent among Ohio voters"" in a poll by a Democratic pollster.",mostly-true,fundraising email,Ohio; Elections; Negative Campaigning,Stephen Koff,"July 13, 2012",https://www.politifact.com/factchecks/2012/jul/13/josh-mandel/josh-mandel-campaign-says-sherrod-browns-approval-/
MoveOn.org,"June 27, 2012","Gov. Rick Scott ""tried to kick 180,000 people off the voter rolls.""",false,email,Elections; Message Machine 2012; Florida,Amy Sherman,"July 10, 2012",https://www.politifact.com/factchecks/2012/jul/10/moveon/moveon-says-gov-rick-scott-tried-kick-180000-peopl/
MoveOn.org,"June 27, 2012","""Every one of the 67 supervisors of elections"" in Florida refused to carry out the effort to remove noncitizens from the voter rolls.",false,email,Elections; Message Machine 2012; Florida,Amy Sherman,"July 10, 2012",https://www.politifact.com/factchecks/2012/jul/10/moveon/moveon-says-florida-election-supervisors-refuse-pa/
Robin Vos,"June 17, 2012","Voter fraud provided ""a portion"" of the margin of victory of Democrat John Lehman over Republican Sen. Van Wanggaard in a state Senate recall election.",false,television interview,Elections; Wisconsin,James B. Nelson,"July 6, 2012",https://www.politifact.com/factchecks/2012/jul/06/robin-vos/wisconsin-rep-robin-vos-says-voter-fraud-accounted/
Clackamas County Democrats,"June 22, 2012","Says Clackamas County Measure 3-401 ""will hurt our county, cripple economic growth, and increase our taxes with excessive special elections.""",false,campaign press release,Oregon; County Budget; County Government; Elections; Taxes,Janie Har,"July 5, 2012",https://www.politifact.com/factchecks/2012/jul/05/clackamas-county-democrats/will-passage-light-rail-ballot-measure-clackamas-c/
Chris Christie,"July 3, 2012","""If you look at most of the polls, this is a margin-of-error race on Fourth of July between Mitt Romney and the president.""",true,interview on CNBC,New Jersey; Elections; Polls and Public Opinion,Erin O'Neill,"July 5, 2012",https://www.politifact.com/factchecks/2012/jul/05/chris-christie/mitt-romney-barack-obama-margin-error-race-white-h/
Workers' Voice,"June 19, 2012",Says Josh Mandel’s campaign is under FBI investigation,false,online ad,Ohio; Campaign Finance; Elections; Crime,Sabrina  Eaton,"June 26, 2012",https://www.politifact.com/factchecks/2012/jun/26/workers-voice/workers-voice-says-josh-mandel-faces-fbi-investiga/
Steve Buckstein,"June 18, 2012","""Did you know Wisconsin's AFSCME union has lost 50%+ of its members since no longer requiring membership?""",mostly-true,"a tweet, online post",Oregon; Elections; State Budget; Unions,Janie Har,"June 22, 2012",https://www.politifact.com/factchecks/2012/jun/22/steve-buckstein/has-wisconsin-afscme-really-lost-50-percent-its-me/
Corrine  Brown,"June 15, 2012","In 2008, ""33.2 percent of those who voted early on the last Sunday before Election Day were African-American, while 23.6 percent were Hispanic.""",true,press release,Elections; Florida,Amy Sherman,"June 22, 2012",https://www.politifact.com/factchecks/2012/jun/22/corrine-brown/souls-polls-sunday-drew-more-african-american-and-/
Peter Barca,"June 8, 2012","""70 percent of the people who voted"" on June 5, 2012, ""just didn’t feel comfortable with the recall of the governor,"" weakening any idea that Wisconsin is ""fully behind this Walker agenda.""",half-true,speech,Elections; Polls and Public Opinion; Voting Record; Wisconsin,Dave Umhoefer,"June 22, 2012",https://www.politifact.com/factchecks/2012/jun/22/peter-barca/barca-says-voters-arent-fully-behind-walker-70-per/
Jim Renacci,"June 14, 2012","""My opponent, in 2008, had contributions investigated by the federal government.""",false,town hall-style meeting,Ohio; Campaign Finance; Elections,Sabrina  Eaton,"June 22, 2012",https://www.politifact.com/factchecks/2012/jun/22/jim-renacci/jim-renacci-says-government-investigation-targeted/
Debbie Wasserman Schultz,"June 8, 2012","""The Koch brothers alone gave twice as much money to Scott Walker as the total amount of money raised by Tom Barrett.""",false,speech,Campaign Finance; Corporations; Corrections and Updates; Elections; Wisconsin,Tom Kertscher,"June 20, 2012",https://www.politifact.com/factchecks/2012/jun/20/debbie-wasserman-schultz/billionaire-koch-brothers-gave-8-million-wisconsin/
Chris Matthews,"June 4, 2012","Under Florida’s voting law, a requirement to turn in voter registrations within 48 hours ""makes it impossible to meet the deadline if you’re working right to the end of the week.""",false,"comments on MSNBC's ""Hardball""",Elections; Pundits; Tampa Bay 10 News; Florida,Aaron Sharockman,"June 12, 2012",https://www.politifact.com/factchecks/2012/jun/12/chris-matthews/chris-matthews-discusses-48-hour-rule-florida-voti/
Alcee Hastings,"May 29, 2012","Florida election officials’ requests to some residents to submit proof of citizenship is a ""backdoor poll tax.""",half-true,press conference,Immigration; Elections; Poverty; Florida,Amy Sherman,"June 7, 2012",https://www.politifact.com/factchecks/2012/jun/07/alcee-hastings/us-rep-hastings-says-floridas-noncitizen-voter-pur/
Gary Johnson,"June 5, 2012","""Right now, I’m polling at about 8 percent"" against Barack Obama and Mitt Romney.",mostly-false,"interview on ""The Daily Show with Jon Stewart""",National; Elections; Polls and Public Opinion,Louis Jacobson,"June 6, 2012",https://www.politifact.com/factchecks/2012/jun/06/gary-johnson/gary-johnson-tells-jon-stewart-he-has-8-percent-su/
Bill Nelson,"May 29, 2012","""In the 2000 Florida election, at least 1,100 eligible voters were wrongly dropped from voting rolls in an attempt to purge a list of felons. Many of those who were dropped showed up to vote and were told they could not.""",true,letter to Gov. Rick Scott,Elections; Florida,Katie Sanders,"June 5, 2012",https://www.politifact.com/factchecks/2012/jun/05/bill-nelson/bill-nelson-compares-rick-scotts-voter-purge-2000-/
Ohio Democratic Party,"June 3, 2012",Rob Portman won the fewest votes of all Ohio U. S. Senate victors since 2000.,mostly-true,news release,Ohio; Elections; Negative Campaigning,Stephen Koff,"June 5, 2012",https://www.politifact.com/factchecks/2012/jun/05/ohio-democratic-party/ohio-democratic-party-says-sen-rob-portman-got-few/
Ron Gerberry,"April 17, 2012","The last three days of early voting ""happen to be the most populated days of voting that we have in early voting.""",mostly-true,news conference,Ohio; Elections,Joe Guillen,"June 4, 2012",https://www.politifact.com/factchecks/2012/jun/04/ron-gerberry/state-rep-ron-gerberry-says-early-voting-picks-rig/
Reince Priebus,"May 30, 2012","Because of voter fraud, Republican candidates ""need to do a point or two better"" to win statewide elections in Wisconsin.",false,interview,City Government; Elections; Crime; Wisconsin,Tom Kertscher,"May 31, 2012",https://www.politifact.com/factchecks/2012/may/31/reince-priebus/voter-fraud-means-gop-candidates-wisconsin-need-do/
Lenny Curry,"May 9, 2012","""More than 250 (voter registration) groups, ranging across the entire political spectrum, have filed with the state and are registering voters right now.""",half-true,"""Orlando Sentinel"" opinion piece",Elections; Florida,Brittany Alana Davis,"May 31, 2012",https://www.politifact.com/factchecks/2012/may/31/lenny-curry/top-florida-republican-back-third-party-voter-regi/
Anastasia Williams,"May 16, 2012","In 2011, Alabama and Massachusetts passed legislation allowing non-citizens who are legal residents to vote in state and local elections.",false,House Judiciary Committee hearing,Rhode Island; Elections; Legal Issues,C. Eugene Emery Jr.,"May 27, 2012",https://www.politifact.com/factchecks/2012/may/27/anastasia-williams/ri-rep-anastasia-williams-says-two-states-alabama-/
Mark Neumann,"May 14, 2012","""Victory! Republicans by 2 to 1 vote to endorse Mark Neumann on first ballot at GOP convention.""",false,website alert,Elections; Wisconsin,Dave Umhoefer,"May 18, 2012",https://www.politifact.com/factchecks/2012/may/18/mark-neumann/senate-candidate-mark-neumann-says-state-republica/
Jeff Fitzgerald,"May 13, 2012","Says he posted a ""win"" in the Republican Party of Wisconsin endorsement contest in the U.S. Senate primary.",mostly-true,Facebook and Twitter posts,Elections; Wisconsin,Dave Umhoefer,"May 18, 2012",https://www.politifact.com/factchecks/2012/may/18/jeff-fitzgerald/senate-candidate-jeff-fitzgerald-says-he-scored-wi/
U.S. Chamber of Commerce,"May 9, 2012","""Seniors will see $500 billion in Medicare cuts to fund Obamacare.""",mostly-false,TV ad,Elections; Health Care; Medicare; Message Machine 2012; Tampa Bay 10 News; Florida,Aaron Sharockman,"May 15, 2012",https://www.politifact.com/factchecks/2012/may/15/us-chamber-commerce/chamber-says-bill-nelson-voted-cut-medicare-500-bi/
Steve Rothman,"May 8, 2012","Says in regard to providing ""more tax cuts for the rich,"" Bill Pascrell said, ""Republicans had great ideas. I liked some of their ideas.""",pants-fire,video posted on YouTube,New Jersey; Elections; Message Machine 2012; Taxes,Bill Wichert,"May 14, 2012",https://www.politifact.com/factchecks/2012/may/14/steve-rothman/steve-rothmans-campaign-edits-hardball-interview-b/
Chris Christie,"May 4, 2012","""We are coming up on our 40th anniversary of electing a Republican to the United States Senate. 1972 was the last time New Jersey sent a Republican to the United States Senate.""",true,speech at a Cato Institute event,New Jersey; Congress; Elections,Erin O'Neill,"May 9, 2012",https://www.politifact.com/factchecks/2012/may/09/chris-christie/chris-christie-said-new-jersey-hasnt-sent-republic/
Nia Gill,"May 7, 2012","""There has not been a Democratic woman in Congress from New Jersey in almost four decades.""",true,interview on NJToday,New Jersey; Elections; Message Machine 2012,Bill Wichert,"May 9, 2012",https://www.politifact.com/factchecks/2012/may/09/nia-gill/state-sen-nia-gill-claims-new-jersey-has-not-had-d/
Samuel Wurzelbacher,"April 24, 2012",Says President Barack Obama's parents were communists.,false,letter published by the Christian Broadcasting Network,Ohio; Elections,Sabrina  Eaton,"April 27, 2012",https://www.politifact.com/factchecks/2012/apr/27/samuel-wurzelbacher/samuel-joe-plumber-wurzelbacher-says-barack-obamas/
Mitt Romney,"April 11, 2012","""The number of new businesses started per year has dropped by 100,000 during this president’s term.""",half-true,campaign speech,Rhode Island; Corporations; Economy; Elections; Jobs; Small Business,Alex Kuffner,"April 22, 2012",https://www.politifact.com/factchecks/2012/apr/22/mitt-romney/mitt-romney-says-annual-new-business-startups-have/
Chain email,"April 13, 2012",Says there is an upcoming vote to preserve benefits of Texas homestead exemption for seniors and the disabled.,pants-fire,chain email forwarded by an Austin American-Statesman reader.,Elections; Taxes; Texas,W. Gardner Selby,"April 20, 2012",https://www.politifact.com/factchecks/2012/apr/20/chain-email/chain-email-says-voters-must-turn-out-protect-home/
Greg Abbott,"March 12, 2012",Says his Texas election fraud investigations have resulted in 50 convictions.,half-true,press release,Elections; Legal Issues; Crime; Texas,Sue Owen,"April 17, 2012",https://www.politifact.com/factchecks/2012/apr/17/greg-abbott/greg-abbott-claims-50-election-fraud-convictions-2/
Will Weatherford,"March 28, 2012","""It's the first time in the nation this many members have been drawn (by a Legislature) into the same districts where it wasn't a court order.""",mostly-true,remarks to the press,Elections; Redistricting; Florida,Katie Sanders,"April 13, 2012",https://www.politifact.com/factchecks/2012/apr/13/will-weatherford/florida-holds-record-redistricting-incumbents-toge/
Eric Kearney,"March 28, 2012","An effort to repeal voting-reform legislation would be ""the first time in Ohio history where a bill has been passed to stop a referendum.""",true,speech,Ohio; Elections; Government Regulation,Joe Guillen,"April 9, 2012",https://www.politifact.com/factchecks/2012/apr/09/eric-kearney/eric-kearney-says-repeal-voter-reform-legislation-/
Lenny Curry,"March 28, 2012","""Before this law, any group could go out anywhere, register voters, sit on the voter registration forms for unlimited amount of time.""",mostly-false,interview,Elections; Florida,Amy Sherman,"April 5, 2012",https://www.politifact.com/factchecks/2012/apr/05/lenny-curry/voter-registration-groups-registrations-lenny-curr/
Facebook posts,"April 4, 2012","""Richard Hayne, president and CEO of Urban Outfitters … (is) a supporter of Rick Santorum and donated over $13,000 to him.""",half-true,post on Facebook,Candidate Biography; Elections; Families; Pop Culture; Florida,Aaron Sharockman,"April 4, 2012",https://www.politifact.com/factchecks/2012/apr/04/facebook-posts/facebook-post-claims-urban-outfitters-ceo-backs-sa/
Chain email,"March 23, 2012","""Having an entirely Democrat congressional delegation in 2009, when the [federal stimulus] bill passed, increases the per capita stimulus dollars that the state receives per person by $460.""",half-true,message via the Internet,Rhode Island; Congress; Elections; Stimulus,C. Eugene Emery Jr.,"April 3, 2012",https://www.politifact.com/factchecks/2012/apr/03/chain-email/e-mail-says-having-all-democrat-congressional-dele/
David A. Clarke Jr.,"February 19, 2012","Says Milwaukee County Executive Chris Abele ""eliminated"" sheriff’s office funding for providing security for presidential and presidential campaign visits.",half-true,television interview,County Budget; County Government; Elections; Crime; Wisconsin,Tom Kertscher,"March 21, 2012",https://www.politifact.com/factchecks/2012/mar/21/david-clarke-jr/funding-eliminated-milwaukee-county-sheriffs-role-/
Texas Democratic Party,"March 3, 2012","""In Texas, there are 668 Democratic Hispanic elected officials to the 60 in the Republican Party.""",mostly-true,quoted comment.,Candidate Biography; Elections; History; Race and Ethnicity; Texas,W. Gardner Selby,"March 16, 2012",https://www.politifact.com/factchecks/2012/mar/16/texas-democratic-party/texas-democratic-party-says-texas-has-668-latino-e/
Democratic Party of Wisconsin,"January 17, 2012","Says ""over 1 million signatures"" were submitted in attempt to recall Gov. Scott Walker.",false,video and multiple other instances,Elections; Wisconsin,Tom Kertscher,"March 15, 2012",https://www.politifact.com/factchecks/2012/mar/15/state-democratic-party-wisconsin/democrats-say-more-1-million-signatures-were-submi/
Ohio Democratic Party,"March 13, 2012","There are ""850,000 Ohio jobs tied to the auto industry.""",true,news release,Ohio; Economy; Elections; Jobs,Henry J.  Gomez,"March 14, 2012",https://www.politifact.com/factchecks/2012/mar/14/ohio-democratic-party/ohio-democratic-party-touts-850000-buckeye-state-j/
Kathleen Clyde,"January 27, 2012","""Ohio is not meeting its obligation to update voter registrations when voters change their address with the BMV.""",true,news conference,Ohio; Elections,Tom Feran,"March 13, 2012",https://www.politifact.com/factchecks/2012/mar/13/kathleen-clyde/kathleen-clyde-says-ohio-not-compliance-federal-vo/
David Axelrod,"March 6, 2012","""Tonight in Ohio, more people came out to vote for Barack Obama in an unopposed race than voted for (Mitt) Romney and (Rick) Santorum combined.""",false,interview on NBC,National; Elections,Louis Jacobson,"March 7, 2012",https://www.politifact.com/factchecks/2012/mar/07/david-axelrod/david-axelrod-says-barack-obama-won-more-ohio-vote/
American Civil Liberties Union of Florida,"March 1, 2012","There are ""a larger number of shark attacks in Florida than there are cases of voter fraud.""",mostly-true,"interview on ""The Colbert Report""",Animals; Elections; Florida,Katie Sanders,"March 2, 2012",https://www.politifact.com/factchecks/2012/mar/02/aclu-florida/shark-attacks-are-more-common-voter-fraud-florida/
Campaign for Primary Accountability,"March 28, 2012","Says Ohio Rep. Marcy Kaptur ""actually lives"" in ""a fancy condo in the Washington, D.C.  suburbs.""",false,campaign commercial,Ohio; Congress; Elections; Message Machine 2012,Tom Feran,"March 2, 2012",https://www.politifact.com/factchecks/2012/mar/02/campaign-primary-accountability/texas-based-pac-says-marcy-kaptur-really-lives-fan/
Jon Husted,"January 26, 2012","""Every time we put a ballot issue on, it costs a million dollars.""",half-true,public forum,Ohio; Elections,Joe Guillen,"February 29, 2012",https://www.politifact.com/factchecks/2012/feb/29/jon-husted/jon-husted-says-statewide-ballot-issues-each-cost-/
Janet Howell,"February 10, 2012","""It’s going to be harder to vote in Virginia than it is now to buy a gun...""",half-true,TV interview.,Elections; Guns; Virginia,Nancy  Madsen,"February 27, 2012",https://www.politifact.com/factchecks/2012/feb/27/janet-howell/sen-janet-howell-says-its-easier-guns-virginia-vot/
Kathleen Clyde,"February 8, 2012","""'Wrong precinct' rules exacerbate our provisional ballot problems (and) HB 194 does nothing to solve the wrong-precinct problem.""",true,email,Ohio; Elections,Tom Feran,"February 20, 2012",https://www.politifact.com/factchecks/2012/feb/20/kathleen-clyde/state-rep-kathleen-clyde-says-new-election-law-doe/
Kathleen Clyde,"January 27, 2012","""Ohio has one of the highest provisional ballot rates in the country, and many of them go uncounted each election.""",true,news conference,Ohio; Elections,Tom Feran,"February 7, 2012",https://www.politifact.com/factchecks/2012/feb/07/kathleen-clyde/kathleen-clyde-says-ohio-among-leaders-provisional/
Brian Kemp,"June 24, 2011",The Georgia Secretary of State's Office and the Georgia State Elections Board investigate and penalize hundreds of people guilty of election fraud.,true,editorials and op-ed articles,Georgia; Elections,Eric Stirgus,"February 6, 2012",https://www.politifact.com/factchecks/2012/feb/06/brian-kemp/kemp-makes-case-voter-id-law/
True The Vote,"December 12, 2011","""Eric Holder is supportive of the NAACP's efforts to get the United Nations involved in our elections.""",pants-fire,Web post.,Elections; Foreign Policy; Texas,W. Gardner Selby,"January 27, 2012",https://www.politifact.com/factchecks/2012/jan/27/true-vote/true-vote-says-eric-holder-supports-naacp-request-/
Marco Rubio,"January 24, 2012","Says Mitt Romney ""was one of the first national Republican leaders to endorse"" Marco Rubio.",half-true,prepared statement,Elections; Florida,Angie Drobnic Holan,"January 25, 2012",https://www.politifact.com/factchecks/2012/jan/25/marco-rubio/was-mitt-romney-one-first-endorse-marco-rubio/
Mitt Romney,"January 25, 2012","Says Newt Gingrich said ""Spanish is the language of the ghetto.""",mostly-true,Spanish-language radio ad,Immigration; Elections; Message Machine 2012; Florida,Aaron Sharockman,"January 25, 2012",https://www.politifact.com/factchecks/2012/jan/25/mitt-romney/spanish-language-ad-says-newt-gingrich-said-spanis/
Restore Our Future,"January 13, 2012","Says Rick Santorum ""voted to let convicted felons vote.""",half-true,television ad,Criminal Justice; Elections; Crime; Message Machine 2012; Florida,Angie Drobnic Holan,"January 17, 2012",https://www.politifact.com/factchecks/2012/jan/17/restore-our-future/super-pac-rick-santorum-felon-voting-rights/
Georgia Democrats,"December 21, 2011","""Republicans are attempting to remove Barack Obama from Georgia’s Presidential Ballot in 2012.""",half-true,online fundraising bid,Georgia; Elections,Willoughby Mariano,"January 17, 2012",https://www.politifact.com/factchecks/2012/jan/17/georgia-democrats/georgia-democrats-say-republicans-trying-knock-oba/
Nina Turner,"December 30, 2011","Says that after she declared her candidacy for Congress, ""the redistricting process was manipulated to allow incumbent politicians to guarantee their re-election.""",mostly-false,news release,Ohio; Elections; Redistricting,Henry J.  Gomez,"January 10, 2012",https://www.politifact.com/factchecks/2012/jan/10/nina-turner/nina-turner-says-redistricting-process-was-manipul/
Rick Santorum,"December 29, 2011","Says he has ""been able to attract independents and Democrats to win"" elections in Pennsylvania.",half-true,"interview on NBC's ""Today""",National; Candidate Biography; Elections; History,Louis Jacobson,"January 3, 2012",https://www.politifact.com/factchecks/2012/jan/03/rick-santorum/rick-santorum-says-hes-won-votes-democrats-indepen/
Eric Holder,"December 13, 2011","""After filing a lawsuit in Rhode Island, we reached an agreement with state agencies that resulted in more voters being registered in the first full month after our lawsuit than in the entire previous two-year reporting period.""",true,speech,Rhode Island; Civil Rights; Elections; Legal Issues,Alex Kuffner,"December 29, 2011",https://www.politifact.com/factchecks/2011/dec/29/eric-holder/us-attorney-general-eric-holder-says-more-voters-w/
MacIver Institute,"December 13, 2011","""Wisconsin election officials to accept Mickey Mouse, Hitler signatures"" on recall petitions.",mostly-false,video,Elections; Legal Issues; Wisconsin,Tom Kertscher,"December 18, 2011",https://www.politifact.com/factchecks/2011/dec/18/maciver-institute/conservative-group-says-wisconsin-allow-mickey-mou/
Boyd Richie,"November 15, 2011",Says King Street Patriots held a fundraiser featuring an author who believes that registering the poor to vote is un-American.,true,email blast,Elections; Poverty; Welfare; Texas,Meghan Ashford-Grooms,"December 16, 2011",https://www.politifact.com/factchecks/2011/dec/16/boyd-richie/texas-democratic-leader-says-author-who-believes-r/
Scott Walker,"November 30, 2011","Says recall organizers ""started their website last November"" and began work on their effort before he even took office.",false,TV interview,Elections; Wisconsin,Dave Umhoefer,"December 8, 2011",https://www.politifact.com/factchecks/2011/dec/08/scott-walker/gov-scott-walker-says-recall-organizers-began-effo/
Chris Bowers,"November 30, 2011","Says Wisconsin Gov. Scott Walker is making voting more difficult by closing Department of Motor Vehicles offices where ""low-income voters"" live.",false,interview,Elections; Poverty; Wisconsin,Tom Kertscher,"December 7, 2011",https://www.politifact.com/factchecks/2011/dec/07/chris-bowers/daily-kos-says-possible-recall-looming-wisconsin-g/
One Wisconsin Now,"November 22, 2011","It’s legal to ""sign a recall petition (against Gov. Scott Walker) even if you have already signed another recall petition,"" but only one signature counts",true,website alert,Elections; Wisconsin,Dave Umhoefer,"December 2, 2011",https://www.politifact.com/factchecks/2011/dec/02/one-wisconsin-now/one-wisconsin-now-says-its-legal-sign-walker-recal/
Media Trackers,"November 17, 2011","Says signers of recall petitions against Wisconsin Gov. Scott Walker are at risk because of newly ""discovered"" provisions in state law.",mostly-false,article,Elections; Transparency; Wisconsin,Tom Kertscher,"December 1, 2011",https://www.politifact.com/factchecks/2011/dec/01/media-trackers/conservative-group-media-trackers-says-wisconsin-r/
Our Oregon,"November 14, 2011","Says ""we’re losing one voter every 13 minutes.""",mostly-true,statement on their website,Oregon; Elections,Ian K. Kullgren,"November 23, 2011",https://www.politifact.com/factchecks/2011/nov/23/our-oregon/could-we-really-be-losing-one-voter-every-13-minut/
Rebecca Kleefisch,"November 15, 2011","A recall election for Wisconsin governor would cost ""$7.7 million -- $7.7 million that may already be allocated to merit raises for teachers or health care for the poor or school books for your kids.""",half-true,video,Education; Elections; Health Care; State Budget; Wisconsin,Tom Kertscher,"November 23, 2011",https://www.politifact.com/factchecks/2011/nov/23/rebecca-kleefisch/rebecca-kleefisch-says-recall-election-would-cost-/
Kurt Schuller,"November 15, 2011",Wisconsin law says all recall petition signers must sign in the presence of another person.,false,tweet,Elections; Wisconsin,James B. Nelson,"November 18, 2011",https://www.politifact.com/factchecks/2011/nov/18/kurt-schuller/state-treasurer-kurt-schuller-says-recall-petition/
Robert Hagan,"November 3, 2011","""The governor won this state with 49 percent. We had some of the closest races in the House in history. So you’re not dealing with this 70-30, like they want to make it.""",mostly-true,interview with Ohio Capital Blog’s Marc Kovac,Ohio; Elections; Redistricting,Henry J.  Gomez,"November 14, 2011",https://www.politifact.com/factchecks/2011/nov/14/robert-hagan/state-rep-robert-hagan-says-ohio-isnt-70-30-republ/
John Wisniewski,"November 7, 2011","""Governor Christie also remains the only Governor since World War II, among both Democrats and Republicans, who failed to have his party win control of at least one legislative body over the course of his term.""",false,memo on behalf of the New Jersey Democratic State Committee,New Jersey; Elections,Erin O'Neill,"November 10, 2011",https://www.politifact.com/factchecks/2011/nov/10/john-wisniewski/democratic-party-chairman-blasts-chris-christie-on/
Chris Christie,"October 26, 2011","Says ""over the last 48 years, every governor at the midterm of his first term or her first term has lost seats in the Legislature, with the exception of Jim McGreevey in 2003.""",true,radio interview,New Jersey; Elections; History; Redistricting,Erin O'Neill,"November 6, 2011",https://www.politifact.com/factchecks/2011/nov/06/chris-christie/chris-christie-says-nearly-every-governor-more-48-/
New Jersey Republican State Committee,"November 3, 2011","""Corrupt political bosses. Money laundering. Fraud. It’s just another day at the office for Vin Gopal.""",pants-fire,political advertisement,New Jersey; Elections; Message Machine 2012,Caryn Shinske,"November 4, 2011",https://www.politifact.com/factchecks/2011/nov/04/new-jersey-republican-state-committee/vin-gopal-targeted-gop-attack-ad-new-jersey-assemb/
Jefferson Smith,"November 1, 2011","Says if elected, he would be the first Mayor who lives east of 82nd.",true,press release,Oregon; Elections,Ian K. Kullgren,"November 4, 2011",https://www.politifact.com/factchecks/2011/nov/04/jefferson-smith/if-elected-would-jefferson-smith-really-be-first-p/
Alan Hays,"October 18, 2011",Proof of citizenship isn't necessary before you register to vote in Florida.,mostly-false,Senate committee meeting,Immigration; Elections; Redistricting; Florida,Amy Sherman,"November 4, 2011",https://www.politifact.com/factchecks/2011/nov/04/alan-hays/sen-alan-hays-says-proof-citizenship-isnt-necessar/
H204TEXAS PAC,"October 24, 2011","Proposition 2 on November’s Texas ballot ""does not cost state taxpayers any money.""",half-true,email blast.,Elections; Water; Texas,W. Gardner Selby,"November 3, 2011",https://www.politifact.com/factchecks/2011/nov/03/H204TEXAS-PAC/Group-says-proposed-constitutional-amendment-costs/
John Kasich,"October 31, 2011","""They talk about this problem with binding arbitration. It doesn’t make a lot of sense to me to have somebody from Los Angeles fly into Zanesville and impose a wage settlement on you ... and then they’re on the plane back to Los Angeles.""",pants-fire,campaign speech,Ohio; Elections; Labor; Unions,Joe Guillen,"November 3, 2011",https://www.politifact.com/factchecks/2011/nov/03/john-kasich/john-kasich-slams-use-out-state-arbitrators-contra/
New Jersey Democratic State Committee,"October 17, 2011","﻿﻿""Since Mayor Kennedy O’Brien took office Sayreville has issued 22,081 building permits! Now O’Brien is holding secret meetings with big developers.""",mostly-false,political advertisement,New Jersey; Elections,Caryn Shinske,"October 26, 2011",https://www.politifact.com/factchecks/2011/oct/26/new-jersey-democratic-state-committee/sayreville-mayor-kennedy-obrien-blasts-democrats-p/
Dennis Kucinich,"September 14, 2011","""About 57 percent of registered Democrats in the new (9th Congressional) district come from my old district.""",mostly-true,email to supporters,Ohio; Elections; Redistricting,Sabrina  Eaton,"October 21, 2011",https://www.politifact.com/factchecks/2011/oct/21/dennis-kucinich/dennis-kucinich-says-57-registered-dems-new-9th-di/
Michele Bachmann,"October 11, 2011",Says Rick Perry co-chaired Al Gore’s campaign for president.,half-true,Bloomberg/Washington Post Republican presidential debate.,Candidate Biography; Elections; Texas,W. Gardner Selby,"October 12, 2011",https://www.politifact.com/factchecks/2011/oct/12/michele-bachmann/michele-bachmann-says-rick-perry-co-chaired-al-gor/
Ruben Navarrette Jr.,"September 28, 2011","""Every month, another 50,000 U.S.-born Hispanics turn 18 and become eligible to vote.""",mostly-true,opinion column.,Immigration; Elections; Texas,W. Gardner Selby,"October 7, 2011",https://www.politifact.com/factchecks/2011/oct/07/ruben-navarrette-jr/pundit-says-50000-hispanic-citizens-turn-18-and-be/
Brian Newberry,"October 2, 2011","""Legally, it doesn't make any difference"" which state district you live in when running for Congress.",true,television interview,Rhode Island; Elections; Legal Issues; Public Service,C. Eugene Emery Jr.,"October 7, 2011",https://www.politifact.com/factchecks/2011/oct/07/brian-newberry/house-minority-leader-brian-newberry-says-congress/
We Are Ohio,"September 13, 2011","Says that politicians who approved collective bargaining restrictions for public employees ""exploited a loophole exempting themselves from Senate Bill 5.""",mostly-false,campaign commercial,Ohio; Elections; Jobs; Labor; Unions,Joe Guillen,"October 7, 2011",https://www.politifact.com/factchecks/2011/oct/07/we-are-ohio/we-are-ohio-says-politicians-who-approved-collecti/
Chris Redfern,"September 15, 2011","Says that to drive the length of the newly drawn 15th District ""you’d find yourself on the road as long as it would take to drive from Columbus to Niagara Falls.""",mostly-true,news conference,Ohio; Elections; Redistricting,Aaron Marshall,"October 5, 2011",https://www.politifact.com/factchecks/2011/oct/05/chris-redfern/ohio-dems-chair-chris-redfern-says-driving-new-15t/
Chris Christie,,On running for the presidency in 2012,no-flip,,New Jersey; Elections,Caryn Shinske,"October 4, 2011",https://www.politifact.com/factchecks/2011/oct/04/chris-christie/chris-christie-confirms-he-wont-seek-presidency-20/
Rick Scott,"September 24, 2011","""At nearly 19 million people, the population of Florida is larger than all the earlier primary and caucus states combined.""",true,speech,Elections; Race and Ethnicity; Florida,Becky Bowers,"September 27, 2011",https://www.politifact.com/factchecks/2011/sep/27/rick-scott/gov-rick-scotts-primary-math-florida-has-more-peop/
Tommy Thompson,"September 12, 2011","Despite opposition from national Club for Growth, Club for Growth Wisconsin ""has endorsed"" him for U.S. Senate.",pants-fire,interview,Elections; Wisconsin,Tom Kertscher,"September 26, 2011",https://www.politifact.com/factchecks/2011/sep/26/tommy-thompson/republican-tommy-thompson-says-club-growth-wiscons/
Democratic Governors Association,"September 14, 2011","Says Wisconsin Gov. Scott Walker ""is denying Democrats the right to vote.""",pants-fire,online ad,Elections; Wisconsin,Tom Kertscher,"September 25, 2011",https://www.politifact.com/factchecks/2011/sep/25/democratic-governors-association/democrats-group-says-wisconsin-gov-scott-walker-de/
Josh Mandel,"September 1, 2011","""The majority last quarter of Sherrod Brown's campaign contributions came from outside of the state of Ohio.""",false,television interview,Ohio; Campaign Finance; Elections,Stephen Koff,"September 15, 2011",https://www.politifact.com/factchecks/2011/sep/15/josh-mandel/josh-mandel-chides-sen-sherrod-brown-out-state-con/
Debbie Wasserman Schultz,"September 13, 2011","In the New York 9th District, ""there is a large number of people who went to the polls tonight who didn't support the president to begin with and don't support Democrats -- and it's nothing more than that.""",mostly-false,comments published,Elections; Florida,Aaron Sharockman,"September 14, 2011",https://www.politifact.com/factchecks/2011/sep/14/debbie-wasserman-schultz/debbie-wasserman-schultz-downplays-meaning-new-yor/
We Are Ohio,"September 2, 2011","""Issue 2 makes it illegal for us to negotiate for enough firefighters to do the job.""",mostly-true,campaign commercial,Ohio; Elections; Labor,Joe Guillen,"September 9, 2011",https://www.politifact.com/factchecks/2011/sep/09/we-are-ohio/we-are-ohio-ad-says-issue-2-would-bar-negotiations/
Debra Medina,"January 14, 2010","""Governor (Perry), you were a Democrat, having worked for Al Gore as his campaign manager...""",half-true,Republican gubernatorial debate,Elections; Texas,W. Gardner Selby,"September 7, 2011",https://www.politifact.com/factchecks/2011/sep/07/debra-medina/debra-medina-claims-rick-perry-was-democrat-and-al/
Marcia Fudge,"August 22, 2011","""H.B. 194, the Voter Suppression Bill, invalidates a vote where a voter properly marks the ballot in support of a particular candidate, but also writes in the name of that same candidate.""",mostly-true,e-mail to Democratic supporters,Ohio; Elections,Joe Guillen,"September 2, 2011",https://www.politifact.com/factchecks/2011/sep/02/marcia-fudge/rep-marcia-fudge-says-state-approved-voter-legisla/
Reince Priebus,"August 18, 2011",Public-employee unions spent $30 million in Wisconsin unsuccessfully trying to flip the state Senate to Democratic control.,false,television interview,Campaign Finance; Elections; State Budget; Wisconsin,Dave Umhoefer,"August 28, 2011",https://www.politifact.com/factchecks/2011/aug/28/reince-priebus/republican-national-committee-chairman-reince-prie/
Tammy Baldwin,"August 10, 2011","Democrats failed to flip the Wisconsin state Senate because recall elections were in the ""deepest red districts in the state.""",mostly-false,interview,Elections; Wisconsin,Dave Umhoefer,"August 19, 2011",https://www.politifact.com/factchecks/2011/aug/19/tammy-baldwin/us-rep-tammy-baldwin-says-wisconsin-state-senate-r/
Reince Priebus,"August 3, 2011","The Republican National Convention ""is a Super Bowl times four.""",false,comments made to reporters while,Economy; Elections; Tourism; Florida,Aaron Sharockman,"August 12, 2011",https://www.politifact.com/factchecks/2011/aug/12/reince-priebus/rnc-chairman-says-2012-gop-convention-super-bowl-t/
Democratic Party of Wisconsin,"August 9, 2011","""Two elections in a row (Waukesha County Clerk Kathy Nickolaus) has screwed up counting the vote""",pants-fire,television interview,Elections; Wisconsin,Dave Umhoefer,"August 11, 2011",https://www.politifact.com/factchecks/2011/aug/11/state-democratic-party-wisconsin/democratic-party-wisconsin-chairman-mike-tate-says/
Marcia Fudge,"July 13, 2011","Says that voter identification laws ""keep poor people from voting, minorities from voting, the elderly from voting, students from voting.""",half-true,news conference on voting rights,Ohio; Elections,Stephen Koff,"August 10, 2011",https://www.politifact.com/factchecks/2011/aug/10/marcia-fudge/rep-marcia-fudge-says-11-percent-eligible-voters-l/
Kevin DeWine,"August 22, 2011",Says Republican Sen. John McCain won more votes for president in Cuyahoga County in the 2008 general election than he did in seven states.,true,speech at a GOP dinner,Ohio; Elections,Mark Naymik,"August 5, 2011",https://www.politifact.com/factchecks/2011/aug/05/kevin-dewine/ohio-gop-chair-says-democrat-stronghold-cuyahoga-c/
Travis Rowley,"July 19, 2011","""The RI Board of Elections has heard official testimony from Providence residents who claim to have witnessed known illegal aliens voting in local elections.""",mostly-false,commentary,Immigration; Rhode Island; Elections,C. Eugene Emery Jr.,"July 31, 2011",https://www.politifact.com/factchecks/2011/jul/31/travis-rowley/young-republican-chairman-says-board-elections-hea/
Debbie Wasserman Schultz,"July 20, 2011","Says that U.S. Rep. Allen West is ""a constituent of mine.""",true,interview on CNN,Elections; Redistricting; Florida,Katie Sanders,"July 21, 2011",https://www.politifact.com/factchecks/2011/jul/21/debbie-wasserman-schultz/latest-west-wasserman-schultz-feud-she-says-he-liv/
Brian Kemp,,"""The State Election Board has issued nearly $275,000 in fines to violators of absentee ballot laws.""",true,,Georgia; Elections,Eric Stirgus,"July 19, 2011",https://www.politifact.com/factchecks/2011/jul/19/brian-kemp/kemp-claim-fines-money/
New Hampshire Democratic Party,"June 27, 2011","""Mitt Romney is the first Massachusetts politician to run for president and not win the New Hampshire primary in a generation.""",mostly-true,statement by state Democratic chairman Ray Buckley,National; Candidate Biography; Elections; New Hampshire 2012,Jake Berry,"July 10, 2011",https://www.politifact.com/factchecks/2011/jul/10/new-hampshire-democratic-party/democrats-say-mitt-romney-first-massachusetts-resi/
Will Weatherford,"July 5, 2011","""Let’s say (Republicans) take away half of our delegates. They’re worth more than Iowa’s, New Hampshire’s and almost South Carolina’s combined.""",half-true,"interview with the ""St. Petersburg Times"" editorial board",Elections; Florida,Becky Bowers,"July 7, 2011",https://www.politifact.com/factchecks/2011/jul/07/will-weatherford/rep-will-weatherford-says-penalized-florida-delega/
Bill  Kristol,"July 3, 2011",Forty percent of union members voted Republican in 2008.,mostly-true,"interview on ""Fox News Sunday""",National; Elections; Labor; Workers,Louis Jacobson,"July 7, 2011",https://www.politifact.com/factchecks/2011/jul/07/bill-kristol/bill-kristol-says-40-percent-republicans-voted-joh/
Roger Williams,"June 28, 2011",Says U.S. House opponent Michael Williams does not live in and has never voted in the congressional district he’s seeking to represent.,false,at a campaign stop.,Candidate Biography; Elections; Texas,W. Gardner Selby,"July 5, 2011",https://www.politifact.com/factchecks/2011/jul/05/roger-williams/roger-williams-says-foe-has-never-voted-congressio/
Nina Turner,"June 22, 2011","""Voting in the wrong precinct led to over 14,000 registered voters statewide to lose their vote in 2008.""",true,speech,Ohio; Elections,Reginald Fields,"July 4, 2011",https://www.politifact.com/factchecks/2011/jul/04/nina-turner/state-sen-nina-turner-says-more-14000-voters-cast-/
Nina Perales,"May 31, 2011","Says a Republican-drawn map of proposed U.S. House districts for Texas ""gerrymanders more than nine million Latinos in Texas to make sure that we have no more electoral opportunity than we did in 1991.""",mostly-true,press release.,Elections; Redistricting; Texas,W. Gardner Selby,"June 22, 2011",https://www.politifact.com/factchecks/2011/jun/22/nina-perales/maldef-lawyer-says-may-remap-texas-congressional-d/
John Kasich,"June 13, 2011","""The president came in and campaigned against me 12 times.""",mostly-false,interview on Fox News,Ohio; Elections,Reginald Fields,"June 17, 2011",https://www.politifact.com/factchecks/2011/jun/17/john-kasich/gov-john-kasich-still-claiming-obama-made-dozen-ca/
Kathie Tovo,"April 29, 2011","Says the Austin City Council ""may give $4 million a year to subsidize a race track.""",mostly-true,TV ad.,City Budget; City Government; Elections; Taxes; Texas,W. Gardner Selby,"June 12, 2011",https://www.politifact.com/factchecks/2011/jun/12/kathie-tovo/kathie-tovo-says-austin-city-council-may-vote-subs/
Debbie Wasserman Schultz,"June 5, 2011","By advocating new requirements for voters to show ID cards at the polls, Republicans ""want to literally drag us all the way back to Jim Crow laws.""",false,interview with political commentator Roland Martin,National; Elections; Legal Issues,Louis Jacobson,"June 9, 2011",https://www.politifact.com/factchecks/2011/jun/09/debbie-wasserman-schultz/debbie-wasserman-schultz-compares-gop-backed-votin/
Rush Limbaugh,"May 18, 2011","Says Rick Perry is ""the guy that tracked"" down Democratic legislators who fled Texas in 2003.",mostly-false,his radio program.,Bipartisanship; Candidate Biography; Elections; Pundits; Redistricting; Texas,W. Gardner Selby,"May 28, 2011",https://www.politifact.com/factchecks/2011/may/28/rush-limbaugh/rush-limbaugh-says-rick-perry-tracked-down-democra/
Armond Budish,"May 18, 2011","Says Republican-approved changes to ""make it more difficult to participate in Ohio elections include reducing in-person early voting from 35 days to six.""",true,news release,Ohio; Elections,Mark Naymik,"May 27, 2011",https://www.politifact.com/factchecks/2011/may/27/armond-budish/state-rep-armond-budish-says-gop-approved-changes-/
Randi Shade,"May 19, 2011","Says that several times in the last 15 years, Austin City Council candidates have won seats after trailing by more than 4,000 votes in the election prompting the runoff.",half-true,statement.,City Government; Elections; History; Texas,W. Gardner Selby,"May 26, 2011",https://www.politifact.com/factchecks/2011/may/26/randi-shade/randi-shade-says-several-council-candidates-last-1/
Kurt Browning,"May 23, 2011","""Early voting remains at 96 hours.""",mostly-false,guest column published,Elections; Florida,Aaron Sharockman,"May 23, 2011",https://www.politifact.com/factchecks/2011/may/23/kurt-browning/flexibility-early-voting-means-possibly-less-hours/
Randi Shade,"May 17, 2011","""The turnout on May 14th was just 7 percent -- the lowest turnout in decades.""",mostly-true,press release.,City Government; Elections; Texas,W. Gardner Selby,"May 23, 2011",https://www.politifact.com/factchecks/2011/may/23/randi-shade/randi-shade-says-7-percent-turnout-city-council-el/
Michael McAuliff,"May 17, 2011","""Tommy Thompson wanted to implant data chips in humans.""",mostly-true,website article,Elections; Health Care; Technology; Wisconsin,Tom Kertscher,"May 22, 2011",https://www.politifact.com/factchecks/2011/may/22/michael-mc-auliff/huffington-post-reporter-says-possible-gop-senate-/
Terry Moulton,"April 28, 2011","""Wisconsin is one of the few states in the country that do not currently require a photographic identification"" to vote.",false,letters to constituents,Elections; Wisconsin,Dave Umhoefer,"May 18, 2011",https://www.politifact.com/factchecks/2011/may/18/terry-moulton/state-sen-terry-moulton-says-wisconsin-one-few-sta/
Kim Simac,"April 29, 2011","Says people who signed recall petitions against Wisconsin state Sen. Jim Holperin received ""harassing phone calls from out-of-state telemarketers claiming to represent the Democratic Party and insinuating foul play by petition circulators.""",true,news release,Elections; State Budget; Wisconsin,Tom Kertscher,"May 18, 2011",https://www.politifact.com/factchecks/2011/may/18/kim-simac/wisconsin-tea-party-leader-says-democrat-hired-tel/
Mike Bennett,"May 5, 2011","Says people in Africa ""literally walk two and three hundred miles"" in order to vote.",pants-fire,comments made on the Senate floor.,Elections; Florida,Aaron Sharockman,"May 6, 2011",https://www.politifact.com/factchecks/2011/may/06/mike-bennett/think-we-have-it-tough-africa-people-walk-300-mile/
Herb Kohl,"April 28, 2011","""I’ve been through four campaigns and have not done any negative campaigning.""",mostly-true,remarks to reporters,Bipartisanship; Campaign Finance; Candidate Biography; Elections; Wisconsin,Dave Umhoefer,"May 6, 2011",https://www.politifact.com/factchecks/2011/may/06/herb-kohl/sen-herb-kohl-says-hes-never-done-any-negative-cam/
Bill Nelson,"May 2, 2011","""55 percent of the people who cast a provisional ballot (in Florida) in the last presidential election -- their vote did not count.""",mostly-true,press conference,Elections; Florida,Aaron Sharockman,"May 2, 2011",https://www.politifact.com/factchecks/2011/may/02/bill-nelson/bill-nelson-criticizes-state-election-bill-cites-n/
Troy Fraser,"April 19, 2011","Says it probably costs more than $300,000 to run for a seat on the Pedernales Electric Cooperative board of directors.",pants-fire,Texas Senate committee hearing.,Elections; Energy; Texas,W. Gardner Selby,"May 2, 2011",https://www.politifact.com/factchecks/2011/may/02/troy-fraser/state-senator-says-it-probably-costs-more-300000-r/
Jon Husted,"April 7, 2011","Says that while his plan would narrow the time for early voting, ""it still will be one of the most aggressive early voting time frames in America.""",pants-fire,remarks to the Ohio League of Women Voters,Ohio; Elections,Aaron Marshall,"May 2, 2011",https://www.politifact.com/factchecks/2011/may/02/jon-husted/jon-husted-says-under-his-plan-ohio-would-be-among/
Chris Larson,"April 22, 2011","Republicans offered Wisconsin bar patrons ""free shots (of alcohol) to sign recall petitions against"" Democrats.",mostly-false,tweet,Elections; Labor; State Budget; Wisconsin,Tom Kertscher,"May 1, 2011",https://www.politifact.com/factchecks/2011/may/01/chris-larson/wisconsin-sen-chris-larson-says-republicans-offere/
JoAnne Kloppenburg,"April 20, 2011","""There are legitimate and widespread anomalies, and widespread questions about the conduct of (the Wisconsin Supreme Court) election, most visibly in Waukesha County, but also in counties around the state.""",mostly-false,remarks at a news conference,Elections; Wisconsin,Dave Umhoefer,"April 29, 2011",https://www.politifact.com/factchecks/2011/apr/29/joanne-kloppenburg/joanne-kloppenburg-says-anomalies-were-widespread-/
Miguel Diaz de la Portilla,"April 15, 2011","In early voting in Miami-Dade County, ""there is a trickle of two or three people a day at a very high cost to keep those public libraries and polls open.""",false,Senate Rules Committee meeting,Elections; Florida,Laura  Figueroa,"April 26, 2011",https://www.politifact.com/factchecks/2011/apr/26/miguel-diaz-de-la-portilla/sen-miguel-diaz-de-la-portilla-claims-only-2-3-vot/
Eric Eisnaugle,"April 21, 2011","""Mickey Mouse was registered to vote (in Florida).""",false,comments made on the House floor,Elections; Florida,Aaron Sharockman,"April 26, 2011",https://www.politifact.com/factchecks/2011/apr/26/eric-eisnaugle/mickey-mouse-was-registered-vote-florida-republica/
Kathy  Nickolaus,"April 7, 2011","Human error, such as skipping a community in the Wisconsin Supreme Court race, ""is common in (the vote-tabulation) process.",mostly-false,remarks at a news conference,Elections; Wisconsin,Dave Umhoefer,"April 17, 2011",https://www.politifact.com/factchecks/2011/apr/17/kathy-nickolaus/waukesha-county-clerk-kathy-nickolaus-says-errors-/
Scott Randolph,"April 4, 2011","""We have a guy who is going to be speaker of the House in four years, and his name has been on the ballot one time.""",false,comments during an appearance on 'The Rachel Maddow Show' on MSNBC,Candidate Biography; Elections; Redistricting; Florida,Aaron Sharockman,"April 11, 2011",https://www.politifact.com/factchecks/2011/apr/11/scott-randolph/rachel-maddow-show-democratic-rep-scott-randolph-c/
Tim Kaine,"April 5, 2011","Virginia was named ""best managed state, best state for business and best state to raise a child"" while I was governor.",true,YouTube video,Children; Economy; Education; Elections; Small Business; Virginia,Jacob Geiger,"April 7, 2011",https://www.politifact.com/factchecks/2011/apr/07/tim-kaine/tim-kaine-says-virginia-named-best-managed-state-b/
Republican National Committee,"February 24, 2011","""2008: Unions Spent $400 Million to Elect Obama.""",false,political advertisement,National; Campaign Finance; Elections,Angie Drobnic Holan,"March 15, 2011",https://www.politifact.com/factchecks/2011/mar/15/republican-national-committee-republican/rnc-said-unions-raised-400-million-obama-2008/
Alan Powell,"November 1, 2010","""Democrats have now become the party of the [Atlanta] metro area and of blacks.""",mostly-true,interview,Georgia; Elections,M.B. Pell,"March 14, 2011",https://www.politifact.com/factchecks/2011/mar/14/alan-powell/georgia-lawmaker-says-white-rural-democrats-are-th/
Leo Berman,"February 14, 2011","Says the Hawaii governor ""can’t find anything that says (President Barack Obama) was born in Hawaii.""",false,news article,Elections; Obama Birth Certificate; Texas,Meghan Ashford-Grooms,"February 27, 2011",https://www.politifact.com/factchecks/2011/feb/27/leo-berman/state-rep-leo-berman-says-hawaii-governor-cant-fin/
John Kasich,"February 21, 2011","""President Obama came to Ohio 12 times to try to defeat me and guess what? He didn't win.""",mostly-false,CNN interview,Ohio; Elections,Mark Naymik,"February 25, 2011",https://www.politifact.com/factchecks/2011/feb/25/john-kasich/gov-john-kasich-says-barack-obama-came-ohio-12-tim/
Milele Coggs,"February 3, 2011","""In its current state, this bill is the most restrictive voter ID legislation in the nation.""",true,news release,Elections; Wisconsin,Dave Umhoefer,"February 15, 2011",https://www.politifact.com/factchecks/2011/feb/15/milele-coggs/milwaukee-ald-milele-coggs-says-bill-would-give-wi/
Rachel Maddow,"December 15, 2010","Fox News ""said the New Black Panther Party decided the election for Barack Obama.""",false,interview on CBS' Late Show with David Letterman,National; Civil Rights; Elections; Pundits,Louis Jacobson,"February 9, 2011",https://www.politifact.com/factchecks/2011/feb/09/rachel-maddow/rachel-maddow-says-fox-news-said-new-black-panther/
Leticia Van de Putte,"January 25, 2011","""Ten retired nuns were barred from voting in the 2008 Indiana Democratic primary.""",half-true,remarks on the floor of the Texas Senate,Elections; Texas,Meghan Ashford-Grooms,"February 5, 2011",https://www.politifact.com/factchecks/2011/feb/05/leticia-van-de-putte/texas-sen-leticia-van-de-putte-says-10-nuns-indian/
Jeb Bush,"January 9, 2011","""A record number of Hispanics were elected to the U.S House of Representatives...""",mostly-true,opinion article,Elections; Race and Ethnicity; Florida,Laura  Figueroa,"January 13, 2011",https://www.politifact.com/factchecks/2011/jan/13/jeb-bush/jeb-bush-says-record-number-hispanics-elected-us-h/
Sarah Palin,"January 12, 2011",Says she condemned violence at a campaign stop in Arizona in March.,true,video statement on Facebook,National; Elections,Angie Drobnic Holan,"January 12, 2011",https://www.politifact.com/factchecks/2011/jan/12/sarah-palin/sarah-palin-did-condemn-violence-march-campaign-ra/
Debbie Wasserman Schultz,"January 9, 2011","Says the person who Florida U.S. Rep. Allen West first hired as chief of staff told people attending a Tea Party rally that, 'We will use bullets if ballots don't work.'",true,comments on NBC's 'Meet the Press',Bipartisanship; Elections; Negative Campaigning; Florida; Guns,Aaron Sharockman,"January 10, 2011",https://www.politifact.com/factchecks/2011/jan/10/debbie-wasserman-schultz/arizona-shooting-prompts-questions-about-civility-/
Dean Cannon,"December 8, 2010","House Speaker Dean Cannon says that freshmen lawmakers account for one-third of the 120-member House, and that two-thirds of the chamber have two years or less experience.",true,newspaper interview,Elections; Florida,Amy Sherman,"December 23, 2010",https://www.politifact.com/factchecks/2010/dec/23/dean-cannon/dean-cannon-says-majority-state-house-has-two-year/
Scott Fitzgerald,"December 9, 2010","""We continue to see these isolated incidents of people trying to vote five, six times a day.""",false,interview with a newspaper editorial board,Elections; Crime; Wisconsin,Dave Umhoefer,"December 23, 2010",https://www.politifact.com/factchecks/2010/dec/23/scott-fitzgerald/wisconsin-state-sen-scott-fitzgerald-says-some-peo/
Ellen Freidin,"December 13, 2010","""We have dozens of districts that go for 150 to 200 miles, splitting counties, splintering cities and connecting areas that have very little in common.""",mostly-true,comments at the launch of the NoLabels.org website.,Elections; Florida,Laura  Figueroa,"December 22, 2010",https://www.politifact.com/factchecks/2010/dec/22/ellen-freidin/districts/
Jane Kidd,"December 7, 2010","""[State Rep. Doug McKillip’s] donors deserve a refund.""",false,press release,Georgia; Campaign Finance; Elections,Jim Tharpe,"December 15, 2010",https://www.politifact.com/factchecks/2010/dec/15/jane-kidd/party-switchers-anger-leaders-dont-have-refund-con/
Democratic Congressional Campaign Committee,"December 7, 2010","Says Jim Renacci ran against the Washington establishment in the election, but is now ""hypocritically embracing it with big money, special interest fundraisers.""",half-true,news release,Ohio; Campaign Finance; Elections,Sabrina  Eaton,"December 13, 2010",https://www.politifact.com/factchecks/2010/dec/13/democratic-congressional-campaign-committee/democratic-congressional-campaign-committe-takes-l/
Michael Steele,"November 8, 2010","""I have won more elections than any chairman since 1938.""",half-true,interview on NPR,National; Campaign Finance; Elections,Robert Farley,"December 3, 2010",https://www.politifact.com/factchecks/2010/dec/03/michael-steele/rnc-chair-michael-steele-boasts-he-has-won-more-el/
National Review,"November 3, 2010",Said Republicans made historic gains in state legislatures during last month’s election,true,National Review Online,Georgia; Elections,Jim Tharpe,"December 3, 2010",https://www.politifact.com/factchecks/2010/dec/03/national-review/gop-made-historic-gains-state-level-year/
Joe Straus,"November 12, 2010","Says the Texas House has ""a record number of new members joining our ranks.""",half-true,e-mail,Elections; States; Texas,Meghan Ashford-Grooms,"November 27, 2010",https://www.politifact.com/factchecks/2010/nov/27/joe-straus/speaker-joe-straus-says-texas-house-has-record-num/
Republican state senators,"November 5, 2010","Said they reached a  ""power-sharing agreement"" with Republican Lt. Gov. Casey Cagle",pants-fire,Statements to reporters,Georgia; Elections,Jim Tharpe,"November 17, 2010",https://www.politifact.com/factchecks/2010/nov/17/republican-state-senators/georgia-senate-leaders-claim-power-sharing-lieuten/
Mike Haridopolos,"November 2, 2010","""This is the first time a party has picked up multiple seats during a regular election since the mid 1980s, making this the largest majority of any party in more than 25 years.""",mostly-true,post-election interview.,Elections; History; Florida,Laura  Figueroa,"November 16, 2010",https://www.politifact.com/factchecks/2010/nov/16/mike-haridopolos/incoming-senate-president-mike-haridopolos-says-fi/
Jeb Bush,"November 14, 2010","""Rick Scott got a majority of the Hispanic vote in Florida.""",mostly-false,"interview with his brother, former President George W. Bush, on CNN.",Immigration; Elections; Florida,Aaron Sharockman,"November 15, 2010",https://www.politifact.com/factchecks/2010/nov/15/jeb-bush/jeb-bush-says-rick-scott-won-florida-hispanic-vote/
John Kasich,"November 4, 2010","John Kasich says he won, despite ""12 visits by a president, somewhere between $45 (million) and $50 million (spent against him,) 500 paid volunteers in here calling me every name in the book, former presidents, first ladies and God-knows-who-else.""",half-true,speech to lobbyists,Ohio; Elections,Mark Naymik,"November 15, 2010",https://www.politifact.com/factchecks/2010/nov/15/john-kasich/john-kasich-says-democrats-targeted-his-gop-gubern/
Rachel Maddow,"November 10, 2010","""The Republican who was just elected governor of the great state of Florida paid his campaign staffers, not with money, but with American Express gift cards.""",half-true,comments on her MSNBC show.,Campaign Finance; Elections; Pundits; Florida,Aaron Sharockman,"November 12, 2010",https://www.politifact.com/factchecks/2010/nov/12/rachel-maddow/rick-scott-pays-campaign-workers-gift-cards-not-ca/
Americans For Tax Reform,"November 3, 2010","""It is a commitment voters take very seriously: The only incumbent in Ohio to break his Pledge and vote for Ted Strickland's income tax hike was defeated soundly on Tuesday.""",mostly-true,news release,Ohio; Elections; Taxes,Aaron Marshall,"November 12, 2010",https://www.politifact.com/factchecks/2010/nov/12/americans-tax-reform/anti-tax-group-says-lone-ohio-incumbent-break-tax-/
Barry Garner,"November 2, 2010",The Fulton County vote count will be finished by 11:30 p.m. on election night.,mostly-true,newspaper article,Georgia; Elections,Willoughby Mariano,"November 5, 2010",https://www.politifact.com/factchecks/2010/nov/05/barry-garner/fulton-elections-chief-pledged-quick-tallies/
Protect Your Vote,"October 28, 2010","""Liberal out-of-state special interests are spending millions on 5 and 6 to change the way Florida draws its congressional and legislative districts.""",half-true,TV ad,Elections; Florida Amendments; Legal Issues; Message Machine 2010; Redistricting; Florida,Becky Bowers,"October 31, 2010",https://www.politifact.com/factchecks/2010/oct/31/protect-your-vote/opponent-amendments-5-6-claims-liberal-out-state-d/
Rick Scott,"October 25, 2010","""Most"" of the newspapers that endorsed Alex Sink also endorsed Barack Obama.",mostly-true,debate,Elections; Pundits; Florida,Angie Drobnic Holan,"October 28, 2010",https://www.politifact.com/factchecks/2010/oct/28/rick-scott/rick-scott-says-most-newspapers-endorsed-sink-also/
Future PAC (Oregon House Democrats),"October 17, 2010","Says Julie Parrish is ""one of Sarah Palin’s mama grizzlies.""",mostly-false,campaign mailer,Oregon; Elections,Ian K. Kullgren,"October 25, 2010",https://www.politifact.com/factchecks/2010/oct/25/future-pac-oregon-house-democrats/oregon-house-democrats-try-tie-julie-parrish-sarah/
Maryellen O'Shaughnessy,"September 27, 2010","""Since 2000, when he entered politics, Jon Husted has been on the ballot six times for three different political offices.""",true,news release,Ohio; Elections,Joe Guillen,"October 22, 2010",https://www.politifact.com/factchecks/2010/oct/22/maryellen-oshaughnessy/maryellen-oshaughnessy-cites-jon-husteds-election-/
Chain email,"October 7, 2010",Says Texas voters are being asked to act this November on a proposed constitutional amendment affecting property taxes.,pants-fire,chain e-mail.,Elections; Taxes; Texas,W. Gardner Selby,"October 21, 2010",https://www.politifact.com/factchecks/2010/oct/21/chain-email/chain-e-mail-says-voters-should-beware-texas-propo/
Edwin Pacheco,"October 4, 2010","Says Christopher Little has ""a history of working against environmental protection by defending the worst types of corporate polluters""",false,press release from the Rhode Island Democratic Party,Environment; Rhode Island; Candidate Biography; Elections; Legal Issues,John Hill,"October 19, 2010",https://www.politifact.com/factchecks/2010/oct/19/edwin-pacheco/pacheco-says-little-has-history-working-against-en/
Christine O'Donnell,"October 14, 2010","""We haven't yet taken out a negative ad.""",pants-fire,debate,National; Campaign Finance; Elections; This Week - ABC News,Louis Jacobson,"October 18, 2010",https://www.politifact.com/factchecks/2010/oct/18/christine-odonnell/christine-odonnell-says-she-hasnt-run-negative-ad/
Citizens for Lower Taxes and a Stronger Economy,"January 21, 2010","""Amendment 4 will reduce Florida’s economic output by $34 billion annually.""",mostly-false,"""No on 4!"" website",Economy; Elections; Florida Amendments; Florida,Laura  Figueroa,"October 15, 2010",https://www.politifact.com/factchecks/2010/oct/15/citizens-lower-taxes-and-stronger-economy/study-claims-amendment-4-will-cause-34-billion-imp/
Joe Manchin,"October 8, 2010","John Raese's wife ""is registered to vote in Florida so she can't even vote for him.""",true,campaign ad,National; Candidate Biography; Elections; Message Machine 2010,Angie Drobnic Holan,"October 14, 2010",https://www.politifact.com/factchecks/2010/oct/14/joe-manchin/joe-manchin-attacks-john-raese-wife-registered-vot/
Mark Hinkle,"September 23, 2010","""Exit polls indicate that Democrats get over 70 percent of LGBT votes in federal elections.""",true,press release.,Bipartisanship; Elections; LGBTQ; Texas,W. Gardner Selby,"October 4, 2010",https://www.politifact.com/factchecks/2010/oct/04/mark-hinkle/mark-hinkle-chairman-libertarian-party-says-exit-p/
National Republican Congressional Committee,"September 12, 2010","""700 jobs (were) lost because Allen Boyd"" voted for the health care bill.",mostly-false,TV ad.,Education; Elections; Health Care; Message Machine 2010; Florida,Aaron Sharockman,"September 16, 2010",https://www.politifact.com/factchecks/2010/sep/16/national-republican-congressional-committee/allen-boyd-cost-sallie-mae-employees-their-jobs-he/
John Thrasher,"September 10, 2010","""We will be the first party to elect a bald guy to governor.""",false,comments at the Republican Party of Florida's annual meeting.,Candidate Biography; Elections; History; Florida,Aaron Sharockman,"September 13, 2010",https://www.politifact.com/factchecks/2010/sep/13/john-thrasher/would-rick-scott-be-floridas-first-bald-governor/
Maryellen O'Shaughnessy,"August 16, 2010","""It's factually correct to say"" that Jennifer Brunner inherited at least 18 lawsuits when she came into the office that were a result of Ken Blackwell’s ""mismanagement of the 2004 election.""",false,radio interview,Ohio; Elections,Joe Guillen,"September 10, 2010",https://www.politifact.com/factchecks/2010/sep/10/maryellen-oshaughnessy/maryellen-oshaughnessy-overstates-number-lawsuits-/
Bloggers,"September 8, 2010",Lindsey Graham endorsed Charlie Crist for U.S. Senate.,pants-fire,postings on Twitter,Elections; Florida,Aaron Sharockman,"September 8, 2010",https://www.politifact.com/factchecks/2010/sep/08/blog-posting/lindsey-graham-endorses-charlie-crist-talk-spreads/
Mary Jordan,"September 5, 2010","""The president's party always gets shellacked in midterms. It's only twice, 1934 and 2002, that the president's party actually gained in both the House and the Senate.""",mostly-true,"roundtable discussion on ABC's ""This Week with Christiane Amanpour""",National; Elections; History; Pundits; This Week - ABC News,Louis Jacobson,"September 7, 2010",https://www.politifact.com/factchecks/2010/sep/07/mary-jordan/do-presidents-always-get-shellacked-midterm-electi/
Rick Scott,"September 2, 2010","Jennifer Carroll's an ""outsider.""",half-true,press conference.,Candidate Biography; Elections; Florida,Aaron Sharockman,"September 3, 2010",https://www.politifact.com/factchecks/2010/sep/03/rick-scott/meet-outsiders-rick-scott-and-jennifer-carroll/
Rick Scott,"September 2, 2010","Jennifer Carroll is the ""first African-American Republican woman to be part of a statewide ticket in Florida.""",true,press release.,Candidate Biography; Elections; Florida,Aaron Sharockman,"September 3, 2010",https://www.politifact.com/factchecks/2010/sep/03/rick-scott/jennifer-carroll-could-make-history-if-elected-li/
Steven Schale,"August 31, 2010","Charlie Crist's ""personal approval numbers are plummeting.""",mostly-false,blog post.,Elections; Pundits; Florida,Aaron Sharockman,"September 1, 2010",https://www.politifact.com/factchecks/2010/sep/01/steven-schale/top-democrat-operative-claims-charlie-crists-poll-/
Mike DeWine,"August 15, 2010","The DeWine campaign is ""receiving money from so many more people. (Cordray's) money is coming almost exclusively from the party, labor unions, and special counsel that he has given business to.""",half-true,television interview,Ohio; Campaign Finance; Elections,Aaron Marshall,"August 30, 2010",https://www.politifact.com/factchecks/2010/aug/30/mike-dewine/mike-dewine-says-attorney-general-richard-cordrays/
Rick Perry,"August 18, 2010",Says Bill White is refusing to debate.,pants-fire,press release,Elections; Texas,Ciara O'Rourke,"August 22, 2010",https://www.politifact.com/factchecks/2010/aug/22/rick-perry/rick-perry-says-bill-white-refuses-debate/
Josh Mandel,"August 19, 2010","""In 2008 (Mandel) was re-elected to a second term, representing a district with a 2:1 Democrat to Republican voter ratio.""",mostly-true,statement posted to his website,Ohio; Elections,Joe Guillen,"August 20, 2010",https://www.politifact.com/factchecks/2010/aug/20/josh-mandel/republican-josh-mandel-touts-his-electability-comi/
Lee Fisher,"June 16, 2010","Rob Portman has taken more than $125,000 from ""Big Oil.""",mostly-true,news release,Ohio; Elections,Stephen Koff,"August 6, 2010",https://www.politifact.com/factchecks/2010/aug/06/lee-fisher/lee-fisher-accuses-rob-portman-taking-big-contribu/
Nancy Pelosi,"August 1, 2010","House Democrats ""have a two-to-one advantage money-wise"" against House Republicans.",mostly-true,"interview on ABC's ""This Week""",National; Campaign Finance; Elections; This Week - ABC News,Louis Jacobson,"August 3, 2010",https://www.politifact.com/factchecks/2010/aug/03/nancy-pelosi/nancy-pelosi-says-house-democrats-have-2-1-lead-ca/
Preston Smith,"July 28, 2010","""We have my opponent Sam Olens to thank for [the Arizona immigration ruling] since he was on the team that got Clinton elected.""",pants-fire,news release,Georgia; Immigration; Elections,Eric Stirgus,"August 2, 2010",https://www.politifact.com/factchecks/2010/aug/02/preston-smith/olens-deserves-some-blame-immigration-ruling-oppon/
Catherine Taylor,"July 27, 2010","""There's nothing in the voting instructions that we've been getting in the last several elections that lets you know"" about the limitations of the master lever.",false,appearance on the Helen Glover Show,Rhode Island; Elections,C. Eugene Emery Jr.,"August 2, 2010",https://www.politifact.com/factchecks/2010/aug/02/catherine-taylor/taylor-says-voters-havent-been-adequately-informed/
Kendrick Meek,"July 29, 2010","""Jeff Greene can buy anything"" ...  he owns two mansions.",true,TV ad.,Candidate Biography; Elections; Message Machine 2010; Florida,Aaron Sharockman,"July 30, 2010",https://www.politifact.com/factchecks/2010/jul/30/kendrick-meek/what-you-see-what-you-get-meek-has-photos-jeff-gre/
Chris Carpenter,"July 24, 2010","""Nobody’s invited us"" to the Obama events in Atlanta.",pants-fire,radio news story,Georgia; Elections,Jim Tharpe,"July 30, 2010",https://www.politifact.com/factchecks/2010/jul/30/chris-carpenter/barnes-campain-says-former-governor-not-invited-ob/
Bill McCollum,"July 29, 2010","""There's no negative advertising in my campaign at all.""",pants-fire,talking with reporters.,Elections; Florida,Aaron Sharockman,"July 29, 2010",https://www.politifact.com/factchecks/2010/jul/29/bill-mccollum/negative-campaigning-not-me-says-bill-mccollum/
Kendrick Meek,"July 26, 2010","Democratic candidate Jeff Greene ""ran for Congress as a California Republican.""",true,television ad,Candidate Biography; Elections; Message Machine 2010; Florida,Angie Drobnic Holan,"July 28, 2010",https://www.politifact.com/factchecks/2010/jul/28/kendrick-meek/greene-ran-republican-28-years-ago/
Ted Strickland,"July 6, 2010","""Ohio’s electricity rates are 10 percent below the national average.""",mostly-true,campaign speech,Ohio; Economy; Elections; Energy,Reginald Fields,"July 27, 2010",https://www.politifact.com/factchecks/2010/jul/27/ted-strickland/ohio-gov-ted-strickland-says-states-electricity-ra/
Bill O'Reilly,"July 17, 2010","""Attorney General Eric Holder is involved in the dismissal of the criminal charges"" against the New Black Panther Party for voter intimidation",false,online column,National; Civil Rights; Elections; Crime; Pundits,Robert Farley,"July 23, 2010",https://www.politifact.com/factchecks/2010/jul/23/bill-oreilly/bill-oreilly-blames-obama-administration-not-pursu/
John Kasich,"June 21, 2010","""Since 1904, the Ohio victor has won the presidency 25 out of 27 times """,true,statement posted to his website,Ohio; Elections; History,Robert Higgs,"July 23, 2010",https://www.politifact.com/factchecks/2010/jul/23/john-kasich/ohios-voter-opinions-steady-bellwether-presidentia/
John Cornyn,"July 9, 2010","""There have been 30 published polls in this election cycle and Harry Reid's been trailing in every single one.""",false,Talking Points Memo article,Elections; Texas,Ciara O'Rourke,"July 17, 2010",https://www.politifact.com/factchecks/2010/jul/17/john-cornyn/reid-only-clearly-trailing-two-thirds-polls/
Vincent Fort,"July 6, 2010","Says Democratic opponent is ""too Republican to stand up for us.""",mostly-false,mailer,Georgia; Elections,Jim Tharpe,"July 14, 2010",https://www.politifact.com/factchecks/2010/jul/14/vincent-fort/fort-contends-opponet-republican-democratic-clothi/
Bill White,"June 17, 2010","Says Gov. Rick Perry is ""by far and away the highest-paid state employee on an hourly basis.""",pants-fire,press conference.,Candidate Biography; Elections; Ethics; Texas,W. Gardner Selby,"July 12, 2010",https://www.politifact.com/factchecks/2010/jul/12/bill-white/white-citing-available-schedule-says-perry-far-and/
Anthony Gemma,"June 28, 2010",Rhode Island voters are moving away from the Democratic party to  non-affiliation,false,speech at the state Democratic convention,Rhode Island; Elections; History,C. Eugene Emery Jr.,"July 12, 2010",https://www.politifact.com/factchecks/2010/jul/12/anthony-gemma/gemma-says-democrat-ranks-are-thinning-voters-shed/
Mary Norwood,"June 29, 2010","""Georgia has the most  restrictive ballot access laws in the country.""",true,television interview,Georgia; Elections,Eric Stirgus,"July 2, 2010",https://www.politifact.com/factchecks/2010/jul/02/mary-n/norwood-says-georgia-has-most-restrictive-ballot-a/
John Faulk,"June 12, 2010","Says Houston’s 18th  congressional district has been ""gentrified"" and is home to ""more Anglos  than African Americans.""",false,speech,Candidate Biography; Census; Elections; Race and Ethnicity; Texas,W. Gardner Selby,"June 30, 2010",https://www.politifact.com/factchecks/2010/jun/30/john-faulk/faulk-says-center-city-houston-congressional-distr/
Jeff Sessions,"June 28, 2010","""In her first appellate argument, Ms. Kagan told the court that the speech and press guarantees in the First Amendment would allow the federal government to ban the publication of pamphlets discussing political issues before an election.""",half-true,Kagan confirmation hearing,National; Campaign Finance; Elections; Kagan Nomination,Robert Farley,"June 29, 2010",https://www.politifact.com/factchecks/2010/jun/29/jeff-sessions/sessions-says-kagan-argued-government-could-ban-po/
Fair Districts Florida,"June 23, 2010 in","""In the last 6 years, there have been 420 elections for State Senator and State Representative. Only three incumbents have been defeated!""",true,on the Fair Districts Florida website,Elections; Florida Amendments; Redistricting; Florida,Cristina Silva,"June 24, 2010",https://www.politifact.com/factchecks/2010/jun/24/fair-districts-florida/incumbents-hard-beat/
Libertarian Party of Texas,"June 7, 2010","""The Republican Party   lost 1.1 million registered voters since 2008. The Democratic Party  lost  1.2 million registered voters… (while) voter registration in the   Libertarian Party rose 8 percent.""",half-true,press release,Bipartisanship; Elections; Texas,W. Gardner Selby,"June 19, 2010",https://www.politifact.com/factchecks/2010/jun/19/libertarian-party-texas/libertarian-party-says-major-parties-have-shed-reg/
Charlie Crist,"June 6, 2010","""BP is setting up claims offices throughout the state.""",mostly-true,interview with CNN's Candy Crowley.,Elections; Florida,Aaron Sharockman,"June 15, 2010",https://www.politifact.com/factchecks/2010/jun/15/charlie-crist/bp-bringing-claims-centers-florida-charlie-crist-s/
Donna Brazile,"June 14, 2010",Ninety percent of the people in Arkansas still love Bill Clinton.,half-true,statement on ABC News' 'This Week.',National; Elections; This Week - ABC News,Alex Holt,"June 15, 2010",https://www.politifact.com/factchecks/2010/jun/15/donna-brazile/brazile-says-clinton-loved-90-percent-arkansans/
Jeb Bush,"May 20, 2010","Bill McCollum has ""recovered $200 million in Medicaid fraud.""",true,campaign commercial for Bill McCollum,Elections; Message Machine 2010; Florida,Laura  Figueroa,"June 14, 2010",https://www.politifact.com/factchecks/2010/jun/14/jeb-bush/bill-mccollum-claims-he-recovered-nearly-200-milli/
Chain email,"June 9, 2010","""In 20 years there will be enough Muslim voters in the U.S. to elect the president by themselves.""",pants-fire,chain e-mail,Immigration; National; Elections,Louis Jacobson,"June 10, 2010",https://www.politifact.com/factchecks/2010/jun/10/chain-email/chain-e-mail-claims-muslims-will-be-majority-us-20/
Tom Mechler,"May 27, 2010","""The Democrats have over  20 field agents to our zero.""",half-true,press release,Campaign Finance; Elections; Texas,W. Gardner Selby,"June 4, 2010",https://www.politifact.com/factchecks/2010/jun/04/tom-mechler/challenger-gop-chair-says-democrats-have-20-field-/
Michael Steele,"May 23, 2010","The Republican Party ""fought very hard in the '60s to get the civil rights bill passed, as well as the voting rights bill.""",true,interview on ABC's This Week,National; Civil Rights; Elections; History; Legal Issues; This Week - ABC News,Louis Jacobson,"May 25, 2010",https://www.politifact.com/factchecks/2010/may/25/michael-steele/steele-says-gop-fought-hard-civil-rights-bills-196/
Tim Kaine,"May 23, 2010","The primary election results show Democrats are strong in Kentucky  because the Democratic candidates ""both got more votes than Rand Paul  did.""",half-true,interview on ABC's 'This Week.',National; Elections; This Week - ABC News,Aaron Sharockman,"May 23, 2010",https://www.politifact.com/factchecks/2010/may/23/tim-kaine/kentucky-democrats-got-more-votes-republican-rand-/
Michael Steele,"May 23, 2010","In Hawaii, ""they don't have a history of throwing incumbents out of office.""",true,interview on ABC's 'This Week.',National; Elections; This Week - ABC News,Aaron Sharockman,"May 23, 2010",https://www.politifact.com/factchecks/2010/may/23/michael-steele/rnc-chair-michael-steele-says-republican-victory-h/
Bill White,"May 19, 2010","""In three days last week, (Gov. Rick) Perry  flew to five cities at taxpayers’ expense, holding press conferences,  delivering $2,325,000 in checks.""",pants-fire,Facebook post,Elections; Ethics; State Budget; Texas,W. Gardner Selby,"May 23, 2010",https://www.politifact.com/factchecks/2010/may/23/bill-white/white-says-taxpayers-paid-perry-fly-texas-deliveri/
Meg Whitman,"April 16, 2010","Steve Poizner ""increased his department's budget nearly 14 percent.""",false,campaign commerical,National; Candidate Biography; Elections; Financial Regulation; Message Machine 2010,Louis Jacobson,"May 20, 2010",https://www.politifact.com/factchecks/2010/may/20/meg-whitman/whitman-accuses-poizner-14-percent-budget-increase/
Steve Poizner,"April 10, 2010","California Republican gubernatorial hopeful Meg Whitman ""contributed to, and campaigned, for"" Democratic Sen. Barbara Boxer.",mostly-true,campaign commercial,National; Campaign Finance; Candidate Biography; Elections; Message Machine 2010,Louis Jacobson,"May 20, 2010",https://www.politifact.com/factchecks/2010/may/20/steve-poizner/poizner-says-whitman-supported-liberal-icon-barbar/
Steve Poizner,"April 10, 2010","""Taxpayer-funded benefits to illegals"" in California are ""a skyrocketing cost under Obamacare.""",false,campaign commercial,Immigration; National; Candidate Biography; Elections; Federal Budget; Health Care; Message Machine 2010; Poverty,Louis Jacobson,"May 19, 2010",https://www.politifact.com/factchecks/2010/may/19/steve-poizner/california-gop-candidate-blames-obama-health-care-/
Meg Whitman,"May 14, 2010","California gubernatorial candidate Steve Poizner, a Republican, ""gave $10,000 to Al Gore's recount"" effort in 2000.",mostly-true,campaign commercial,National; Campaign Finance; Candidate Biography; Elections; Message Machine 2010,Louis Jacobson,"May 18, 2010",https://www.politifact.com/factchecks/2010/may/18/meg-whitman/california-race-whitman-says-poizner-donated-gore-/
Lone Star Project,"April 29, 2010","Says state's expected ""increase in federal political clout  is almost entirely due to  the growth of the African American and  Hispanic populations in Texas in  virtually every region of the state.""",mostly-true,e-mail blast.,Census; Elections; Texas,W. Gardner Selby,"May 17, 2010",https://www.politifact.com/factchecks/2010/may/17/lone-star-project/democratic-group-credits-hispanic-and-african-amer/
Allen Boyd,"April 23, 2010","Says that when he first ran for office in the late 1980s, ""there were still folks who didn't have phone service. Soon I'd helped ensure that everyone in North Florida could access a dial tone.""",mostly-true,TV ad,Elections; Message Machine 2010; Florida,Laura  Figueroa,"May 14, 2010",https://www.politifact.com/factchecks/2010/may/14/allen-boyd/boyd-says-he-helped-bring-dial-tone-north-florida/
Adam Putnam,"May 4, 2010","Scott Maddox is a ""lobbyist.""",true,campaign statement.,Candidate Biography; Elections; Florida,Aaron Sharockman,"May 6, 2010",https://www.politifact.com/factchecks/2010/may/06/adam-putnam/adam-putnam-calls-scott-maddox-l-word-lobbyist/
Marco Rubio,"April 28, 2010","""By registration fewer than 20 percent of Florida voters are Independents.""",true,campaign memo.,Elections; Florida,Aaron Sharockman,"April 29, 2010",https://www.politifact.com/factchecks/2010/apr/29/marco-rubio/crist-faces-uphill-battle-find-votes-independent/
Alan Grayson,"April 22, 2010","""Daniel Webster said he's out. Now he says he's in.""",true,statement.,Elections; Florida,Aaron Sharockman,"April 27, 2010",https://www.politifact.com/factchecks/2010/apr/27/alan-grayson/alan-grayson-daniel-webster/
Chet Edwards,"April 21, 2010","Republican challenger Bill Flores ""has never once voted  in a general election in our district.""",true,campaign video,Candidate Biography; Elections; Message Machine 2010; Texas,W. Gardner Selby,"April 27, 2010",https://www.politifact.com/factchecks/2010/apr/27/chet-edwards/us-rep-chet-edwards-says-gop-challenger-has-never-/
Charlie Justice,"April 14, 2010",Links jailed lobbyist Jack Abramoff to Rep. C.W. Bill Young.,pants-fire,web ad.,Candidate Biography; Elections; Message Machine 2010; Florida,Aaron Sharockman,"April 26, 2010",https://www.politifact.com/factchecks/2010/apr/26/charlie-justice/bill-young-jack-abramoff-charlie-justice/
Charlie Justice,"April 14, 2010","U.S. Rep. Bill Young ""has accepted $737,000 from lobbyists and recipients of his earmarks.""",half-true,web ad.,Candidate Biography; Elections; Message Machine 2010; Florida,Aaron Sharockman,"April 26, 2010",https://www.politifact.com/factchecks/2010/apr/26/charlie-justice/bill-young-earmark-campaign-contributions/
Bill White,"April 13, 2010","""By the end of Governor Rick Perry's term, he will have drained Texas taxpayers ... of more than $360,000 to pay for the rental mansion he has been living in while the historic Governor's Mansion is repaired.""",true,press release,Elections; State Budget; Texas,Meghan Ashford-Grooms,"April 25, 2010",https://www.politifact.com/factchecks/2010/apr/25/bill-white/white-says-perrys-rental-home-will-cost-taxpayers-/
Rick Scott,"April 19, 2010","""Thanks to you, in under one week we have the largest GOP (Facebook) page in the Governor's race!""",true,post on Facebook.,Candidate Biography; Elections; Pop Culture; Florida,Aaron Sharockman,"April 22, 2010",https://www.politifact.com/factchecks/2010/apr/22/rick-scott/rick-scott-republican-governor-facebook/
Dan Gelber,"April 5, 2010",''I have received more contributions than any other candidate in the race – Republican or Democrat.'',false,e-mail to supporters and media,Elections; Florida,Carol Rosenberg,"April 21, 2010",https://www.politifact.com/factchecks/2010/apr/21/dan-gelber/state-sen-dan-gelber-boasts-hes-raised-more-other-/
Debra Lehrmann,"April 5, 2010","""This race will be the Democrats’ top target this November.""",false,mailer,Elections; States; Texas,Meghan Ashford-Grooms,"April 11, 2010",https://www.politifact.com/factchecks/2010/apr/11/debra-lehrmann/high-court-hopeful-lehrmann-race-will-be-dems-top-/
Paul Workman,"April 3, 2010","Says Holly Turner ""failed to vote in five straight Republican primaries.""",true,TV ad,Elections; Texas,Ciara O'Rourke,"April 10, 2010",https://www.politifact.com/factchecks/2010/apr/10/paul-workman/workman-says-turner-didnt-vote-five-consecutive-go/
Alexander Snitker,"March 29, 2010","""Snitker has been virtually ignored by the major media.""",true,Alexander Snitker,Elections; Florida,Carol Rosenberg,"April 5, 2010",https://www.politifact.com/factchecks/2010/apr/05/alexander-snitker/libertarian-senate-candidate-claims-he-ignored-mai/
Charlie Crist,"March 28, 2010","Marco Rubio controlled funds that ""out of the $600,000 that were raised,  only $4,000 went to candidates to try to improve their chances to be  elected to office.""",half-true,debate on Fox News Sunday,Elections; Ethics; States; Florida,Angie Drobnic Holan,"March 29, 2010",https://www.politifact.com/factchecks/2010/mar/29/charlie-crist/crist-attacks-rubio-campaign-contributions/
Republican Party of Texas,"March 10, 2010","""War for the soul of the TxDems: 57% of  Dem incumbents for Tx House LOST their primary.""",mostly-false,Twitter post,Elections; Texas,W. Gardner Selby,"March 25, 2010",https://www.politifact.com/factchecks/2010/mar/25/republican-party-texas/texas-gop-says-57-percent-texas-house-democrats-tu/
Karl Rove,"March 9, 2010","""Rick Perry had planned to retire from the legislature  until his best friend, David Weeks, and I talked him into switching  parties and running for the GOP nomination for agriculture  commissioner.""",mostly-true,his autobiography,Candidate Biography; Elections; Texas,W. Gardner Selby,"March 19, 2010",https://www.politifact.com/factchecks/2010/mar/19/karl-rove/karl-rove-says-he-and-consultant-david-weeks-persu/
Karl Rove,"March 9, 2010","""Kay Bailey Hutchison was elected state treasurer,  succeeding Ann Richards. Democrats then abolished the position ...  Hutchison later became a U.S. senator.""",false,his autobiography,Elections; Texas,W. Gardner Selby,"March 19, 2010",https://www.politifact.com/factchecks/2010/mar/19/karl-rove/karl-rove-writes-democrats-abolished-state-treasur/
Citizens for Lower Taxes and a Stronger Economy,"March 15, 2010","St. Pete Beach's experiences are a ""fair example"" of what could happen if Amendment 4 passes.",half-true,interview,Candidate Biography; Elections; Florida Amendments; Florida,Aaron Sharockman,"March 19, 2010",https://www.politifact.com/factchecks/2010/mar/19/citizens-lower-taxes-and-stronger-economy/st-pete-beach-amendment-4-hometown-democracy/
David Axelrod,"March 14, 2010","""Under the ruling of the Supreme Court, any lobbyist could go into any legislator and say, if you don't vote our way on this bill, we're going to run a million-dollar campaign against you in your district.""",half-true,interview on ABC's This Week,National; Corporations; Elections,Louis Jacobson,"March 17, 2010",https://www.politifact.com/factchecks/2010/mar/17/david-axelrod/axelrod-says-supreme-court-ruling-enables-lobbyist/
Citizens for Lower Taxes and a Stronger Economy,"March 10, 2010","St. Pete Beach's local version of Amendment 4 resulted in ""seemingly endless lawsuits (that) decimated the city's legal budget and forced the city to raise the property tax rate.""",half-true,Internet ad.,Elections; Florida Amendments; Infrastructure; Florida,Aaron Sharockman,"March 16, 2010",https://www.politifact.com/factchecks/2010/mar/16/citizens-lower-taxes-and-stronger-economy/referendums-over-growth-issues-forced-city-raise-t/
Linda Curtis,"March 4, 2010","Sen. Kay Bailey Hutchison's  ""concession speech came with less than 20 percent of the precincts  having been counted.""",mostly-true,Web post,Elections; Texas,W. Gardner Selby,"March 15, 2010",https://www.politifact.com/factchecks/2010/mar/15/linda-curtis/independent-activist-linda-curtis-says-sen-kay-bai/
Marco Rubio,"March 4, 2010","Charges on the Republican Party of Florida credit card were made with ""my money.""",mostly-false,interview with Fox News.,Candidate Biography; Elections; Florida,Aaron Sharockman,"March 11, 2010",https://www.politifact.com/factchecks/2010/mar/11/marco-rubio/rubio-gop-credit-card-my-money/
Ken Mercer,"February 19, 2010","Challenger Tim Tuggey ""is a lobbyist who donated over $41,000 to Democrats who support abortion and same-sex marriage.""",mostly-false,advertisement,Abortion; Education; Elections; LGBTQ; Texas,W. Gardner Selby,"March 1, 2010",https://www.politifact.com/factchecks/2010/mar/01/ken-mercer/ken-mercer-member-state-board-education-says-chall/
David  Sewell,"February 22, 2010","Says he ""never"" donates to Democrats while Paul Workman ""contributes to Democrat Kirk Watson and other Democrats running against Republicans.""",half-true,campaign flier,Elections; Texas,Ciara O'Rourke,"February 26, 2010",https://www.politifact.com/factchecks/2010/feb/26/david-sewell/sewell-says-he-doesnt-donate-democrats-workman-con/
Holly  Turner,"February 25, 2010","Says Paul Workman ""voted in the Democrat primary, supporting Democrats with his vote.""",true,radio ad,Elections; Texas,Ciara O'Rourke,"February 26, 2010",https://www.politifact.com/factchecks/2010/feb/26/holly-turner/turner-says-workman-voted-democratic-primary/
Eve Schatelowitz Alcantar,"January 28, 2010","""In this judicial race, special  interest groups have demanded  money from me, in exchange for  endorsement and support.""",false,response to League of Women Voters of Texas.,Elections; Ethics; Texas,W. Gardner Selby,"February 21, 2010",https://www.politifact.com/factchecks/2010/feb/21/eve-schatelowitz-alcantar/judicial-aspirant-eve-schatelowitz-alcantar-says-d/
Farouk Shami,"February 8, 2010","""When we go to vote, they ask for driver's license and verify that you are a voter and a citizen in the state of Texas.""",half-true,debate,Elections; Texas,Ciara O'Rourke,"February 12, 2010",https://www.politifact.com/factchecks/2010/feb/12/farouk-shami/shami-says-poll-workers-request-voters-drivers-lic/
Debra Medina,"January 29, 2010","""For the hour after the (Jan. 14) debate, 'Debra Medina' was the No. 1 search on Google and for the remainder of that night No. 3.""",false,interview,Elections; Pop Culture; Texas,W. Gardner Selby,"February 5, 2010",https://www.politifact.com/factchecks/2010/feb/05/debra-medina/debra-medina-says-her-name-was-no-1-search-night-f/
Dick Armey,"January 24, 2010","""Right now the Tea Party polls higher than the Republicans and the Democrats.""",false,interview with NBC,National; Elections; Pundits,Catharine Richert,"January 25, 2010",https://www.politifact.com/factchecks/2010/jan/25/dick-armey/armey-says-tea-party-more-popular-democrats-republ/
Charles Schumer,"January 21, 2010","""With a stroke of a pen, the (U.S. Supreme Court) decided to overrule the 100-year-old ban on corporate expenditures.""",mostly-false,press conference,National; Corporations; Elections; Legal Issues; Supreme Court,Angie Drobnic Holan,"January 22, 2010",https://www.politifact.com/factchecks/2010/jan/22/charles-schumer/campaign-finance-ruling-united-citizens-historical/
Kelly O'Donnell,"January 19, 2010","In Massachusetts, Scott Brown's Republican affiliation is ""not a secret, but clearly not on display.""",mostly-true,segment on NBC's Today show,National; Candidate Biography; Elections; Pundits,Louis Jacobson,"January 20, 2010",https://www.politifact.com/factchecks/2010/jan/20/kelly-odonnell/scott-brown-mostly-avoided-mentioning-hes-republic/
Linda Chavez-Thompson,"January 4, 2010","""Most Texans aren't millionaires.""",true,speech,Economy; Elections; Texas,W. Gardner Selby,"January 20, 2010",https://www.politifact.com/factchecks/2010/jan/20/linda-chavez-thompson/says-most-texans-arent-millionaires/
Rick Perry,"January 15, 2009",Says approximately 70 percent of jobs created in the United States in November 2007-2008 were in Texas.,false,press release,Economy; Elections; Workers; Texas,W. Gardner Selby,"January 12, 2010",https://www.politifact.com/factchecks/2010/jan/12/rick-perry/perry-claims-texas-accounted-70-percent-new-jobs-2/
Barack Obama,"December 22, 2009","""I didn't campaign on a public option.""",mostly-false,interview with the Washington Post,National; Elections; Health Care,Angie Drobnic Holan,"December 23, 2009",https://www.politifact.com/factchecks/2009/dec/23/barack-obama/public-option-obama-platform/
Sarah Palin,"November 17, 2009","The McCain campaign ""did not elaborate"" on Obama's ties to ACORN.",false,"her book, 'Going Rogue'",National; Elections; Ethics,Robert Farley,"November 17, 2009",https://www.politifact.com/factchecks/2009/nov/17/sarah-palin/sarah-palin-claims-campaign-did-not-elaborate-obam/
C.W. Bill Young,"November 9, 2009","Claims that Obama said, ""For those who oppose our policies, you should just shut up and go away.""",false,meeting of Florida Republicans,Elections; Florida,Aaron Sharockman,"November 11, 2009",https://www.politifact.com/factchecks/2009/nov/11/cw-bill-young/us-rep-claims-obama-told-republicans-shut-and-go-/
Democratic National Committee,"October 9, 2009","""Only 20 percent of Americans admit to being Republicans anymore.""",mostly-true,e-mail to reporters,National; Elections,Ian Jannetta,"October 16, 2009",https://www.politifact.com/factchecks/2009/oct/16/democratic-national-committee/democrats-claim-only-20-percent-americans-call-the/
Michael Moore,"September 29, 2009","After Fahrenheit 9/11 came out, ""Bush's approval rating never was better, it only got worse.""",mostly-false,press conference,National; Elections,Angie Drobnic Holan,"October 1, 2009",https://www.politifact.com/factchecks/2009/oct/01/michael-moore/michael-moore-movie-bush-approval-rating/
Michael Moore,"September 23, 2009","Goldman Sachs was Barack Obama's ""No. 1 private contributor.""",true,"interview on ""The Colbert Report""",National; Elections; Regulation,Angie Drobnic Holan,"September 25, 2009",https://www.politifact.com/factchecks/2009/sep/25/michael-moore/barack-obama-goldman-sachs-campaign-contributions/
Mike Murphy,"June 12, 2009","In Texas, ""the No. 1 name for new male babies — many of whom will vote one day — is Jose.""",true,column,Immigration; National; Elections; Pundits,Angie Drobnic Holan,"June 15, 2009",https://www.politifact.com/factchecks/2009/jun/15/mike-murphy/jose-no-1-baby-name-texas-social-security-administ/
MoveOn.org,"May 8, 2009",Senators who have accepted millions in campaign contributions from the financial industry voted against allowing bankruptcy judges to modify home mortgages.,true,Web ad,National; Bankruptcy; Elections; Housing,Angie Drobnic Holan,"May 12, 2009",https://www.politifact.com/factchecks/2009/may/12/moveon/moveon-targets-senators-who-opposed-new-bankruptcy/
Democratic National Committee,"May 5, 2009","The Republican Party has ""21 percent party ID and shrinking.""",mostly-true,Web ad.,National; Elections,Angie Drobnic Holan,"May 6, 2009",https://www.politifact.com/factchecks/2009/may/06/democratic-national-committee/republican-party-identification-shrinking/
Rachel Maddow,"April 6, 2009","Gov. Sarah Palin ""got precisely zero support for her call for Alaska's Democratic Senator Mark Begich to resign because Ted Stevens' corruption conviction was overturned.""",false,episode of her MSNBC show,National; Elections; Pundits,Alexander Lane,"April 10, 2009",https://www.politifact.com/factchecks/2009/apr/10/rachel-maddow/maddow-claims-palin-got-zero-support-her-idea-only/
John McCain,"October 23, 2008","""The McCain campaign is roughly in the position where Vice President Gore was running against President Bush one week before the election of 2000.""",false,remarks by chief strategist Steve Schmidt,National; Elections,Alexander Lane,"December 3, 2008",https://www.politifact.com/factchecks/2008/dec/03/john-mccain/mccain-is-further-back-than-gore-was/
Barack Obama,"October 19, 2008","""The race will tighten, just because that's what happens at the end of campaigns. They always have.""",mostly-true,TV interview,National; Elections,Alexander Lane,"December 1, 2008",https://www.politifact.com/factchecks/2008/dec/01/barack-obama/elections-tighten-almost-every-time/
John McCain,"October 31, 2008","""We are within the margin of error.""",half-true,TV interview,National; Elections,Alexander Lane,"October 30, 2008",https://www.politifact.com/factchecks/2008/oct/30/john-mccain/updated-mccain-is-right-about-5-of-11-polls/
John McCain,"October 21, 2008","""Sen. Obama's campaign announced that he's choosing his  cabinet.""",false,rally,National; Elections,Bill Adair,"October 21, 2008",https://www.politifact.com/factchecks/2008/oct/21/john-mccain/no-cabinet-picks-yet/
Mike Huckabee,"September 3, 2008","Sarah Palin ""got more votes running for mayor of Wasilla, Alaska, than Joe Biden got running for president of the United States.""",pants-fire,speech at the Republican National Convention,National; Elections,Keith Perine,"September 4, 2008",https://www.politifact.com/factchecks/2008/sep/04/mike-huckabee/hes-wrong-even-without-counting-all-the-votes/
John McCain,"July 8, 2008","""Barack Obama said he would debate 'anywhere, anytime' but has rejected joint town hall meetings.""",half-true,news release,National; Elections,Robert Farley,"July 15, 2008",https://www.politifact.com/factchecks/2008/jul/15/john-mccain/obama-seems-to-have-change-of-heart/
Ralph Nader,"June 18, 2008","""The most recent Associated Press poll has Nader-Gonzalez at 6 percent, without any national coverage, against McCain and Obama.""",mostly-true,"interview with ""Democracy Now!,"" an independent radio program",National; Elections,Alexander Lane,"June 30, 2008",https://www.politifact.com/factchecks/2008/jun/30/ralph-nader/number-stands-up-even-if-other-details-dont/
Ralph Nader,"June 18, 2008","""I didn't say"" it doesn't really matter whether Gore or Bush is president.",mostly-false,"interview with ""Democracy Now!,"" an independent radio program",National; Elections,Alexander Lane,"June 30, 2008",https://www.politifact.com/factchecks/2008/jun/30/ralph-nader/nader-almost-said-gore-bush-but-not-quite/
Hillary Clinton,"June 1, 2008","""We are winning the popular vote.""",mostly-false,"San Juan, Puerto Rico",National; Elections,Angie Drobnic Holan,"June 3, 2008",https://www.politifact.com/factchecks/2008/jun/03/hillary-clinton/counting-votes-is-tricky-this-year/
Hillary Clinton,"May 23, 2008","It doesn't make sense ""historically"" to drop out because the 1968 race was still competitive when ""Bobby Kennedy was assassinated in June in California.""",mostly-false,"Sioux Falls, S.D.",National; Elections,Angie Drobnic Holan,"May 26, 2008",https://www.politifact.com/factchecks/2008/may/26/hillary-clinton/campaign-in-68-didnt-start-until-march/
Barack Obama,"May 21, 2008","When McCain was questioned about hiring lobbyists to his campaign staff, ""his top lobbyist actually had the nerve to say, 'The American people won't care about this.' """,true,speech,National; Elections; Ethics,Robert Farley,"May 23, 2008",https://www.politifact.com/factchecks/2008/may/23/barack-obama/obamas-right-mccains-campaign-said-it-doesnt-matte/
Barack Obama,"May 21, 2008","McCain ""hired some of the biggest lobbyists in Washington to run his campaign.""",true,"Tampa, Fla.",National; Elections; Ethics,Robert Farley,"May 23, 2008",https://www.politifact.com/factchecks/2008/may/23/barack-obama/they-were-hired/
Hillary Clinton,"May 13, 2008","""The White House is won in the swing states, and I am winning the swing states.""",mostly-false,speech,National; Elections,Bill Adair,"May 16, 2008",https://www.politifact.com/factchecks/2008/may/16/hillary-clinton/numbers-dont-add-up/
Hillary Clinton,"May 12, 2008","""If West Virginia had voted for our Democratic nominee in 2000 and 2004, we wouldn't have had to put up with George Bush for the last 7 years.""",half-true,"Logan, W. Va.",National; Elections,Amy Hollyfield,"May 15, 2008",https://www.politifact.com/factchecks/2008/may/15/hillary-clinton/2000-yes-but-not-2004/
Bill Clinton,"April 22, 2008","Denies that he said the Obama campaign ""played the race card.""",pants-fire,Pittsburgh,National; Elections,Angie Drobnic Holan,"April 22, 2008",https://www.politifact.com/factchecks/2008/apr/22/bill-clinton/yes-he-did/
Hillary Clinton,"March 24, 2008","""My husband didn't wrap up the nomination until June.""",mostly-false,interview with the <i> Philadelphia Daily News </i> editorial board,National; Elections,Stephanie Garry,"April 9, 2008",https://www.politifact.com/factchecks/2008/apr/09/hillary-clinton/he-had-it-wrapped-up-in-march/
Hillary Clinton,"March 25, 2008","""I did very well with young people in Ohio, Massachusetts, California.""",half-true,news conference,National; Elections,Stephanie Garry,"April 8, 2008",https://www.politifact.com/factchecks/2008/apr/08/hillary-clinton/very-well-in-mass-and-calif/
Mike Gravel,"March 13, 2008","""I am a candidate. I have not withdrawn.""",true,YouTube video,National; Elections,Amy Hollyfield,"March 26, 2008",https://www.politifact.com/factchecks/2008/mar/26/mike-gravel/hes-in-the-race/
Barack Obama,"March 5, 2008","""We've won twice as many states. We've won a greater share of the popular vote.""",mostly-true,interview on the Today Show.,National; Elections,Bill Adair,"March 10, 2008",https://www.politifact.com/factchecks/2008/mar/10/barack-obama/a-slight-lead-in-popular-vote/
Hillary Clinton,"February 26, 2008","""Could I just point out that ... I seem to get the first question all the time?""",true,debate,National; Elections,Amy Hollyfield,"February 27, 2008",https://www.politifact.com/factchecks/2008/feb/27/hillary-clinton/shes-often-first-but-is-that-a-bad-thing/
Barack Obama,"February 21, 2008","He's been endorsed by ""every major newspaper here in the state of Texas.""",true,debate,National; Elections,Bill Adair,"February 22, 2008",https://www.politifact.com/factchecks/2008/feb/22/barack-obama/they-like-him-in-texas/
James Dobson,"February 5, 2008","John McCain ""said publicly that Hillary Clinton would make a good president.""",true,statement read on the <i>Laura Ingraham Show </i>,National; Elections,Stephanie Garry,"February 14, 2008",https://www.politifact.com/factchecks/2008/feb/14/james-dobson/mccain-knew-it-would-get-him-in-trouble/
Hillary Clinton,"February 11, 2008","""I have something in common with my husband. He never carried caucuses either. He lost all of the ones that I've lost.""",mostly-true,ABC/Politico interview,National; Elections,Adriel Bettelheim,"February 13, 2008",https://www.politifact.com/factchecks/2008/feb/13/hillary-clinton/both-caucus-losers-but-shes-more-thorough/
Hillary Clinton,"February 11, 2008","""Senator Obama has, in fact, never had a serious Republican challenger.""",true,conference call to reporters led by Cilnton pollster Mark Penn,National; Elections,Adriel Bettelheim,"February 12, 2008",https://www.politifact.com/factchecks/2008/feb/12/hillary-clinton/obamas-real-competition-has-been-democrats/
Bill Clinton,"February 7, 2008","""Everything I have said (on the campaign trail) has been factually accurate.""",false,"Portland, Maine",National; Elections,Angie Drobnic Holan,"February 12, 2008",https://www.politifact.com/factchecks/2008/feb/12/bill-clinton/clinton-distorted-obamas-position/
Barack Obama,"February 1, 2008","""8 years of the Clintons, major losses for Democrats across the nation.""",mostly-true,flyer sent prior to Super Tuesday,National; Elections,Adriel Bettelheim,"February 11, 2008",https://www.politifact.com/factchecks/2008/feb/11/barack-obama/cumulatively-major-losses/
Barack Obama,"February 10, 2008","Hillary Clinton ""starts off with 47 percent of the country against her.""",true,campaign rally,National; Elections,Angie Drobnic Holan,"February 11, 2008",https://www.politifact.com/factchecks/2008/feb/11/barack-obama/clintons-negatives-are-higher-than-obamas-/
Barack Obama,"February 1, 2008","""8 years of the Clintons, major losses for Democrats across the nation.""",mostly-true,flyer sent prior to Super Tuesday,National; Elections,Adriel Bettelheim,"February 11, 2008",https://www.politifact.com/factchecks/2008/feb/11/barack-obama/cumulatively-major-losses/
Barack Obama,"February 10, 2008","""The last six polls, including this week's Time magazine, show that I beat John McCain by six or seven points.""",mostly-true,campaign rally,National; Elections,Angie Drobnic Holan,"February 11, 2008",https://www.politifact.com/factchecks/2008/feb/11/barack-obama/polls-show-obama-beating-mccain/
Mike Huckabee,"February 6, 2008","""I'm the only Republican who has gotten endorsements in this presidential race from major labor unions...""",true,interview on MSNBC,National; Elections,Angie Drobnic Holan,"February 8, 2008",https://www.politifact.com/factchecks/2008/feb/08/mike-huckabee/unions-gave-huck-their-gop-nod/
John McCain,"February 3, 2008","In the Florida Republican primary, ""we got a very large percentage of the, quote, conservative vote.""",mostly-false,"interview on ""Face the Nation""",National; Elections,Robert Farley,"February 5, 2008",https://www.politifact.com/factchecks/2008/feb/05/john-mccain/actually-not-so-very-large/
Citizens United Political Victory Fund,"February 1, 2008","""(John McCain) was even mentioned as a running mate with John Kerry.""",true,TV ad,National; Elections,Amy Hollyfield,"February 4, 2008",https://www.politifact.com/factchecks/2008/feb/04/citizens-united-political-victory-fund/thats-the-ticket/
John McCain,"January 24, 2008","""I won the majority of the Republican vote in both New Hampshire and South Carolina.""",false,debate,National; Elections,David DeCamp,"January 24, 2008",https://www.politifact.com/factchecks/2008/jan/24/john-mccain/when-first-means-second/
Chris Dodd,"October 30, 2007","""The fact of the matter is that my colleague from New York, Senator Clinton, there are 50 percent of the American public that say they're not going to vote for her.""",mostly-true,debate,National; Elections,David DeCamp,"January 2, 2008",https://www.politifact.com/factchecks/2008/jan/02/chris-dodd/polarizing-yes-but-electable-too/
Rudy Giuliani,"November 26, 2007","""This guy didn't even support Ronald Reagan.""",true,"MSNBC's ""Morning Joe""",National; Elections,Shawn Zeller,"December 11, 2007",https://www.politifact.com/factchecks/2007/dec/11/rudy-giuliani/hitting-him-where-it-hurts/
Mike Huckabee,"November 14, 2007","MikeHuckabee.com gets ""more hits than virtually any other presidential candidate.""",true,interview on Fox News,National; Elections,Cristina Silva,"December 3, 2007",https://www.politifact.com/factchecks/2007/dec/03/mike-huckabee/its-no-myspace-but-its-hot/
John Edwards,"November 26, 2007","""I won the South Carolina primary in 2004, and I was way behind in the polls at this stage in 2004.""",half-true,"Nashua, N.H.",National; Elections,Angie Drobnic Holan,"November 27, 2007",https://www.politifact.com/factchecks/2007/nov/27/john-edwards/edwards-mostly-lagged-in-03/
Bill Richardson,"October 5, 2007","""Going to public financing really disadvantages Democrats because you're not able to raise funds between the day you win the primaries and the time you're officially nominated.""",half-true,interview on CNN,National; Elections,Tom Tobin,"October 26, 2007",https://www.politifact.com/factchecks/2007/oct/26/bill-richardson/its-not-as-risky-as-he-says/
Fred Thompson,"September 21, 2007","""With those first principles, it allowed a fellow like me to get in his truck and go from one end of the state to the other; started 20 points down and wound up 20 points ahead on election night.""",true,"Washington, D.C.",National; Elections,David DeCamp,"October 2, 2007",https://www.politifact.com/factchecks/2007/oct/02/fred-thompson/driving-his-truck-to-victory/
Hillary Clinton,"September 2, 2007","""In every single country, she had a majority of the vote -- or more of those who'd already made up their minds.""",mostly-true,"speech by husband Bill Clinton at a Concord, N.H. rally.",National; Elections,Lissa August,"September 10, 2007",https://www.politifact.com/factchecks/2007/sep/10/hillary-clinton/hillary-is-famous-in-europe/
Hillary Clinton,"September 5, 2007","""In New York, when she ran for reelection, she carried 58 of our 62 counties. George Bush had won 40 counties in New York just two years earlier.""",true,comment by husband Bill Clinton on Larry King Live.,National; Elections,Lissa August,"September 10, 2007",https://www.politifact.com/factchecks/2007/sep/10/hillary-clinton/but-ny-numbers-may-not-be-meaningful-elsewhere/
Bill Richardson,,"""Iowa, for good reason, for constitutional reasons, for reasons related to the Lord, should be the first caucus and primary.""",pants-fire,,National; Elections,David Baumann,"September 10, 2007",https://www.politifact.com/factchecks/2007/sep/10/bill-richardson/richardson-re-writes-bible-constitution/
Chris Dodd,"August 29, 2007","""John Kerry was at 4 percent in the polls in December of 2003...and he ended up becoming the nominee of the party.""",half-true,interview on CNN's <i>The Situation Room</i>,National; Elections,Josh Korr,"September 7, 2007",https://www.politifact.com/factchecks/2007/sep/07/chris-dodd/cherry-picked-numbers-dont-tell-full-story/
Barack Obama,"August 20, 2007","If African-Americans vote their percentage of the population in 2008, ""Mississippi is suddenly a Democratic state.""",false,New Hampshire,National; Elections,Tom Tobin,"September 4, 2007",https://www.politifact.com/factchecks/2007/sep/04/barack-obama/by-itself-black-voter-increase-does-not-flip-missi/
