statement_originator,statement_date,statement,verdict,statement_source,tags,factchecker,factcheck_date,factcheck_analysis_link
Elise Stefanik,"November 7, 2025",Gov. Kathy Hochul has raised taxes.,half-true,television interview,State Budget; Taxes; New York,Jill Terreri Ramos,"December 11, 2025",https://www.politifact.com/factchecks/2025/dec/11/elise-stefanik/hochul-has-extended-higher-taxes-on-wealthy-indivi/
Ron DeSantis,"October 15, 2025","In Florida, “68 to 70% of property tax revenue” is from “second homes, investment properties, commercial properties, Airbnb,” not primary residences.",mostly-true,speech,Housing; Taxes; Florida,Samantha Putterman,"October 30, 2025",https://www.politifact.com/factchecks/2025/oct/30/ron-desantis/desantis-property-tax-homestead-snowbirds-airbnbs/
JD Vance,"August 21, 2025",“We had the biggest tax cut for families that this country has ever seen.”,mostly-false,speech,Georgia; Corrections and Updates; Taxes,Louis Jacobson,"August 22, 2025",https://www.politifact.com/factchecks/2025/aug/22/jd-vance/big-beautiful-bill-biggest-tax-cut-history/
Americans for Prosperity,"July 28, 2025",“The (Evers) Era locked Wisconsin families into a 400‑year property tax increase.”,mostly-true,X,Education; States; Taxes; Wisconsin,Hope Karnopp,"August 15, 2025",https://www.politifact.com/factchecks/2025/aug/15/americans-prosperity/did-wisconsin-governors-did-evers-400-year-veto-lo/
Lori Chavez-DeRemer,"July 17, 2025","Under President Donald Trump’s newly signed tax law, “Those making less than $50,000 receive the largest (tax) cuts.”",mostly-false,post on X,Taxes,Louis Jacobson,"July 21, 2025",https://www.politifact.com/factchecks/2025/jul/21/lori-chavez-deremer/tax-gains-rich-wealthy-big-beautiful-bill/
Gavin Newsom,"July 14, 2025",“California provides $83.1 billion more than we receive from the federal government. Texas? Receives $71.1 billion more than they provide to the federal government. 71% of the U.S. GDP comes from blue counties.”,mostly-true,podcast interview,Economy; Federal Budget; States; Taxes,Louis Jacobson,"July 18, 2025",https://www.politifact.com/factchecks/2025/jul/18/gavin-newsom/california-texas-federal-balance-payments-gdp/
Hakeem Jeffries,"July 2, 2025","President Donald Trump’s tax law has “tax breaks for billionaires, permanent; tax breaks for everybody else, expire.”",half-true,House floor speech,Taxes,Louis Jacobson,"July 8, 2025",https://www.politifact.com/factchecks/2025/jul/08/hakeem-jeffries/permanent-tax-breaks-billionaires-temporary/
Donald Trump,"June 29, 2025",The One Big Beautiful Bill will deliver the promise of “no tax on Social Security.”,mostly-false,interview on Fox News' 'Sunday Morning Futures',Congress; Social Security; Taxes,Louis Jacobson,"June 30, 2025",https://www.politifact.com/factchecks/2025/jun/30/donald-trump/trump-tax-social-security-reconciliation-bill/
Elizabeth Warren,"June 24, 2025","“If every one of the 340 million people in America paid a new $35 copay to visit the doctor, that still wouldn’t be enough to cover how much Meta would get from just one tax break in Donald Trump's ‘Big Beautiful Bill.’""",half-true,X post,National; Congress; Taxes,Louis Jacobson,"June 27, 2025",https://www.politifact.com/factchecks/2025/jun/27/elizabeth-warren/elizabeth-warren-one-big-beautiful-bill-Meta-taxes/
Occupy Democrats,"June 11, 2025","""Undocumented immigrants paid more taxes last year than Amazon, GM, IBM & Netflix combined.""",mostly-true,Facebook post,Immigration; Taxes,Ella Moore,"June 27, 2025",https://www.politifact.com/factchecks/2025/jun/27/occupy-democrats/do-people-in-the-us-illegally-pay-more-taxes-than/
Donald Trump,"June 24, 2025","If the “Big Beautiful Bill” passes, ""hardworking Americans and families will see an average increase in take-home pay of OVER $10,000 per year.""",mostly-false,White House fact sheet,Taxes,Louis Jacobson,"June 26, 2025",https://www.politifact.com/factchecks/2025/jun/26/donald-trump/take-home-pay-10000-families-big-beautiful-bill/
Josh Schoemann,"June 2, 2025","“The state of Illinois has a lower income tax rate than we do, and a flat tax. It’s almost half of what the top bracket here in Wisconsin is.”",mostly-true,Radio interview,Taxes; Illinois; Wisconsin,Hope Karnopp,"June 25, 2025",https://www.politifact.com/factchecks/2025/jun/25/josh-schoemann/gop-candidate-for-governor-says-income-taxes-are-l/
American Action Network,"June 4, 2025",The Republican tax and spending bill will provide a “tax cut for Social Security recipients.”,half-true,ad,Congress; Social Security; Taxes,Loreben Tuquero,"June 24, 2025",https://www.politifact.com/factchecks/2025/jun/24/american-action-network/reconciliation-bill-tax-cut-social-security/
Donald Trump,"June 5, 2025","If the “Big, Beautiful” tax and spending bill doesn’t pass, “there will be a 68% tax increase.”",false,Truth Social post,Taxes,Louis Jacobson,"June 10, 2025",https://www.politifact.com/factchecks/2025/jun/10/donald-trump/big-beautiful-bill-tax-increase-68-percent/
Kathy Hochul,"May 5, 2025",The state budget contains the largest middle class tax cut in 70 years.,false,television interview,State Budget; Taxes; New York,Jill Terreri Ramos,"June 1, 2025",https://www.politifact.com/factchecks/2025/jun/01/kathy-hochul/no-new-yorkers-are-not-getting-the-largest-middle/
Karoline Leavitt,"May 19, 2025",President Donald Trump’s tax and spending bill “does not add to the deficit.”,false,White House press briefing,Congress; Debt; Deficit; Federal Budget; Taxes,Louis Jacobson,"May 21, 2025",https://www.politifact.com/factchecks/2025/may/21/karoline-leavitt/donald-trump-reconciliation-bill-deficit/
Charles Schumer,"April 27, 2025","“It's estimated” that President Donald Trump’s tariffs will mean “American families would have to pay about $4,000 more a year.”",mostly-true,"interview on CNN's ""State of the Union""",Trade; Taxes,Louis Jacobson,"May 5, 2025",https://www.politifact.com/factchecks/2025/may/05/charles-schumer/trump-tariffs-cost-average-family-schumer/
Michael Lawler,"March 21, 2025","“If we don’t pass the tax bill by the end of the year, we will have the largest tax increase in American history.”",mostly-true,television interview,Federal Budget; Taxes; New York,Jill Terreri Ramos,"April 22, 2025",https://www.politifact.com/factchecks/2025/apr/22/michael-lawler/putting-claim-about-largest-tax-increase-in-contex/
Karoline Leavitt,"March 11, 2025",“Tariffs are a tax cut for the American people.”,false,White House press briefing,Economy; Trade; Taxes,Louis Jacobson,"March 13, 2025",https://www.politifact.com/factchecks/2025/mar/13/karoline-leavitt/karoline-leavitt-says-tariffs-are-a-tax-cut-econom/
Cavalier Johnson,"January 19, 2025","“After the referendum, Milwaukee Public Schools has a larger tax levy than the City of Milwaukee.”",true,TV interview,Education; Legal Issues; Taxes; Wisconsin,D.L. Davis,"March 3, 2025",https://www.politifact.com/factchecks/2025/mar/03/cavalier-johnson/mps-does-indeed-have-a-larger-tax-levy-than-the-ci/
Social Media,"February 24, 2025","Maine Gov. Janet Mills said, “If (President) Donald Trump stops federal funding to Maine, we the people of Maine will take out federal taxes from all paychecks and no taxes will be paid to the federal government.”",false,post,Taxes; Facebook Fact-checks,Sara Swann,"February 28, 2025",https://www.politifact.com/factchecks/2025/feb/28/social-media/did-maine-gov-janet-mills-tell-trump-no-federal-ta/
Patty Murray,"February 20, 2025",“The single biggest driver of our national debt since 2001 has been Republican tax cuts.”,half-true,Senate floor speech,Corrections and Updates; Federal Budget; Taxes,Louis Jacobson,"February 25, 2025",https://www.politifact.com/factchecks/2025/feb/25/patty-murray/are-republican-tax-cuts-the-single-biggest-driver/
Adam Schiff,"January 26, 2025","“As a Californian, we have given more to the recovery of other states than any other state in the union.”",mostly-true,interview on NBC's Meet the Press,National; Natural Disasters; Taxes,Louis Jacobson,"January 31, 2025",https://www.politifact.com/factchecks/2025/jan/31/adam-schiff/fact-checking-sen-adam-schiffs-claim-about-califor/
Facebook posts,"January 22, 2025","President Donald Trump signed an executive order to replace the IRS with the External Revenue Service, eliminating tax returns and income tax.",false,Facebook post,Taxes; Facebook Fact-checks,Caleb McCullough,"January 27, 2025",https://www.politifact.com/factchecks/2025/jan/27/facebook-posts/no-trump-didnt-sign-an-executive-order-to-eliminat/
Social Media,"January 18, 2025",“Trump passed a new law that whoever is paying the child support will get to declare those children on their taxes.”,false,social media posts,Children; Taxes; Facebook Fact-checks,Sofia Ahmed,"January 21, 2025",https://www.politifact.com/factchecks/2025/jan/21/social-media/viral-rumor-falsely-claims-donald-trump-changed-ta/
Instagram posts,"November 9, 2024",Fox News reported California Gov. Gavin Newsom “will withhold” California’s federal income tax.,false,Instagram post,Taxes; California; Facebook Fact-checks,Ciara O'Rourke,"November 20, 2024",https://www.politifact.com/factchecks/2024/nov/20/instagram-posts/no-fox-news-didnt-report-gavin-newsom-is-withholdi/
Tammy Baldwin,"October 11, 2024",Says opponent Eric Hovde “supports a $4 trillion tax plan that would disproportionately advantage the well-off and profitable corporations”,mostly-true,Interview,Elections; Taxes; Wisconsin; 2024 Senate Elections,Laura Schulte,"October 24, 2024",https://www.politifact.com/factchecks/2024/oct/24/tammy-baldwin/baldwin-claim-that-hovde-supports-tax-plan-that-be/
Donald Trump,"October 17, 2024",Vice President Kamala Harris “wants struggling seniors to pay more Social Security taxes while she gives Medicare and Social Security to illegals.”,false,ad,Immigration; Medicare; Social Security; Taxes,Louis Jacobson,"October 23, 2024",https://www.politifact.com/factchecks/2024/oct/23/donald-trump/donald-trump-ad-distorts-kamala-harris-stance-on-s/
Ruben Gallego,"October 9, 2024",Arizona U.S. Senate candidate Kari Lake “was against” the child tax credit expansion “when the bill was on the floor.”,mostly-false,debate,Children; Taxes; 2024 Senate Elections,Mia Osmonbekov,"October 18, 2024",https://www.politifact.com/factchecks/2024/oct/18/ruben-gallego/ruben-gallego-misleads-on-kari-lake-opposing-the-c/
Donald Trump,"October 15, 2024","Vice President Kamala Harris' plan “will raise taxes for the typical American family by an estimated $3,000.""",false,rally,Taxes,Louis Jacobson,"October 17, 2024",https://www.politifact.com/factchecks/2024/oct/17/donald-trump/donald-trump-says-kamala-harris-plan-would-hike-ta/
Kamala Harris,"October 7, 2024","""Teachers and nurses and firefighters are paying a higher tax rate than billionaires and the biggest corporations.""",mostly-false,"interview on ""60 Minutes""",Workers; Taxes,Louis Jacobson,"October 10, 2024",https://www.politifact.com/factchecks/2024/oct/10/kamala-harris/kamala-harris-off-base-on-tax-rate-comparison-of-b/
Kelly Ayotte,"September 12, 2024","In Manchester, N.H., gubernatorial candidate Joyce Craig “pushed for a city sales tax. Then, Joyce Craig overrode the tax cap and tried to raise taxes six times.”",half-true,ad,New Hampshire; City Budget; City Government; Taxes,Louis Jacobson,"October 7, 2024",https://www.politifact.com/factchecks/2024/oct/07/kelly-ayotte/nh-governors-race-kelly-ayotte-attack-on-joyce-cra/
Wisco Project,"September 16, 2024","“If you make less than $100,000, Trump is about to raise your taxes. Currently, you’re taxed at 10% and then 12%. He would raise that to a flat rate of 15%.”",false,Social media ads,Elections; Taxes; Wisconsin; 2024 Senate Elections,Madeline Heim,"September 20, 2024",https://www.politifact.com/factchecks/2024/sep/20/wisco-project/trump-has-not-said-hell-raise-taxes-on-people-maki/
One Nation,"August 23, 2024","“Sen. Jacky Rosen voted to increase taxes on families making less than $75,000 a year.”",mostly-false,ad,Nevada; Taxes; 2024 Senate Elections,Seth A. Richardson,"September 9, 2024",https://www.politifact.com/factchecks/2024/sep/09/one-nation/conservative-group-misleads-on-jacky-rosens-inflat/
Facebook posts,"August 25, 2024",Kamala Harris’ “plan to tax unrecognized Capital Gains mean(s) if your house goes up in value you will have to pay that Tax Even if you don’t sell your House!”,mostly-false,post,Elections; Taxes; Facebook Fact-checks,Sara Swann,"August 30, 2024",https://www.politifact.com/factchecks/2024/aug/30/facebook-posts/harris-backs-an-unrealized-capital-gains-tax-it-wo/
Kamala Harris,"August 22, 2024","Former President Donald Trump ""intends to enact what, in effect, is a national sales tax ... that would raise prices on middle-class families by almost $4,000 a year.""",half-true,her acceptance speech at the Democratic National Convention,Economy; Trade; Taxes,Louis Jacobson,"August 30, 2024",https://www.politifact.com/factchecks/2024/aug/30/kamala-harris/would-donald-trumps-proposed-tariffs-hit-typical-f/
Donald Trump,"August 23, 2024","“Kamala cast the tiebreaking vote to hire 87,000 new IRS agents to go after your tip income.”",false,speech,National; Nevada; Elections; Poverty; Taxes,Amy Sherman,"August 28, 2024",https://www.politifact.com/factchecks/2024/aug/28/donald-trump/fact-check-trump-falsely-said-harris-voted-to-hire/
Sam Brown,"August 9, 2024",Jacky Rosen “said ending taxes on tips would ‘hurt working Nevada families.’”,false,X post,Nevada; Taxes; 2024 Senate Elections,Seth A. Richardson,"August 23, 2024",https://www.politifact.com/factchecks/2024/aug/23/sam-brown/no-jacky-rosen-didnt-say-ending-taxes-on-tips-woul/
JD Vance,"July 28, 2024",Vice President Kamala Harris is “calling for an end to the child tax credit.”,pants-fire,interview,Children; Elections; Women; Taxes,Samantha Putterman,"July 30, 2024",https://www.politifact.com/factchecks/2024/jul/30/jd-vance/kamala-harris-has-worked-to-expand-the-child-tax-c/
Joe Biden,"May 16, 2024","""The Trump administration handed out taxpayer dollars to a foreign company. Hundreds of homes and farms were bulldozed, and over $500 million in taxpayer dollars were wasted preparing for Foxconn.""",half-true,News release,National; Corporations; Economy; Elections; Taxes; Wisconsin,D.L. Davis,"July 13, 2024",https://www.politifact.com/factchecks/2024/jul/13/joe-biden/biden-campaign-hits-and-misses-with-trump-and-foxc/
Ritchie Torres,"May 23, 2024",“The loss of SALT deductibility cost our state $15 billion in revenue. So New Yorkers are paying more in taxes and receiving fewer services because of Donald Trump.”,mostly-false,television interview,Taxes; New York,Jill Terreri Ramos,"June 21, 2024",https://www.politifact.com/factchecks/2024/jun/21/ritchie-torres/impact-of-the-salt-cap-to-new-yorkers-is-overstate/
Donald Trump,"June 2, 2024",Joe Biden wants “to quadruple your taxes.”,false,"interview on ""Fox & Friends""",Taxes,Louis Jacobson,"June 4, 2024",https://www.politifact.com/factchecks/2024/jun/04/donald-trump/donald-trumps-false-claim-that-joe-biden-wants-qua/
Jared Polis,"May 15, 2024","Tariffs are a “direct, regressive tax on Americans” and President Joe Biden’s new tariffs on Chinese goods will “hit every family.”",half-true,X post,China; Economy; Energy; Taxes,Louis Jacobson,"May 17, 2024",https://www.politifact.com/factchecks/2024/may/17/jared-polis/will-joe-bidens-new-china-tariffs-hit-every-family/
Joe Biden,"January 25, 2024","""There are a thousand billionaires now and you know what their average tax rate is? 8%.""",false,Public appearance,Income; Wealth; Taxes; Wisconsin,Sophia Voight,"January 26, 2024",https://www.politifact.com/factchecks/2024/jan/26/joe-biden/president-joe-biden-distorts-income-tax-rates-for/
Nikki Haley,"January 17, 2024","Donald Trump “proposed when he was president” that “he wanted to raise the gas tax up to 25 cents.""",mostly-false,rally,New Hampshire; Infrastructure; Taxes,Louis Jacobson,"January 19, 2024",https://www.politifact.com/factchecks/2024/jan/19/nikki-haley/donald-trump-weighed-a-gas-tax-hike-as-president-r/
Julian Bradley,"December 8, 2023","""Wisconsin Republicans have passed multiple billion dollar middle-class tax cuts this year, but each time we have, Governor Tony Evers has vetoed the relief.""",mostly-true,"X, formerly Twitter",State Budget; Taxes; Wisconsin,Hope Karnopp,"December 19, 2023",https://www.politifact.com/factchecks/2023/dec/19/julian-bradley/has-wisconsins-governor-vetoed-multiple-middle-cla/
Fight Right Inc.,"December 6, 2023",Nikki Haley “raised taxes.”,mostly-false,TV ad,National; Elections; Taxes,Amy Sherman,"December 13, 2023",https://www.politifact.com/factchecks/2023/dec/13/fight-right-inc/campaign-ad-from-desantis-pac-says-nikki-haley-rai/
Alex Mooney,"November 2, 2023","Jim Justice “broke his pledge, raised the gas tax.”",false,post on X,West Virginia; State Budget; Taxes,Ayden Norcross,"November 21, 2023",https://www.politifact.com/factchecks/2023/nov/21/alex-mooney/did-jim-justice-break-his-pledge-not-to-hike-taxes/
Melissa Agard,"July 27, 2023","Potato chips, KitKat bars and Viagra are not taxed in Wisconsin because they are considered ""essential.""",true,"X, formerly Twitter",National; Food; Taxes; Wisconsin,Sophia Voight,"November 3, 2023",https://www.politifact.com/factchecks/2023/nov/03/melissa-agard/its-true-you-dont-have-to-pay-taxes-on-kit-kat-bar/
Americans for Prosperity,"July 17, 2023",“The Inflation Reduction Act led to higher taxes.”,mostly-false,Facebook ad,West Virginia; Taxes,Anthony Starkey,"October 19, 2023",https://www.politifact.com/factchecks/2023/oct/19/americans-prosperity/fact-checking-how-much-the-inflation-reduction-act/
Tricia Cotham,"September 25, 2023",The North Carolina state budget includes “the largest cut in our personal income tax that we’ve ever seen.”,false,interview on WBT-FM,North Carolina; Taxes,Paul Specht,"October 9, 2023",https://www.politifact.com/factchecks/2023/oct/09/tricia-cotham/cotham-falsely-says-nc-budget-includes-largest-eve/
Nick LaLota,"March 29, 2023","“For every dollar in federal taxes my constituents pay, we get a mere 93 cents back.”",mostly-true,press release,Federal Budget; State Budget; States; Taxes; New York,Cameron Carr,"June 19, 2023",https://www.politifact.com/factchecks/2023/jun/19/nick-lalota/except-during-pandemic-new-yorkers-have-gotten-les/
MAGA Inc,"May 12, 2023",“In Congress Ron DeSantis pushed a 23% national sales tax.”,half-true,TV ad,National; Taxes; Florida,Amy Sherman,"May 16, 2023",https://www.politifact.com/factchecks/2023/may/16/maga-inc/pro-trump-pac-says-desantis-pushed-23-national-sal/
Robin Vos,"March 9, 2023","“When a basketball player or football or baseball player from another team plays in Wisconsin, that one game's salary, they pay Wisconsin income tax on it. ... So, if for some reason we do not have the Brewers in Wisconsin all of those player salaries that generate dollars for the State of Wisconsin go away.""",true,Podcast,Baseball; Sports; Taxes; Wisconsin,D.L. Davis,"May 12, 2023",https://www.politifact.com/factchecks/2023/may/12/robin-vos/yes-wisconsins-tax-coffers-would-take-a-hit-if-bre/
Ron Johnson,"April 24, 2023",Says Social Security is a “legal Ponzi scheme.”,mostly-false,Public statement,National; Legal Issues; Social Security; Taxes; Wisconsin,Vanessa Swales,"May 5, 2023",https://www.politifact.com/factchecks/2023/may/05/ron-johnson/sen-ron-johnson-again-says-social-security-is-a-po/
Ron DeSantis,"April 13, 2023",Florida has “the second lowest tax burden per capita in the United States.”,mostly-true,speech,Economy; Taxes; Florida,Maria Ramirez Uribe,"April 19, 2023",https://www.politifact.com/factchecks/2023/apr/19/ron-desantis/ron-desantis-is-right-florida-has-one-of-the-count/
Joe Biden,"February 15, 2023","The “average tax” for billionaires is “about 3%,” which is “a lower tax than a schoolteacher or a firefighter.""",false,speech,Workers; Taxes,Louis Jacobson,"February 20, 2023",https://www.politifact.com/factchecks/2023/feb/20/joe-biden/in-push-for-billionaire-tax-joe-biden-gets-his-fig/
Facebook posts,"February 7, 2023","""In the month since Republicans took the House majority,"" they are trying to ""impose a 30% tax on everything.""",mostly-false,post on Facebook,Congress; Taxes; Facebook Fact-checks,Tom Kertscher,"February 10, 2023",https://www.politifact.com/factchecks/2023/feb/10/facebook-posts/gop-wants-a-30-tax-on-everything-that-ignores-taxe/
Rick Scott,"February 7, 2023",President Joe Biden “cheated on his taxes and got away with it.”,false,ad,National; Congress; Taxes; Florida,Louis Jacobson,"February 10, 2023",https://www.politifact.com/factchecks/2023/feb/10/rick-scott/is-joe-biden-a-tax-cheat-as-rick-scott-says-thats/
Mike Palicz,"February 7, 2023","The 87,000 new IRS agents who were supposed to “only target the rich” are now “coming after waitresses’ tips.”",mostly-false,tweet,Workers; Taxes; Facebook Fact-checks,Loreben Tuquero,"February 10, 2023",https://www.politifact.com/factchecks/2023/feb/10/mike-palicz/check-please-are-irs-agents-coming-for-servers-tip/
Alexandria Ocasio-Cortez,"January 27, 2023","“The largest contributor to the debt ceiling, or to our deficit, has been the Trump tax cuts.”",false,interview with reporters,Debt; Deficit; Federal Budget; Taxes,Louis Jacobson,"February 1, 2023",https://www.politifact.com/factchecks/2023/feb/01/alexandria-ocasio-cortez/alexandria-ocasio-cortez-wrong-that-trump-tax-cuts/
Glenn Youngkin,"January 23, 2023",Virginia tax receipts “in just the last four years alone have grown 50%.”,mostly-true,speech.,Economy; State Budget; Taxes; Virginia,Warren Fiske,"January 25, 2023",https://www.politifact.com/factchecks/2023/jan/25/glenn-youngkin/youngkin-near-mark-tax-growth-claim/
Eric Adams,"January 7, 2023",“Fifty-one percent of our taxes are paid by 2% of New Yorkers.”,mostly-true,radio interview,City Budget; Taxes; New York,Jill Terreri Ramos,"January 24, 2023",https://www.politifact.com/factchecks/2023/jan/24/eric-adams/claim-about-wealthy-residents-and-taxes-new-york-c/
Facebook posts,"January 6, 2023","“Americans who worked through the pandemic are being paid up to $26,000 by qualifying for the Employee Retention Credit.”",false,video shared on Facebook,Taxes; Facebook Fact-checks; Coronavirus,Madison Czopek,"January 17, 2023",https://www.politifact.com/factchecks/2023/jan/17/facebook-posts/workers-arent-being-paid-up-to-26000-because-of-a/
Citizens for Sanity,"November 2, 2022","President Joe Biden and Democrats ""send a fortune to Ukraine but nothing for our children.""",pants-fire,ad,Children; Federal Budget; Foreign Policy; Taxes,Louis Jacobson,"November 3, 2022",https://www.politifact.com/factchecks/2022/nov/03/citizens-sanity/ad-comparing-spending-ukraine-us-children-ridiculo/
Senate Leadership Fund,"October 11, 2022","Cheri Beasley “backs tax hikes — even on families making under $75,000.”",mostly-false,political ad,North Carolina; Taxes,Paul Specht,"October 31, 2022",https://www.politifact.com/factchecks/2022/oct/31/senate-leadership-fund/gop-group-exaggerates-effect-inflation-reduction-a/
Marco Rubio,"October 18, 2022","Val Demings ""voted with Pelosi to raise taxes over $4,000 on Florida families.""",mostly-false,campaign ad,Congress; Taxes; Florida,Yacob Reyes,"October 25, 2022",https://www.politifact.com/factchecks/2022/oct/25/marco-rubio/marco-rubio-lobs-misleading-attack-val-demings/
Citizens Against Government Waste,"August 31, 2022","“More than half of the $739 billion tax increase (in the Inflation Reduction Act) will go to wasteful Green New Deal programs like tree equity, 'clean' garbage trucks, and studying cow farts.""",mostly-false,Facebook ad,West Virginia; Environment; Animals; Federal Budget; Taxes,Jessica Riley,"October 25, 2022",https://www.politifact.com/factchecks/2022/oct/25/citizens-against-government-waste/how-much-inflation-reduction-act-goes-toward-trees/
Joe Manchin,"August 28, 2022",“WV families making less than $400K & small businesses will NOT be targeted by the IRS.”,mostly-true,tweet,West Virginia; Taxes,Amanda Boring,"October 18, 2022",https://www.politifact.com/factchecks/2022/oct/18/joe-manchin/fact-checking-joe-manchin-targeting-irs-audits/
Ron Johnson,"September 26, 2022",Says Mandela Barnes “supported a 20% increase in the gas tax.”,half-true,TV ad,Elections; Gas Prices; Taxes; Wisconsin,Laura Schulte,"October 6, 2022",https://www.politifact.com/factchecks/2022/oct/06/ron-johnson/johnson-leaves-out-context-claim-barnes-supported-/
Instagram posts,"August 21, 2022","“America now has a government that forbids border agents from using deadly force, but is training IRS agents to use SWAT-team tactics on law-abiding citizens.”",false,Instagram post,Immigration; Homeland Security; Taxes,Jeff Cercone,"September 30, 2022",https://www.politifact.com/factchecks/2022/sep/30/instagram-posts/instagram-post-gets-facts-wrong-about-use-deadly-f/
Raphael Warnock,"August 29, 2022",The child tax credit passed under President Joe Biden “has helped 97% of the families with children who are living in poverty.”,half-true,speech,Children; Families; Poverty; Taxes,Louis Jacobson,"September 7, 2022",https://www.politifact.com/factchecks/2022/sep/07/raphael-warnock/raphael-warnock-exaggerates-success-rate-reaching-/
Charlie Crist,"August 25, 2022","Gov. Ron DeSantis raised ""taxes on the middle class by more than $1.5 billion while giving away $624 million to big corporations.""",mostly-false,tweet,Corporations; Taxes; Florida,Yacob Reyes,"September 2, 2022",https://www.politifact.com/factchecks/2022/sep/02/charlie-crist/charlie-crist-misleads-ron-desantis-record-taxes/
Herschel Walker,"August 22, 2022","Joe Biden and Raphael Warnock  ""are spending $1.5 billion on ‘urban forestry’ and raising taxes on those making under $200k to pay for it.”",half-true,tweet,Georgia; Environment; Climate Change; Federal Budget; Natural Disasters; Public Health; Taxes,Tori Gantz,"September 1, 2022",https://www.politifact.com/factchecks/2022/sep/01/herschel-walker/what-herschel-walker-gets-wrong-and-right-about-fe/
Charlie Kirk,"August 24, 2022",“Harvard is sitting on top of a $54 billion hedge fund they call an ‘endowment’ that they pay zero taxes on. Yale has $31 Billion. Stanford $29 Billion. Princeton $26 Billion.”,half-true,Tweet,Education; Taxes,Madison Czopek,"August 31, 2022",https://www.politifact.com/factchecks/2022/aug/31/charlie-kirk/some-university-endowments-are-taxed-there-are-lim/
Joni Ernst,"August 24, 2022","“The nonpartisan Congressional Budget Office says with the supersized staff, the IRS audit rate ‘would rise for ALL taxpayers’ regardless of income, and would even result in audits of innocent Americans who have paid their taxes and don’t owe the IRS anything.”",half-true,newsletter,Taxes; Iowa,Lyle Muller,"August 31, 2022",https://www.politifact.com/factchecks/2022/aug/31/joni-ernst/ernst-newsletter-skips-part-report-irs-audits/
Facebook posts,"August 25, 2022",Student debt relief is taxable by the Internal Revenue Service.,false,post,Debt; Taxes; Facebook Fact-checks,Jeff Cercone,"August 30, 2022",https://www.politifact.com/factchecks/2022/aug/30/facebook-posts/irs-wont-tax-student-loan-relief-some-states-might/
Deidre DeJear,"August 13, 2022",“$1.5 billion of your taxpayer money is sitting in an account” that can be used for other purposes.,mostly-false,remarks at the Iowa State Fair,State Budget; Taxes; Iowa,Lyle Muller,"August 29, 2022",https://www.politifact.com/factchecks/2022/aug/29/deidre-dejear/differences-exist-how-spend-it-state-budget-surplu/
Ron Johnson,"August 7, 2022","""Last year the IRS audited Americans earning less than $25,000 a year at five times the rate of other groups.""",mostly-true,News release,National; Economy; Workers; Taxes; Wisconsin,D.L. Davis,"August 25, 2022",https://www.politifact.com/factchecks/2022/aug/25/ron-johnson/johnsons-claim-irs-audits-mostly-low-wage-earners-/
Ben Cline,"August 12, 2022","A new Democratic law “will make the IRS workforce larger than the Pentagon, FBI, State Department, and Customs and Border Patrol, combined.”",mostly-false,statement.,Congress; Federal Budget; Taxes; Virginia,Warren Fiske,"August 24, 2022",https://www.politifact.com/factchecks/2022/aug/24/ben-cline/cline-embellishes-potential-irs-expansion/
Instagram posts,"August 17, 2022","""Biden is adding more IRS agents to investigate your taxes than we have detectives investigating every crime in the country.”",false,Instagram post,National; Crime; Taxes; Facebook Fact-checks,Michael Majchrowicz,"August 23, 2022",https://www.politifact.com/factchecks/2022/aug/23/instagram-posts/no-number-new-irs-workers-wont-surpass-number-poli/
Tom Cotton,"August 3, 2022","The Inflation Reduction Act ""doubles the size of the IRS, raises your taxes and spends billions on a green energy slush fund.""",mostly-false,ad,Energy; Federal Budget; Taxes; Ad Watch,Tom Kertscher,"August 23, 2022",https://www.politifact.com/factchecks/2022/aug/23/tom-cotton/tom-cotton-misleads-how-inflation-reduction-act-wi/
Instagram posts,"August 21, 2022",“Congress just voted to exempt themselves from IRS auditing of their personal finances.”,false,Instagram post,Congress; Taxes; Facebook Fact-checks,Sara Swann,"August 23, 2022",https://www.politifact.com/factchecks/2022/aug/23/instagram-posts/claim-congress-members-exempted-themselves-irs-aud/
Facebook posts,"August 16, 2022","""The IRS is about to double in size, with 87,000 new armed agents and an additional $80 billion in order to primarily enhance IRS enforcement and operations.”",mostly-false,Facebook post,Congress; Taxes; Facebook Fact-checks,Jeff Cercone,"August 18, 2022",https://www.politifact.com/factchecks/2022/aug/18/facebook-posts/video-misleads-about-size-irs-audits-and-armed-age/
Rick Scott,"August 16, 2022","The IRS is adding 87,000 new agents, making the IRS “larger than (the) Pentagon, Federal Bureau of Investigation, Customs and Border Protection and the State Department combined.”",mostly-false,press release,National; Congress; Federal Budget; Taxes,Maria Ramirez Uribe,"August 17, 2022",https://www.politifact.com/factchecks/2022/aug/17/rick-scott/rick-scott-overstates-potential-hiring-surge-irs/
Tim Scott,"August 10, 2022","“The Congressional Budget Office says 90% of the revenue generated from the new IRS agents will come from people making less than $200,000 … and the revenue generated will be $300-plus billion.”",false,interview on Fox News,National; Taxes,Jon Greenberg,"August 17, 2022",https://www.politifact.com/factchecks/2022/aug/17/tim-scott/tim-scott-mangles-false-gop-talking-point-irs-houn/
Bob Good,"August 10, 2022","“Democrats are voting to add an army of 87,000 IRS agents who will target middle class taxpayers and conduct at least 1 million more audits each year. ”",mostly-false,tweet.,Taxes; Virginia,Warren Fiske,"August 17, 2022",https://www.politifact.com/factchecks/2022/aug/17/bob-good/bob-good-makes-misleading-comments-about-army-irs-/
Matt Gaetz,"August 4, 2022",The government is arming up the IRS because “Joe Biden is raising taxes and disarming Americans.”,false,interview with Tucker Carlson on Fox News,Congress; Federal Budget; Military; Taxes; Florida,Jeff Cercone,"August 12, 2022",https://www.politifact.com/factchecks/2022/aug/12/matt-gaetz/no-biden-not-arming-irs-guns-and-ammunition/
Kevin McCarthy,"August 9, 2022","“Democrats' new army of 87,000 IRS agents will be coming for you — with 710,000 new audits for Americans who earn less than $75k.”",mostly-false,tweet,National; Taxes,Jon Greenberg,"August 11, 2022",https://www.politifact.com/factchecks/2022/aug/11/kevin-mccarthy/kevin-mccarthys-mostly-false-claim-about-army-8700/
TikTok posts,"August 8, 2022","A ""Delta Force” seized a shipment of weapons headed to the IRS.",pants-fire,TikTok video,Corrections and Updates; Military; Taxes; Facebook Fact-checks,Jeff Cercone,"August 11, 2022",https://www.politifact.com/factchecks/2022/aug/11/tiktok-posts/no-weapons-headed-irs-werent-seized-military/
Rebecca Kleefisch,"July 6, 2022",“Tim Michels pushed for years to raise (Wisconsin’s) gas tax.”,mostly-false,TV ad,Economy; Gas Prices; Taxes; Wisconsin,Madeline Heim,"August 5, 2022",https://www.politifact.com/factchecks/2022/aug/05/rebecca-kleefisch/no-evidence-michels-personally-pushed-gas-tax-incr/
Adam Laxalt,"July 30, 2022","A Democratic bill negotiated between Sens. Joe Manchin and Chuck Schumer would ""increase taxes on millions of Americans across every income bracket.""",half-true,tweet,Federal Budget; Taxes,Louis Jacobson,"August 3, 2022",https://www.politifact.com/factchecks/2022/aug/03/adam-laxalt/gop-claim-tax-hikes-democratic-bill-doesnt-factor-/
Facebook posts,"July 15, 2022","""To date, nobody has been able to show that there is a law for the average American citizen working day in and day out to pay an income tax.""",pants-fire,reel,Taxes; Facebook Fact-checks,Monique Curet,"July 26, 2022",https://www.politifact.com/factchecks/2022/jul/26/facebook-posts/us-laws-support-collection-income-tax/
Joe Biden,"July 6, 2022","The “average federal income tax” paid by the richest Americans is “8%. … If you’re a cop, a teacher, a firefighter, union worker, you probably pay two to three times that.”",false,speech,Taxes,Louis Jacobson,"July 13, 2022",https://www.politifact.com/factchecks/2022/jul/13/joe-biden/joe-bidens-dubious-math-federal-income-tax-burden/
Democratic Party of Wisconsin,"May 2, 2022","Republican politicians are pushing a plan ""that could raise taxes on almost one in three Wisconsinites and sunset Social Security and Medicare in five years.""",mostly-false,News release,Medicare; Social Security; Taxes; Wisconsin,D.L. Davis,"June 15, 2022",https://www.politifact.com/factchecks/2022/jun/15/state-democratic-party-wisconsin/democrats-still-exaggerating-gop-backing-scotts-pl/
Democratic Party of Wisconsin,"April 29, 2022","""The tax carve out (Ron) Johnson spearheaded overwhelmingly benefited the wealthiest, over small businesses.""",true,News release,Wealth; Taxes; Wisconsin,Madeline Heim,"June 7, 2022",https://www.politifact.com/factchecks/2022/jun/07/state-democratic-party-wisconsin/yes-tax-break-ron-johnson-pushed-2017-has-benefite/
Harry Wilson,"May 6, 2022",Lee Zeldin “voted for Cuomo’s Billion Dollar Tax hike and every Cuomo budget.”,half-true,a campaign ad,Taxes; New York,Jill Terreri Ramos,"May 27, 2022",https://www.politifact.com/factchecks/2022/may/27/harry-wilson/wilsons-claim-zeldin-budget-votes-not-fully-accura/
Beto O'Rourke,"April 23, 2022","""Under Greg Abbott, property taxes have gone up $20 billion.""",mostly-true,Instagram post,Housing; Taxes; Texas,Nusaiba Mizan,"May 19, 2022",https://www.politifact.com/factchecks/2022/may/19/beto-orourke/orourke-right-about-estimated-property-tax-revenue/
Facebook posts,"April 9, 2022",“If you earn $100 and pay $33 income tax you’re left with $67. You then buy $67 worth of fuel and in doing so pay a 48% fuel tax (fuel tax = $32.16 + $6.70 GST). This means that the government just got $71.86 tax from your hard earned $100.”,mostly-false,photo on Facebook,Corrections and Updates; Gas Prices; Taxes; Facebook Fact-checks,Sara Swann,"May 6, 2022",https://www.politifact.com/factchecks/2022/may/06/facebook-posts/claim-exaggerates-fuel-tax-rates-australia-and-can/
John Macco,"April 18, 2022","Says Gov. Tony Evers ""wanted to increase your taxes by $1 billion just for heating your homes. Instead, Republicans cut your taxes by more than $2 billion.""",half-true,Twitter,Economy; Housing; Taxes; Wisconsin,Madeline Heim,"May 6, 2022",https://www.politifact.com/factchecks/2022/may/06/john-macco/macco-mostly-right-tax-claim-base-how-evers-sought/
Facebook posts,"April 23, 2022",“Paying taxes is optional!!”,pants-fire,video on Facebook,Taxes; Facebook Fact-checks,Madison Czopek,"May 3, 2022",https://www.politifact.com/factchecks/2022/may/03/facebook-posts/paying-your-taxes-mandatory-not-optional/
Facebook posts,"April 21, 2022",“DeSantis erases Disney’s tax exempt law. Will cost Disney $200 Mil in taxes. Per year!”,false,Facebook post,Taxes; Florida; Facebook Fact-checks,Yacob Reyes,"April 27, 2022",https://www.politifact.com/factchecks/2022/apr/27/facebook-posts/walt-disney-world-was-not-tax-exempt-florida-contr/
Opportunity Wisconsin,"February 21, 2022","""Ron Johnson pushed through a special tax loophole that benefited his own family's business … Then he cashed out of the company for $5 million … (he has) doubled his wealth since taking office.""",half-true,YouTube ad,Economy; Legal Issues; Taxes; Wisconsin,Vanessa Swales,"April 27, 2022",https://www.politifact.com/factchecks/2022/apr/27/opportunity-wisconsin/johnson-benefitted-tax-cut-its-not-loophole/
Mike Gibbons,"April 12, 2022",“J.D. Vance called for higher taxes.”,half-true,ad,Ohio; Taxes; Ad Watch,Tom Kertscher,"April 22, 2022",https://www.politifact.com/factchecks/2022/apr/22/mike-gibbons/senate-race-jd-vances-call-higher-taxes-only-certa/
Rebecca Kleefisch,"March 28, 2022",“As your Lieutenant Governor…I cut your taxes.”,mostly-false,TV ad,Economy; Taxes; Wisconsin,Laura Schulte,"April 13, 2022",https://www.politifact.com/factchecks/2022/apr/13/rebecca-kleefisch/kleefisch-didnt-have-power-cut-taxes-her-own-lieut/
Facebook posts,"March 30, 2022","“Democrat’s New Plan: Tax billionaires to lower the deficit by $1 TRILLION and fund clean energy independence. Republican’s New Plan: Raise taxes on households earning less than $50,000 by an ADDITIONAL $4,500 after CUTTING taxes for the rich.”",mostly-false,Facebook post,National; Taxes; Facebook Fact-checks,Sara Swann,"April 4, 2022",https://www.politifact.com/factchecks/2022/apr/04/facebook-posts/both-parties-tax-proposals-exaggerated-facebook-po/
Wisconsin Manufacturers and Commerce,"March 7, 2022","Says Gov. Tony Evers ""tried to make us pay even more at the pump by hiking the gas tax.""",half-true,TV ad,Gas Prices; Transportation; Taxes; Wisconsin,D.L. Davis,"April 1, 2022",https://www.politifact.com/factchecks/2022/apr/01/wisconsin-manufacturers-and-commerce/ad-claiming-evers-tried-make-us-pay-even-more-pump/
Wisconsin Initiative,"February 23, 2022",“Gov. Tony Evers brought Republicans and Democrats together to cut income taxes for the middle class.”,half-true,TV ad,Bipartisanship; Economy; Taxes; Wisconsin,Madeline Heim,"March 22, 2022",https://www.politifact.com/factchecks/2022/mar/22/wisconsin-initiative/claim-evers-brought-republicans-and-democrats-toge/
Pam Helming,"March 8, 2022","""Almost half of every dollar that we spend on gas, it goes to New York State.""",false,radio interview,Gas Prices; State Budget; Taxes; New York,Jill Terreri Ramos,"March 17, 2022",https://www.politifact.com/factchecks/2022/mar/17/pam-helming/no-new-yorkers-are-not-taxed-almost-half-every-dol/
Bill O'Reilly,"March 15, 2022","“As soon as Biden took office, he eliminated all subsidies for fossil fuels.”",mostly-false,video on his website,Environment; Energy; Federal Budget; Taxes; Facebook Fact-checks; PunditFact,Louis Jacobson,"March 17, 2022",https://www.politifact.com/factchecks/2022/mar/17/bill-oreilly/bill-oreillys-misleading-statement-biden-and-fossi/
Glenn Grothman,"February 3, 2022","Says President Joe Biden ""is trying to send taxpayer dollars to manufacturers overseas that do not abide by the same (carbon emission) standards we do at home.""",half-true,Twitter,Environment; Economy; Trade; Taxes; Wisconsin,D.L. Davis,"March 11, 2022",https://www.politifact.com/factchecks/2022/mar/11/glenn-grothman/despite-made-america-goals-us-tax-dollars-would-go/
Val Demings,"March 6, 2022","""Marco Rubio is following his party bosses, like Rick Scott, with his plan to raise taxes on Florida's working families, retirees and veterans.""",false,ad,Taxes; Florida; Ad Watch,Tom Kertscher,"March 9, 2022",https://www.politifact.com/factchecks/2022/mar/09/val-demings/no-proof-val-demings-claim-marco-rubio-backs-tax-h/
Facebook posts,"February 20, 2022",The IRS is taking money away from people who received unemployment benefits.,mostly-false,Facebook post,Stimulus; Taxes,Jill Terreri Ramos,"March 3, 2022",https://www.politifact.com/factchecks/2022/mar/03/facebook-posts/misleading-post-links-unemployment-benefits-and-re/
Democratic Senatorial Campaign Committee,"January 7, 2022",Sen. Ron Johnson has been “rewarding companies that outsource to China.”,false,ad,China; Jobs; Taxes; Ad Watch; Wisconsin,Tom Kertscher,"February 28, 2022",https://www.politifact.com/factchecks/2022/feb/28/democratic-senatorial-campaign-committee/democratic-groups-false-attack-wis-gop-sen-ron-joh/
Melanie D'Arrigo,"February 6, 2022","“Teachers can only deduct up to $250 for school supplies on their taxes, but billionaires can write off the entire cost of a private jet.”",mostly-true,Tweet,Education; Taxes; New York,Jill Terreri Ramos,"February 18, 2022",https://www.politifact.com/factchecks/2022/feb/18/melanie-darrigo/tax-code-offers-write-offs-some-private-plane-purc/
Joe Manchin,"December 20, 2021","The expanded child tax credit in the Build Back Better Act has “no means testing,” so people making $200,000 and $400,000 would get “the same as someone making” $70,000.",mostly-false,radio interview,West Virginia; National; Families; Federal Budget; Taxes,Jon Greenberg,"December 20, 2021",https://www.politifact.com/factchecks/2021/dec/20/joe-manchin/sen-manchin-wrong-means-testing-child-tax-credit-b/
Lindsey Graham,"December 12, 2021",“The CBO says (the Build Back Better Act) is $3 trillion of deficit spending.”,false,interview on Fox News Sunday,National; Deficit; Federal Budget; Taxes,Jon Greenberg,"December 14, 2021",https://www.politifact.com/factchecks/2021/dec/14/lindsey-graham/sen-grahams-false-claim-about-build-back-better-ad/
Chris Jacobs,"November 19, 2021","“This one here has subsidies for people making as much as $800,000 to be able to buy a Tesla.”",mostly-false,radio interview,Congress; Taxes; New York,Jill Terreri Ramos,"November 26, 2021",https://www.politifact.com/factchecks/2021/nov/26/chris-jacobs/jacobs-overstates-income-eligibility-electric-vehi/
Kevin McCarthy,"November 18, 2021",“If you or your family spends $28 a day — prepare to be under constant audit by the IRS.”,false,prepared remarks for a House floor speech,National; Congress; Taxes,Jon Greenberg,"November 19, 2021",https://www.politifact.com/factchecks/2021/nov/19/kevin-mccarthy/kevin-mccarthy-misleads-about-build-back-better-le/
Kevin McCarthy,"November 18, 2021",“Never in American history has so much been spent at one time. Never in American history will so many taxes be raised and so much borrowing be needed to pay for this reckless spending.”,false,House floor speech,Debt; Deficit; Federal Budget; Taxes,Louis Jacobson,"November 19, 2021",https://www.politifact.com/factchecks/2021/nov/19/kevin-mccarthy/marathon-speech-kevin-mccarthy-makes-dubious-claim/
Gwen Moore,"October 30, 2021","“If you’re a low-wage worker and you’re single and don’t have children, we’re literally taxing you into poverty.""",mostly-true,TV interview,Economy; Poverty; Workers; Taxes; Wisconsin,D.L. Davis,"November 11, 2021",https://www.politifact.com/factchecks/2021/nov/11/gwen-moore/yes-it-possible-low-wage-workers-be-taxed-poverty/
David Gura,"October 27, 2021",“FUN FACT: West Virginia is home to zero billionaires.”,true,tweet,West Virginia; Candidate Biography; Taxes,Emily Zirkelbach,"November 9, 2021",https://www.politifact.com/factchecks/2021/nov/09/david-gura/west-virginia-home-zero-billionaires/
Byron Brown,"September 9, 2021","“Three percent is not a modest tax increase, if you own a $100,000 home in the city of Buffalo, that means an extra $300 a year.”",false,debate,City Government; Taxes; New York,Jill Terreri Ramos,"October 28, 2021",https://www.politifact.com/factchecks/2021/oct/28/byron-brown/brown-overstates-walton-tax-increase/
Candace Owens,"September 9, 2021","“The Biden administration is attempting to empower the IRS to monitor every single withdrawal, deposit, and transaction you make from your personal banking accounts, PayPal, Venmo, etc.""",mostly-false,tweet,National; Financial Regulation; Taxes; Facebook Fact-checks,Samantha Putterman,"October 11, 2021",https://www.politifact.com/factchecks/2021/oct/11/candace-owens/will-irs-track-every-venmo-transaction-fact-checki/
Facebook posts,"September 27, 2021","“Were you aware the $3.5 Trillion Human Infrastructure package includes an animal agriculture tax of $2,600‼️ per head of cattle? $500 for swine!!!""",false,social media posts,Environment; Agriculture; Animals; Corrections and Updates; Taxes,Louis Jacobson,"October 8, 2021",https://www.politifact.com/factchecks/2021/oct/08/facebook-posts/social-media-posts-wrong-about-cow-fart-tax/
Facebook posts,"October 3, 2021","“This ‘infrastructure bill’ on page 2,385 presents a federal property tax of 3 percent on all homes and land - both residential and commercial.”",pants-fire,Facebook posts,Taxes; Facebook Fact-checks,Noah Y. Kim,"October 4, 2021",https://www.politifact.com/factchecks/2021/oct/04/facebook-posts/infrastructure-bill-doesnt-contain-3-property-tax/
Common Sense Leadership Fund,"September 17, 2021",Democrats “want to tax your retirement funds to pay for their new trillion dollar power grab.”,mostly-false,attack ad,National; Retirement; Taxes,Jon Greenberg,"September 29, 2021",https://www.politifact.com/factchecks/2021/sep/29/common-sense-leadership-fund/republican-pac-ad-distorts-democratic-plans-tax-ju/
FreedomWorks,"September 28, 2021",“The Democrats want you American taxpayers to shell out $3 billion for ‘non-racist’ trees.”,mostly-false,Facebook post,Climate Change; Race and Ethnicity; Poverty; Taxes; Facebook Fact-checks,Tom Kertscher,"September 29, 2021",https://www.politifact.com/factchecks/2021/sep/29/freedomworks/tree-equity-part-35t-bill-targets-low-income-areas/
Alberta Darling,"August 25, 2021",“Wisconsin Governor (Tony) Evers wanted to raise your taxes by $1 billion in a pandemic. Republicans stopped him and delivered the largest tax CUT in state history.”,mostly-true,Twitter,Economy; States; Taxes; Wisconsin,Madeline Heim,"September 24, 2021",https://www.politifact.com/factchecks/2021/sep/24/alberta-darling/yes-republicans-curbed-evers-plan-raise-taxes-1-bi/
Infowars,"September 13, 2021",“Biden’s Treasury Department declares IRS will monitor” all accounts over $600.,mostly-false,Instagram post,Financial Regulation; Income; Government Regulation; Taxes; Facebook Fact-checks,Tom Kertscher,"September 15, 2021",https://www.politifact.com/factchecks/2021/sep/15/infowars/biden-plan-require-more-bank-account-reporting-irs/
Facebook posts,"September 14, 2021","""The top 1% pays 90% of income taxes.”",false,Facebook post,Income; Taxes; Facebook Fact-checks,Tom Kertscher,"September 14, 2021",https://www.politifact.com/factchecks/2021/sep/14/facebook-posts/rip-aocs-dress-misses-claim-top-1-pay-90-income-ta/
Craig Thompson,"July 5, 2021","""We’ve got 115,000 miles of roads in this state and 90% is owned by the locals.”",true,TV interview,Infrastructure; Transportation; Taxes; Wisconsin,D.L. Davis,"August 20, 2021",https://www.politifact.com/factchecks/2021/aug/20/craig-thompson/yes-90-wisconsins-roadways-are-maintained-local-mu/
Facebook posts,"July 20, 2021","""Income taxes are voluntary.""",pants-fire,Facebook post,National; Legal Issues; Taxes,Jon Greenberg,"July 23, 2021",https://www.politifact.com/factchecks/2021/jul/23/facebook-posts/paying-taxes-not-voluntary/
X posts,"July 15, 2021",“You must give EVERY PENNY” of the advance child tax credit payments back when you file your 2021 taxes.,mostly-false,tweet,Economy; Taxes; Facebook Fact-checks; Coronavirus,Madison Czopek,"July 21, 2021",https://www.politifact.com/factchecks/2021/jul/21/tweets/advance-child-tax-credit-payments-wont-usually-req/
Nikki Fried,"June 9, 2021","Gov. Ron DeSantis “signed a $1 billion tax increase on the people of our state, on our consumers, yet gave a $500 million tax break to our corporations.""",mostly-false,interview with WINK TV,Taxes; Florida,Amy Sherman,"June 15, 2021",https://www.politifact.com/factchecks/2021/jun/15/nikki-fried/fact-checking-nikki-frieds-attack-desantis-about-t/
Don Huffines,"May 10, 2021","""Texans have some of the highest property taxes in the nation”",mostly-true,campaign material,Taxes; Texas,Brandon Mulder,"June 4, 2021",https://www.politifact.com/factchecks/2021/jun/04/don-huffines/texas-has-some-highest-property-taxes-nation/
Wisconsin Assembly GOP,"May 7, 2021",“Republicans on the Joint Finance Committee removed more than $8 billion in spending increases from Gov. Evers' budget proposal.”,mostly-true,Twitter,State Budget; Taxes; Wisconsin,Haley BeMiller,"May 18, 2021",https://www.politifact.com/factchecks/2021/may/18/wisconsin-assembly-gop/assembly-gop-touts-taking-spending-out-budget-it-a/
Instagram posts,"May 3, 2021","“After California taxes, Trey Lance's $34.1M rookie deal becomes just $16M.""",half-true,Instagram post,Sports; Taxes; California; Facebook Fact-checks,Sasha Hupka,"May 13, 2021",https://www.politifact.com/factchecks/2021/may/13/instagram-posts/san-francisco-49ers-qb-trey-lance-signed-34m-contr/
Tony Evers,"April 14, 2021",“Regulating and taxing marijuana—much like we do alcohol—would generate more than $165M in revenue starting in 2022”,mostly-true,Twitter,Legal Issues; Taxes; Marijuana; Wisconsin,D.L. Davis,"May 12, 2021",https://www.politifact.com/factchecks/2021/may/12/tony-evers/legal-marijuana-revenue-projections-valid-skew-ove/
Chris Christie,"May 2, 2021","""Joe Biden is proposing that any family who tries to pass a business or a farm down to their son or daughter or grandson or granddaughter are going to pay a huge new tax.""",mostly-false,"remarks on ABC's ""This Week""",Taxes,Louis Jacobson,"May 6, 2021",https://www.politifact.com/factchecks/2021/may/06/chris-christie/chris-christie-exaggerates-about-joe-biden-tax-pro/
Ben Cline,"April 22, 2021","The Green New Deal “costs an average American household almost $700,000 through 2029.”",false,floor speech.,Environment; Climate Change; Taxes; Virginia,Warren Fiske,"May 5, 2021",https://www.politifact.com/factchecks/2021/may/05/ben-cline/no-green-new-deal-doesnt-cost-average-households-a/
Van Wanggaard,"April 19, 2021",Foxconn “is the largest taxpayer in Racine County.”,true,Statement,Corporations; County Government; Taxes; Wisconsin,Haley BeMiller,"April 27, 2021",https://www.politifact.com/factchecks/2021/apr/27/van-wanggaard/yes-foxconn-largest-taxpayer-racine-county/
Joe Biden,"April 7, 2021","“A new, independent study put out last week found that at least 55 of our largest corporations used various loopholes to pay zero federal income tax in 2020.”",mostly-true,remarks at the White House,Corporations; Taxes,Louis Jacobson,"April 12, 2021",https://www.politifact.com/factchecks/2021/apr/12/joe-biden/fact-checking-joe-biden-corporation-taxes/
Nicholas Langworthy,"March 17, 2021",Residents of New York state “pay the highest taxes in the nation.”,mostly-true,mass email,Taxes; New York,Landon Allison,"April 12, 2021",https://www.politifact.com/factchecks/2021/apr/12/nicholas-langworthy/does-new-york-state-have-highest-taxes-united-stat/
Pete Buttigieg,"April 4, 2021","President Joe Biden’s infrastructure proposal “is fully paid for. Across 15 years, it would raise all of the revenue needed for these once-in-a-lifetime investments.""",mostly-true,"interview on NBC's ""Meet the Press""",Federal Budget; Infrastructure; Transportation; Taxes,Louis Jacobson,"April 7, 2021",https://www.politifact.com/factchecks/2021/apr/07/pete-buttigieg/joe-bidens-infrastructure-bill-fully-paid/
Roy Blunt,"April 4, 2021",The proposal by President Joe Biden would put the U.S. “No. 2 in the world” for the highest corporate tax rate.,half-true,"remarks on ""Fox News Sunday""",Corporations; Taxes; Missouri,Louis Jacobson,"April 6, 2021",https://www.politifact.com/factchecks/2021/apr/06/roy-blunt/roy-blunts-incompletely-characterizes-joe-bidens-c/
Jennifer Granholm,"April 4, 2021","President Joe Biden’s corporate tax rate increase would ""put us in line with other industrial nations.""",mostly-false,"remarks on CNN's ""State of the Union""",Corporations; Taxes,Louis Jacobson,"April 6, 2021",https://www.politifact.com/factchecks/2021/apr/06/jennifer-granholm/jennifer-granholm-spins-comparison-joe-bidens-corp/
Facebook posts,"March 23, 2021",Says Ford agreed to invest $900 million at an Ohio plant because Donald Trump “lowered taxes” and is now moving the project to Mexico because Joe Biden is “increasing taxes.”,mostly-false,Facebook post,Transportation; Taxes; Facebook Fact-checks,Tom Kertscher,"April 6, 2021",https://www.politifact.com/factchecks/2021/apr/06/facebook-posts/no-sign-tax-moves-trump-or-biden-affected-ford-car/
Rick Gundrum,"March 29, 2021","Says Gov. Tony Evers’ 2021-22 state budget ""increases taxes $1 billion +""",mostly-true,Twitter,Economy; State Budget; Taxes; Wisconsin,D.L. Davis,"April 6, 2021",https://www.politifact.com/factchecks/2021/apr/06/rick-gundrum/yes-evers-budget-increases-wisconsin-taxes-more-1-/
Julian Bradley,"March 15, 2021","The latest stimulus package ""sends stimulus checks to imprisoned murderers, rapists, and child molesters.”",mostly-true,news article,National; Legal Issues; States; Taxes; Wisconsin,Haley BeMiller,"March 26, 2021",https://www.politifact.com/factchecks/2021/mar/26/julian-bradley/yes-wisconsin-inmates-are-eligible-stimulus-checks/
Nancy Pelosi,"March 14, 2021","The Republican tax bill passed in 2017 ""gave 83% of the benefits to the top 1%.""",half-true,"interview on ABC's ""This Week""",Taxes,Louis Jacobson,"March 16, 2021",https://www.politifact.com/factchecks/2021/mar/16/nancy-pelosi/nancy-pelosi-repeats-incomplete-talking-point-2017/
Tom  Wolf,"February 22, 2021",“We’re the only major gas-producing state in the US that doesn’t have a severance tax.”,true,speech,National; Taxes; Pennsylvania,Jessica Calefati,"February 25, 2021",https://www.politifact.com/factchecks/2021/feb/25/tom-wolf/fact-checking-gov-tom-wolfs-statement-pa-only-stat/
Facebook posts,"February 15, 2021","“If you make $50,000/year, $36 of your taxes goes to food stamps. $4,000 goes to corporate subsidies.”",false,post on Facebook,Corporations; Food Safety; Poverty; Taxes; Facebook Fact-checks,Madison Czopek,"February 19, 2021",https://www.politifact.com/factchecks/2021/feb/19/facebook-posts/facebook-post-misleads-about-tax-bill-breakdown/
Facebook posts,"February 1, 2021",“Biden signs 45% capital gains tax. Kiss your inheritance goodbye.”,false,Facebook post,Taxes; Facebook Fact-checks,Tom Kertscher,"February 16, 2021",https://www.politifact.com/factchecks/2021/feb/16/facebook-posts/no-biden-has-not-signed-45-capital-gains-tax-or-in/
Facebook posts,"February 1, 2021 in","Under the 2017 tax law, “people who make under $75,000 will have their taxes raised in 2021 and every 2 years after that until 2027.”",mostly-false,on social media,Taxes; Facebook Fact-checks,Louis Jacobson,"February 5, 2021",https://www.politifact.com/factchecks/2021/feb/05/facebook-posts/social-media-post-misleads-analysis-trump-tax-bill/
Raphael Warnock,"December 15, 2020","Says Kelly Loeffler supports ""raising taxes on Georgia's middle class.""",false,ad,Georgia; Corporations; Income; Taxes,Tom Kertscher,"December 16, 2020",https://www.politifact.com/factchecks/2020/dec/16/raphael-warnock/kelly-loefflers-support-tax-cut-expires-isnt-suppo/
Joe Biden,"October 31, 2020","""I’ve released 22 years of my tax returns. You can go online and look. (Donald Trump) hasn’t released one.”",true,rally,National; Candidate Biography; Ethics; Taxes,Bill McCarthy,"October 31, 2020",https://www.politifact.com/factchecks/2020/oct/31/joe-biden/yes-joe-biden-has-released-22-years-tax-returns-on/
Joe Biden,"October 25, 2020",“I can send every qualified person to a four-year college in their state for $150 billion.”,false,"""60 Minutes"" interview",Education; Taxes,Noah Y. Kim,"October 30, 2020",https://www.politifact.com/factchecks/2020/oct/30/joe-biden/biden-misstates-price-his-free-public-college-plan/
Chris Jacobs,"October 22, 2020","“While serving as Town Supervisor, Nate McMurray voted to raise taxes on homeowners.”",true,campaign mailer,Taxes; New York,Jill Terreri Ramos,"October 28, 2020",https://www.politifact.com/factchecks/2020/oct/28/chris-jacobs/jacobs-charge-mcmurray-raised-taxes-grand-island-c/
Roger Williams,"October 18, 2020",Says Texas has “lower taxes and less regulations than anywhere else in the U.S.”,false,tweet,Government Regulation; Regulation; Small Business; Taxes; Texas,Brandon Mulder,"October 23, 2020",https://www.politifact.com/factchecks/2020/oct/23/roger-williams/no-texas-does-not-have-lowest-taxes-and-fewest-reg/
Facebook posts,"October 19, 2020","Says “Joe & Jill Biden’s income went from $396,456 in 2016, to $16,596,979 in 2017-2019. Anyone else want to know where that money is coming from?”",half-true,Facebook post,Taxes; Facebook Fact-checks,Monique Curet,"October 22, 2020",https://www.politifact.com/factchecks/2020/oct/22/facebook-posts/bidens-income-sources-arent-such-big-mystery/
Donald Trump,"October 21, 2020",Says Joe Biden repeatedly told Americans he's going to raise their taxes.,false,ad,National; Economy; Taxes,Bill McCarthy,"October 21, 2020",https://www.politifact.com/factchecks/2020/oct/21/donald-trump/trump-campaign-ad-takes-biden-out-context-three-ti/
Nick Freitas,"October 8, 2020",Abigail Spanberger and other Democrats “voted to spend public funds on their political campaigns; up to $5 million...”,half-true,TV ad.,Campaign Finance; Taxes; Virginia,Warren Fiske,"October 20, 2020",https://www.politifact.com/factchecks/2020/oct/20/nick-freitas/did-spanberger-other-house-democrats-vote-use-publ/
Facebook posts,"October 12, 2020",Says Joe Biden’s “capital gains tax means that when you sell your home you’ll owe taxes of 40% of your profit!”,mostly-false,text post,Taxes; Facebook Fact-checks,Daniel Funke,"October 16, 2020",https://www.politifact.com/factchecks/2020/oct/16/facebook-posts/bidens-tax-plan-would-not-impose-40-capital-gains-/
Donald Trump,"October 12, 2020","""Biden's plan is a 14% tax hike on middle class families.""",false,campaign ad,Taxes,Louis Jacobson,"October 13, 2020",https://www.politifact.com/factchecks/2020/oct/13/donald-trump/donald-trump-ad-accuses-joe-biden-phantom-14-tax-h/
Nancy Mace,"October 6, 2020",Says Joe Cunningham voted for $5 million in taxpayer funds to go into his and other politicians’ campaigns to pay for personal expenses and TV ads.,half-true,debate,Campaign Finance; Taxes,Tom Kertscher,"October 12, 2020",https://www.politifact.com/factchecks/2020/oct/12/nancy-mace/sc-rep-cunningham-did-not-vote-5m-tax-funds-go-cam/
Preserve America PAC,"October 1, 2020",Says Joe Biden is proposing a tax increase that’s “the largest in American history.”,false,campaign ad,National; Taxes,Noah Y. Kim,"October 8, 2020",https://www.politifact.com/factchecks/2020/oct/08/preserve-america-pac/bidens-tax-proposal-isnt-largest-american-history/
Facebook posts,"September 25, 2020",Says Kamala Harris said there will be “a federal tax on your home for reparations.”,false,Facebook post,Civil Rights; Taxes; California; Facebook Fact-checks,Tom Kertscher,"October 7, 2020",https://www.politifact.com/factchecks/2020/oct/07/facebook-posts/no-evidence-kamala-harris-backs-tax-pay-slavery-re/
Facebook posts,"September 29, 2020",“NYT is correcting their lies..Trump paid $1M in 2016 & $3.8M in 2017-18..THEY LIED..AGAIN. INFO ON TWITTER THIS AM.”,false,Facebook post,Taxes; Facebook Fact-checks,Monique Curet,"October 7, 2020",https://www.politifact.com/factchecks/2020/oct/07/facebook-posts/no-evidence-claims-trump-paid-millions-taxes-recen/
Sara Gideon,"September 16, 2020",Says Susan Collins “pushed for policies that benefited her husband’s lobbying business.”,mostly-false,ad,Campaign Finance; Ethics; Taxes,Tom Kertscher,"October 5, 2020",https://www.politifact.com/factchecks/2020/oct/05/sara-gideon/claim-maine-sen-susan-collins-acted-help-her-husba/
Coalition to Stop the Proposed Tax Hike Amendment,"August 31, 2020","Approving the constitutional amendment on Illinois' November ballot “would let the politicians immediately implement their plan to increase taxes on small businesses, farmers and large employers.”",half-true,ad,Elections; Taxes; Illinois,Kiannah Sepeda-Miller,"October 4, 2020",https://www.politifact.com/factchecks/2020/oct/04/coalition-stop-proposed-tax-hike-amendment/will-large-and-small-illinois-businesses-pay-more-/
Donald Trump,"September 29, 2020","Says Joe Biden “passed a tax bill that gave us all these privileges for depreciation and for tax credits. We built a building, and we get tax credits like the hotel on Pennsylvania Ave.”",half-true,first 2020 presidential debate,National; Debates; Economy; Taxes,Bill McCarthy,"October 1, 2020",https://www.politifact.com/factchecks/2020/oct/01/donald-trump/trumps-tax-defense-jumbles-details-overstates-bide/
Hugh Hewitt,"September 28, 2020","President Donald Trump’s tax returns show “what any wealthy person's tax history is, if you can believe it — which is good years and bad years, years of immense taxes and years of almost no taxes at all because you carry over losses.”",mostly-false,radio show,Pundits; Taxes; PunditFact,Bill McCarthy,"September 30, 2020",https://www.politifact.com/factchecks/2020/sep/30/hugh-hewitt/experts-say-trump-tax-report-shows-aggressive-tax-/
Facebook posts,"September 29, 2020",Says Merrick Garland is investigating Donald Trump’s “tax evasion case.”,false,Facebook post,Crime; Supreme Court; Taxes; Facebook Fact-checks,Ciara O'Rourke,"September 29, 2020",https://www.politifact.com/factchecks/2020/sep/29/facebook-posts/no-merrick-garland-isnt-investigating-donald-trump/
Joe Biden,"September 27, 2020","The typical elementary school teacher pays $7,239 in federal income taxes, and firefighters pay $5,328, while Donald Trump paid $750.",half-true,campaign ad,Elections; Taxes,Noah Y. Kim,"September 29, 2020",https://www.politifact.com/factchecks/2020/sep/29/joe-biden/biden-ad-compares-trumps-taxes-nurses-firefighters/
Thom Tillis,"September 14, 2020","Says Cal Cunningham “got a $40,000 tax incentive to update his butler’s pantry.”",half-true,debate,North Carolina; Taxes,Paul Specht,"September 28, 2020",https://www.politifact.com/factchecks/2020/sep/28/thom-tillis/what-tillis-leaves-out-about-cunninghams-butlers-p/
Bob Good,"September 9, 2020",“82% of Americans...would experience a tax increase if Biden were elected.”,false,debate.,Economy; Taxes; Virginia,Warren Fiske,"September 22, 2020",https://www.politifact.com/factchecks/2020/sep/22/bob-good/bob-good-misrepresents-joe-bidens-tax/
Joe Biden,"September 9, 2020","“$400,000 ... is more money than I’ve ever made” in a year.",mostly-false,event,Candidate Biography; Taxes,Louis Jacobson,"September 10, 2020",https://www.politifact.com/factchecks/2020/sep/10/joe-biden/fact-checking-joe-bidens-claim-about-his-own-incom/
Facebook posts,"September 6, 2020",Says Joe Biden “wants to put a 3% annual federal tax on your home.”,false,text post,National; Taxes; Facebook Fact-checks,Daniel Funke,"September 8, 2020",https://www.politifact.com/factchecks/2020/sep/08/facebook-posts/no-joe-biden-doesnt-want-impose-federal-tax-homes/
Donald Trump Jr.,"September 2, 2020",“Joe Biden wants to raise taxes on 82% of all Americans.”,false,tweet,Economy; Taxes,Bill McCarthy,"September 4, 2020",https://www.politifact.com/factchecks/2020/sep/04/donald-trump-jr/donald-trump-jr-misrepresents-joe-bidens-tax-plan/
Facebook posts,"August 23, 2020","Says Joe Biden and Kamala Harris would raise the federal income tax rate for a person with a bi-weekly gross salary of $3,000 to 39.6%, costing “nearly half your paycheck.”",false,Facebook post,Taxes; Facebook Fact-checks,Bill McCarthy,"August 26, 2020",https://www.politifact.com/factchecks/2020/aug/26/facebook-posts/another-widespread-facebook-post-spreads-false-cla/
Nikki Haley,"August 24, 2020",Says Joe Biden and Kamala Harris “want massive tax hikes on working families.”,false,Republican convention speech,Taxes,Louis Jacobson,"August 25, 2020",https://www.politifact.com/factchecks/2020/aug/25/nikki-haley/do-joe-biden-and-kamala-harris-want-massive-tax-hi/
America First,"August 4, 2020","Says Joe Biden told Americans, ‘If you elect me, your taxes are going to be raised, not cut.”",mostly-false,ad,National; Taxes; Ad Watch,Bill McCarthy,"August 20, 2020",https://www.politifact.com/factchecks/2020/aug/20/america-first/ad-attacking-joe-bidens-tax-plan-takes-his-comment/
Facebook posts,"August 16, 2020","“Biden’s tax rate on a family making 75,000 dollars would go from 12% to 25%.”",false,Facebook post,Taxes; Facebook Fact-checks,Bill McCarthy,"August 20, 2020",https://www.politifact.com/factchecks/2020/aug/20/facebook-posts/facebook-post-wrongly-claims-biden-would-hike-taxe/
National Republican Senatorial Committee,"July 17, 2020","Cal Cunningham ""voted for over $1 billion in new taxes.”",true,ad,North Carolina; Taxes,Paul Specht,"August 13, 2020",https://www.politifact.com/factchecks/2020/aug/13/national-republican-senatorial-committee/attack-ad-right-about-cunninghams-2001-budget-vote/
Facebook posts,"August 9, 2020","Trump’s plan “would suspend the 7.65% your employer matches. See? You will NOT get that, nor will your wage or salary increase by 7.65%”",half-true,post on Facebook,Social Security; Taxes; Facebook Fact-checks,Jon Greenberg,"August 10, 2020",https://www.politifact.com/factchecks/2020/aug/10/facebook-posts/facebook-post-misleadingly-says-trump-employer-mat/
Facebook posts,"August 9, 2020","“Let me splain how ‘no payroll taxes’ helps you, it doesn’t. It helps employers.”",half-true,a post on Facebook,Social Security; Taxes; Facebook Fact-checks,Jon Greenberg,"August 10, 2020",https://www.politifact.com/factchecks/2020/aug/10/facebook-posts/facebook-post-misleadingly-says-trump-payroll-tax-/
Facebook posts,"August 10, 2020",“Killing the payroll tax means killing Social Security.”,half-true,post on social media,Social Security; Taxes; Facebook Fact-checks,Jon Greenberg,"August 10, 2020",https://www.politifact.com/factchecks/2020/aug/10/facebook-posts/claim-about-killing-payroll-tax-and-social-securit/
Facebook posts,"July 9, 2020 in","Say that according to the Los Angeles Times, “95% of warrants for murder in Los Angeles are for illegal aliens,” more than two-thirds of all births in Los Angeles County “are to illegal alien Mexicans” on Medicaid, “nearly 60% of all occupants of HUD properties are illegal,” and Nancy Pelosi “wants to put a windfall tax” on retirement fund profits.",pants-fire,on social media,Immigration; Children; Housing; Crime; Race and Ethnicity; Retirement; Taxes; California; Facebook Fact-checks,Louis Jacobson,"July 29, 2020",https://www.politifact.com/factchecks/2020/jul/29/facebook-posts/debunking-14-year-old-post-immigrants-los-angeles/
Mike Gallagher,"June 25, 2020","""The average family in America forks over more of their hard-earned income to their local hospital than to the IRS.”",true,TV interview,Health Care; Taxes; Wisconsin,Madeline Heim,"July 22, 2020",https://www.politifact.com/factchecks/2020/jul/22/mike-gallagher/yes-average-american-family-pays-more-hospital-exp/
Dan Patrick,"May 24, 2020","Says a new law adopted in Texas means property tax bills “are no longer really dependent on your values, it is on (local government) revenue growth.”",mostly-false,interview,Taxes; Texas,Madlin Mekelburg,"June 8, 2020",https://www.politifact.com/factchecks/2020/jun/08/dan-patrick/are-texans-property-taxes-no-longer-really-depende/
Facebook posts,"May 14, 2020 in","""Hidden in the CARES Act was an obscure $135 billion tax break for 43,000 millionaires.""",mostly-true,on social media,Taxes; Facebook Fact-checks,Louis Jacobson,"May 26, 2020",https://www.politifact.com/factchecks/2020/may/26/facebook-posts/yes-cares-act-has-tax-break-benefits-43000-million/
Facebook posts,"May 2, 2020","Gas is under $1 in 13 states, but $2.27 in Pennsylvania, because of the governor.",mostly-false,Facebook post,Gas Prices; Transportation; Taxes; Facebook Fact-checks; Coronavirus; Pennsylvania,Tom Kertscher,"May 7, 2020",https://www.politifact.com/factchecks/2020/may/07/facebook-posts/cant-blame-governor-high-pennsylvania-gas-prices/
YouTube videos,"April 12, 2020","The $1,200 coronavirus relief checks this year are “just an advance on your next tax return. … Next year, you're automatically going to owe $1,200 come tax season.”",false,social media posts,Taxes; Facebook Fact-checks; Coronavirus,Louis Jacobson,"April 15, 2020",https://www.politifact.com/factchecks/2020/apr/15/youtube-videos/no-you-dont-have-pay-back-your-stimulus-check/
Donald Trump,"March 24, 2020",Says Nancy Pelosi’s coronavirus bill includes “tax credits for solar and wind energy … retirement plans for community newspaper employees … $300 million for PBS … climate change studies” and more.,mostly-true,campaign ad,Environment; Energy; Federal Budget; Pensions; Transportation; Taxes; Coronavirus,Louis Jacobson,"March 24, 2020",https://www.politifact.com/factchecks/2020/mar/24/donald-trump/trump-campaign-ad-mostly-right-provisions-pelosis-/
Roger Roth,"January 20, 2020",“The average (Wisconsin) resident’s tax burden is at its lowest level in nearly 50 years while incomes continue to grow.”,true,public forum,Income; Taxes; Wisconsin,Nusaiba Mizan,"March 11, 2020",https://www.politifact.com/factchecks/2020/mar/11/roger-roth/wisconsin-state-senator-hits-mark-tax-burden-50-ye/
Republican National Committee,"March 5, 2020","On key issues including taxes, health care, the Green New Deal, abortion, and guns, there is “no daylight between” Bernie Sanders and Joe Biden.",half-true,mass email,Abortion; Environment; Immigration; Criminal Justice; Education; Health Care; Taxes; Guns,Louis Jacobson,"March 10, 2020",https://www.politifact.com/factchecks/2020/mar/10/republican-national-committee-republican/there-no-daylight-between-joe-biden-and-bernie-san/
Facebook posts,"February 28, 2020","“I pay $165 a month on my student loans for the next 13 years to pay them off. With Bernie Sanders’ plan, my student loans will be forgiven. I’ll only have to pay $450 extra in taxes a month for the next 25 years to make sure I’ll have no more student debt.”",false,Facebook post,Debt; Education; Taxes; Facebook Fact-checks,Tom Kertscher,"March 6, 2020",https://www.politifact.com/factchecks/2020/mar/06/facebook-posts/not-enough-data-judge-impact-sanders-tax-plans-stu/
Quentin Fulks,"February 25, 2020",Says California has a top income tax rate of 13.3% “and people aren’t leaving.”,half-true,TV interview,Taxes; Illinois,Kiannah Sepeda-Miller,"March 1, 2020",https://www.politifact.com/factchecks/2020/mar/01/quentin-fulks/are-californians-staying-put-despite-high-top-inco/
Facebook posts,"February 20, 2020","“Bernie Sanders wants free health care for all and was asked how he would pay for it. His answer was raise taxes to 52% on anybody making over $29,000 per year.”",false,image,Health Care; Taxes; Facebook Fact-checks,Daniel Funke,"February 21, 2020",https://www.politifact.com/factchecks/2020/feb/21/facebook-posts/viral-post-criticizes-sanders-math-health-care-tax/
Pete Buttigieg,"February 19, 2020","The budget hole in Bernie Sanders’ plans “is bigger than the size of the entire economy of the United States.""",half-true,Democratic debate,Health Care; Taxes,Jon Greenberg,"February 20, 2020",https://www.politifact.com/factchecks/2020/feb/20/pete-buttigieg/buttigiegs-bad-math-exaggerates-budget-gap-sanders/
Bernie Sanders,"February 15, 2020","Says Mike Bloomberg “opposed modest proposals during Barack Obama’s presidency to raise taxes on the wealthy, while advocating for cuts to Medicare and Social Security.”",mostly-false,speech,Corrections and Updates; Medicare; Social Security; Taxes,Jon Greenberg,"February 18, 2020",https://www.politifact.com/factchecks/2020/feb/18/bernie-sanders/sanders-twists-bloombergs-record-tax-hikes-and-cut/
John Nygren,"January 22, 2020","Says Gov. Tony Evers ""proposed raising taxes on the agriculture industry to pay for expanded welfare programs.""",mostly-false,news release,Agriculture; Welfare; Taxes; Wisconsin,Eric Litke,"February 14, 2020",https://www.politifact.com/factchecks/2020/feb/14/john-nygren/nygren-claim-tony-evers-agriculture-dairy-taxes/
Tony Evers,"January 22, 2020",“I delivered on my campaign promise for a 10% tax cut for Wisconsin families.”,mostly-false,State of the State,Taxes; Wisconsin,Eric Litke,"February 12, 2020",https://www.politifact.com/factchecks/2020/feb/12/tony-evers/evers-exaggerates-progress-tax-cut-pledge/
Veronica Escobar,"February 4, 2020",“The president has exploded the debt by more than $3 trillion — all to give billion-dollar tax cuts to the wealthiest few.”,half-true,speech,Debt; Taxes; Texas,Louis Jacobson,"February 5, 2020",https://www.politifact.com/factchecks/2020/feb/05/veronica-escobar/state-union-rebuttal-texas-rep-overstates-debt-cla/
Facebook posts,"July 13, 2018","Says the Democratic Party ""took Social Security from the independent ‘Trust Fund’ and put it into the general fund so that Congress could spend it"" and ""eliminated the income tax deduction for Social Security (FICA) withholding.""",false,Facebook post,Social Security; Taxes; Facebook Fact-checks,Tom Kertscher,"January 29, 2020",https://www.politifact.com/factchecks/2020/jan/29/facebook-posts/two-pronged-attack-democrats-over-social-security-/
Bill Brady,"January 18, 2020","Says Oregon’s highest income tax bracket included anyone making more than $250,000 in 2012 before the state expanded its upper bracket to include ""anyone making more than $125,000.""",mostly-false,speech,Taxes; Illinois,Kiannah Sepeda-Miller,"January 26, 2020",https://www.politifact.com/factchecks/2020/jan/26/bill-brady/brady-misleads-graduated-tax-comparison/
Facebook posts,"December 31, 2019","""California's Attorney General, Xavier Becerra is putting together plans to raise property tax revenue by eliminating the only thing keeping some people's property tax from sky rocketing, Prop 13.""",false,social media posts,City Budget; County Budget; Education; Federal Budget; State Budget; Taxes; California,Chris Nichols,"January 24, 2020",https://www.politifact.com/factchecks/2020/jan/24/facebook-posts/no-californians-arent-being-asked-repeal-prop-13s-/
Facebook posts,"November 23, 2019",Up until 1913 Americans kept all of their earnings.,half-true,Facebook post,History; Taxes; Facebook Fact-checks,Samantha Putterman,"January 21, 2020",https://www.politifact.com/factchecks/2020/jan/21/facebook-posts/modern-income-tax-structure-born-1913-americans-pa/
Andrew Cuomo,"January 8, 2020","""We have the lowest corporate tax rate since 1968.""",true,speech,Taxes; New York,Jill Terreri Ramos,"January 18, 2020",https://www.politifact.com/factchecks/2020/jan/18/andrew-cuomo/cuomos-accurate-boast-about-new-yorks-historically/
Facebook posts,"January 8, 2020","""The missiles that were launched at American forces in Iraq from Iran, were funded by Barack Obama, with American tax dollars.""",false,Facebook post,Corrections and Updates; Iran; Taxes; Facebook Fact-checks,Bill McCarthy,"January 10, 2020",https://www.politifact.com/factchecks/2020/jan/10/facebook-posts/iranian-missiles-aimed-us-troops-were-not-funded-a/
Kamala Harris,"November 13, 2019","""In America, there is a father who is holding down two jobs and paying more taxes than the richest 400 families in America.""",mostly-false,Facebook ad,National; Income; Wealth; Taxes,Tom Kertscher,"November 21, 2019",https://www.politifact.com/factchecks/2019/nov/21/kamala-harris/kamala-harris-claim-about-typical-dad-paying-more-/
Bernie Sanders,"October 19, 2019","Says Congress gave Wall Street ""trillions of dollars of zero interest loans.""",half-true,rally,National; Corrections and Updates; Economy; Education; Taxes,Jon Greenberg,"October 25, 2019",https://www.politifact.com/factchecks/2019/oct/25/bernie-sanders/bernie-sanders-overstates-recession-aid-wall-stree/
Rand Paul,"October 11, 2019","""Most people below $50,000 don’t pay any income tax. The top 1 percent in our country pay 40%.""",mostly-true,"interview on ABC's ""The View""",National; Taxes,Louis Jacobson,"October 17, 2019",https://www.politifact.com/factchecks/2019/oct/17/rand-paul/fact-checking-rand-pauls-appearance-view/
Ilhan Omar,"October 12, 2019","""The 1% is paying less in taxes than everyone else.""",half-true,tweet,National; Taxes,Louis Jacobson,"October 16, 2019",https://www.politifact.com/factchecks/2019/oct/16/ilhan-omar/does-1-pay-less-taxes-everyone-else/
Republican Party of Florida,"September 20, 2019","The Green New Deal ""would put a $600,000 tax burden on every household.""",false,tweet,Environment; Climate Change; Taxes; Florida,Amy Sherman,"September 27, 2019",https://www.politifact.com/factchecks/2019/sep/27/republican-party-florida/gop-talking-point-green-new-deal-will-cost-every-h/
Tom Barrett,"September 15, 2019","Milwaukee has less taxing power than most similar cities and is the only U.S. city of 400,000 or more ""that does not have a sales tax or local income tax.""",half-true,appearance on WISN-TV's UpFront,Taxes; Wisconsin,Eric Litke,"September 18, 2019",https://www.politifact.com/factchecks/2019/sep/18/tom-barrett/barrett-overshoots-claim-about-milwaukee-tax-rates/
Tom  Reed,"August 20, 2019","After the Tax Cuts and Jobs Act, ""the typical American worker’s pay growing at more than 3 percent a year, record low unemployment.""",half-true,Tweet,Economy; Taxes; New York,Jill Terreri Ramos,"September 6, 2019",https://www.politifact.com/factchecks/2019/sep/06/tom-reed/reed-points-economic-gains/
Wisconsin Assembly Republicans,"August 27, 2019",Say Gov. Tony Evers ‘canceled’ the sales tax holiday this year,false,tweet,Taxes; Wisconsin,Eric Litke,"September 3, 2019",https://www.politifact.com/factchecks/2019/sep/03/wisconsin-assembly-republicans/no-evers-did-not-cancel-sales-tax-holiday/
Peter Navarro,"August 18, 2019","U.S. tariffs on China are ""not hurting anybody"" in the United States.",pants-fire,interview,National; Trade; Taxes,Tom Kertscher,"August 20, 2019",https://www.politifact.com/factchecks/2019/aug/20/peter-navarro/donald-trumps-tariffs-china-dont-hurt-americans-to/
Andrew Cuomo,"July 19, 2019","Property taxes have ""nothing to do with the state.""",half-true,radio interview,State Budget; Taxes; New York,Jill Terreri Ramos,"August 10, 2019",https://www.politifact.com/factchecks/2019/aug/10/andrew-cuomo/cuomos-claim-property-taxes-omits-mandates/
California Republican Party,"August 6, 2019","President Trump was ""kicked off"" the California ballot",pants-fire,fundraising pitch,Elections; Taxes; California,Chris Nichols,"August 8, 2019",https://www.politifact.com/factchecks/2019/aug/08/california-republican-party/no-president-trump-wasnt-kicked-california-ballot-/
Marianne Williamson,"July 28, 2019","""We are the only advanced industrialized nation that bases our educational funding on property taxes.""",half-true,"appearance on CBS's ""Face the Nation""",National; Education; Taxes,Bill McCarthy,"July 31, 2019",https://www.politifact.com/factchecks/2019/jul/31/marianne-williamson/fact-checking-marianne-williamson-school-funding-u/
Kirsten Gillibrand,"July 9, 2019","A transaction tax in countries like the UK ""didn't affect their financial markets at all.""",mostly-false,campaign event,Financial Regulation; Taxes; New York,Jill Terreri Ramos,"July 26, 2019",https://www.politifact.com/factchecks/2019/jul/26/kirsten-gillibrand/gillibrands-claim-transaction-taxes-not-whole-stor/
Priorities USA Action,"July 23, 2019","""Trump wants to cut (Medicare) just to pay for tax breaks to billionaires.""",mostly-false,digital ad,Medicare; Taxes; Wisconsin,Eric Litke,"July 26, 2019",https://www.politifact.com/factchecks/2019/jul/26/priorities-usa-action/honest-ad-mostly-wrong-about-trump-taxes-and-medic/
Bernie Sanders,"July 17, 2019","With Medicare for All, ""study after study has shown that ... the average middle-class families will save $3,000 each and every year on their health care bills.""",mostly-false,speech at George Washington University,National; Health Care; Medicare; Taxes,Jon Greenberg,"July 22, 2019",https://www.politifact.com/factchecks/2019/jul/22/bernie-sanders/do-studies-show-middle-class-families-would-save-3/
Susana Mendoza,"July 8, 2019","""Indiana actually has a higher gas tax than Illinois does even with the increase in (Illinois’) taxes.""",false,podcast interview,Taxes; Illinois,Duncan Agnew,"July 21, 2019",https://www.politifact.com/factchecks/2019/jul/21/susana-mendoza/mendozas-comparison-indiana-and-illinois-gasoline-/
John Flanagan,"June 18, 2019","""The Senate Democrats have not provided one tax cut.""",mostly-false,radio interview,State Budget; Taxes; New York,Jill Terreri Ramos,"July 8, 2019",https://www.politifact.com/factchecks/2019/jul/08/john-flanagan/flanagan-criticizes-senate-democrats-taxes/
Kelly E. Hastings,"June 30, 2019","Said, ""The Seven Years’ War led to near bankruptcy for many countries; Britain’s need to raise taxes fueled the American desire for independence.""",mostly-true,On twitter,History; State Budget; North Carolina; Taxes,Elizabeth Thompson,"July 3, 2019",https://www.politifact.com/factchecks/2019/jul/03/kelly-e-hastings/did-taxation-really-cause-american-revolution/
Chris Taylor,"May 30, 2019",Voucher schools have increased property taxes by $1 billion since 2011,mostly-false,statement to the Joint Committee on Finance,Education; Taxes; Wisconsin,Eric Litke,"July 1, 2019",https://www.politifact.com/factchecks/2019/jul/01/chris-taylor/Wisconsin-voucher-schools-property-taxes/
Bill Brady,"June 18, 2019","Says that after ""the last income tax increase in the state of Illinois, we saw the largest exodus of middle-income families.""",false,speech,Population; Taxes; Illinois,Kiannah Sepeda-Miller,"June 23, 2019",https://www.politifact.com/factchecks/2019/jun/23/bill-brady/fact-checking-bradys-muddled-attack-pritzkers-tax-/
Joe Biden,"June 11, 2019","""Why should you get a break for racehorses and not get a break for child care?""",mostly-false,speech,National; Taxes,Amy Sherman,"June 19, 2019",https://www.politifact.com/factchecks/2019/jun/19/joe-biden/joe-biden-says-there-are-tax-breaks-racehorses-not/
Jim Durkin,"June 3, 2019","""There are parts of I-80 near Joliet that school buses are not allowed to cross because of the fragile nature of a bridge.""",mostly-false,radio interview,Infrastructure; Public Safety; Taxes; Illinois,Kiannah Sepeda-Miller,"June 16, 2019",https://www.politifact.com/factchecks/2019/jun/16/jim-durkin/durkin-base-claim-about-illinois-infrastructure-wo/
Mike Murphy,"May 22, 2019","Says when New York ""implemented a program"" to tax the wealthy at higher rates it saw a revenue shortfall ""because of the outward migration of their top earners.""",false,remarks during a press conference,Economy; Taxes; Illinois,Kiannah Sepeda-Miller,"May 30, 2019",https://www.politifact.com/factchecks/2019/may/30/mike-murphy-illinois/no-graduated-tax-rates-did-not-drive-wealthy-new-y/
Scott Neitzel,"May 12, 2019","The state contributed $80 million for the new Bucks arena, but new income tax revenue from basketball events alone ""is estimated to be probably over $600 million over the life of the lease.""",mostly-true,TV interview,Sports; Taxes; Wisconsin,D.L. Davis,"May 22, 2019",https://www.politifact.com/factchecks/2019/may/22/scott-neitzel/will-wisconsin-taxpayers-get-tremendous-payback-mo/
Donald Trump,"April 29, 2019","""They didn’t even put up a fight against SALT""",false,Tweet,Taxes; New York,Jill Terreri Ramos,"May 21, 2019",https://www.politifact.com/factchecks/2019/may/21/donald-trump/trump-says-ny-didnt-fight-salt-cap/
Levar Stoney,"May 14, 2019","""Richmond was one of the only cities in the state that did not (increase) their real estate tax to those pre-recession rates.""",mostly-true,radio interview.,City Budget; Taxes; Virginia,Warren Fiske,"May 21, 2019",https://www.politifact.com/factchecks/2019/may/21/levar-stoney/levar-stoney-mostly-right-about-richmonds-rein-rea/
JB Pritzker,"May 1, 2019","Says states with graduated income taxes ""create jobs and grow their economies faster"" than Illinois.",half-true,speech,Economy; Taxes; Illinois,Kiannah Sepeda-Miller,"May 19, 2019",https://www.politifact.com/factchecks/2019/may/19/jb-pritzker/pritzkers-latest-sweeping-tax-claim-falls-flat/
Tony Evers,"April 3, 2019","""More than a million Wisconsinites have voted to raise their own property taxes because Republicans have failed to fully fund our public schools for the past eight years.""",half-true,tweet,Education; Taxes; Wisconsin,Eric Litke,"May 17, 2019",https://www.politifact.com/factchecks/2019/may/17/tony-evers/tony-evers-1m-wisconsinites-voted-raise-taxes/
Joel Griffith,"April 28, 2019","""Of the 14 wealthy OECD countries with a wealth tax in 1996, 10 have since then abandoned it.""",mostly-true,op-ed on Fox News,Taxes; PunditFact,Jon Greenberg,"May 10, 2019",https://www.politifact.com/factchecks/2019/may/10/joel-griffith/some-countries-ditched-wealth-taxes-what-might-mea/
Tina Freitas,"April 8, 2019","State Sen. Emmett Hanger ""has voted for the three largest tax increases - proposed tax increases - in Virginia history.""",mostly-false,radio interview.,Taxes; Virginia,Warren Fiske,"April 30, 2019",https://www.politifact.com/factchecks/2019/apr/30/tina-freitas/contrary-tina-freitas-emmett-hanger-didnt-vote-thr/
David Craig,"April 2, 2019","Says Gov. Tony Evers' budget includes tax and fee increases even while spending ""more on his way to a nearly $2 billion deficit.""",half-true,tweet,Deficit; Taxes; Wisconsin,Mica Soellner,"April 24, 2019",https://www.politifact.com/factchecks/2019/apr/24/david-craig/state-sen-craig-hits-and-misses-when-taking-aim-wi/
Think Big Illinois,"April 16, 2019","""In almost every state with an income tax, wealthy people pay a higher tax rate than the middle class.""",mostly-false,ad,Taxes; Illinois,Kiannah Sepeda-Miller,"April 21, 2019",https://www.politifact.com/factchecks/2019/apr/21/think-big-illinois/pritzker-backed-group-strays-facts-income-tax-clai/
Andrew Cuomo,"March 11, 2019","""Fifty-two counties have average taxes of above the SALT $10,000 cap.""",mostly-false,news conference,Taxes; New York,Jill Terreri Ramos,"April 17, 2019",https://www.politifact.com/factchecks/2019/apr/17/andrew-cuomo/cuomo-claims-tax-change-bad-ny/
Wisconsin Assembly Republicans,"March 27, 2019","""Governor Evers' budget would increase property taxes by the largest amount in a decade""",half-true,tweet,Taxes; Wisconsin,Eric Litke,"April 12, 2019",https://www.politifact.com/factchecks/2019/apr/12/wisconsin-assembly-republicans/gop-blames-evers-budget-pending-property-tax-incre/
Daniel Riemer,"February 17, 2019","""About 80 percent of (the manufacturing and agriculture) tax credit goes to claimants who are making $1 million or more.""",true,TV interview,Economy; Jobs; Taxes; Wisconsin,Mica Soellner,"April 4, 2019",https://www.politifact.com/factchecks/2019/apr/04/daniel-riemer/state-rep-riemer-right-money-tax-credit-claim/
Ideas Illinois,"March 21, 2019","""Pritzker and Madigan want to change the constitution to allow a permanent jobs tax on middle class families.""",false,ad,Taxes; Illinois,Kiannah Sepeda-Miller,"March 31, 2019",https://www.politifact.com/factchecks/2019/mar/31/ideas-illinois/no-jobs-tax-pritzkers-tax-plan-despite-what-attack/
Mark Walker,"March 7, 2019","""HR 1 is going to take your hard-earned tax dollars and millions more and send them to (a political candidate’s) campaign so (they) can put ads on TV.""",mostly-false,ad video,Campaign Finance; North Carolina; Taxes,Bill McCarthy,"March 26, 2019",https://www.politifact.com/factchecks/2019/mar/26/mark-walker/fact-checking-mark-walker-hr-1s-campaign-finance-p/
John Nygren,"February 12, 2019","""Over the last eight years, we’ve shown that even though we’ve cut taxes by $8 billion, revenues continue to grow.""",true,tweet,Taxes; Wisconsin,Eric Litke,"March 21, 2019",https://www.politifact.com/factchecks/2019/mar/21/john-nygren/john-nygren-says-wisconsin-republicans-have-cut-ta/
James Lankford,"March 6, 2019","""Tax revenue went up, actually, $14 billion last year after the tax cut actually occurred. We had greater revenue.""",mostly-false,"interview on MSNBC's ""Morning Joe""",National; Federal Budget; Taxes,Louis Jacobson,"March 7, 2019",https://www.politifact.com/factchecks/2019/mar/07/james-lankford/did-tax-collections-rise-after-gop-law-case-weak/
Sherrod Brown,"February 18, 2019","With the Trump tax law, ""70 percent of the benefits went to the wealthiest 1 percent.""",half-true,interview,National; Wealth; Taxes,Tom Kertscher,"March 5, 2019",https://www.politifact.com/factchecks/2019/mar/05/sherrod-brown/do-70-benefits-trumps-tax-law-benefit-wealthiest-1/
JB Pritzker,"February 20, 2019","Says taxing more services, taxing retirement income and increasing the flat-rate income tax would ""fall disproportionately on the working poor and the middle class.""",mostly-false,speech,Taxes; Illinois,Kiannah Sepeda-Miller,"March 3, 2019",https://www.politifact.com/factchecks/2019/mar/03/jb-pritzker/pritzker-misleads-dismissing-revenue-alternatives/
John Nygren,"February 12, 2019","GOP tax plan ""is better for working, middle-class families"" since ""88% of the tax relief goes to those making $100,000 or less.""",half-true,tweet,Taxes; Wisconsin,Eric Litke,"February 22, 2019",https://www.politifact.com/factchecks/2019/feb/22/john-nygren/nygren-wisconsin-gop-tax-plan-middle-class/
Kamala Harris,"February 11, 2019","""The average tax refund is down about $170 compared to last year. Let’s call the President’s tax cut what it is: a middle-class tax hike to line the pockets of already wealthy corporations and the 1%.""",mostly-false,tweet,Taxes; California,Louis Jacobson,"February 13, 2019",https://www.politifact.com/factchecks/2019/feb/13/kamala-harris/checking-kamala-harris-tax-refunds-and-gop-tax-law/
John Nygren,"January 11, 2019","""Today, property taxes are lower than they were in 2010.""",mostly-true,tweet,States; Taxes; Wisconsin,D.L. Davis,"February 8, 2019",https://www.politifact.com/factchecks/2019/feb/08/john-nygren/wisconsin-state-rep-john-nygren-hits-pay-dirt-prop/
Michael Moore,"February 1, 2019","""Seventy percent of the American public agree with"" Alexandria Ocasio-Cortez ""on having the top marginal (tax) rate for the rich"" at 70 percent, and ""that's a Fox News Poll saying that.""",mostly-false,interview,Polls and Public Opinion; Taxes; PunditFact,Tom Kertscher,"February 6, 2019",https://www.politifact.com/factchecks/2019/feb/06/michael-moore/70-americans-favor-70-tax-rich-according-fox-news-/
Scott Walker,"January 16, 2019","During the three times the top marginal tax rates were lowered in the 20th century, ""revenues actually went up while the economy improved in America.""",mostly-false,tweet,Economy; Taxes; Wisconsin,Eric Litke,"February 5, 2019",https://www.politifact.com/factchecks/2019/feb/05/scott-walker/walker-misses-mark-marginal-tax-rates/
Joe Biden,"January 28, 2019","""There was virtually no new business investment"" after the 2017 tax law. ""The bulk was used to buy back their own stock.""",half-true,remarks,National; Corporations; Taxes,Louis Jacobson,"February 4, 2019",https://www.politifact.com/factchecks/2019/feb/04/joe-biden/did-tax-bill-lead-virtually-no-new-business-invest/
Gery Chico,"January 16, 2019","""In Springfield, Susana Mendoza voted to hit working families with a massive new soda tax.""",mostly-false,campaign ad,Taxes; Illinois,Kiannah Sepeda-Miller,"February 3, 2019",https://www.politifact.com/factchecks/2019/feb/03/gery-chico/chicos-soda-tax-swipe-mendoza-falls-flat/
Wisconsin Republican Legislative leaders,"January 30, 2019","""Not a dollar would be paid out until jobs in the Foxconn development area were created.""",mostly-true,news release,Economy; Taxes; Wisconsin,D.L. Davis,"February 1, 2019",https://www.politifact.com/factchecks/2019/feb/01/wisconsin-republican-legislative-leaders/gop-leaders-claim-foxconn-wont-get-dollar-taxpayer/
Wisconsin Republican Legislative leaders,"January 30, 2019","Potential Foxconn changes are due to ""the wave of economic uncertainty"" from Evers administration",pants-fire,joint statement,Economy; Trade; Taxes; Wisconsin,Eric Litke,"February 1, 2019",https://www.politifact.com/factchecks/2019/feb/01/wisconsin-republican-legislative-leaders/robin-vos-scott-fitzgerald-have-no-business-blamin/
Eileen Filler-Corn,"January 15, 2019","""There is no tax increase in the governor’s budget plan.""",mostly-false,floor speech.,Taxes; Virginia,Warren Fiske,"January 29, 2019",https://www.politifact.com/factchecks/2019/jan/29/eileen-filler-corn/contrary-eileen-filler-corns-claim-gov-ralph-north/
Maria Bartiromo,"January 22, 2019","""According to the Tax Foundation, the top 10 percent of earners already pay almost 80 percent of all taxes.""",mostly-false,an interview,Taxes; PunditFact,John Kruzel,"January 24, 2019",https://www.politifact.com/factchecks/2019/jan/24/maria-bartiromo/fox-news-host-clashes-ocasio-cortez-over-taxing-ri/
Gery Chico,"January 2, 2019","""As chairman of the City Colleges, I cut millions in waste and we cut property taxes.""",half-true,campaign ad,City Budget; Taxes; Illinois,Kiannah Sepeda-Miller,"January 20, 2019",https://www.politifact.com/factchecks/2019/jan/20/gery-chico/did-chico-cut-waste-and-slash-taxes-during-his-cit/
Susana Mendoza,"January 6, 2019","""Every city that has a commuter tax — look at Detroit, Philadelphia — they are actually stagnating in terms of their economy. It’s been a job-killer.""",mostly-false,radio interview,Taxes; Illinois,Kiannah Sepeda-Miller,"January 13, 2019",https://www.politifact.com/factchecks/2019/jan/13/susana-mendoza/mendoza-stretches-facts-commuter-tax/
Elizabeth Warren,"January 2, 2019","With the Republican tax law, ""the rich folks got $1.5 trillion.""",half-true,interview on MSNBC's Rachel Maddow Show,National; Taxes,Jon Greenberg,"January 9, 2019",https://www.politifact.com/factchecks/2019/jan/09/elizabeth-warren/warren-overstates-share-tax-cuts-rich/
Bill Daley,"December 6, 2018","Says he ""will put a moratorium on tax hikes to keep families in their homes.""",half-true,TV ad,Taxes; Illinois,Kiannah Sepeda-Miller,"December 16, 2018",https://www.politifact.com/factchecks/2018/dec/16/bill-daley/whats-missing-daleys-property-tax-freeze-pledge/
Andrew Cuomo,"November 19, 2018","""There is nothing that we have done on Amazon that we have not done with hundreds of other projects.""",true,radio interview,Corporations; Taxes; New York,Jill Terreri Ramos,"December 7, 2018",https://www.politifact.com/factchecks/2018/dec/07/andrew-cuomo/cuomo-said-treatment-amazon-no-different/
Lori Lightfoot,"November 19, 2018","Says Chicagoans ""live in one of the most taxed cities and the most taxed county, unfortunately, in the country.""",mostly-false,debate appearance,Taxes; Illinois,Kiannah Sepeda-Miller,"December 2, 2018",https://www.politifact.com/factchecks/2018/dec/02/lori-lightfoot/are-chicago-residents-among-nations-most-taxed/
Gordon Hintz,"November 18, 2018","""One year ago, (Republicans) would not fill seats vacated for people who went to the administration because of the cost of those elections. Now, they’re talking about changing the rules to add additional elections that will cost millions of dollars of taxpayer expense.""",mostly-true,TV interview,Elections; Taxes; Wisconsin,D.L. Davis,"November 28, 2018",https://www.politifact.com/factchecks/2018/nov/28/gordon-hintz/state-rep-hintz-hits-target-claim-against-republic/
Nate McMurray,"October 30, 2018","""Do you know that New York State pays out way more than they ever get back?""",true,debate,Federal Budget; Taxes; New York,Jill Terreri Ramos,"November 2, 2018",https://www.politifact.com/factchecks/2018/nov/02/nathan-mcmurray/new-york-giver-state-federal-treasury/
Gil Cisneros,"September 17, 2018","Says California Republican Young Kim is ""a tax cheat"" who ""illegally claimed a $7,000 annual homestead exemption on a house she wasn’t living in,"" had ""multiple tax liens placed on her"" as a result and ""owes over $10,000 in unpaid federal income taxes.""",mostly-false,spoof website,Ethics; Taxes; California,Stephen Koff,"November 2, 2018",https://www.politifact.com/factchecks/2018/nov/02/gil-cisneros/spoof-website-goes-too-far-when-calling-california/
Sean Casten,"October 22, 2018","Under the GOP tax law, ""if you live in Hinsdale, Illinois … you are now being double-taxed to the tune of $35,000.""",false,debate,Taxes; Illinois,Kiannah Sepeda-Miller,"October 31, 2018",https://www.politifact.com/factchecks/2018/oct/31/sean-casten/casten-tax-claim-taxed-facts/
FreedomWorks,"October 24, 2018","Says ""Dan McCready wants to repeal tax cuts that saves (sic) you $1,300"" per year.",mostly-false,Facebook ad,North Carolina; Taxes,Bill McCarthy,"October 29, 2018",https://www.politifact.com/factchecks/2018/oct/29/freedomworks/fact-checking-ad-dan-mccready-and-tax-cut-savings/
Phil Scott,"October 10, 2018","""We have the most progressive tax system in the country, right here in Vermont.""",mostly-false,debate,Taxes; Vermont,Xander Landen,"October 29, 2018",https://www.politifact.com/factchecks/2018/oct/29/phil-scott/are-wealthy-vermonters-paying-their-fair-share-sch/
Mike DeWine,"October 20, 2018","""During the Strickland-Cordray era, taxes were raised by $800 million and Ohio lost 400,000 jobs.""",mostly-false,ad,Ohio; Jobs; State Budget; Taxes,Amy Sherman,"October 29, 2018",https://www.politifact.com/factchecks/2018/oct/29/mike-dewine/mike-dewine-ad-blames-rich-cordray-raising-taxes-a/
Tammy Baldwin,"October 22, 2018","Under the Republican tax reform law, ""83 percent of the benefits go to the top 1 percent of individuals and large multinational corporations.""",half-true,speech,Corporations; Income; Taxes; Wisconsin,Tom Kertscher,"October 26, 2018",https://www.politifact.com/factchecks/2018/oct/26/tammy-baldwin/tammy-baldwin-partially-accurate-claiming-83-gop-t/
Don Bacon,"October 16, 2018","Says revenues ""are actually up after tax reform.""",half-true,debate,National; Deficit; Federal Budget; Taxes,Samantha Putterman,"October 25, 2018",https://www.politifact.com/factchecks/2018/oct/25/don-bacon/don-bacons-comment-tax-revenues-increasing-needs-c/
Scott Walker,"October 9, 2018","Says Tony Evers will ""raise the gas tax by as much as a dollar a gallon.""",mostly-false,video,Gas Prices; Transportation; Taxes; Wisconsin,Tom Kertscher,"October 24, 2018",https://www.politifact.com/factchecks/2018/oct/24/scott-walker/tony-evers-open-raising-gas-tax-scott-walker-one-s/
Future45,"October 16, 2018","Voting for ""any Democrat"" gets you ""socialism ... undefended open borders ... immediate tax increases ... 100 percent government-run health care ...""",pants-fire,campaign ad,Immigration; National; Elections; Medicare; Taxes,Manuela Tobias,"October 24, 2018",https://www.politifact.com/factchecks/2018/oct/24/future45/democrat-not-socialism-tax-increase-open-borders/
Ted Budd,"October 23, 2018","Kathy Manning got ""$30 million of your tax dollars plus $2.3 million a year"" to build a luxury hotel and parking lot",false,attack ad,North Carolina; Taxes,Paul Specht,"October 23, 2018",https://www.politifact.com/factchecks/2018/oct/23/ted-budd/budd-falsely-accuses-manning-getting-30m-taxpayer-/
Dave Brat,"October 11, 2018","Abigail Spanberger ""wants a tax increase of $32 trillion - that’s with a `T,’ to pay for her socialist health care plan.""",false,Facebook post.,Health Care; Taxes; Virginia,Warren Fiske,"October 23, 2018",https://www.politifact.com/factchecks/2018/oct/23/dave-brat/brat-misstates-spanbergers-stance-medicare-all/
Ted Cruz,"October 16, 2018","Says Beto O'Rourke ""voted in favor of a $10 a barrel tax on every barrel of oil produced in the state of Texas.""",mostly-false,During a debate,Energy; Taxes; Texas,Johnathan Silver,"October 19, 2018",https://www.politifact.com/factchecks/2018/oct/19/ted-cruz/did-beto-orourke-vote-10-tax-barrel-oil/
Ted Cruz,"October 16, 2018","With the Republican-backed tax cut, ""we’re seeing the result, and to date, federal tax revenues have gone up.""",half-true,Senate debate,Federal Budget; Taxes; Texas,Louis Jacobson,"October 19, 2018",https://www.politifact.com/factchecks/2018/oct/19/ted-cruz/ted-cruz-said-gop-tax-cut-led-higher-revenues-did-/
Congressional Leadership Fund,"October 18, 2018","Dan McCready ""did admit he opposes middle class tax cuts.""",false,video,North Carolina; Taxes,Paul Specht,"October 17, 2018",https://www.politifact.com/factchecks/2018/oct/17/congressional-leadership-fund/attack-ad-distorts-mccreadys-position-tax-cuts/
National Taxpayers Union,"October 10, 2018","""The latest round of tariffs now means that the total tax increase on Americans from enacted tariffs exceeds the tax increases from the Affordable Care Act.""",half-true,Washington Examiner op-ed,National; Trade; Taxes,Manuela Tobias,"October 12, 2018",https://www.politifact.com/factchecks/2018/oct/12/national-taxpayers-union/trump-tariffs-cost-more-health-care-taxes/
Scott Walker,"September 20, 2018","Says Tony Evers will ""raise property taxes, raise income taxes and raise gas taxes by as much as a dollar a gallon.""",half-true,TV ad,Agriculture; Education; Income; State Budget; Transportation; Taxes; Wisconsin,Tom Kertscher,"October 11, 2018",https://www.politifact.com/factchecks/2018/oct/11/scott-walker/mixed-evidence-scott-walker-claim-rival-tony-evers/
David McKinley,"August 14, 2018","In West Virginia, ""personal income tax collections (were) up 14% from 2017.""",true,tweet,West Virginia; State Budget; Taxes,Matt Minard,"October 11, 2018",https://www.politifact.com/factchecks/2018/oct/11/david-mckinley/david-mckinley-correct-about-rise-wva-tax-receipts/
Bruce Rauner,"October 1, 2018","""For decades, Madigan kept property taxes high and made a fortune helping cronies like Pritzker dodge them.""",mostly-false,campaign ad,Taxes; Illinois,Kiannah Sepeda-Miller,"October 7, 2018",https://www.politifact.com/factchecks/2018/oct/07/bruce-rauner/rauner-ad-rewrites-property-tax-history/
Ann Wagner,"August 27, 2018","""Since passage of the Tax Cuts and Jobs Act, Walmart 'increased their starting wage to $11/hr & has given about $400 million in bonuses.'""",true,tweet,Economy; Jobs; Workers; Taxes; Missouri,Hannah Archambault,"October 5, 2018",https://www.politifact.com/factchecks/2018/oct/05/ann-wagner/walmart-raised-wages-gave-bonuses-ann-wagner-claim/
Patrick Morrisey,"August 31, 2018","Sen. Joe Manchin ""stands with Hillary Clinton and D.C. Dems on gun control, higher taxes, amnesty, and Planned Parenthood.""",half-true,tweet,Abortion; West Virginia; Immigration; Taxes; Guns,Patrick Orsagos,"October 5, 2018",https://www.politifact.com/factchecks/2018/oct/05/patrick-morrisey/fact-checking-patrick-morrisey-positions-held-joe-/
Ted Cruz,"September 28, 2018","California ""is hemorrhaging population.""",mostly-false,debate,Government Regulation; Population; Regulation; Taxes; California,Chris Nichols,"September 28, 2018",https://www.politifact.com/factchecks/2018/sep/28/ted-cruz/ted-cruzs-misleading-claim-california-hemorrhaging/
Rick Scott,"September 19, 2018",Says Sen. Bill Nelson is a socialist.,pants-fire,campaign appearance,Congress; Government Regulation; Taxes; Florida,Amy Sherman,"September 27, 2018",https://www.politifact.com/factchecks/2018/sep/27/rick-scott/gov-rick-scotts-ridiculous-statement-sen-bill-nels/
Bruce Rauner,"September 6, 2018","Says ""J.B. Pritzker’s tax plan"" includes a ""new tax per mile you drive with government tracking device.""",false,TV ad,Taxes; Illinois,Kiannah Sepeda-Miller,"September 23, 2018",https://www.politifact.com/factchecks/2018/sep/23/bruce-rauner/rauner-veers-course-claiming-pritzker-proposed-mil/
Leonard Lance,"September 10, 2018","Says Democratic congressional candidate Tom Malinowski ""supports a full repeal of the 2017 tax law, which includes vital tax incentives"" for New Jersey communities.",half-true,campaign statement,National; Taxes,Stephen Koff,"September 21, 2018",https://www.politifact.com/factchecks/2018/sep/21/leonard-lance/malinowski-lance-tax-bill-fight/
Erika Harold,"August 13, 2018","Says ""Mike Madigan and Kwame Raoul team up to raise property taxes.""",mostly-false,TV ad,Taxes; Illinois,Kiannah Sepeda-Miller,"September 16, 2018",https://www.politifact.com/factchecks/2018/sep/16/erika-harold/republican-ag-candidate-misleads-attacking-opponen/
Republican Governors Association,"September 12, 2018","Says Andrew Gillum ""wants to increase Florida taxes by a billion dollars.""",mostly-true,ad,Education; Taxes; Florida,Amy Sherman,"September 14, 2018",https://www.politifact.com/factchecks/2018/sep/14/republican-governors-association/republican-ad-correct-andrew-gillum-wants-raise-fl/
National Republican Congressional Committee,"September 12, 2018",Scott Wallace wants to tax families of five for 'irresponsible breeding',false,TV ad,Population; Taxes; Pennsylvania,Sarah Anne Hughes,"September 14, 2018",https://www.politifact.com/factchecks/2018/sep/14/national-republican-congressional-committee/no-congressional-candidate-scott-wallace-does-not-/
Bruce Rauner,"August 22, 2018","""Every state that has put in a graduated income tax, the middle class always pays more.""",false,radio interview,Taxes; Illinois,Kiannah Sepeda-Miller,"September 9, 2018",https://www.politifact.com/factchecks/2018/sep/09/bruce-rauner/rauner-falsely-claims-graduated-income-taxes-alway/
Katie Porter,"September 5, 2018","Says ""Mimi Walters raised taxes on middle-class Californians.""",mostly-false,campaign ad,Taxes; California,Samantha Putterman,"September 7, 2018",https://www.politifact.com/factchecks/2018/sep/07/katie-porter/fact-checking-democrat-katie-porters-tax-attack-ad/
Congressional Leadership Fund,"September 4, 2018","""Your family"" will pay $2,500 ""after Kara Eastman eliminates your tax cut.""",false,campaign ad,National; Taxes,Stephen Koff,"September 7, 2018",https://www.politifact.com/factchecks/2018/sep/07/congressional-leadership-fund/congressional-leadership-fund-distorts-kara-eastma/
John Cox,"July 30, 2018","""Fully half the people — our research is showing half the people — in (California) want to leave.""",half-true,Fox Business Network interview,Housing; Polls and Public Opinion; The 2018 California Governor's Race; Taxes; California,Chris Nichols,"September 6, 2018",https://www.politifact.com/factchecks/2018/sep/06/john-cox/john-coxs-exaggerated-claim-half-people-want-leave/
JB Pritzker,"August 24, 2018","Says Bruce Rauner is ""misquoting newspapers to lie about J.B. Pritzker.""",mostly-false,TV ad,Taxes; Illinois,Kiannah Sepeda-Miller,"September 2, 2018",https://www.politifact.com/factchecks/2018/sep/02/jb-pritzker/pritzker-claims-rauner-misquoted-newspapers-lie-ab/
Americans for Prosperity,"August 29, 2018","As Tennessee governor, Phil Bredesen ""supported higher taxes on us. Higher gas taxes. Higher sales taxes.""",false,attack ad,National; Candidate Biography; Taxes,Jon Greenberg,"August 30, 2018",https://www.politifact.com/factchecks/2018/aug/30/americans-prosperity/attack-ad-falsely-says-bredesen-backed-gassales-ta/
Ted Cruz,"August 28, 2018","Says Beto O’Rourke ""voted against"" Hurricane Harvey ""tax relief.""",mostly-true,online video ad,Natural Disasters; Taxes; Texas,W. Gardner Selby,"August 29, 2018",https://www.politifact.com/factchecks/2018/aug/29/ted-cruz/ted-cruz-says-beto-orourke-voted-against-tax-relie/
Patriot News Alerts,"August 14, 2018","""U.S. government reports record tax haul after Trump tax cuts spur economic growth.""",mostly-false,web post,Taxes; PunditFact,Louis Jacobson,"August 17, 2018",https://www.politifact.com/factchecks/2018/aug/17/patriot-news-alerts/did-us-have-record-tax-haul-after-trump-tax-cuts-s/
Jacky Rosen,"August 13, 2018","Says Sen. Dean Heller ""wants to cut programs like Social Security and Medicare to pay for tax cuts for his ultra-wealthy donors.""",half-true,campaign endorsement event,National; Federal Budget; Medicare; Social Security; Taxes,Jon Greenberg,"August 16, 2018",https://www.politifact.com/factchecks/2018/aug/16/jacky-rosen/would-heller-cut-social-security-or-medicare-pay-t/
Josh Pade,"June 1, 2018","""Wisconsin's still one of the highest-taxed states in the country.""",mostly-false,interview,States; Taxes; Wisconsin,Diana Dombrowski,"August 10, 2018",https://www.politifact.com/factchecks/2018/aug/10/josh-pade/democratic-candidate-wisconsin-governor-miscalcula/
Nancy Pelosi,"July 26, 2018","""Between the first and second quarters of 2018 — after the tax cuts were enacted — real wages fell by 1.8 percent.""",mostly-false,tweet,National; Economy; Jobs; Taxes,Louis Jacobson,"August 1, 2018",https://www.politifact.com/factchecks/2018/aug/01/nancy-pelosi/did-wages-fall-18-percent-after-donald-trumps-tax-/
Larry Kudlow,"July 29, 2018","""Even the CBO numbers show now that the entire $1.5 trillion tax cut is virtually paid for by higher revenues and better nominal GDP.""",false,interview on CBS's Face the Nation,National; Taxes,Jon Greenberg,"July 31, 2018",https://www.politifact.com/factchecks/2018/jul/31/larry-kudlow/wh-economic-chief-kudlow-wrongly-says-cbo-agrees-t/
Adam Putnam,"July 24, 2018","""Congressman (Ron) DeSantis sponsored legislation to increase sales taxes by 23 percent, hurting families, destroying jobs, devastating tourism""",mostly-false,campaign ad from his political committee Florida Grown,Taxes; Florida,Katie Akin,"July 27, 2018",https://www.politifact.com/factchecks/2018/jul/27/adam-putnam/misleading-putnam-ad-twists-desantis-stance-taxes/
Kevin McCarthy,"July 23, 2018","""Trump tax cut benefits all congressional districts, up to $44,697 per family.""",half-true,tweet,National; Taxes,Louis Jacobson,"July 26, 2018",https://www.politifact.com/factchecks/2018/jul/26/kevin-mccarthy/could-trump-tax-cut-save-44697-family/
Mike DeWine,"July 9, 2018","""Richard Cordray wants to raise your taxes by reversing President Trump's tax reform.""",mostly-false,web video,Ohio; Taxes,Amy Sherman,"July 24, 2018",https://www.politifact.com/factchecks/2018/jul/24/mike-dewine/ohio-mike-dewine-misleads-video-says-richard-cordr/
Tax March,"June 21, 2018","""83% of Trump tax breaks go to the wealthiest 1%.""",half-true,television ad,National; Taxes,Jon Greenberg,"July 10, 2018",https://www.politifact.com/factchecks/2018/jul/10/tax-march/nevada-tv-ad-cherry-picks-tax-cut-benefits-top-1/
Rick Scott,"June 13, 2018","Says Sen. Bill Nelson ""voted for higher taxes"" 349 times.",false,ad,Taxes; Florida,Allison Graves,"July 5, 2018",https://www.politifact.com/factchecks/2018/jul/05/rick-scott/did-sen-bill-nelson-vote-higher-taxes-349-no/
Larry Kudlow,"June 29, 2018","""The deficit ... is coming down, and it’s coming down rapidly.""",pants-fire,interview with Fox Business Network,National; Debt; Deficit; Economy; Taxes,Louis Jacobson,"July 2, 2018",https://www.politifact.com/factchecks/2018/jul/02/larry-kudlow/larry-kudlow-wrong-about-deficits-falling-rapidly-/
Evelyn Sanguinetti,"June 26, 2018","Says a progressive income tax proposal from Democratic governor candidate J.B. Pritzker ""is wholly regressive.""",false,radio interview,Taxes; Illinois,Kiannah Sepeda-Miller,"July 2, 2018",https://www.politifact.com/factchecks/2018/jul/02/evelyn-sanguinetti/illinois-lite-guv-calls-progressive-tax-idea-regre/
Scott Walker,"May 31, 2018","""Since taking office, we have enacted more than $8 billion in cumulative tax relief.""",true,tweet,Income; State Budget; Taxes; Wisconsin,Tom Kertscher,"June 22, 2018",https://www.politifact.com/factchecks/2018/jun/22/scott-walker/scott-walkers-big-re-election-tax-cut-tout-8-billi/
Senate Majority PAC,"June 8, 2018",Says Kevin Cramer wants to cut Social Security and Medicare to pay for tax cuts.,half-true,campaign ad,National; Medicare; Social Security; Taxes,Manuela Tobias,"June 19, 2018",https://www.politifact.com/factchecks/2018/jun/19/senate-majority-pac/fact-checking-democratic-attack-kevin-cramers-stat/
Donald Trump,"June 7, 2018","""101 utilities cut rates, credit GOP tax cuts.""",mostly-true,tweet,National; Energy; Taxes,Louis Jacobson,"June 11, 2018",https://www.politifact.com/factchecks/2018/jun/11/donald-trump/have-101-utilities-cut-rates-thanks-gop-tax-bill/
Mitch McConnell,"June 4, 2018","""The bottom line is clear: Under the policies of this unified Republican government, American workers, families, and business owners are achieving economic growth that is unmatched in recent memory. … More than 1 million new jobs have been created just since we passed tax reform last December.""",half-true,Senate floor speech,National; Corrections and Updates; Economy; Jobs; Taxes,Louis Jacobson,"June 5, 2018",https://www.politifact.com/factchecks/2018/jun/05/mitch-mcconnell/how-strong-have-job-gains-been-tax-bill-passed/
Donald Trump,"May 30, 2018","Rep. Dan Donovan ""voted for Tax Cuts""",mostly-true,tweet,Taxes; New York,Dan Clark,"June 4, 2018",https://www.politifact.com/factchecks/2018/jun/04/donald-trump/did-rep-dan-donovan-vote-tax-cuts-trump-said/
Patrick McHenry,"May 29, 2018","""Americans received the biggest tax cut in history last year.""",false,newsletter,North Carolina; Taxes,Paul Specht,"June 4, 2018",https://www.politifact.com/factchecks/2018/jun/04/patrick-mchenry/nc-republican-repeats-false-tax-claim/
Christine Quinn,"May 23, 2018","New York state has the ""second highest millionaires tax in the nation.""",mostly-false,presentation at the State Democratic Convention,Wealth; Taxes; New York,Dan Clark,"May 31, 2018",https://www.politifact.com/factchecks/2018/may/31/christine-quinn/does-new-york-state-have-second-highest-tax-wealth/
Scott Walker,"April 17, 2018","""Property and income taxes will be lower in 2018 than they were in 2010.""",mostly-true,online ad,Education; Income; State Budget; Taxes; Wisconsin,Tom Kertscher,"May 30, 2018",https://www.politifact.com/factchecks/2018/may/30/scott-walker/caveats-scott-walker-right-income-and-property-tax/
Scott Dawson,"May 15, 2018","""Gov. Kay Ivey gave nearly $1 million of taxpayers’ money to a liberal activist organization that promotes alternative lifestyles and transgenderism.""",mostly-false,campaign press release,National; Taxes,Manuela Tobias,"May 29, 2018",https://www.politifact.com/factchecks/2018/may/29/scott-dawson/scott-dawson-alabama-governor-kay-ivey-lgbtq/
Scott Wagner,"May 21, 2018","Gov. Wolf is trying to implement ""a severance tax that would be financed by Pennsylvania’s working class""",mostly-false,Fundraising email,Taxes; Pennsylvania,Colin  Deppen,"May 25, 2018",https://www.politifact.com/factchecks/2018/may/25/scott-wagner/pennsylvanians-would-only-pay-fraction-gov-tom-wol/
Edward Cox,"May 1, 2018","Marc Molinaro ""has cut taxes, his budget now is lower than it was six years ago"" in Dutchess County",half-true,interview on The Capital Pressroom,Corrections and Updates; County Budget; County Government; State Budget; Taxes; New York,Dan Clark,"May 24, 2018",https://www.politifact.com/factchecks/2018/may/24/edward-cox/race-governor-molinaros-record-taxes-and-spending/
Bernie Sanders,"April 30, 2018","""You know what Amazon paid in federal income taxes last year? Zero.""",true,tweet,National; Taxes,Manuela Tobias,"May 3, 2018",https://www.politifact.com/factchecks/2018/may/03/bernie-sanders/amazon-paid-0-federal-income-taxes-2017/
Paul Ryan,"April 17, 2018","Says that on the tax reform law, Democratic leaders ""are promising to take it all away.""",half-true,news conference,Congress; Negative Campaigning; Taxes; Wisconsin,Tom Kertscher,"May 2, 2018",https://www.politifact.com/factchecks/2018/may/02/paul-ryan/paul-ryan-says-democratic-leaders-are-threatening-/
Sue Bell Cobb,"April 24, 2018","""Alabama is operating government on the lowest amount of tax revenue of any state in the nation.""",mostly-true,Democratic debate for governor,National; State Budget; Taxes,Manuela Tobias,"May 1, 2018",https://www.politifact.com/factchecks/2018/may/01/sue-bell-cobb/alabama-lowest-state-local-tax-revenue-capita/
Todd Rokita,"April 23, 2018","""I am the only one onstage who has never voted to raise your taxes. These two, each, a billion dollars worth of votes to raise your taxes.""",half-true,debate,National; Candidate Biography; Taxes,Manuela Tobias,"April 30, 2018",https://www.politifact.com/factchecks/2018/apr/30/todd-rokita/did-luke-messer-and-mike-braun-raise-taxes-indiana/
Ro Khanna,"April 19, 2018","""Most of our taxes are spent on the so-called ‘War on Terror.’""",false,Facebook post,National; Corrections and Updates; Federal Budget; Military; Terrorism; Taxes,Louis Jacobson,"April 24, 2018",https://www.politifact.com/factchecks/2018/apr/24/ro-khanna/are-most-our-taxes-spent-war-terror-no/
Dean Heller,"April 17, 2018","Says Jacky Rosen promised ""to repeal middle-class tax cut.""",mostly-false,campaign ad press release,National; Taxes,Jon Greenberg,"April 24, 2018",https://www.politifact.com/factchecks/2018/apr/24/dean-heller/middle-class-tax-cuts-weapon-nevada-senate-race/
Charles Schumer,"April 16, 2018","In the wake of the Republican-backed tax bill, ""more than 100,000 American workers have already been laid off in 2018.""",mostly-false,news release from Senate Democrats,National; Economy; Jobs; Taxes,Louis Jacobson,"April 18, 2018",https://www.politifact.com/factchecks/2018/apr/18/charles-schumer/senate-democrats-flub-statistic-layoffs-2018/
Scott Walker,"April 4, 2018","""Our bold reforms have Wisconsin’s unemployment rate down to an all-time LOW of 2.9 percent, and the number of people working at an all-time HIGH!""",half-true,tweet,Economy; Jobs; Government Regulation; Taxes; Wisconsin,Tom Kertscher,"April 18, 2018",https://www.politifact.com/factchecks/2018/apr/18/scott-walker/record-low-unemployment-and-record-high-number-peo/
Marc Molinaro,"April 2, 2018","New York has ""among the highest tax burdens of any state in the nation""",true,conversation with reporters,Taxes; New York,Dan Clark,"April 12, 2018",https://www.politifact.com/factchecks/2018/apr/12/marcus-molinaro/do-ny-residents-have-among-highest-tax-burdens-mol/
Anonymous Caller,"April 10, 2018","Says that unless the recipient called back about ""your tax filings,"" you ""will be taken into custody by the local cops as there are more serious allegations pressed on your name.""",pants-fire,anonymous phone message,Crime; Taxes; Texas,W. Gardner Selby,"April 11, 2018",https://www.politifact.com/factchecks/2018/apr/11/anonymous-caller/anonymous-caller-warns-police-arrest-taxes-call-ba/
Bloggers,"April 5, 2018","""Nancy Pelosi vows Democrats will raise taxes if they take back the House.""",half-true,posts on the Internet,Taxes; PunditFact,Louis Jacobson,"April 9, 2018",https://www.politifact.com/factchecks/2018/apr/09/blog-posting/did-nancy-pelosi-vow-raise-taxes-if-democrats-take/
Brian Kolb,"March 31, 2018","This year’s state budget ""continues to direct millions in taxpayer dollars in advertising to the failing Start-Up NY program""",false,statement on the state budget,Corrections and Updates; Economy; Jobs; State Budget; Taxes; New York,Dan Clark,"April 9, 2018",https://www.politifact.com/factchecks/2018/apr/09/brian-kolb/did-year-state-budget-start-up-ny/
Donald Trump,"April 5, 2018","""This will be the last time — April — that you’re going to (fill out) that old-fashioned, big, lots of pages, complicated tax form. Because next April you’re going to, in many cases, (file) one page, one card. It’s going to be very, very different. Very, very different.""",mostly-false,event,National; Taxes,Louis Jacobson,"April 9, 2018",https://www.politifact.com/factchecks/2018/apr/09/donald-trump/can-taxpayers-expect-card-sized-tax-forms-file-nex/
Cynthia Nixon,"March 20, 2018","""Since taking office, Andrew Cuomo has given massive tax breaks to corporations and the super rich.""",mostly-false,her announcement to run for governor,Wealth; Taxes; New York,Dan Clark,"March 23, 2018",https://www.politifact.com/factchecks/2018/mar/23/cynthia-nixon/cynthia-nixon-claims-cuomo-has-helped-corporations/
Mike Collier,"March 18, 2018","""The state is set to recapture an additional $500 million in Robin Hood payments from taxpayers and not one penny of it will go to public education in Texas.""",false,tweet,Education; State Budget; Taxes; Texas,W. Gardner Selby,"March 23, 2018",https://www.politifact.com/factchecks/2018/mar/23/mike-collier/mike-collier-says-pending-robin-hood-funds-wont-fu/
Chris Collins,"February 27, 2018","""Because of #TaxReform, 4 million American workers have received raises and bonuses, and 90% of Americans are seeing bigger paychecks this month.""",mostly-true,tweet,Taxes; New York,Dan Clark,"March 9, 2018",https://www.politifact.com/factchecks/2018/mar/09/chris-collins/are-americans-already-benefiting-new-tax-law/
Good Jobs First,"March 6, 2018","Oklahoma teachers ""are the poorest paid teachers in the US, in a state that gives nearly $500 million in tax handouts to energy companies.""",mostly-true,tweet,National; Corrections and Updates; Education; Jobs; Taxes,Jon Greenberg,"March 7, 2018",https://www.politifact.com/factchecks/2018/mar/07/good-jobs-first/are-oklahoma-teachers-lowest-paid-nearly/
Joel Giambra,"February 10, 2018","""I'm the only candidate on this stage who has actually cut taxes.""",false,Republican debate for governor,Taxes; New York,Dan Clark,"February 28, 2018",https://www.politifact.com/factchecks/2018/feb/28/joel-giambra/giambra-only-gop-candidate-ny-governor-whos-cut-ta/
Bruce Rauner,"February 15, 2018","Says he has a plan for ""$1 billion in tax relief for Illinois.""",mostly-false,campaign ad,Taxes; Illinois,Brett Chase,"February 16, 2018",https://www.politifact.com/factchecks/2018/feb/16/bruce-rauner/does-gov-rauner-truly-have-1-billion-tax-relief-pl/
Phil Ting,"January 21, 2018","""Trump’s tax reform plan was nothing more than a middle-class tax increase.""",false,newspaper article,Congress; Taxes; California,Chris Nichols,"February 5, 2018",https://www.politifact.com/factchecks/2018/feb/05/phil-ting/false-claim-gop-tax-plan-nothing-more-middle-class/
Robert Mujica,"January 18, 2018","""70 percent of the income tax that the state collects happens to come from Westchester, Nassau, Suffolk and New York City""",true,radio interview,Economy; Taxes; New York,Dan Clark,"February 1, 2018",https://www.politifact.com/factchecks/2018/feb/01/robert-mujica/do-downstate-ny-residents-contribute-more-income-t/
Donald Trump,"January 30, 2018","""Apple has just announced it plans to invest a total of $350 billion in America, and hire another 20,000 workers.""",half-true,2018 State of the Union address,National; Economy; Jobs; Taxes,Jon Greenberg,"January 31, 2018",https://www.politifact.com/factchecks/2018/jan/31/donald-trump/donald-trump-inflates-apple-investment/
Donald Trump,"January 30, 2018","""Since we passed tax cuts, over 3 million workers have gotten tax cut bonuses — many of them thousands and thousands of dollars.""",mostly-true,State of the Union speech,National; Workers; Taxes,Amy Sherman,"January 31, 2018",https://www.politifact.com/factchecks/2018/jan/31/donald-trump/trump-says-tax-bill-led-bonuses-three-million-work/
Donald Trump,"January 30, 2018","""We enacted the biggest tax cuts and reforms in American history.""",false,his State of the Union address,National; Taxes,Louis Jacobson,"January 31, 2018",https://www.politifact.com/factchecks/2018/jan/31/donald-trump/donald-trump-wrong-again-recent-tax-bill-biggest-e/
Richard Cordray,"December 14, 2017","On taxes, ""if you go back and look 50 years ago, individuals paid about 7 percent of the total and corporations paid 5 percent. Fast forward 50 years: individuals still 7 percent, corporations (are) down to 2 percent.""",mostly-true,speech,Ohio; Wealth; Taxes,Amy Sherman,"January 30, 2018",https://www.politifact.com/factchecks/2018/jan/30/richard-cordray/richard-cordray-mostly-point-comparing-taxes-paid-/
Donald Trump,"January 16, 2018","""Chrysler is leaving Mexico and moving back to Michigan.""",half-true,speech at a women's event,National; Jobs; Trade; Taxes,Jon Greenberg,"January 18, 2018",https://www.politifact.com/factchecks/2018/jan/18/donald-trump/trump-said-chrysler-leaving-mexico-it-isnt/
Democratic National Committee,"January 16, 2018","The Republicans and President Donald Trump ""passed a tax bill that gave 80 percent of its benefits to the top 1 percent.""",half-true,Medium post,National; Taxes,Louis Jacobson,"January 16, 2018",https://www.politifact.com/factchecks/2018/jan/16/democratic-national-committee/dnc-offers-one-sided-view-who-gets-tax-bills-benef/
Kayleigh McEnany,"December 27, 2017","""Come February (2018), Americans will see their paychecks grow at the tune of saving $1,000 or more a year.""",half-true,interview,Income; Workers; Taxes; Wisconsin,Tom Kertscher,"January 10, 2018",https://www.politifact.com/factchecks/2018/jan/10/kayleigh-mcenany/does-newly-signed-republican-tax-reform-law-mean-1/
Ted Cruz,"December 19, 2017","""Every taxpayer, their taxes are going down, except rich people in Manhattan and San Francisco. Some of them, their taxes may go up.""",half-true,Senate floor debate of federal tax legislation,States; Taxes; Texas,W. Gardner Selby,"January 5, 2018",https://www.politifact.com/factchecks/2018/jan/05/ted-cruz/ted-cruz-everyone-tax-cuts-but-manhattan-francisco/
Bluedot Daily,"December 26, 2017","""Trump: police officers and firefighters make too much money…hits them with tax penalty.""",false,headline,Fake news; Taxes; PunditFact,Amy Sherman,"January 5, 2018",https://www.politifact.com/factchecks/2018/jan/05/bluedot-daily/headline-misleads-about-president-trump-and-tax-de/
Donald Trump,"January 2, 2018","The new tax law is ""kicking the American economy into high gear with $5.5 trillion in tax cuts.""",mostly-false,email from the White House,National; Taxes,Louis Jacobson,"January 3, 2018",https://www.politifact.com/factchecks/2018/jan/03/donald-trump/white-house-misleading-citing-only-cuts-not-hikes-/
Jenna Fischer,"December 23, 2017","After enactment of the Republican tax bill, ""school teachers can no longer deduct the cost of their classroom supplies on their taxes.""",false,tweet,Education; Taxes; PunditFact,Louis Jacobson,"December 27, 2017",https://www.politifact.com/factchecks/2017/dec/27/jenna-fischer/jenna-fischer-office-tweets-outdated-info-teacher-/
Jason Smith,"November 13, 2017","""Check out the record of #jobs created by #TaxCuts 7.8 million new jobs after Bush’s 2003 tax cuts 12 million new jobs after Kennedy's 1964 tax cuts 14.8 MILLION new jobs after Ronald Reagan’s tax cuts in 1981.""",mostly-false,tweet,Economy; Jobs; Taxes; Missouri,Emma Diltz,"December 24, 2017",https://www.politifact.com/factchecks/2017/dec/24/jason-smith/no-solid-evidence-tax-cuts-created-jobs/
Kirsten Gillibrand,"December 15, 2017","""The truth is this tax [plan] raises middle-class taxes.""",half-true,Buffalo,Taxes; New York,Dan Clark,"December 22, 2017",https://www.politifact.com/factchecks/2017/dec/22/kirsten-gillibrand/will-republican-tax-law-raise-middle-class-taxes/
Ivanka Trump,"December 21, 2017","In April, ""the vast majority will be (filling out their taxes) on a single postcard.""",false,"interview on ""Fox & Friends""",National; Taxes,Louis Jacobson,"December 21, 2017",https://www.politifact.com/factchecks/2017/dec/21/ivanka-trump/ivanka-trump-wrong-april-vast-majority-will-be-fil/
Claudia Tenney,"December 3, 2017","On the Republican tax plan: ""Unfortunately, the wealthy are, again, not going to do well in this bill""",mostly-false,local news interview,Taxes; New York,Dan Clark,"December 21, 2017",https://www.politifact.com/factchecks/2017/dec/21/claudia-tenney/wealthy-would-do-well-under-tax-plan-contrary-tenn/
Paul Ryan,"December 13, 2017","The 1986 tax reform approved under Ronald Reagan ""was polling at about 18 percent right before they passed it.""",half-true,interview,History; Polls and Public Opinion; Taxes; Wisconsin,Tom Kertscher,"December 18, 2017",https://www.politifact.com/factchecks/2017/dec/18/paul-ryan/paul-ryan-claims-1986-tax-reform-current-one-had-l/
Gwen Moore,"November 29, 2017","The House tax plan ""would provide permanent tax cuts for individuals who are multi-millionaires and billionaires,"" but ""all middle-class families will eventually face a tax increase, since tax relief for them expires.""",half-true,House floor speech,Families; Income; Taxes; Wisconsin,Tom Kertscher,"December 15, 2017",https://www.politifact.com/factchecks/2017/dec/15/gwen-moore/house-tax-plan-permanent-tax-cuts-rich-eventually-/
Travis Allen,"June 15, 2017","""This new gas tax does not increase (road) capacity anywhere in the state. It will build no new lanes of freeways. If Californians didn’t like their traffic before, they’re going to like it even less when they’re stuck in the exact same traffic and paying more for their gas.""",mostly-false,Repeal the Gas Tax campaign article,Gas Prices; State Budget; The 2018 California Governor's Race; Transportation; Taxes; California,Chris Nichols,"December 15, 2017",https://www.politifact.com/factchecks/2017/dec/15/travis-allen/travis-allen-claims-californias-gas-tax-increase-w/
Carlos Curbelo,"December 10, 2017","The House tax bill has ""a lot more permanent relief for middle-income and even lower-income families"" than the Senate bill does.",mostly-true,television interview,Taxes; Florida,Louis Jacobson,"December 14, 2017",https://www.politifact.com/factchecks/2017/dec/14/carlos-curbelo/does-house-tax-bill-make-more-changes-permanent-se/
Bruce Rauner,"December 4, 2017","""The candidates controlled by Madigan, all of them have said, ‘The answer to our problems is a massive income tax hike.’ """,mostly-false,press conference,Elections; State Budget; Taxes; Illinois,Matt Dietrich,"December 14, 2017",https://www.politifact.com/factchecks/2017/dec/14/bruce-rauner/rauner-distorts-dems-message-illinois-income-tax/
Kelda Helen Roys,"December 1, 2017","""Under Trump’s new tax plan … 99.8% of Americans"" get ""not one nickel"" in tax cuts.",pants-fire,tweet,Wealth; Taxes; Wisconsin,Tom Kertscher,"December 13, 2017",https://www.politifact.com/factchecks/2017/dec/13/kelda-helen-roys/claim-998-americans-wouldnt-get-tax-cut-under-gop-/
JB Pritzker,"December 6, 2017","""I released way more (tax) information than Bruce Rauner has.""",false,candidate forum,Campaign Finance; Elections; Negative Campaigning; Transparency; Taxes; Illinois,Matt Dietrich,"December 11, 2017",https://www.politifact.com/factchecks/2017/dec/11/jb-pritzker/no-jb-pritzker-did-not-release-more-tax-informatio/
Paul Ryan,"December 1, 2017","Under the House Republican tax plan, in Wisconsin, ""the median household of four gets about a $2,000 tax cut, on average.""",half-true,interview,Children; Families; Income; Taxes; Wisconsin,Tom Kertscher,"December 8, 2017",https://www.politifact.com/factchecks/2017/dec/08/paul-ryan/paul-ryans-partially-accurate-claim-house-tax-bill/
Lou Barletta,"November 29, 2017","""GDP is booming. Let’s spread the prosperity to the middle class with big #TaxCuts. Our #TaxReform package doubles standard deduction, brings $$$ back home, and reduces rates for ALL taxpayers. We will #MAGA.""",mostly-false,tweet,Taxes; Pennsylvania,Zari Tarazona,"December 6, 2017",https://www.politifact.com/factchecks/2017/dec/06/lou-barletta/pa-rep-lou-barletta-overstates-benefits-house-tax-/
Roy Cooper,"November 30, 2017","Half of the proposed federal tax breaks ​""would go to the wealthiest 1 percent.""",half-true,blog,North Carolina; Taxes,Paul Specht,"December 5, 2017",https://www.politifact.com/factchecks/2017/dec/05/roy-cooper/nc-governor-cherry-picks-stats-showing-tax-breaks-/
Chris Ruddy,"December 3, 2017","Says ""$3 trillion in offshore money... is coming back into the economy"" because of the GOP tax bills.",half-true,"interview on ABC's ""This Week with George Stephanopoulos""",Economy; Taxes; PunditFact,Jon Greenberg,"December 5, 2017",https://www.politifact.com/factchecks/2017/dec/05/chris-ruddy/gop-tax-bill-overseas-profits-beware-hype/
Daniel Biss,"November 27, 2017",These guys are now pretty much living up to the @BruceRauner standard. And falling dismally short of the @MittRomney standard. Even Romney released his full tax returns.,true,tweet,Campaign Finance; Elections; Ethics; Transparency; Taxes; Illinois,Matt Dietrich,"December 4, 2017",https://www.politifact.com/factchecks/2017/dec/04/daniel-biss/biss-accurate-sarcastic-tax-hit-opponents-pritzker/
Thom Tillis,"November 29, 2017","The Senate GOP plan does not raise taxes for Americans earning less than $70,000.",half-true,press conference,North Carolina; Taxes,Paul Specht,"November 30, 2017",https://www.politifact.com/factchecks/2017/nov/30/thom-tillis/nc-sen-tillis-says-plan-wont-raise-taxes-americans/
Donald Trump,"November 29, 2017","Says the tax bill ""is going to cost me a fortune, this thing -- believe me. Believe me, this is not good for me.""",false,speech,National; Taxes,Louis Jacobson,"November 30, 2017",https://www.politifact.com/factchecks/2017/nov/30/donald-trump/will-gop-tax-bill-cost-donald-trump-fortune-no/
Donald Trump,"November 29, 2017","""For years, they have not been able to get tax cuts -- many, many years, since Reagan.""",pants-fire,speech,National; History; Taxes,Louis Jacobson,"November 30, 2017",https://www.politifact.com/factchecks/2017/nov/30/donald-trump/donald-trump-wrong-no-tax-cuts-passed-reagan/
Kevin Brady,"November 26, 2017","In the House Republican bill, ""70 percent of the tax relief goes to those families making less than 200,000.""",half-true,interview with Fox News' Maria Bartiromo,National; Taxes,Louis Jacobson,"November 30, 2017",https://www.politifact.com/factchecks/2017/nov/30/kevin-brady/does-70-percent-tax-bills-relief-go-those-making-u/
Nancy Pelosi,"November 27, 2017","The GOP tax plan ""Sabotages the health care of 13 MILLION Americans.""",half-true,tweet from her team's political account,Health Care; Taxes; California,Chris Nichols,"November 29, 2017",https://www.politifact.com/factchecks/2017/nov/29/nancy-pelosi/pelosis-problematic-claim-gop-tax-plan-sabotages-h/
Tim Scott,"November 26, 2017","""If you don't pay income taxes ... you'll have more money"" under the Republican tax plan.",false,"interview on ABC's ""This Week""",National; Health Care; Taxes,Louis Jacobson,"November 29, 2017",https://www.politifact.com/factchecks/2017/nov/29/tim-scott/if-you-pay-no-taxes-will-you-end-more-money-under-/
Marco Rubio,"November 26, 2017","""Close to half of the voters in America, the only tax they pay is the payroll tax.""",half-true,interview,Taxes; Florida,Allison Graves,"November 28, 2017",https://www.politifact.com/factchecks/2017/nov/28/marco-rubio/marco-rubio-wrongly-says-close-half-voters-america/
Donald Trump,"November 26, 2017","Says Alabama Senate candidate Doug Jones ""wants to raise taxes.""",mostly-false,tweet,National; Taxes,John Kruzel,"November 28, 2017",https://www.politifact.com/factchecks/2017/nov/28/donald-trump/donald-trump-falsely-claims-doug-jones-wants-raise/
Lloyd  Doggett,"November 20, 2017","Under the Republican tax bill, President Donald Trump ""and his family would walk off with more than a billion dollars personally.""",half-true,interview with Sinclair Broadcast Group,National; Taxes,Louis Jacobson,"November 27, 2017",https://www.politifact.com/factchecks/2017/nov/27/lloyd-doggett/how-much-does-trump-family-have-gain-gop-tax-bills/
John Larson,"November 10, 2017","Democrats on the House Ways and Means Committee weren’t ""even entitled to bring an expert witness on any aspect of the tax code that affects 100 percent of our economy.""",half-true,House Ways and Means Committee markup,National; Taxes,Louis Jacobson,"November 22, 2017",https://www.politifact.com/factchecks/2017/nov/22/john-larson/did-house-committee-bar-democratic-witnesses-gop-t/
NARAL Pro-Choice America,"November 15, 2017","Says Paul Ryan is leading the effort to ""pass a tax bill with divisive conception language by disguising it as a college savings plan"" in ""another attempt to ban abortion and rob women of their reproductive rights.""",half-true,online popup ad,Abortion; Education; Legal Issues; Women; Taxes; Wisconsin,Tom Kertscher,"November 22, 2017",https://www.politifact.com/factchecks/2017/nov/22/naral-pro-choice/house-tax-bill-contains-language-about-unborn-chil/
Rick Scott,"November 9, 2017","""We’ve cut taxes 75 times, cut $7.5 billion worth in taxes, and as a result we’ve added over 1.3 million jobs.""",half-true,Tampa news conference,State Budget; Taxes; Florida,Allison Graves,"November 21, 2017",https://www.politifact.com/factchecks/2017/nov/21/rick-scott/rick-scott-says-he-cut-taxes-75-times-created-13-m/
Steve Mnuchin,"November 19, 2017","""On the personal tax side, middle-income people are getting cuts and rich people are getting very little cuts or, in certain cases, increases"" under the Republican tax bills.",half-true,"interview on ""Fox News Sunday""",National; Taxes,Louis Jacobson,"November 20, 2017",https://www.politifact.com/factchecks/2017/nov/20/steve-mnuchin/steve-mnuchin-uses-partial-data-say-gop-tax-bill-t/
Brian Higgins,"November 3, 2017","""The elimination of income and sales taxes in New York is equal to 9 percent of taxable income, meaning that if you make $100,000 a year you lose $9,000""",false,remarks at a House hearing,Taxes; New York,Dan Clark,"November 20, 2017",https://www.politifact.com/factchecks/2017/nov/20/brian-higgins/not-all-state-and-local-tax-deductions-eliminated-/
Roger Falk,"November 3, 2017","Says the Austin school district ""enjoys the highest per-student funding of all large Texas districts"" even after forwarding tax revenue to the state.",false,oped commentary,Education; Taxes; Texas,W. Gardner Selby,"November 17, 2017",https://www.politifact.com/factchecks/2017/nov/17/roger-falk/taxpayer-incorrectly-says-austin-school-district-t/
John Thune,"November 15, 2017","""80 percent of the (individual mandate) tax falls on those who make $50,000 a year or less.""",mostly-true,interview on Fox News,National; Health Care; Taxes,Jon Greenberg,"November 17, 2017",https://www.politifact.com/factchecks/2017/nov/17/john-thune/sen-thune-individual-mandate-fine-falls-mainly-peo/
Andrew Cuomo,"November 14, 2017","Congressional Republicans ""want to take health care from millions of Americans in order to pay for"" a tax bill.",half-true,tweet,Health Care; Taxes; New York,Dan Clark,"November 16, 2017",https://www.politifact.com/factchecks/2017/nov/16/andrew-cuomo/what-impact-will-eliminating-individual-mandate-ha/
John Cox,"October 21, 2017","Californians pay ""the highest electricity bills"" in the nation.",false,Capital Public Radio interview,Energy; Gas Prices; State Budget; States; The 2018 California Governor's Race; Taxes; California,Chris Nichols,"November 16, 2017",https://www.politifact.com/factchecks/2017/nov/16/john-cox/does-california-have-highest-electricity-bills-nat/
Donald Trump,"November 13, 2017","Says the individual mandate is ""highly unpopular.""",half-true,tweet,National; Health Care; Taxes,Jon Greenberg,"November 14, 2017",https://www.politifact.com/factchecks/2017/nov/14/donald-trump/how-unpopular-obamacare-individual-mandate/
Richard Durbin,"November 12, 2017","The Republican tax bill is ""not being scored by the Congressional Budget Office, as it is traditionally.""",false,"interview on CNN's ""State of the Union""",National; Corrections and Updates; Taxes,Louis Jacobson,"November 13, 2017",https://www.politifact.com/factchecks/2017/nov/13/richard-durbin/dick-durbin-wrong-gop-tax-bill-hasnt-had-independe/
American Action Network,"November 7, 2017","Says the Republican tax plan ""helps families"" like one in which a woman lost her job and then lost her life savings fighting her husband’s cancer.",half-true,ad,National; Taxes,Louis Jacobson,"November 13, 2017",https://www.politifact.com/factchecks/2017/nov/13/american-action-network/how-would-gop-tax-bills-affect-families-strapped-b/
Kevin McCarthy,"November 5, 2017","The Republican tax bill ""lets every American keep more of what they earned.""",false,"interview on CBS' ""Face the Nation""",National; Taxes,Louis Jacobson,"November 9, 2017",https://www.politifact.com/factchecks/2017/nov/09/kevin-mccarthy/will-every-american-get-tax-cut-house-gop-bill/
Dianne Feinstein,"November 6, 2017","""Teachers spend $1.6 BILLION per year on school supplies. The Republican tax bill ELIMINATES their ability to deduct those expenses.""",half-true,tweet,National; Corrections and Updates; Education; Taxes,Louis Jacobson,"November 7, 2017",https://www.politifact.com/factchecks/2017/nov/07/dianne-feinstein/closer-look-classroom-expenses-deduction-teachers-/
Markwayne Mullin,"November 3, 2017","""Under the Tax Cuts and Jobs Act, the average American family of four will receive a $1,182 tax cut.""",mostly-true,post on a congressional office website,National; Taxes,Jon Greenberg,"November 7, 2017",https://www.politifact.com/factchecks/2017/nov/07/markwayne-mullin/oklahoma-rep-mullin-says-average-family-would-save/
Drew Ferguson,"November 5, 2017","Under the House Republican tax proposal, ""the average family of four earning median income ($59,000/year) will receive an additional $1,182 in their pocket every year.""",half-true,email to a constituent,Georgia; Taxes,Louis Jacobson,"November 6, 2017",https://www.politifact.com/factchecks/2017/nov/06/drew-ferguson/georgia-congressman-says-gop-tax-bill-will-save-ty/
Patrick Morrisey,"October 12, 2017","Says Evan ""Jenkins has the same positions on the issues as Joe Manchin: supporting Hillary (Clinton), supporting cap-and-trade, supporting Planned Parenthood, many tax increases.""",mostly-false,radio interview,Abortion; Environment; National; Candidate Biography; Corrections and Updates; Taxes,Manuela Tobias,"November 6, 2017",https://www.politifact.com/factchecks/2017/nov/06/patrick-morrisey/do-joe-manchin-and-evan-jenkins-support-clinton-ca/
Paul Ryan,"November 3, 2017","""With this plan, the typical family of four will save $1,182 a year on their taxes.""",half-true,speech,National; Corrections and Updates; Families; Taxes,Louis Jacobson,"November 3, 2017",https://www.politifact.com/factchecks/2017/nov/03/paul-ryan/would-house-gop-tax-plan-save-typical-family-1182/
Freedom Partners,"October 26, 2017","""Tammy Baldwin voted for $5 trillion in higher taxes.""",half-true,TV ads,Federal Budget; Taxes; Wisconsin,Tom Kertscher,"November 1, 2017",https://www.politifact.com/factchecks/2017/nov/01/freedom-partners/koch-backed-group-half-true-claiming-tammy-baldwin/
James Lankford,"October 22, 2017","""For the last 10 years, our economy has grown at less than 2 percent on average every single year for 10 years. We have not had a decade like that in a century in America.""",half-true,"interview on ""Face the Nation""",National; Economy; Taxes,Jon Greenberg,"October 31, 2017",https://www.politifact.com/factchecks/2017/oct/31/james-lankford/lankford-overstates-slow-growth-past-100-years/
Mark Pocan,"October 18, 2017","What Republicans call the ""death tax"" is the estate tax ""on the ultra wealthy"" which, in 2016, was paid by only ""two out of every 1,000 people.""",true,interview,Income; Wealth; Taxes; Wisconsin,Tom Kertscher,"October 27, 2017",https://www.politifact.com/factchecks/2017/oct/27/mark-pocan/death-tax-republicans-want-repeal-paid-only-2-1000/
Donald Trump,"October 25, 2017","Says the GOP plan he supports is ""the biggest tax cut in U.S. history.""",false,tweet,National; Taxes,Louis Jacobson,"October 26, 2017",https://www.politifact.com/factchecks/2017/oct/26/donald-trump/donald-trump-wrong-his-tax-plan-biggest-cut-ever/
Travis Forward,"October 23, 2017","""The Travis County propositions will not raise your taxes! If you are 65 or older, your property taxes are frozen.""",false,mailer advocating voter approval of Travis County bond propositions,County Budget; County Government; Taxes; Texas,W. Gardner Selby,"October 25, 2017",https://www.politifact.com/factchecks/2017/oct/25/travis-forward/travis-forward-pac-inaccurately-says-proposed-coun/
Nancy Pelosi,"October 12, 2017","The state and local tax deduction is a major benefit for moderate-income households because ""50% of households that claim State & Local Tax deduction make under $100K.""",mostly-true,tweet,National; Taxes,Louis Jacobson,"October 20, 2017",https://www.politifact.com/factchecks/2017/oct/20/nancy-pelosi/do-moderate-income-families-benefit-more-state-and/
Lloyd  Doggett,"September 30, 2017","Says ""80 percent of the tax breaks in"" President Donald Trump’s tax-cut ""proposal go to the top 1 percent, that is, people making more than $730,000 a year.""",half-true,House floor remarks,Taxes; Texas,W. Gardner Selby,"October 20, 2017",https://www.politifact.com/factchecks/2017/oct/20/lloyd-doggett/lloyd-doggett-says-80-percent-republican-sought-ta/
Marco Rubio,"October 15, 2017","""The child tax credit, if we don't do it, there will be no tax relief for working families. How much tax relief working families get under tax reform is entirely dependent on whether or not we put in place an increase to the child tax credit.""",mostly-true,interview with Channel 8,Taxes; Florida,Allison Graves,"October 19, 2017",https://www.politifact.com/factchecks/2017/oct/19/marco-rubio/rubio-says-child-tax-credit-key-amount-tax-relief-/
Donald Trump,"October 17, 2017","""We're the highest developed nation taxed in the world.""",false,interview with E.W. Scripps television,National; Taxes,Jon Greenberg,"October 18, 2017",https://www.politifact.com/factchecks/2017/oct/18/donald-trump/once-again-trump-overstates-us-tax-ranking/
Roy Blunt,"September 8, 2017","""Our tax code has nearly doubled since 1985.""",true,tweet,Taxes; Missouri,Katelyn  Brown,"October 17, 2017",https://www.politifact.com/factchecks/2017/oct/17/roy-blunt/tax-code-so-long-nobodys-really-sure-its-length/
Paul Ryan,"September 27, 2017","The Republican tax reform proposal is focused on tax breaks for the middle class ""and not about people who are really high-income earners getting a tax break.""",mostly-false,interview,Income; Wealth; Taxes; Wisconsin,Tom Kertscher,"October 13, 2017",https://www.politifact.com/factchecks/2017/oct/13/paul-ryan/gop-tax-reform-framework-aimed-giving-break-middle/
Donald Trump,"October 10, 2017","The NFL is ""getting massive tax breaks.""",mostly-true,tweet,National; Baseball; Federal Budget; Sports; Taxes,Manuela Tobias,"October 12, 2017",https://www.politifact.com/factchecks/2017/oct/12/donald-trump/nfl-getting-massive-tax-breaks-donald-trump-said/
Charles Schumer,"October 1, 2017","Trump’s tax plan is ""completely focused on the wealthy and the powerful - not the middle class.""",false,interview on CBS' Face the Nation,Economy; Taxes; New York,Dan Clark,"October 9, 2017",https://www.politifact.com/factchecks/2017/oct/09/charles-schumer/does-trumps-tax-plan-do-nothing-low-income-earners/
Charles Schumer,"October 4, 2017","""The Republicans are proposing to pay for their giant tax cut to the rich by gutting Medicare and Medicaid.""",half-true,Senate floor speech,National; Health Care; Medicaid; Medicare; Taxes,Louis Jacobson,"October 6, 2017",https://www.politifact.com/factchecks/2017/oct/06/charles-schumer/are-republicans-paying-tax-cuts-reductions-medicar/
Michael Bloomberg,"September 18, 2017","""The soda tax can make a difference by reducing consumption of unhealthy soda pop and sugary beverages.""",mostly-true,website,Health Care; Medicaid; Public Health; Taxes; Illinois,Matt Dietrich,"October 2, 2017",https://www.politifact.com/factchecks/2017/oct/02/michael-bloomberg/cook-county-soda-tax-should-make-dent-consumption/
Lamar Smith,"September 18, 2017","""The average tax bill for Americans in 2016 was a 41 percent increase from 2013.""",half-true,letter to a constituent,National; Taxes,Louis Jacobson,"September 29, 2017",https://www.politifact.com/factchecks/2017/sep/29/lamar-smith/did-taxes-go-41-percent-between-2013-and-2016/
Donald Trump,"September 27, 2017","Says ""No, I don't benefit, I don't benefit"" from his tax proposal.",false,interview with reporters,National; Taxes,Louis Jacobson,"September 28, 2017",https://www.politifact.com/factchecks/2017/sep/28/donald-trump/donald-trumps-dubious-claim-his-tax-plan-wont-bene/
Donald Trump,"September 27, 2017","Ending the estate tax would ""protect millions of small businesses and the American farmer.""",pants-fire,speech,Agriculture; National; Small Business; Taxes,Louis Jacobson,"September 28, 2017",https://www.politifact.com/factchecks/2017/sep/28/donald-trump/donald-trumps-pants-fire-claim-about-estate-tax-sm/
Andrew Koenig,"August 30, 2017","""The bill that I carried cutting MO’s income tax for 1st time in over 100 years will start its 1st phase in jan 1 2018. #moleg @Eric_Schmitt""",mostly-true,tweet,Taxes; Missouri,Katelyn  Brown,"September 26, 2017",https://www.politifact.com/factchecks/2017/sep/26/andrew-koenig/first-cut-missouri-income-tax-over-100-years/
Bruce Rauner,"September 7, 2017","""Even with a permanent income tax increase... the budget is more than $1 billion out of balance…""",mostly-true,a press release,State Budget; Taxes; Illinois,Matt Dietrich,"September 20, 2017",https://www.politifact.com/factchecks/2017/sep/20/bruce-rauner/rauners-right-illinois-budget-balancing-act-ongoin/
Paul Ryan,"September 1, 2017","""We've got about $3 trillion in trapped cash overseas that basically can't come back in this country because of our tax laws.""",mostly-true,interview,Corporations; Taxes; Wisconsin,Tom Kertscher,"September 15, 2017",https://www.politifact.com/factchecks/2017/sep/15/paul-ryan/paul-ryan-35-corporate-tax-rate-keeps-3-trillion-t/
Andy Gronik,"September 5, 2017","Wisconsin is ""guaranteeing Foxconn almost $3 billion, but Foxconn is not contractually guaranteeing how many full-time employees it will hire, for how long and at what pay.""",half-true,op-ed,Corporations; Economy; Jobs; Taxes; Wisconsin,Tom Kertscher,"September 12, 2017",https://www.politifact.com/factchecks/2017/sep/12/andy-gronik/wisconsin-guaranteeing-nearly-3-billion-foxconn-no/
Karen Handel,"August 30, 2017","""The Affordable Care Act is the single largest tax increase in my lifetime.""",false,telephone town hall,Georgia; Corrections and Updates; Health Care; Taxes,Jon Greenberg,"September 11, 2017",https://www.politifact.com/factchecks/2017/sep/11/karen-handel/handel-wrong-size-obamacare-taxes/
Donald Trump,"September 3, 2017","""In 1986, President Ronald Reagan"" cut the business tax rate to 34 percent and ""it worked -- our economy boomed, the middle class thrived and median family income increased.""",mostly-false,op-ed,Corporations; Economy; Income; Taxes; Wisconsin,Tom Kertscher,"September 6, 2017",https://www.politifact.com/factchecks/2017/sep/06/donald-trump/milwaukee-op-ed-donald-trump-overstates-economic-i/
Paul Ryan,"August 21, 2017","Says Aaron Rodgers ""is not the highest tax rate payer"" in Wisconsin, it's ""the single mom getting 24 grand in benefits with two kids who will lose 80 cents on the dollar if she goes and takes a job.""",mostly-false,town hall,Jobs; Poverty; Welfare; Taxes; Wisconsin,Tom Kertscher,"September 1, 2017",https://www.politifact.com/factchecks/2017/sep/01/paul-ryan/paul-ryan-says-single-mom-who-takes-job-not-packer/
Senate Leadership Fund,"August 22, 2017","Says Kelli Ward hosted a town hall on ""chemtrail conspiracy theories"" and is open to sponsoring chemtrails legislation.",mostly-false,an ad,National; Candidate Biography; Congress; Public Health; Public Safety; Science; Taxes,Manuela Tobias,"August 25, 2017",https://www.politifact.com/factchecks/2017/aug/25/senate-leadership-fund/no-kelli-ward-isnt-chemtrails-conspiracy-theorist/
David Frum,"August 21, 2017","""No president in history has imposed larger personal lifestyle costs on the taxpayer than Donald Trump.""",mostly-false,tweet,Corrections and Updates; Ethics; Families; Federal Budget; Taxes; PunditFact,Manuela Tobias,"August 23, 2017",https://www.politifact.com/factchecks/2017/aug/23/david-frum/are-trumps-travels-imposing-historic-costs-taxpaye/
John Moorlach,"August 4, 2017","""Crime has been getting worse since Jerry Brown was elected governor.""",mostly-false,op-ed,Corrections and Updates; Criminal Justice; Crime; Taxes; California,Chris Nichols,"August 22, 2017",https://www.politifact.com/factchecks/2017/aug/22/john-moorlach/has-crime-been-getting-worse-jerry-brown-was-elect/
Jennifer  Shilling,"August 14, 2017","""Foxconn tax break could exceed $1 million per job.""",half-true,press release,Corporations; Jobs; State Budget; Technology; Taxes; Wisconsin,Tom Kertscher,"August 16, 2017",https://www.politifact.com/factchecks/2017/aug/16/jennifer-shilling/wisconsin-paying-foxconn-1-million-job-possible-if/
One Wisconsin Now,"August 7, 2017","Wisconsin's $3 billion incentive offer to Foxconn is ""the largest gift ever by a state to a foreign company.""",half-true,tweet,Jobs; State Budget; States; Technology; Taxes; Wisconsin,Tom Kertscher,"August 15, 2017",https://www.politifact.com/factchecks/2017/aug/15/one-wisconsin-now/wisconsins-3-billion-offer-foxconn-gift-and-it-lar/
Melissa Sargent,"August 2, 2017","On Foxconn deal, ""3,000 jobs cost #WI taxpayers more than $3 billion in tax giveaways. Break it down: more than $1 million in taxpayer dollars per job.""",false,tweet,Economy; Jobs; Technology; Taxes; Wisconsin,Tom Kertscher,"August 11, 2017",https://www.politifact.com/factchecks/2017/aug/11/melissa-sargent/wisconsin-offering-pay-taiwan-tech-firm-foxconn-1-/
Scott Wagner,"August 2, 2017",Eighty percent of the school tax bills in the state of Pennsylvania went up over last year.,half-true,campaign video.,Education; Taxes; Pennsylvania,Anna Orso,"August 9, 2017",https://www.politifact.com/factchecks/2017/aug/09/scott-wagner/campaign-video-pa-gov-candidate-scott-wagner-takes/
Illinois Policy Institute,"August 3, 2017",The new tax will make soda sold in Chicago among the most expensive in the country.,true,tweet,Taxes; Illinois,Matt Dietrich,"August 7, 2017",https://www.politifact.com/factchecks/2017/aug/07/illinois-policy-institute/chicago-soda-tax-throws-batting-practice-fastball-/
Donald Trump,"July 25, 2017","Untaxed corporate earnings used to be ""$2.5 trillion … I guess it’s $5 trillion now. Whatever it is, it’s a lot more. So we have anywhere from 4 (trillion) to 5 or even more trillions of dollars sitting offshore.""",false,interview,National; Corporations; Taxes,Manuela Tobias,"August 3, 2017",https://www.politifact.com/factchecks/2017/aug/03/donald-trump/are-there-over-4-trillion-untaxed-corporate-earnin/
Paul Mango,"July 24, 2017","""As Governor, Wolf has already proposed more than $8B in tax increases.""",half-true,Facebook post,Taxes; Pennsylvania,Sarah Anne Hughes,"August 2, 2017",https://www.politifact.com/factchecks/2017/aug/02/paul-mango/truth-behind-new-gop-gov-hopefuls-wolf-nickname-th/
One Wisconsin Now,"July 28, 2017","Says Scott Walker ""wants state taxpayers to dole out up to $250 million annually in incentives"" to Foxconn ""to lure a manufacturing plant to Wisconsin that he claims will generate $181 million in tax revenue.""",half-true,blog post,China; Economy; Jobs; Taxes; Wisconsin,Tom Kertscher,"August 2, 2017",https://www.politifact.com/factchecks/2017/aug/02/one-wisconsin-now/wisconsin-offering-pay-more-it-will-collect-taxes-/
Donald Trump,"July 24, 2017","Amazon has a ""no-tax monopoly.""",pants-fire,Twitter,National; Corporations; Taxes,John Kruzel,"July 26, 2017",https://www.politifact.com/factchecks/2017/jul/26/donald-trump/amazon-no-tax-monopoly-donald-trump-said/
Kevin McCarthy,"July 11, 2017","""More people, almost twice as many, pay the penalty or take the waiver than signed up for (Obamacare).""",false,interview with Fox Business,Health Care; Public Health; Taxes; California,Chris Nichols,"July 21, 2017",https://www.politifact.com/factchecks/2017/jul/21/kevin-mccarthy/kevin-mccarthys-false-claim-obamacare-sign-ups/
John Faso,"July 15, 2017","""We now have about one-third of New York’s population on Medicaid.""",true,article,Health Care; Medicaid; Taxes; New York,Dan Clark,"July 21, 2017",https://www.politifact.com/factchecks/2017/jul/21/john-faso/one-three-people-new-york-are-medicaid/
George Will,"July 12, 2017","""America has more people employed as tax preparers (1.2 million) than as police and firefighters.""",false,column,Taxes; PunditFact,Manuela Tobias,"July 18, 2017",https://www.politifact.com/factchecks/2017/jul/18/george-will/do-tax-preparers-outnumber-firefighters-and-police/
Scott Walker,"May 17, 2017","Tax cuts approved and those proposed in his state budget ""will exceed $8 billion by the time the budget is done.""",true,radio interview,Taxes; Wisconsin,Alan Hovorka,"July 12, 2017",https://www.politifact.com/factchecks/2017/jul/12/scott-walker/walker-tax-cuts-will-exceed-8-billion-if-budget-pr/
Travis Allen,"June 22, 2017","California taxes are ""among the highest in the nation.""",mostly-true,campaign video,State Budget; States; The 2018 California Governor's Race; Taxes; California,Chris Nichols,"July 11, 2017",https://www.politifact.com/factchecks/2017/jul/11/travis-allen/mostly-true-californias-taxes-among-highest-nation/
Chris Murphy,"June 26, 2017","Says because of Donald Trump, ""the IRS decided to stop enforcing the individual mandate that was the underpinning of the ACA. That has resulted in insurance companies all across the country jacking their rates up, explicitly because they don't believe that healthy people will buy insurance.""",mostly-false,video,National; Health Care; Taxes,Manuela Tobias,"July 10, 2017",https://www.politifact.com/factchecks/2017/jul/10/chris-murphy/donald-trump-responsible-rising-health-insurance-p/
Raymond Walter,"June 23, 2017","""Western New Yorkers pay some of the highest property taxes in the state.""",half-true,press release,Taxes; New York,Dan Clark,"July 7, 2017",https://www.politifact.com/factchecks/2017/jul/07/raymond-walter/where-are-property-taxes-highest-new-york/
Scott Walker,"June 5, 2017","When he was Milwaukee County executive, ""eight years in a row we pushed through budgets that did not increase the tax levy from the previous year.""",mostly-false,interview,County Budget; County Government; Taxes; Wisconsin,Tom Kertscher,"June 30, 2017",https://www.politifact.com/factchecks/2017/jun/30/scott-walker/milwaukee-county-executive-scott-walker-didnt-hold/
Barack Obama,"June 22, 2017","The Senate bill ""hands enormous tax cuts to the rich and to the drug and insurance industries, paid for by cutting health care for everybody else.""",mostly-true,Facebook post,National; Health Care; Taxes,John Kruzel,"June 26, 2017",https://www.politifact.com/factchecks/2017/jun/26/barack-obama/obama-blasts-gop-senate-bill-tax-cut-rich-health-c/
Scott Walker,"May 18, 2017","""Property taxes are lower right now than they were"" in December 2010 on a median-valued home in Wisconsin.",mostly-true,radio interview,Housing; State Budget; Taxes; Wisconsin,Tom Kertscher,"June 7, 2017",https://www.politifact.com/factchecks/2017/jun/07/scott-walker/property-taxes-lower-typical-wisconsin-home-under-/
Mike  McCabe,"May 21, 2017","""When you look at all the state and local taxes we pay in Wisconsin, the wealthiest 1 percent pay the lowest overall tax rate.""",mostly-true,interview,City Government; County Government; Income; States; Wealth; Taxes; Wisconsin,Tom Kertscher,"June 2, 2017",https://www.politifact.com/factchecks/2017/jun/02/mike-mccabe/richest-1-percent-pay-lowest-rate-state-and-local/
Bernie Sanders,"May 25, 2017","Says President Donald ""Trump’s budget gives a $100 billion tax break to three of the wealthiest families.""",mostly-false,tweet,National; Taxes,Smitha Rajan,"May 31, 2017",https://www.politifact.com/factchecks/2017/may/31/bernie-sanders/bernie-sanders-inflates-trump-tax-plan-benefits-bi/
Mark Pocan,"May 24, 2017","In Wisconsin’s school voucher program, ""two-thirds of the money"" in the ""tax vouchers"" went to people ""making more than $100,000.""",false,hearing,Education; Poverty; State Budget; Urban; Taxes; Wisconsin,Tom Kertscher,"May 31, 2017",https://www.politifact.com/factchecks/2017/may/31/mark-pocan/mark-pocans-errant-claim-about-tax-breaks-wisconsi/
Dan Patrick,"May 17, 2017","Says Texas tax legislation would ""save the average homeowner in Texas $20,000 a year over the next 20 years or so.""",pants-fire,remarks to reporters,Corrections and Updates; Taxes; Texas,W. Gardner Selby,"May 23, 2017",https://www.politifact.com/factchecks/2017/may/23/dan-patrick/dan-patricks-20000-tax-savings-claim-proves-incorr/
Chris Murphy,"May 12, 2017","""Law firm @POTUS used to show he has no ties to Russia was named Russia Law Firm of the Year for their extensive ties to Russia. Unreal.""",mostly-true,Twitter,National; Elections; Taxes,John Kruzel,"May 16, 2017",https://www.politifact.com/factchecks/2017/may/16/chris-murphy/donald-trump-chris-murphy-russian-law-firm-year/
Donald Trump,"May 11, 2017","The federal tax code includes ""deductions for birds flying across America.""",true,interview with 'The Economist',Environment; National; Animals; Taxes,Louis Jacobson,"May 15, 2017",https://www.politifact.com/factchecks/2017/may/15/donald-trump/donald-trump-mentions-tax-deductions-birds-flying-/
Sean Duffy,"May 9, 2017",The Republican replacement for Obamacare does not give massive tax cuts to wealthy Americans.,false,interview,Health Care; Income; Public Health; Wealth; Taxes; Wisconsin,Tom Kertscher,"May 12, 2017",https://www.politifact.com/factchecks/2017/may/12/sean-duffy/republican-replacement-obamacare-does-not-contain-/
Don Huffines,"February 27, 2017","""Sixty-two percent of all (Texas) property taxes are paid by businesses.""",half-true,responding to a question about private school vouchers,Education; Small Business; Taxes; Texas,Forrest Milburn,"May 5, 2017",https://www.politifact.com/factchecks/2017/may/05/don-huffines/don-huffines-overstates-share-texas-property-taxes/
Nancy Pelosi,"April 27, 2017","""The ‘tax plan’ rolled out by @realDonaldTrump would have cut his taxes by $30 million in 2005 (the only year we have returns for).""",mostly-true,tweet,National; Candidate Biography; Taxes,Louis Jacobson,"April 28, 2017",https://www.politifact.com/factchecks/2017/apr/28/nancy-pelosi/nancy-pelosi-target-about-what-donald-trump-might-/
Rana Foroohar,"April 26, 2017","""There's no real evidence in the last 20 years that"" growth from tax cuts has made up lost revenue.",true,CNN interview,Taxes; PunditFact,John Kruzel,"April 28, 2017",https://www.politifact.com/factchecks/2017/apr/28/rana-foroohar/trumps-tax-plan-prompts-question-can-tax-cuts-real/
Steve Mnuchin,"April 27, 2017","Says President Donald Trump ""has given more financial disclosure than anybody else.""",false,April 26 press conference,National; Taxes,Allison Graves,"April 27, 2017",https://www.politifact.com/factchecks/2017/apr/27/steve-mnuchin/no-trump-has-not-given-more-financial-disclosure-a/
Bruce Rauner,"March 15, 2017","""Our families have the highest property taxes in the country. We must change this.""",mostly-true,a tweet,Taxes; Illinois,Anna Bruzgulis,"April 20, 2017",https://www.politifact.com/factchecks/2017/apr/20/bruce-rauner/how-true-gov-rauners-property-tax-claim/
Jay Chaudhuri,"April 5, 2017","Says the T.R.U.M.P. Act, which would force presidential candidates to release their tax returns to run in North Carolina, ""has a lot of support – by a majority of North Carolinians and members of both parties.""",mostly-true,interview explaining his bill,Bipartisanship; Candidate Biography; Elections; States; Transparency; North Carolina; Taxes,Will Doran,"April 19, 2017",https://www.politifact.com/factchecks/2017/apr/19/jay-chaudhuri/even-state-trump-won-nc-lawmaker-says-most-people-/
Center for American Progress Action Fund,"April 16, 2017","""A trip to Mar-a-Lago costs taxpayers approximately $3.6 million, according to a Government Accountability Office report.""",half-true,website IsTrumpAtMarALago.org,National; Ethics; Taxes,Lauren Carroll,"April 18, 2017",https://www.politifact.com/factchecks/2017/apr/18/center-american-progress-action-fund/how-much-do-donald-trumps-trips-mar-lago-cost/
Rick Scott,"April 7, 2017","Says Florida has ""the second-lowest taxes, per capita, state taxes of any state in the country.""",mostly-true,Pensacola jobs roundtable,Taxes; Florida,Allison Graves,"April 13, 2017",https://www.politifact.com/factchecks/2017/apr/13/rick-scott/yes-florida-has-second-lowest-state-taxes-capita-d/
Jim Patterson,"April 10, 2017","California will have the ""highest gas tax in the nation"" once its 12 cent gas tax hike goes into effect.",false,press release,Energy; Gas Prices; States; Taxes; California,Chris Nichols,"April 11, 2017",https://www.politifact.com/factchecks/2017/apr/11/jim-patterson/will-california-soon-have-highest-gas-tax-nation/
Ax The Bev Tax,"March 22, 2017","""We offer a tremendous amount of low calorie, no calorie options, like waters, unsweetened products, low calorie diet items. All of which unfortunately are taxed by this tax.""",pants-fire,a tweet,Food; Taxes; Pennsylvania,Mark Dent,"March 24, 2017",https://www.politifact.com/factchecks/2017/mar/24/ax-bev-tax/pepsi-execs-words-twisted-anti-philly-soda-tax-gro/
David Price,"March 22, 2017","""Under the Republican health care repeal proposal North Carolina faces the 2nd highest premium increase in the nation. North Carolina residents will face an average cost increase of over $7,500.""",half-true,report from his Congressional office,Congress; Health Care; States; North Carolina; Taxes,Will Doran,"March 24, 2017",https://www.politifact.com/factchecks/2017/mar/24/david-price/price-right-north-carolina-would-have-nations-seco/
Ron Johnson,"March 21, 2017","The GOP’s Obamacare replacement would reduce subsidies that help lower-income people buy health insurance, but also ""expand the entitlement"" by giving subsidies to higher-income people ""that Obamacare never helped.""",true,interview,Health Care; Income; Taxes; Wisconsin,Tom Kertscher,"March 23, 2017",https://www.politifact.com/factchecks/2017/mar/23/ron-johnson/gop-obamacare-replacement-cuts-aid-lower-income-pe/
Mark Pocan,"March 20, 2017","Under ""Trumpcare,"" the Republican replacement for Obamacare, ""$600 billion worth of tax breaks will go to the wealthiest in this country.""",half-true,video,Health Care; Income; Wealth; Taxes; Wisconsin,Tom Kertscher,"March 21, 2017",https://www.politifact.com/factchecks/2017/mar/21/mark-pocan/americas-wealthiest-get-600-billion-tax-breaks-rep/
Andrew Cuomo,"February 23, 2017","The proposed state budget contains ""an additional tax cut for the middle class.""",mostly-false,and,State Budget; Taxes; New York,Dan Clark,"March 17, 2017",https://www.politifact.com/factchecks/2017/mar/17/andrew-cuomo/cuomos-budget-does-not-include-new-tax-cuts/
Tammy Baldwin,"March 8, 2017","""‘TrumpCare’ would allow insurance execs to personally make millions off your health care.""",mostly-false,tweet,Corporations; Health Care; Income; Taxes; Wisconsin,Tom Kertscher,"March 13, 2017",https://www.politifact.com/factchecks/2017/mar/13/tammy-baldwin/would-trumpcare-gop-replacement-obamacare-allow-in/
Donna Howard,"February 27, 2017","Says condoms ""used to be tax-exempt here in Texas.""",true,Facebook Live interview with Austin bureau reporters for the Dallas Morning News,Health Care; Sexuality; Taxes; Texas,W. Gardner Selby,"March 10, 2017",https://www.politifact.com/factchecks/2017/mar/10/donna-howard/donna-howard-says-condoms-used-be-tax-exempt-texas/
Bernie Sanders,"March 8, 2017","The GOP health care plan gives ""$275 billion in tax breaks for the top 2 percent, people earning $250,000 a year or more.""",mostly-true,"interview on MSNBC's ""All In With Chis Hayes""",National; Health Care; Taxes,Jon Greenberg,"March 9, 2017",https://www.politifact.com/factchecks/2017/mar/09/bernie-sanders/sanders-gop-health-care-plan-gives-wealthiest-275-/
Rick Scott,"March 7, 2017","""Florida is now the only state in the nation to tax commercial leases.""",true,his State of the State speech,Taxes; Florida,Allison Graves,"March 8, 2017",https://www.politifact.com/factchecks/2017/mar/08/rick-scott/florida-only-place-state-nation-tax-commercial-lea/
Nancy Pelosi,"March 5, 2017","Says 70 percent of benefits in Donald Trump’s proposal for child care ""go to the people making over $100,000 a year.""",true,"interview with CNN's ""State of the Union""",National; Children; Taxes,Gabrielle Healy,"March 8, 2017",https://www.politifact.com/factchecks/2017/mar/08/nancy-pelosi/nancy-pelosi-says-donald-trumps-child-care-proposa/
Kip Kendrick,"January 20, 2017","""Corporate entities are paying a lot less taxes this year than they have in the past. Part of that is from a loophole in a bill that was passed in 2015.""",mostly-true,interview on KMIZ’s “This Week”,Regulation; State Budget; Taxes; Missouri,Jen Para,"March 2, 2017",https://www.politifact.com/factchecks/2017/mar/02/kip-kendrick/kendrick-mostly-right-about-reduced-corporate-tax-/
Thomas Perez,"March 1, 2017","""The primary financing mechanism of the Affordable Care Act is a tax on wealthy people.""",half-true,"interview on CNN's ""New Day""",National; Health Care; Taxes,Jon Greenberg,"March 1, 2017",https://www.politifact.com/factchecks/2017/mar/01/thomas-perez/taxes-wealthy-pay-obamacare-dncs-perez-overshoots/
Gordon Hintz,"January 30, 2017","""Eleven individuals who make over $30 million each got $22 million credit"" from Wisconsin's manufacturing and agriculture tax credit.",mostly-true,interview,Agriculture; Income; Jobs; Taxes; Wisconsin,Tom Kertscher,"February 17, 2017",https://www.politifact.com/factchecks/2017/feb/17/gordon-hintz/11-people-get-22-million-wisconsins-gop-backed-man/
Paul Ryan,"January 25, 2017","In the United States, ""we tax our exports and don't tax our imports.""",half-true,interview,Foreign Policy; Trade; Taxes; Wisconsin,Tom Kertscher,"February 9, 2017",https://www.politifact.com/factchecks/2017/feb/09/paul-ryan/does-united-states-tax-exports-not-imports/
Claire McCaskill,"January 23, 2017","""Not one dime of the tax cut that they are going to enact with the repeal of Obamacare will go to people who make under $200,000.""",mostly-false,"interview on MSNBC's ""Morning Joe""",National; Health Care; Taxes,Louis Jacobson,"January 26, 2017",https://www.politifact.com/factchecks/2017/jan/26/claire-mccaskill/claire-mccaskill-overstates-tax-impacts-repealing-/
Ashley Judd,"January 21, 2017","""Pads and tampons (are) still taxed when Viagra and Rogaine are not.""",half-true,speech at the Women's March.,Women; Taxes; PunditFact,Linda Qiu,"January 22, 2017",https://www.politifact.com/factchecks/2017/jan/22/ashley-judd/are-pads-and-tampons-taxed-viagra-and-rogaine-not/
Roy Cooper,"January 19, 2017","Says North Carolinians are ""already paying for"" Medicaid expansion, even though the state hasn’t expanded Medicaid.",mostly-true,speech to business leaders,Health Care; Medicaid; Poverty; States; North Carolina; Taxes,Will Doran,"January 19, 2017",https://www.politifact.com/factchecks/2017/jan/19/roy-cooper/nc-gov-roy-cooper-medicaid-expansion-north-carolin/
Scott Walker,"January 10, 2017","Wisconsin property taxes, as a percentage of personal income, ""are the lowest that they've been since the end of World War II.""",true,a speech,Income; State Budget; Taxes; Wisconsin,Tom Kertscher,"January 13, 2017",https://www.politifact.com/factchecks/2017/jan/13/scott-walker/scott-walker-says-wisconsin-property-taxes-percent/
Robert Astorino,"January 10, 2017","""I have never once raised the county tax levy -- not for seven straight years.""",true,press release,Taxes; New York,Dan Clark,"January 11, 2017",https://www.politifact.com/factchecks/2017/jan/11/robert-astorino/astorino-has-not-raised-tax-levy-westchester-count/
Andrew Cuomo,"November 16, 2016","""Taxes for every New Yorker are lower today than when I started""",half-true,speech,Economy; Taxes; New York,Dan Clark,"December 16, 2016",https://www.politifact.com/factchecks/2016/dec/16/andrew-cuomo/most-taxes-are-lower-cuomo-was-elected/
Donald Trump,"December 13, 2016","America’s federal business tax rate is the highest ""in the world.""",mostly-true,speech,Corporations; Foreign Policy; Taxes; Wisconsin,Tom Kertscher,"December 15, 2016",https://www.politifact.com/factchecks/2016/dec/15/donald-trump/pledging-cuts-donald-trump-says-wisconsin-rally-us/
Christine Radogno,"November 14, 2016",We (in Illinois) have the fifth-highest tax burden in the country.,mostly-true,press conference,Taxes; Illinois,Madeleine Doubek,"December 2, 2016",https://www.politifact.com/factchecks/2016/dec/02/christine-radogno/illinois-tax-burden-among-highest-not-top-5-us/
Dan Patrick,"November 29, 2016","""Texans pay the sixth-highest property tax in the nation.""",mostly-true,press release,Taxes; Texas,W. Gardner Selby,"December 1, 2016",https://www.politifact.com/factchecks/2016/dec/01/dan-patrick/dan-patrick-mostly-right-texans-pay-nations-sixth-/
Paul Ryan,"September 26, 2016","""America’s tax code hasn’t been updated in 30 years.""",mostly-false,tweet,Taxes; Wisconsin,Cara Lombardo,"November 16, 2016",https://www.politifact.com/factchecks/2016/nov/16/paul-ryan/paul-ryan-right-federal-tax-code-has-not-been-upda/
Hillary Clinton,"November 4, 2016","Under Donald Trump's tax plan, ""51 percent of single parents would see their taxes go up.""",true,campaign rally,National; Taxes,Linda Qiu,"November 6, 2016",https://www.politifact.com/factchecks/2016/nov/06/hillary-clinton/would-51-single-parents-see-taxes-rise-under-donal/
Citizens to Protect Transportation Funding,"September 28, 2016","""We can fix our roads without raising taxes.""",false,TV ad,Transportation; Taxes; Illinois,Madeleine Doubek,"November 5, 2016",https://www.politifact.com/factchecks/2016/nov/05/citizens-protect-transportation-funding/safe-roads-backers-tax-claim-defies-reality/
Ron Johnson,"October 10, 2016","Says Russ Feingold ""voted to raise taxes on Social Security benefits for seniors, he even tried to give Social Security benefits to illegal immigrants.""",mostly-false,radio ad,Immigration; Federal Budget; Income; Social Security; Taxes; Wisconsin,Tom Kertscher,"November 3, 2016",https://www.politifact.com/factchecks/2016/nov/03/ron-johnson/ron-johnson-russ-feingold-social-security-votes-ra/
Deborah Ross,"October 13, 2016","""Richard Burr voted to protect tax breaks for companies that ship jobs overseas but voted against a tax break to help working people.""",half-true,TV ad,Corporations; Economy; Workers; North Carolina; Taxes,Will Doran,"November 2, 2016",https://www.politifact.com/factchecks/2016/nov/02/deborah-ross/did-richard-burr-vote-protect-tax-breaks-companies/
Chris Malone,,"Says Democratic challenger for his N.C. House seat ""raised taxes on clothing, school supplies – even baby diapers!""",pants-fire,,Candidate Biography; County Budget; Negative Campaigning; States; North Carolina; Taxes,Will Doran,"October 28, 2016",https://www.politifact.com/factchecks/2016/oct/28/chris-malone/nc-legislator-accuses-opponent-creating-non-existe/
Hillary Clinton,"October 26, 2016","""One-half of undocumented workers pay federal income taxes, which means they are paying more federal income taxes than Donald Trump pays.""",half-true,rally,Immigration; National; Candidate Biography; Taxes,Lauren Carroll,"October 27, 2016",https://www.politifact.com/factchecks/2016/oct/27/hillary-clinton/clinton-undocumented-workers-pay-more-trump-federa/
No on 56 campaign,"October 7, 2016","California’s proposed tobacco tax ""diverts 82 percent of the new taxes to line the pockets of wealthy special interests like insurance companies who don't have to help even one more patient.""",mostly-false,campaign TV ad.,Elections; Public Health; Taxes; California,Chris Nichols,"October 25, 2016",https://www.politifact.com/factchecks/2016/oct/25/no-56-campaign/tobacco-industry-misleads-prop-56-doctor-advertise/
Donald Trump,"October 19, 2016","Says Hillary Clinton's ""plan is going to raise taxes and even double your taxes.""",mostly-false,third 2016 presidential debate,National; Economy; Income; Taxes,Louis Jacobson,"October 20, 2016",https://www.politifact.com/factchecks/2016/oct/20/donald-trump/donald-trump-predicts-hillary-clinton-will-double-/
Donald Trump,"October 9, 2016","""Many of (Hillary Clinton's) friends took bigger deductions (than me). Warren Buffett took a massive deduction. (George) Soros, who is a friend of hers, took a massive deduction.""",mostly-false,second presidential debate,National; Taxes,Rachel Tiede,"October 18, 2016",https://www.politifact.com/factchecks/2016/oct/18/donald-trump/trump-base-buffett-soros-deductions/
Hillary Clinton,"October 9, 2016","Says Warren Buffett has publicly said his secretary ""should not be paying a higher tax rate"" than him.",true,second presidential debate,National; Taxes,Rachel Tiede,"October 18, 2016",https://www.politifact.com/factchecks/2016/oct/18/hillary-clinton/clinton-correct-buffett-claimed-pay-lower-tax-rate/
Bernie Sanders,"October 5, 2016","Says Donald Trump’s plan to repeal the estate tax would mean the Walmart Walton family would ""get a $53 billion tax break.""",half-true,speech,Families; Wealth; Taxes; Wisconsin,Tom Kertscher,"October 17, 2016",https://www.politifact.com/factchecks/2016/oct/17/bernie-sanders/bernie-sanders-says-donald-trump-plan-end-estate-t/
Roy Cooper,"October 11, 2016","""In 67 different ways, Governor McCrory has raised taxes on middle income families.""",half-true,debate,Economy; Workers; North Carolina; Taxes,Will Doran,"October 14, 2016",https://www.politifact.com/factchecks/2016/oct/14/roy-cooper/roy-cooper-says-pat-mccrory-raised-taxes-middle-cl/
Chris Jacobs,"September 1, 2016","""After how hard you work and how much you pay in taxes, New York City ends up getting the money. I'm Chris Jacobs. I think it's time we have someone in Albany that's making sure our region gets our fair share""",false,campaign ad,Taxes; New York,Dan Clark,"October 14, 2016",https://www.politifact.com/factchecks/2016/oct/14/chris-jacobs/state-spends-more-western-new-york-it-receives-tax/
Hillary Clinton,"October 9, 2016","Says Donald Trump’s tax plan gives the wealthy and corporations ""more than the Bush tax cuts by at least a factor of two.""",true,second presidential debate,National; Taxes,Linda Qiu,"October 11, 2016",https://www.politifact.com/factchecks/2016/oct/11/hillary-clinton/clinton-right-trump-tax-plan-gives-more-rich-bush-/
Donald Trump,"October 1, 2016","Says he has ""a fiduciary responsibility to his business, his family and his employees to pay no more tax than legally required.""",false,statement from the campaign,National; Candidate Biography; Financial Regulation; Taxes,Louis Jacobson,"October 10, 2016",https://www.politifact.com/factchecks/2016/oct/10/donald-trump/donald-trump-has-no-fiduciary-responsibility-his-p/
Democratic Senatorial Campaign Committee,"September 6, 2016","""Kelly Ayotte voted to give big oil more than $20 billion in tax breaks.""",mostly-true,ad,New Hampshire; Voting Record; Wealth; Taxes,Allie Morris,"October 7, 2016",https://www.politifact.com/factchecks/2016/oct/07/democratic-senatorial-campaign-committee/ad-claims-kelly-ayotte-voted-billion-dollar-tax-br/
Mike Pence,"October 4, 2016","Says Donald Trump ""hasn’t broken his promise"" to release his tax returns.",false,vice presidential debate,National; Candidate Biography; Taxes,Linda Qiu,"October 5, 2016",https://www.politifact.com/factchecks/2016/oct/05/mike-pence/pences-false-claim-trump-hasnt-broken-tax-return-p/
Citizens for Michael McAuliffe and House Republican Organization,"September 14, 2016","Mike Madigan made a fortune on tax appeals… Saving his friends millions... It’s an inside game played by people like Merry Marwig, Madigan’s hand-picked candidate. When Marwig thought her property taxes were too high she got them lowered at your expense. Saved so much she did it again. Marwig and Madigan: Profiting from the same corrupt system.",mostly-false,video attack advertisement,Taxes; Illinois,Marc Filippino,"October 5, 2016",https://www.politifact.com/factchecks/2016/oct/05/citizens-michael-mcauliffe-and-house-republican-or/attack-marwigs-property-taxes-misses-mark/
Tim Kaine,"October 4, 2016","""Richard Nixon released tax returns when he was under audit.""",true,debate,Transparency; Taxes; Virginia,Sean Gorman,"October 5, 2016",https://www.politifact.com/factchecks/2016/oct/05/tim-kaine/tim-kaine-correctly-notes-richard-nixon-released-t/
Mike Pence,"October 3, 2016","""In the state of Indiana, I’ve signed more than $3.5 billion in tax relief.""",half-true,pre-debate appearance,National; State Budget; Taxes,Louis Jacobson,"October 5, 2016",https://www.politifact.com/factchecks/2016/oct/05/mike-pence/mike-pence-leaves-out-some-details-his-tax-cut/
Mike Pence,"October 4, 2016","Says Tim Kaine ""actually tried to raise taxes by about $4 billion.""",mostly-true,2016 Vice Presidential debate,Candidate Biography; Debt; Deficit; History; Taxes; Virginia,Warren Fiske,"October 5, 2016",https://www.politifact.com/factchecks/2016/oct/05/mike-pence/mike-pence-accuses-tim-kaine-raising-taxes-leaving/
No  on 67,"August 15, 2016","""Not one penny of (California’s Prop 67) bag ban tax goes to the environment.""",half-true,official ballot argument.,Environment; Taxes; California,Chris Nichols,"October 3, 2016",https://www.politifact.com/factchecks/2016/oct/03/no-67/whats-bag-fee-environment-opponents-not-one-penny/
Rudy Giuliani,"October 2, 2016","""The 'New York Times' writes this long story"" about Donald Trump’s tax returns but ""didn't point out there was no wrongdoing"" until paragraph 18.",false,"interview on ""Meet the Press""",Candidate Biography; Taxes; PunditFact,Aaron Sharockman,"October 2, 2016",https://www.politifact.com/factchecks/2016/oct/02/rudy-giuliani/rudy-giuliani-criticizes-new-york-times-over-trump/
Hillary Clinton,"September 26, 2016","The Great Recession emerged ""in large part because of tax policies that slashed taxes on the wealthy, failed to invest in the middle class, took their eyes off of Wall Street, and created a perfect storm.""",mostly-false,first presidential debate at Hofstra University,National; Economy; Financial Regulation; History; Taxes,Louis Jacobson,"October 2, 2016",https://www.politifact.com/factchecks/2016/oct/02/hillary-clinton/hillary-clintons-base-linkage-tax-cuts-and-great-r/
María Teresa  Kumar,"October 2, 2016","""Undocumented immigrants pay $12 billion of taxes every single year.""",true,"interview on ""Meet the Press""",Immigration; Social Security; Taxes; PunditFact,Linda Qiu,"October 2, 2016",https://www.politifact.com/factchecks/2016/oct/02/maria-teresa-kumar/how-much-do-undocumented-immigrants-pay-taxes/
Mike Gallagher,"September 12, 2016","Says Tom Nelson ""backed higher taxes on Social Security, costing Wisconsin seniors $95 million.""",false,TV ad,Income; Retirement; Social Security; State Budget; Taxes; Wisconsin,Tom Kertscher,"September 30, 2016",https://www.politifact.com/factchecks/2016/sep/30/mike-gallagher/house-race-mike-gallaghers-false-claim-about-tom-n/
Tammy Baldwin,"September 19, 2016","Says that except for Donald Trump, ""every other major party nominee"" for the past 40 years has released their tax returns.",mostly-true,statement,Candidate Biography; Income; Wealth; Taxes; Wisconsin,Tom Kertscher,"September 28, 2016",https://www.politifact.com/factchecks/2016/sep/28/tammy-baldwin/donald-trump-only-major-party-nominee-40-years-not/
Hillary Clinton,"September 26, 2016","""The only years that anybody's ever seen"" of Donald Trump’s tax returns ""showed he didn't pay any federal income tax.""",mostly-false,Presidential debate,National; Candidate Biography; History; Income; Negative Campaigning; Wealth; Taxes,C. Eugene Emery Jr.,"September 27, 2016",https://www.politifact.com/factchecks/2016/sep/27/hillary-clinton/debate-hillary-clinton-tax-claim-ignores-years-whe/
Hillary Clinton,"September 26, 2016","According to ""independent experts,"" Donald Trump's tax plan ""would blow up the debt by over $5 trillion and would in some instances disadvantage middle-class families compared to the wealthy.""",true,Presidential debate at Hofstra University,National; Debt; Deficit; Taxes,Louis Jacobson,"September 27, 2016",https://www.politifact.com/factchecks/2016/sep/27/hillary-clinton/hillary-clinton-correctly-cites-outside-analyses-t/
Donald Trump,"September 26, 2016","""You will learn more about Donald Trump by going down to the Federal Elections"" to see the financial disclosure form than by looking at tax returns.",false,Presidential debate at Hofstra University,National; Candidate Biography; Economy; Income; Transparency; Wealth; Taxes,Louis Jacobson,"September 27, 2016",https://www.politifact.com/factchecks/2016/sep/27/donald-trump/donald-trump-talks-about-his-finances-first-presid/
Paul Bettencourt,"August 24, 2016",Says a change in law he carried stopped a $100 million tax increase in the Dallas school district.,true,press release,Education; Taxes; Texas,Bobby Cervantes,"September 23, 2016",https://www.politifact.com/factchecks/2016/sep/23/paul-bettencourt/paul-bettencourt-says-voting-threshold-he-champion/
National Republican Congressional Committee,"August 10, 2016","Tom Suozzi raised taxes ""by hundreds of millions of dollars"" as Nassau County executive.",true,blog post on the NRCC website,Taxes; New York,Dan Clark,"September 23, 2016",https://www.politifact.com/factchecks/2016/sep/23/national-republican-congressional-committee/suozzi-passed-major-tax-hikes-nassau-county/
Tom Nelson,"September 1, 2016","Says Mike Gallagher’s plan ""would cut Social Security benefits for two-thirds of seniors.""",half-true,TV ad,Retirement; Social Security; Taxes; Wisconsin,Tom Kertscher,"September 23, 2016",https://www.politifact.com/factchecks/2016/sep/23/tom-nelson/us-house-race-republican-accused-backing-cuts-two-/
Hillary Clinton,"August 22, 2016","Says she ""would bring 186,740 new jobs to Wisconsin"" and ""Donald Trump would cost Wisconsin 61,050 jobs.""",half-true,tweet,Economy; Jobs; Taxes; Wisconsin,Tom Kertscher,"September 16, 2016",https://www.politifact.com/factchecks/2016/sep/16/hillary-clinton/hillary-clinton-says-wisconsin-will-gain-jobs-unde/
John  Fleming,"September 12, 2016","""The head of the IRS ordered 24,000 emails erased before Congress could review them, making sure the American people will never know the real truth.""",false,radio ad,National; Congress; Technology; Transparency; Taxes,Katherine Burns,"September 15, 2016",https://www.politifact.com/factchecks/2016/sep/15/john-fleming/john-fleming-attacks-irs-inaccurate-radio-ad/
Donald Trump,"September 6, 2016","""I released the most extensive financial review of anybody in the history of politics. … You don't learn much in a tax return.""",false,interview with ABC News,National; Candidate Biography; Transparency; Taxes,Louis Jacobson,"September 7, 2016",https://www.politifact.com/factchecks/2016/sep/07/donald-trump/donald-trump-says-his-financial-disclosures-more-m/
Donald Trump,"August 27, 2016","""Hillary Clinton wants to shut down family farms"" using ""radical regulation,"" by raising business tax ""rates as high as nearly 50 percent"" and by taxing ""family farms again at death by as much as 45 percent.""",false,speech,Agriculture; Economy; Government Regulation; Wealth; Taxes; Iowa,C. Eugene Emery Jr.,"August 31, 2016",https://www.politifact.com/factchecks/2016/aug/31/donald-trump/donald-trump-explains-why-hillary-clinton-wants-sh/
Republican Party of Florida,"August 19, 2016","Says Hillary Clinton ""voted to raise taxes on workers earning as little as $41,500.""",mostly-false,Facebook post,Taxes; Florida,Allison Graves,"August 29, 2016",https://www.politifact.com/factchecks/2016/aug/29/republican-party-florida/republican-party-florida-facebook-post-misses-mark/
Donald Trump,"August 25, 2016","Says Hillary Clinton ""wants to raise taxes on African-American owned businesses to as much as nearly 50 percent more than they're paying now.""",false,speech,National; Small Business; Taxes,Joshua Gillin,"August 26, 2016",https://www.politifact.com/factchecks/2016/aug/26/donald-trump/clinton-wants-tax-african-american-businesses-50-p/
Paul Ryan,"August 11, 2016","Says ""President Obama’s proposed oil tax would cost consumers 24 cents a gallon.""",mostly-true,tweet,Energy; Gas Prices; Transportation; Taxes; Wisconsin,Tom Kertscher,"August 26, 2016",https://www.politifact.com/factchecks/2016/aug/26/paul-ryan/how-much-would-barack-obama-10-barrel-tax-oil-rais/
No on 56 campaign,"August 16, 2016","""Prop 56 cheats schools out of at least $600 million.""",mostly-false,radio and online advertisements,Education; Public Health; Taxes; California,Chris Nichols,"August 26, 2016",https://www.politifact.com/factchecks/2016/aug/26/no-56-campaign/big-tobacco-misleads-mostly-false-claim-prop-56-ch/
Russ  Feingold,"June 14, 2016","Says Ron Johnson ""voted five times for tax breaks that help companies ship Wisconsin jobs overseas.""",false,TV ad,Jobs; Taxes; Wisconsin,Alison Dirr,"August 26, 2016",https://www.politifact.com/factchecks/2016/aug/26/russ-feingold/feingold-johnson-voted-five-times-tax-breaks-help-/
Deborah Ross,"August 22, 2016","Says in Washington, D.C., Sen. Richard Burr ""took millions from special interests, went there and cashed in, voted to cut (his) own taxes and raise taxes on working folks.""",half-true,campaign ad,Campaign Finance; Candidate Biography; Congress; Workers; North Carolina; Taxes,Will Doran,"August 25, 2016",https://www.politifact.com/factchecks/2016/aug/25/deborah-ross/attack-ad-hits-sen-richard-burr-votes-cut-taxes-mi/
Mike Pence,"August 23, 2016","""Hillary [Clinton] wants to raise taxes by over a trillion dollars.""",half-true,speech at a campaign rally.,Taxes; Pennsylvania,C. Eugene Emery Jr.,"August 25, 2016",https://www.politifact.com/factchecks/2016/aug/25/mike-pence/pa-pence-repeats-half-true-claim-clinton-would-rai/
Tim Kaine,"August 13, 2016","""Even Richard Nixon released his tax returns to the public when he was running for president ...""",mostly-false,speech,Transparency; Taxes; Virginia,Sean Gorman,"August 22, 2016",https://www.politifact.com/factchecks/2016/aug/22/tim-kaine/tim-kaine-wrongly-says-richard-nixon-released-tax-/
Sarah Palin,"August 11, 2016","Says Arizona congressional candidate Ray Strauss is ""a ‘Champion of Big Government’ for his votes to raise taxes while on the local city council.""",half-true,Facebook post,Taxes; Arizona,Anthony Cave,"August 18, 2016",https://www.politifact.com/factchecks/2016/aug/18/sarah-palin/sarah-palin-claims-arizona-congressional-candidate/
Hillary Clinton,"August 17, 2016","""I am the only candidate who ran in either the Democratic or the Republican primary who said from the very beginning (that) I will not raise taxes on the middle class.""",pants-fire,campaign rally,National; Income; Taxes,Lauren Carroll,"August 17, 2016",https://www.politifact.com/factchecks/2016/aug/17/hillary-clinton/clinton-repeats-wrong-claim-no-other-2016-candidat/
Claudia Tenney,"July 7, 2016","Kim Myers ""voted repeatedly to raise taxes on the people of Broome County, but made millions off of tax savings when her family business relocated its headquarters.""",half-true,press release.,Taxes; New York,Dan Clark,"August 17, 2016",https://www.politifact.com/factchecks/2016/aug/17/claudia-tenney/myers-raised-taxes-dicks-moved-aiport/
Mike Pence,"August 4, 2016","The Obama administration has been ""raising taxes.""",half-true,rally,Income; Taxes; Virginia,Sean Gorman,"August 16, 2016",https://www.politifact.com/factchecks/2016/aug/16/mike-pence/mike-pence-half-right-obama-has-been-raising-taxes/
Donald Trump,"August 8, 2016","Says Hillary Clinton's plan ""would tax many small businesses by almost 50 percent.""",mostly-false,speech,National; Economy; Small Business; Wealth; Taxes,C. Eugene Emery Jr.,"August 10, 2016",https://www.politifact.com/factchecks/2016/aug/10/donald-trump/donald-trump-says-hillary-clinton-plan-would-tax-s/
Donald Trump,"August 4, 2016","""Hillary Clinton says she wants to, ‘raise taxes on the middle class.’ """,pants-fire,campaign video,National; Taxes,Linda Qiu,"August 5, 2016",https://www.politifact.com/factchecks/2016/aug/05/donald-trump/donald-trump-wrongly-says-hillary-clinton-wants-ra/
Sherrod Brown,"July 28, 2016","Says Donald Trump ""proposes tax cuts, too -- $3 trillion for millionaires like himself and $2 trillion for corporations like his.""",mostly-true,speech at the 2016 Democratic National Convention,Ohio; Taxes,Nadia Pflaum,"August 1, 2016",https://www.politifact.com/factchecks/2016/aug/01/sherrod-brown/sen-sherrod-brown-says-trump-tax-cut-millionaires-/
Donald Trump,"July 25, 2016","In first week as governor, Tim Kaine ""proposed a nearly $4 billion tax increase, $4 billion, including a tax increase on people earning as little as $17,000 a year.""",mostly-true,speech.,Taxes; Virginia,Sean Gorman,"July 28, 2016",https://www.politifact.com/factchecks/2016/jul/28/donald-trump/donald-trump-says-tim-kaine-proposed-4-billion-tax/
Tim Kaine,"July 27, 2016","Independent analysts ""found that Trump's tax plan, given to the wealthy and big corporations, would rack up $30 trillion in debt.""",half-true,speech at the Democratic National Convention,National; Debt; Taxes,Louis Jacobson,"July 28, 2016",https://www.politifact.com/factchecks/2016/jul/28/tim-kaine/tim-kaine-says-donald-trumps-plan-would-add-30-tri/
Bernie Sanders,"July 25, 2016","""The top one-tenth of 1 percent now owns almost as much wealth as the bottom 90 percent.""",mostly-true,remarks at the Democratic National Convention,National; Economy; Income; Wealth; Taxes,Lauren Carroll,"July 26, 2016",https://www.politifact.com/factchecks/2016/jul/26/bernie-sanders/dnc-bernie-sanders-repeats-claim-top-one-tenth-1-o/
Hillary Clinton,"July 14, 2016","""I am the only candidate who ran in either primary who said, ‘I will not raise taxes on the middle class.’""",pants-fire,speech.,Taxes; Virginia,Warren Fiske,"July 23, 2016",https://www.politifact.com/factchecks/2016/jul/23/hillary-clinton/clinton-wrongly-says-she-was-only-one-primaries-ni/
Donald Trump,"July 21, 2016","""An amendment, pushed by Lyndon Johnson many years ago, threatens religious institutions with a loss of their tax-exempt status if they openly advocate their political views.""",true,speech at the Republican convention,National; History; Human Rights; Legal Issues; Religion; Taxes,C. Eugene Emery Jr.,"July 22, 2016",https://www.politifact.com/factchecks/2016/jul/22/donald-trump/donald-trump-correct-lyndon-johnson-passed-legisla/
Donald Trump,"July 21, 2016","""America is one of the highest-taxed nations in the world.""",mostly-false,2016 Republican National Convention,National; Taxes,Louis Jacobson,"July 22, 2016",https://www.politifact.com/factchecks/2016/jul/22/donald-trump/trumps-claim-us-taxes-tweaked/
Donald Trump,"July 21, 2016","""While Hillary Clinton plans a massive, and I mean massive, tax increase, I have proposed the largest tax reduction of any candidate who has run for president this year, Democrat or Republican.""",mostly-true,his acceptance speech at the Republican Natiional Convention,National; Taxes,Louis Jacobson,"July 22, 2016",https://www.politifact.com/factchecks/2016/jul/22/donald-trump/donald-trump-says-he-had-biggest-tax-cuts-any-2016/
Mark Kirk,"June 15, 2016","Says Rep. Tammy ""Duckworth has been a staunch supporter of expanding the spending, size and reach of the IRS.""",false,website press release,Taxes; Illinois,Madeleine Doubek,"July 21, 2016",https://www.politifact.com/factchecks/2016/jul/21/mark-kirk/congresswoman-tammy-duckworth-staunch-supporter-ir/
Scott Walker,"June 27, 2016","""For decades, the state’s gas tax has been among the highest in the nation.""",true,letter to Department of Transportation officials,Transportation; Taxes; Wisconsin,Sarah Hauer,"July 20, 2016",https://www.politifact.com/factchecks/2016/jul/20/scott-walker/walker-decades-states-gas-tax-has-been-among-highe/
Sean Duffy,"July 18, 2016","""Barack Obama and Hillary Clinton have left us with $19 trillion in debt.""",mostly-false,speech,Debt; Federal Budget; Taxes; Wisconsin,Tom Kertscher,"July 19, 2016",https://www.politifact.com/factchecks/2016/jul/19/sean-duffy/gop-rep-sean-duffy-exaggerates-role-barack-obama-h/
Rick Saccone,"July 13, 2016","""Illegal tobacco sales, price driven too high, has been connected to at least several cases of funding terrorism against us in multi-year investigations over the last decade and a half.""",mostly-true,floor remarks during a House session,Terrorism; Taxes; Pennsylvania,Cassie Owens,"July 18, 2016",https://www.politifact.com/factchecks/2016/jul/18/rick-saccone/curious-connection-between-illicit-cigarette-sales/
Andrew Cuomo,"June 22, 2016","Says middle-class New York State residents will have the ""lowest tax rate in 70 years.""",mostly-true,press conference and several other recent public appearances.,Taxes; New York,Dan Clark,"July 15, 2016",https://www.politifact.com/factchecks/2016/jul/15/andrew-cuomo/new-tax-rates-will-be-lowest-70-years/
Mike Turzai,"June 15, 2016","""Each [Corbett administration] budget finished in the black.""",half-true,op-ed for PennLive,Economy; State Budget; Stimulus; Taxes; Pennsylvania,Cassie Owens,"July 13, 2016",https://www.politifact.com/factchecks/2016/jul/13/mike-turzai/surprising-pa-budget-claim-gop-leader-almost-check/
Donald Trump,"July 5, 2016","""Taxpayers are paying a fortune for the use of Air Force One on the campaign trail"" by President Barack Obama and Hillary Clinton.",mostly-true,tweet,National; Campaign Finance; Elections; History; Government Regulation; Transparency; Taxes,C. Eugene Emery Jr.,"July 7, 2016",https://www.politifact.com/factchecks/2016/jul/07/donald-trump/donald-trump-isnt-winging-it-complaint-about-air-f/
Hillary Clinton,"June 21, 2016","Says Donald Trump’s proposed tax treatment of hedge fund managers ""makes the current loophole even worse.""",true,speech,National; Taxes,Adam Thorp,"July 1, 2016",https://www.politifact.com/factchecks/2016/jul/01/hillary-clinton/clinton-right-say-trumps-plan-good-hedge-funders/
Kevin Brady,"June 24, 2016","The United States ""is the only major country that taxes its own exports.""",mostly-false,press conference for Republican tax reform,Federal Budget; Taxes; Texas,Neelesh Moorthy,"June 28, 2016",https://www.politifact.com/factchecks/2016/jun/28/kevin-brady/texas-republican-kevin-brady-errs-comparison-us-ta/
Scott Walker,"May 16, 2016","""The University of Wisconsin System budget is the biggest it has ever been.""",mostly-true,interview,Education; State Budget; Taxes; Wisconsin,Tom Kertscher,"May 25, 2016",https://www.politifact.com/factchecks/2016/may/25/scott-walker/scott-walker-who-cut-funds-wisconsin-university-sy/
Hillary Clinton,"May 22, 2016","""The only two (Donald Trump tax returns) we have show that he hasn't paid a penny in taxes.""",mostly-false,"interview on NBC's ""Meet the Press""",National; Bankruptcy; Candidate Biography; History; Income; Negative Campaigning; Wealth; Taxes,C. Eugene Emery Jr.,"May 24, 2016",https://www.politifact.com/factchecks/2016/may/24/hillary-clinton/hillary-clinton-claim-about-donald-trump-paying-no/
Daniel Grace,"May 17, 2016","A three-cents-per-ounce soda tax in Philadelphia ""would result in the loss of 2,000 family-sustaining Teamster Union jobs and countless other jobs in the beverage industry.""",false,statement,Taxes; Pennsylvania,Anna Orso,"May 20, 2016",https://www.politifact.com/factchecks/2016/may/20/daniel-grace/teamsters-say-soda-tax-would-cost-thousands-jobs-d/
Tom Marino,"May 13, 2016","""I have had to fill out FEC reports for the past six years now, and they’re much more detailed than a tax return...""",false,an MSNBC interview,Taxes; Pennsylvania,Loghan Thain,"May 20, 2016",https://www.politifact.com/factchecks/2016/may/20/tom-marino/pa-gop-congressmans-claim-about-donald-trump-and-h/
Jennifer  Shilling,"May 11, 2016","Under Donald Trump's tax plan, ""the top 0.1 percent of taxpayers -- people earning multiple millions of dollars a year, on average --  would get more tax relief than the bottom 60 percent of taxpayers combined.""",true,teleconference,Income; Wealth; Taxes; Wisconsin,Tom Kertscher,"May 20, 2016",https://www.politifact.com/factchecks/2016/may/20/jennifer-shilling/top-01-would-be-big-winner-under-donald-trumps-tax/
Chris Wallace,"May 15, 2016","""Every Republican nominee since Richard Nixon, who at one time was under an audit, has released their tax returns.""",mostly-true,"episode of ""Fox News Sunday""",History; Taxes; PunditFact,Lauren Carroll,"May 18, 2016",https://www.politifact.com/factchecks/2016/may/18/chris-wallace/most-gop-nominees-1970s-have-released-their-tax-re/
Philadelphia Daily News,"April 14, 2016","If you don't buy cigarettes at your local supermarket, your grocery bill won't go up a dime. The same is true of the sugary drink tax. If passed, you can avoid paying the tax by not buying sugary drinks.",half-true,an editorial,Taxes; Pennsylvania,Mark Dent,"May 11, 2016",https://www.politifact.com/factchecks/2016/may/11/philadelphia-daily-news/rating-philly-daily-news-claim-its-not-grocery-tax/
Donald Trump,"May 8, 2016","""We're the highest taxed nation in the world.""",false,interview on 'Meet the Press',National; Taxes,Louis Jacobson,"May 8, 2016",https://www.politifact.com/factchecks/2016/may/08/donald-trump/donald-trump-us-not-highest-taxed-nation-in-world/
Ted Cruz,"May 1, 2016","Says Donald Trump’s ""only economic agenda is imposing massive taxes on the American people with a 40 percent tax hike of a giant tariff.""",half-true,"interview on ""Meet the Press""",National; Economy; Jobs; Taxes,Linda Qiu,"May 1, 2016",https://www.politifact.com/factchecks/2016/may/01/ted-cruz/donald-trumps-economic-agenda-imposing-massive-tax/
Ridesharing Works for Austin,"April 26, 2016","If Austin voters reject Proposition 1, a ""completely new City-run"" criminal background check ""process will cost millions in processing fees, additional staff, and bureaucracy"" with taxpayers getting ""the bill.""",false,voter mailer noted by a reader,City Budget; City Government; Transportation; Taxes; Texas,W. Gardner Selby,"April 30, 2016",https://www.politifact.com/factchecks/2016/apr/30/ridesharing-works-austin/claim-about-millions-dollars-costs-bill-going-taxp/
Katie McGinty,"April 28, 2016","""Pat Toomey advocated for eliminating all corporate taxes.""",true,press release.,Taxes; Pennsylvania,Anna Orso,"April 29, 2016",https://www.politifact.com/factchecks/2016/apr/29/katie-mcginty/did-sen-pat-toomey-say-he-wanted-eliminate-all-cor/
Alan Grayson,"April 25, 2016","Says LeBron James ""stops paying his Social Security taxes at the beginning of the second quarter of the first game of the season.""",mostly-true,Orlando debate,Social Security; Taxes; Florida,Joshua Gillin,"April 28, 2016",https://www.politifact.com/factchecks/2016/apr/28/alan-grayson/lebron-james-pays-social-security-taxes-halftime-f/
New Day for America,"April 25, 2016","Says ""Hillary Clinton has promised to raise taxes by $1 trillion dollars.""",half-true,robocall,National; Corrections and Updates; Negative Campaigning; Pundits; Taxes,C. Eugene Emery Jr.,"April 27, 2016",https://www.politifact.com/factchecks/2016/apr/27/new-day-america/super-pacs-1-trillion-tax-claim-against-hillary-cl/
Rick Scott,"April 13, 2016","""Over the past two years, Florida has cut more than $1 billion in taxes.""",mostly-true,press release,Taxes; Florida,Joshua Gillin,"April 25, 2016",https://www.politifact.com/factchecks/2016/apr/25/rick-scott/gov-rick-scotts-claim-about-1-billion-tax-cuts-nee/
Bernie Sanders,"April 22, 2016","""A tax on soda and juice drinks would disproportionately increase taxes on low-income families in Philadelphia.""",true,a statement to Philadelphia magazine,Taxes; Pennsylvania,Mark Dent,"April 25, 2016",https://www.politifact.com/factchecks/2016/apr/25/bernie-sanders/fact-checking-bernie-sanders-claim-jim-kenneys-sod/
Dinesh D'Souza,"April 17, 2016","""As a U.S. senator with salary and perks, ‪#‎Bernie‬ is in the top 1 percent, but still paid only 13 percent in taxes last year.""",mostly-false,Facebook post,Income; Taxes; PunditFact,Lauren Carroll,"April 20, 2016",https://www.politifact.com/factchecks/2016/apr/20/dinesh-dsouza/dinesh-dsouza-incorrectly-places-bernie-sanders-to/
Ohio Democratic Party,"April 8, 2016","Says Republican presidential candidate and Gov. John Kasich has spent 177 days out of state and used $350,000 in taxpayer money on his ""costly campaign.""",true,Facebook post,Ohio; Campaign Finance; Taxes,Nadia Pflaum,"April 19, 2016",https://www.politifact.com/factchecks/2016/apr/19/ohio-democratic-party/ohio-democratic-party-bashes-john-kasichs-costly-c/
ActionAid UK,"April 7, 2016","""Tax dodging costs developing countries $200 billion every year.""",half-true,website post,Global News Service; Legal Issues; Taxes,Jon Greenberg,"April 19, 2016",https://www.politifact.com/factchecks/2016/apr/19/actionaid-k/tax-dodgers-cost-developing-countries-billions/
Tammy Baldwin,"February 14, 2016","""Hedge fund managers and others in private equity pay much lower (tax) rates on their income than do truck drivers and teachers and nurses.""",false,television interview,Labor; Taxes; Wisconsin,Sarah Hauer,"April 13, 2016",https://www.politifact.com/factchecks/2016/apr/13/tammy-baldwin/testing-tammy-baldwin-claim-taxes-hedge-fund-manag/
Bernie Sanders,"April 6, 2016","""The largest U.S. companies would owe $620 billion in U.S. taxes on the cash they store in tax havens.""",mostly-true,tweet,National; Corporations; Taxes,Jon Greenberg,"April 11, 2016",https://www.politifact.com/factchecks/2016/apr/11/bernie-sanders/sanders-us-multinationals-would-owe-620-billion-ov/
Bernie Sanders,"April 3, 2016",Says his campaign has released his past tax returns.,false,interview with CNN's Jake Tapper,National; Candidate Biography; Transparency; Taxes,Louis Jacobson,"April 6, 2016",https://www.politifact.com/factchecks/2016/apr/06/bernie-sanders/bernie-sanders-has-released-few-tax-returns-compar/
Jim Kenney,"March 27, 2016","""Big soda has a lot of money. They make a lot of profit off their product and they market in neighborhoods that suffer from these very things that we’re trying to cure.""",true,Pennsylvania,Economy; Taxes; Pennsylvania,Cassie Owens,"March 30, 2016",https://www.politifact.com/factchecks/2016/mar/30/jim-kenney/big-soda-and-profits-mayor-kenney-convinced-it-ear/
Michael Roberson,"March 3, 2016","Nevada lawmakers ""permanently cut taxes for over 95 percent of Nevada’s businesses.""",false,"a candidate forum on March 3, 2016",Nevada; State Budget; Taxes,Riley Snyder,"March 29, 2016",https://www.politifact.com/factchecks/2016/mar/29/michael-roberson/candidate-claiming-nevada-cut-taxes-2015-doesnt-pa/
Danny Tarkanian,"February 9, 2016","Nevada Republicans ""didn’t do one single thing to cut spending"" in 2015.",mostly-false,interview on Ralston Live,Nevada; State Budget; Taxes,Riley Snyder,"March 22, 2016",https://www.politifact.com/factchecks/2016/mar/22/danny-tarkanian/despite-new-taxes-legislature-didnt-forgo-spending/
Eric  Greitens,"March 17, 2016","""We have ten different tax brackets and if you’re making $9,000, you’re already in the top tax bracket.""",false,gubernatorial debate,Taxes; Missouri,Conner Smith,"March 22, 2016",https://www.politifact.com/factchecks/2016/mar/22/eric-greitens/gubernatorial-candidate-exaggerates-missouri-tax-b/
Don Gaetz,"March 11, 2016","""We were able to provide $428 million worth of property tax relief.""",mostly-true,Florida Senate floor debate,State Budget; Taxes; Florida,Joshua Gillin,"March 17, 2016",https://www.politifact.com/factchecks/2016/mar/17/don-gaetz/legislature-provided-428-million-worth-property-ta/
Pat McCrory,"March 9, 2016","""Roy Cooper won't say how he will pay for ‘free’ college tuition.""",half-true,post on his Facebook page,Education; State Budget; North Carolina; Taxes,Will Doran,"March 14, 2016",https://www.politifact.com/factchecks/2016/mar/14/pat-mccrory/mccrory-right-cooper-lacks-plan-paying-overstates-/
John Kasich,"February 24, 2016","""As governor, Kasich delivered the largest tax cut in the nation.""",mostly-false,"Kasich for America ad, ""Progress""",Ohio; Taxes,Nadia Pflaum,"March 10, 2016",https://www.politifact.com/factchecks/2016/mar/10/john-kasich/john-kasichs-tax-cut-largest-nation/
Hillary Clinton,"February 21, 2016","""When the auto industry was going under, car parts companies like"" Johnson Controls ""begged taxpayers for a bailout, and they got one.""",half-true,TV ad,Federal Budget; Transportation; Taxes; Wisconsin,Tom Kertscher,"March 9, 2016",https://www.politifact.com/factchecks/2016/mar/09/hillary-clinton/wisconsin-firm-moving-overseas-begged-taxpayers-ba/
Marco Rubio,"February 14, 2016","""People (are) paying more in taxes than they will for food, housing and clothing combined.""",half-true,web video,Taxes; Florida,Louis Jacobson,"February 23, 2016",https://www.politifact.com/factchecks/2016/feb/23/marco-rubio/marco-rubio-says-americans-pay-more-taxes-food-clt/
Janet Adkins,"February 9, 2016","""There is great disparity, tremendous disparity, in the (capital) funding on a per-student basis between our traditional public schools and our charter public schools.""",mostly-true,House Appropriations Committee meeting,Education; State Budget; Taxes; Florida,Joshua Gillin,"February 22, 2016",https://www.politifact.com/factchecks/2016/feb/22/janet-adkins/traditional-schools-get-much-more-capital-funding-/
American Future Fund,"January 28, 2016","""Kasich’s budget raised taxes by billions, hitting businesses hard and the middle class even harder.""",false,campaign ad,Ohio; State Budget; Taxes,Nadia Pflaum,"February 12, 2016",https://www.politifact.com/factchecks/2016/feb/12/american-future-fund/ad-distorts-john-kasichs-budget-proposa/
Hillary Clinton,"February 4, 2016","""We bailed out"" Johnson Controls when ""we saved the auto industry"" and ""now they want to avoid paying taxes.""",mostly-true,debate,Corporations; Federal Budget; Technology; Transportation; Taxes; Wisconsin,Tom Kertscher,"February 11, 2016",https://www.politifact.com/factchecks/2016/feb/11/hillary-clinton/hillary-clinton-says-johnson-controls-got-federal-/
Donald Trump,"February 6, 2016","""Right now we’re the highest taxed country in the world.""",false,ABC Republican debate,National; Taxes,Joshua Gillin,"February 7, 2016",https://www.politifact.com/factchecks/2016/feb/07/donald-trump/trump-calls-us-highest-taxed-country-world/
Rick Scott,"January 20, 2016","""We've cut taxes 50 times and look what has happened to our revenues. They've grown.""",mostly-true,comment to a Tampa Bay Times reporter,State Budget; Taxes; Florida,Joshua Gillin,"February 4, 2016",https://www.politifact.com/factchecks/2016/feb/04/rick-scott/scott-credits-tax-cuts-floridas-growing-tax-revenu/
Marco Rubio,"January 14, 2016","Under Ted Cruz’s tax plan, ""businesses will now have to pay 16 percent on the money they make. They will also have to pay 16 percent on the money they pay their employees.""",mostly-true,Republican presidential debate,Taxes; Texas,W. Gardner Selby,"January 26, 2016",https://www.politifact.com/factchecks/2016/jan/26/marco-rubio/marco-rubio-says-ted-cruz-flat-tax-charges-16-perc/
Jeff Judson,"December 15, 2015",Texas has the sixth-highest property taxes in the nation.,mostly-true,Conservatives,Taxes; Texas,Filipa Ioannou,"January 22, 2016",https://www.politifact.com/factchecks/2016/jan/22/jeff-judson/texas-has-sixth-highest-property-taxes-nation/
David Sweetser,"January 3, 2016","Boston is just 60 minutes away and it’s offering subsidies to developers who can charge higher rent than you can get in Providence while construction costs are more or less equal. As a result, the Boston skyline ""is completely dominated by the cranes.""",true,interview,Rhode Island; State Budget; Taxes,Mark  Reynolds,"January 17, 2016",https://www.politifact.com/factchecks/2016/jan/17/david-sweetser/superman-developer-why-he-needs-subsidies/
Conservative Solutions PAC,"January 4, 2016","Says Chris Christie ""instituted an Internet sales tax.""",mostly-false,attack ad,National; Economy; Government Regulation; State Budget; States; Taxes,C. Eugene Emery Jr.,"January 14, 2016",https://www.politifact.com/factchecks/2016/jan/14/conservative-solutions-pac/marco-rubio-superpac-says-chris-christie-imposed-i/
Paul Ryan,"November 4, 2015","The U.S. ""tax rate on successful small businesses is 44.6 percent,"" while the business tax rate in Canada is 15 percent.",true,TV interview,Taxes; Wisconsin,James B. Nelson,"December 10, 2015",https://www.politifact.com/factchecks/2015/dec/10/paul-ryan/paul-ryan-says-us-taxes-small-businesses-446-perce/
Marco Rubio,"December 1, 2015","""Last year, I stopped an Obamacare bailout and saved taxpayers $2.5 billion.""",mostly-false,tweet,Federal Budget; Health Care; Taxes; Florida,Joshua Gillin,"December 7, 2015",https://www.politifact.com/factchecks/2015/dec/07/marco-rubio/rubio-says-he-prevented-25-billion-obamacare-bailo/
Martha McSally,"November 17, 2015","The United States has ""10,000 IRS agents making sure that you don't take an improper charity deduction,"" but to fight terrorism, it has ""less than two dozen people focusing on countering violent extremism at home.""",mostly-false,news conference,Homeland Security; Terrorism; Taxes; Wisconsin,Tom Kertscher,"November 25, 2015",https://www.politifact.com/factchecks/2015/nov/25/martha-mcsally/10000-irs-agents-only-2-dozen-people-focused-viole/
Neil Cavuto,"November 12, 2015",Taking all the money of the top 1 percent wouldn’t keep Medicare going for three years.,mostly-false,"broadcast of ""Cavuto Coast to Coast"" on Fox Business Network",Education; Health Care; Taxes; PunditFact,Jon Greenberg,"November 19, 2015",https://www.politifact.com/factchecks/2015/nov/19/neil-cavuto/foxs-cavuto-stacks-medicare-spending-against-wealt/
Bernie Sanders,"November 14, 2015",Says income tax rates under Eisenhower were as high as 90 percent.,true,Democratic presidential debate,National; Taxes,Joshua Gillin,"November 15, 2015",https://www.politifact.com/factchecks/2015/nov/15/bernie-sanders/income-tax-rates-were-90-percent-under-eisenhower-/
Kiplinger.com,"October 26, 2015",Georgia is one of the 10 most tax-friendly states for retirees.,half-true,press release,Georgia; Income; Pensions; Retirement; Taxes,Nancy Badertscher,"November 13, 2015",https://www.politifact.com/factchecks/2015/nov/13/Kiplinger-com/georgia-tax-friendly-state-retirees/
Rand Paul,"November 10, 2015","Says Marco Rubio is proposing a new $1 trillion ""welfare program"" in tax credits and ""$1 trillion in new military spending.""",mostly-true,debate,Children; Families; Federal Budget; Military; Welfare; Taxes; Wisconsin,Tom Kertscher,"November 12, 2015",https://www.politifact.com/factchecks/2015/nov/12/rand-paul/marco-rubio-not-conservative-proposes-1-trillion-b/
Chris Christie,"November 10, 2015","The Democrats plan ""to raise your tax rates to 70 or 80 percent.""",false,fourth GOP undercard debate.,National; Taxes,Linda Qiu,"November 12, 2015",https://www.politifact.com/factchecks/2015/nov/12/chris-christie/chris-christies-false-claim-democrats-are-going-ra/
Ted Cruz,"November 10, 2015","""There are more words in the IRS code than there are in the Bible.""",true,Republican presidential debate,National; Taxes,Louis Jacobson,"November 11, 2015",https://www.politifact.com/factchecks/2015/nov/11/ted-cruz/ted-cruz-says-us-tax-code-has-more-words-bible/
Chris Abele,"November 2, 2015","Says he balanced the Milwaukee County budget ""without raising taxes five years in a row.""",half-true,TV ad,County Budget; County Government; Taxes; Wisconsin,Tom Kertscher,"November 10, 2015",https://www.politifact.com/factchecks/2015/nov/10/chris-abele/chris-abele-claims-hes-balanced-5-milwaukee-county/
Donald Trump,"October 28, 2015",Says his plan would cut taxes without increasing the deficit.,false,third GOP primary debate.,National; Federal Budget; Taxes,Linda Qiu,"November 5, 2015",https://www.politifact.com/factchecks/2015/nov/05/donald-trump/donald-trumps-false-claim-his-tax-plan-wouldnt-inc/
Jeb Bush,"October 28, 2015","""My plan actually gives the middle class the greatest break: $2,000 per family.""",mostly-false,Republican presidential debate,Taxes; Florida,Joshua Gillin,"November 5, 2015",https://www.politifact.com/factchecks/2015/nov/05/jeb-bush/jeb-bush-says-middle-class-get-biggest-tax-break-u/
Ben Carson,"October 28, 2015",Says his tax plan wouldn't leave the federal government with a $1.1 trillion hole.,false,third GOP primary debate.,National; Federal Budget; Taxes,Linda Qiu,"November 4, 2015",https://www.politifact.com/factchecks/2015/nov/04/ben-carson/does-ben-carsons-tithe-based-tax-plan-lead-1-trill/
Marco Rubio,"October 28, 2015","Under his tax plan, ""the greatest gains, percentage-wise,"" will be ""at the lower end of our plan.""",half-true,Republican presidential debate,National; Taxes,Louis Jacobson,"November 4, 2015",https://www.politifact.com/factchecks/2015/nov/04/marco-rubio/marco-rubio-says-biggest-percentage-gains-his-tax-/
Don  Francis,"October 28, 2015","Electric car sales in Georgia have dropped dramatically since a $5,000 tax credit was eliminated and a $200 annual registration fee was imposed July 1.",true,interview with Watchdog.org,Georgia; State Budget; Transportation; Taxes,Nancy Badertscher,"November 2, 2015",https://www.politifact.com/factchecks/2015/nov/02/don-francis/electric-car-sales-hit-brakes-tax-credit-axed-and-/
Chris Christie,"October 28, 2015","Bernie Sanders’s plan is ""to raise your taxes to 90 percent.""",pants-fire,Republican presidential debate,National; Taxes,Louis Jacobson,"October 29, 2015",https://www.politifact.com/factchecks/2015/oct/29/chris-christie/chris-christie-says-bernie-sanderss-plan-raise-you/
Jeb Bush,"October 14, 2015","""The top 1 percent pay 45 percent of all taxes in the country.""",half-true,a town hall,Taxes; Florida,Amy Sherman,"October 26, 2015",https://www.politifact.com/factchecks/2015/oct/26/jeb-bush/jeb-bush-says-top-1-percent-pay-nearly-half-all-ta/
Donald Trump,"October 14, 2015","Says Bernie Sanders is going to ""tax you people at 90 percent.""",pants-fire,comments at a rally.,Taxes; Virginia,Linda Qiu,"October 20, 2015",https://www.politifact.com/factchecks/2015/oct/20/donald-trump/trump-bernie-sanders-wants-tax-everyone-90-percent/
Donald Trump,"October 14, 2015","""We have the highest tax rate anywhere in the world.""",false,speech.,Taxes; Virginia,Warren Fiske,"October 20, 2015",https://www.politifact.com/factchecks/2015/oct/20/donald-trump/trump-says-us-has-highest-tax-rate-anywhere-world/
Glen Sturtevant,"October 2, 2015","Dan Gecker voted to ""double vehicle registration fees, costing (Chesterfield) county residents over $6 million annually.""",false,TV ad,County Government; Taxes; Virginia,Warren Fiske,"October 12, 2015",https://www.politifact.com/factchecks/2015/oct/12/glen-sturtevant/glen-sturtevant-says-dan-gecker-voted-double-car-r/
Gerry Connolly,"September 8, 2015","""It's estimated we leave somewhere north of $350 billion a year - that's billion - a year on the table uncollected because IRS doesn't have the resources.""",half-true,radio interview.,Taxes; Virginia,Sean Gorman,"October 5, 2015",https://www.politifact.com/factchecks/2015/oct/05/gerry-connolly/connolly-says-irs-lacks-resources-collet-350-billi/
Tom Barrett,"September 22, 2015","Every general City of Milwaukee employee ""pays toward his or her pension, but approximately 88 percent of our police officers and firefighters do not.""",mostly-true,speech,City Budget; City Government; Labor; Pensions; Public Safety; Unions; Taxes; Wisconsin,Tom Kertscher,"September 30, 2015",https://www.politifact.com/factchecks/2015/sep/30/tom-barrett/vast-majority-milwaukee-police-and-firefighters-ma/
Jeb Bush,"September 27, 2015","The tax policies of George W. Bush ""created a dynamic effect of high growth.""",mostly-false,"interview on ""Fox News Sunday""",National; Economy; Taxes,Louis Jacobson,"September 27, 2015",https://www.politifact.com/factchecks/2015/sep/27/jeb-bush/jeb-bush-says-tax-policies-george-w-bush-created-d/
Stephen Colbert,"September 21, 2015","Says Ronald Reagan ""reversed his world’s ‘largest tax cut’ and raised taxes when revenues did not match the expectations.""",mostly-true,interview with Ted Cruz,Taxes; PunditFact,Katie Sanders,"September 25, 2015",https://www.politifact.com/factchecks/2015/sep/25/stephen-colbert/stephen-colbert-brings-ronald-reagans-tax-raising-/
Tammy Baldwin,"September 23, 2015","""The pope and Donald Trump and Tammy Baldwin all agree"" on eliminating the ""carried-interest"" tax break.",half-true,interview,Financial Regulation; Income; Religion; Taxes; Wisconsin,Tom Kertscher,"September 24, 2015",https://www.politifact.com/factchecks/2015/sep/24/tammy-baldwin/do-donald-trump-pope-francis-and-tammy-baldwin-all/
Hillary Clinton,"August 11, 2015","Says Scott Walker rejected legislation to make college loan payments tax deductible and the result was ""to raise taxes on students.""",false,speech,Debt; Education; Federal Budget; Taxes; Wisconsin,Tom Kertscher,"September 9, 2015",https://www.politifact.com/factchecks/2015/sep/09/hillary-clinton/scott-walker-rejected-bill-make-student-loan-payme/
E. Frank Stephenson,"August 14, 2015","""Contrary to media reports, Georgia’s gas tax change led to no price increase at the pump.""",half-true,Georgia Public Policy Foundation blog post,Georgia; Gas Prices; Taxes,April Hunt,"September 9, 2015",https://www.politifact.com/factchecks/2015/sep/09/e-frank-stephenson/georgia-gas-taxes-despite-pump-price-fall/
Jeb Bush,"August 21, 2015","""Trump proposed enacting the largest tax increase in American history.""",true,fundraising email,Candidate Biography; Taxes; Florida,Amy Sherman,"September 2, 2015",https://www.politifact.com/factchecks/2015/sep/02/jeb-bush/did-donald-trump-propose-biggest-tax-hike-history-/
National Republican Senatorial Committee,"August 7, 2015","Says Russ Feingold cast the ""deciding vote"" for the ""largest tax increase"" in history",mostly-false,news release,History; Taxes; Wisconsin,Lucas Daprile,"August 31, 2015",https://www.politifact.com/factchecks/2015/aug/31/national-republican-senatorial-committee/republican-group-says-russ-feingold-cast-deciding-/
Donald Trump,"August 24, 2015","""We’re the most highly taxed nation in the world.""",false,"interview on ""Fox & Friends""",National; Taxes,Louis Jacobson,"August 28, 2015",https://www.politifact.com/factchecks/2015/aug/28/donald-trump/donald-trump-says-us-most-highly-taxed-nation-worl/
Scott Walker,"August 17, 2015","""By the end of this budget I'm in right now, taxes will have been cut $4.7 billion in my state.""",true,radio interview,Taxes; Wisconsin,Lucas Daprile,"August 28, 2015",https://www.politifact.com/factchecks/2015/aug/28/scott-walker/scott-walker-touts-47-billion-tax-cuts-he-right/
Americans for Prosperity,"August 11, 2015","Gov. Maggie Hassan’s budget proposal ""raises taxes on small businesses and increases taxes and fees by $100 million.""",mostly-true,TV ad,New Hampshire; State Budget; Taxes,Clay Wirestone,"August 27, 2015",https://www.politifact.com/factchecks/2015/aug/27/americans-prosperity/americans-prosperity-calls-nh-gov-maggie-hassans-b/
Bobby Jindal,"August 18, 2015","Says Scott Walker's plan to replace Obamacare ""is a new entitlement"" program for ""every single American human being from the time they are born right up until they grow old and become eligible for Medicare.""",half-true,statement,Federal Budget; Health Care; Welfare; Taxes; Wisconsin,Tom Kertscher,"August 26, 2015",https://www.politifact.com/factchecks/2015/aug/26/bobby-jindal/scott-walkers-obamacare-replacement-new-entitlemen/
Jim Webb,"August 12, 2015","""We did not even have a federal income tax in this country until 1913.""",half-true,web post,Corrections and Updates; History; Taxes; Virginia,Sean Gorman,"August 24, 2015",https://www.politifact.com/factchecks/2015/aug/24/jim-webb/jim-webb-says-us-didnt-have-income-taxes-until-191/
Donald Trump,"August 16, 2015","""The annual cost of free tax credits alone paid to illegal immigrants quadrupled to $4.2 billion in 2011.""",half-true,policy plan on immigration.,Immigration; National; Taxes,Linda Qiu,"August 18, 2015",https://www.politifact.com/factchecks/2015/aug/18/donald-trump/trump-illegal-immigrants-four-two-billion/
Scott Walker,"August 3, 2015","Wisconsin’s ""rainy day fund"" is ""165 times bigger than when we first took office.""",true,candidates forum,State Budget; Taxes; Wisconsin,Tom Kertscher,"August 7, 2015",https://www.politifact.com/factchecks/2015/aug/07/scott-walker/scott-walker-says-wisconsin-reserve-fund-165-times/
Georgia Department of Economic Development,"July 9, 2015",Film and television productions generated a $6 billion economic impact for Georgia’s economy in the most recent fiscal year.,half-true,press release,Georgia; Economy; Jobs; States; Taxes,April Hunt,"August 7, 2015",https://www.politifact.com/factchecks/2015/aug/07/georgia-department-economic-development/film-industrys-impact-georgia-economy-overstated/
Facebook posts,"March 27, 2015","Say President George W. Bush "" ‘borrowed’ $1.37 trillion of Social Security surplus revenue to pay for his tax cuts for the rich and his war in Iraq and never paid it back.""",mostly-false,comments on social media.,National; Iraq; Social Security; Taxes,Linda Qiu,"August 3, 2015",https://www.politifact.com/factchecks/2015/aug/03/facebook-posts/did-george-w-bush-borrow-social-security-fund-war-/
Donald Trump,"July 25, 2015","Under Gov. Scott Walker, Wisconsin ""projected a $1 billion (budget) surplus and it turns out to be a deficit of $2.2 billion.""",mostly-false,speech,Candidate Biography; Deficit; State Budget; Taxes; Wisconsin,Tom Kertscher,"July 28, 2015",https://www.politifact.com/factchecks/2015/jul/28/donald-trump/donald-trump-says-under-scott-walker-wisconsin-bud/
Hillary Clinton,"July 13, 2015","""Sen. Rubio’s (tax plan) would cut taxes for households making around $3 million a year by almost $240,000, which is way more than three times the earnings of a typical family.""",mostly-true,speech,National; Taxes,Christian Belanger,"July 16, 2015",https://www.politifact.com/factchecks/2015/jul/16/hillary-clinton/would-rubios-tax-plan-mean-big-break-millionaires/
Scott Walker,"July 13, 2015","Says because of his actions, Wisconsin ""property taxes today are lower than they were four years ago.""",mostly-true,speech,Candidate Biography; City Government; Education; Taxes; Wisconsin,Tom Kertscher,"July 15, 2015",https://www.politifact.com/factchecks/2015/jul/15/scott-walker/scott-walker-says-wisconsin-property-taxes-are-low/
Jeb Bush,"June 30, 2015","Says his ""average federal tax rate"" was 36 percent.",half-true,post on his campaign website about releasing his tax returns,Taxes; Florida,Amy Sherman,"July 9, 2015",https://www.politifact.com/factchecks/2015/jul/09/jeb-bush/jeb-bush-says-his-average-federal-tax-rate-was-36-/
Ron Paul,"June 14, 2015","""Jasper County in Texas raised property taxes by 7 percent in order to pay for one death penalty case.""",true,opinion column,Criminal Justice; Crime; Taxes; Texas,W. Gardner Selby,"July 9, 2015",https://www.politifact.com/factchecks/2015/jul/09/ron-paul/ron-paul-says-death-penalty-trial-fueled-texas-tax/
Occupy Democrats,"March 15, 2015","After actions by Gov. Scott Walker and Republicans, Wisconsin ""is dead broke.""",pants-fire,Facebook post,Education; State Budget; Taxes; Wisconsin,James B. Nelson,"July 6, 2015",https://www.politifact.com/factchecks/2015/jul/06/occupy-democrats/occupy-democrats-group-says-wisconsin-dead-broke-d/
Impact America Action,"June 8, 2015","As governor, Maggie Hassan first proposed a $1 billion spending increase.",half-true,ad,New Hampshire; State Budget; Taxes,Clay Wirestone,"June 25, 2015",https://www.politifact.com/factchecks/2015/jun/25/impact-america/ad-says-nh-governor-hassan-proposed-1-billion-spen/
Jeb Bush,"June 15, 2015","""The party in the White House"" is responsible for ""a massive tax increase on the middle class.""",mostly-false,speech launching his 2016 campaign,National; Health Care; Taxes,Lauren Carroll,"June 23, 2015",https://www.politifact.com/factchecks/2015/jun/23/jeb-bush/jeb-bush-obama-caused-massive-tax-increase-middle-/
Ron  Christie,"June 12, 2015","""After the 2001 and 2003 Bush tax rate cuts ... there was more money coming into the treasury.""",mostly-false,"panel discussion on HBO's ""Real Time with Bill Maher""",Taxes; PunditFact,Jon Greenberg,"June 17, 2015",https://www.politifact.com/factchecks/2015/jun/17/ron-christie/gop-strategist-christie-tax-revenues-rose-after-bu/
Dave Brat,"May 29, 2015","""In just 17 years, spending for Social Security, federal health care and interest on the debt will exceed ALL tax revenue!""",mostly-true,Facebook post,Debt; Federal Budget; Taxes; Virginia,Warren Fiske,"June 16, 2015",https://www.politifact.com/factchecks/2015/jun/16/dave-brat/brat-says-entitlement-and-debt-payments-will-consu/
Jeb Bush,"June 2, 2015","""In Florida, for eight years we cut taxes every year, totaling $19 billion.""",half-true,speech at Gov. Rick Scott's Economic Growth Summit,State Budget; Taxes; Florida,Joshua Gillin,"June 11, 2015",https://www.politifact.com/factchecks/2015/jun/11/jeb-bush/Jeb-Bush-says-he-cut-Florida-taxes-by-19-billion/
Lee May,"June 2, 2015","""Our reserves are now in much better shape than they were just a few years ago.""",true,press release,Georgia; County Budget; Taxes,April Hunt,"June 9, 2015",https://www.politifact.com/factchecks/2015/jun/09/lee-may/claim-about-dekalb-finances-hits-mark/
Jeb Bush,"June 2, 2015","""You can fill out your tax return in Estonia online in five minutes.""",true,remarks at an economic summit,National; Foreign Policy; Taxes,Louis Jacobson,"June 4, 2015",https://www.politifact.com/factchecks/2015/jun/04/jeb-bush/jeb-bush-says-estonians-can-file-their-taxes-five-/
Timothy Sheehy,"April 10, 2015","A 50-50 public-private split for paying for a new Milwaukee Bucks arena would ""be much better -- in terms of the portion of the public financing -- than most of the other arena projects done around the country.""",true,interview,Economy; Recreation; Sports; State Budget; Taxes; Wisconsin,Tom Kertscher,"May 29, 2015",https://www.politifact.com/factchecks/2015/may/29/timothy-sheehy/would-paying-half-cost-new-milwaukee-bucks-arena-b/
The Commonwealth Institute,"April 30, 2015","Says ""roughly two-thirds of (state) corporations didn’t pay any income tax in Virginia.""",mostly-true,blog post.,Corporations; Taxes; Virginia,Sean Gorman,"May 27, 2015",https://www.politifact.com/factchecks/2015/may/27/commonwealth-institute/commonwealth-institute-says-most-va-corporations-d/
Ted Cruz,"July 12, 2014","""Every year we spend roughly $500 billion on tax compliance. That is roughly the budget of our entire military, entirely wasted on tax compliance.""",false,roundtable with Texas businesses,Federal Budget; Military; Taxes; Texas,W. Gardner Selby,"May 20, 2015",https://www.politifact.com/factchecks/2015/may/20/ted-cruz/ted-cruz-americans-spend-500-billion-complying-tax/
Tammy Baldwin,"May 5, 2015","""There are more members of the U.S. Senate than the number of WI families who would benefit from GOP estate tax break.""",mostly-true,tweet,Taxes; Wisconsin,Sarah Hauer,"May 20, 2015",https://www.politifact.com/factchecks/2015/may/20/tammy-baldwin/are-there-more-us-senators-wisconsin-residents-who/
Hillary Clinton,"May 18, 2015","Hedge fund managers ""pay less in taxes than nurses and truck drivers.""",false,appearance,National; Economy; Income; Jobs; Taxes,Louis Jacobson,"May 20, 2015",https://www.politifact.com/factchecks/2015/may/20/hillary-clinton/hillary-clinton-says-hedge-fund-managers-pay-less-/
David Perdue,"April 27, 2015","The Fair Tax proposal encourages innovation and investment ""level the playing field"" for American companies to compete globally.",half-true,his debut Senate floor speech,Georgia; Taxes,April Hunt,"May 18, 2015",https://www.politifact.com/factchecks/2015/may/18/david-perdue/fair-tax-claim-ignores-contradictory-economic-mode/
Bill Gates,"May 17, 2015","The ""highest economic growth decade was the 1960s. Income tax rates were 90 percent.""",mostly-true,"interview on CNN's ""Fareed Zakaria GPS""",Economy; Taxes; PunditFact,Jon Greenberg,"May 17, 2015",https://www.politifact.com/factchecks/2015/may/17/bill-gates/bill-gates-high-taxes-and-high-growth-can-co-exist/
Kathleen Sullivan,"April 29, 2015","""The proportion of Rhode Islanders entering substance abuse treatment primarily due to marijuana use has reached its highest point in 20 years.""",false,testimony before the House Judiciary Committee,Rhode Island; Consumer Safety; Criminal Justice; Drugs; Economy; History; Crime; Government Regulation; Public Health; Public Safety; Recreation; Regulation; Small Business; Taxes; Marijuana,Mark  Reynolds,"May 17, 2015",https://www.politifact.com/factchecks/2015/may/17/kathleen-sullivan/anti-marijuana-advocate-says-treatment-levels-have/
Debbie Mayfield,"May 4, 2015","""Florida sends $135 billion and D.C. returns $150 billion.""",mostly-true,tweet,Federal Budget; Medicaid; State Budget; Taxes; Florida,Joshua Gillin,"May 14, 2015",https://www.politifact.com/factchecks/2015/may/14/debbie-mayfield/florida-takes-billions-more-washington-it-gives-re/
Van  Taylor,"March 25, 2015","I ""helped pass what, if enacted, would be the largest tax cut in Texas history through the State Senate.""",mostly-false,press release,State Budget; Taxes; Texas,W. Gardner Selby,"May 5, 2015",https://www.politifact.com/factchecks/2015/may/05/van-taylor/van-taylor-says-texas-senate-sent-largest-tax-cut-/
Robert Hurt,"April 16, 2015","Says the estate tax, ""in many cases,"" forces family farmers and small businesses owners to sell their holdings.",false,statement.,Agriculture; Families; Small Business; Taxes; Virginia,Warren Fiske,"May 3, 2015",https://www.politifact.com/factchecks/2015/may/03/robert-hurt/hurt-amiss-linking-estate-tax-small-farm-businesse/
Debbie Dooley,"March 31, 2015",The recently passed transportation funding bill is a billion-dollar tax increase for Georgians.,mostly-true,Twitter post,Georgia; State Budget; Transportation; Taxes,April Hunt,"April 27, 2015",https://www.politifact.com/factchecks/2015/apr/27/debbie-dooley/maybe-not-today-and-maybe-under-different-name-tax/
Bill Maher,"April 17, 2015","""More astronauts have been to the moon than farmers who paid the inheritance tax in 2013.""",mostly-true,"his monologue on ""Real Time""",Taxes; PunditFact,Katie Sanders,"April 23, 2015",https://www.politifact.com/factchecks/2015/apr/23/bill-maher/bill-maher-says-more-americans-have-been-moon-farm/
Scott Walker,"April 14, 2015","""Americans will spend more on taxes in 2015 than on food, clothing and housing combined.""",half-true,Twitter post,Federal Budget; State Budget; Taxes; Wisconsin,Dave Umhoefer,"April 23, 2015",https://www.politifact.com/factchecks/2015/apr/23/scott-walker/scott-walker-says-americans-will-spend-more-taxes-/
Elizabeth Roberts,"March 2, 2015","""More than 30 cents of every state tax dollar goes to Medicaid.""",true,presentation to the Reinventing Medicaid Working Group,Rhode Island; Debt; Disability; Economy; Families; Health Care; Medicaid; Poverty; State Budget; Taxes,C. Eugene Emery Jr.,"April 19, 2015",https://www.politifact.com/factchecks/2015/apr/19/elizabeth-roberts/ri-hhs-secretary-elizabeth-roberts-says-more-30-pe/
Michael T. Owens,"April 1, 2015",A $5-a-night hotel/motel tax that’s part of the transportation bill will hurt Georgia’s convention business by adding extra costs for large groups coming to the state.,mostly-true,news report,Georgia; Tourism; Taxes,April Hunt,"April 15, 2015",https://www.politifact.com/factchecks/2015/apr/15/michael-t-owens/new-hotel-fee-adds-costs-not-always-guests/
Rick McAllister,"March 27, 2015","People buy more items during Georgia’s sales-tax holidays, boosting economic activity.",half-true,news report,Georgia; State Budget; Taxes,April Hunt,"April 1, 2015",https://www.politifact.com/factchecks/2015/apr/01/rick-mcallister/retailers-overstates-impact-tax-holidays/
Gina Raimondo,"March 13, 2015","""Rhode Island has the second highest per enrollee (Medicaid) cost of any state in the country, which is 60 percent higher than the national average.""",mostly-true,television interview,Rhode Island; Economy; Federal Budget; Health Care; Medicaid; Poverty; Public Health; Regulation; State Budget; States; Taxes,C. Eugene Emery Jr.,"March 29, 2015",https://www.politifact.com/factchecks/2015/mar/29/gina-raimondo/gov-gina-raimondo-says-ris-medicaid-costs-enrollee/
Bernie Sanders,"March 23, 2015","""From 2013-2015, the richest 14 Americans increased their net wealth by more than $157 billion, yet the Republican budget would not require these Americans to contribute one penny to deficit reduction.""",half-true,Tweet,National; Federal Budget; Wealth; Taxes,Lauren Carroll,"March 27, 2015",https://www.politifact.com/factchecks/2015/mar/27/bernie-sanders/bernie-sanders-gop-budget-does-not-ask-ultra-wealt/
Atlanta Journal-Constitution,"February 10, 2015",The proposed transportation tax plan revokes a tax-credit for consumers’ electric cars while the state retains similar credits for similar vehicles for businesses.,true,news reports,Georgia; Transportation; Taxes,April Hunt,"March 16, 2015",https://www.politifact.com/factchecks/2015/mar/16/atlanta-journal-constitution/bill-would-nix-consumers-tax-break-electric-vehicl/
John Fredericks,"February 28, 2015","Every illegal immigrant ""can be eligible for up to $36,000 to $38,000 in earned income tax credits without paying a dime in.""",false,radio show.,Immigration; Taxes; Virginia,Warren Fiske,"March 9, 2015",https://www.politifact.com/factchecks/2015/mar/09/john-fredericks/john-fredericks-says-every-illegal-immigrant-can-b/
Rick Scott,"March 3, 2015","""The average person only pays about $1,800 in state taxes — which is the lowest of all 50 states.""",mostly-true,Florida State of the State address,Taxes; Florida,Steve Contorno,"March 3, 2015",https://www.politifact.com/factchecks/2015/mar/03/rick-scott/rick-scott-average-floridian-pays-1800-state-taxes/
Rick Scott,"March 3, 2015","""We have cut taxes more than 40 times in four years.""",half-true,State of the State address,Taxes; Florida,Joshua Gillin,"March 3, 2015",https://www.politifact.com/factchecks/2015/mar/03/rick-scott/rick-scott-says-he-cut-taxes-more-40-times/
Gina Raimondo,"February 18, 2015","Rhode Island has invested less in tourism, economic development and economic development personnel than four nearby states.",mostly-false,presentation,Rhode Island; Economy; Jobs; Small Business; State Budget; States; Tourism; Workers; Taxes,C. Eugene Emery Jr.,"March 1, 2015",https://www.politifact.com/factchecks/2015/mar/01/gina-raimondo/gov-gina-raimondo-says-rhode-island-invests-less-e/
Mike Lee,"February 16, 2015","The FCC’s net neutrality policy includes what is ""essentially a massive tax increase.""",half-true,email through Protect Internet Freedom,National; Technology; Taxes,Lauren Carroll,"February 26, 2015",https://www.politifact.com/factchecks/2015/feb/26/mike-lee/effect-net-neutrality-rules-taxes-uncertain/
Trebor Banstetter,"February 2, 2015","A bill to eliminate Delta Air Lines’ jet fuel tax breaks ""violates federal law and puts the state at risk of losing critical funding from the Federal Aviation Administration.""",true,a statement,Georgia; Corporations; Gas Prices; Government Regulation; State Budget; Taxes,Nancy Badertscher,"February 23, 2015",https://www.politifact.com/factchecks/2015/feb/23/trebor-banstetter/delta-spokesman-correct-federal-law-and-jet-fuel-t/
Nicholas Mattiello,"January 18, 2015","""There haven't been tax cuts for the rich"" in Rhode Island.",false,"interview on ""10 News Conference""",Rhode Island; Economy; History; Jobs; Poverty; State Budget; Wealth; Taxes,C. Eugene Emery Jr.,"February 8, 2015",https://www.politifact.com/factchecks/2015/feb/08/nicholas-mattiello/house-speaker-nicholas-mattiello-says-rhode-island/
Paul Stekler,"January 24, 2015","Louisiana’s film incentives program is so big ""they actually shot an upcoming film initially titled ‘Don’t Mess With Texas’ in New Orleans!""",half-true,oped column,State Budget; Taxes; Texas,W. Gardner Selby,"February 7, 2015",https://www.politifact.com/factchecks/2015/feb/07/paul-stekler/paul-stekler-says-louisiana-incentives-best-nation/
X posts,"February 2, 2015","""Scott Walker to cut $300 million from universities, spend $500 million on a pro basketball stadium.""",half-true,Twitter posts,Education; Sports; State Budget; Taxes; Wisconsin,Tom Kertscher,"February 6, 2015",https://www.politifact.com/factchecks/2015/feb/06/tweets/scott-walker-wants-cut-college-budgets-13-and-spen/
Rand Paul,"January 25, 2015","""When you look at the earned income tax credit, it has about a 25 percent fraud rate. We're looking at $20 billion to $30 billion.""",half-true,forum at the Freedom Partners 2015 California retreat,National; Welfare; Taxes,Steve Contorno,"January 30, 2015",https://www.politifact.com/factchecks/2015/jan/30/rand-paul/rand-paul-says-earned-income-tax-credit-has-25-per/
John Boehner,"January 25, 2015","The Affordable Care Act ""basically puts a penalty or a tax on employers for every new job they create.""",half-true,"interview on CBS' ""60 Minutes""",National; Economy; Health Care; Jobs; Taxes,Louis Jacobson,"January 29, 2015",https://www.politifact.com/factchecks/2015/jan/29/john-boehner/john-boehner-says-obamacare-puts-penalty-or-tax-em/
Stuart Varney,"January 27, 2015","""It will cost $50,000 per enrollee in Obamacare over the next 10 years.""",false,"interview on Fox News' ""America's Newsroom""",Health Care; Taxes; PunditFact,Jon Greenberg,"January 28, 2015",https://www.politifact.com/factchecks/2015/jan/28/stuart-varney/will-aca-cost-50000-enrollee/
John Kasich,"January 25, 2015","""You cannot build a little guy up by tearing a big guy down -- Abraham Lincoln said it.""",pants-fire,"comments on ""Fox News Sunday""",National; Candidate Biography; Taxes,Lauren Carroll,"January 25, 2015",https://www.politifact.com/factchecks/2015/jan/25/john-kasich/did-abraham-lincoln-say-you-cannot-build-little-gu/
Tammy Baldwin,"January 13, 2015","Middle-class Americans ""pay a higher tax rate than millionaires and billionaires.""",half-true,news release,Income; Wealth; Workers; Taxes; Wisconsin,Tom Kertscher,"January 25, 2015",https://www.politifact.com/factchecks/2015/jan/25/tammy-baldwin/middle-class-pays-higher-tax-rates-millionaires-se/
Jennifer Granholm,"January 18, 2015","Says Mitt Romney ""pays less tax than the guys who installed his car elevators.""",half-true,"interview on ABC's ""This Week""",Taxes; PunditFact,Jon Greenberg,"January 18, 2015",https://www.politifact.com/factchecks/2015/jan/18/jennifer-granholm/former-michigan-gov-romney-pays-less-tax-guys-who-/
Bob Buckhorn,"January 15, 2015","Says he ""balanced the budget without raising taxes.""",mostly-false,campaign ad,City Budget; Taxes; Florida,Richard Danielson,"January 16, 2015",https://www.politifact.com/factchecks/2015/jan/16/bob-buckhorn/buckhorn-balanced-city-budget-without-raising-taxe/
James Aubin,"January 5, 2015","""Colorado raked in $60 million in marijuana taxes and licensing fees in the past year.""",true,newspaper commentary,Rhode Island; Drugs; Legal Issues; Taxes; Marijuana,Katie Mulvaney,"January 11, 2015",https://www.politifact.com/factchecks/2015/jan/11/james-aubin/advocate-says-colorado-received-60-million-taxes-a/
Scott Walker,"December 17, 2014","""The difference over the (previous) four years between where things were headed and where we brought them to over the last four years is a total of $816 in saved property tax money.""",mostly-false,remarks to reporters,State Budget; Taxes; Wisconsin,Tom Kertscher,"January 9, 2015",https://www.politifact.com/factchecks/2015/jan/09/scott-walker/scott-walker-claims-credit-814-property-tax-saving/
Rick Scott,"January 6, 2015","""Estimates say individuals who escaped these high tax states have taken with them around $2 trillion in adjusted gross income.""",mostly-false,his second inaugural address,Taxes; Florida,Joshua Gillin,"January 8, 2015",https://www.politifact.com/factchecks/2015/jan/08/rick-scott/people-moved-2-trillion-worth-income-escape-high-t/
Louie Gohmert,"January 5, 2015","Says President Barack Obama has ""not proposed one thing that would change"" the fact that Warren Buffett pays a lower tax rate than his secretary.",false,Fox news interview,National; Taxes,Lauren Carroll,"January 7, 2015",https://www.politifact.com/factchecks/2015/jan/07/louie-gohmert/louie-gohmert-says-obama-has-not-proposed-one-tax-/
Chain email,"January 1, 2015","New tax increases that went into effect on Jan. 1, 2015, ""all passed under the Affordable Care Act, aka Obamacare.""",pants-fire,chain email,National; Health Care; Medicare; Taxes,Louis Jacobson,"January 5, 2015",https://www.politifact.com/factchecks/2015/jan/05/chain-email/what-will-happen-taxes-january-2015-chain-email-wr/
Kevin Brady,"December 17, 2014","""Texas families have kept more than $10 billion in their family budgets since we successfully fought to restore Texas' sales tax deduction a decade ago.""",true,press release,States; Taxes; Texas,W. Gardner Selby,"December 23, 2014",https://www.politifact.com/factchecks/2014/dec/23/kevin-brady/kevin-brady-says-sales-tax-deduction-has-saved-tex/
Scott Walker,"December 12, 2014","""My property taxes went down largely because my technical college portion went down 35.5% because of the money we put in at state.""",true,tweet,Taxes; Wisconsin,Dave Umhoefer,"December 18, 2014",https://www.politifact.com/factchecks/2014/dec/18/scott-walker/scott-walker-says-hes-got-himself-thank-his-tax-bi/
Tom Coburn,"December 11, 2014","The home-mortgage deduction is widely thought to be ""a middle-class benefit. It's not -- 73 percent of it goes to people making a quarter-million dollars or more a year.""",half-true,interview with CNN,National; Housing; Income; Taxes,Louis Jacobson,"December 17, 2014",https://www.politifact.com/factchecks/2014/dec/17/tom-coburn/coburn-says-73-percent-benefits-mortgage-deduction/
Susan Stimpson,"December 2, 2014","""Bill Howell has been the consistent force behind every major tax increase in Virginia in the last decade.""",mostly-true,news release.,Voting Record; Taxes; Virginia,Nancy  Madsen,"December 15, 2014",https://www.politifact.com/factchecks/2014/dec/15/susan-stimpson/susan-stimpson-says-bill-howell-has-been-force-beh/
Steve Adler,"December 2, 2014","Mike ""Martinez has voted to raise taxes and utility rates while ending free bus service for seniors.""",mostly-true,TV ad,Transportation; Voting Record; Taxes; Texas,W. Gardner Selby,"December 11, 2014",https://www.politifact.com/factchecks/2014/dec/11/steve-adler/steve-adler-mike-martinez-tax-utility-rates-fares/
Mario Loyola,"November 5, 2014","""Wisconsin’s state budget is almost twice as large per person as the state budget of Texas, and even after billions in tax cuts, Wisconsin’s working families and businesses remain subject to a heavy tax burden.""",mostly-true,opinion piece,State Budget; Taxes; Wisconsin,Dave Umhoefer,"December 1, 2014",https://www.politifact.com/factchecks/2014/dec/01/mario-loyola/mario-loyola-says-even-cuts-wisconsin-spending-and/
Jim Skaggs,"November 5, 2014","Austin is ""burdened by the fastest-growing tax increases of any major city in the nation.""",false,as quoted,City Budget; City Government; Taxes; Texas,W. Gardner Selby,"November 28, 2014",https://www.politifact.com/factchecks/2014/nov/28/jim-skaggs/austin-area-activist-says-austin-has-fastest-growi/
Anne Nolan,"November 12, 2014","""In Rhode Island, a recent study showed that among a group of people who had been homeless for a year or more, Medicaid costs averaged about $60,000 per person.""",false,Journal commentary,Rhode Island; Children; Economy; Families; Federal Budget; Health Care; Housing; Human Rights; Income; Medicaid; Poverty; Public Health; State Budget; Taxes; Urban; Veterans; Welfare; Women,C. Eugene Emery Jr.,"November 23, 2014",https://www.politifact.com/factchecks/2014/nov/23/anne-nolan/crossroads-head-anne-nolan-says-long-term-homeless/
Edward Lindsey,"November 10, 2014",Georgia has some of the highest gas taxes in the Southeast but one of the lowest taxes on gasoline for transportation in the nation.,mostly-true,Atlanta Journal-Constitution story,Georgia; Gas Prices; Taxes,Nancy Badertscher,"November 18, 2014",https://www.politifact.com/factchecks/2014/nov/18/ed-lindsey/gas-tax-comparison-mostly-target/
Peter Barca,"November 7, 2014","Republicans approved 12 times larger tax breaks for ""people making over 350 grand"" than for ""the average middle-class person.""",mostly-true,interview,State Budget; Taxes; Wisconsin,Dave Umhoefer,"November 14, 2014",https://www.politifact.com/factchecks/2014/nov/14/peter-barca/peter-barca-gop-tax-breaks-12-times-larger-top-ear/
Johnny Isakson,"November 21, 2014",Georgia has the country’s second highest number of fraudulent tax refund claims.,half-true,press release,Georgia; Crime; Taxes,Nancy Badertscher,"November 14, 2014",https://www.politifact.com/factchecks/2014/nov/14/johnny-isakson/Isakson-off-about-income-tax-fraud-ranking/
Daily Caller,"November 3, 2014","""Jeanne Shaheen was principally involved in a plot with Lois Lerner and President Barack Obama’s political appointee at the IRS to lead a program of harassment against conservative nonprofit groups during the 2012 election""",false,article,New Hampshire; Government Regulation; Taxes,Jonathan Van Fleet,"November 4, 2014",https://www.politifact.com/factchecks/2014/nov/04/daily-caller/jeanne-shaheen-hit-last-minute-attack-over-lois-le/
Ernest Almonte,"October 19, 2014","Seth Magaziner ""plans to spend billions more of your money.""",false,television commercial,Rhode Island; Debt; Deficit; Economy; Education; Jobs; Message Machine 2014; Negative Campaigning; Pensions; Small Business; State Budget; Unions; Taxes,C. Eugene Emery Jr.,"October 29, 2014",https://www.politifact.com/factchecks/2014/oct/29/ernest-almonte/ernest-almonte-claims-seth-magaziner-treasurer-pla/
Mary Burke,"October 24, 2014","Says Scott Walker ""gave $6 million in tax breaks to a corporation and told them that they can keep that money even if they lay off half their workforce.""",half-true,speech,Wisconsin; Economy; Infrastructure; Jobs; State Budget; Taxes; Workers,Tom Kertscher,"October 28, 2014",https://www.politifact.com/factchecks/2014/oct/28/mary-burke/mary-burke-says-scott-walker-deal-lets-company-kee/
Sheryl Cole,"October 15, 2014","""This year,"" the Austin City Council ""granted a small homestead"" property tax ""exemption of $5,000... applied equally to everyone. And we also granted an exemption for the elderly and the disabled members of the community.""",mostly-false,"""Ballot Boxing"" candidate forum",Taxes; Texas,W. Gardner Selby,"October 21, 2014",https://www.politifact.com/factchecks/2014/oct/21/sheryl-cole/austin-mayoral-hopeful-sheryl-cole-says-year-we-gr/
Ernest Almonte,"October 5, 2014","""I was speaking out on pension reform almost 17 years ago.""",mostly-true,"interview on WLNE's ""On the Record""",Rhode Island; Candidate Biography; Debt; Deficit; Economy; Government Regulation; History; Labor; Pensions; Retirement; State Budget; Taxes; Unions; Wealth; Workers,C. Eugene Emery Jr.,"October 20, 2014",https://www.politifact.com/factchecks/2014/oct/20/ernest-almonte/treasurer-candidate-ernest-almonte-says-he-was-spe/
Chain email,"September 30, 2014","""2014 Federal Tax Refunds To Be Delayed Until October 2015.""",pants-fire,chain email,National; Taxes,Nai Issa,"October 16, 2014",https://www.politifact.com/factchecks/2014/oct/16/chain-email/viral-claim-says-irs-will-be-delaying-tax-refunds-/
Mary Burke,"October 8, 2014","Under Scott Walker's ""tax plan, the average Wisconsin taxpayer got just $11 a month. But corporations got $610 million in tax cuts. Millionaires got at least $1,400 per year.""",half-true,TV ad,Corporations; Income; State Budget; Wealth; Taxes; Wisconsin,Tom Kertscher,"October 16, 2014",https://www.politifact.com/factchecks/2014/oct/16/mary-burke/scott-walkers-tax-plan-favors-rich-corporations-ov/
No Tax For Tracks,"September 30, 2014","The Greenlight Pinellas 1-cent sales tax ""is permanent, we never get to vote on this again.""",half-true,email newsletter,Transportation; Taxes; Florida,Joshua Gillin,"October 14, 2014",https://www.politifact.com/factchecks/2014/oct/14/no-tax-tracks/greenlight-pinellas-opponents-says-residents-will-/
American LeadHERship PAC,"October 8, 2014","""As mayor, [Allan Fung] raised taxes three times.""",mostly-true,TV commercial,Rhode Island; City Budget; Debt; Economy; History; Labor; Pensions; Retirement; Workers; Taxes,C. Eugene Emery Jr.,"October 14, 2014",https://www.politifact.com/factchecks/2014/oct/14/american-leadhership-pac/american-leadhership-ad-ignores-three-years-allan-/
Allan Fung,"September 29, 2014","In the 38 Studios deal, ""Wall Street investors took a risk, and went bust.""",false,TV commercial,Bankruptcy; Rhode Island; Debt; Economy; History; Message Machine 2014; Negative Campaigning; State Budget; Taxes,C. Eugene Emery Jr.,"October 12, 2014",https://www.politifact.com/factchecks/2014/oct/12/allan-fung/allan-fung-claims-wall-street-investors-went-bust-/
Republican Party of Florida,"September 22, 2014","Judithanne McLauchlan ""was part of a group that supports imposing a state income tax on Floridians.""",mostly-false,campaign commercial,Taxes; Florida,Joshua Gillin,"October 3, 2014",https://www.politifact.com/factchecks/2014/oct/03/republican-party-florida/state-gop-tries-equate-judithanne-mclauchlan-state/
Scott Walker,"September 18, 2014","""Thanks to our reforms, the average family will have an extra $322 to spend.""",mostly-true,campaign TV ad,State Budget; Taxes; Wisconsin,Dave Umhoefer,"September 26, 2014",https://www.politifact.com/factchecks/2014/sep/26/scott-walker/scott-walker-says-tax-cuts-amount-322-average-fami/
Mary Burke,"September 11, 2014","Says Scott Walker cut ""taxes for the wealthiest"" and raised taxes ""on 140,000 Wisconsin families.""",half-true,TV ad,Housing; Income; Message Machine 2014; Poverty; Taxes; Wisconsin,Tom Kertscher,"September 25, 2014",https://www.politifact.com/factchecks/2014/sep/25/mary-burke/scott-walker-cut-taxes-rich-raised-them-families-m/
Mary Burke,"September 10, 2014","Says Scott Walker's jobs agency gives financial incentives that lead ""Wisconsin companies to look at shipping jobs elsewhere. ... A company got $4.6 million in taxpayer money and actually reduced its jobs by 300 people.""",mostly-false,interview,Economy; Jobs; State Budget; Workers; Taxes; Wisconsin,Tom Kertscher,"September 19, 2014",https://www.politifact.com/factchecks/2014/sep/19/mary-burke/scott-walkers-jobs-agency-gives-incentives-lead-lo/
Mark Harris,"September 2, 2014","Says Glenn Grothman pushed through state tax credits that when phased in, ""someone that owns a factory that produces millions in income"" will pay ""less tax than their nephew would if he worked full time at Taco Bell for minimum wage.""",mostly-true,interview,Income; Small Business; State Budget; Taxes; Wisconsin,Tom Kertscher,"September 14, 2014",https://www.politifact.com/factchecks/2014/sep/14/mark-harris-wisc/new-wisconsin-tax-breaks-will-let-factory-owners-p/
Alison Lundergan Grimes,"August 15, 2014","Says Mitch McConnell voted ""three times for corporate tax breaks that send Kentucky jobs overseas.""",mostly-false,campaign ad,National; Corporations; Message Machine 2014; Voting Record; Wealth; Taxes,Lauren Carroll,"September 12, 2014",https://www.politifact.com/factchecks/2014/sep/12/alison-lundergan-grimes/alison-lundergan-grimes-ad-says-mitch-mcconnell-vo/
"Vincent ""Buddy"" Cianci","September 10, 2014","Jorge Elorza ""wants to impose a municipal income tax.""",false,radio interview,Rhode Island; City Budget; Deficit; Economy; Taxes,C. Eugene Emery Jr.,"September 12, 2014",https://www.politifact.com/factchecks/2014/sep/12/vincent-buddy-cianci/buddy-cianci-says-jorge-elorza-wants-impose-munici/
Chris Larson,"September 8, 2014","""Over the next two years, this $1.8 billion deficit will cost individual Wisconsinites $300 each, or $1,200 for families of four.""",false,news release,Deficit; State Budget; Taxes; Wisconsin,Tom Kertscher,"September 11, 2014",https://www.politifact.com/factchecks/2014/sep/11/chris-larson/projected-state-budget-shortfall-will-cost-wiscons/
Alberta Darling,"September 8, 2014","""Wisconsin does not have a deficit. Thanks to Republican reforms, the 2014 budget will begin with a $443 million surplus.""",half-true,news release,Deficit; State Budget; Taxes; Wisconsin,Tom Kertscher,"September 11, 2014",https://www.politifact.com/factchecks/2014/sep/11/alberta-darling/despite-news-18-billion-shortfall-alberta-darling-/
Bob Beckel,"September 1, 2014","The United States has ""the most number of deductions available to corporations"" for the corporate income tax.",false,"discussion on Fox News' ""The Five""",Corporations; Taxes; PunditFact,Derek Tsang,"September 9, 2014",https://www.politifact.com/factchecks/2014/sep/09/bob-beckel/does-us-have-more-corporate-tax-deductions-any-oth/
Eric Bolling,"September 1, 2014","The United States has ""the highest corporate tax rate in the free world.""",mostly-true,"discussion on Fox News' ""The Five""",Corporations; Taxes; PunditFact,Derek Tsang,"September 9, 2014",https://www.politifact.com/factchecks/2014/sep/09/eric-bolling/does-us-have-highest-corporate-tax-rate-free-world/
Paul Ryan,"September 2, 2014","""Miller Brewing is not a U.S. company any more. Neither is Anheuser-Busch.""",true,speech,Alcohol; Corporations; Taxes; Wisconsin,James B. Nelson,"September 8, 2014",https://www.politifact.com/factchecks/2014/sep/08/paul-ryan/paul-ryan-says-miller-brewing-and-anheuser-busch-a/
Greater Wisconsin Committee,"August 28, 2014","""Scott Walker cut school funding more per student than any governor in America.""",mostly-true,TV ad,Children; Education; Message Machine 2014; State Budget; States; Taxes; Wisconsin,Tom Kertscher,"September 7, 2014",https://www.politifact.com/factchecks/2014/sep/07/greater-wisconsin-political-fund/scott-walker-cut-school-funding-more-any-governor-/
Wisconsin State AFL-CIO,"August 31, 2014","""Scott Walker has given a $10,000 tax deduction to millionaires who send their kids to exclusive private schools.""",mostly-false,direct-mail piece,Education; Income; Wealth; Taxes; Wisconsin,Tom Kertscher,"August 31, 2014",https://www.politifact.com/factchecks/2014/aug/31/wisconsin-state-afl-cio/scott-walker-gave-10000-tax-break-millionaires-afl/
Burger King,"August 26, 2014","After merging with Tim Hortons of Canada, Burger King is ""not moving. … Our headquarters will remain in Miami"" and ""(we) will continue to pay all of our federal, state and local U.S. taxes.""",half-true,Facebook post,National; Corporations; Taxes,Louis Jacobson,"August 29, 2014",https://www.politifact.com/factchecks/2014/aug/29/burger-king/burger-king-says-its-not-moving-and-will-continue-/
Chris Matthews,"August 27, 2014","On tax inversions, the Wall Street Journal ""surprisingly attacked this tax scheme.""",false,"broadcast of MSNBC's ""Hardball""",Taxes; PunditFact,Jon Greenberg,"August 29, 2014",https://www.politifact.com/factchecks/2014/aug/29/chris-matthews/does-wall-street-journal-really-oppose-burger-king/
Bernie Sanders,"August 27, 2014","""In 1952, the corporate income tax accounted for 33 percent of all federal tax revenue. Today, despite record-breaking profits, corporate taxes bring in less than 9 percent.""",mostly-true,meme on social media,National; Corporations; Taxes,Louis Jacobson,"August 28, 2014",https://www.politifact.com/factchecks/2014/aug/28/bernie-sanders/bernie-sanders-says-tax-share-paid-corporations-ha/
Truth in Accounting,"August 4, 2014","Each Georgia taxpayer would have to send $5,000 to the treasury to cover the state’s debt.",mostly-false,recent report,Georgia; Pensions; State Budget; Taxes,April Hunt,"August 27, 2014",https://www.politifact.com/factchecks/2014/aug/27/truth-accounting/georgias-finances-not-alarming-report-suggests/
Senate Majority PAC,"August 20, 2014","Says Thom Tillis ""gives tax breaks to yacht and jet owners.""",false,campaign ad,National; Message Machine 2014; Wealth; Taxes,Lauren Carroll,"August 26, 2014",https://www.politifact.com/factchecks/2014/aug/26/senate-majority-pac/ad-says-senate-candidate-thom-tillis-gave-tax-brea/
Mike Martinez,"August 4, 2014","""The majority of Austinites rent"" the places they live.",true,as quoted,City Budget; City Government; Taxes; Texas,W. Gardner Selby,"August 22, 2014",https://www.politifact.com/factchecks/2014/aug/22/mike-martinez/mike-martinez-says-majority-austin-residents-are-r/
Scott Walker,"July 21, 2014","Says his ""Act 10 reforms"" have ""saved the taxpayers some $3 billion.""",mostly-true,news article,City Government; County Government; Health Care; Pensions; State Budget; Taxes; Wisconsin,Tom Kertscher,"August 20, 2014",https://www.politifact.com/factchecks/2014/aug/20/scott-walker/scott-walker-says-union-reform-law-brought-massive/
Gary Lambert,"August 11, 2014","Says Marilinda Garcia supports ""$150 billion in new taxes.""",pants-fire,campaign mailer,New Hampshire; Economy; Taxes,Jim Haddadin,"August 15, 2014",https://www.politifact.com/factchecks/2014/aug/15/gary-lambert/gop-challenger-gary-lambert-says-rival-marilinda-g/
NextGen Climate Action Committee,"August 30, 2014","Says U.S. Senate candidate Joni Ernst signed a pledge that ""protects tax breaks for companies that ship jobs overseas.""",false,television ad,National; Corporations; Taxes,Lauren Carroll,"August 5, 2014",https://www.politifact.com/factchecks/2014/aug/05/next-generation-climate-action-committee/ad-says-joni-ernst-pledged-protect-tax-breaks-comp/
Charlotte Nash,"July 15, 2014","Gwinnett County government has made ""significant cutbacks in staffing.""",half-true,at a commission meeting,Georgia; County Budget; Taxes,Nancy Badertscher,"August 5, 2014",https://www.politifact.com/factchecks/2014/aug/05/charlotte-nash/gwinnett-claim-hurt-by-comparisons/
Charlie Crist,"July 31, 2014","Says Rick Scott ""raised property taxes.""",mostly-false,campaign commercial,Education; State Budget; Taxes; Florida,Joshua Gillin,"August 1, 2014",https://www.politifact.com/factchecks/2014/aug/01/charlie-crist/rick-scott-raised-property-taxes-charlie-crist-say/
Paul Ryan,"July 25, 2014","Twenty percent of single adults, ages 21 to 25 with no kids, ""are not working or even in school trying to find a job.""",false,interview,Children; Education; Federal Budget; Jobs; Poverty; Taxes; Wisconsin,Tom Kertscher,"July 30, 2014",https://www.politifact.com/factchecks/2014/jul/30/paul-ryan/one-five-single-childless-adults-their-early-20s-n/
Jamie Weinstein,"July 18, 2014","The states that are doing ""better"" are the ones that have no state income tax.",half-true,"comments on HBO's ""Real Time with Bill Maher""",Taxes; PunditFact,Derek Tsang,"July 28, 2014",https://www.politifact.com/factchecks/2014/jul/28/jamie-weinstein/are-states-without-income-tax-doing-better-ones-do/
Brookhaven,"July 21, 2014",Brookhaven homeowners pay hundreds of dollars less in property taxes compared with owners of the same-value homes in unincorporated DeKalb County.,half-true,city mailer,Georgia; Taxes,April Hunt,"July 28, 2014",https://www.politifact.com/factchecks/2014/jul/28/city-brookhaven/claim-exaggerates-tax-savings/
Patriot Majority USA,"July 22, 2014","A tax plan promoted by North Carolina Senate candidate Thom Tillis will ""overwhelmingly benefit the wealthy.""",mostly-true,television ad,National; State Budget; Welfare; Taxes,Lauren Carroll,"July 25, 2014",https://www.politifact.com/factchecks/2014/jul/25/patriot-majority-usa/liberal-pac-says-senate-candidate-thom-tillis-tax-/
Club for Growth,"July 21, 2014","When the New Hampshire Legislature raised the gasoline tax, gas prices in the state were ""skyrocketing.""",false,campaign ad,New Hampshire; Energy; Taxes,Louis Jacobson,"July 23, 2014",https://www.politifact.com/factchecks/2014/jul/23/club-growth/club-growth-says-nh-gas-tax-enacted-when-prices-we/
Mitch McConnell,"July 17, 2014","Says a new report shows the ""devastating tax hikes (in the health care law) will have on middle-class Kentuckians.""",mostly-false,press release,National; Health Care; Taxes,Steve Contorno,"July 23, 2014",https://www.politifact.com/factchecks/2014/jul/23/mitch-mcconnell/mitch-mcconnell-claims-devastating-tax-increase-mi/
Nan Rich,"July 11, 2014","Florida has the ""third most-regressive tax"" structure.",mostly-true,speech to the Florida Press Association,Poverty; Taxes; Florida,Amy Sherman,"July 22, 2014",https://www.politifact.com/factchecks/2014/jul/22/nan-rich/nan-rich-says-florida-has-third-most-regressive-ta/
Republican Party of Florida,"July 8, 2014","Says Charlie Crist ""raised taxes on the middle class"" by $2.2 billion.",mostly-true,campaign commercial,Taxes; Florida,Joshua Gillin,"July 10, 2014",https://www.politifact.com/factchecks/2014/jul/10/republican-party-florida/florida-gop-says-charlie-crist-raised-taxes-22-bil/
Charlie Crist,"July 7, 2014","""We cut property taxes for seniors and our middle class.""",mostly-true,campaign commercial,Taxes; Florida,Joshua Gillin,"July 10, 2014",https://www.politifact.com/factchecks/2014/jul/10/charlie-crist/charlie-crist-says-he-cut-property-taxes-seniors-a/
Allan Fung,"June 26, 2014","Cranston's 2014-2015 ""budget funds 100 percent of the local police and fire pension and other retiree benefit costs.""",mostly-true,letter to taxpayers,Rhode Island; Economy; Income; Labor; Pensions; Unions; Workers; Taxes,C. Eugene Emery Jr.,"July 9, 2014",https://www.politifact.com/factchecks/2014/jul/09/allan-fung/does-mayor-allan-fungs-budget-cranston-cover-all-r/
Jack Kingston,"June 19, 2014",David Perdue said he’d raise taxes.,half-true,television ad,Georgia; Taxes,April Hunt,"July 8, 2014",https://www.politifact.com/factchecks/2014/jul/08/jack-kingston/would-david-perdue-raise-taxse/
Florida Democratic Party,"July 1, 2014","Says Rick Scott ""cut education to pay for even more tax breaks for big, powerful, well-connected corporations.""",half-true,TV ad,Education; Taxes; Florida,Amy Sherman,"July 7, 2014",https://www.politifact.com/factchecks/2014/jul/07/florida-democratic-party/rick-scott-cut-education-pay-tax-breaks-democratic/
Vicky Hartzler,"June 24, 2014","The Export-Import Bank ""doesn’t cost taxpayers anything.""",half-true,"""Roll Call"" interview",National; Congress; Corporations; Deficit; Economy; Federal Budget; Financial Regulation; Foreign Policy; Taxes,Lauren Carroll,"June 30, 2014",https://www.politifact.com/factchecks/2014/jun/30/vicky-hartzler/rep-hartzler-says-export-import-bank-free-taxpayer/
Scott Walker,"June 20, 2014","""When Jim Doyle was governor and Mary Burke was commerce secretary,"" Wisconsin saw ""billions in middle-class tax hikes on nursing home beds, gas, phones and garbage.""",false,campaign TV ad,State Budget; Taxes; Wisconsin,Dave Umhoefer,"June 26, 2014",https://www.politifact.com/factchecks/2014/jun/26/scott-walker/scott-walker-says-mary-burke-tied-billions-tax-hik/
Donna Brazile,"June 22, 2014","The IRS ""also investigated liberal groups, groups that had progressive in their name. ... The IRS was basically looking at everybody.""",half-true,"comments on CNN's ""State of the Union""",Elections; Taxes; PunditFact,Steve Contorno,"June 22, 2014",https://www.politifact.com/factchecks/2014/jun/22/donna-brazile/donna-brazile-no-conspiracy-here-irs-targeted-libe/
Jack Reed,"May 1, 2014","The Senate proposal to restore emergency unemployment benefits for five months was ""fully paid for.""",mostly-false,Senate floor speeches and during a news conference,Rhode Island; Congress; Debt; Deficit; Economy; Federal Budget; Income; Jobs; Labor; Workers; Taxes,C. Eugene Emery Jr.,"June 22, 2014",https://www.politifact.com/factchecks/2014/jun/22/jack-reed/us-sen-jack-reed-says-proposal-restore-emergency-u/
Scott Brown,"June 10, 2014","Says Jeanne Shaheen ""voted for a measure that would have amounted to a new national energy tax.""",mostly-false,press release,New Hampshire; Energy; Voting Record; Taxes,Jim Haddadin,"June 18, 2014",https://www.politifact.com/factchecks/2014/jun/18/scott-brown/scott-brown-says-jeanne-shaheen-voted-new-national/
Paul Ryan,"May 5, 2014","Medicare is ""going broke. The trust fund goes bankrupt in 2026.""",mostly-false,remarks at a forum,Federal Budget; Health Care; Medicare; Retirement; Taxes; Wisconsin,Tom Kertscher,"June 5, 2014",https://www.politifact.com/factchecks/2014/jun/05/paul-ryan/paul-ryan-says-medicare-going-bankrupt/
Michael Sullivan,"May 23, 2014","""From the ‘Do As I Say Not As I Do’ department: federal employees owe $3.3 billion in back taxes.""",mostly-true,tweet,Taxes; Texas,W. Gardner Selby,"May 30, 2014",https://www.politifact.com/factchecks/2014/may/30/michael-sullivan/sullivan-claim-about-federal-workers-owing-taxes-p/
Angel Taveras,"May 12, 2014","I turned ""a $110 million deficit into a $1.6 million surplus for our city.""",mostly-false,fundraising letter,Rhode Island; Candidate Biography; City Budget; City Government; Debt; Deficit; Economy; History; Unions; Taxes,C. Eugene Emery Jr.,"May 25, 2014",https://www.politifact.com/factchecks/2014/may/25/angel-taveras/providence-mayor-angel-taveras-says-he-has-turned-/
Rick Scott,"May 13, 2014","""Governor Scott Cut Taxes 40 Times For Florida Families""",half-true,campaign tweet,Taxes; Florida,Joshua Gillin,"May 21, 2014",https://www.politifact.com/factchecks/2014/may/21/rick-scott/gov-scott-claims-he-cut-taxes-40-times-florida-fam/
Miami Seaport Alliance,"May 14, 2014","David Beckham’s soccer stadium would get a ""special tax deal that lets them off the hook for $2 million in taxes every year for 30 years.""",mostly-true,TV ad,Sports; State Budget; Taxes; Florida,Amy Sherman,"May 20, 2014",https://www.politifact.com/factchecks/2014/may/20/miami-seaport-alliance/david-beckhams-soccer-stadium-would-be/
Chain email,"May 14, 2014","""No Republicans voted for"" recent hikes in the income tax, payroll tax, capital gains tax, dividend tax and estate tax. ""These taxes were all passed under … Obamacare.""",pants-fire,chain email,National; Health Care; Taxes,Louis Jacobson,"May 14, 2014",https://www.politifact.com/factchecks/2014/may/14/chain-email/chain-email-overstates-tax-increases-incorrectly-s/
Karen Handel,"April 21, 2014",Says U.S. Senate candidate David Perdue flip-flopped on releasing his tax returns.,mostly-true,press release,Georgia; Taxes,Eric Stirgus,"May 9, 2014",https://www.politifact.com/factchecks/2014/may/09/karen-handel/handel-attacks-perdue-tax-returns/
Gina Raimondo,"April 28, 2014","""Residential property taxes [in Providence] are up nearly 27 percent under Mayor Taveras.""",pants-fire,news release,Rhode Island; City Budget; Negative Campaigning; Taxes,C. Eugene Emery Jr.,"May 4, 2014",https://www.politifact.com/factchecks/2014/may/04/gina-raimondo/gina-raimondo-says-providence-taxes-rose-nearly-27/
Tom  Corbett,"April 30, 2014","""On (Tom) Wolf’s watch, taxes were high, killing 100,000 PA jobs.""",mostly-false,radio ad,National; Economy; Jobs; Taxes,Louis Jacobson,"May 2, 2014",https://www.politifact.com/factchecks/2014/may/02/tom-corbett/pa-gov-tom-corbett-attacks-democratic-rival-tom-wo/
Brian Wilson,"April 28, 2014","Jules Bailey ""was instrumental in creating the Business Energy Tax Credit that let companies like Wal-Mart profit by $11 million while costing the Oregon general fund $33 million.""",pants-fire,campaign email,Oregon; Taxes,Dana Tims,"May 1, 2014",https://www.politifact.com/factchecks/2014/may/01/brian-wilson/was-jules-bailey-instrumental-creating-oregons-bus/
Ending Spending Action Fund,"April 3, 2014",Says Georgia Democratic Senate hopeful Michelle Nunn supports higher taxes.,mostly-false,television ad,Georgia; Taxes,Eric Stirgus,"April 30, 2014",https://www.politifact.com/factchecks/2014/apr/30/ending-spending-action-fund/group-attacks-michelle-nunn-tax-position/
David Dewhurst,"April 16, 2014","Dan Patrick ""got caught not paying his taxes"" and ""pocketed his employees’ payroll taxes.""",half-true,video ad,Bankruptcy; Candidate Biography; Taxes; Texas,W. Gardner Selby,"April 28, 2014",https://www.politifact.com/factchecks/2014/apr/28/david-dewhurst/ad-distorts-dan-patricks-unpaid-taxes-1980s/
Eric Cantor,"April 22, 2014","Dave Brat ""worked on Democrat Gov. Tim Kaine’s Council of Economic Advisors while Kaine tried to raise our taxes by over $1 billion.""",mostly-true,TV ad.,Candidate Biography; Economy; State Budget; Taxes; Virginia,Nancy  Madsen,"April 28, 2014",https://www.politifact.com/factchecks/2014/apr/28/eric-cantor/eric-cantor-says-dave-brat-advised-served-economic/
Democratic Party of Virginia,"March 24, 2014","Ed Gillespie’s 2006 book ""promoted an individual health care mandate, and recommends that it be enforced by the IRS through the income tax code.""",mostly-true,news release.,Medicaid; Taxes; Virginia,Sean Gorman,"April 27, 2014",https://www.politifact.com/factchecks/2014/apr/27/democratic-party-virginia/democrats-say-ed-gillespies-book-promoted-individu/
Bob Cole,"March 31, 2014","Capital Metro originally said MetroRail's yearly operating costs would be ""about $2.5 million. Last year ... it cost $13 million to operate.""",half-true,morning radio show on KOKE-FM,Transportation; Taxes; Texas,Sue Owen,"April 24, 2014",https://www.politifact.com/factchecks/2014/apr/24/bob-cole/austin-rail-lines-costs-more-double-2004-estimate-/
The Tax Foundation,"April 23, 2014","""Americans will spend more on taxes in 2014 than they will on food, clothing and housing combined.""",half-true,Facebook post,National; Taxes,Louis Jacobson,"April 23, 2014",https://www.politifact.com/factchecks/2014/apr/23/tax-foundation/do-americans-pay-more-taxes-food-clothing-and-hous/
Americans For Tax Reform,"April 14, 2014","""Obama has proposed 442 tax hikes since taking office.""",mostly-false,a press release,National; Taxes,Angie Drobnic Holan,"April 22, 2014",https://www.politifact.com/factchecks/2014/apr/22/americans-tax-reform/obama-has-proposed-442-tax-hikes-says-anti-tax-gro/
Virginia Foxx,"April 15, 2014","Americans spend ""6.1 billion hours a year"" on tax preparation.",true,a comment on Twitter,National; Taxes,Tim Ryan,"April 15, 2014",https://www.politifact.com/factchecks/2014/apr/15/virginia-foxx/it-takes-americans-61-billion-hours-prepare-their-/
Mike Stenhouse,"April 2, 2014","""A grant for $5,000 [from the Governor’s Workforce Board] went to teach an employee at a company that makes ornamental business card holders how to use Facebook and Twitter.""",mostly-false,commentary,Rhode Island; Economy; Federal Budget; Small Business; State Budget; Workers; Taxes,C. Eugene Emery Jr.,"April 13, 2014",https://www.politifact.com/factchecks/2014/apr/13/mike-stenhouse/michael-stenhouse-says-outlandish-state-grant-5000/
Senate Majority PAC,"March 13, 2014","Says the Koch brothers want to ""protect tax cuts for companies that ship our jobs overseas.""",false,campaign ad,National; Congress; Economy; Jobs; Taxes,Steve Contorno,"April 11, 2014",https://www.politifact.com/factchecks/2014/apr/11/senate-majority-pac/senate-dem-group-claim-koch-brothers-support-tax-b/
Republican Party of Florida,"April 2, 2014","Charlie Crist ""raised taxes in 2009 and won't rule out raising taxes again.""",mostly-true,tweet,State Budget; Taxes; Florida,Amy Sherman,"April 8, 2014",https://www.politifact.com/factchecks/2014/apr/08/republican-party-florida/charlie-crist-raised-taxes-2009-and-wont-rule-out-/
Scott Walker,"April 1, 2014","A poll taken ""a few months ago"" found ""70 percent approval or higher"" for the Act 10 collective bargaining law.",false,interview,City Government; County Government; Education; Health Care; Pensions; Polls and Public Opinion; State Budget; Unions; Taxes; Wisconsin,Tom Kertscher,"April 6, 2014",https://www.politifact.com/factchecks/2014/apr/06/scott-walker/scott-walker-says-recent-wisconsin-poll-shows-70-a/
Kentucky Opportunity Coalition,"April 1, 2014",Says the estate tax is a threat to family farms.,mostly-false,campaign ad,Agriculture; National; Taxes,Steve Contorno,"April 3, 2014",https://www.politifact.com/factchecks/2014/apr/03/kentucky-opportunity-coalition/pro-mcconnell-group-says-estate-tax-makes-it-hard-/
Mike Collier,"March 18, 2014","""Glenn Hegar promised to eliminate the property tax.""",false,campaign email blast,State Budget; Taxes; Texas,Sue Owen,"April 3, 2014",https://www.politifact.com/factchecks/2014/apr/03/mike-collier/comptroller-candidate-glenn-hegar-favors-ending-pr/
Republican Governors Association,"March 17, 2014","Under Mary Burke’s leadership, Commerce Department business-incentive programs had ""major shortcomings"" and ""40 percent of jobs...didn’t materialize.""",mostly-true,campaign TV ad,State Budget; Taxes; Wisconsin,Dave Umhoefer,"April 3, 2014",https://www.politifact.com/factchecks/2014/apr/03/republican-governors-association/republican-governors-association-says-40-percent-j/
Terry McAuliffe,"February 26, 2014","If the legislature refuses to expand Medicaid, ""27 states are going to get our money – Virginia taxpayer money – into their states to provide health care for their citizens, paid for by us.""",mostly-false,radio interview.,Health Care; Medicaid; Taxes; Virginia,Nancy  Madsen,"March 31, 2014",https://www.politifact.com/factchecks/2014/mar/31/terry-mcauliffe/mcauliffe-says-legislatures-refusal-expand-medicai/
Jeb Bush,"March 21, 2014","Florida's revenue ""is growing at a faster rate than almost any state in the country.""",mostly-false,public remarks,Economy; Taxes; Florida,Joshua Gillin,"March 26, 2014",https://www.politifact.com/factchecks/2014/mar/26/jeb-bush/floridas-revenue-growing-faster-rate-almost-any-st/
No Tax For Tracks,"March 17, 2014 in","The Greenlight Pinellas transportation plan involves a ""300% tax increase.""",false,on their website,Transportation; Taxes; Florida,Joshua Gillin,"March 20, 2014",https://www.politifact.com/factchecks/2014/mar/20/no-tax-tracks/greenlight-pinellas-means-300-tax-increase-no-tax-/
Nathan Deal,"March 5, 2014","A ""real result"" of his term is Georgia having ""the lowest taxes per capita of any state.""",mostly-false,campaign flyer,Georgia; Taxes,Nancy Badertscher,"March 18, 2014",https://www.politifact.com/factchecks/2014/mar/18/nathan-deal/deal-seeks-credit-lowest-taxes-us/
David Dewhurst,,"Dan Patrick ""called for increasing the gas tax and the state sales tax.""",mostly-true,,State Budget; Taxes; Texas,W. Gardner Selby,"March 17, 2014",https://www.politifact.com/factchecks/2014/mar/17/david-dewhurst/dan-patrick-once-called-regular-gas-tax-increases-/
Republican Party of Wisconsin,"March 13, 2014","Says Mary Burke's ""2007-'09 state budget had a tax hike of $1.8 billion -- costing every man, woman and child in the state an extra $310.""",false,website ad,State Budget; Taxes; Wisconsin,Tom Kertscher,"March 16, 2014",https://www.politifact.com/factchecks/2014/mar/16/republican-party-wisconsin/wisconsin-gop-says-mary-burke-scott-walkers-challe/
Tom Barrett,"March 3, 2014","Using a surcharge on the cigarette tax to help pay for a new downtown sports arena ""is not feasible under state law.""",half-true,interview,Taxes; Wisconsin,James B. Nelson,"March 13, 2014",https://www.politifact.com/factchecks/2014/mar/13/tom-barrett/mayor-tom-barrett-says-using-cigarette-tax-new-are/
Scott Walker,"March 4, 2014","""Once our Blueprint for Prosperity is signed into law, we will have delivered $2 billion"" in tax relief.",true,statement to reporters,Taxes; Wisconsin,Dave Umhoefer,"March 12, 2014",https://www.politifact.com/factchecks/2014/mar/12/scott-walker/gov-scott-walker-says-he-has-generated-2-billion-t/
We Are Wisconsin,"February 17, 2014","With his proposal to cut income and property taxes, Scott Walker is ""increasing the state deficit at a time when borrowing is already at record levels.""",mostly-false,email,Debt; Deficit; Income; State Budget; Taxes; Wisconsin,Tom Kertscher,"March 10, 2014",https://www.politifact.com/factchecks/2014/mar/10/we-are-wisconsin/gov-scott-walker-increasing-state-deficit-cutting-/
Tom Graves,"March 7, 2014","When it comes to transportation funds, Georgians spend more in taxes and on red tape than they get back from the federal government.",half-true,speech,Georgia; Transportation; Taxes,Eric Stirgus,"March 7, 2014",https://www.politifact.com/factchecks/2014/mar/07/tom-graves/congressman-pitches-new-plan-transportation-fundin/
Andy Brown,"February 17, 2014","""Travis County now has the highest urban county tax rate in Texas.""",mostly-true,mailer to voters,Taxes; Texas,W. Gardner Selby,"February 26, 2014",https://www.politifact.com/factchecks/2014/feb/26/andy-brown/travis-countys-tax-rate-ranks-among-very-highest-a/
Republican Party of Florida,"February 10, 2014","Says Alex Sink supported ""higher property taxes.""",mostly-false,a campaign mailer,Taxes; Florida,Joshua Gillin,"February 24, 2014",https://www.politifact.com/factchecks/2014/feb/24/republican-party-florida/alex-sink-supported-higher-property-taxes-florida-/
Republican Party of Florida,"February 17, 2014","Says Alex Sink ""supported higher sales taxes.""",mostly-false,campaign mailer,Taxes; Florida,Joshua Gillin,"February 21, 2014",https://www.politifact.com/factchecks/2014/feb/21/republican-party-florida/florida-gop-says-alex-sink-supported-higher-sales-/
Republican Party of Wisconsin,"February 10, 2014","As state Commerce secretary, Mary Burke drafted, sponsored and promoted ""budgets that raised taxes by billions, created high structural deficits and raided funds to finance huge spending hikes.""",mostly-false,press release,State Budget; Taxes; Wisconsin,Dave Umhoefer,"February 19, 2014",https://www.politifact.com/factchecks/2014/feb/19/republican-party-wisconsin/state-gop-says-burke-drafted-and-promoted-state-bu/
Senate Majority PAC,"January 8, 2014","Says that as a U.S. senator, Scott Brown ""delivered for Wall Street, saving big banks $19 billion in taxes.""",mostly-false,campaign ad,New Hampshire; Financial Regulation; Taxes,Jim Haddadin,"February 11, 2014",https://www.politifact.com/factchecks/2014/feb/11/senate-majority-pac/pro-democratic-pac-says-scott-brown-delivered-wall/
Ed  Gillespie,"January 16, 2014","Mark Warner voted for ""nearly $1 trillion in new taxes and $7 trillion in new debt.""",true,web ad.,Debt; Federal Budget; Voting Record; Taxes; Virginia,Nancy  Madsen,"February 10, 2014",https://www.politifact.com/factchecks/2014/feb/10/ed-gillespie/gillespie-says-warner-voted-new-taxes-and-more-deb/
Democratic Party of Wisconsin,"January 19, 2014","A bill backed by Sean Duffy and other House Republicans ""could actually require the Internal Revenue Service to conduct audits of rape victims"" who get an abortion.",false,email,Abortion; Crime; Women; Taxes; Wisconsin,Tom Kertscher,"February 9, 2014",https://www.politifact.com/factchecks/2014/feb/09/state-democratic-party-wisconsin/could-gop-bill-targeting-abortion-require-irs-rape/
Daniel Harrop,"December 15, 2013","""We see a quarter-billion dollars in a pension fund that needs to be funded at $1.2 billion.""",mostly-true,appearance on WPRI-TV's Newsmakers,Rhode Island; City Budget; Debt; Labor; Pensions; Workers; Taxes,C. Eugene Emery Jr.,"February 9, 2014",https://www.politifact.com/factchecks/2014/feb/09/daniel-harrop/providence-mayoral-candidate-daniel-harrop-says-ci/
David A. Clarke Jr.,"January 31, 2014","Says Milwaukee Mayor Tom Barrett is responsible for the roughly $7,800 ""I pay in property taxes per year.""",false,interview,City Budget; City Government; County Budget; County Government; Taxes; Wisconsin,Tom Kertscher,"February 7, 2014",https://www.politifact.com/factchecks/2014/feb/07/david-clarke-jr/sheriff-david-clarke-blames-milwaukee-mayor-tom-ba/
Mary Burke,"January 19, 2014","Wisconsin is ""not a high tax and fee state."" When you look at ""all the money state and local governments bring in"" from residents, ""we're more in the middle.""",half-true,speech,State Budget; States; Taxes; Wisconsin,Dave Umhoefer,"February 5, 2014",https://www.politifact.com/factchecks/2014/feb/05/mary-burke/mary-burke-says-wisconsin-not-high-tax-and-fee-sta/
Mary Burke,"January 20, 2014","""We’re trailing every other state in the Midwest in terms of job creation since January of 2011.""",half-true,interview,State Budget; States; Taxes; Wisconsin,Dave Umhoefer,"February 2, 2014",https://www.politifact.com/factchecks/2014/feb/02/mary-burke/mary-burke-says-wisconsin-trails-every-other-midwe/
National Republican Congressional Committee,"January 22, 2014","Says Alex Sink supported ""more taxes on water and TV.""",mostly-true,campaign commercial,Taxes; Florida,Joshua Gillin,"January 27, 2014",https://www.politifact.com/factchecks/2014/jan/27/national-republican-congressional-committee/alex-sink-supported-more-taxes-water-and-tv-nrcc-s/
Rod Monroe,"January 15, 2014","""We have the lowest beer tax in the nation.""",false,Oregon Senate work session,Oregon; Taxes,Dana Tims,"January 24, 2014",https://www.politifact.com/factchecks/2014/jan/24/rod-monroe/does-oregon-have-lowest-beer-tax-nation/
Scott Walker,"January 22, 2014","""With the tax controls we already put in place, property taxes on a typical home in December of 2014 will actually be lower than they were in December of 2010.""",mostly-true,speech,State Budget; Taxes; Wisconsin,Dave Umhoefer,"January 23, 2014",https://www.politifact.com/factchecks/2014/jan/23/scott-walker/scott-walker-says-typical-property-tax-bill-year-w/
Ron Johnson,"January 10, 2014","""The average rate of fraud"" in the Earned Income Tax Credit, Medicare, Medicaid and food stamps programs ""is 20 to 25 percent.""",pants-fire,speech,Federal Budget; Crime; Medicaid; Medicare; Welfare; Taxes; Wisconsin,Tom Kertscher,"January 20, 2014",https://www.politifact.com/factchecks/2014/jan/20/ron-johnson/fraud-claims-20-25-cents-every-1-spent-four-govern/
Nicholas Gorham,"December 30, 2013","The General Assembly ""has no explicit constitutional authority to impose income, sales, estate and the myriad of other taxes upon us.""",true,newspaper commentary,Rhode Island; History; Taxes,John Hill,"January 19, 2014",https://www.politifact.com/factchecks/2014/jan/19/nicholas-gorham/former-ri-rep-nicholas-gorham-says-state-general-a/
Ted Cruz,"January 10, 2014","Obama unilaterally announced he was delaying employer mandate ""through a blog post by a mid-level bureaucrat at the Department of Treasury.""",mostly-true,speech at a Texas Public Policy Foundation forum,Corrections and Updates; Health Care; Legal Issues; Taxes; Texas,Sue Owen,"January 16, 2014",https://www.politifact.com/factchecks/2014/jan/16/ted-cruz/blog-posts-broke-news-administration-was-delaying-/
Mary Burke,"January 7, 2014","Scott Walker's income ""tax plan is a tax hike. It increases taxes for nearly 80% of the people in the state.""",pants-fire,interview,Income; Jobs; State Budget; Taxes; Wisconsin,Tom Kertscher,"January 16, 2014",https://www.politifact.com/factchecks/2014/jan/16/mary-burke/scott-walker-plans-end-income-tax-more-double-sale/
Marilinda Garcia,"December 11, 2013","""I cut spending while serving in the state Legislature""",mostly-true,tweet,New Hampshire; State Budget; States; Taxes,Kevin Landrigan,"January 14, 2014",https://www.politifact.com/factchecks/2014/jan/14/marilinda-garcia/nh-state-rep-marilinda-garcia-says-shes-cut-spendi/
Kathleen Vinehout,"December 5, 2013","""If you make the average amount of people in Wisconsin, $50,000, you got $1.60 less a week in taxes"" under the state income-tax cut, but ""it didn’t show up in your paycheck.""",mostly-true,speech,State Budget; Taxes; Wisconsin,Dave Umhoefer,"January 14, 2014",https://www.politifact.com/factchecks/2014/jan/14/kathleen-vinehout/vinehout-says-160-tax-cut-didnt-show-weekly-payche/
Kathleen Peters,"January 8, 2014","""When I was Mayor of South Pasadena, we actually reduced the property taxes we collected.""",mostly-false,campaign mailer,Taxes; Florida,Joshua Gillin,"January 10, 2014",https://www.politifact.com/factchecks/2014/jan/10/kathleen-peters/kathleen-peters-says-south-pasadena-reduced-amount/
Tom Coburn,"December 17, 2013","""Oregon is spending $10 million advertising Obamacare with ads that don’t even mention the program and how to enroll in it"" and that don’t ""mention the word ‘insurance.’""",mostly-false,"Coburn's ""Wastebook 2013""",Oregon; Taxes,Dana Tims,"January 8, 2014",https://www.politifact.com/factchecks/2014/jan/08/tom-coburn/cover-oregon-spending-10-million-advertising-obama/
Jonathan Harris,"December 24, 2013","""You don’t see Norway losing population, and its taxes are astronomical.""",mostly-true,newspaper commentary,Rhode Island; Taxes,John Hill,"January 7, 2014",https://www.politifact.com/factchecks/2014/jan/07/jonathan-harris/ri-sierra-club-official-says-despite-its-astronomi/
Thom Hartmann,"December 12, 2013","Republican state lawmakers ""are refusing to give the people of their own states their own tax dollars back in the form of (expanded) Medicaid.""",mostly-true,"broadcast of ""The Big Picture""",Health Care; Taxes; PunditFact,Jon Greenberg,"December 31, 2013",https://www.politifact.com/factchecks/2013/dec/31/thom-hartmann/hartmann-not-expanding-medicaid-shortchanges-state/
David Rible,"November 30, 2013","""This governor has given us continual balanced budgets without raising taxes.""",half-true,interview on NJTV's 'On the Record' with Michael Aron program,New Jersey; State Budget; Taxes,Caryn Shinske,"December 29, 2013",https://www.politifact.com/factchecks/2013/dec/29/david-rible/assemblyman-david-rible-says-gov-chris-christie-ha/
Revitalize Cobb,"November 22, 2013",The new Atlanta Braves stadium will require no tax increase for homeowners and provide $3 million annually for Cobb County schools.,half-true,flier,Georgia; Sports; Taxes,Willoughby Mariano,"December 16, 2013",https://www.politifact.com/factchecks/2013/dec/16/revitalize-cobb/pro-stadium-group-paints-incomplete-picture/
Senate Conservatives Fund,"December 9, 2013","""John Cornyn has voted to increase the debt, raise taxes, bail out Wall Street banks and fund Obamacare.""",half-true,as quoted by Politico,Corrections and Updates; Debt; Financial Regulation; Health Care; Taxes; Texas,W. Gardner Selby,"December 12, 2013",https://www.politifact.com/factchecks/2013/dec/12/senate-conservatives-fund/cornyn-backed-wall-street-bailout-and-law-hiking-t/
David Dewhurst,"October 1, 2013","""I have cut taxes 63 times, including a 2006 property tax reduction that ranks as the largest in state history.""",mostly-false,blog post on his campaign website,Candidate Biography; Education; Small Business; Taxes; Texas,W. Gardner Selby,"December 8, 2013",https://www.politifact.com/factchecks/2013/dec/08/david-dewhurst/dewhurst-didnt-personally-cut-taxes-and-some-incre/
James Capretta,"December 1, 2013","Obamacare is a ""massive, massive income redistribution"" with ""$250 billion a year in Medicaid expansion (and) in the subsidy structure that's basically being paid for by people on Medicare, through Medicare cuts, and a lot of tax increases.""",half-true,"broadcast of ""Fox News Sunday""",Health Care; Taxes; PunditFact,Jon Greenberg,"December 5, 2013",https://www.politifact.com/factchecks/2013/dec/05/james-capretta/capretta-says-obamacare-massive-income-redistribut/
Joseph Henchman,"November 19, 2013","""Only 25 percent of what people buy is subject to Rhode Island’s sales tax.""",false,hearing testimony,Rhode Island; Economy; Taxes,John Hill,"December 1, 2013",https://www.politifact.com/factchecks/2013/dec/01/joseph-henchman/tax-foundation-official-says-only-25-percent-what-/
Mary Burke,"November 5, 2013","""The state budget has actually grown by $4.6 billion under"" Gov. Scott Walker’s actions.",half-true,interview,Debt; Medicaid; State Budget; Taxes; Wisconsin,Tom Kertscher,"November 24, 2013",https://www.politifact.com/factchecks/2013/nov/24/mary-burke/democratic-challenger-gov-scott-walker-says-state-/
Jan Schakowsky,"November 12, 2013","The United States ""has never been richer, if you look at per capita GDP.""",true,interview on MSNBC,National; Economy; Federal Budget; Taxes,Steve Contorno,"November 18, 2013",https://www.politifact.com/factchecks/2013/nov/18/jan-schakowsky/schakowsky-said-based-gdp-capita-united-states-has/
Kenneth Block,"November 8, 2013","Rhode Island's unemployment insurance system ""is the most expensive such system in the country.""",false,interview on Rhode Island Public Radio,Rhode Island; Economy; Government Regulation; Small Business; State Budget; States; Workers; Taxes,C. Eugene Emery Jr.,"November 17, 2013",https://www.politifact.com/factchecks/2013/nov/17/kenneth-block/ken-block-says-rhode-islands-unemployment-insuranc/
Charlotte Nash,"October 22, 2013",Finance experts estimate that paying in cash for the $2.5 billion in projects funded by the sales tax saved Gwinnett County more than $1 billion in interest payments.,true,interview,Georgia; County Budget; Taxes,Eric Stirgus,"November 11, 2013",https://www.politifact.com/factchecks/2013/nov/11/charlotte-nash/gwinnett-chairwomans-splost-savings-claim-makes-se/
Larry Elder,"November 4, 2013","""When you add a dollar value to mandates,"" government took almost 50 percent ""of the American people’s money.""",mostly-false,"CNN's ""Crossfire"" roundtable",Federal Budget; Regulation; Taxes; PunditFact,Katie Sanders,"November 8, 2013",https://www.politifact.com/factchecks/2013/nov/08/larry-elder/larry-host-says-government-takes-almost-50-percent/
Scott Walker,"October 25, 2013","With a bill bringing $100 million in property tax relief, ""the typical Wisconsin homeowner will save approximately $680 over four years.""",pants-fire,press release,State Budget; Taxes; Wisconsin,Dave Umhoefer,"November 7, 2013",https://www.politifact.com/factchecks/2013/nov/07/scott-walker/gov-scott-walker-says-typical-wisconsin-homeowner-/
Janet Bewley,"October 24, 2013","""The Legislature passed Gov. Walker’s so-called property tax relief bill,"" but the Republicans ""are still raising your property taxes.""",half-true,speech,City Government; County Government; Education; State Budget; Taxes; Wisconsin,Tom Kertscher,"November 6, 2013",https://www.politifact.com/factchecks/2013/nov/06/janet-bewley/despite-100-million-property-tax-relief-wisconsin-/
Scott Brown,"November 3, 2013",The federal health care law raises taxes and cuts Medicare.,mostly-true,"comments on ""Fox News Sunday""",Health Care; Medicare; Taxes; PunditFact,Steve Contorno,"November 3, 2013",https://www.politifact.com/factchecks/2013/nov/03/scott-brown/health-care-law-raises-taxes-and-cuts-medicare-say/
Ken Cuccinelli,"October 24, 2013","Terry McAuliffe ""wants to raise your taxes $1,700 to pay for his infinite promises.""",false,debate.,Education; State Budget; Taxes; Virginia,Sean Gorman,"November 1, 2013",https://www.politifact.com/factchecks/2013/nov/01/ken-cuccinelli/cuccinelli-says-mcauliffe-wants-raise-average-fami/
Terry McAuliffe,"October 16, 2013","Ken Cuccinelli would ""take money away from public schools to fund private schools.""",mostly-false,TV ad.,Education; State Budget; Taxes; Virginia,Nancy  Madsen,"November 1, 2013",https://www.politifact.com/factchecks/2013/nov/01/terry-mcauliffe/mcauliffe-says-cuccinelli-would-use-public-school-/
Greg Abbott,"October 18, 2013","Wendy Davis is ""threatening to raise taxes up to $35 billion.""",mostly-false,Facebook page,State Budget; Taxes; Texas,W. Gardner Selby,"October 25, 2013",https://www.politifact.com/factchecks/2013/oct/25/greg-abbott/davis-has-not-threatened-tax-hikes-favors-careful-/
Milly Silva,"October 7, 2013","""Property taxes have increased 20 percent under four years of Chris Christie.""",mostly-true,speech to an American Legion,New Jersey; Taxes,Caryn Shinske,"October 20, 2013",https://www.politifact.com/factchecks/2013/oct/20/milly-silva/milly-silva-claims-property-taxes-have-climbed-20-/
Steve Spinnett,"September 3, 2013","Says Damascus’ disincorporation would produce ""NO significant tax savings.""",false,Voters' Pamphlet statement,Oregon; Taxes,Dana Tims,"October 18, 2013",https://www.politifact.com/factchecks/2013/oct/18/steve-spinnett/damascus-disincorporation-would-produce-no-signifi/
Jennifer Horn,"October 23, 2013","Says Jeanne Shaheen ""got behind the idea of using the IRS to target American citizens for their political views.""",mostly-false,remarks at a party fundraiser,New Hampshire; Taxes,Kaitlin Mulhere,"October 16, 2013",https://www.politifact.com/factchecks/2013/oct/16/jennifer-horn/nh-gop-chairwoman-horn-says-jeanne-shaheen-got-beh/
Fact Check Florida,"October 11, 2013","A $10 million fire fee proposal in St. Petersburg was ""inspired"" by Gov. Rick Scott.",pants-fire,flier,City Budget; City Government; Taxes; Florida,Katie Sanders,"October 14, 2013",https://www.politifact.com/factchecks/2013/oct/14/fact-check-florida/bill-fosters-rick-scott-inspired-fire-fee-heres-re/
Kim Guadagno,"October 8, 2013","Chris Christie ""has not increased the taxes on anyone.""",half-true,speech to supporters,New Jersey; Taxes,Caryn Shinske,"October 13, 2013",https://www.politifact.com/factchecks/2013/oct/13/kim-guadagno/kim-guadagno-claims-chris-christie-hasnt-raised-ta/
Republican Party of Wisconsin,"October 7, 2013","Says Democratic gubernatorial candidate Mary Burke ""has proven on the Madison Board of Education"" that she supports raising taxes and spending.",half-true,web post,Education; State Budget; Taxes; Wisconsin,Tom Kertscher,"October 10, 2013",https://www.politifact.com/factchecks/2013/oct/10/republican-party-wisconsin/gop-says-mary-burke-candidate-governor-has-tax-and/
David Pennington,"September 19, 2013","Any state tax law has to start in the House and the renewal of the state hospital bed tax this year started in the Senate, which is unconstitutional.",mostly-false,public meeting,Georgia; Taxes,Janel Davis,"October 9, 2013",https://www.politifact.com/factchecks/2013/oct/09/david-pennington/deals-rival-says-bed-tax-renewal-flawed/
John Boehner,"October 6, 2013","""This year, the federal government will have more revenue than any year in the history of our country.""",half-true,"interview on ABC's ""This Week""",National; Economy; Federal Budget; Taxes,Louis Jacobson,"October 7, 2013",https://www.politifact.com/factchecks/2013/oct/07/john-boehner/john-boehner-says-us-will-have-record-revenues-yea/
Terry McAuliffe,"September 12, 2013","Under Cuccinelli’s tax cut plan, ""school divisions across Virginia could be forced to fire over 8,000 teachers.""",false,website posting.,Education; State Budget; Taxes; Virginia,Nancy  Madsen,"September 27, 2013",https://www.politifact.com/factchecks/2013/sep/27/terry-mcauliffe/mcauliffe-says-cuccinelli-tax-cuts-could-eliminate/
Bernie Sanders,"September 24, 2013","""One out of four corporations doesn't pay a nickel in (federal income) taxes.""",half-true,"segment of CNN's ""Crossfire""",National; Taxes,Jon Greenberg,"September 26, 2013",https://www.politifact.com/factchecks/2013/sep/26/bernie-sanders/sanders-one-out-four-corporations-pay-no-taxes/
Oregon 2014,"September 17, 2013","""In fiscal year 2011-2012, 4,191 abortions were paid for by taxpayers via the Oregon Health Plan.""",true,online campaign materials,Abortion; Oregon; Taxes,Janie Har,"September 24, 2013",https://www.politifact.com/factchecks/2013/sep/24/oregon-2014/does-oregon-health-plan-pay-about-4000-abortions-y/
Joe Atkins,"August 29, 2013","""Minnesota is kicking butt relative to Wisconsin on everything from employment and job creation to school test scores, educated work force and a host of other factors and rankings""",half-true,interview,Economy; Education; Jobs; Government Regulation; Small Business; States; Taxes; Wisconsin,Tom Kertscher,"September 16, 2013",https://www.politifact.com/factchecks/2013/sep/16/joe-atkins/rebuffing-scott-walker-minnesota-lawmaker-says-his/
Chris Kapenga,"August 23, 2013","""The amount of interest"" paid on the federal debt exceeds ""total tax revenue.""",false,newsletter,Corporations; Debt; Federal Budget; Taxes; Wisconsin,Tom Kertscher,"September 15, 2013",https://www.politifact.com/factchecks/2013/sep/15/chris-kapanga/interest-payments-us-debt-exceeds-us-tax-revenue-w/
Menominee Indian Tribe of Wisconsin,"September 10, 2013","""The Kenosha casino would be one of the state’s largest employers and pay more to the state than any other company or Tribe – essentially, it would be Wisconsin’s biggest taxpayer.""",mostly-true,web posting,Gambling; Jobs; State Budget; Taxes; Wisconsin,Dave Umhoefer,"September 11, 2013",https://www.politifact.com/factchecks/2013/sep/11/menominee-indian-tribe-wisconsin/menominee-tribe-says-kenosha-casino-would-be-one-w/
Campaign for Liberty - Georgia,"August 23, 2013","Says U.S. Rep. Tom Price is sending letters both supporting and opposing the ""small-business killing Internet Tax Mandate.""",false,flier,Georgia; Congress; Taxes,Eric Stirgus,"September 9, 2013",https://www.politifact.com/factchecks/2013/sep/09/georgia-campaign-liberty/price-guilty-tomfoolery/
Rick Scott,"August 30, 2013","""We cut business taxes so today 70 percent of our businesses don't pay a business tax.""",mostly-true,speech at an Americans for Prosperity Foundation conference,Small Business; Taxes; Florida,Amy Sherman,"September 6, 2013",https://www.politifact.com/factchecks/2013/sep/06/rick-scott/rick-scott-says-majority-businesses-are-exempt-bus/
Rick Scott,"August 30, 2013","""We will have the highest general revenue in state history next year. Conservative pro-growth policies work in our state.""",mostly-false,speech at the Americans for Prosperity Foundation summit,Economy; Taxes; Florida,Katie Sanders,"September 6, 2013",https://www.politifact.com/factchecks/2013/sep/06/rick-scott/rick-scott-says-next-years-record-tax-collections-/
Tom Price,"August 14, 2013",Americans spend more than $160 billion and 6 billion hours per year complying with the tax code.,true,Twitter posts,Georgia; Financial Regulation; Government Regulation; Taxes,Janel Davis,"September 4, 2013",https://www.politifact.com/factchecks/2013/sep/04/tom-price/call-tax-overhaul-cites-high-cost-money-time/
Kathleen Vinehout,"August 24, 2013","Because of Gov. Scott Walker’s budgeting, a greater percentage of general fund tax dollars is ""going to pay off debt than ever before in our history.""",half-true,column,Debt; State Budget; Transportation; Taxes; Wisconsin,Tom Kertscher,"September 2, 2013",https://www.politifact.com/factchecks/2013/sep/02/kathleen-vinehout/gov-scott-walker-responsible-record-debt-payments-/
Mark Harris,"July 20, 2013","""I’ve got the spending down, I’ve got the debt down a little bit, I’ve got the reserves up.""",mostly-true,interview,County Budget; County Government; Debt; State Budget; Taxes; Wisconsin,Dave Umhoefer,"August 28, 2013",https://www.politifact.com/factchecks/2013/aug/28/mark-harris-wisc/mark-harris-says-he-lowered-spending-and-debt-and-/
Rene Garcia,"August 20, 2013","Miami-Dade County is the ""No. 1 donor county in the state.""",mostly-false,Florida Cabinet meeting,State Budget; Taxes; Florida,Amy Sherman,"August 27, 2013",https://www.politifact.com/factchecks/2013/aug/27/rene-garcia/rene-garcia-calls-miami-dade-number-one-donor-coun/
Jack Kingston,"August 1, 2013","Says an illegal immigrant fraudulently claimed children who actually lived in Mexico on income tax forms to collect more than $29,000.",mostly-true,interview,Georgia; Immigration; Taxes,Eric Stirgus,"August 27, 2013",https://www.politifact.com/factchecks/2013/aug/27/jack-kingston/lawmaker-uses-tax-credit-scam-drive-support-bill/
Eric Cantor,"August 2, 2013","Under Obamacare, ""The IRS will have access to the American people’s protected health care information.""",pants-fire,floor speech.,Health Care; Taxes; Virginia,Sean Gorman,"August 19, 2013",https://www.politifact.com/factchecks/2013/aug/19/eric-cantor/cantor-says-obamacare-gives-irs-access-personal-he/
Mitch McConnell,"August 5, 2013",Says Matt Bevin has repeatedly failed to pay his taxes.,mostly-false,campaign ad,National; Ethics; Taxes,Jon Greenberg,"August 14, 2013",https://www.politifact.com/factchecks/2013/aug/14/mitch-mcconnell/mitch-mcconnell-tags-kentucky-primary-opponent-tax/
Kathleen Ford,"August 6, 2013","""If we use (Tax Increment Financing) funding, that's going to take funds from the general fund for Pinellas County, as it will take funds from the general fund for the city of St. Pete.""",false,mayoral debate,Taxes; Florida,Julie Kliegman,"August 9, 2013",https://www.politifact.com/factchecks/2013/aug/09/kathleen-ford/pier-funding-will-take-funds-general-fund-pinellas/
Bill Foster,"August 6, 2013","""If we don't spend money on a pier, then that money does wipe into the general funds of the city or the county, and if you send it to the county, you never see it again.""",half-true,mayoral debate,Taxes; Florida,Julie Kliegman,"August 9, 2013",https://www.politifact.com/factchecks/2013/aug/09/bill-foster/st-pete-pier-money-lost-county-foster-says/
Chris Christie,"July 30, 2013","""In fact New Jersey is a donor state, we get 61 cents back on every dollar we send to Washington. And interestingly Kentucky gets $1.51 on every dollar they send to Washington.""",true,article on NJ.com,New Jersey; Taxes,Caryn Shinske,"August 4, 2013",https://www.politifact.com/factchecks/2013/aug/04/chris-christie/chris-christie-claims-kentucky-gets-more-twice-bac/
Kari Chisholm,"July 9, 2013","Says Oregon’s political tax credit is something ""every state should have and no other state does.""",false,Internet radio interview,Oregon; Taxes,Ian K. Kullgren,"August 1, 2013",https://www.politifact.com/factchecks/2013/aug/01/kari-chisholm/oregon-alone-having-political-tax-credit/
David Cicilline,"July 21, 2013","""The Congressional Budget Office, a nonpartisan office, did an analysis and said that passing comprehensive immigration reform will reduce the federal deficit by $200 billion over the next decade.""",true,"appearance on WPRI-TV's ""Newsmakers"" program",Rhode Island; Children; Congress; Debt; Deficit; Economy; Families; Immigration; Legal Issues; Taxes; Workers,C. Eugene Emery Jr.,"August 1, 2013",https://www.politifact.com/factchecks/2013/aug/01/david-cicilline/us-rep-david-cicilline-says-passing-senate-approve/
David Sutton,"June 30, 2013","Says ""excise taxes are...disproportionately burdening middle- and lower-income consumers.""",mostly-true,interview,Georgia; Taxes,Eric Stirgus,"July 16, 2013",https://www.politifact.com/factchecks/2013/jul/16/david-sutton/spokesman-takes-obama-cigarette-tax-idea/
Jeff Kruse,"July 8, 2013","Says that in Curry County, ""if you make a 911 call you’re likely to wait for an hour for a response.""",half-true,Senate floor speech,Oregon; County Budget; County Government; Public Safety; State Budget; Taxes,Janie Har,"July 13, 2013",https://www.politifact.com/factchecks/2013/jul/13/jeff-kruse/likely-911-response-time-curry-county-one-hour/
Charlene Lima,"June 26, 2013","Economic Development Commission Executive Director Keith Stokes ""sent me a letter and he said the taxpayers will never be on the hook for these bonds"" for 38 Studios.",true,speech on the floor of the Rhode Island House,Bankruptcy; Rhode Island; Corporations; Debt; Economy; History; Jobs; State Budget; Taxes,C. Eugene Emery Jr.,"July 10, 2013",https://www.politifact.com/factchecks/2013/jul/10/charlene-lima/rhode-island-rep-charlene-lima-said-economic-devel/
Chris Christie,"June 26, 2013","""Not one tax has been raised since I've been governor.""",half-true,"interview on the ""Ask The Governor"" monthly radio call-in program",New Jersey; Taxes,Caryn Shinske,"June 30, 2013",https://www.politifact.com/factchecks/2013/jun/30/chris-christie/chris-christie-claims-there-have-been-no-tax-incre/
Tony Evers,"June 23, 2013","A private school tax break in the Wisconsin state budget is ""the most generous in the nation.""",half-true,interview,Education; Income; State Budget; States; Taxes; Wisconsin,Tom Kertscher,"June 28, 2013",https://www.politifact.com/factchecks/2013/jun/28/tony-evers/wisconsins-new-private-school-tax-break-most-gener/
Peter Barca,"June 5, 2013","Under Republican-backed state budget, the state education agency estimates expansion of Wisconsin’s school voucher program ""could cost nearly $2 billion annually""",pants-fire,fund-raising email,Education; State Budget; Taxes; Wisconsin,Tom Kertscher,"June 26, 2013",https://www.politifact.com/factchecks/2013/jun/26/peter-barca/nearly-2-billion-year-expand-school-vouchers-state/
Andre Jacque,"May 15, 2013","A monthly ""police and fire protection fee"" on all Wisconsin phone bills does nothing to support police and fire.",false,interview,Criminal Justice; State Budget; Taxes; Wisconsin,Tom Kertscher,"June 24, 2013",https://www.politifact.com/factchecks/2013/jun/24/andre-jacque/billed-being-police-and-fire-wisconsin-phone-fee-d/
John Loughlin,"June 7, 2013","""We have one of the most expensive General Assemblies, per capita, in the entire country.""",true,appearance on WPRO.,Rhode Island; State Budget; States; Taxes,C. Eugene Emery Jr.,"June 23, 2013",https://www.politifact.com/factchecks/2013/jun/23/john-loughlin/john-loughlin-says-rhode-islands-general-assembly-/
Mike Rogers,"June 16, 2013","The IRS scandal ""clearly showed some criminal behavior.""",mostly-false,"interview on CBS' ""Face the Nation""",National; Legal Issues; Taxes,Louis Jacobson,"June 19, 2013",https://www.politifact.com/factchecks/2013/jun/19/mike-rogers/rep-mike-rogers-says-irs-scandal-clearly-showed-so/
Charlene Lima,"June 13, 2013","Rhode Island ""didn't ratify the 13th Amendment to the Constitution to pay federal income taxes. So Rhode Island doesn't even have to pay federal income taxes.""",pants-fire,speech on the floor of the Rhode Island House of Representatives,Rhode Island; History; Taxes,C. Eugene Emery Jr.,"June 19, 2013",https://www.politifact.com/factchecks/2013/jun/19/charlene-lima/ri-state-representative-charlene-lima-says-rhode-i/
Johnny Isakson,"May 21, 2013","Corporate tax holidays pushed by Presidents John F. Kennedy and George W. Bush brought ""billions"" of dollars back into the United States.",half-true,interview,Georgia; Taxes,Eric Stirgus,"June 18, 2013",https://www.politifact.com/factchecks/2013/jun/18/johnny-isakson/corporate-tax-holiday-has-benefits-isakson-says/
Oregon Republican Party,"May 29, 2013","Says a group ""estimates that the annual cost to Oregon taxpayers for government services to illegal aliens, after any income tax revenue from them, is $1 billion.""",mostly-false,a press release,Immigration; Oregon; Economy; Education; State Budget; Workers; Taxes,Janie Har,"June 15, 2013",https://www.politifact.com/factchecks/2013/jun/15/oregon-republican-party/do-illegal-aliens-cost-oregon-1-billion-year/
Chain email,"June 12, 2013",A hidden provision in Obamacare taxes sporting goods as medical devices.,pants-fire,email,Ohio; Health Care; Taxes,Tom Feran,"June 14, 2013",https://www.politifact.com/factchecks/2013/jun/14/chain-email/chain-email-claims-health-care-law-contains-hidden/
Earl Blumenauer,"June 4, 2013","Says ""Having organizations parading as being social welfare organizations and then being involved in the political combat harkens back to why the statute a hundred years ago said that they were prohibited.""",false,U.S. Ways and Means hearing,Oregon; Campaign Finance; Congress; Taxes,Janie Har,"June 13, 2013",https://www.politifact.com/factchecks/2013/jun/13/earl-blumenauer/did-1913-revenue-act-prohibit-political-organizati/
Dave Joyce,"June 5, 2013","""47 - New provisions ObamaCare charges the IRS with implementing, according to the Government Accountability Office.""",true,tweet,Ohio; Health Care; Taxes,Tom Feran,"June 12, 2013",https://www.politifact.com/factchecks/2013/jun/12/dave-joyce/rep-dave-joyce-says-irs-must-carry-out-47-provisio/
Progress Texas,"May 31, 2013",Says two-thirds of groups targeted for IRS scrutiny were not conservative.,pants-fire,tweet,Taxes; Texas,Sue Owen,"June 11, 2013",https://www.politifact.com/factchecks/2013/jun/11/progress-texas/progress-texas-says-two-thirds-groups-targeted-irs/
Jason Carter,"May 27, 2013","""We (Georgia) collect fewer state taxes per capita than any other state … although state taxes are low, Georgia is the eighth-most-dependent state on the federal government.""",mostly-true,meeting,Georgia; Taxes,Janel Davis,"June 11, 2013",https://www.politifact.com/factchecks/2013/jun/11/jason-carter/tax-policy-hurts-georgia-senator-says/
Tim Griffin,"June 4, 2013","""There was no surge in 501(c)(4) applications in 2010.""",true,House Ways and Means hearing,National; Taxes,Jon Greenberg,"June 7, 2013",https://www.politifact.com/factchecks/2013/jun/07/tim-griffin/no-rise-applications-triggered-irs-actions-says-ti/
Jim McDermott,"June 4, 2013","""During the Bush administration, liberal groups were targeted"" by the IRS, similar to recent targeting.",mostly-false,House Ways and Means hearing,National; Bush Administration; Taxes,Jon Greenberg,"June 6, 2013",https://www.politifact.com/factchecks/2013/jun/06/jim-mcdermott/irs-targeted-liberal-groups-bush-years-jim-mcdermo/
Republican Governors Association,"May 29, 2013","""Barbara Buono by the numbers: As a Trenton politician, she voted to raise taxes 154 times. Under her, property taxes up 70 percent. Backed a 16 percent sales tax increase. Utilities, nursing homes, cell phones, parking lots, lottery wins, gyms – She taxed them all. Architect of Corzine’s budget, she drove New Jersey $2 billion into debt. Barbara Buono by the numbers: taking New Jersey backwards.""",mostly-true,gubernatorial campaign TV ad,New Jersey; Debt; State Budget; Taxes,Caryn Shinske,"June 6, 2013",https://www.politifact.com/factchecks/2013/jun/06/republican-governors-association/barbara-buonos-record-tax-debt-hikes-targeted-gop-/
Rick Scott,"May 21, 2013","""We cut taxes 24 times.""",half-true,Wall Street Journal interview,Taxes; Florida,Katie Sanders,"June 3, 2013",https://www.politifact.com/factchecks/2013/jun/03/rick-scott/rick-scott-claims-24-tax-cuts-florida-2011/
Dale Kooyenga,"May 27, 2013","Wisconsin has ""one of the most progressive tax codes in the country.""",mostly-true,opinion piece,Income; Jobs; Taxes; Wisconsin,Dave Umhoefer,"June 2, 2013",https://www.politifact.com/factchecks/2013/jun/02/dale-kooyenga/kooyenga-says-wisconsins-income-taxes-stand-out-na/
Chris Christie,"May 22, 2013","""Jon Corzine, elected governor. Teams up with Barbara Buono. $1.2  billion sales tax increase? Passed. Most spending in state history? Passed. After Buono named budget chair, taxes and fees increase 23 times in just two years. State debt? Up $13.4 billion. Unemployment? Doubled.""",half-true,gubernatorial campaign television ad,New Jersey; Debt; Jobs; State Budget; Taxes,Caryn Shinske,"June 2, 2013",https://www.politifact.com/factchecks/2013/jun/02/chris-christie/chris-christie-tv-ad-links-big-budgets-cost-hikes-/
Republican Party of Florida,"May 28, 2013","""Two weeks after signing a taxpayer protection pledge, (Charlie Crist) breaks it.""",mostly-false,Web ad,Public Health; State Budget; Taxes; Florida,Aaron Sharockman,"May 30, 2013",https://www.politifact.com/factchecks/2013/may/30/republican-party-florida/state-republicans-say-it-took-charlie-crist-only-t/
Barbara Buono,"May 22, 2013","""To hear Gov. Christie tell it, everything in New Jersey is going just fine. Well I see another New Jersey with 400,000 unemployed. One of the worst jobless rates in the country. Working and middle class families have seen costs soar, from property taxes to college tuition.""",half-true,gubernatorial campaign television ad,New Jersey; Education; Jobs; Taxes,Caryn Shinske,"May 26, 2013",https://www.politifact.com/factchecks/2013/may/26/barbara-buono/barbara-buono-tv-ad-goes-after-chris-christie-jobs/
Sander Levin,"May 17, 2013","Says the inspector general for the IRS said there was ""no political motivation"" and ""no outside influence"" for targeting of tax-exempt applications from tea party groups",mostly-true,interview on MSNBC,National; Taxes,Becky Bowers,"May 24, 2013",https://www.politifact.com/factchecks/2013/may/24/sander-levin/sander-levin-says-irss-inspector-general-said-ther/
Xavier Becerra,"May 19, 2013","""We have a tax code that allows groups to use their political operations within the tax code, under the guise of a charity, to use undisclosed millions of dollars to do political campaigns.""",mostly-true,comment on 'Meet the Press',National; Elections; Taxes,Jon Greenberg,"May 22, 2013",https://www.politifact.com/factchecks/2013/may/22/xavier-becerra/tax-code-allows-groups-spend-undisclosed-donations/
Ron Maag,"April 12, 2013","""Forty-six cents of every dollar"" Ohio could get for Medicaid expansion ""is going to come from China or some other country that doesn’t like us very much.""",false,statement during a state House Finance and Appropriations Committee hearing,Ohio; Debt; Health Care; Taxes,Stephen Koff,"May 22, 2013",https://www.politifact.com/factchecks/2013/may/22/ron-maag/rep-ron-maag-says-46-percent-medicaid-expansion-mo/
Randy Forbes,"May 17, 2013","""The IRS doesn't have to prove something against you ... you've got the burden of proof.""",mostly-true,interview with Fox News,National; Legal Issues; Taxes,Louis Jacobson,"May 22, 2013",https://www.politifact.com/factchecks/2013/may/22/randy-forbes/randy-forbes-says-taxpayer-has-burden-proof-when-f/
Michele Bachmann,"May 15, 2013","The IRS is going to be ""in charge"" of ""a huge national database"" on health care that will include Americans’ ""personal, intimate, most close-to-the-vest-secrets.""",pants-fire,"interview on Fox News' ""On the Record"" with Greta Van Susteren",National; Health Care; Taxes; Privacy Issues,Louis Jacobson,"May 20, 2013",https://www.politifact.com/factchecks/2013/may/20/michele-bachmann/michele-bachmann-decries-huge-national-database-ru/
Michele Bachmann,"May 15, 2013","The IRS is ""going to be in charge of our health care.""",false,"interview on Fox News' ""On the Record"" with Greta Van Susteren",National; Health Care; Taxes,Louis Jacobson,"May 20, 2013",https://www.politifact.com/factchecks/2013/may/20/michele-bachmann/michele-bachmann-says-irs-going-be-charge-our-heal/
Michele Bachmann,"May 15, 2013","""The IRS will have the ability potentially"" to deny or delay health care.",mostly-false,"interview on Fox News' ""On the Record"" with Greta Van Susteren",National; Health Care; Taxes,Louis Jacobson,"May 20, 2013",https://www.politifact.com/factchecks/2013/may/20/michele-bachmann/michele-bachmann-says-irs-will-have-ability-delay-/
John Eaves,"May 3, 2013",Says Fulton County government hasn’t raised its millage rate since 1991.,mostly-true,interview,Georgia; Taxes,Eric Stirgus,"May 20, 2013",https://www.politifact.com/factchecks/2013/may/20/john-eaves/fulton-leader-uses-tax-rate-make-case-state-battle/
Chris Christie,"May 13, 2013","""Buono voted 154 times to raise our taxes -- like the sales tax, the income tax, health care taxes, even small business taxes.""",true,gubernatorial campaign television ad,New Jersey; Taxes,Caryn Shinske,"May 19, 2013",https://www.politifact.com/factchecks/2013/may/19/chris-christie/barbara-buono-voted-increases-taxes-fees-154-times/
David Cicilline,"May 12, 2013","Historically, the Social Security tax has been assessed on about 90% of U.S. income. Now it captures 83% because there's been such a growth of income among the highest earners.",mostly-false,interview on WPRI's Newsmakers program,Rhode Island; Debt; Federal Budget; History; Social Security; Wealth; Taxes,C. Eugene Emery Jr.,"May 19, 2013",https://www.politifact.com/factchecks/2013/may/19/david-cicilline/us-rep-david-cicilline-says-only-83-percent-income/
Tom Price,"May 1, 2013",Says President Barack Obama’s proposed budget includes two new tax increases that would collect about $14 billion.,mostly-true,tweet,Georgia; Taxes,Eric Stirgus,"May 17, 2013",https://www.politifact.com/factchecks/2013/may/17/tom-price/price-takes-obama-task-budget-proposals/
One New Jersey,"May 3, 2013","""Under Republican Governor Chris Christie, tolls cost more. Train and bus rides cost more. College tuition goes up. But Christie protected a tax cut for millionaires.""",mostly-true,radio ad,New Jersey; Education; Transportation; Taxes,Caryn Shinske,"May 16, 2013",https://www.politifact.com/factchecks/2013/may/16/one-new-jersey/democratic-ad-targets-chris-christie-hikes-tolls-p/
Chris Christie,"May 1, 2013","""Four balanced budgets in a row, with no new taxes for anyone. The best job growth in 12 years. Nearly 130,000 new private-sector jobs. Merit pay to reward New Jersey’s best teachers, and the most education funding ever.""",mostly-true,television ad,New Jersey; Jobs; State Budget; Taxes,Caryn Shinske,"May 9, 2013",https://www.politifact.com/factchecks/2013/may/09/chris-christie/new-chris-christie-tv-ad-touts-balanced-budgets-jo/
League of Women Voters of the Austin Area,"April 28, 2013","Says opponents of proposed Austin school district bonds say the district’s ""debt load doubles with these new bonds.""",half-true,voters guide.,Debt; Education; Taxes; Texas,W. Gardner Selby,"May 3, 2013",https://www.politifact.com/factchecks/2013/may/03/league-women-voters-austin-area/league-says-opponents-bond-package-say-approval-wo/
League of Women Voters of the Austin Area,"April 28, 2013","Says proponents of a bond package for the Austin school district say the district has the second-lowest bond tax rate ""among the Central Texas area school districts.""",half-true,Voters Guide.,Education; Taxes; Texas,W. Gardner Selby,"May 3, 2013",https://www.politifact.com/factchecks/2013/may/03/league-women-voters-austin-area/guide-says-proponents-bond-package-say-austin-scho/
Leonard Lance,"April 15, 2013","""The Internal Revenue code has ballooned to a 5,600-page, 4 million-word complicated mess that is seven times as long as the Bible with none of the good news.""",mostly-true,press release,New Jersey; Taxes,Caryn Shinske,"May 2, 2013",https://www.politifact.com/factchecks/2013/may/02/leonard-lance/leonard-lance-claims-federal-tax-code-contains-4-m/
Rob Woodall,"April 16, 2013","""Do you know those former Soviet Bloc countries have all moved to flat taxes?""",half-true,speech,Georgia; Taxes,Chris Joyner,"April 29, 2013",https://www.politifact.com/factchecks/2013/apr/29/rob-woodall/rep-overstates-popularity-flat-tax-ex-soviet-state/
Adam Schefter,"April 25, 2013","""Odd fact for odd draft: No. 2 overall pick will earn more than the No. 1 pick due to no state tax in Florida. So 2 not so bad.""",mostly-true,tweet about the NFL Draft,Sports; Taxes; Florida,Katie Sanders,"April 26, 2013",https://www.politifact.com/factchecks/2013/apr/26/adam-schefter/nfl-reporter-says-no-2-pick-nfl-draft-will-earn-mo/
Bill Hammond,"April 15, 2013",Says businesses pay roughly 60 percent of taxes in Texas.,mostly-true,"press conference with Gov. Rick Perry, April 15, 2013",State Budget; Taxes; Texas,Sue Owen,"April 26, 2013",https://www.politifact.com/factchecks/2013/apr/26/bill-hammond/business-group-leader-says-businesses-pay-roughly-/
Leonard Lance,"April 15, 2013","""The United States currently has the highest corporate tax rate in the world.""",mostly-true,news release about tax reform,New Jersey; Corporations; Taxes,Caryn Shinske,"April 25, 2013",https://www.politifact.com/factchecks/2013/apr/25/leonard-lance/leonard-lance-claims-us-has-highest-corporate-tax-/
Carlos Gimenez,"April 10, 2013","The Miami Dolphins ""are the only NFL team in the entire nation that pays property taxes.""",false,county commission meeting,County Budget; Sports; Taxes; Florida,Amy Sherman,"April 22, 2013",https://www.politifact.com/factchecks/2013/apr/22/carlos-gimenez/carlos-gimenez-says-miami-dolphins-are-only-proper/
Associated Industries of Florida,"April 14, 2013","The ""working tax cut"" created ""over 40,000 new jobs in just the last four years.""",pants-fire,TV ad,Taxes; Florida,Katie Sanders,"April 19, 2013",https://www.politifact.com/factchecks/2013/apr/19/associated-industries-florida/associated-industries-florida-says-insurance-tax-c/
The Tax Foundation,"April 12, 2013","""We Really Do Have the Highest Corporate Tax Rate in the World.""",mostly-true,press release,Georgia; Taxes,Eric Stirgus,"April 17, 2013",https://www.politifact.com/factchecks/2013/apr/17/tax-foundation/group-takes-senator-about-corporate-taxes/
Nancy Nathanson,"April 4, 2013","Says ""a pack-a-day smoker who quits because of the tax increase will save about $1,650 a year.""",true,House floor speech.,Oregon; Public Health; Taxes,Ian K. Kullgren,"April 15, 2013",https://www.politifact.com/factchecks/2013/apr/15/nancy-nathanson/would-pack-day-smoker-save-1650-year-if-they-quit-/
Virginia Society for Human Life,"April 3, 2013","Under Obamacare, Virginia taxpayers would have been ""forced to pay for abortions"" if the General Assembly had not recently intervened.",false,statement.,Abortion; Health Care; Taxes; Virginia,Sean Gorman,"April 15, 2013",https://www.politifact.com/factchecks/2013/apr/15/virginia-society-human-life/va-society-human-life-says-obamacare-allows-tax-fu/
Caddy McKeown,"April 4, 2013","Says ""A baby in Coos County is two times as likely to be born to a mother who is someone who used tobacco during her pregnancy as is the average baby born in Oregon or the U.S.""",true,House floor speech,Oregon; County Government; Public Health; Taxes,Janie Har,"April 12, 2013",https://www.politifact.com/factchecks/2013/apr/12/caddy-mckeown/are-babies-born-coos-county-twice-likely-be-born-s/
Lon Burnam,"March 4, 2013","Says rejecting federal aid to expand Medicaid in Texas will ""send $9 billion in federal taxes paid by Texans to other states to insure their working poor.""",false,press release,Health Care; Medicaid; Taxes; Texas,Sue Owen,"April 12, 2013",https://www.politifact.com/factchecks/2013/apr/12/lon-burnam/lon-burnam-says-rejecting-expansion-would-send-9-b/
Chris Christie,"March 25, 2013","""The people who were running the budget, in the Corzine years, decided to steal from the unemployment trust fund. … As did other Governors before. We simply don’t do that, haven’t done it, and won’t permit it.""",mostly-false,"answer to a caller on NJ 101.5's ""Ask The Governor"" program",New Jersey; Taxes,Caryn Shinske,"April 11, 2013",https://www.politifact.com/factchecks/2013/apr/11/chris-christie/chris-christie-claims-corzine-other-administration/
John Kasich,"March 21, 2013","""Right now, Texas doesn’t have an income tax and Oklahoma’s lowering their income tax rates, and guess what their severance tax is? Sky high.""",true,television interview,Ohio; State Budget; Taxes,Robert Higgs,"April 8, 2013",https://www.politifact.com/factchecks/2013/apr/08/john-kasich/john-kasich-says-oklahoma-texas-have-sky-high-taxe/
Bobby  Scott,"March 25, 2013","Paul Ryan’s budget ""keeps the Obamacare taxes and spending cuts that paid for Obamacare, but then cuts all of the benefits.""",mostly-true,radio interview.,Congress; Federal Budget; Health Care; Taxes; Virginia,Nancy  Madsen,"April 8, 2013",https://www.politifact.com/factchecks/2013/apr/08/bobby-scott/bobby-scott-says-house-budget-ends-obamacare-keeps/
Scott Walker,"March 22, 2013","Says that even if his budget is adopted, private schools in the choice program would be getting about half the per-pupil funds that public schools receive",half-true,news release,Education; State Budget; Taxes; Wisconsin,Dave Umhoefer,"April 7, 2013",https://www.politifact.com/factchecks/2013/apr/07/scott-walker/gov-scott-walker-says-choice-schools-would-get-onl/
Ron Wyden,"April 1, 2013","Says ""I've authored the first bipartisan tax reform bill in a quarter-century.""",mostly-true,press conference,Oregon; Bipartisanship; Congress; Taxes,Janie Har,"April 6, 2013",https://www.politifact.com/factchecks/2013/apr/06/ron-wyden/did-wyden-write-first-bipartisan-tax-reform-bill-2/
Bloggers,"March 28, 2013","Forty aides who serve President Barack Obama ""owe $333,485 in back taxes.""",mostly-true,blog posts,Ohio; Taxes,Stephen Koff,"April 3, 2013",https://www.politifact.com/factchecks/2013/apr/03/blog-posting/bloggers-say-obama-aides-are-delinquent-their-taxe/
Rob Portman,"March 21, 2013","""Our debt now is about $140,000 per household.""",mostly-true,speech on the Senate floor,Ohio; Debt; Taxes,Stephen Koff,"March 27, 2013",https://www.politifact.com/factchecks/2013/mar/27/rob-portman/sen-rob-portman-says-national-debt-breaks-down-140/
Scott Walker,"March 16, 2013","""Under my predecessor, they cut funding for education, but they didn't give them anything in return to make up for that,"" leading to ""less money"" for school districts",half-true,speech,Education; Taxes; Wisconsin,Dave Umhoefer,"March 25, 2013",https://www.politifact.com/factchecks/2013/mar/25/scott-walker/walker-says-doyle-cut-education-funding-without-gi/
Bruce Hanna,"March 6, 2013","Says, ""The Democrats' proposed budget is also balanced by using more in new tax revenue than in total PERS reform or savings.""",false,floor speech,Oregon; Pensions; State Budget; Unions; Taxes,Janie Har,"March 23, 2013",https://www.politifact.com/factchecks/2013/mar/23/bruce-hanna/are-democrats-relying-more-new-taxes-pers-reforms-/
Gary Kelly,"February 1, 2013","""Taxes and fees amount to about 20 percent of a typical $300 round-trip domestic ticket. That’s higher than taxes on products like alcohol, tobacco and firearms.""",mostly-true,column,Homeland Security; Government Regulation; Transportation; Taxes; Wisconsin,Tom Kertscher,"March 17, 2013",https://www.politifact.com/factchecks/2013/mar/17/gary-kelly/southwest-airlines-ceo-says-federal-taxes-flight-a/
Jamie Radtke,"March 3, 2013","The transportation package passed by the General Assembly would impose the ""largest tax increase in Virginia’s history.""",half-true,website post.,Taxes; Virginia,Sean Gorman,"March 15, 2013",https://www.politifact.com/factchecks/2013/mar/15/jamie-radtke/jamie-radtke-says-transportation-bill-would-impose/
Paul Ryan,"March 3, 2013","The fiscal cliff agreement was ""the largest tax increase in history.""",false,interview,Federal Budget; Health Care; Taxes; Wisconsin,Tom Kertscher,"March 15, 2013",https://www.politifact.com/factchecks/2013/mar/15/paul-ryan/largest-tax-hike-ever-fiscal-cliff-deal-paul-ryan-/
JoEllen Smith,"February 22, 2013",Cobb is one of the largest school systems (in the nation) that is debt free.,true,editorial,Georgia; County Budget; Debt; Taxes,Janel Davis,"March 15, 2013",https://www.politifact.com/factchecks/2013/mar/15/joellen-smith/cobb-e-splost-advocates-use-no-debt-argument/
Jim Renacci,"February 15, 2013","""Raising taxes on investment income has actually lowered the revenue received from the tax, while cutting capital gains tax rates has increased revenue.""",half-true,commentary,Ohio; Taxes,Tom Feran,"March 14, 2013",https://www.politifact.com/factchecks/2013/mar/14/jim-renacci/rep-jim-renacci-says-raising-capital-gains-tax-has/
New Hampshire Democratic Party,"March 5, 2013","Says Jennifer Horn, chairwoman of the N.H. Republican Party, owes $92,000 in back taxes.",mostly-true,written statement,New Hampshire; Taxes,Jake Berry,"March 12, 2013",https://www.politifact.com/factchecks/2013/mar/12/new-hampshire-democratic-party/nh-gop-chairman-horn-under-fire-unpaid-taxes/
Rob Portman,"February 20, 2013","""There have been literally hundreds of new tax preferences and loopholes added to the code since 1986, last time we did this.""",true,television interview,Ohio; Taxes,Stephen Koff,"March 11, 2013",https://www.politifact.com/factchecks/2013/mar/11/rob-portman/sen-rob-portman-says-hundreds-tax-preferences-and-/
Barbara Buono,"March 5, 2013","""Governor Christie, his idea of jumpstarting the economy is to propose a trickle-down income tax cut last year and in his budget address this year, he stated his support for it again.""",mostly-false,"interview on MSNBC's ""The Last Word with Lawrence O'Donell""",New Jersey; Taxes,Caryn Shinske,"March 10, 2013",https://www.politifact.com/factchecks/2013/mar/10/barbara-buono/barbara-buono-claims-chris-christie-still-supports/
Kasim Reed,"February 13, 2013",Says the Georgia Dome would need up to $350 million in work over the next five to seven years.,half-true,news story,Georgia; Infrastructure; Sports; Taxes,Janel Davis,"March 8, 2013",https://www.politifact.com/factchecks/2013/mar/08/kasim-reed/would-new-stadium-be-cheaper-dome-rehab-depends/
Dan Ramos,"February 19, 2013","Under Gov. John Kasich’s budget proposal, ""the top one percent in Ohio will pay $10,000 less in income tax each year, but Ohio’s working and middle class families will pay more.""",half-true,news release,Ohio; State Budget; Taxes,Brandon Blackwell,"March 7, 2013",https://www.politifact.com/factchecks/2013/mar/07/dan-ramos/state-sen-dan-ramos-says-top-earners-would-pay-les/
Rick Scott,"March 5, 2013","A ""legacy of taxing and borrowing … crippled the economy we inherited two years ago.""",false,his State of the State speech,Corrections and Updates; Economy; State Budget; Taxes; Florida,Louis Jacobson,"March 5, 2013",https://www.politifact.com/factchecks/2013/mar/05/rick-scott/rick-scott-blames-legacy-taxing-and-borrowing-poor/
Barack Obama,"March 1, 2013",Says a majority of Americans -- and Republicans -- support his approach for deficit reduction.,mostly-true,press briefing at the White House,National; Federal Budget; Polls and Public Opinion; Taxes,Becky Bowers,"March 1, 2013",https://www.politifact.com/factchecks/2013/mar/01/barack-obama/barack-obama-says-majority-american-people-agree-m/
Duriya Farooqui,"February 13, 2013","""Of the 18 stadiums built from 2004 to 2013, 47 percent of the total cost came from public sources.""",mostly-true,presentation,Georgia; City Government; Sports; Taxes,Eric Stirgus,"March 1, 2013",https://www.politifact.com/factchecks/2013/mar/01/duriya-farooqui/atlanta-official-seeks-touchdown-stadium-claim/
Kevin McCarthy,"February 25, 2013","Says the federal government is earning more tax revenue now ""than any other time.""",mostly-false,interview on Fox News,National; Economy; Federal Budget; Taxes,Becky Bowers,"February 28, 2013",https://www.politifact.com/factchecks/2013/feb/28/kevin-mccarthy/rep-kevin-mccarthy-says-federal-government-has-mor/
Chris Christie,"February 26, 2013","""Property taxes had increased 70 percent in the previous 10 years.""",mostly-true,budget speech to the state Legislature,New Jersey; State Budget; Taxes,Caryn Shinske,"February 28, 2013",https://www.politifact.com/factchecks/2013/feb/28/chris-christie/chris-christie-repeats-claim-about-70-percent-hike/
Joseph Testa,"February 4, 2013","""About two-thirds of all consumption is services. . . It was just the opposite"" when the sales tax was enacted in the '30s.",mostly-true,news conference,Ohio; State Budget; Taxes,Robert Higgs,"February 27, 2013",https://www.politifact.com/factchecks/2013/feb/27/joseph-testa/ohio-tax-commissioner-joseph-testa-says-consumptio/
Gary Sasse,"February 10, 2013","Of six Rhode Island tax-credit programs worth about $35 million, ""three companies got 90 percent of that -- CVS and two companies not even located in the state of Rhode Island.""",true,appearance on 10 News Conference,Rhode Island; Corporations; Debt; Deficit; Economy; Small Business; State Budget; Taxes,C. Eugene Emery Jr.,"February 24, 2013",https://www.politifact.com/factchecks/2013/feb/24/gary-sasse/gary-sasse-says-90-percent-35-million-tax-credits-/
Ohio Republican Party,"February 19, 2013","""Kewpie burgers are delicious. An Ohio institution. And they'll cost less thanks to John Kasich's tax cut.""",mostly-true,Tweet,Ohio; Food Safety; State Budget; Taxes,Tom Feran,"February 22, 2013",https://www.politifact.com/factchecks/2013/feb/22/ohio-republican-party/ohio-republican-party-says-kewpee-burgers-would-be/
Grover Norquist,"February 7, 2013","In Virginia ""there has been a billion dollars in surplus over the last three years. The legislature has spent less than 1 percent of that on roads.""",false,radio interview.,State Budget; Transportation; Taxes; Virginia,Sean Gorman,"February 18, 2013",https://www.politifact.com/factchecks/2013/feb/18/grover-norquist/norquist-says-virginia-has-spent-less-1-percent-bu/
John Wisniewski,"February 2, 2013","""We have a governor who's vetoed measures like increasing our minimum wage and restoring the earned income tax cut.""",mostly-true,campaign rally,New Jersey; Jobs; Labor; Taxes,Bill Wichert,"February 14, 2013",https://www.politifact.com/factchecks/2013/feb/14/john-wisniewski/chris-christie-vetoed-bills-raise-minimum-wage-and/
Richard Saslaw,"January 15, 2013","Except for Virginia, ""the other 49 states keep raising their gas tax.""",pants-fire,news conference.,States; Transportation; Taxes; Virginia,Sean Gorman,"February 11, 2013",https://www.politifact.com/factchecks/2013/feb/11/richard-saslaw/dick-saslaw-say-except-virginia-all-states-keep-ra/
Paul Ryan,"January 27, 2013","""We’re taxing our small businesses now at rates higher than corporations.""",mostly-false,interview,Corporations; Small Business; Taxes; Wisconsin,Dave Umhoefer,"February 7, 2013",https://www.politifact.com/factchecks/2013/feb/07/paul-ryan/rep-paul-ryan-says-small-businesses-are-now-taxed-/
Richard Saslaw,"January 9, 2013","""One-third of the gasoline is purchased by out-of-state people"" in Virginia",false,interview,State Budget; Transportation; Taxes; Virginia,Nancy  Madsen,"February 5, 2013",https://www.politifact.com/factchecks/2013/feb/05/richard-saslaw/state-sen-richard-saslaw-says-virginia-one-third-g/
Bob McDonnell,"January 8, 2013","Says his plan to raise car registration to $56 would still leave Virginia with a fee that’s ""equal to or lower than most states.""",pants-fire,news conference.,Transportation; Taxes; Virginia,Sean Gorman,"February 1, 2013",https://www.politifact.com/factchecks/2013/feb/01/bob-mcdonnell/mcdonnell-says-56-car-registration-fee-virginia-wo/
Sherrod Brown,"January 1, 2013","Says the New Year’s Day ""fiscal cliff"" deal ""reduces the deficit.""",half-true,news release,Ohio; Congress; Deficit; Federal Budget; Taxes,Stephen Koff,"January 31, 2013",https://www.politifact.com/factchecks/2013/jan/31/sherrod-brown/sen-sherrod-brown-says-deal-avert-fiscal-cliff-red/
J.D. Van Brink,"December 10, 2012","The federal government owns 30 percent of the land in the 50 states, or about 650 million acres.",mostly-true,a tea party meeting,Georgia; Federal Budget; Taxes,Janel Davis,"January 28, 2013",https://www.politifact.com/factchecks/2013/jan/28/jd-van-brink/claim-about-federal-land-holdings-holds/
Barbara Buono,"January 13, 2013","Says Chris Christie’s plan ""to kick-start our economy"" is to propose an ""income tax cut that disproportionately benefits the wealthy, and...he's still proposing it.""",pants-fire,interview on bluejersey.com,New Jersey; Taxes,Bill Wichert,"January 24, 2013",https://www.politifact.com/factchecks/2013/jan/24/barbara-buono/barbara-buono-claims-chris-christie-still-proposin/
Scott Walker,"January 4, 2013","""Thanks to Washington, nearly everyone will pay more in taxes in 2013. Somehow people think it's just the wealthy. It's not.""",half-true,tweet,Economy; Federal Budget; State Budget; Taxes; Wisconsin,Dave Umhoefer,"January 20, 2013",https://www.politifact.com/factchecks/2013/jan/20/scott-walker/gov-scott-walker-says-nearly-everyone-will-pay-mor/
Bill Pascrell,"December 31, 2012","Says ""how much money the government is collecting from people...in terms of the gross domestic product"" is ""the lowest in 40, 50 years.""",mostly-true,interview on WOR-AM,New Jersey; Federal Budget; Taxes,Bill Wichert,"January 13, 2013",https://www.politifact.com/factchecks/2013/jan/13/bill-pascrell/rep-bill-pascrell-says-federal-revenues-share-econ/
Tom Price,"January 2, 2013","The fiscal cliff deal ""ultimately raised taxes.""",half-true,radio interview,Georgia; Federal Budget; Taxes,Willoughby Mariano,"January 11, 2013",https://www.politifact.com/factchecks/2013/jan/11/tom-price/fiscal-cliff-impact-taxes-matter-perspective/
Bob McDonnell,"January 8, 2013","Says his transportation plan ""would make Virginia the first state in the nation to eliminate the state tax on gasoline.""",true,news conference.,Transportation; Taxes; Virginia,Nancy  Madsen,"January 10, 2013",https://www.politifact.com/factchecks/2013/jan/10/bob-mcdonnell/mcdonnell-says-his-roads-plan-would-make-virginia-/
Chris Christie,"January 8, 2013","""A far different picture from the prior eight years, which saw 115 increases in taxes and fees.""",true,speech,New Jersey; Taxes,Caryn Shinske,"January 10, 2013",https://www.politifact.com/factchecks/2013/jan/10/chris-christie/chris-christie-says-taxes-fees-raised-115-times-8-/
John Boehner,"November 9, 2012","""The problem with raising tax rates on the wealthiest Americans is that more than half of them are small business owners.""",false,news conference,Ohio; Deficit; Federal Budget; Taxes,Tom Feran,"January 3, 2013",https://www.politifact.com/factchecks/2013/jan/03/john-boehner/john-boehner-says-half-wealthiest-americans-are-sm/
John  Kitzhaber,"December 13, 2012","Says the Nike bill ""is not a tax break ... this does not lower the taxes that Nike will pay nor does it prevent the Legislature from raising those taxes in the future.""",mostly-true,legislative testimony.,Oregon; State Budget; Taxes,Ian K. Kullgren,"December 20, 2012",https://www.politifact.com/factchecks/2012/dec/20/john-kitzhaber/does-new-nike-bill-qualify-tax-break/
Marina Dimitrijevic,"November 14, 2012","Thanks to actions by the Milwaukee County Board on the 2013 budget, the amount of county taxes on the average home in the city of Milwaukee ""would be a $19 decrease.""",mostly-false,radio interview,County Budget; County Government; Taxes; Wisconsin,James B. Nelson,"December 19, 2012",https://www.politifact.com/factchecks/2012/dec/19/marina-dimitrijevic/Milwaukee-County-Board-chairwoman-touts-decrease-i/
Barack Obama,"December 5, 2012","""If the House of Representatives fails to extend the middle-class tax cuts, 400,000 middle-class Rhode Island families will see their federal income taxes increase.""",false,report,Rhode Island; Economy; Families; Federal Budget; Income; Taxes,C. Eugene Emery Jr.,"December 16, 2012",https://www.politifact.com/factchecks/2012/dec/16/barack-obama/obama-says-fiscal-cliff-poses-risk-400000-middle-c/
One Wisconsin Now,"December 3, 2012","Says state schools superintendent candidate Don Pridemore ""voted for the largest cuts to public education in our state history"" and for ""$2.3 billion in tax breaks for corporations and the wealthy.""",half-true,news release,Corporations; Education; Small Business; State Budget; Taxes; Wisconsin,Tom Kertscher,"December 12, 2012",https://www.politifact.com/factchecks/2012/dec/12/one-wisconsin-now/candidate-wisconsin-schools-chief-backed-biggest-e/
Our Oregon,"December 4, 2012","Says that ""the state spends more money on tax giveaways than it receives in tax collection.""",mostly-true,blog post.,Oregon; State Budget; Taxes,Ian K. Kullgren,"December 10, 2012",https://www.politifact.com/factchecks/2012/dec/10/our-oregon/does-oregon-spend-more-tax-giveaways-it-brings/
Todd Hunter,"November 26, 2012",Says real estate taxes were put in place to pay for Obamacare.,mostly-false,Texas Tribune interview.,Health Care; Taxes; Texas,W. Gardner Selby,"December 6, 2012",https://www.politifact.com/factchecks/2012/dec/06/todd-hunter/todd-hunter-says-obamacare-funded-real-estate-taxe/
Saxby Chambliss,"November 27, 2012",Says he has never voted for raising taxes.,true,interview,Georgia; Candidate Biography; Taxes,Eric Stirgus,"December 5, 2012",https://www.politifact.com/factchecks/2012/dec/05/saxby-chambliss/chambliss-defends-his-record-fighting-tax-increase/
Scott Walker,"November 26, 2012","Says he first unveiled his new legislative agenda in Wisconsin, not in California as critics complain",mostly-false,interview,Education; Government Regulation; State Budget; Taxes; Wisconsin,Dave Umhoefer,"December 2, 2012",https://www.politifact.com/factchecks/2012/dec/02/scott-walker/walker-says-he-unveiled-legislative-agenda-wiscons/
Dennis Kucinich,"November 2, 2012","Says the tax code is effectively subsidizing ""the marketing efforts of fast food and junk food companies by as much as $19 billion over 10 years.""",mostly-true,news release,Ohio; Children; Health Care; Public Health; Taxes,Tom Feran,"November 26, 2012",https://www.politifact.com/factchecks/2012/nov/26/dennis-kucinich/dennis-kucinich-says-tax-code-effectively-subsidiz/
Chris Christie,"October 30, 2012","Says New Jersey is ""50th in return of our federal tax dollars.""",mostly-true,interview on NBC Nightly News,New Jersey; States; Taxes,Erin O'Neill,"November 18, 2012",https://www.politifact.com/factchecks/2012/nov/18/chris-christie/chris-christie-says-new-jersey-receives-smallest-r/
Maggie Hassan,"November 7, 2012",Says New Hampshire had the fourth-lowest unemployment rate in the country during Maggie Hassan’s time in the state Senate.,half-true,interview on the Daily Rundown on MSNBC.,New Hampshire; Jobs; Taxes,Jake Berry,"November 16, 2012",https://www.politifact.com/factchecks/2012/nov/16/maggie-hassan/new-hampshires-new-governor-maggie-hassan-claims-l/
Libraries Yes! Committee,"October 21, 2012","Says the Multnomah County Library system ""is the second busiest in the nation.""",true,campaign mailer.,Oregon; Taxes,Ian K. Kullgren,"November 16, 2012",https://www.politifact.com/factchecks/2012/nov/16/libraries-yes-committee/mulnomah-county-library-system-second-busiest-nati/
Mike White,"October 23, 2012","Says that with President Obama's re-election, state and federal income tax rates for some taxpayers will rise ""to roughly 65 percent.""",false,email to employees,Income; Jobs; Workers; Taxes; Wisconsin,Tom Kertscher,"November 15, 2012",https://www.politifact.com/factchecks/2012/nov/15/mike-white/obamas-re-election-federal-and-state-rates-wiscons/
Robin Vos,"November 8, 2012","When it comes to income taxes, Wisconsin is ""one of the best places in the country to be poor"" but ""top 4 or 5 worst"" for middle-income earners.",mostly-true,interview,State Budget; Taxes; Wisconsin,Dave Umhoefer,"November 14, 2012",https://www.politifact.com/factchecks/2012/nov/14/robin-vos/vos-says-income-taxes-wisconsin-one-easiest-poor-a/
Clayton County Government,"November 2, 2012","""Clayton County offers the lowest operating millage rate in Metro Atlanta.""",false,web post,Georgia; Taxes,Eric Stirgus,"November 14, 2012",https://www.politifact.com/factchecks/2012/nov/14/clayton-county-government/officials-correct-outdated-claim/
Stand For Children Tennessee,"October 24, 2012","Says that ""Tennessee law requires that schools receive half of proceeds -- $31 million per year"" -- from a half-cent increase in the Shelby County sales tax.",true,a post on Facebook.,Tennessee; County Budget; County Government; Education; Taxes,Zack McMillin,"November 4, 2012",https://www.politifact.com/factchecks/2012/nov/04/stand-children-tennessee/schools-must-get-half-proceeds-county-sales-tax-in/
Republican Governors Association,"October 24, 2012",Gubernatorial candidate Maggie Hassan supported 33 tax and fee increases as Senate Majority Leader.,half-true,ad titled “Hiding”,New Hampshire; Taxes,Jake Berry,"November 3, 2012",https://www.politifact.com/factchecks/2012/nov/03/republican-governors-association/democrat-maggie-hassan-votes-tax-increases-targete/
National Republican Senatorial Committee,"October 15, 2012","Says U.S. Senate candidate Tammy Baldwin ""proposed a $3.9 trillion tax increase -- a tax increase so extreme"" that ""even Nancy Pelosi voted against it.""",mostly-true,TV ad,Federal Budget; Message Machine 2012; Voting Record; Taxes; Wisconsin,Tom Kertscher,"November 2, 2012",https://www.politifact.com/factchecks/2012/nov/02/national-republican-senatorial-committee/gop-group-says-tammy-baldwin-proposed-39-trillion-/
Betty Sutton,"October 10, 2012","Says Jim Renacci has ""consistently voted"" for loopholes that ""encourage outsourcing of our jobs.""",half-true,debate,Ohio; Financial Regulation; Trade; Voting Record; Taxes,Henry J.  Gomez,"November 2, 2012",https://www.politifact.com/factchecks/2012/nov/02/betty-sutton/betty-sutton-claims-jim-renacci-consistently-suppo/
Connie Mack,"October 26, 2012","""Bill Nelson actually voted in favor of higher taxes 272 times.""",false,fundraising email,Taxes; Florida,Amy Sherman,"November 1, 2012",https://www.politifact.com/factchecks/2012/nov/01/connie-mack/connie-mack-says-bill-nelson-voted-higher-taxes-27/
Taxpayer Association of Oregon,"October 30, 2012","Says Mark Hass ""raised your taxes by $1 billion in a single day.""",half-true,campaign mailer.,Oregon; Taxes,Ian K. Kullgren,"November 1, 2012",https://www.politifact.com/factchecks/2012/nov/01/taxpayer-association-oregon/did-sen-mark-hass-raise-taxes-1-billion-single-day/
Michael McCaul,"October 22, 2012","Says U.S. corporate tax rate is ""highest in the world at 35 percent.""",mostly-true,League of Women Voters guide for Texas and Austin voters,Economy; Federal Budget; Jobs; Taxes; Texas,Sue Owen,"November 1, 2012",https://www.politifact.com/factchecks/2012/nov/01/michael-mccaul/michael-mccaul-says-us-corporate-tax-rate-worlds-h/
Barry Hinckley,"October 24, 2012","Sheldon Whitehouse voted for a ""$525-billion tax increase on the middle class.""",pants-fire,television commercial,Rhode Island; Economy; Health Care; Message Machine 2012; Voting Record; Taxes,C. Eugene Emery Jr.,"November 1, 2012",https://www.politifact.com/factchecks/2012/nov/01/barry-hinckley/us-senate-candidate-barry-hinckley-says-incumbent-/
House Majority PAC,"September 26, 2012","Says Charlie Bass supports Paul Ryan plan that forces seniors to pay $6,400 a year more for health care so millionaires can pay less in taxes.",mostly-false,"campaign commercial “Principle” about U.S. Rep. Charlie Bass, R-NH airing",New Hampshire; Health Care; Taxes,Maryalice Gill,"October 31, 2012",https://www.politifact.com/factchecks/2012/oct/31/house-majority-pac/does-supporting-ryan-budget-plan-mean-you-want-sen/
Republican Governors Association,"October 16, 2012","Says Maggie Hassan pays zero property taxes on her $500,000 home.",mostly-false,Republican Governor's Association says NH candidate for governor Maggie Hassan pays no taxes,New Hampshire; Taxes,Kevin Landrigan,"October 29, 2012",https://www.politifact.com/factchecks/2012/oct/29/republican-governors-association/republican-governors-association-tv-ad-says-democr/
Libraries Yes! Committee,"October 21, 2012","Says Multnomah County libraries ""are open 44 hours per week … the lowest of any library in the four-county region.""",true,campaign mailer.,Oregon; Taxes,Ian K. Kullgren,"October 26, 2012",https://www.politifact.com/factchecks/2012/oct/26/libraries-yes-committee/are-multnomah-county-librarys-hours-shortest-area/
Libraries Yes! Committee,"October 21, 2012","Says ""the typical homeowner will pay $4 more per month"" if library district passes.",true,campaign mailer.,Oregon; Taxes,Ian K. Kullgren,"October 26, 2012",https://www.politifact.com/factchecks/2012/oct/26/libraries-yes-committee/will-multnomah-county-library-tax-district-cost-ty/
Mitt Romney,"October 10, 2012","""Under President Obama: $4,000 tax hike on middle-class families.""",pants-fire,campaign ad,National; Message Machine 2012; Taxes,Jon Greenberg,"October 26, 2012",https://www.politifact.com/factchecks/2012/oct/26/mitt-romney/romney-says-obama-plans-4000-tax-hike-middle-class/
Tommy Thompson,"October 18, 2012","Says when he was governor, ""most of the Democrats"" voted for his billion-dollar property-tax cuts, but U.S. Senate rival Tammy Baldwin ""voted against it.""",mostly-false,debate comments,State Budget; Voting Record; Taxes; Wisconsin,Dave Umhoefer,"October 26, 2012",https://www.politifact.com/factchecks/2012/oct/26/tommy-thompson/thompson-says-most-democrats-not-baldwin-voted-his/
Keep Austin Healthy PAC,"October 18, 2012","Says the Central Health district's tax rate is the ""lowest among the largest counties in Texas, and it will continue to be the lowest"" if voters approve a proposed tax increase.",mostly-true,"news article posted online Oct. 18, 2012.",Health Care; Public Health; Taxes; Texas,W. Gardner Selby,"October 26, 2012",https://www.politifact.com/factchecks/2012/oct/26/keep-austin-healthy-pac/proposition-advocate-says-central-health-district-/
Tommy Thompson,"October 8, 2012","Says U.S. Senate rival Tammy Baldwin supports a ""tax increase that President Obama says"" would cost middle-class families $3,000 per year.",mostly-false,TV ad,Congress; Families; Message Machine 2012; Taxes; Wisconsin,Tom Kertscher,"October 24, 2012",https://www.politifact.com/factchecks/2012/oct/24/tommy-thompson/tommy-thompson-says-senate-foe-tammy-baldwin-backs/
Promote Oregon Leadership PAC (Oregon House Republicans),"October 13, 2012","Says, ""Carl proposed a 'windfall' tax on real estate development when he was a Metro Councilor.""",mostly-false,campaign mailer,Oregon; Voting Record; Taxes,Janie Har,"October 24, 2012",https://www.politifact.com/factchecks/2012/oct/24/promote-oregon-leadership-pac-oregon-house-republi/did-carl-hosticka-propose-windfall-tax-property/
Chris Christie,"October 16, 2012","""Now remember, property taxes went up 70 percent in the 10 years before I became governor.""",mostly-true,town hall meeting,New Jersey; Taxes,Erin O'Neill,"October 22, 2012",https://www.politifact.com/factchecks/2012/oct/22/chris-christie/chris-christie-says-property-taxes-jumped-70-perce/
Betty Sutton,"October 17, 2012","""Jim Renacci tried to avoid paying taxes on nearly $14 million that he made.""",true,campaign commercial,Ohio; Message Machine 2012; Negative Campaigning; Taxes,Sabrina  Eaton,"October 22, 2012",https://www.politifact.com/factchecks/2012/oct/22/betty-sutton/betty-sutton-says-jim-renacci-tried-avoid-paying-t/
Creative Advocacy Network,"September 21, 2012","Says an arts tax would provide ""funding for certified arts and music teachers for every elementary school serving Portland residents.""",half-true,radio interview,Oregon; Taxes,Ian K. Kullgren,"October 19, 2012",https://www.politifact.com/factchecks/2012/oct/19/creative-advocacy-network/would-portland-arts-tax-put-art-or-music-teacher-e/
Rob Moshein,"October 14, 2012",Says the University of Texas can afford to build a medical school because it has a $7 billion endowment and its football program had a $50 million profit last year.,half-true,letter to the editor.,Education; Health Care; Taxes; Texas,W. Gardner Selby,"October 19, 2012",https://www.politifact.com/factchecks/2012/oct/19/rob-moshein/austin-resident-says-university-texas-has-7-billio/
Democratic Congressional Campaign Committee,"October 15, 2012","Frank Guinta voted to make middle class taxpayers pay over a $1,000 more a year in taxes.",mostly-false,"ad, “Regular,”",New Hampshire; Taxes,Jake Berry,"October 18, 2012",https://www.politifact.com/factchecks/2012/oct/18/democratic-congressional-campaign-committee/democrats-point-votes-om-ryan-budget-evidence-rep-/
Crossroads GPS,"October 9, 2012","""Sherrod Brown supported President Obama's $453 billion tax increase.""",mostly-false,television ad,Ohio; Economy; Jobs; Message Machine 2012; Taxes,Tom Feran,"October 18, 2012",https://www.politifact.com/factchecks/2012/oct/18/crossroads-gps/crossroads-gps-says-sherrod-brown-backed-obamas-45/
Bill Nelson,"October 17, 2012","Says Connie Mack takes two homestead exemptions, ""directly contrary to Florida’s Constitution.""",mostly-false,a debate,Candidate Biography; Debates; Taxes; Florida,Katie Sanders,"October 18, 2012",https://www.politifact.com/factchecks/2012/oct/18/bill-nelson/mack-gets-one-florida/
Connie Mack,"October 17, 2012","""Bill Nelson voted for higher taxes 150 times.""",false,a debate,Debates; Taxes; Florida,Amy Sherman,"October 18, 2012",https://www.politifact.com/factchecks/2012/oct/18/connie-mack/connie-mack-says-repeatedly-bill-nelson-voted-incr/
Mitt Romney,"October 16, 2012","Says Barack Obama has pension investments that include Chinese firms, and ""investments through a Caymans trust.""",mostly-true,debate comments,China; Debates; Pensions; Taxes; Wisconsin,Dave Umhoefer,"October 17, 2012",https://www.politifact.com/factchecks/2012/oct/17/mitt-romney/romney-says-obama-also-has-investments-chinese-com/
Josh Mandel,"October 2, 2012","Sherrod Brown ""failed to pay his own taxes three separate times.""",true,campaign commercial,Ohio; Message Machine 2012; Taxes,Tom Feran,"October 17, 2012",https://www.politifact.com/factchecks/2012/oct/17/josh-mandel/josh-mandel-ad-claims-sherrod-brown-failed-pay-his/
Lois Frankel,"September 21, 2012","Says Adam Hasner ""gives the wealthy tax breaks worth $250,000 a year but hikes middle class taxes $2,000.""",mostly-false,television ad,Message Machine 2012; Taxes; Florida,Amy Sherman,"October 15, 2012",https://www.politifact.com/factchecks/2012/oct/15/lois-frankel/lois-frankel-says-adam-hasner-gives-rich-hefty-tax/
Paul Ryan,"October 11, 2012",Says six studies verify that the math adds up for Mitt Romney’s tax plan.,mostly-false,vice presidential debate,National; Taxes,Jon Greenberg,"October 15, 2012",https://www.politifact.com/factchecks/2012/oct/15/paul-ryan/ryan-says-six-studies-say-math-works-romney-tax-pl/
Barack Obama,"October 7, 2012","Says economists Harvey Rosen and Martin Feldstein have said that ""paying for (Mitt) Romney’s tax cuts would require large tax increases on families making between $100,000 and $200,000.""",mostly-false,email to supporters,National; Taxes,Louis Jacobson,"October 15, 2012",https://www.politifact.com/factchecks/2012/oct/15/barack-obama/barack-obama-says-princeton-economists-analysis-do/
Tim Kaine,"September 24, 2012","""The tax burden on Virginia families was lower under Tim Kaine than under George Allen.""",mostly-false,news release.,Families; Taxes; Virginia,Nancy  Madsen,"October 15, 2012",https://www.politifact.com/factchecks/2012/oct/15/tim-kaine/tim-kaine-says-says-tax-burden-families-was-lower-/
Paul Ryan,"October 11, 2012","""The Canadians — they (dropped) their tax rates to 15 percent. The average tax rate on businesses in the industrialized world is 25 percent.""",mostly-true,vice presidential debate,National; Taxes,Louis Jacobson,"October 12, 2012",https://www.politifact.com/factchecks/2012/oct/12/paul-ryan/paul-ryan-says-canada-now-has-15-percent-corporate/
Future PAC (Oregon House Democrats),"September 20, 2012","""Newgard owed more than $13,000 for unpaid taxes on his $1 million Milwaukie apartment complex.""",mostly-false,campaign ad,Oregon; Message Machine 2012; Taxes,Dana Tims,"October 11, 2012",https://www.politifact.com/factchecks/2012/oct/11/future-pac-oregon-house-democrats/did-steve-newgard-owe-13000-back-taxes-1-million-p/
American Crossroads,"October 2, 2012","Says Bill Nelson sold agricultural land ""for home development, pocketing at least $1.4 million.""",mostly-false,TV commercial,Agriculture; Taxes; Florida,Katie Sanders,"October 10, 2012",https://www.politifact.com/factchecks/2012/oct/10/american-crossroads/american-crossroads-says-bill-nelson-sold-pasture-/
American Crossroads,"October 2, 2012","Bill Nelson ""leased land that he owned for six cows, taking advantage of an agricultural tax loophole to dodge $43,000 in taxes just last year.""",half-true,TV commercial,Agriculture; Taxes; Florida,Katie Sanders,"October 10, 2012",https://www.politifact.com/factchecks/2012/oct/10/american-crossroads/american-crossroads-attacks-bill-nelson-agricultur/
Barack Obama,"October 3, 2012","The federal tax code has ""loopholes that are giving incentives for companies that are shipping jobs overseas.""",true,first presidential debate,National; Debates; Jobs; Taxes,Jon Greenberg,"October 8, 2012",https://www.politifact.com/factchecks/2012/oct/08/barack-obama/obama-says-tax-code-rewards-firms-shifting-jobs-ov/
Tammy Baldwin,"September 28, 2012",Says U.S. Senate opponent Tommy Thompson favors raising taxes on small businesses.,mostly-false,debate comments,Health Care; Taxes; Wisconsin,Dave Umhoefer,"October 7, 2012",https://www.politifact.com/factchecks/2012/oct/07/tammy-baldwin/baldwin-says-thompson-wants-raise-taxes-small-busi/
Barry Hinckley,"October 24, 2012","U.S. Sen. Sheldon Whitehouse ""rewarded Wall Street executives with millions in bonuses.""",pants-fire,television commercial,Rhode Island; Economy; Health Care; Message Machine 2012; Voting Record; Taxes,C. Eugene Emery Jr.,"October 7, 2012",https://www.politifact.com/factchecks/2012/oct/07/barry-hinckley/us-senate-candidate-barry-hinckley-says-incumbent-/
Joe Biden,"September 28, 2012","""If Gov. Romney's plan goes into effect … the average senior would have to pay $460 a year more in tax for their Social Security.""",mostly-false,campaign rally,Social Security; Taxes; Florida,Molly Moorhead,"October 5, 2012",https://www.politifact.com/factchecks/2012/oct/05/joe-biden/biden-says-romneys-plan-will-raise-taxes-social-se/
Kurt Schrader,"September 13, 2012","Says ""tax revenues are the lowest they have been since World War II.""",half-true,newsletter.,Oregon; Taxes,Charles Pope,"October 5, 2012",https://www.politifact.com/factchecks/2012/oct/05/kurt-schrader/are-tax-revenues-lowest-theyve-been-world-war-ii/
Paul Sadler,"October 2, 2012","""I never supported"" a state income tax for Texas.",pants-fire,U.S. Senate candidate debate at WFAA-TV,Taxes; Texas,W. Gardner Selby,"October 5, 2012",https://www.politifact.com/factchecks/2012/oct/05/paul-sadler/paul-sadler-says-he-never-supported-state-personal/
Tommy Thompson,"October 27, 2012","Says U.S. Senate opponent Tammy Baldwin supported a federal budget ""that spent trillions -- not billions, trillions -- more money than the Obama budget.""",false,interview,Deficit; Federal Budget; Taxes; Wisconsin,Tom Kertscher,"October 5, 2012",https://www.politifact.com/factchecks/2012/oct/05/tommy-thompson/budget-backed-democrat-tammy-baldwin-spent-trillio/
Joseph Kyrillos,"October 4, 2012","Says the United States has the ""highest corporate tax rate in the world.""",mostly-true,debate on NJTV,New Jersey; Corporations; Taxes,Erin O'Neill,"October 5, 2012",https://www.politifact.com/factchecks/2012/oct/05/joseph-kyrillos/joe-kyrillos-says-united-states-has-highest-corpor/
Barack Obama,"October 3, 2012","""Under Gov. Romney's definition ... Donald Trump is a small business.""",false,first presidential debate,National; Debates; Small Business; Taxes,Louis Jacobson,"October 4, 2012",https://www.politifact.com/factchecks/2012/oct/04/barack-obama/barack-obama-says-donald-trump-small-business-deba/
Barack Obama,"October 3, 2012","Obama says he’s ""put forward a specific $4 trillion deficit reduction plan.""",half-true,first presidential debate,National; Debates; Deficit; Taxes,Jon Greenberg,"October 4, 2012",https://www.politifact.com/factchecks/2012/oct/04/barack-obama/obama-says-he-will-cut-deficits-4-trillion/
Lee Leffingwell,"August 31, 2012","Says Austin voters can approve seven bond propositions ""without raising taxes.""",half-true,UNITY PAC press release.,Elections; Taxes; Texas,W. Gardner Selby,"October 4, 2012",https://www.politifact.com/factchecks/2012/oct/04/lee-leffingwell/lee-leffingwell-says-voters-can-approve-bond-propo/
Barack Obama,"October 3, 2012","Says Mitt Romney's plan ""calls for a $5 trillion tax cut.""",half-true,first presidential debate,National; Debates; Taxes,Jon Greenberg,"October 4, 2012",https://www.politifact.com/factchecks/2012/oct/04/barack-obama/obama-says-romneys-plan-5-trillion-tax-cut/
Promote Oregon Leadership PAC (Oregon House Republicans),"October 1, 2012",Ben Unger supported a 15 percent property tax increase on Oregon seniors.,half-true,campaign mailer,Oregon; Message Machine 2012; Taxes,Janie Har,"October 3, 2012",https://www.politifact.com/factchecks/2012/oct/03/promote-oregon-leadership-pac-oregon-house-republi/did-ben-unger-want-stick-15-percent-tax-hike-senio/
Chris Christie,"September 25, 2012","""The income tax that started at 2 percent under Governor Byrne is now 9 percent.""",half-true,campaign event,New Jersey; Income; Taxes,Erin O'Neill,"October 3, 2012",https://www.politifact.com/factchecks/2012/oct/03/chris-christie/chris-christie-says-state-income-tax-jumped-2-perc/
Paul Ryan,"September 30, 2012","Says President Barack Obama ""already passed all these Obamacare taxes. About a dozen of them hit middle-income taxpayers.""",mostly-false,"interview on ""Fox News Sunday""",National; Health Care; Taxes,Louis Jacobson,"October 2, 2012",https://www.politifact.com/factchecks/2012/oct/02/paul-ryan/paul-ryan-says-dozen-obamacare-taxes-hit-middle-cl/
Tammy Baldwin,"September 22, 2012","Says 7,000 millionaires ""gamed the system to pay no income taxes.""",false,campaign email,Federal Budget; Income; Taxes; Wisconsin,Tom Kertscher,"September 30, 2012",https://www.politifact.com/factchecks/2012/sep/30/tammy-baldwin/7000-millionaires-gamed-system-pay-zero-federal-in/
Joseph Kyrillos,"August 29, 2012","""Bob Menendez actually voted in favor of higher taxes more than 70 times!""",mostly-false,online news release,New Jersey; Taxes,Caryn Shinske,"September 30, 2012",https://www.politifact.com/factchecks/2012/sep/30/joseph-kyrillos/joe-kyrillos-campaign-claims-bob-menendez-voted-fa/
Barack Obama,"September 23, 2012","""Taxes are lower on families than they've been probably in the last 50 years.""",mostly-true,"interview on CBS' ""60 Minutes""",National; History; Taxes,Louis Jacobson,"September 28, 2012",https://www.politifact.com/factchecks/2012/sep/28/barack-obama/barack-obama-says-taxes-families-are-their-lowest-/
Val Demings,"September 17, 2012","Says Daniel Webster ""used taxpayer funds to build a lobbyist lounge.""",mostly-false,campaign commercial,Message Machine 2012; Taxes; Florida,Katie Sanders,"September 28, 2012",https://www.politifact.com/factchecks/2012/sep/28/val-demings/val-demings-says-daniel-webster-used-taxpayer-fund/
Ron Johnson,"September 11, 2012","Deficit spending ‘exploded during the Obama administration’ to $5.3 trillion over four years, compared to $2 trillion in eight years under President George W. Bush.",mostly-true,campaign speech,Debt; Deficit; Federal Budget; Taxes; Wisconsin,Dave Umhoefer,"September 28, 2012",https://www.politifact.com/factchecks/2012/sep/28/ron-johnson/sen-ron-johnson-says-deficits-under-obama-total-53/
AFSCME,"September 4, 2012","Says Republican U.S. Senate candidate Tommy Thompson ""supports massive tax cuts for corporations that outsource Wisconsin jobs.""",half-true,TV ad,Economy; Jobs; Message Machine 2012; Taxes; Wisconsin,Dave Umhoefer,"September 26, 2012",https://www.politifact.com/factchecks/2012/sep/26/afscme/afscme-says-thompson-backs-big-tax-cuts-companies-/
Yes on 79,"August 20, 2012","Says ""One of the state’s largest governments made charging this tax one of their top priorities just this year.""",pants-fire,state voters' pamphlet argument,Oregon; Message Machine 2012; Taxes,Janie Har,"September 25, 2012",https://www.politifact.com/factchecks/2012/sep/25/Yes-on-79/did-city-portland-make-charging-real-estate-transf/
Barack Obama,"September 18, 2012","Says Romney tax plan ""could take away middle-class deductions for child care, mortgages and college tuition.""",mostly-false,campaign ad,National; Message Machine 2012; Taxes,Jon Greenberg,"September 24, 2012",https://www.politifact.com/factchecks/2012/sep/24/barack-obama/obama-says-romney-could-take-away-middle-class-tax/
John Burzichelli,"September 19, 2012","Says ""the governor is going around the state talking about [how] we should fund an income tax cut"" that benefits higher income earners and not lower income earners",false,interview with NJToday,New Jersey; State Budget; Taxes,Erin O'Neill,"September 24, 2012",https://www.politifact.com/factchecks/2012/sep/24/john-burzichelli/ohn-burzichelli-says-chris-christie-promoting-tax-/
George Allen,"September 20, 2012","""Tim Kaine announced he wants to raise taxes on everyone.""",false,news release.,Taxes; Virginia,Nancy  Madsen,"September 24, 2012",https://www.politifact.com/factchecks/2012/sep/24/george-allen/george-allen-says-tim-mkaine-announced-he-wants-ra/
William O'Brien,"August 15, 2012","Says when Republicans took over the state legislature in 2010, New Hampshire’s tax rate for employers was 50th in the nation, and unemployment had more than doubled under Democrats.",half-true,campaign mailer sent to New Boston residents,New Hampshire; Jobs; Taxes,Maryalice Gill,"September 21, 2012",https://www.politifact.com/factchecks/2012/sep/21/william-obrien/nh-speaker-house-says-democrats-are-blame-high-bus/
Mitt Romney,"September 19, 2012","""Redistribution"" has ""never been a characteristic of America.""",pants-fire,remarks,National; Economy; Federal Budget; History; Taxes,Louis Jacobson,"September 20, 2012",https://www.politifact.com/factchecks/2012/sep/20/mitt-romney/mitt-romney-says-redistribution-has-never-been-cha/
Mitt Romney,"May 17, 2012","The ""48, 49 percent"" that supports President Barack Obama are ""people who pay no income tax.""",false,surreptitiously recorded speech to donors at a fundraiser,National; Taxes,Louis Jacobson,"September 18, 2012",https://www.politifact.com/factchecks/2012/sep/18/mitt-romney/mitt-romney-says-voters-who-support-barack-obama-a/
Mitt Romney,"May 17, 2012","""Forty-seven percent of Americans pay no income tax.""",true,remarks at a campaign fundraiser,National; Taxes,Molly Moorhead,"September 18, 2012",https://www.politifact.com/factchecks/2012/sep/18/mitt-romney/romney-says-47-percent-americans-pay-no-income-tax/
Menendez Facts,"September 4, 2012","""Sen. Bob Menendez voted to enact a new tax on the sale of homes of 3.8%.""",pants-fire,blog,New Jersey; Health Care; Housing; Income; Taxes,Erin O'Neill,"September 17, 2012",https://www.politifact.com/factchecks/2012/sep/17/menendez-facts/bloggers-say-bob-menendez-voted-new-38-tax-sale-ho/
Yes on 84,"September 7, 2012","The reason 29 states no longer have a death tax ""is that the tax damaged their economic competitiveness.""",false,campaign material,Oregon; Taxes,Janie Har,"September 14, 2012",https://www.politifact.com/factchecks/2012/sep/14/yes-84/did-29-states-dump-estate-tax-be-more-competitive/
Mitt Romney,"September 9, 2012",Says five studies show his tax plan can cut rates and still bring the same revenue without raising taxes on the middle class.,mostly-false,Meet the Press interview,National; Taxes,Jon Greenberg,"September 14, 2012",https://www.politifact.com/factchecks/2012/sep/14/mitt-romney/romney-claims-5-studies-back-his-tax-plan/
Joe Biden,"September 2, 2012","""$500 billion of the extension of the Bush tax cuts for the wealthy goes to 120,000 families.""",mostly-true,speech,Federal Budget; Income; Wealth; Taxes; Wisconsin,Dave Umhoefer,"September 9, 2012",https://www.politifact.com/factchecks/2012/sep/09/joe-biden/biden-says-500-billion-bush-tax-cuts-wealthy-would/
Barack Obama,"September 6, 2012","""I've cut taxes for ... middle-class families, small businesses.""",mostly-true,speech at the Democratic National Convention,National; Taxes,Angie Drobnic Holan,"September 7, 2012",https://www.politifact.com/factchecks/2012/sep/07/barack-obama/barack-obama-said-hes-cut-taxes-middle-class-famil/
Anthony Gemma,"September 4, 2012","Providence has ""amongst the highest tax rate(s) in the entire country.""",mostly-true,candidates debate,Rhode Island; Taxes,Tom Mooney,"September 7, 2012",https://www.politifact.com/factchecks/2012/sep/07/anthony-gemma/providence-taxes-are-among-highest-country/
George LeMieux,"August 29, 2012","Says Charlie Crist ""was pro-life, pro-gun and vehemently anti-tax.""",mostly-true,op-ed,Abortion; Candidate Biography; Taxes; Florida; Guns,Amy Sherman,"September 6, 2012",https://www.politifact.com/factchecks/2012/sep/06/george-lemieux/charlie-crist-was-pro-life-pro-gun-and-anti-tax-sa/
Bill Clinton,"September 5, 2012","The stimulus program ""cut taxes for 95 percent of the American people.""",half-true,his Democratic National Convention speech,National; Corrections and Updates; Stimulus; Taxes,Angie Drobnic Holan,"September 6, 2012",https://www.politifact.com/factchecks/2012/sep/06/bill-clinton/clinton-says-obama-cut-taxes-95-percent-people-thr/
Martin O'Malley,"September 4, 2012","Says Mitt Romney has put forward a plan ""that would cut taxes for millionaires while raising them for the middle class.""",half-true,remarks at the Democratic National Convention,National; Taxes,Angie Drobnic Holan,"September 5, 2012",https://www.politifact.com/factchecks/2012/sep/05/martin-omalley/mitt-romneys-plan-would-cut-taxes-millionaires-whi/
Ted Strickland,"August 27, 2012","Says Mitt Romney’s tax plans would ""give an additional $250,000 tax cut to millionaires and billionaires"" while raising taxes on the middle class.",half-true,campaign speech,Ohio; Taxes,Tom Feran,"September 5, 2012",https://www.politifact.com/factchecks/2012/sep/05/ted-strickland/ted-strickland-claims-romney-would-cut-millionaire/
Barbara Buono,"August 27, 2012","Says Gov. Chris Christie has embarked on a tour to ""demand that New Jersey’s Democratic legislature approve an immediate tax cut that would disproportionately benefit the wealthiest.""",false,op-ed,New Jersey; Taxes,Erin O'Neill,"September 2, 2012",https://www.politifact.com/factchecks/2012/sep/02/barbara-buono/barbara-buono-says-chris-christie-embarked-tour-de/
Crossroads GPS,"August 15, 2012","Says Sherrod Brown voted ""for the $1.17 trillion health care law that adds a new tax on Ohio manufacturers.""",half-true,campaign commercial,Ohio; Health Care; Taxes,Tom Feran,"August 30, 2012",https://www.politifact.com/factchecks/2012/aug/30/crossroads-gps/crossroad-gps-says-117-trillion-health-care-law-sh/
Stephanie Cutter,"August 29, 2012","""Mitt Romney’s platform ...won't protect the mortgage interest (tax) deduction for middle-class families.""",mostly-false,campaign email,Georgia; Message Machine 2012; Taxes,Eric Stirgus,"August 29, 2012",https://www.politifact.com/factchecks/2012/aug/29/stephanie-cutter/stephanie-cutter-said-mitt-romneys-platform-wont-p/
Paul Ryan,"August 27, 2012","Wealthy taxpayers, not middle-income earners, get ""most of the deductions"" in the tax code.",mostly-true,interview,Income; Wealth; Taxes; Wisconsin,Dave Umhoefer,"August 29, 2012",https://www.politifact.com/factchecks/2012/aug/29/paul-ryan/ryan-says-wealthy-taxpayers-get-most-deductions-ta/
Chris Christie,"August 28, 2012","Says ""taxes were raised 115 times in the eight years before I became governor"" and those increases were part of a ""path that led to wealth and jobs and people leaving our state.""",half-true,speech at the Republican National Convention,New Jersey; Taxes,Bill Wichert,"August 29, 2012",https://www.politifact.com/factchecks/2012/aug/29/chris-christie/chris-christie-claims-keynote-address-taxes-new-je/
Lamar Smith,"August 1, 2012",Says the top 20 percent of income earners pay nearly 70 percent of all federal taxes.,true,speech to the Austin-Oak Hill Rotary Club,Taxes; Texas,Sue Owen,"August 27, 2012",https://www.politifact.com/factchecks/2012/aug/27/lamar-smith/lamar-smith-says-top-20-percent-income-earners-pay/
Tammy Baldwin,"August 17, 2012","Says U.S. Senate rival Tommy Thompson ""wants to give a new $265,000 tax cut to millionaires like himself while raising taxes on the middle class.""",half-true,television ad,Message Machine 2012; Taxes; Wisconsin,Dave Umhoefer,"August 27, 2012",https://www.politifact.com/factchecks/2012/aug/27/tammy-baldwin/baldwin-says-thompson-wants-give-millionaires-tax-/
Joseph Kyrillos,"August 20, 2012","""We've got the highest corporate tax rate in the world.""",mostly-true,radio interview,New Jersey; Taxes,Bill Wichert,"August 27, 2012",https://www.politifact.com/factchecks/2012/aug/27/joseph-kyrillos/us-senate-hopeful-joe-kyrillos-claims-united-state/
Sheldon Whitehouse,"August 15, 2012","""For Social Security, which is projected to remain solvent through 2033, Whitehouse has cosponsored [a bill that] . . . would extend the life of the program by an additional 75 years.""",mostly-true,news release,Rhode Island; Federal Budget; Poverty; Social Security; Wealth; Taxes,C. Eugene Emery Jr.,"August 26, 2012",https://www.politifact.com/factchecks/2012/aug/26/sheldon-whitehouse/us-sen-sheldon-whitehouse-says-proposal-would-keep/
Barack Obama,"August 18, 2012","""His new running mate, Congressman Ryan, put forward a plan that would let Governor Romney pay less than 1 percent in taxes each year.""",mostly-true,speech at Windham High School,New Hampshire; Taxes,Jake Berry,"August 24, 2012",https://www.politifact.com/factchecks/2012/aug/24/barack-obama/barack-obama-says-paul-ryan-tax-plan-would-have-el/
Chris Christie,"August 20, 2012","""I haven't raised taxes in the time I've been the governor of New Jersey.""",half-true,news conference,New Jersey; Taxes,Erin O'Neill,"August 23, 2012",https://www.politifact.com/factchecks/2012/aug/23/chris-christie/chris-christie-says-he-hasnt-raised-taxes-new-jers/
Connie Mack,"August 9, 2012","Says Bill Nelson ""voted to raise our taxes 150 times.""",false,video on his campaign website,Candidate Biography; Taxes; Florida,Amy Sherman,"August 20, 2012",https://www.politifact.com/factchecks/2012/aug/20/connie-mack/connie-mack-bill-nelson-voted-taxes-150-times/
Martavius Jones,"July 13, 2012","""From a standpoint of the county government, neither school system has received an increase in funding over the past six years.""",true,"interview on the Fox 13 News program ""Memphis",Tennessee; County Budget; County Government; Education; Taxes,Zack McMillin,"August 20, 2012",https://www.politifact.com/factchecks/2012/aug/20/martavius-jones/memphis-schools-president-says-shelby-county-fundi/
Barry Hinckley,"October 24, 2012","""Thirty percent of [Sheldon Whitehouse' campaign] money is coming from special interests.""",mostly-true,television commercial,Rhode Island; Economy; Health Care; Message Machine 2012; Voting Record; Taxes,C. Eugene Emery Jr.,"August 19, 2012",https://www.politifact.com/factchecks/2012/aug/19/barry-hinckley/us-senate-candidate-barry-hinckley-says-incumbent-/
Debbie Wasserman Schultz,"August 12, 2012","""Mitt Romney is the first major party candidate for president of the United States in modern times not to release at least 12 years of tax returns.""",false,interview on Fox News,Candidate Biography; Taxes; Florida,Jon Greenberg,"August 14, 2012",https://www.politifact.com/factchecks/2012/aug/14/debbie-wasserman-schultz/major-candidates-modern-times-have-release-12-year/
Paul Begala,"August 12, 2012","Says Mitt Romney said at a January 2012 debate that under Paul Ryan’s tax plan, ""I’d have paid no taxes in the last two years.""",mostly-false,Twitter post.,Corrections and Updates; Taxes; Texas,W. Gardner Selby,"August 13, 2012",https://www.politifact.com/factchecks/2012/aug/13/paul-begala/paul-begala-says-mitt-romney-said-he-would-pay-no-/
Barack Obama,"August 9, 2012","""We do know that Romney personally approved over $70 million in fictional losses to the IRS as part of the notorious 'Son of Boss' tax scandal, one of the largest tax avoidance schemes in history.""",half-true,campaign ad,National; Ethics; Message Machine 2012; Taxes,Jon Greenberg,"August 13, 2012",https://www.politifact.com/factchecks/2012/aug/13/barack-obama/obama-links-romney-infamous-tax-shelter/
New Jersey Democratic State Committee,"August 1, 2012","""(The Tax Policy Center) found that Romney would raise taxes on the average middle class family by $2,000 to pay for $5 trillion in tax cuts for millionaires and billionaires.""",half-true,news release,New Jersey; Taxes,Bill Wichert,"August 12, 2012",https://www.politifact.com/factchecks/2012/aug/12/new-jersey-democratic-state-committee/mitt-romneys-tax-cut-proposal-blasted-new-jersey-d/
Tomorrow's Vision of Florida,"August 6, 2012","Says Ron Saunders ""made the choice to stand with Rick Scott"" on expanding school vouchers, restricting scholarships and giving tax breaks to the wealthy.",false,mailer,Candidate Biography; Children; Education; Taxes; Florida,Amy Sherman,"August 10, 2012",https://www.politifact.com/factchecks/2012/aug/10/tomorrows-vision-florida/group-linked-state-rep-dwight-bullard-says-state-r/
Tommy Thompson,"August 3, 2012","Says U.S. Senate rival Eric Hovde ""refused to pay his property taxes until he was taken to court.""",mostly-true,TV ad,City Government; Government Regulation; Message Machine 2012; Taxes; Wisconsin,Tom Kertscher,"August 10, 2012",https://www.politifact.com/factchecks/2012/aug/10/tommy-thompson/gop-senate-candidate-eric-hovde-didnt-pay-property/
Barack Obama,"August 2, 2012","Says Mitt Romney ""paid only 14 percent in taxes — probably less than you.""",half-true,campaign ad,National; Candidate Biography; Message Machine 2012; Taxes,Louis Jacobson,"August 9, 2012",https://www.politifact.com/factchecks/2012/aug/09/barack-obama/barack-obama-says-most-americans-pay-higher-tax-ra/
Mark Neumann,"August 8, 2012","Says he never voted for a ""tax increase.""",false,campaign website statements,Debt; Deficit; Taxes; Wisconsin,Tom Kertscher,"August 8, 2012",https://www.politifact.com/factchecks/2012/aug/08/mark-neumann/gop-wisconsin-senate-primary-mark-neumann-says-4-y/
George Allen,"July 21, 2012","""When I left the Senate, we were on a trajectory towards a balanced budget.""",half-true,debate.,Deficit; Federal Budget; Taxes; Virginia,Nancy  Madsen,"August 7, 2012",https://www.politifact.com/factchecks/2012/aug/07/george-allen/george-allen-says-us-was-path-balanced-budget-when/
Alan Grayson,"August 6, 2012","Says Gov. Jeb Bush vetoed the ""Quiñones Plan"" because it was ""taxation without representation on a large scale.""",half-true,campaign mailer,Taxes; Florida,Katie Sanders,"August 6, 2012",https://www.politifact.com/factchecks/2012/aug/06/alan-grayson/grayson-says-jeb-bush-vetoed-quinones-plan/
Harry Reid,"July 31, 2012",Says Mitt Romney did not pay taxes for 10 years.,pants-fire,interview with the Huffington Post,National; Candidate Biography; Taxes,Louis Jacobson,"August 6, 2012",https://www.politifact.com/factchecks/2012/aug/06/harry-reid/harry-reid-says-anonymous-source-told-him-mitt-rom/
Democratic Congressional Campaign Committee,"July 30, 2012","Says Congressman Jon Runyan does not want to cut taxes for the middle class, but only for millionaires.",mostly-false,video posted on YouTube,New Jersey; Taxes,Bill Wichert,"August 5, 2012",https://www.politifact.com/factchecks/2012/aug/05/democratic-congressional-campaign-committee/dccc-ad-campaign-targets-house-republicans-wanting/
"Francisco ""Quico"" Canseco","July 31, 2012","Says the ""largest tax increase in American history is set to occur on January 1st unless President Obama and Congress can come to an agreement.""",half-true,email blast,History; Taxes; Texas,W. Gardner Selby,"August 3, 2012",https://www.politifact.com/factchecks/2012/aug/03/francisco-quico-canseco/quico-canseco-says-bush-cuts-expiring-would-cause-/
Barack Obama,"August 1, 2012","Mitt Romney is proposing a tax plan ""that would give millionaires another tax break and raises taxes on middle class families by up to $2,000 a year.""",mostly-true,TV ad,National; Message Machine 2012; Taxes,Molly Moorhead,"August 3, 2012",https://www.politifact.com/factchecks/2012/aug/03/barack-obama/obama-romney-would-cut-millionaires-taxes/
George Allen,"July 21, 2012","Tim Kaine, as governor, proposed tax increases on people earning ""as little as $17,000.""",true,debate.,State Budget; Taxes; Virginia,Sean Gorman,"August 3, 2012",https://www.politifact.com/factchecks/2012/aug/03/george-allen/george-allen-says-tim-kaine-tried-raise-taxes-peop/
Michael Riley,"July 26, 2012","The Congressional Budget Office ""has already doubled its estimate for the cost (of Obamacare) so far from roughly $800 billion to $1.7 trillion.""",false,"taped debate on ""State of the State""",Rhode Island; Deficit; Federal Budget; Health Care; Taxes,C. Eugene Emery Jr.,"August 2, 2012",https://www.politifact.com/factchecks/2012/aug/02/michael-riley/ri-congressional-candidate-michael-riley-says-cong/
Americans For Tax Reform,"July 31, 2012","""U.S. Olympic medal winners will owe up to $9,000 to the IRS.""",mostly-false,blog post,National; Sports; Taxes,Louis Jacobson,"August 1, 2012",https://www.politifact.com/factchecks/2012/aug/01/americans-tax-reform/do-olympic-medalists-owe-9000-irs/
Bill Clinton,"July 13, 2012","It’s ""typical"" for a presidential candidate to release 10 or 11 years of tax returns.",half-true,interview on 'Today',National; Candidate Biography; Taxes,Jon Greenberg,"August 1, 2012",https://www.politifact.com/factchecks/2012/aug/01/bill-clinton/its-typical-presidential-candidates-release-10-or-/
Club for Growth,"July 13, 2012",Says U.S. Senate candidate Eric Hovde has ‘no problem with raising taxes.’,mostly-false,television ad,Federal Budget; Message Machine 2012; Taxes; Wisconsin,Dave Umhoefer,"August 1, 2012",https://www.politifact.com/factchecks/2012/aug/01/club-growth/club-growth-says-hovde-has-no-problem-raising-taxe/
We Are Milwaukee,"July 30, 2012","Says ""millions of dollars in tax breaks"" were paid for ""by busting unions, cutting BadgerCare, and raising taxes on the poor and the middle class, thanks to Elizabeth Coggs' help.""",pants-fire,campaign flyer,Corporations; Message Machine 2012; State Budget; Taxes; Wisconsin,Tom Kertscher,"July 31, 2012",https://www.politifact.com/factchecks/2012/jul/31/we-are-milwaukee/democratic-wisconsin-lawmaker-helped-gop-gov-scott/
Jeff Wentworth,"July 19, 2012","Says Donna Campbell is pushing a 35 percent sales tax extending to medicine, groceries and real estate.",pants-fire,campaign mailer.,Taxes; Texas,W. Gardner Selby,"July 27, 2012",https://www.politifact.com/factchecks/2012/jul/27/jeff-wentworth/jeff-wentworth-says-donna-campbell-pushing-35-perc/
Mark Neumann,"July 10, 2012","""Obamacare"" is the ""biggest tax increase in American history.""",false,interview,Corrections and Updates; Federal Budget; Health Care; Taxes; Wisconsin,Tom Kertscher,"July 25, 2012",https://www.politifact.com/factchecks/2012/jul/25/mark-neumann/biggest-tax-hike-us-history-obamacare-says-gop-us-/
Chain email,"July 24, 2012","The health care law includes ""a 3.8% sales tax"" on ""all real estate transactions.""",pants-fire,chain email,National; Health Care; Taxes,Angie Drobnic Holan,"July 25, 2012",https://www.politifact.com/factchecks/2012/jul/25/chain-email/3-8-percent-tax-real-estate-transactions-health-ca/
Barack Obama,"July 23, 2012","""Gov. Romney's plan would cut taxes for the folks at the very top.""",mostly-true,advertisement,National; Message Machine 2012; Taxes,Louis Jacobson,"July 24, 2012",https://www.politifact.com/factchecks/2012/jul/24/barack-obama/barack-obama-says-mitt-romney-tax-plan-would-cut/
Jeff Fitzgerald,"June 28, 2012","Says ""Obamacare"" is ""the largest middle-class tax increase in history.""",pants-fire,tweet,Federal Budget; Health Care; Taxes; Wisconsin,Tom Kertscher,"July 23, 2012",https://www.politifact.com/factchecks/2012/jul/23/jeff-fitzgerald/obamacare-largest-ever-tax-middle-class-gop-us-sen/
Jackie Cilley,"July 16, 2012",Says New Hampshire has the third-highest property tax in the country.,true,statement during a candidates forum at Nashua City Hall,New Hampshire; Corrections and Updates; Taxes,Jake Berry,"July 23, 2012",https://www.politifact.com/factchecks/2012/jul/23/jackie-cilley/no-income-or-sales-tax-new-hampshire-does-rely-hea/
Bill Pascrell,"July 18, 2012","Says President Barack Obama ""has not raised taxes.""",false,interview on C-SPAN’s Washington Journal,New Jersey; Taxes,Erin O'Neill,"July 22, 2012",https://www.politifact.com/factchecks/2012/jul/22/bill-pascrell/bill-pascrell-claims-barack-obama-has-not-raised-t/
Charlotte Bergmann,"July 4, 2012","""Obamacare"" represents ""the largest tax increase in the history of the world.""",pants-fire,email newsletter.,Tennessee; Health Care; History; Taxes,Bartholomew Sullivan,"July 22, 2012",https://www.politifact.com/factchecks/2012/jul/22/charlotte-bergmann/memphis-candidate-bergmann-repeats-limbaugh-claim-/
Accountability in Government,"July 20, 2012","Says Jim Frishe wanted to ""tax us for doing our taxes"" through an accountant.",true,TV ad,Message Machine 2012; Taxes; Florida,Katie Sanders,"July 20, 2012",https://www.politifact.com/factchecks/2012/jul/20/accountability-government/attack-ad-says-jim-frishe-raised-taxes-accountants/
Josh Mandel,"June 28, 2012","The Affordable Care Act ""will likely go down as the biggest tax increase in history.""",pants-fire,news release,Ohio; Financial Regulation; Health Care; Taxes,Tom Feran,"July 20, 2012",https://www.politifact.com/factchecks/2012/jul/20/josh-mandel/josh-mandel-says-obamacare-will-ultimately-be-bigg/
Lou Greenwald,"July 15, 2012","Says raising the state income tax rate on millionaires to offset property taxes for other residents is ""not a tax increase. It's a tax shift.""",pants-fire,interview on 6abc’s “Inside Story”,New Jersey; Taxes,Bill Wichert,"July 19, 2012",https://www.politifact.com/factchecks/2012/jul/19/lou-greenwald/tax-shift-lou-greenwald-sets-truth-o-meter-ablaze-/
Barack Obama,"July 17, 2012","Says Mitt Romney’s carried interest income was a tax ""trick.""",mostly-false,campaign ad,National; Candidate Biography; Message Machine 2012; Taxes,Jon Greenberg,"July 18, 2012",https://www.politifact.com/factchecks/2012/jul/18/barack-obama/barack-obama-says-mitt-romney-received-carried-int/
Lou Greenwald,"July 15, 2012","Says ""the money is in the budget"" to give a tax break to ""everyone,"" including people making more than $1 million.",false,interview on 6abc’s “Inside Story”,New Jersey; State Budget; Taxes,Bill Wichert,"July 18, 2012",https://www.politifact.com/factchecks/2012/jul/18/lou-greenwald/assembly-majority-leader-lou-greenwald-claims-mone/
Barack Obama,"July 14, 2012","Says Mitt Romney had millions in the Cayman Islands, a tax haven.",true,TV ad,National; Message Machine 2012; Taxes,Molly Moorhead,"July 17, 2012",https://www.politifact.com/factchecks/2012/jul/17/barack-obama/obama-ad-says-romney-stashed-money-cayman-islands/
Steve Doocy,"July 11, 2012","""If you make more than $250,000 a year … you only really take home about $125,000.""",false,"discussion on ""Fox & Friends""",National; Pundits; Taxes,Louis Jacobson,"July 16, 2012",https://www.politifact.com/factchecks/2012/jul/16/steve-doocy/steve-doocy-says-someone-earning-250000-pays-half-/
Joseph Kyrillos,"July 11, 2012","""We are not producing jobs. We created 80,000 jobs last month. We don't talk about the jobs that we lost. The net of it all is that we lost jobs.""",false,interview on WNYC’s The Brian Lehrer Show,New Jersey; Economy; Jobs; Taxes,Erin O'Neill,"July 15, 2012",https://www.politifact.com/factchecks/2012/jul/15/joseph-kyrillos/joe-kyrillos-claims-united-states-not-producing-jo/
"Vincent ""Buddy"" Cianci","July 11, 2012","President Obama’s health care law says ""when you sell your house now you have to pay a 3.8 percent tax.""",pants-fire,question to a candidate,Rhode Island; Health Care; Housing; Income; Taxes,C. Eugene Emery Jr.,"July 15, 2012",https://www.politifact.com/factchecks/2012/jul/15/vincent-buddy-cianci/talk-show-host-buddy-cianci-says-obamas-health-car/
Kelda Helen Roys,"July 9, 2012","Says she ""stood up to"" Gov. Scott Walker on tax cuts ""for wealthy corporations"" while her congressional opponent voted with Walker.",half-true,news conference remarks,Economy; Jobs; State Budget; Taxes; Wisconsin,Dave Umhoefer,"July 13, 2012",https://www.politifact.com/factchecks/2012/jul/13/kelda-helen-roys/roys-says-pocan-voted-walker-favor-tax-cuts-wealth/
American Commitment,"July 10, 2012","The health care law ""imposes the largest tax increase in history on the middle class.""",pants-fire,television ad,Health Care; Message Machine 2012; Taxes; Florida,Angie Drobnic Holan,"July 11, 2012",https://www.politifact.com/factchecks/2012/jul/11/american-commitment/health-care-law-largest-tax-increase-history-middl/
Phil Gingrey,"June 28, 2012","The health care law is ""the largest tax [increase] in the history of our country""",false,radio interview,Georgia; Health Care; Taxes,Willoughby Mariano,"July 11, 2012",https://www.politifact.com/factchecks/2012/jul/11/phil-gingrey/gingrey-claim-about-obama-health-care-old-inaccura/
Robert Gibbs,"July 8, 2012","Says Mitt Romney ""has a corporation in Bermuda (but) failed to disclose that on seven different financial disclosures.""",true,"interview on CNN's ""State of the Union""",National; Candidate Biography; Corrections and Updates; Taxes,Jon Greenberg,"July 10, 2012",https://www.politifact.com/factchecks/2012/jul/10/robert-gibbs/democrats-say-mitt-romney-failed-disclose-offshore/
Tom Price,"June 29, 2012","Sixteen thousand new Internal Revenue Service agents will be ""empowered to enforce"" the new health care legislation.",mostly-false,television interview,Georgia; Health Care; Taxes,Willoughby Mariano,"July 10, 2012",https://www.politifact.com/factchecks/2012/jul/10/tom-price/price-16000-irs-agents-will-enforce-obama-health-c/
David Dewhurst,"June 22, 2012","""I've never supported a payroll tax.""",false,"Republican US Senate debate at KERA-TV, Channel 13,",Taxes; Texas,W. Gardner Selby,"July 9, 2012",https://www.politifact.com/factchecks/2012/jul/09/david-dewhurst/david-dewhurst-says-he-never-supported-texas-payro/
Facebook posts,"July 3, 2012 in","""75 percent of the Obamacare tax falls on the middle class.""",false,on the Internet,National; Health Care; Message Machine 2012; Taxes,Louis Jacobson,"July 9, 2012",https://www.politifact.com/factchecks/2012/jul/09/facebook-posts/facebook-post-says-75-percent-obamacare-tax-falls-/
Chris Christie,"June 26, 2012","Says state Sen. Paul Sarlo ""said in February on NJTV, ‘there will be no tax increases in this budget’"" and ""voted the other night in the Senate Budget Committee to raise income taxes $800 million.""",mostly-true,video posted on YouTube,New Jersey; State Budget; Taxes,Bill Wichert,"July 8, 2012",https://www.politifact.com/factchecks/2012/jul/08/chris-christie/chris-christie-claims-state-senator-promised-no-ta/
Our Oregon,"June 20, 2012","Says ""while state leaders have cut funding for our schools and other basic priorities, the amount of money the state is projected to give away through tax breaks increased by a whopping $3.4 billion.""",mostly-true,newsletter.,Oregon; State Budget; Taxes,Ian K. Kullgren,"July 6, 2012",https://www.politifact.com/factchecks/2012/jul/06/our-oregon/has-state-left-tax-giveaways-grow-while-cutting-sc/
Mitt Romney,"July 4, 2012","The Supreme Court said the individual mandate ""is a tax. So it's a tax.""",mostly-true,interview with CBS News,National; Health Care; Legal Issues; Taxes,Louis Jacobson,"July 5, 2012",https://www.politifact.com/factchecks/2012/jul/05/mitt-romney/mitt-romney-says-health-care-laws-penalty-tax/
Clackamas County Democrats,"June 22, 2012","Says Clackamas County Measure 3-401 ""will hurt our county, cripple economic growth, and increase our taxes with excessive special elections.""",false,campaign press release,Oregon; County Budget; County Government; Elections; Taxes,Janie Har,"July 5, 2012",https://www.politifact.com/factchecks/2012/jul/05/clackamas-county-democrats/will-passage-light-rail-ballot-measure-clackamas-c/
Don McIntire,"June 26, 2012","""We’re spending $12,000 bucks a kid a year in the school system.""",true,radio show,Oregon; Education; Taxes,Janie Har,"July 3, 2012",https://www.politifact.com/factchecks/2012/jul/03/don-mcintire/does-portland-public-schools-spend-12000-year-stud/
Facebook posts,"July 2, 2012 in","""In 1950, corporations paid $3 in taxes for every $1 by a worker. Today, they pay 22 cents for every $1 by a worker.""",mostly-false,on the Internet,National; Corporations; Income; Occupy Wall Street; Taxes,Louis Jacobson,"July 3, 2012",https://www.politifact.com/factchecks/2012/jul/03/facebook-posts/facebook-post-compares-corporate-individual-tax-bu/
Helio Melo,"June 7, 2012","""People who wash cars at home will use approximately 80 percent more water than they do in a car wash.""",pants-fire,House floor debate,Environment; Rhode Island; State Budget; Water; Taxes,C. Eugene Emery Jr.,"July 1, 2012",https://www.politifact.com/factchecks/2012/jul/01/helio-melo/ri-state-rep-helio-melo-says-washing-car-home-uses/
Barry Hinckley,"June 28, 2012","President Obama’s health-care law will ""add trillions of dollars in debt.""",false,fundraising letter,Rhode Island; Deficit; Federal Budget; Health Care; Taxes,C. Eugene Emery Jr.,"June 30, 2012",https://www.politifact.com/factchecks/2012/jun/30/barry-hinckley/republican-us-senate-candidate-barry-hinckley-says/
Sarah Palin,"June 28, 2012","Obama ""said (the individual mandate) wasn't a tax.""",true,tweet,National; Health Care; Pundits; Taxes,Louis Jacobson,"June 28, 2012",https://www.politifact.com/factchecks/2012/jun/28/sarah-palin/sarah-palin-said-barack-obama-once-said-individual/
Gerry Connolly,"June 5, 2012","Ronald Reagan ""raised taxes in 1982, 1984, 1985, 1986 and 1987.""",true,floor speech.,Deficit; Taxes; Virginia,Nancy  Madsen,"June 25, 2012",https://www.politifact.com/factchecks/2012/jun/25/gerry-connolly/rep-gerry-connolly-says-reagan-raised-taxes-during/
Chris Christie,"June 14, 2012","""(Assembly Democrats) wanted to raise the gas tax by $2.4 billion. We said no to that....They’re down on the ground. They’re sweating. They’re twitching. It’s ugly, ‘cause I keep saying no.""",mostly-false,video posted on YouTube,New Jersey; Taxes,Bill Wichert,"June 21, 2012",https://www.politifact.com/factchecks/2012/jun/21/chris-christie/chris-christie-claims-he-stopped-assembly-democrat/
Nathan Deal,"June 13, 2012","The Americans for Tax Reform pledge ""relates to new taxes that were going to be initiated by legislative action.""",false,blog post,Georgia; Taxes,Willoughby Mariano,"June 18, 2012",https://www.politifact.com/factchecks/2012/jun/18/nathan-deal/deals-defense-tax-pledge-fails-truth-test/
Reince Priebus,"June 5, 2012","Says President Barack Obama wants to raise ""the lowest (income) tax rate from 10 to 15 percent.""",false,interview,Federal Budget; Income; Taxes; Wisconsin,Tom Kertscher,"June 17, 2012",https://www.politifact.com/factchecks/2012/jun/17/reince-priebus/gop-leader-reince-priebus-says-obama-wants-raise-l/
Marsha Blackburn,,"Says her congressional district has 10,000 medical-device industry jobs and 1,000 will be lost because of health-care law tax.",mostly-false,,Tennessee; Economy; Health Care; Jobs; Taxes,Bartholomew Sullivan,"June 17, 2012",https://www.politifact.com/factchecks/2012/jun/17/marsha-blackburn/marsha-blackburn-says-health-care-law-will-lead-lo/
Tammy Baldwin,"May 30, 2012","Says ""Tommy Thompson's tax plan amounts to an average tax cut of almost $87,000 for the top 1 percent.""",mostly-true,memo to the media,Federal Budget; Taxes; Wisconsin,Tom Kertscher,"June 10, 2012",https://www.politifact.com/factchecks/2012/jun/10/tammy-baldwin/tammy-baldwin-says-tommy-thompsons-tax-plan-would-/
Jeanne Shaheen,"May 31, 2012","""We spend in tax loopholes annually $1.1 trillion. That's more than we spend on our defense budget in a year, on Medicare or Medicaid in a year.""",mostly-false,interview with the editorial board of 'The Telegraph.',New Hampshire; Taxes,Jake Berry,"June 8, 2012",https://www.politifact.com/factchecks/2012/jun/08/jeanne-shaheen/jeanne-shaheen-says-tax-loopholes-total-11-trillio/
Scott Walker,"May 31, 2012","""We’ve seen property taxes go down for the first time in 12 years on a median valued home.""",mostly-true,recall debate,Taxes; Wisconsin,Dave Umhoefer,"June 1, 2012",https://www.politifact.com/factchecks/2012/jun/01/scott-walker/gov-scott-walker-says-first-time-12-years-property/
We Are Wisconsin,"May 25, 2012","Says Gov. Scott Walker ""took away $1.6 billion from schools and handed it off as over $2 billion in tax breaks to the rich.""",false,campaign mail,Corporations; Education; Message Machine 2012; Taxes; Wisconsin,Tom Kertscher,"May 31, 2012",https://www.politifact.com/factchecks/2012/may/31/we-are-wisconsin/recall-union-group-says-walker-cut-school-funding-/
Ron Ramsey,"May 18, 2012","Claims credit for food tax reductions that ""previous Democrat regimes refused to make.""",pants-fire,newsletter.,Tennessee; Taxes,Richard Locker,"May 27, 2012",https://www.politifact.com/factchecks/2012/may/27/ron-ramsey/tennessee-speaker-ramsey-says-republicans-delivere/
Chris Christie,"May 23, 2012","Says Democratic legislators this year ""don't want to cut your taxes under any circumstances.""",pants-fire,video posted on YouTube,New Jersey; Taxes,Bill Wichert,"May 25, 2012",https://www.politifact.com/factchecks/2012/may/25/chris-christie/chris-christie-claims-democrats-dont-want-cut-your/
Colleen Kiernan,"May 14, 2012","""Right now, we have the lowest gas tax of anywhere in the country.""",mostly-true,interview,Georgia; Transportation; Taxes,Eric Stirgus,"May 22, 2012",https://www.politifact.com/factchecks/2012/may/22/colleen-kiernan/does-georgia-have-lowest-gas-taxes-country/
Crossroads GPS,"May 16, 2012","President Obama ""promised"" families making less than $250,000 a year would not see taxes go up, but ""Obamacare raises 18 different taxes.""",mostly-false,television ad,Candidate Biography; Health Care; Taxes; Florida,Angie Drobnic Holan,"May 17, 2012",https://www.politifact.com/factchecks/2012/may/17/crossroads-gps/crossroads-gps-says-health-care-law-raises-taxes-1/
Chain email,"May 12, 2012","Says President Barack Obama’s finance team is recommending a ""1% tax on all transactions at any financial institution.""",pants-fire,chain e-mail,New Jersey; Social Security; Taxes,Erin O'Neill,"May 16, 2012",https://www.politifact.com/factchecks/2012/may/16/chain-email/barack-obama-advisers-recommend-one-percent-fee-al/
Steve Rothman,"May 8, 2012","Says in regard to providing ""more tax cuts for the rich,"" Bill Pascrell said, ""Republicans had great ideas. I liked some of their ideas.""",pants-fire,video posted on YouTube,New Jersey; Elections; Message Machine 2012; Taxes,Bill Wichert,"May 14, 2012",https://www.politifact.com/factchecks/2012/may/14/steve-rothman/steve-rothmans-campaign-edits-hardball-interview-b/
Marco Rubio,"May 8, 2012","Democrats plan to keep student loan interest rates low  ""by raising taxes on small businesses, very small businesses … the kinds of small businesses that give jobs to graduates.""",false,video statement,Message Machine 2012; Taxes; Florida,Angie Drobnic Holan,"May 11, 2012",https://www.politifact.com/factchecks/2012/may/11/marco-rubio/marco-rubio-said-democrats-want-raises-taxes-small/
Charles Bass,"April 3, 2012","""The expiration of the Bush-era tax cuts ... would be the biggest tax increase in the history of the country, about $4.6 trillion over 10 years.""",mostly-false,interview with the editorial board of the 'Telegraph.',New Hampshire; Taxes,Jake Berry,"May 11, 2012",https://www.politifact.com/factchecks/2012/may/11/charles-bass/expiration-bush-tax-cuts-largest-increase/
Brigid Shea,"May 7, 2012","Says Lee Leffingwell ""raised property taxes 20 percent in three years.""",half-true,campaign mailer.,City Budget; City Government; Taxes; Texas,Meghan Ashford-Grooms,"May 11, 2012",https://www.politifact.com/factchecks/2012/may/11/brigid-shea/brigid-shea-says-lee-leffingwell-raised-austins-ta/
Scott Walker,"May 7, 2012","Says Democratic recall opponent Tom Barrett is campaigning on ""lifting property tax"" limits.",mostly-false,TV ad,City Budget; City Government; Message Machine 2012; Taxes; Wisconsin,Tom Kertscher,"May 11, 2012",https://www.politifact.com/factchecks/2012/may/11/scott-walker/wisconsin-recall-gov-scott-walker-says-opponent-to/
Dominic Chavez,"March 30, 2012","Says since 2000, Austin’s ""tax burden"" rose more than 40 percent while family income rose more than 20 percent.",mostly-true,campaign video,City Budget; City Government; Taxes; Texas,Sue Owen,"May 11, 2012",https://www.politifact.com/factchecks/2012/may/11/dominic-chavez/dominic-chavez-says-austin-tax-burden-more-40-perc/
Gwen Moore,"April 28, 2012","Says Gov. Scott Walker approved a ""gutting"" of two tax credits that help the poor and elderly.",false,song/speech,Income; Poverty; Taxes; Wisconsin,Dave Umhoefer,"May 10, 2012",https://www.politifact.com/factchecks/2012/may/10/gwen-moore/rep-gwen-moore-says-gov-scott-walker-gutted-tax-cr/
Lou Greenwald,"April 1, 2012","New Jersey has ""the highest property taxes in the nation and not by a little. They are the highest property taxes in the nation, more than double the national average.""",true,"interview with on NJTV's ""On The Record.""",New Jersey; Taxes,Caryn Shinske,"May 10, 2012",https://www.politifact.com/factchecks/2012/may/10/lou-greenwald/lou-greenwald-says-new-jerseys-property-taxes-are-/
Barack Obama,"May 5, 2012","Mitt Romney has ""proposed cutting his own taxes while raising them on 18 million working families.""",mostly-true,campaign speech,National; Taxes,Molly Moorhead,"May 8, 2012",https://www.politifact.com/factchecks/2012/may/08/barack-obama/obama-says-romney-would-cut-his-own-taxes-while-ra/
Barack Obama,"May 5, 2012","Says Mitt Romney is proposing a ""tax cut that gives an average of $250,000 to every millionaire in this country.""",true,speech,National; Taxes,Louis Jacobson,"May 8, 2012",https://www.politifact.com/factchecks/2012/may/08/barack-obama/barack-obama-says-mitt-romneys-tax-plan-gives-mill/
Mike Foley,"April 25, 2012","Says Ohio law gives tax breaks ""to rich people who own private jets.""",mostly-true,speech,Ohio; State Budget; Taxes,Joe Guillen,"May 8, 2012",https://www.politifact.com/factchecks/2012/may/08/mike-foley/mike-foley-says-ohio-gives-tax-breaks-rich-people-/
A C Wharton,"April 16, 2012","""We will not ask for a tax increase to run city government.""",mostly-true,interview about his city budget proposal.,Tennessee; Education; Taxes,Zack McMillin,"May 6, 2012",https://www.politifact.com/factchecks/2012/may/06/c-wharton/memphis-mayor-c-wharton-says-tax-increase-not-city/
Scott DesJarlais,"April 24, 2012","""The United States already has the highest corporate tax rate in the world.""",mostly-true,blog post on his website.,Tennessee; Corporations; Taxes,Michael Collins,"May 4, 2012",https://www.politifact.com/factchecks/2012/may/04/scott-desjarlais/freshman-congressman-scott-desjarlais-says-us-has-/
Bill Johnson,"April 17, 2012",Says the oil industry subsidies that President Barack Obama is attacking don’t exist,false,news conference,Ohio; Energy; Taxes,Sabrina  Eaton,"May 4, 2012",https://www.politifact.com/factchecks/2012/may/04/bill-johnson/bill-johnson-says-subsidies-oil-companies-barack-o/
Lee Leffingwell,"April 16, 2012","Says ""Austin has the lowest property tax rate by far of the five major cities in Texas.""",half-true,Austin mayoral candidate debate,City Budget; City Government; Housing; Taxes; Texas,Sue Owen,"May 1, 2012",https://www.politifact.com/factchecks/2012/may/01/lee-leffingwell/lee-leffingwell-says-austin-has-lowest-property-ta/
Joe Brown,"April 18, 2012","""Nobody is leaving Memphis. That's a myth.""",pants-fire,City Council presentation on the Memphis budget.,Tennessee; Census; Population; Taxes,Zack McMillin,"May 1, 2012",https://www.politifact.com/factchecks/2012/may/01/joe-brown/nobody-leaving-memphis-says-city-councilman-joe-br/
Pat Quinn,"April 17, 2012","Says Wisconsin Gov. Scott Walker’s budget ""calls for raising property taxes by nearly $500 billion.""",pants-fire,email to campaign supporters,State Budget; Taxes; Wisconsin,Dave Umhoefer,"April 30, 2012",https://www.politifact.com/factchecks/2012/apr/30/pat-quinn/illinois-gov-pat-quinn-says-gov-scott-walkers-budg/
Steve Rothman,"April 18, 2012","Says ""Bill Pascrell voted to eliminate all estate taxes for billionaires, and I voted no.""",mostly-false,video posted on YouTube,New Jersey; Message Machine 2012; Taxes,Bill Wichert,"April 30, 2012",https://www.politifact.com/factchecks/2012/apr/30/steve-rothman/rep-steve-rothman-claims-rep-bill-pascrell-voted-e/
Joseph Kyrillos,"April 17, 2012","""In my years in the State Legislature, I have never voted for a tax increase.""",false,blog post on his campaign website,New Jersey; Message Machine 2012; Taxes,Bill Wichert,"April 29, 2012",https://www.politifact.com/factchecks/2012/apr/29/joseph-kyrillos/us-senate-hopeful-joe-kyrillos-claims-he-never-vot/
John Wisniewski,"April 13, 2012","""If you're earning under $100,000 a year and you commute to New York every day you pay more to the Port Authority in tolls than you pay to the state of New Jersey in income tax.""",true,video press release,New Jersey; Income; Transportation; Taxes,Erin O'Neill,"April 23, 2012",https://www.politifact.com/factchecks/2012/apr/23/john-wisniewski/john-wisniewski-claims-some-new-jersey-commuters-p/
Rob Portman,"April 16, 2012","The Buffett Rule ""will bring in less than $5 billion per year. ... Enough to pay one week’s interest on the national debt.""",true,column,Ohio; Deficit; Federal Budget; Taxes,Tom Feran,"April 23, 2012",https://www.politifact.com/factchecks/2012/apr/23/rob-portman/rob-portman-says-buffett-rule-would-raise-just-eno/
Ron Oakley,"April 16, 2012","Ron Oakley's ""conservative leadership protected local taxpayers over government bureaucrats"" as the Water Management District’s budget decreased by ""58 percent in the four years he served on the board.""",mostly-false,campaign mailer,Water; Taxes; Florida,Lee Logan,"April 22, 2012",https://www.politifact.com/factchecks/2012/apr/22/ron-oakley/ron-oakley-conservative-leadership-water-managemen/
Chain email,"April 13, 2012",Says there is an upcoming vote to preserve benefits of Texas homestead exemption for seniors and the disabled.,pants-fire,chain email forwarded by an Austin American-Statesman reader.,Elections; Taxes; Texas,W. Gardner Selby,"April 20, 2012",https://www.politifact.com/factchecks/2012/apr/20/chain-email/chain-email-says-voters-must-turn-out-protect-home/
BettyLou DeCroce,"April 8, 2012","""While the country’s economy was battered, nine states with no income tax actually grew jobs from 2001 to 2010.""",half-true,n opinion column,New Jersey; Income; Jobs; States; Taxes,Erin O'Neill,"April 16, 2012",https://www.politifact.com/factchecks/2012/apr/16/bettylou-decroce/bettylou-decroce-claims-states-without-income-taxe/
Barry Hinckley,"April 11, 2012","The ""Buffett rule"" ""raises virtually no money, maybe a day and a half of our borrowing per year.""",mostly-true,campaign event.,Rhode Island; Deficit; Economy; Federal Budget; Taxes,Alex Kuffner,"April 15, 2012",https://www.politifact.com/factchecks/2012/apr/15/barry-hinckley/republican-senate-candidate-barry-hinckley-says-bu/
Joe Biden,"April 12, 2012","The 30 percent tax rate called for under President Barack Obama’s proposed Buffett Rule ""is lower than the prescribed tax rate for millionaires already -- not just for millionaires, for people making over $200,000.""",half-true,speech,National; Taxes,Louis Jacobson,"April 13, 2012",https://www.politifact.com/factchecks/2012/apr/13/joe-biden/joe-biden-says-people-earning-200000-already-pay-3/
Metro Atlanta Voter Education Network,,"""[O]ver 200,000 ordinary citizens were given the opportunity to identify projects they preferred.""",true,,Georgia; Transportation; Taxes,Willoughby Mariano,"April 13, 2012",https://www.politifact.com/factchecks/2012/apr/13/metro-atlanta-voter-education-network/group-200000-given-chance-sound-tax/
National Republican Senatorial Committee,"April 4, 2012","Sen. Sherrod Brown’s vote helped pass ""Barack Obama’s job-killing health care law, which slapped small businesses throughout Ohio with a $500 billion tax increase.""",pants-fire,news release,Ohio; Health Care; Taxes,Stephen Koff,"April 12, 2012",https://www.politifact.com/factchecks/2012/apr/12/national-republican-senatorial-committee/national-republican-senatorial-committee-says-heal/
Elizabeth Ames Jones,"April 9, 2012",Says she balanced a $10 billion budget shortfall without raising taxes.,mostly-false,web video.,Message Machine 2012; State Budget; Taxes; Texas,W. Gardner Selby,"April 11, 2012",https://www.politifact.com/factchecks/2012/apr/11/elizabeth-ames-jones/elizabeth-ames-jones-says-she-balanced-10-billion-/
Barack Obama,"April 10, 2012","""98 percent of American families"" make ""under $250,000 a year.""",true,speech at Florida Atlantic University,Taxes; Florida,Angie Drobnic Holan,"April 10, 2012",https://www.politifact.com/factchecks/2012/apr/10/barack-obama/how-many-americans-make-less-250000-year/
Jefferson Smith,"March 10, 2012","Says ""at the state level we're spending more on tax expenditures than we are on public safety, health care and education combined.""",mostly-true,candidates' forum.,Oregon; Education; Health Care; Public Safety; State Budget; Taxes,Ian K. Kullgren,"April 10, 2012",https://www.politifact.com/factchecks/2012/apr/10/jefferson-smith/does-oregon-spend-more-tax-breaks-public-safet-hea/
Priorities USA Action,"March 30, 2012","""Mitt Romney’s pledged to protect (oil companies') record profits – and their billions in special tax breaks, too.""",half-true,television ad,Energy; Taxes; Florida,Amy Sherman,"April 6, 2012",https://www.politifact.com/factchecks/2012/apr/06/priorities-usa-action/mitt-romney-pledged-protect-oil-companies-tax-b/
Barack Obama,"April 3, 2012","""Republicans in Congress refuse to list a single tax loophole they are willing to close.""",true,remarks to the Newspaper Association of America,National; Federal Budget; Taxes,Angie Drobnic Holan,"April 5, 2012",https://www.politifact.com/factchecks/2012/apr/05/barack-obama/obama-says-republicans-congress-wont-name-one-tax/
Republican Governors Association,"March 22, 2012","""In his very first budget, (Milwaukee) Mayor Tom Barrett broke his pledge to keep a lid on property taxes and has continued increasing taxes and fees ever since.""",mostly-false,website alert,City Budget; Taxes; Wisconsin,Dave Umhoefer,"April 5, 2012",https://www.politifact.com/factchecks/2012/apr/05/republican-governors-association/republican-governors-association-says-milwaukee-ma/
Barack Obama,"April 3, 2012","Says Ronald Reagan ""understood repeatedly that when the deficit started to get out of control, that for him to make a deal he would have to propose both spending cuts and tax increases.""",mostly-true,remarks to the Newspaper Association of America,National; History; Taxes,Angie Drobnic Holan,"April 4, 2012",https://www.politifact.com/factchecks/2012/apr/04/barack-obama/ronald-reagan-understood-make-deal-he-would-have-p/
John Elkhay,"March 21, 2012","If Rhode Island raises the meal and beverage tax to 10 percent, it would be the ""fourth-highest in the nation.""",half-true,rally.,Rhode Island; City Budget; Economy; State Budget; Taxes,Alex Kuffner,"April 1, 2012",https://www.politifact.com/factchecks/2012/apr/01/john-elkhay/providence-restaurateur-john-elkhay-says-if-rhode-/
Brian Robinson,"March 21, 2012","The changes to Georgia’s tax and fee structure ""is an overall tax cut.""",true,interview,Georgia; State Budget; Taxes,Eric Stirgus,"March 26, 2012",https://www.politifact.com/factchecks/2012/mar/26/brian-robinson/numbers-back-tax-claim-deal-spokesman/
The Tax Foundation,"March 5, 2012",Says Tennessee has some of the lowest beer excise tax rates in the country.,half-true,map published on its blog.,Alcohol; Tennessee; Corrections and Updates; Taxes,Tom Humphrey,"March 20, 2012",https://www.politifact.com/factchecks/2012/mar/20/tax-foundation/tax-foundation-map-shows-tennessee-has-low-beer-ex/
John McKeon,"March 4, 2012","Says ""the governor took away a billion dollars of rebates, so in real dollars, our property taxes have gone up 20 percent.""",half-true,interview on My9 News' “New Jersey Now”,New Jersey; State Budget; Taxes,Bill Wichert,"March 19, 2012",https://www.politifact.com/factchecks/2012/mar/19/john-mckeon/chris-christie-cut-1-billion-rebates-leading-20-pe/
Stephen Sweeney,"March 8, 2012","Says ""my plan is a property tax cut.""",half-true,interview on NJToday,New Jersey; State Budget; Taxes,Bill Wichert,"March 15, 2012",https://www.politifact.com/factchecks/2012/mar/15/stephen-sweeney/stephen-sweeney-claims-his-tax-cut-proposal-would-/
Steve Rothman,"February 13, 2012","""They're paying a less rate of tax -- these richest people in America -- than they have in the last 80 years.""",mostly-true,campaign video posted on YouTube,New Jersey; Wealth; Taxes,Bill Wichert,"March 11, 2012",https://www.politifact.com/factchecks/2012/mar/11/steve-rothman/congressman-steve-rothman-claims-wealthiest-americ/
George Allen,"February 23, 2012","Says he ""cut taxes by more than $600 million"" when he was governor.",true,op-ed,State Budget; Taxes; Virginia,Nancy  Madsen,"March 9, 2012",https://www.politifact.com/factchecks/2012/mar/09/george-allen/george-allen-says-he-cut-600-million-taxes-governo/
Jim Renacci,"February 13, 2012","""The top 1 percent (of income earners) paid 36.7 percent (of the taxes).  ... The top 50 percent pay 97.7 percent.""",true,town hall-style meeting,Ohio; Income; Taxes,Sabrina  Eaton,"March 6, 2012",https://www.politifact.com/factchecks/2012/mar/06/jim-renacci/jim-renacci-says-top-50-percent-pay-nearly-all-inc/
Michael Doherty,"February 28, 2012","Says State Comptroller Matthew Boxer ""pointed out that many towns are artificially lowering the real estate values that they report to Trenton"" in order to ""get hundreds of millions of dollars of additional school aid. This is the kind of fraud that needs to be addressed immediately.""",mostly-false,interview on NJToday,New Jersey; Education; Taxes,Bill Wichert,"March 5, 2012",https://www.politifact.com/factchecks/2012/mar/05/michael-doherty/michael-doherty-claims-new-jersey-towns-are-artifi/
Rick Santorum,"February 19, 2012","""[R]emember, the president proposed eliminating charitable deductions for higher-income taxpayers.""",false,speech,Georgia; Taxes,Eric Stirgus,"March 3, 2012",https://www.politifact.com/factchecks/2012/mar/03/rick-santorum/santorum-attack-obama-mark/
Scott Garrett,"February 15, 2012","Says ""half the Americans don't pay any income taxes.""",true,radio interview,New Jersey; Taxes,Bill Wichert,"February 29, 2012",https://www.politifact.com/factchecks/2012/feb/29/scott-garrett/congressman-scott-garrett-claims-half-all-american/
U.S. Chamber of Commerce,"February 8, 2012","""Obamacare (hit) Americans with over $500 billion in new taxes.""",half-true,"ad against Sen. Jon Tester, D-Mont.",National; Candidate Biography; Federal Budget; Health Care; Message Machine 2012; Taxes,Becky Bowers,"February 16, 2012",https://www.politifact.com/factchecks/2012/feb/16/us-chamber-commerce/chamber-commerce-ad-says-obamacare-hit-americans-o/
U.S. Chamber of Commerce,"February 9, 2012","Says U.S. Rep. Tammy Baldwin, a candidate for Senate, supports raising taxes ""by $858 billion.""",mostly-false,TV ad,Message Machine 2012; Taxes; Wisconsin,Tom Kertscher,"February 15, 2012",https://www.politifact.com/factchecks/2012/feb/15/us-chamber-commerce/us-chamber-says-rep-tammy-baldwin-backed-raising-t/
Rebecca Kleefisch,"February 3, 2012","As Dane County executive, Kathleen Falk raised property taxes by ""millions of dollars every year"" and approved the second highest increase in the state in 2010.",true,op-ed piece,County Budget; State Budget; Taxes; Wisconsin,Dave Umhoefer,"February 12, 2012",https://www.politifact.com/factchecks/2012/feb/12/rebecca-kleefisch/lt-gov-rebecca-kleefisch-says-kathleen-falk-raised/
Tommy Thompson,"January 23, 2012","Says that as Wisconsin governor he ""never raised taxes.""",false,interview,State Budget; Taxes; Wisconsin,Tom Kertscher,"February 10, 2012",https://www.politifact.com/factchecks/2012/feb/10/tommy-thompson/gop-senate-candidate-tommy-thompson-says-tax-cutti/
Ted Cruz,"January 12, 2012","David Dewhurst has a ""record of promoting an income tax.""",pants-fire,handout.,Taxes; Texas,W. Gardner Selby,"February 10, 2012",https://www.politifact.com/factchecks/2012/feb/10/ted-cruz/ted-cruz-says-david-dewhurst-has-record-promoting-/
Lincoln Chafee,"February 3, 2012","""The commercial property tax [in Providence] is second highest in the country behind Detroit.""",mostly-true,news show,Rhode Island; City Budget; Economy; Taxes,Alex Kuffner,"February 10, 2012",https://www.politifact.com/factchecks/2012/feb/10/lincoln-chafee/rhode-island-governor-lincoln-chafee-says-commerci/
Gerald McCormick,"January 19, 2012","The state constitution ""clearly says there’s not to be a state income tax in Tennessee.""",false,House floor debate over amending the state constitution to prohibit an income tax.,Tennessee; Legal Issues; Taxes,Tom Humphrey,"February 9, 2012",https://www.politifact.com/factchecks/2012/feb/09/gerald-mccormick/house-majority-leader-says-tennessee-constitution-/
Committee for Our Children's Future,"January 31, 2012","Says Chris Christie ""inherited the highest taxes in America and the worst unemployment in the region.""",mostly-true,television ad,New Jersey; Jobs; Taxes,Erin O'Neill,"February 8, 2012",https://www.politifact.com/factchecks/2012/feb/08/committee-our-childrens-future/ad-claims-chris-christie-inherited-highest-taxes-a/
Chain email,"February 2, 2012","""If you sell your house after 2012 you will pay a 3.8 percent sales tax on it.""",pants-fire,message via the Internet,Rhode Island; Economy; Health Care; Housing; Income; Retirement; Taxes,C. Eugene Emery Jr.,"February 7, 2012",https://www.politifact.com/factchecks/2012/feb/07/chain-email/home-sales-tax-e-mail-surfaces-again/
Paul Sarlo,"January 30, 2012","Says Gov. Chris Christie’s proposal to reduce state income taxes ""would be the second tax cut for the rich by the governor in two years.""",half-true,opening remarks at a Senate committee hearing,New Jersey; Taxes,Bill Wichert,"February 5, 2012",https://www.politifact.com/factchecks/2012/feb/05/paul-sarlo/chris-christies-proposed-income-tax-cuts-blasted-d/
Joseph Trillo,"January 20, 2012","""We got [the Quonset Business Park] for free and we’re getting zero dollars out of it into the state coffers … other than the fact that it produces the jobs.""",half-true,debate,Rhode Island; Economy; Gambling; Jobs; State Budget; Taxes,Alex Kuffner,"February 3, 2012",https://www.politifact.com/factchecks/2012/feb/03/joseph-trillo/rhode-island-state-rep-joseph-trillo-says-quonset-/
Joe Pennacchio,"January 30, 2012","Says Pennsylvania charges a top income tax rate of 3 percent and Delaware ""has no state income tax at all.""",half-true,news release,New Jersey; Taxes,Bill Wichert,"February 2, 2012",https://www.politifact.com/factchecks/2012/feb/02/joe-pennacchio/republican-senator-claims-pennsylvania-charges-top/
David Englin,"January 20, 2012","""A cashier earning $20,000 per year pays the same (Virginia) income tax rate as a hedge fund manager earning $20 million per year.""",false,news release.,Taxes; Virginia,Sean Gorman,"February 1, 2012",https://www.politifact.com/factchecks/2012/feb/01/david-englin/del-englin-says-cashier-and-rich-hedge-fund-manage/
Ron Paul,"January 16, 2012",Says the U.S. federal income tax rate was 0 percent until 1913.,half-true,Republican presidential debate,History; Taxes; Texas,Meghan Ashford-Grooms,"January 31, 2012",https://www.politifact.com/factchecks/2012/jan/31/ron-paul/ron-paul-says-federal-income-tax-rate-was-0-percen/
Scott Walker,"January 3, 2012","""We wiped out a $3.6 billion deficit without raising taxes.""",half-true,television ad,State Budget; Taxes; Wisconsin,Dave Umhoefer,"January 29, 2012",https://www.politifact.com/factchecks/2012/jan/29/scott-walker/gov-scott-walker-says-he-eliminated-wisconsins-36-/
Scott Walker,"January 3, 2012","Says Wisconsin Democrats during the previous administration adopted ""double-digit tax increases.""",mostly-true,TV ad,Corporations; Message Machine 2012; State Budget; Taxes; Wisconsin,Tom Kertscher,"January 25, 2012",https://www.politifact.com/factchecks/2012/jan/25/scott-walker/fighting-recall-wisconsin-gov-scott-walker-says-do/
Tennessee Democratic Party,"November 15, 2011","""Tennessee’s grocery tax is one of the highest in the nation.""",true,introduction to online petition to lower state's grocery taxes.,Tennessee; Taxes,Richard Locker,"January 24, 2012",https://www.politifact.com/factchecks/2012/jan/24/tennessee-democratic-party/democrats-say-tennessee-consumers-pay-among-nation/
Lou Greenwald,"January 17, 2012","""Under this tax cut, middle-class families don't save enough for a week's worth of groceries, while millionaires save enough to go on an exotic vacation.""",true,press release,New Jersey; Income; Taxes,Erin O'Neill,"January 22, 2012",https://www.politifact.com/factchecks/2012/jan/22/lou-greenwald/lou-greenwald-claims-governors-proposed-income-tax/
Suzanne Bonamici,"January 17, 2012",PolitiFact Oregon gave Rob Cornilles a Pants on Fire for a claim about taxes and fees.,pants-fire,press release,Oregon; Message Machine 2012; Voting Record; Taxes,Janie Har,"January 18, 2012",https://www.politifact.com/factchecks/2012/jan/18/suzanne-bonamici/suzanne-bonamici-says-we-gave-rob-cornilles-pants-/
Mitt Romney,"January 16, 2012","""In campaigns in the past with Sen. McCain and President George W. Bush and others, they have tended to release tax records in April.""",half-true,Republican presidential debate,National; Candidate Biography; Transparency; Taxes,Becky Bowers,"January 18, 2012",https://www.politifact.com/factchecks/2012/jan/18/mitt-romney/mitt-romney-says-presidential-candidates-tend-rele/
Kriner Cash,"November 3, 2011","The education tax burden for Shelby County -- and Tennessee -- is ""one of the lowest in the country.""",mostly-true,presentation to Shelby County's schools merger Transition Planning Commission,Tennessee; Education; Taxes,Zack McMillin,"January 13, 2012",https://www.politifact.com/factchecks/2012/jan/13/kriner-cash/memphis-schools-superintendent-says-county-state-t/
Craig James,"January 3, 2012",Says Rick Perry cut taxes.,half-true,online video ad.,Corrections and Updates; State Budget; Taxes; Texas,W. Gardner Selby,"January 13, 2012",https://www.politifact.com/factchecks/2012/jan/13/craig-james/craig-james-republican-senate-candidate-says-rick-/
Mitt Romney,"January 5, 2012","""President Obama has raised taxes 19 times.""",half-true,e-mail to the Los Angeles Times,National; Taxes,Louis Jacobson,"January 11, 2012",https://www.politifact.com/factchecks/2012/jan/11/mitt-romney/mitt-romney-says-barack-obama-has-raised-taxes-19-/
Rick Scott,"January 10, 2012",Says the state tax burden per citizen in New York is twice as high as in Florida.,mostly-true,State of the State address,Economy; Taxes; Florida,Katie Sanders,"January 11, 2012",https://www.politifact.com/factchecks/2012/jan/11/rick-scott/scott-says-new-yorkers-pay-twice-much-floridians-s/
Rob Cornilles,,"""She’s voted for 60 tax increases, hurting the middle class and small businesses.""",pants-fire,,Oregon; Taxes,Janie Har,"January 10, 2012",https://www.politifact.com/factchecks/2012/jan/10/rob-cornilles/rob-cornilles-claims-suzanne-bonamici-has-voted-60/
Ronald Rice,"January 5, 2012","Says in Newark ""we’re paying 80 percent of the school budget from local property taxes.""",false,state senate budget committee hearing,New Jersey; Education; Taxes,Erin O'Neill,"January 10, 2012",https://www.politifact.com/factchecks/2012/jan/10/ronald-rice/ronald-rice-claims-newark-schools-are-funded-large/
Jon Huntsman,"January 7, 2012","""I delivered a flat tax for my state. I took my state to No. 1 in job creation. With all due respect to what Rick Perry has said about Texas, we did a little bit better.""",half-true,Republican presidential debate,National; Economy; Jobs; New Hampshire 2012; States; Taxes,Louis Jacobson,"January 8, 2012",https://www.politifact.com/factchecks/2012/jan/08/jon-huntsman/huntsman-repeats-claim-he-signed-flat-tax-led-nati/
Kay Bailey Hutchison,"December 12, 2011",Says taking millionaires off food stamps and unemployment would save $20 million.,mostly-true,interview on CNN’s ‘Out Front’,Deficit; Federal Budget; Jobs; Taxes; Texas,Sue Owen,"January 6, 2012",https://www.politifact.com/factchecks/2012/jan/06/kay-bailey-hutchison/hutchison-says-getting-millionaires-food-stamps-un/
David Cicilline,"December 25, 2011","""I think with the exception of the last year or maybe the last two years, we were at 100 percent"" when it came to contributing to the Providence pension fund.",mostly-true,appearance on WPRI's Newsmakers,Rhode Island; City Budget; Pensions; Retirement; Taxes,C. Eugene Emery Jr.,"January 6, 2012",https://www.politifact.com/factchecks/2012/jan/06/david-cicilline/us-rep-david-cicilline-says-providence-made-full-p/
Barack Obama,"January 3, 2012","Says he lived up to a 2008 promise when he ""closed corporate tax loopholes that were sending profits overseas.""",half-true,web video advertisement,National; Corporations; Economy; Message Machine 2012; Taxes,Louis Jacobson,"January 5, 2012",https://www.politifact.com/factchecks/2012/jan/05/barack-obama/barack-obama-reelection-video-says-he-closed-corpo/
Democratic Congressional Campaign Committee,"December 9, 2011","Says Rep. Jim Renacci was ""trying to leave town for the holidays without extending your payroll tax cut.""",false,telephone campaign,Ohio; Social Security; Voting Record; Taxes,Sabrina  Eaton,"January 5, 2012",https://www.politifact.com/factchecks/2012/jan/05/democratic-congressional-campaign-committee/dccc-says-jim-renacci-was-trying-avoid-voting-payr/
Declan O'Scanlon,"December 16, 2011","""Taxpayers earning $1 million pay an effective tax rate that is about four times what taxpayers earning $100,000 pay.""",true,opinion piece,New Jersey; Taxes,Bill Wichert,"January 4, 2012",https://www.politifact.com/factchecks/2012/jan/04/declan-oscanlon/new-jersey-residents-earning-1-million-face-effect/
John Boehner,"December 1, 2011","""The Social Security trust fund … is already facing imminent bankruptcy.""",mostly-false,news conference,Ohio; Social Security; Taxes,Tom Feran,"January 3, 2012",https://www.politifact.com/factchecks/2012/jan/03/john-boehner/john-boehner-says-social-security-trust-fund-faces/
Yes on 79,"December 28, 2011","Says constitutional amendment would ""help to stop unfair, double taxation on real estate.""",half-true,ad and on their website,Oregon; Taxes,Ian K. Kullgren,"December 30, 2011",https://www.politifact.com/factchecks/2011/dec/30/Yes-on-79/are-oregon-home-sellers-really-subject-double-tax/
Judy  Shiprack and Diane McKeel,"December 23, 2011","Say ""in November 2010, voters overwhelmingly supported the idea of creating a (library) district.""",half-true,guest column,Oregon; Taxes,Janie Har,"December 30, 2011",https://www.politifact.com/factchecks/2011/dec/30/judy-shiprack-diane-mckeel/did-multnomah-county-voters-favor-library-district/
Barack Obama,"December 20, 2011","""Fifty percent of Speaker Gingrich’s tax plan goes to the top 1 percent.""",mostly-true,conference call by a campaign spokesman with New Hampshire reporters.,National; New Hampshire 2012; Taxes,Jake Berry,"December 28, 2011",https://www.politifact.com/factchecks/2011/dec/28/barack-obama/obama-campaign-says-half-benefit-newt-gingrichs-ta/
Barry Hinckley,"December 4, 2011","""Our tax code is . . . 80,000 pages.""",false,"appearance on WPRI's ""Newsmakers"" program",Rhode Island; Economy; Government Regulation; Taxes,C. Eugene Emery Jr.,"December 27, 2011",https://www.politifact.com/factchecks/2011/dec/27/barry-hinckley/us-senate-candidate-barry-hinckley-says-nations-ta/
Rick Perry,"December 15, 2011",Says Mitt Romney raised business taxes 20 percent in Massachusetts.,mostly-true,Iowa TV ad.,Message Machine 2012; Taxes; Texas,W. Gardner Selby,"December 22, 2011",https://www.politifact.com/factchecks/2011/dec/22/rick-perry/rick-perry-says-governor-mitt-romney-raised-busine/
Grover Norquist,"December 12, 2011","""[E]xcise tax increases drive commerce across state lines.""",mostly-true,letter,Georgia; Taxes,Eric Stirgus,"December 21, 2011",https://www.politifact.com/factchecks/2011/dec/21/grover-norquist/letter-warns-deal-taxes/
Tim Kaine,"December 7, 2011","George Allen cast ""the deciding vote"" for the 2003 Bush tax cuts.",false,debate.,Voting Record; Taxes; Virginia,Sean Gorman,"December 17, 2011",https://www.politifact.com/factchecks/2011/dec/17/tim-kaine/tim-kaine-says-george-allen-cast-deciding-vote-200/
Democratic National Committee,"December 6, 2011","""Traditionally, presidential candidates release their tax returns . . . Mitt Romney still won’t.""",mostly-true,Web video.,National; Candidate Biography; Message Machine 2012; New Hampshire 2012; Transparency; Taxes,Matt Clary,"December 16, 2011",https://www.politifact.com/factchecks/2011/dec/16/democratic-national-committee/dnc-says-presidential-candidates-usually-release-t/
Charlie Gonzalez,"December 13, 2011","""If Congress does not pass the renewal of the payroll tax cut before the end of the year, nearly 160 million working families will see their taxes go up by roughly $1,000.""",half-true,press release.,Jobs; Taxes; Texas,W. Gardner Selby,"December 15, 2011",https://www.politifact.com/factchecks/2011/dec/15/charlie-gonzalez/san-antonio-democrat-says-failure-extend-payroll-t/
John Boehner,"December 15, 2011","""We've got a personal tax system that's so complicated it costs Americans about $500 billion a year to comply with the current tax code.""",mostly-false,news conference,Ohio; Taxes,Tom Feran,"December 12, 2011",https://www.politifact.com/factchecks/2011/dec/12/john-boehner/house-speaker-john-boehner-says-it-costs-americans/
Barack Obama,"December 6, 2011","""Some billionaires have a tax rate as low as 1 percent.""",mostly-false,speech,National; Taxes,Louis Jacobson,"December 8, 2011",https://www.politifact.com/factchecks/2011/dec/08/barack-obama/barack-obama-says-some-billionaires-have-tax-rate-/
Florida Democratic Party,"December 1, 2011","Says Mitt Romney belittled middle-class tax cuts ""as nothing more than 'little Band-Aids.' """,mostly-false,news release,Taxes; Florida,Becky Bowers,"December 7, 2011",https://www.politifact.com/factchecks/2011/dec/07/florida-democratic-party/florida-democrats-say-mitt-romney-called-middle-cl/
U.S. Chamber of Commerce,"November 16, 2011","Says Sen. Sherrod Brown ""voted to block American energy production and increase energy taxes.""",mostly-false,television commercial,Ohio; Energy; Message Machine 2012; Taxes,Sabrina  Eaton,"December 6, 2011",https://www.politifact.com/factchecks/2011/dec/06/us-chamber-commerce/us-chamber-commerce-targets-sherrod-brown-votes-en/
Oregon Transformation Project,"November 15, 2011",Oregon has the sixth highest combined death tax rate in the country.,mostly-false,online post,Oregon; Federal Budget; State Budget; States; Taxes,Janie Har,"December 2, 2011",https://www.politifact.com/factchecks/2011/dec/02/oregon-transformation-project/s-oregon-really-no-6-estate-tax-rate-list-among-st/
Herman Cain,"October 19, 2011","Says his 9-9-9 tax reform plan is not ""regressive.""",false,several public statements,Georgia; Taxes,Willoughby Mariano,"December 2, 2011",https://www.politifact.com/factchecks/2011/dec/02/herman-cain/Cain-says-999-plan-not-regressive/
Barack Obama,"November 30, 2011","For ""the average middle-class family, your taxes today are lower than when I took office.""",true,speech,National; Taxes,Louis Jacobson,"December 1, 2011",https://www.politifact.com/factchecks/2011/dec/01/barack-obama/obama-says-taxes-lower-middle-class/
Democratic National Committee,"November 28, 2011",Says Mitt Romney flip-flopped on a taxpayer protection pledge.,true,campaign advertisement,National; Message Machine 2012; Taxes,Louis Jacobson,"November 29, 2011",https://www.politifact.com/factchecks/2011/nov/29/democratic-national-committee/dnc-ad-says-mitt-romney-flip-flopped-taxpayer-pled/
Rob Portman,"November 11, 2011","""We have the second highest corporate tax rate among our trading partners.""",mostly-true,Joint Select Committee on Deficit Reduction hearing,Ohio; Corporations; Deficit; Economy; Jobs; Taxes,Peter Krouse,"November 28, 2011",https://www.politifact.com/factchecks/2011/nov/28/rob-portman/sen-rob-portman-says-us-has-second-highest-corpora/
Mark Warner,"October 31, 2011",The U.S. would gain revenue by cutting personal income tax rates in half and ending tax breaks.,true,TV interview.,Deficit; Taxes; Virginia,Warren Fiske,"November 25, 2011",https://www.politifact.com/factchecks/2011/nov/25/mark-warner/mark-warner-says-us-would-gain-revenue-cutting-inc/
National Taxpayers Union,"November 13, 2011","President Obama plans to ""impose a tax of at least 23 percent on the Medicare prescription drug benefit for low-income beneficiaries.""",false,newspaper advertisement.,Health Care; Medicaid; Medicare; Taxes; Texas,W. Gardner Selby,"November 22, 2011",https://www.politifact.com/factchecks/2011/nov/22/national-taxpayers-union/taxpayers-group-says-obama-plans-impose-23-percent/
John Kerry,"November 20, 2011",Says the Simpson-Bowles deficit reduction proposal urged raising $2 trillion in new revenue.,mostly-false,"interview on NBC's ""Meet the Press""",National; Federal Budget; Taxes,Louis Jacobson,"November 21, 2011",https://www.politifact.com/factchecks/2011/nov/21/john-kerry/john-kerry-says-simpson-bowles-proposal-raised-2-t/
Greg Abbott,"November 9, 2011","""Obama has (a) new Christmas tree tax.""",mostly-false,tweet,Taxes; Texas,Meghan Ashford-Grooms,"November 20, 2011",https://www.politifact.com/factchecks/2011/nov/20/greg-abbott/texas-attorney-general-greg-abbott-says-obama-has-/
Tom  Hughes,"November 2, 2011",Twenty percent of housing in Portland’s Pearl District is ‘affordable.’,mostly-true,guest column,Oregon; Housing; Infrastructure; Urban; Taxes,Janie Har,"November 18, 2011",https://www.politifact.com/factchecks/2011/nov/18/tom-hughes/20-percent-housing-portlands-pearl-district-really/
Rob Cornilles,"November 14, 2011","Says ""51 percent of federal tax filers paid zero federal income tax.""",true,statement on his website,Oregon; Taxes,Charles Pope,"November 17, 2011",https://www.politifact.com/factchecks/2011/nov/17/rob-cornilles/do-more-half-all-tax-filers-really-pay-no-federal-/
Tim Kaine,"October 31, 2011","George Allen's flat tax ""plan would actually shrink revenues further than the Perry (flat tax) plan.""",false,news release.,Taxes; Virginia,Sean Gorman,"November 15, 2011",https://www.politifact.com/factchecks/2011/nov/15/tim-kaine/tim-kaine-says-george-allen-flat-tax-plan-shrinks-/
Rodney Frelinghuysen,"November 4, 2011","Says the Treasury Department ""says 41 percent of all business income reported on individual returns would be hit by the [millionaires’] surtax"" that ""would harm small businessmen and women, the very people we are counting on to create new jobs.""",mostly-false,email newsletter,New Jersey; Income; Small Business; Taxes,Erin O'Neill,"November 13, 2011",https://www.politifact.com/factchecks/2011/nov/13/rodney-frelinghuysen/rodney-frelinghuysen-claims-proposed-millionaires-/
John Boehner,"November 6, 2011","""Over half of the people who would be taxed under (a millionaire surtax) are, in fact, small businesspeople.""",false,ABC interview with Christiane Amanpour,National; This Week - ABC News; Taxes,Molly Moorhead,"November 10, 2011",https://www.politifact.com/factchecks/2011/nov/10/john-boehner/boehner-equates-taxing-millionaires-hurting-small-/
Bloggers,"November 9, 2011","Obama creates new tax on Christmas trees, fees get passed on to consumers.",mostly-false,tweet and blogs,Agriculture; Oregon; Taxes,Janie Har,"November 10, 2011",https://www.politifact.com/factchecks/2011/nov/10/blog-posting/republicans-bloggers-needle-obama-creating-new-tax/
Rick Perry,"October 28, 2011","""We spend half a trillion dollars a year in tax preparation.""",mostly-false,speech,National; Taxes,Louis Jacobson,"November 7, 2011",https://www.politifact.com/factchecks/2011/nov/07/rick-perry/rick-perry-says-taxpayers-spend-half-trillion-doll/
Betty Sutton,"October 25, 2011","""Every day in the United States, we are losing 15 factories.""",true,speech,Ohio; Economy; Jobs; Taxes,Sabrina  Eaton,"November 7, 2011",https://www.politifact.com/factchecks/2011/nov/07/betty-sutton/betty-sutton-says-average-15-us-factories-close-ea/
Rick Perry,"October 25, 2011","Says that under his tax plan, ""no matter where you are in the stratosphere, you're going to be getting a tax cut.""",false,interview.,Taxes; Texas,W. Gardner Selby,"November 7, 2011",https://www.politifact.com/factchecks/2011/nov/07/rick-perry/rick-perry-says-under-his-tax-plan-everyone-will-b/
Mahlon Mitchell,"November 4, 2011","Under a law proposed by Wisconsin Gov. Scott Walker, businesses that move into Wisconsin ""don't have to pay any taxes"" on their income for two years.",true,remarks,Jobs; Taxes; Wisconsin,Tom Kertscher,"November 3, 2011",https://www.politifact.com/factchecks/2011/nov/03/mahlon-mitchell/potential-recall-candidate-says-walker-gave-compan/
Rachel Maddow,"October 25, 2011","Says ""tanking"" Rick Perry’s federal tax plan has ""huge tax cuts for rich people and big tax hikes for everyone else.""",mostly-false,TV commentary.,Pundits; Taxes; Texas,W. Gardner Selby,"November 2, 2011",https://www.politifact.com/factchecks/2011/nov/02/rachel-maddow/rachel-maddow-rick-perry-tax-plan/
Joseph Chiusolo,"October 25, 2011","Says ""Essex County residents suffer the second highest property taxes in the nation.""",half-true,press release,New Jersey; Taxes,Bill Wichert,"November 2, 2011",https://www.politifact.com/factchecks/2011/nov/02/joseph-chiusolo/essex-countys-property-taxes-among-highest-nation/
Americans for Prosperity: New Jersey,"October 24, 2011","Says state Senate President Stephen ""Sweeney gave us the nation's highest income tax rates, driving out jobs.""",false,television ad posted on YouTube,New Jersey; Income; Jobs; Message Machine 2012; Taxes,Erin O'Neill,"October 31, 2011",https://www.politifact.com/factchecks/2011/oct/31/americans-prosperity-new-jersey/conservative-group-claims-steve-sweeney-gave-new-j/
Occupy Providence,"October 19, 2011","""Minimum wage = $16,000/year CEO-Goldman Sachs (Lloyd Blankfein) $16,000/Hour.""",false,protest sign,Rhode Island; Corporations; Deficit; Economy; Financial Regulation; Government Regulation; Occupy Wall Street; Taxes,Lynn Arditi,"October 26, 2011",https://www.politifact.com/factchecks/2011/oct/26/occupy-providence/occupy-providence-protester-says-goldman-sachs-ceo/
Tommy Thompson,"October 4, 2011","""During my tenure as governor, Wisconsin’s overall tax burden went DOWN.""",mostly-true,campaign fundraising email,State Budget; Taxes; Wisconsin,Dave Umhoefer,"October 23, 2011",https://www.politifact.com/factchecks/2011/oct/23/tommy-thompson/thompson-says-wisconsins-tax-burden-went-down-whil/
George Nee,"October 19, 2011","""This is the first time in our state, and one of the first times in the country, where benefit reductions . . . has happened to people who are retired.""",half-true,pension forum,Rhode Island; Bankruptcy; Deficit; Economy; Labor; Legal Issues; Pensions; Public Service; Retirement; State Budget; States; Taxes; Unions; Workers,C. Eugene Emery Jr.,"October 23, 2011",https://www.politifact.com/factchecks/2011/oct/23/george-nee/rhode-island-afl-cio-president-george-nee-says-red/
Rick Perry,"October 1, 2011","""We cut property taxes by one-third in the state of Texas while I’ve been governor.""",mostly-false,forum,National; New Hampshire 2012; Taxes,Jake Berry,"October 21, 2011",https://www.politifact.com/factchecks/2011/oct/21/rick-perry/rick-perry-says-they-cut-property-taxes-one-third-/
Barack Obama,"October 18, 2011","Says his proposed payroll tax cut ""will mean an extra $1,500 in your pocket compared to if we do nothing.""",true,speech.,Economy; Jobs; Taxes; Virginia,Warren Fiske,"October 21, 2011",https://www.politifact.com/factchecks/2011/oct/21/barack-obama/obama-says-his-payroll-tax-cut-would-mean-1500-you/
Paul Ryan,"October 9, 2011","Even a 100 percent tax on millionaires would only fund four months of government operations, failing to seriously address budget deficits and debt.",half-true,television interview,Deficit; Federal Budget; Taxes; Wisconsin,Dave Umhoefer,"October 20, 2011",https://www.politifact.com/factchecks/2011/oct/20/paul-ryan/ryan-says-100-percent-tax-millionaires-would-only-/
John Driscoll,"October 6, 2011","""(Sen. Robert) Gordon cost us money, exempting the Newark sports arena from paying property taxes and sticking us with the bill.""",mostly-false,television ad posted on YouTube,New Jersey; Message Machine 2012; Taxes,Bill Wichert,"October 19, 2011",https://www.politifact.com/factchecks/2011/oct/19/john-driscoll/property-taxes-newarks-prudential-center-become-is/
Herman Cain,"October 18, 2011","The 9-9-9 plan ""does not raise taxes on those that are making the least.""",false,debate,National; Poverty; Taxes,Angie Drobnic Holan,"October 19, 2011",https://www.politifact.com/factchecks/2011/oct/19/herman-cain/herman-cain-says-9-9-9-plan-does-not-raise-taxes-t/
Michele Bachmann,"October 18, 2011","""When we got the income tax in 1913, the top rate was 7 percent. By 1980, the top rate was 70 percent.""",true,Republican presidential debate,National; History; Taxes,Louis Jacobson,"October 19, 2011",https://www.politifact.com/factchecks/2011/oct/19/michele-bachmann/michele-bachmann-says-top-income-tax-rate-rose-7-p/
Christine Whitman,"September 19, 2011","""The proudest accomplishment (of my tenure) was leaving the state with a $1.2 billion surplus, which was the largest we’d ever had, and getting spending under control and a balanced budget.""",mostly-true,interview on NJTV,New Jersey; State Budget; Taxes,Caryn Shinske,"October 17, 2011",https://www.politifact.com/factchecks/2011/oct/17/christine-whitman/christie-whitman-says-she-left-state-more-1-billio/
Tom  Kean Jr.,"October 7, 2011","Says Democrats raised taxes over 115 times in the past 10 years, ""making New Jersey increasingly unaffordable and chasing jobs to neighboring states.""",half-true,news release,New Jersey; Economy; Jobs; Taxes,Erin O'Neill,"October 16, 2011",https://www.politifact.com/factchecks/2011/oct/16/tom-kean-jr/tom-kean-jr-says-democratic-tax-hikes-chased-jobs-/
Peter  Palumbo,"October 5, 2011","""The Tax Foundation figures Rhode Island as the 10th highest state for state and local tax burden per capita in the country. We're the 6th worst in the country for the business tax index. We're the 3rd highest per capita in the country for all taxes.""",mostly-false,speech,Rhode Island; Economy; Small Business; Taxes,C. Eugene Emery Jr.,"October 14, 2011",https://www.politifact.com/factchecks/2011/oct/14/peter-palumbo/ri-rep-peter-palumbo-misses-marks-when-reporting-w/
Herman Cain,"October 5, 2011","Says someone earning $50,000 a year will fare better under his ""9-9-9"" plan than under the current tax system.",mostly-false,interview,Taxes; Florida,Aaron Sharockman,"October 13, 2011",https://www.politifact.com/factchecks/2011/oct/13/herman-cain/herman-cain-says-someone-earning-50000-will-save-u/
Herman Cain,"October 12, 2011","""Every worker pays 15.3 percent payroll tax.""",mostly-false,interview on MSNBC,National; New Hampshire 2012; Workers; Taxes,Angie Drobnic Holan,"October 12, 2011",https://www.politifact.com/factchecks/2011/oct/12/herman-cain/herman-cain-said-workers-now-pay-153-percent-payro/
Jon Huntsman,"October 11, 2011","""I created a flat tax in the state of Utah. It took that state to the number-one position in terms of job creation.""",half-true,Republican presidential debate,National; Economy; New Hampshire 2012; States; Taxes,Louis Jacobson,"October 12, 2011",https://www.politifact.com/factchecks/2011/oct/12/jon-huntsman/jon-huntsman-touts-record-taxes-job-creation-new-h/
American Crossroads,"October 10, 2011",Says Bill Clinton opposes President Barack Obama's plan to raise taxes on wealthy Americans.,false,television ad airing,Message Machine 2010; Taxes; Florida,Aaron Sharockman,"October 11, 2011",https://www.politifact.com/factchecks/2011/oct/11/american-crossroads/bill-clinton-attacks-buffet-rule-and-president-bar/
Rick Perry,"September 30, 2011","Coca-Cola’s CEO ""said he finds it easier to do work in China than in the United States.""",half-true,speech,Georgia; Government Regulation; Taxes,Eric Stirgus,"October 10, 2011",https://www.politifact.com/factchecks/2011/oct/10/rick-perry/did-perrys-coke-claim-pass-taste-test/
Jim Sensenbrenner,"September 29, 2011","""We have the highest corporate tax rate in the world. It’s 35 percent.""",true,interview,Corporations; Jobs; Taxes; Wisconsin,Tom Kertscher,"October 9, 2011",https://www.politifact.com/factchecks/2011/oct/09/jim-sensenbrenner/gop-rep-jim-sensenbrenner-says-us-has-highest-corp/
Barack Obama,"September 22, 2011","""A construction worker who’s making $50 or $60 grand a year shouldn’t be paying higher tax rates than the guy who’s making $50 million a year. And that’s how it’s working right now.""",half-true,speech,National; Taxes,Louis Jacobson,"September 27, 2011",https://www.politifact.com/factchecks/2011/sep/27/barack-obama/barack-obama-says-construction-workers-pay-higher-/
Ron Paul,"September 12, 2011","Says ""our taxes have doubled"" with Rick Perry in office.",pants-fire,Republican presidential debate,Taxes; Texas,W. Gardner Selby,"September 26, 2011",https://www.politifact.com/factchecks/2011/sep/26/ron-paul/ron-paul-says-our-taxes-doubled-under-rick-perry/
National Republican Senatorial Committee,"September 19, 2011",Says U.S. Rep. Tammy Baldwin is backing President Barack Obama’s plan to pass a $1.5 trillion tax increase.,false,news release,Deficit; Federal Budget; Taxes; Wisconsin,Dave Umhoefer,"September 23, 2011",https://www.politifact.com/factchecks/2011/sep/23/national-republican-senatorial-committee/republican-group-says-rep-tammy-baldwin-backs-15-t/
Carla Smith,"September 13, 2011",The city of Atlanta has either the highest or second-highest average water bills in the country.,true,meeting,Georgia; Water; Taxes,Eric Stirgus,"September 23, 2011",https://www.politifact.com/factchecks/2011/sep/23/carla-smith/atlanta-drowning-nations-highest-water-bills/
Barbara  Boxer,"September 20, 2011","""Since 1995, the top 400 wealthiest families have seen their incomes go up 400 percent and their tax rates go down 40 percent.""",mostly-true,interview on MSNBC,National; Economy; Taxes,Louis Jacobson,"September 21, 2011",https://www.politifact.com/factchecks/2011/sep/21/barbara-boxer/barbara-boxer-says-400-richest-taxpayers-saw-incom/
Debbie Dooley,"September 6, 2011","""[Eighty-five percent] of the funds collected in each county will be redistributed elsewhere -- not spent in the county in which it is collected.""",false,op-ed,Georgia; Transportation; Taxes,Eric Stirgus,"September 20, 2011",https://www.politifact.com/factchecks/2011/sep/20/debbie-dooley/could-counties-be-out-luck-if-sales-tax-passes/
Debbie Wasserman Schultz,"September 12, 2011","Says CNN's Wolf Blitzer was wrong to say that ""the wealthiest Americans, they pay the most in taxes already -- 50 percent of Americans don't even pay any federal income tax.""",false,interview before the CNN/Tea Party Express presidential debate,Taxes; Florida,Becky Bowers,"September 16, 2011",https://www.politifact.com/factchecks/2011/sep/16/debbie-wasserman-schultz/debbie-wasserman-schultz-says-wolf-blitzer-was-wro/
Eric Cantor,"September 14, 2011","The jobs bill includes ""President Obama's tax on soup kitchens""",mostly-false,blog post,National; Economy; Jobs; Workers; Taxes,Louis Jacobson,"September 15, 2011",https://www.politifact.com/factchecks/2011/sep/15/eric-cantor/eric-cantor-blog-post-attacks-barack-obama-tax-sou/
Debbie Wasserman Schultz,"September 12, 2011","""In terms of the wealthiest Americans, we're at the lowest tax rate since the 1950s.""",mostly-true,interview before the CNN/Tea Party Express GOP debate,Taxes; Florida,Aaron Sharockman,"September 13, 2011",https://www.politifact.com/factchecks/2011/sep/13/debbie-wasserman-schultz/debbie-wasserman-schultz-says-tax-rates-lowest-195/
Dan Ramos,"August 13, 2011","""Gov. Kasich and the Republican-dominated legislature have foregone the popular option of closing tax loopholes that amount to $7 billion annually in this state.""",mostly-true,newspaper column,Ohio; State Budget; Taxes,Tom Feran,"September 13, 2011",https://www.politifact.com/factchecks/2011/sep/13/dan-ramos/state-rep-dan-ramos-says-loopholes-gop-left-ohios-/
Matt Wand,"August 28, 2011","Says ""Every time the Legislature 'suspended' the kicker, most recently the corporate kicker in 2007, Salem spent every penny and failed to stabilize the state's revenues.""",mostly-false,guest column,Oregon; State Budget; Taxes,Janie Har,"September 10, 2011",https://www.politifact.com/factchecks/2011/sep/10/matt-wand/rep-matt-wand-says-using-kicker-money-has-failed-s/
SEIU,"September 7, 2011","""Republicans fought to protect tax loopholes for corporations that send our jobs overseas.""",half-true,political mailing,National; Corporations; Jobs; Trade; Workers; Taxes,Angie Drobnic Holan,"September 7, 2011",https://www.politifact.com/factchecks/2011/sep/07/service-employees-international-union-committee-po/republicans-closing-corporate-tax-loopholes/
Democratic Congressional Campaign Committee,"August 20, 2011","""Congressman Bill Young voted to cut taxes for millionaires and end your Medicare.""",mostly-false,gas station advertisement,Federal Budget; Health Care; Medicare; Taxes; Florida,Becky Bowers,"September 7, 2011",https://www.politifact.com/factchecks/2011/sep/07/democratic-congressional-campaign-committee/democrats-say-rep-cw-bill-young-voted-cut-taxes-mi/
Barack Obama,"September 5, 2011","A bipartisan payroll tax cut championed by the White House has meant that ""the average family has an extra $1,000 in their pocket"" this year.",mostly-true,Labor Day speech,National; Economy; Taxes,Louis Jacobson,"September 6, 2011",https://www.politifact.com/factchecks/2011/sep/06/barack-obama/barack-obama-says-payroll-tax-cut-has-boosted-aver/
Richard Tomlins,"August 22, 2011","""Mayor Fung wants to punish our children's education by removing 12 million dollars from current funding to pay for his private charter school. Your taxes would increase by between 6 and 8 percent per year.""",pants-fire,recorded telephone message to Cranston residents,Rhode Island; Children; City Budget; Deficit; Education; State Budget; Taxes,C. Eugene Emery Jr.,"September 4, 2011",https://www.politifact.com/factchecks/2011/sep/04/richard-tomlins/robocall-says-cranston-mayoral-academy-would-incre/
Dennis Kucinich,"August 6, 2011","Says that in 2009 ExxonMobil ""paid no federal income taxes, received a $156 million rebate.""",false,television interview,Ohio; Corporations; Taxes,Sabrina  Eaton,"September 1, 2011",https://www.politifact.com/factchecks/2011/sep/01/dennis-kucinich/rep-dennis-kucinich-says-exxonmobil-paid-no-taxes-/
Margaret Carlson,"August 9, 2011","Rick Perry ""has advocated abandoning Social Security, scuttling Medicaid and ending the federal income tax.""",half-true,politics column.,Medicaid; Social Security; Taxes; Texas,W. Gardner Selby,"August 28, 2011",https://www.politifact.com/factchecks/2011/aug/28/margaret-carlson/columnist-margaret-carlson-says-perry-has-advocate/
Sherrod Brown,"August 2, 2011","Says that Wall Street hedge fund managers ""pay a lower tax rate than does a sheet metal worker in Parma or a school teacher in Cleveland.""",true,television interview,Ohio; Income; Taxes,Tom Feran,"August 22, 2011",https://www.politifact.com/factchecks/2011/aug/22/sherrod-brown/sen-sherrod-brown-says-wall-street-hedge-fund-mana/
Jeff Merkley,"August 3, 2011","Says allowing the payroll tax holiday to expire would end up ""costing another estimated 900,000 jobs in 2012.""",mostly-true,letter to a constituent,Oregon; Taxes,Charles Pope,"August 19, 2011",https://www.politifact.com/factchecks/2011/aug/19/jeff-merkley/jeff-merkley-says-letting-payroll-tax-holiday-expi/
Warren Buffett,"August 14, 2011","The ""mega-rich"" pay about 15 percent in taxes, while the middle class ""fall into the 15 percent and 25 percent income tax brackets, and then are hit with heavy payroll taxes to boot.""",true,"""New York Times"" op-ed",National; Taxes,Angie Drobnic Holan,"August 18, 2011",https://www.politifact.com/factchecks/2011/aug/18/warren-buffett/warren-buffett-says-super-rich-pay-lower-taxes-oth/
Phil Gingrey,"August 1, 2011","Tax increases could ""come into play"" as a result of the debt ceiling deal.",mostly-true,press release,Georgia; Federal Budget; Taxes,Willoughby Mariano,"August 15, 2011",https://www.politifact.com/factchecks/2011/aug/15/phil-gingrey/us-rep-gingrey-says-debt-deal-could-lead-tax-hike/
Greater Wisconsin Committee,"August 4, 2011","Says Republican recall challenger Jonathan Steitz ""failed to pay his taxes.""",half-true,campaign mailer,Candidate Biography; Taxes; Wisconsin,Tom Kertscher,"August 12, 2011",https://www.politifact.com/factchecks/2011/aug/12/greater-wisconsin-political-fund/gop-recall-candidate-jonathan-steitz-failed-pay-hi/
Kim Simac,"July 21, 2011","Says Democratic state Sen. Jim Holperin ""voted against a property tax freeze"" in 2009 and then voted for a ""$1.5 billion property tax hike.""",mostly-false,letter and news release,State Budget; Taxes; Wisconsin,Dave Umhoefer,"August 12, 2011",https://www.politifact.com/factchecks/2011/aug/12/kim-simac/recall-challenger-kim-simac-says-state-sen-jim-hol/
Jon Huntsman,"August 11, 2011","""We created a flat tax in the state of Utah.""",mostly-true,Republican debate,National; Taxes,Louis Jacobson,"August 12, 2011",https://www.politifact.com/factchecks/2011/aug/12/jon-huntsman/jon-huntsman-says-he-enacted-flat-tax-utah-governo/
Greater Wisconsin Committee,"August 5, 2011","Says GOP recall challenger Kim Simac ""was delinquent paying her property taxes eight of the last nine years.""",true,television ad,Taxes; Wisconsin,Dave Umhoefer,"August 12, 2011",https://www.politifact.com/factchecks/2011/aug/12/greater-wisconsin-political-fund/greater-wisconsin-political-fund-says-recall-candi/
Adam Hasner,"August 8, 2011","""George LeMieux voted against the majority of Republicans and joined with Democrats to create a 'Task Force For Responsible Fiscal Action' that looks strikingly similar to the 'Super Committee' now being set up in Washington to justify massive tax hikes.""",half-true,news release,Bipartisanship; Deficit; Federal Budget; Taxes; Florida,Becky Bowers,"August 10, 2011",https://www.politifact.com/factchecks/2011/aug/10/adam-hasner/adam-hasner-says-george-lemieux-voted-against-his-/
Ron Paul,"July 18, 2011","""In the '80s, Democrats promised spending cuts, but delivered only tax hikes.""",false,television campaign ad,National; Economy; New Hampshire 2012; Taxes,Maryalice Gill,"August 10, 2011",https://www.politifact.com/factchecks/2011/aug/10/ron-paul/ron-pau-ad-says-democrats-only-want-tax-increases/
Wisconsin Manufacturers and Commerce,"July 18, 2011","""When Nancy Nusbaum was Brown County executive, spending went up nearly 50 percent.""",mostly-true,television ad,County Budget; Taxes; Wisconsin,Dave Umhoefer,"August 5, 2011",https://www.politifact.com/factchecks/2011/aug/05/wisconsin-manufacturers-and-commerce/wisconsin-manufacturers-commerce-says-brown-county/
Raul Labrador,"July 31, 2011",Tax increases under Michigan Gov. Jennifer Granholm led to state unemployment going from 6.8 percent to 15.3 percent.,mostly-false,"interview on NBC's ""Meet the Press""",National; Economy; Jobs; State Budget; States; Taxes,Louis Jacobson,"August 4, 2011",https://www.politifact.com/factchecks/2011/aug/04/raul-labrador/raul-labrador-says-tax-hike-led-spike-michigan-une/
Barry Hinckley,"July 24, 2011","""There's no money in Social Security.""",false,appearance on Channel 6,Rhode Island; Economy; Federal Budget; Social Security; Taxes,C. Eugene Emery Jr.,"August 4, 2011",https://www.politifact.com/factchecks/2011/aug/04/barry-hinckley/gop-senate-candidate-hinckley-says-there-no-money-/
Paul Krugman,"July 31, 2011 in","""The average Republican voter thinks there should be some revenue as part of this deal.""",half-true,"on ""This Week with Christiane Amanpour.""",National; Federal Budget; Polls and Public Opinion; Pundits; This Week - ABC News; Taxes,Angie Drobnic Holan,"August 3, 2011",https://www.politifact.com/factchecks/2011/aug/03/paul-krugman/paul-krugman-said-average-republican-favors-includ/
Eric Cantor,"August 1, 2011","""There are no tax increases in this debt limit bill. Period.""",mostly-true,message on Twitter,National; Federal Budget; Taxes,Angie Drobnic Holan,"August 2, 2011",https://www.politifact.com/factchecks/2011/aug/02/eric-cantor/eric-cantor-said-there-are-no-tax-increases-debt-l/
National Republican Congressional Committee,"July 5, 2011","Says U.S. Rep. Ron Kind’s ""stimulus cost taxpayers $278,000 per job.""",false,news release,Jobs; Stimulus; Taxes; Wisconsin,Tom Kertscher,"August 1, 2011",https://www.politifact.com/factchecks/2011/aug/01/national-republican-congressional-committee/stimulus-jobs-cost-taxpayers-gop-committee-says-in/
Ron Johnson,"July 25, 2011","""The federal government is spending 25 percent of our entire economy versus 100 years ago we spent only 2 percent.""",true,television interview,Deficit; Federal Budget; Taxes; Wisconsin,Dave Umhoefer,"July 31, 2011",https://www.politifact.com/factchecks/2011/jul/31/ron-johnson/us-senator-ron-johnson-says-federal-government-spe/
Jon Huntsman,"July 4, 2011","Says that when he was governor of Utah, he worked with the state Legislature to create a flat tax that ""cut income taxes by 30 percent.""",mostly-false,house party,National; New Hampshire 2012; Taxes,Louis Jacobson,"July 28, 2011",https://www.politifact.com/factchecks/2011/jul/28/jon-huntsman/jon-huntsman-touts-record-enacting-flat-tax-how-ac/
Sheila Harsdorf,"July 1, 2011","Says Democratic recall opponent Shelly Moore ""opposes any limit on taxes.""",mostly-false,radio ad,State Budget; Taxes; Wisconsin,Dave Umhoefer,"July 27, 2011",https://www.politifact.com/factchecks/2011/jul/27/sheila-harsdorf/state-senator-sheila-harsdorf-says-recall-election/
Jessica King,"July 12, 2011","Says state Sen. Randy Hopper, R-Fond du Lac, unlike typical taxpayers, ""didn’t pay taxes""",mostly-false,TV ad,Income; Taxes; Wisconsin,Tom Kertscher,"July 26, 2011",https://www.politifact.com/factchecks/2011/jul/26/jessica-king/wisconsin-senate-recall-race-democrat-jessica-king/
Jennifer  Shilling,"June 30, 2011","The 2011-13 state budget ""cuts overall funding for public schools by $1.6 billion""",mostly-false,statement on her legislative website,Education; State Budget; Taxes; Wisconsin,Dave Umhoefer,"July 25, 2011",https://www.politifact.com/factchecks/2011/jul/25/jennifer-shilling/wisconsin-jennifer-shilling-state-budget-cut-publi/
Chris Christie,"July 12, 2011","Says the state budget ""doubled property tax credits for seniors and middle class New Jerseyans"" and had ""no tax increases for any New Jersey family for the second year in a row.""",half-true,radio ad,New Jersey; State Budget; Taxes,Erin O'Neill,"July 24, 2011",https://www.politifact.com/factchecks/2011/jul/24/chris-christie/gov-chris-christie-says-new-jersey-budget-doubled-/
Grover Norquist,"July 13, 2011","""Every time we've cut the capital gains tax, the economy has grown. Whenever we raise the capital gains tax, it's been damaged.""",false,interview on CNN,National; Economy; Taxes,Angie Drobnic Holan,"July 19, 2011",https://www.politifact.com/factchecks/2011/jul/19/grover-norquist/grover-norquist-said-economy-has-grown-or-been-dam/
Scott Walker,"July 7, 2011","""Under our (2011-’13) budget, the average (Wisconsin) property taxpayer will save $700.""",false,news release and column,State Budget; Taxes; Wisconsin,Dave Umhoefer,"July 18, 2011",https://www.politifact.com/factchecks/2011/jul/18/scott-walker/gov-scott-walker-says-average-property-tax-payer-w/
Barack Obama,"July 15, 2011","""The clear majority of Republican voters think that any deficit reduction package should have a balanced approach and should include some revenues.""",mostly-false,press conference,National; Federal Budget; Polls and Public Opinion; Taxes,Angie Drobnic Holan,"July 15, 2011",https://www.politifact.com/factchecks/2011/jul/15/barack-obama/barack-obama-said-clear-majority-republican-voters/
Barack Obama,"July 15, 2011","""Eighty percent of the American people support an approach (to federal budget problems) that includes revenues and includes cuts.""",mostly-true,press conference,National; Federal Budget; Polls and Public Opinion; Taxes,Angie Drobnic Holan,"July 15, 2011",https://www.politifact.com/factchecks/2011/jul/15/barack-obama/barack-obama-said-80-percent-americans-favor-both-/
Gary Johnson,"July 14, 2011","""New Mexico is the second Hollywood"" because of tax incentives for the film industry.",half-true,"interview with the 'New Hampshire Business Review""",National; Economy; New Hampshire 2012; Taxes,John Gregg,"July 15, 2011",https://www.politifact.com/factchecks/2011/jul/15/gary-johnson/gary-johnson-says-tax-breaks-made-new-mexico-secon/
Eddie Rodriguez,"June 22, 2011",Says Texas is the only state that exempts jet fuel from its state motor fuels tax.,false,forum.,State Budget; Taxes; Texas,W. Gardner Selby,"July 15, 2011",https://www.politifact.com/factchecks/2011/jul/15/eddie-rodriguez/eddie-rodriguez-says-texas-only-state-exempts-jet-/
Crossroads GPS,"July 14, 2011","""Our country's got this huge debt, and (President Barack) Obama says raise taxes and keep spending more.""",half-true,television ad,National; Deficit; Economy; Federal Budget; Taxes,Louis Jacobson,"July 14, 2011",https://www.politifact.com/factchecks/2011/jul/14/crossroads-gps/crossroads-gps-says-barack-obama-wants-raise-taxes/
Cory Booker,"July 6, 2011","Says for the first time in the history of the United States, the government cut taxes during wartime",mostly-true,interview on NPR’s “Tell Me More” with Michel Martin,Afghanistan; New Jersey; Bush Administration; Corrections and Updates; Iraq; Taxes,Erin O'Neill,"July 14, 2011",https://www.politifact.com/factchecks/2011/jul/14/cory-booker/newark-mayor-cory-booker-says-first-time-history-u/
Timothy Geithner,"June 24, 2011","For people in the top 1 percent for income, ""your effective tax burden is in the low 20s, the lowest it’s been in decades and decades and decades -- lower than somebody who might make substantially less money.""",half-true,speech at Dartmouth College,National; New Hampshire 2012; Taxes,Jeffrey Good,"July 12, 2011",https://www.politifact.com/factchecks/2011/jul/12/timothy-geithner/geithner-says-top-1-percent-have-tax-rate-low-20s/
Steve Oroho,"June 29, 2011","Because of Democratic tax hikes, New Jersey ended a decade with fewer private sector jobs for the first time in recorded history.",mostly-false,press release from Sen. Steve Oroho (R-Sussex),New Jersey; Jobs; Taxes,Bill Wichert,"July 12, 2011",https://www.politifact.com/factchecks/2011/jul/12/steve-oroho/sen-steve-oroho-claims-democratic-tax-hikes-are-bl/
John Cornyn,"July 7, 2011","""Fifty-one percent -- that is, a majority of American households -- paid no income tax in 2009. Zero. Zip. Nada.""",true,Senate floor speech,National; Taxes,Louis Jacobson,"July 8, 2011",https://www.politifact.com/factchecks/2011/jul/08/john-cornyn/john-cornyn-says-51-percent-american-households-pa/
Gary Sasse,"June 26, 2011","Rhode Island spends ""52 percent more per capita on human service programs than the national average.""",true,interview on 10 News Conference,Rhode Island; Children; Families; Health Care; Medicaid; Poverty; State Budget; Taxes,C. Eugene Emery Jr.,"July 8, 2011",https://www.politifact.com/factchecks/2011/jul/08/gary-sasse/sasse-says-rhode-island-spends-52-percent-more-cap/
Barack Obama,"July 6, 2011","Says that when President Bill Clinton raised the top tax rates to levels now proposed by Obama, the country experienced significant job growth.",half-true,Twitter Town Hall,National; Deficit; Jobs; Taxes,Robert Farley,"July 7, 2011",https://www.politifact.com/factchecks/2011/jul/07/barack-obama/obama-claims-job-rate-soared-after-clinton-raised-/
Barack Obama,"July 6, 2011","""We have provided at least 16 tax cuts to small businesses.""",mostly-true,Twitter town hall,National; Economy; Small Business; Taxes,Robert Farley,"July 7, 2011",https://www.politifact.com/factchecks/2011/jul/07/barack-obama/barack-obama-claims-credit-least-16-tax-cuts-small/
One Wisconsin Now,"June 24, 2011","Says Gov. Scott Walker’s budget ""includes tax breaks for corporations and the rich that will cost the state of Wisconsin taxpayers $2.3 billion over the next decade.""",half-true,news release,State Budget; Taxes; Wisconsin,Tom Kertscher,"July 6, 2011",https://www.politifact.com/factchecks/2011/jul/06/one-wisconsin-now/group-says-gov-scott-walkers-budget-has-tax-breaks/
Mark Warner,"June 27, 2011","""If you look at our tax mix, the share of corporate revenues as a percentage of our overall revenue mix has declined by about half over the last 30 years.""",half-true,interview with The Wall Street Journal.,Corporations; Deficit; Federal Budget; Taxes; Virginia,Jacob Geiger,"July 2, 2011",https://www.politifact.com/factchecks/2011/jul/02/mark-warner/mark-warner-says-corporate-taxes-share-us-revenue-/
Barack Obama,"June 29, 2011","""If you're a … wealthy CEO or a … hedge fund manager in America right now, your taxes are … lower than they've been since the 1950s.""",mostly-true,press conference,National; Taxes,Louis Jacobson,"June 29, 2011",https://www.politifact.com/factchecks/2011/jun/29/barack-obama/barack-obama-says-tax-rates-are-lowest-1950s-ceos-/
John Boehner,"June 24, 2011","""The American people don't want us to raise taxes.""",mostly-false,press conference,National; Polls and Public Opinion; Taxes,Angie Drobnic Holan,"June 29, 2011",https://www.politifact.com/factchecks/2011/jun/29/john-boehner/polls-taxes-show-people-favor-mixed-approach/
Michael Doherty,"May 24, 2011","""The top 1 percent of income earners pay 40 percent of all state income taxes, and those at the bottom pay little or nothing.""",true,opinion piece,New Jersey; Taxes,Caryn Shinske,"June 29, 2011",https://www.politifact.com/factchecks/2011/jun/29/michael-doherty/sen-mike-doherty-says-minority-new-jersey-income-e/
James Clyburn,"June 26, 2011","""We do not want to raise anybody's tax rates. That's never been on the table.""",mostly-false,"interview on ABC's ""This Week with Christiane Amanpour""",National; This Week - ABC News; Taxes,Louis Jacobson,"June 28, 2011",https://www.politifact.com/factchecks/2011/jun/28/james-clyburn/james-clyburn-says-democrats-do-not-want-raise-any/
Jim DeMint,"June 26, 2011","""We've got more revenue than we ever have.""",false,"interview on CNN's ""State of the Union with Candy Crowley""",National; Economy; Taxes,Louis Jacobson,"June 28, 2011",https://www.politifact.com/factchecks/2011/jun/28/jim-demint/jim-demint-says-federal-government-has-more-revenu/
Tom  Kean Jr.,"May 24, 2011","""The state’s tax burden has, according to census figures released today, cost our state another 190,000 residents in 2009.""",false,press release,New Jersey; Census; Economy; Taxes,Erin O'Neill,"June 27, 2011",https://www.politifact.com/factchecks/2011/jun/27/tom-kean-jr/state-sen-tom-kean-jr-says-new-jerseys-taxes-cause/
David Cicilline,"June 14, 2011","The WIC program ""is an incredibly cost effective program, serving nearly 10 million Americans each year and costing less than $100 per person. In my district, more than 18 percent of residents suffer from food insecurity and depend on WIC to make ends meet.""",pants-fire,speech on the floor of the House of Representatives,Rhode Island; Children; Federal Budget; Health Care; Poverty; Women; Taxes,C. Eugene Emery Jr.,"June 26, 2011",https://www.politifact.com/factchecks/2011/jun/26/david-cicilline/rep-cicilline-says-wic-costs-100-person-and-18-per/
Chris Widener,"June 7, 2011","Says tax revenue was lower than expected in May and ""that's basically a clear indication the governor's counselors are probably right -- that we are still not out of the woods yet.""",mostly-false,remarks to reporters,Ohio; Economy; State Budget; Taxes,Aaron Marshall,"June 20, 2011",https://www.politifact.com/factchecks/2011/jun/20/chris-widener/state-sen-chris-widener-says-may-tax-revenue-dip-s/
New Jersey Education Association,"May 4, 2011","""As soon as Chris Christie was governor, he gave tax cuts to millionaires.""",half-true,television ad,New Jersey; Education; State Budget; Taxes,Caryn Shinske,"June 19, 2011",https://www.politifact.com/factchecks/2011/jun/19/new-jersey-education-association/njea-ad-not-renewing-jerseys-millionaires-tax-give/
George Allen,"June 14, 2011","""The tax on job creating businesses is 35 percent in the United States, second worst in the entire world.""",mostly-true,speech.,Corporations; Economy; Jobs; Taxes; Virginia,Sean Gorman,"June 18, 2011",https://www.politifact.com/factchecks/2011/jun/18/george-allen/george-allen-says-us-corporate-tax-rate-second-hig/
Chris Christie,"May 20, 2011","Democratic tax hikes led $70 billion of wealth to leave New Jersey between 2004 and 2008, and mainly relocate to Florida, North Carolina, Virginia and Pennsylvania.",mostly-false,speech at Princeton University,New Jersey; Taxes,Bill Wichert,"June 17, 2011",https://www.politifact.com/factchecks/2011/jun/17/chris-christie/gov-chris-christie-blames-democratic-tax-fee-hikes/
Roger Williams,"June 8, 2011",Says he's signed a pledge not to raise taxes four times.,true,U.S. Senate forum.,Taxes; Texas,W. Gardner Selby,"June 16, 2011",https://www.politifact.com/factchecks/2011/jun/16/roger-williams/roger-williams-says-hes-signed-no-tax-pledge-four-/
New Jersey Assembly Democrats,"May 10, 2011","Gov. Chris Christie caused a 4.1 percent increase in property taxes in 2010, marking the highest increase since 2007.",half-true,press release,New Jersey; Taxes,Bill Wichert,"June 16, 2011",https://www.politifact.com/factchecks/2011/jun/16/new-jersey-assembly-democrats/new-jersey-democrats-say-gov-chris-christie-caused/
Newt Gingrich,"June 13, 2011","If today's economy was rebounding at the rate of the ""Reagan recovery,"" it would have created the equivalent of 25 million new jobs and raised federal revenue by $800 billion a year.",half-true,Republican presidential debate,Georgia; Economy; Federal Budget; History; Jobs; Taxes,Louis Jacobson,"June 14, 2011",https://www.politifact.com/factchecks/2011/jun/14/newt-gingrich/newt-gingrich-touts-scale-reagan-recovery-new-hamp/
Debbie Wasserman Schultz,"June 12, 2011",The Obama administration has cut taxes on small businesses 17 times.,mostly-true,interview on NBC's 'Meet the Press',National; Health Care; Small Business; Stimulus; Taxes,Robert Farley,"June 13, 2011",https://www.politifact.com/factchecks/2011/jun/13/debbie-wasserman-schultz/dnc-chair-wasserman-schultz-says-obama-has-signed-/
Steve Oroho,"May 25, 2011","""We have the highest per-pupil cost in the country.""",mostly-true,story,New Jersey; Education; Taxes,Caryn Shinske,"June 13, 2011",https://www.politifact.com/factchecks/2011/jun/13/steve-oroho/sen-steve-oroho-says-new-jersey-has-nations-highes/
Kathie Tovo,"April 29, 2011","Says the Austin City Council ""may give $4 million a year to subsidize a race track.""",mostly-true,TV ad.,City Budget; City Government; Elections; Taxes; Texas,W. Gardner Selby,"June 12, 2011",https://www.politifact.com/factchecks/2011/jun/12/kathie-tovo/kathie-tovo-says-austin-city-council-may-vote-subs/
Kim Guadagno,"May 11, 2011",Says Panasonic stayed in New Jersey because of the Business Retention and Relocation Assistance Grant (BRRAG) program.,false,radio interview on WNYC's Brian Lehrer Show,New Jersey; Economy; Jobs; Taxes,Erin O'Neill,"June 10, 2011",https://www.politifact.com/factchecks/2011/jun/10/kim-guadagno/lt-gov-kim-guadagno-says-business-retention-and-re/
John Kasich,"May 24, 2011","""We’re the seventh highest taxed state in America. And that’s not just state, it’s local as well.""",false,public appearance,Ohio; Taxes,Aaron Marshall,"June 6, 2011",https://www.politifact.com/factchecks/2011/jun/06/john-kasich/gov-john-kasich-says-ohioans-carry-seventh-heavies/
Bob McDonnell,"May 13, 2011","Virginia is ""headed towards another surplus this year, unlike most states.""",mostly-true,TV interview.,State Budget; Taxes; Virginia,Jacob Geiger,"June 4, 2011",https://www.politifact.com/factchecks/2011/jun/04/bob-mcdonnell/mcdonnell-says-virginia-among-few-state-heading-to/
Steve Moore,"May 26, 2011","""In the late 1980s, the U.S. was nearly the lowest-taxed nation in the world, and a quarter century later we're nearly the highest.""",mostly-false,column,National; History; Taxes,Louis Jacobson,"May 31, 2011",https://www.politifact.com/factchecks/2011/may/31/steve-moore/wall-street-journals-steve-moore-says-us-taxes-wer/
Tim Pawlenty,"May 23, 2011","""For decades before I was elected, governors tried and failed to get Minnesota out of the top 10 highest-taxed states in the country. I actually did it.""",half-true,speech to announce his presidential candidacy,National; History; States; Taxes,Louis Jacobson,"May 25, 2011",https://www.politifact.com/factchecks/2011/may/25/tim-pawlenty/tim-pawlenty-says-minnesota-governor-he-kept-state/
Amy Kremer,"May 17, 2011","""We bring in enough tax revenue to service our debt, pay for Medicare and Medicaid and Social Security, and then still have about $300 (billion) or $400 billion left over.""",half-true,"interview on ""The Colbert Report""",National; Deficit; Federal Budget; Medicare; Social Security; Taxes,Louis Jacobson,"May 20, 2011",https://www.politifact.com/factchecks/2011/may/20/amy-kremer/tea-party-express-amy-kremer-says-current-tax-reve/
Paul Ryan,"May 16, 2011","On taxes, President Barack Obama wants to raise ""the top rate to 44.8 percent.""",mostly-true,speech,National; Taxes,Louis Jacobson,"May 18, 2011",https://www.politifact.com/factchecks/2011/may/18/paul-ryan/paul-ryan-says-barack-obama-wants-top-tax-rate-448/
American Beverage Association,"May 11, 2011","""The new beverage tax will increase the cost of sodas, juice drinks, sports drinks, iced teas, and flavored water up to 50%.""",half-true,placard,Rhode Island; Health Care; Public Health; Taxes,C. Eugene Emery Jr.,"May 18, 2011",https://www.politifact.com/factchecks/2011/may/18/american-beverage-association/beverage-association-says-ri-tax-would-increase-su/
Steve Ogden,"April 5, 2011","Says businesses ""already pay most of the taxes.""",mostly-true,comments to reporters on Texas Senate floor,State Budget; Taxes; Texas,Meghan Ashford-Grooms,"May 15, 2011",https://www.politifact.com/factchecks/2011/may/15/steve-ogden/state-sen-steve-ogden-says-businesses-pay-most-tax/
John Boehner,"May 10, 2011","The Bush tax cuts ""created about 8 million jobs over the first 10 years that they were in existence. We've lost about 5 million of those jobs during this recession.""",false,"interview on NBC's ""Today"" show",National; Economy; History; Jobs; Taxes,Louis Jacobson,"May 11, 2011",https://www.politifact.com/factchecks/2011/may/11/john-boehner/john-boehner-says-bush-tax-cuts-created-8-million-/
One Wisconsin Now,"April 18, 2011","""Two-thirds of Wisconsin corporations don't pay state income taxes.""",mostly-true,news release and report,Corporations; Income; Taxes; Wisconsin,Dave Umhoefer,"May 11, 2011",https://www.politifact.com/factchecks/2011/may/11/one-wisconsin-now/one-wisconsin-now-says-two-thirds-wisconsin-corpor/
Eric Cantor,"April 27, 2011","There is ""a situation in this country where you're nearing 50 percent of people who don't even pay income taxes.""",true,"appearance on CNBC's ""Squawk Box""",Taxes; Virginia,Wes Hester,"May 9, 2011",https://www.politifact.com/factchecks/2011/may/09/eric-cantor/eric-cantor-says-almost-50-percent-americans-dont-/
Lena Taylor,"March 29, 2011","""Gov. (Scott) Walker has yet to create a job, he gives away millions to his friends, and he raises taxes on working people.""",mostly-false,news release,Jobs; Taxes; Wisconsin,Joe Carey,"May 9, 2011",https://www.politifact.com/factchecks/2011/may/09/lena-taylor/wisconsin-sen-lena-taylor-says-gov-scott-walker-ha/
Gary Johnson,"May 5, 2011","""We have the highest corporate income tax in the world right now.""",mostly-true,Republican presidential debate,National; Taxes,Louis Jacobson,"May 6, 2011",https://www.politifact.com/factchecks/2011/may/06/gary-johnson/gary-johnson-says-us-has-highest-corporate-income-/
Saxby Chambliss,"March 28, 2011","Says the Internal Revenue Service estimated it must hire ""16,500 agents at a cost of $10 billion to the taxpayer"" to enforce the federal health care overhaul.",false,letter to a constituent,Georgia; Health Care; Taxes,Willoughby Mariano,"May 4, 2011",https://www.politifact.com/factchecks/2011/may/04/saxby-chambliss/us-sen-chambliss-says-16500-irs-agents-needed-heal/
Gerry Connolly,"April 15, 2011","Rep. Paul Ryan’s Medicare plan ""lines the pockets of the private insurance companies,"" increases costs for seniors and does not reduce the deficit.",half-true,press release.,Deficit; Federal Budget; Medicare; Taxes; Virginia,Jacob Geiger,"April 30, 2011",https://www.politifact.com/factchecks/2011/apr/30/gerry-connolly/gerry-connolly-says-gop-medicare-plan-would-line-p/
Dennis Kucinich,"April 13, 2011","The Bush tax cuts ""helped to create a substantial part of the deficit.""",true,radio interview,Ohio; Bush Administration; Deficit; Taxes,Tom Feran,"April 29, 2011",https://www.politifact.com/factchecks/2011/apr/29/dennis-kucinich/rep-dennis-kucinich-says-bush-tax-cuts-caused-subs/
Barack Obama,"April 14, 2011","Says Paul Ryan ""voted for two wars that were unpaid for, voted for the Bush tax cuts that were unpaid for, voted for the prescription drug bill that cost as much as my health care bill -- but wasn't paid for.""",mostly-true,remarks at a campaign fundraiser,Afghanistan; Deficit; Federal Budget; Health Care; Iraq; Taxes; Wisconsin,Dave Umhoefer,"April 27, 2011",https://www.politifact.com/factchecks/2011/apr/27/barack-obama/president-barack-obama-says-rep-paul-ryan-voted-wa/
Paul Krugman,"April 18, 2011","""Large majorities"" of the public ""oppose major changes to Medicare"" and favor higher taxes on the wealthy.",true,newspaper column,National; Federal Budget; Medicare; Polls and Public Opinion; Pundits; Taxes,Angie Drobnic Holan,"April 25, 2011",https://www.politifact.com/factchecks/2011/apr/25/paul-krugman/paul-krugman-said-large-majorities-favor-higher-ta/
Colleen Conley,"April 13, 2011","""We are the most generous in New England and New England is known for its generosity toward its welfare recipients.""",half-true,radio interview,Rhode Island; Poverty; State Budget; Taxes,C. Eugene Emery Jr.,"April 24, 2011",https://www.politifact.com/factchecks/2011/apr/24/colleen-conley/ri-tea-party-founder-says-rhode-island-most-genero/
Mark Warner,"April 17, 2011","""Right now we are spending at an all-time high, close to 25 percent of our GDP [is] being spent on the federal government. But our revenues are at an almost all-time low of about 15 percent [of GDP].""",true,TV appearance.,Deficit; Economy; Federal Budget; Taxes; Virginia,Jacob Geiger,"April 22, 2011",https://www.politifact.com/factchecks/2011/apr/22/mark-warner/mark-warner-says-federal-spending-near-all-time-hi/
Rachel Maddow,"April 12, 2011","Says Texas routinely gets ""a lot more federal spending"" than it pays in taxes.",mostly-true,episode of The Rachel Maddow Show.,Federal Budget; Pundits; Taxes; Texas,Ciara O'Rourke,"April 22, 2011",https://www.politifact.com/factchecks/2011/apr/22/rachel-maddow/msnbc-host-rachel-maddow-says-texas-routinely-rece/
Republican Party of Virginia,"April 18, 2011",Tim Kaine broke a campaign promise not to raise taxes.,mostly-false,website post.,State Budget; Taxes; Virginia,Sean Gorman,"April 21, 2011",https://www.politifact.com/factchecks/2011/apr/21/republican-party-virginia/virginia-republicans-say-tim-kaine-broke-campaign-/
Marcy Kaptur,"April 6, 2011","General Electric ""hasn't really created any jobs in this country, doesn't  pay any taxes, and they're making historic profits.""",half-true,radio interview,Ohio; Corporations; Deficit; Federal Budget; Taxes,Stephen Koff,"April 20, 2011",https://www.politifact.com/factchecks/2011/apr/20/marcy-kaptur/rep-marcy-kaptur-says-ge-pays-no-taxes-and-creates/
Tom Graves,"April 13, 2011","""America's wealthiest 25 percent pay 86 percent of total income taxes. Wealthiest 5 percent pay 60 percent of total income taxes.""",true,Twitter post,Georgia; Taxes,Eric Stirgus,"April 20, 2011",https://www.politifact.com/factchecks/2011/apr/20/tom-graves/tax-burden-overwhelmingly-wealthy-congressman-says/
Chris  Hayes,"April 15, 2011","According to David Cay Johnston, ""the average American pays about 22 percent of their income to federal taxes. The richest 400 Americans … pay about 16 percent of their income to federal taxes.""",half-true,"interview on MSNBC's ""The Rachel Maddow Show""",National; Pundits; Taxes,Louis Jacobson,"April 19, 2011",https://www.politifact.com/factchecks/2011/apr/19/chris-hayes/journalist-chris-hayes-says-average-american-pays-/
Joe Walsh,"April 17, 2011","""Every time we've cut taxes, revenues have gone up, the economy has grown.""",false,"interview on ""This Week with Christiane Amanpour""",National; Economy; Federal Budget; This Week - ABC News; Taxes,Angie Drobnic Holan,"April 19, 2011",https://www.politifact.com/factchecks/2011/apr/19/joe-walsh/rep-joe-walsh-said-every-time-weve-cut-taxes-reven/
Michele Bachmann,"April 13, 2011","""The top 1 percent of income-earners pay about 40 percent of all taxes into the federal government.""",false,"interview on NBC's ""Today"" show",National; Federal Budget; Taxes,Louis Jacobson,"April 18, 2011",https://www.politifact.com/factchecks/2011/apr/18/michele-bachmann/michele-bachmann-says-top-1-percent-pay-40-percent/
Reince Priebus,"April 14, 2011","""Americans will pay more in taxes in 2011 than they will spend on groceries, clothing and shelter combined.""",half-true,fundraising e-mail,National; Economy; Taxes,Louis Jacobson,"April 18, 2011",https://www.politifact.com/factchecks/2011/apr/18/reince-priebus/reince-priebus-says-americans-pay-more-taxes-groce/
George Allen,"April 5, 2011","Tim Kaine proposed ""over $6 billion in tax increases from the time he entered the governor’s mansion until the time he left.""",half-true,e-mail.,State Budget; Taxes; Virginia,Jacob Geiger,"April 16, 2011",https://www.politifact.com/factchecks/2011/apr/16/george-allen/george-allen-says-tim-kaine-proposed-6-billion-tax/
Saxby Chambliss,"March 30, 2011","""When we lower tax rates, we generate more in revenues. That happened in '86 with the Reagan plan, happened in 2001, following the Bush plan.""",half-true,interview,Georgia; Federal Budget; Taxes,Eric Stirgus,"April 15, 2011",https://www.politifact.com/factchecks/2011/apr/15/saxby-chambliss/chambliss-makes-case-tax-cuts-citing-reagan-and-bu/
Jim Moran,"February 10, 2011","""Over the past decade, the big five oil companies --- BP, Chevron, ConocoPhillips, ExxonMobil and Shell -- made a total profit of nearly $1 trillion.""",mostly-true,news release.,Corporations; Energy; Taxes; Virginia,Sean Gorman,"April 11, 2011",https://www.politifact.com/factchecks/2011/apr/11/jim-moran/rep-jim-moran-says-top-five-oil-us-companies-raked/
Marco Rubio,"March 30, 2011","""Corporate taxes will soon be the highest in the industrialized world.""",mostly-true,“Wall Street Journal” op-ed,Corporations; Taxes; Florida,Becky Bowers,"April 4, 2011",https://www.politifact.com/factchecks/2011/apr/04/marco-rubio/sen-marco-rubio-says-united-states-will-soon-have-/
James Cenerini,"March 24, 2011","When you compare our state pension system ""to other systems throughout the country, our benefits are not gold-plated. They are not rich. They are actually average or below average.""",half-true,testimony before the Rhode Island Senate Finance Committee,Rhode Island; Retirement; State Budget; Workers; Taxes,C. Eugene Emery Jr.,"April 3, 2011",https://www.politifact.com/factchecks/2011/apr/03/james-cenerini/state-union-lobbyist-says-rhode-island-pension-ben/
J.D. Alexander,"March 28, 2011","Says the Southwest Florida Water Management District has $850 million in reserves, enough money in savings to run without levying taxes for more than two years.",false,comments to reporters,Water; Taxes; Florida,Aaron Sharockman,"April 1, 2011",https://www.politifact.com/factchecks/2011/apr/01/jd-alexander/senate-budget-chief-criticizes-water-management-di/
Chris Abele,"March 18, 2011",Says Jeff Stone = Scott Walker.,mostly-true,television ad,Candidate Biography; State Budget; Taxes; Wisconsin,Dave Umhoefer,"March 30, 2011",https://www.politifact.com/factchecks/2011/mar/30/chris-abele/milwaukee-county-executive-candidate-chris-abele-s/
Bill Nelson,"March 17, 2011","""The entire state of Florida led the nation last year with the most prison inmates committing tax fraud.""",true,letter to IRS Commissioner Douglas Shulman,Corrections and Updates; Crime; Taxes; Florida,Laura  Figueroa,"March 24, 2011",https://www.politifact.com/factchecks/2011/mar/24/bill-nelson/sen-bill-nelson-says-florida-leads-nation-prisoner/
Rick Perry,"March 7, 2011","Says the state’s budget shortfall is ""not that much different"" than it was in 2003.",false,comment to reporters.,State Budget; Taxes; Texas,W. Gardner Selby,"March 22, 2011",https://www.politifact.com/factchecks/2011/mar/22/rick-perry/rick-perry-says-2011-budget-shortfall-isnt-much-di/
Rick Perry,"March 9, 2011","Says a ""rather extraordinary amount of non-classroom employees"" were added by Texas school districts over the last decade.",mostly-true,comment to reporters.,State Budget; Taxes; Texas,W. Gardner Selby,"March 21, 2011",https://www.politifact.com/factchecks/2011/mar/21/rick-perry/rick-perry-says-there-was-extraordinary-growth-non/
Tobias Read,"March 10, 2011","Says Oregon is ""near the top or at the top of the list"" when it comes to capital gains tax",true,legislative hearing,Oregon; State Budget; Taxes,Ian K. Kullgren,"March 21, 2011",https://www.politifact.com/factchecks/2011/mar/21/tobias-read/tobias-read-says-oregon-has-one-highest-capital-ga/
Rick Perry,"March 14, 2011","Says the state’s rainy day fund is ""our insurance policy against a major natural disaster.""",mostly-false,conference call.,State Budget; Taxes; Texas,W. Gardner Selby,"March 18, 2011",https://www.politifact.com/factchecks/2011/mar/18/rick-perry/rick-perry-says-rainy-day-fund-insurance-policy-de/
Andy Gardiner,"March 15, 2011","A proposed revenue smart cap ""gives Floridians a voice, requiring a 60 percent vote by citizens in order to impose a new tax, fee, license, fine, charge or assessment.""",false,press statement.,State Budget; Taxes; Florida,Aaron Sharockman,"March 16, 2011",https://www.politifact.com/factchecks/2011/mar/16/andy-gardiner/majority-leader-andy-gardiner-says-smart-cap-bill-/
Marcia Fudge,"March 1, 2011","""There are corporations in this nation, some of the biggest corporations in this nation, who do not pay taxes.""",true,interview on C-SPAN,Ohio; Corporations; Federal Budget; Taxes,Sabrina  Eaton,"March 15, 2011",https://www.politifact.com/factchecks/2011/mar/15/marcia-fudge/rep-marcia-fudge-says-some-largest-corporations-pa/
Paul Krugman,"February 28, 2011",Says taxes paid by the poorest residents of Texas are above the national average.,true,op-ed column.,Income; Taxes; Texas,W. Gardner Selby,"March 14, 2011",https://www.politifact.com/factchecks/2011/mar/14/paul-krugman/paul-krugman-says-poorest-40-percent-texans-pay-mo/
National Republican Senatorial Committee,"February 1, 2011","Says Sen. Sherrod Brown admitted ""that his $787 billion stimulus law failed"" and ""after specifically attacking Republicans for wanting to lower Americans' taxes, (he) now claims that his stimulus bill 'didn't do enough' to lower taxes.""",half-true,news release,Ohio; Stimulus; Taxes,Tom Feran,"March 9, 2011",https://www.politifact.com/factchecks/2011/mar/09/national-republican-senatorial-committee/nrsc-raps-sen-sherrod-brown-admitting-stimulus-law/
Alan Grayson,"March 8, 2011",Says Florida Gov. Rick Scott’s cuts to education are the same as his proposed corporate income tax rate reduction.,mostly-false,comments on MSNBC.,Education; State Budget; Taxes; Florida,Aaron Sharockman,"March 9, 2011",https://www.politifact.com/factchecks/2011/mar/09/alan-grayson/alan-grayson-returns-msnbc-stage-criticizes-gov-ri/
Rick Scott,"March 8, 2011","Bing Energy said it decided to move to Florida because of Gov. Rick Scott’s ""plan to eliminate the corporate tax.""",half-true,his State of the State speech,Economy; State Budget; Taxes; Florida,Angie Drobnic Holan,"March 9, 2011",https://www.politifact.com/factchecks/2011/mar/09/rick-scott/rick-scott-said-corporate-income-tax-fueled-Bing/
Ken Cuccinelli,"March 1, 2011","The health care bill has ""six years of costs against 10 years of tax revenue.""",half-true,appearance on Fox News.,Health Care; Taxes; Virginia,Jacob Geiger,"March 7, 2011",https://www.politifact.com/factchecks/2011/mar/07/ken-cuccinelli/ken-cuccinelli-says-health-care-law-has-six-years-/
Progressive Change Campaign Committee,"March 2, 2011","Under Gov. Scott Walker’s proposals, ""Money is being taken away from workers, and the tax breaks given to major corporations. """,mostly-true,television ad,National; Corporations; Message Machine 2010; State Budget; Workers; Taxes,Angie Drobnic Holan,"March 4, 2011",https://www.politifact.com/factchecks/2011/mar/04/progressive-change-campaign-committee/wisconsin-ad-says-workers-get-pay-take-major-corpo/
Jay Hottinger,"February 9, 2011","Says Wendy’s founder ""Dave Thomas left the state literally on his deathbed to avoid the estate tax.""",pants-fire,radio interview,Ohio; Taxes,Tom Feran,"March 2, 2011",https://www.politifact.com/factchecks/2011/mar/02/jay-hottinger/did-wendys-founder-dave-thomas-really-flee-ohios-e/
Sheldon Whitehouse,"February 13, 2011","The richest 400 taxpayers are taxed at a lower rate than a $29,000-a-year worker",mostly-true,speech,Rhode Island; Income; Taxes,C. Eugene Emery Jr.,"February 25, 2011",https://www.politifact.com/factchecks/2011/feb/25/sheldon-whitehouse/whitehouse-says-richest-400-taxpayers-taxed-lower-/
Scott Walker,"February 19, 2011","In 2009, Democratic Wisconsin state senators ""rammed through a billion-dollar tax hike in 24 hours with no public input.""",true,news release,Labor; State Budget; Taxes; Wisconsin,Tom Kertscher,"February 23, 2011",https://www.politifact.com/factchecks/2011/feb/23/scott-walker/wisconsin-gov-scott-walker-says-democratic-senator/
Donna Brazile,"February 20, 2011","""The (Wisconsin) governor has proposed tax giveaways to corporations.""",mostly-true,"interview on ""This Week with Christiane Amanpour.""",National; Corporations; Pundits; This Week - ABC News; Taxes,Angie Drobnic Holan,"February 22, 2011",https://www.politifact.com/factchecks/2011/feb/22/donna-brazile/donna-brazile-said-wisconsin-governor-proposes-tax/
Reince Priebus,"February 18, 2011","Says Wisconsin Gov. Scott Walker in his budget repair bill ""is showing that no stone goes unturned as he asks everyone to tighten their belts.""",false,statement to reporters,Labor; State Budget; Taxes; Wisconsin,James B. Nelson,"February 22, 2011",https://www.politifact.com/factchecks/2011/feb/22/reince-priebus/rnc-chairman-reince-priebus-says-wisconsin-gov-sco/
Phil King,"January 13, 2011",Says families now pay out 40 percent of their income to taxes.,mostly-false,newspaper article.,Income; Taxes; Texas,W. Gardner Selby,"February 22, 2011",https://www.politifact.com/factchecks/2011/feb/22/phil-king/phil-king-says-40-percent-family-incomes-goes-taxe/
Michele Bachmann,"February 15, 2011","The government will ""go out and buy my breast pump for my babies.""",false,"interview on ""The Laura Ingraham Show""",National; Health Care; Women; Taxes,Angie Drobnic Holan,"February 18, 2011",https://www.politifact.com/factchecks/2011/feb/18/michele-bachmann/michele-bachmann-says-government-will-buy-you-brea/
Herman Cain,"February 11, 2011","The United States is ""the only developed country in the world that has not cut its corporate tax rate.""",half-true,interview,Georgia; Corporations; Taxes,Eric Stirgus,"February 15, 2011",https://www.politifact.com/factchecks/2011/feb/15/herman-cain/obama-should-cut-corporate-tax-rate-potential-gop-/
Rick Scott,"February 3, 2011","The federal health care law is ""probably the biggest tax increase ever in the history of our country.""",false,comments during a tour of a manufacturing plant.,Health Care; Taxes; Florida,Aaron Sharockman,"February 14, 2011",https://www.politifact.com/factchecks/2011/feb/14/rick-scott/rick-scott-says-health-care-bill-biggest-tax-incre/
Chris Abele,"March 18, 2011","Says Milwaukee County elected officials drive around in luxury cars ""on your dime.""",mostly-false,television ad,Candidate Biography; State Budget; Taxes; Wisconsin,James B. Nelson,"February 14, 2011",https://www.politifact.com/factchecks/2011/feb/14/chris-abele/milwaukee-county-executive-candidate-chris-abele-s/
Mark Daniels,"February 8, 2011",A 5-cent charge on paper bags is a tax.,false,legislative hearing,Environment; Oregon; Taxes,Janie Har,"February 13, 2011",https://www.politifact.com/factchecks/2011/feb/13/mark-daniels/mark-daniels-says-oregons-proposed-paper-bag-fee-t/
Ocean State Policy Research Institute,"January 20, 2011","""The most significant driver of out-migration [from Rhode Island] is the estate tax.""",false,report,Rhode Island; Economy; State Budget; States; Taxes,C. Eugene Emery Jr.,"February 13, 2011",https://www.politifact.com/factchecks/2011/feb/13/ocean-state-policy-research-institute/ocean-state-policy-research-institute-says-rhode-i/
Jay Hottinger,,"Says Ohio is one of just 17 states with an estate tax, and it has ""the lowest threshold in the nation.""",true,,Ohio; Taxes,Tom Feran,"February 11, 2011",https://www.politifact.com/factchecks/2011/feb/11/jay-hottinger/rep-jay-hottinger-says-ohios-threshold-taxing-esta/
Rick Scott,"February 7, 2011","Says his tax and fee cuts will save households ""$540 over two years.""",mostly-false,presentations rolling out his budget.,State Budget; Taxes; Florida,Aaron Sharockman,"February 10, 2011",https://www.politifact.com/factchecks/2011/feb/10/rick-scott/rick-scotts-budget-includes-some-big-tax-cuts-not-/
Chris Abele,"January 31, 2011",Property tax exemptions can be granted to small businesses that move into Milwaukee County.,false,campaign news release,Jobs; Small Business; Taxes; Wisconsin,Dave Umhoefer,"February 9, 2011",https://www.politifact.com/factchecks/2011/feb/09/chris-abele/milwaukee-county-executive-candidate-says-property/
Americans Against Food Taxes,"February 6, 2011","""Some politicians … want to put new taxes on a lot of groceries.""",true,television commercial,National; Taxes,Louis Jacobson,"February 7, 2011",https://www.politifact.com/factchecks/2011/feb/07/americans-against-food-taxes/americans-against-food-taxes-ad-during-super-bowl-/
Barack Obama,"February 6, 2011","""I lowered taxes over the last two years.""",mostly-true,interview on Super Bowl Sunday,National; Taxes,Angie Drobnic Holan,"February 7, 2011",https://www.politifact.com/factchecks/2011/feb/07/barack-obama/barack-obama-said-he-lowered-taxes-over-past-two-y/
Barack Obama,"February 6, 2011","""I didn't raise taxes once.""",false,interview on Super Bowl Sunday,National; Taxes,Angie Drobnic Holan,"February 7, 2011",https://www.politifact.com/factchecks/2011/feb/07/barack-obama/president-barack-obama-says-he-didnt-raise-taxes/
Terry Gorman,"January 6, 2011","""Illegal aliens cost the state of Rhode Island $400 million a year.""",pants-fire,radio interview,Immigration; Rhode Island; Census; Education; Health Care; Crime; State Budget; Taxes,C. Eugene Emery Jr.,"February 6, 2011",https://www.politifact.com/factchecks/2011/feb/06/terry-gorman/gorman-says-illegal-immigrants-cost-rhode-island-4/
Ron Wyden,"February 24, 2011",Americans spend 6.1 billion hours a year complying with tax law. It costs us $163 billion to comply with our tax laws annually.,true,prepared statement,Oregon; Taxes,Charles Pope,"February 5, 2011",https://www.politifact.com/factchecks/2011/feb/05/ron-wyden/sen-ron-wyden-says-americans-spend-more-6-billion-/
Steve Moore,"February 2, 2011","In the 1980s, ""The lowest income people had the biggest gains.""",false,"HBO's ""Real Time with Bill Maher""",National; Economy; History; Income; Pundits; Taxes,Robert Farley,"February 3, 2011",https://www.politifact.com/factchecks/2011/feb/03/steve-moore/wall-street-journals-steve-moore-claims-low-income/
Rachel Maddow,"January 21, 2011","""From 1980 to 1990, the top 1 percent saw their income go up by roughly 80 percent"" while ""the median wage in the country over (the same) 10 years went up 3 percent.""",mostly-true,"HBO's ""Real Time with Bill Maher""",National; Economy; History; Income; Pundits; Taxes,Robert Farley,"February 3, 2011",https://www.politifact.com/factchecks/2011/feb/03/rachel-maddow/rachel-maddow-tanglles-wall-street-journals-steve-/
Mike Villarreal,"January 7, 2011","Says that over the last decade, the state's population grew three times faster than the Texas state tax system.",mostly-true,op-ed column.,State Budget; Taxes; Texas,W. Gardner Selby,"February 2, 2011",https://www.politifact.com/factchecks/2011/feb/02/mike-villarreal/mike-villarreal-says-texas-population-grew-three-t/
Mark Warner,"January 25, 2011",The U.S. loses more on tax breaks than it collects in personal income taxes.,true,TV interview.,Deficit; Federal Budget; Taxes; Virginia,Warren Fiske,"February 1, 2011",https://www.politifact.com/factchecks/2011/feb/01/mark-warner/mark-warner-says-us-tax-breaks-outweigh-income-tax/
One Wisconsin Now,"January 28, 2011","""Gov. Scott Walker and the Republican-controlled state legislature have added over $140 million in new special interest spending""",pants-fire,news release,Health Care; Small Business; Taxes; Wisconsin,Tom Kertscher,"February 1, 2011",https://www.politifact.com/factchecks/2011/feb/01/one-wisconsin-now/one-wisconsin-now-says-scott-walker-and-legislatur/
Americans For Tax Reform,"January 10, 2011","Recommendations for a major tax overhaul for Georgia are an ""overall tax hike.""",mostly-false,a news release.,Georgia; Taxes,Willoughby Mariano,"January 28, 2011",https://www.politifact.com/factchecks/2011/jan/28/americans-tax-reform/anti-tax-group-says-georgia-overhaul-hike/
Chris Abele,"March 18, 2011","Says he ""helped lead an outside audit that’ll save (Milwaukee County) taxpayers over $200 million.""",false,television ad,Candidate Biography; State Budget; Taxes; Wisconsin,Tom Kertscher,"January 27, 2011",https://www.politifact.com/factchecks/2011/jan/27/chris-abele/milwaukee-county-executive-candidate-chris-abele-s/
Michele Bachmann,"January 25, 2011","The federal government ""may put 16,500 IRS agents in charge of policing President Obama's health care bill.""",half-true,rebuttal to the State of the Union address,National; Federal Budget; Health Care; Taxes,Louis Jacobson,"January 26, 2011",https://www.politifact.com/factchecks/2011/jan/26/michele-bachmann/michele-bachmann-repeats-claim-health-care-bill-wi/
Cory Mason,"January 13, 2011","""Republican (small business tax cut) bill spends $80 million for better Google searches, not job creation""",mostly-false,news release,Small Business; Taxes; Wisconsin,Tom Kertscher,"January 26, 2011",https://www.politifact.com/factchecks/2011/jan/26/cory-mason/wisconsin-state-rep-cory-mason-says-republican-bil/
Barack Obama,"January 25, 2011","The United States has ""one of the highest corporate tax rates in the world.""",true,State of the Union address,National; Corporations; Economy; Taxes,Louis Jacobson,"January 26, 2011",https://www.politifact.com/factchecks/2011/jan/26/barack-obama/barack-obama-state-union-says-us-corporate-tax-rat/
Paul Krugman,"January 6, 2011","Says that ""data from the Center on Budget and Policy Priorities suggest that the Texas budget gap is worse than New York’s, about as bad as California’s, but not quite up to New Jersey levels.""",mostly-true,op-ed column.,State Budget; Taxes; Texas,W. Gardner Selby,"January 21, 2011",https://www.politifact.com/factchecks/2011/jan/21/paul-krugman/paul-krugman-compares-projected-shortfalls-texas-c/
Jay Hottinger,"January 11, 2011","""Ben Franklin once quipped that only two things in life were certain: death and taxes. I think even he didn't envision that the tax man would visit on the day of your death.""",false,speech,Ohio; History; State Budget; Taxes,Tom Feran,"January 21, 2011",https://www.politifact.com/factchecks/2011/jan/21/jay-hottinger/rep-jay-hottingers-assessment-founding-father-unfo/
Scott Walker,"January 5, 2011","In Wisconsin, 98 percent of all small businesses will qualify for income-tax relief under my plan, freeing them to expand and create jobs.",false,news release,Small Business; Taxes; Wisconsin,Dave Umhoefer,"January 18, 2011",https://www.politifact.com/factchecks/2011/jan/18/scott-walker/wisconsin-gov-scott-walker-says-his-tax-cut-plan-w/
Robert Flanders,"December 17, 2010","""Every dropout costs us $72,000 for the life of that person.""",half-true,economic forum,Rhode Island; Economy; Education; Taxes,C. Eugene Emery Jr.,"January 16, 2011",https://www.politifact.com/factchecks/2011/jan/16/robert-flanders/education-chairman-says-each-high-school-dropout-c/
Eric Cantor,"January 6, 2011","The health care reform law ""offset[s] 6 years of benefits with 10 years of tax increases.""",half-true,statement.,Health Care; Taxes; Virginia,Wes Hester,"January 15, 2011",https://www.politifact.com/factchecks/2011/jan/15/eric-cantor/cantor-says-health-care-reform-collects-1o-years-t/
Chris Abele,"March 18, 2011","""I have fought for our shared values without being an ideologue or a partisan""",mostly-false,television ad,Candidate Biography; State Budget; Taxes; Wisconsin,Dave Umhoefer,"January 13, 2011",https://www.politifact.com/factchecks/2011/jan/13/chris-abele/milwaukee-county-executive-candidate-chris-abele-s/
Lloyd  Doggett,"December 12, 2010","""The richest 1 percent of America will get a bigger tax cut through this bill than the family income of the average family here in Central Texas.""",mostly-true,interview.,Taxes; Texas,W. Gardner Selby,"January 7, 2011",https://www.politifact.com/factchecks/2011/jan/07/lloyd-doggett/lloyd-doggett-says-richest-americans-getting-bigge/
Pat Toomey,"January 2, 2011","""We have the highest (corporate tax rates) in the world right now.""",mostly-true,"interview on NBC's ""Meet the Press""",National; Taxes,Louis Jacobson,"January 3, 2011",https://www.politifact.com/factchecks/2011/jan/03/pat-toomey/pat-toomey-says-us-has-highest-corporate-tax-rates/
Mary  Olson,"December 8, 2010","Says ""there is a plan formulated by Chair (Lynn) Peterson and the cities in Clackamas County to further increase this fee in three years and split it up on projects between the county and cities.""",half-true,Clackamas County Board of Commissioners hearing,Oregon; Taxes,Janie Har,"December 31, 2010",https://www.politifact.com/factchecks/2010/dec/31/mary-olson/does-clackamas-county-plan-turn-5-year-vehicle-reg/
Bobby  Scott,"December 16, 2010","The tax-cut deal ""adds more than $800 billion to the deficit over two years -- more than the cost of TARP and more than the cost of the Recovery Act"" and about the same as health care reform.",mostly-true,news release.,Deficit; Federal Budget; Health Care; Stimulus; Taxes; Virginia,Wes Hester,"December 27, 2010",https://www.politifact.com/factchecks/2010/dec/27/bobby-scott/rep-bobby-scott-says-tax-deal-costs-same-health-ca/
Sherrod Brown,"December 9, 2010","The tax cut deal is giving ""$700 billion to millionaires and billionaires.""",false,CNN interview,Ohio; Deficit; Economy; Taxes,Stephen Koff,"December 15, 2010",https://www.politifact.com/factchecks/2010/dec/15/sherrod-brown/sen-sherrod-brown-overstates-amount-millionaires-a/
Bernie Sanders,"December 13, 2010","Under the compromise tax agreement, ""99.7% of American families will not pay 1 nickel in an estate tax.""",true,Twitter message,National; Taxes,Robert Farley,"December 14, 2010",https://www.politifact.com/factchecks/2010/dec/14/bernie-sanders/sen-bernie-sanders-says-997-american-families-woul/
Jim DeMint,"December 7, 2010","The Obama-GOP compromise ""raises taxes, it raises the death tax.""",mostly-false,radio interview,National; Federal Budget; Taxes,Robert Farley,"December 13, 2010",https://www.politifact.com/factchecks/2010/dec/13/jim-demint/sen-jim-demint-says-proposed-tax-compromise-includ/
Mark Brodeur,"December 2, 2010",Rhode Island spends less than 10 percent of what the average state spends promoting tourism.,mostly-true,Providence Journal story,Rhode Island; Economy; State Budget; States; Taxes,C. Eugene Emery Jr.,"December 12, 2010",https://www.politifact.com/factchecks/2010/dec/12/mark-brodeur/tourism-director-says-rhode-island-spends-just-10-/
Jim Moran,"December 2, 2010","The Bush-era tax cuts failed to increase employment and ""work-force participation fell in 2001 and has never returned to the record level set in 2000.""",mostly-true,news release.,Jobs; Taxes; Virginia,Wes Hester,"December 11, 2010",https://www.politifact.com/factchecks/2010/dec/11/jim-moran/rep-jim-moran-says-bush-tax-cuts-did-not-improve-e/
Bernie Sanders,"November 30, 2010","""Last year, ExxonMobil made $19 billion in profit. Guess what. They paid zero in taxes. They got a $156 million refund from the IRS.""",false,Senate floor speech,National; Corporations; Taxes,Louis Jacobson,"December 10, 2010",https://www.politifact.com/factchecks/2010/dec/10/bernie-sanders/bernie-sanders-filibuster-exxon-mobil/
Jim Zehringer,"November 16, 2010","""Ohio is losing over 700 family farms a year, some of them just to pay the inheritance tax.""",true,news conference,Agriculture; Ohio; Economy; Taxes,Joe Guillen,"December 9, 2010",https://www.politifact.com/factchecks/2010/dec/09/jim-zehringer/rep-jim-zehringer-point-comment-loss-family-farms-/
Barack Obama,"December 7, 2010","""There are polls showing right now that the American people for the most part think it's a bad idea to provide tax cuts to the wealthy.""",mostly-true,press conference,National; Taxes,Louis Jacobson,"December 7, 2010",https://www.politifact.com/factchecks/2010/dec/07/barack-obama/barack-obama-says-american-public-believes-its-bad/
Dennis Kucinich,"November 10, 2010","""We are giving almost $2 billion of taxpayer money to the junk food and fast food industries every year to make the (childhood obesity) epidemic worse.""",false,news release,Ohio; Consumer Safety; Food Safety; Health Care; Taxes,Tom Feran,"December 6, 2010",https://www.politifact.com/factchecks/2010/dec/06/dennis-kucinich/rep-dennis-kucinich-assails-tax-deductions-fast-fo/
Jeff Fitzgerald,"November 29, 2010","""In 2009, Jim Doyle and the Democrats rushed through a budget repair bill with billions in tax increases and held no public hearings.""",mostly-false,news release,State Budget; Taxes; Wisconsin,Dave Umhoefer,"December 5, 2010",https://www.politifact.com/factchecks/2010/dec/05/jeff-fitzgerald/jeff-fitzgerald-says-gov-jim-doyle-and-democrats-r/
National Association of Manufacturers,"December 2, 2010","Says the CBO estimates that fully extending the Bush tax cuts would add 600,000-1.4 million jobs in 2011 and 900,000-2.7 million jobs in 2012.",half-true,statement,National; Economy; Taxes,Louis Jacobson,"December 3, 2010",https://www.politifact.com/factchecks/2010/dec/03/national-association-manufacturers/national-association-manufacturers-cites-cbo-suppo/
John Boehner,"December 1, 2010","""The American people spoke pretty loudly. They said stop all the looming tax hikes....""",false,comments to reporters,National; Taxes,Louis Jacobson,"December 2, 2010",https://www.politifact.com/factchecks/2010/dec/02/john-boehner/john-boehner-says-american-people-spoke-pretty-lou/
Sarah Palin,"December 1, 2010","""Pls refer to Jan.1 tax changes appropriately: they're OBAMA TAX HIKES & they'll slam every American's savings, investments & job opportunity""",false,Twitter message,National; Taxes,Angie Drobnic Holan,"December 2, 2010",https://www.politifact.com/factchecks/2010/dec/02/sarah-palin/obama-tax-hikes-just-easily-call-them-bush-tax-hik/
National Republican Senatorial Committee,"November 30, 2010","Says Sen. Sherrod Brown voted to keep ""an extreme, job-killing Internal Revenue Service paperwork mandate.""",mostly-false,news release,Ohio; Jobs; Voting Record; Taxes,Stephen Koff,"December 2, 2010",https://www.politifact.com/factchecks/2010/dec/02/national-republican-senatorial-committee/republicans-get-early-jump-2012-campaign-season-at/
Alan Grayson,"November 17, 2010","""The Republican plan for tax cuts is to give each millionaire -- the top 1 percent of income in this country -- $83,347 a year in tax cuts.""",mostly-true,speech on the House floor.,Taxes; Florida,Aaron Sharockman,"November 30, 2010",https://www.politifact.com/factchecks/2010/nov/30/alan-grayson/alan-grayson-going-down-swinging-bush-tax-cut-exte/
Eric Cantor,"November 3, 2010",Letting the Bush tax cuts expire would raise taxes on small businesses.,mostly-false,TV interview.,Economy; Small Business; Taxes; Virginia,Warren Fiske,"November 26, 2010",https://www.politifact.com/factchecks/2010/nov/26/eric-cantor/eric-cantor-says-expiration-bush-tax-cuts-will-rai/
Sheldon Whitehouse,"September 27, 2010","""The law, right now, permits companies that close down American factories and offices and move those jobs overseas to take a tax deduction for the costs associated with moving the jobs to China or India or wherever.""",true,speech on the Senate floor.,Rhode Island; Economy; Jobs; Taxes,C. Eugene Emery Jr.,"November 21, 2010",https://www.politifact.com/factchecks/2010/nov/21/sheldon-whitehouse/whitehouse-says-companies-get-tax-break-moving-job/
Michele Bachmann,"November 16, 2010","Small businesses that have ""$250,000 in gross sales for the business. They're the ones that are looking at massive tax increases.""",pants-fire,"interview on ""Good Morning America.""",National; Small Business; Taxes,Angie Drobnic Holan,"November 17, 2010",https://www.politifact.com/factchecks/2010/nov/17/michele-bachmann/michele-bachmann-250000-gross-sales-tax-increase/
Paul Krugman,"November 14, 2010","A proposal to reduce the deficit ""involved large tax cuts for the top bracket.""",half-true,"""This Week with Christiane Amanpour""",National; Federal Budget; This Week - ABC News; Taxes,Angie Drobnic Holan,"November 17, 2010",https://www.politifact.com/factchecks/2010/nov/17/paul-krugman/paul-krugman-said-obamas-deficit-co-chairs-suggest/
Kent Conrad,"November 14, 2010","Federal spending is ""the highest it's been as a share of our economy in 60 years (and) revenue is the lowest it's been as a share of our economy in 60 years.""",true,"interview on ABC's ""This Week with Christiane Amanpour""",National; Economy; Federal Budget; This Week - ABC News; Taxes,Louis Jacobson,"November 15, 2010",https://www.politifact.com/factchecks/2010/nov/15/kent-conrad/kent-conrad-says-federal-spendings-share-gdp-60-ye/
Mark Warner,"November 11, 2010","$65 billion ""would be added to the deficit if we keep the cuts for people on the highest incomes.""",mostly-true,n Op/Ed,Federal Budget; Taxes; Virginia,Wes Hester,"November 14, 2010",https://www.politifact.com/factchecks/2010/nov/14/mark-warner/warner-says-deficit-would-grow-65-billion-if-we-ke/
Lincoln Chafee,"November 3, 2010","Experts say the property tax ""is the most harmful to economic growth and . . . the sales tax is least harmful.""",mostly-false,news conference,Rhode Island; Economy; Taxes,C. Eugene Emery Jr.,"November 14, 2010",https://www.politifact.com/factchecks/2010/nov/14/lincoln-chafee/chafee-quotes-experts-saying-sales-tax-increase-wo/
George W. Bush,"November 8, 2010","""My debt to GDP was the lowest or one of the lowest of modern presidents. My taxes to GDP was the lowest and my spending to GDP"" was too.",mostly-true,"interview on NBC's ""Today Show""",National; Deficit; Federal Budget; History; Taxes,Louis Jacobson,"November 13, 2010",https://www.politifact.com/factchecks/2010/nov/13/george-w-bush/former-president-george-w-bush-defends-his-fiscal-/
Americans For Tax Reform,"November 3, 2010","""It is a commitment voters take very seriously: The only incumbent in Ohio to break his Pledge and vote for Ted Strickland's income tax hike was defeated soundly on Tuesday.""",mostly-true,news release,Ohio; Elections; Taxes,Aaron Marshall,"November 12, 2010",https://www.politifact.com/factchecks/2010/nov/12/americans-tax-reform/anti-tax-group-says-lone-ohio-incumbent-break-tax-/
Chain email,"October 31, 2010","""Pres. Obama's finance team is recommending a . . . 1% tax on all transactions at any financial institution.""",pants-fire,message via the Internet,Rhode Island; Deficit; Economy; Taxes,C. Eugene Emery Jr.,"November 12, 2010",https://www.politifact.com/factchecks/2010/nov/12/chain-email/e-mail-claims-obamas-financial-team-wants-1-percen/
George Voinovich,"November 8, 2010",Says that the federal gas tax has not been raised since 1993.,true,news release,Ohio; Infrastructure; Jobs; Transportation; Taxes,Stephen Koff,"November 11, 2010",https://www.politifact.com/factchecks/2010/nov/11/george-voinovich/sen-george-voinovich-suggests-25-cent-increase-rev/
Tim Kaine,"September 19, 2010","Republican plan to extend Bush tax cuts ""would double deficit projections going forward for the next couple of decades.""",mostly-true,TV interview.,Deficit; Federal Budget; Taxes; Virginia,Warren Fiske,"November 11, 2010",https://www.politifact.com/factchecks/2010/nov/11/tim-kaine/kaine-says-republican-effort-extend-bush-tax-cuts-/
Mike Pence,"November 7, 2010","""Anybody who is familiar with the historical data from the IRS knows that raising income tax rates will likely actually reduce federal revenues.""",false,"interview on ""This Week with Christiane Amanpour.""",National; This Week - ABC News; Taxes,Angie Drobnic Holan,"November 9, 2010",https://www.politifact.com/factchecks/2010/nov/09/mike-pence/mike-pence-says-raising-taxes-lowers-tax-revenues/
Bobby  Scott,"October 12, 2010","""If all of the [Bush-era] tax cuts expire on schedule, the budget will be close to being balanced in four years.""",false,statement,Deficit; Federal Budget; Taxes; Virginia,Wes Hester,"November 5, 2010",https://www.politifact.com/factchecks/2010/nov/05/bobby-scott/bobby-scott-said-budget-will-be-close-balanced-fou/
Rick Perry,"October 15, 2010",Says he has a track record of not raising taxes.,false,interview,Taxes; Texas,Meghan Ashford-Grooms,"November 1, 2010",https://www.politifact.com/factchecks/2010/nov/01/rick-perry/gov-rick-perry-says-he-has-track-record-not-raisin/
Matt Wand,"October 24, 2010",Says Nick Kahl made it harder for many families to cover basic health care expenses.,mostly-false,campaign mailer,Oregon; Health Care; Taxes,Ian K. Kullgren,"October 31, 2010",https://www.politifact.com/factchecks/2010/oct/31/matt-wand/republicans-try-turn-health-care-tax-and-children-/
Valinda Bolton,"October 29, 2010","""Paul Workman wants to raise the sales tax.""",false,mailer,Taxes; Texas,Ciara O'Rourke,"October 31, 2010",https://www.politifact.com/factchecks/2010/oct/31/valinda-bolton/rep-valinda-bolton-says-paul-workman-wants-raise-s/
Jason Isaac,"October 17, 2010","Patrick Rose ""voted to explore a state income tax.""",pants-fire,TV ad.,Message Machine 2010; Voting Record; Taxes; Texas,W. Gardner Selby,"October 30, 2010",https://www.politifact.com/factchecks/2010/oct/30/jason-isaac/jason-isaac-says-patrick-rose-voted-explore-state-/
Wisconsin Manufacturers and Commerce,"October 29, 2010","Says four Democratic state senators voted to ""raise taxes on Wisconsin workers by another $510 a month so freeloaders can get free state-run health care.""",half-true,campaign TV ad,Health Care; Message Machine 2010; Taxes; Wisconsin,Tom Kertscher,"October 30, 2010",https://www.politifact.com/factchecks/2010/oct/30/wisconsin-manufacturers-and-commerce/group-says-four-wisconsin-senators-voted-raise-tax/
Taxpayer Association of Oregon,"October 29, 2010","Says ""Richard Devlin raised your taxes by $1 billion in a single day.""",half-true,campaign mailer,Oregon; Taxes,Janie Har,"October 30, 2010",https://www.politifact.com/factchecks/2010/oct/30/taxpayer-association-oregon/anti-tax-group-claims-richard-devlin-raised-taxes-/
Jeff Brandes,"October 12, 2010","Bill Heller ""raises taxes. Property taxes. Small business taxes. He even wants to tax the Internet. Mr. Heller said no to balancing the federal budget, that puts more debt on our kids.""",mostly-true,campaign video,Message Machine 2010; Taxes; Florida,David DeCamp,"October 28, 2010",https://www.politifact.com/factchecks/2010/oct/28/jeff-brandes/jeff-brandes-accuses-incumbent-state-rep-bill-hell/
American Federation for Children,"October 27, 2010","Says state Senate candidate ""Monk Elmer voted to exceed the (school district property tax) spending caps.""",pants-fire,direct mail campaign piece,Education; Message Machine 2010; Taxes; Wisconsin,James B. Nelson,"October 28, 2010",https://www.politifact.com/factchecks/2010/oct/28/american-federation-children/group-says-state-senate-candidate-monk-elmer-voted/
Lloyd  Doggett,"October 27, 2010","""Donna Campbell has called for ending all federal funding for education""",mostly-true,campaign mailer,Education; Federal Budget; Taxes; Texas,Ciara O'Rourke,"October 28, 2010",https://www.politifact.com/factchecks/2010/oct/28/lloyd-doggett/rep-lloyd-doggett-says-donna-campbell-has-called-e/
Tom Perriello,"August 18, 2010","Says Robert Hurt ""supports the tax loopholes that send American jobs overseas.""",false,TV ad,Economy; Jobs; Message Machine 2010; Taxes; Virginia,Michael Martz,"October 25, 2010",https://www.politifact.com/factchecks/2010/oct/25/tom-perriello/perriello-hurt-taxpayer-pledge-loophole-overseas/
Kendrick Meek,"October 24, 2010","""Middle-class families throughout America (would) have to pay $6,000 per year"" to pay for tax cuts for the wealthy.",false,debate,Federal Budget; Taxes; Florida,Angie Drobnic Holan,"October 24, 2010",https://www.politifact.com/factchecks/2010/oct/24/kendrick-meek/kendrick-meek-said-tax-cuts-wealthy-would-cost-mid/
Chris Dudley,"October 14, 2010",Says John Kitzhaber wants a sales tax so people without jobs pay taxes.,pants-fire,television ad,Oregon; Jobs; Message Machine 2010; Taxes,Janie Har,"October 23, 2010",https://www.politifact.com/factchecks/2010/oct/23/chris-dudley/chris-dudley-says-john-kitzhaber-wants-sales-tax-s/
Kathie Glass,"October 19, 2010","Says Rick Perry recently said he ""wanted another (Texas) business tax.""",pants-fire,debate.,State Budget; Taxes; Texas,W. Gardner Selby,"October 23, 2010",https://www.politifact.com/factchecks/2010/oct/23/kathie-glass/kathie-glass-says-rick-perry-told-houston-newspape/
SEIU,"October 20, 2010","""You worked hard for your money and you paid your taxes when you earned it. Now, (Indiana Republican congressional candidate) Todd Young wants to tax it again when you spend it.""",half-true,campaign commercial,National; Message Machine 2010; Retirement; Taxes,Louis Jacobson,"October 21, 2010",https://www.politifact.com/factchecks/2010/oct/21/service-employees-international-union-committee-po/seiu-blasts-indiana-gop-challenger-todd-young-over/
Chain email,"October 7, 2010",Says Texas voters are being asked to act this November on a proposed constitutional amendment affecting property taxes.,pants-fire,chain e-mail.,Elections; Taxes; Texas,W. Gardner Selby,"October 21, 2010",https://www.politifact.com/factchecks/2010/oct/21/chain-email/chain-e-mail-says-voters-should-beware-texas-propo/
Alexi Giannoulias,"October 15, 2010","""Mark Kirk: Lied about going to war. Opposed middle class tax cuts. And said unemployment’s not that big an issue.""",mostly-false,TV ad,National; Candidate Biography; Economy; Message Machine 2010; Military; Taxes,Robert Farley,"October 19, 2010",https://www.politifact.com/factchecks/2010/oct/19/alexi-giannoulias/alexi-giannoulias-attacks-mark-kirk-oon-issue-tax-/
Jack Conway,"October 15, 2010","Rand Paul wants ""to end all federal faith-based initiatives, and even end the deduction for religious charities.""",mostly-true,campaign commercial,National; Message Machine 2010; Religion; Taxes,Louis Jacobson,"October 19, 2010",https://www.politifact.com/factchecks/2010/oct/19/jack-conway/jack-conway-says-rand-paul-would-end-faith-based-i/
Scott Bruun,"October 8, 2010","Says Kurt Schrader ""cast the deciding vote that failed to extend tax cuts for Oregon’s middle-class families and small businesses.""",false,e-mail,Oregon; Taxes,Ian K. Kullgren,"October 19, 2010",https://www.politifact.com/factchecks/2010/oct/19/scott-bruun/scott-bruun-says-kurt-schrader-was-deciding-vote-n/
Blanche Lincoln,"September 20, 2010","""John Boozman is excited about putting a 23 percent national sales tax on everything you buy.""",half-true,TV ad,National; Message Machine 2010; Taxes,Robert Farley,"October 15, 2010",https://www.politifact.com/factchecks/2010/oct/15/blanche-lincoln/blanche-lincoln-ad-highlights-23-percent-sales-tax/
Casey Cagle,"September 5, 2010",Georgia lawmakers balanced the budget without raising taxes on residents.,mostly-true,speech,Georgia; Taxes,Eric Stirgus,"October 15, 2010",https://www.politifact.com/factchecks/2010/oct/15/casey-cagle/cagle-budget-claim-gets-scrutiny/
Jeff  Atwater,"October 13, 2010","Loranne ""Ausley's a financial train wreck for taxpayers -- pushing gas taxes, property taxes, taxes on seniors.""",false,TV ad.,Message Machine 2010; Taxes; Florida,Aaron Sharockman,"October 14, 2010",https://www.politifact.com/factchecks/2010/oct/14/jeff-atwater/loranne-ausleys-tax-record-center-stage-state-cfo-/
Christine O'Donnell,"October 11, 2010","""One man (New Castle, Del., County Executive, Chris Coons) thought property taxes should be hiked almost 50 percent.""",mostly-true,campaign video,National; Message Machine 2010; Taxes,Robert Farley,"October 13, 2010",https://www.politifact.com/factchecks/2010/oct/13/christine-odonnell/christine-odonnell-ad-accuses-chris-coons-proposin/
Christine O'Donnell,"October 11, 2010","Delaware Democratic Senate candidate Chris Coons ""thought that a 911 call should be taxed.""",mostly-false,campaign commercial,National; Message Machine 2010; Public Safety; Technology; Taxes,Louis Jacobson,"October 13, 2010",https://www.politifact.com/factchecks/2010/oct/13/christine-odonnell/christine-odonnell-attacks-chris-coons-raising-tax/
John Kasich,"October 4, 2010","""(Strickland) raised taxes last year to the tune of $840 million.""",mostly-true,news conference,Ohio; Taxes,Reginald Fields,"October 13, 2010",https://www.politifact.com/factchecks/2010/oct/13/john-kasich/gop-challengers-labels-ohio-gov-ted-stricklands-ta/
Rick Perry,"September 15, 2010","""Houston suffered $1.7 billion in operating losses under Mayor Bill White.""",half-true,television ad,Economy; Message Machine 2010; Taxes; Texas,Meghan Ashford-Grooms,"October 13, 2010",https://www.politifact.com/factchecks/2010/oct/13/rick-perry/rick-perry-says-houston-had-17-billion-operating-l/
Armond Budish,"September 22, 2010","""Never once did they (House Republicans) actually cut spending or reduce the state budget. Even when they cut taxes in 2005, they increased spending.  They never paid for their tax cuts.""",mostly-true,news conference,Ohio; State Budget; Taxes,Aaron Marshall,"October 12, 2010",https://www.politifact.com/factchecks/2010/oct/12/armond-budish/ohio-house-speaker-armond-budish-raps-republicans-/
Allen Boyd,"September 27, 2010","""Steve Southerland did not pay his taxes in '05, '06, '07, '08 or '09.""",false,TV ad,Message Machine 2010; Taxes; Florida,Robert Farley,"October 11, 2010",https://www.politifact.com/factchecks/2010/oct/11/allen-boyd/allen-boyd-campaign-ad-claims-steve-southerland-di/
Leah Vukmir,"October 9, 2010","In 2009, ""the state Legislature passed more than $5 billion in tax increases.""",false,campaign brochure distributed door to door,Message Machine 2010; State Budget; Taxes; Wisconsin,Tom Kertscher,"October 11, 2010",https://www.politifact.com/factchecks/2010/oct/11/leah-vukmir/gop-state-senate-candidate-leah-vukmir-says-legisl/
Patrick Rose,"September 24, 2010","Says Republican opponent Jason Isaac is peddling a plan meaning Texans ""would pay the highest sales taxes in America, up to 14.5 percent.""",mostly-false,TV ad.,Message Machine 2010; Taxes; Texas,W. Gardner Selby,"October 9, 2010",https://www.politifact.com/factchecks/2010/oct/09/patrick-rose/state-rep-patrick-rose-says-gop-challegner-jason-i/
Marco Rubio,"October 6, 2010","""The years that I was speaker, the Florida House consistently offered leaner budgets than the governor offered.""",mostly-true,ABC News U.S. Senate debate.,State Budget; Taxes; Florida,Aaron Sharockman,"October 8, 2010",https://www.politifact.com/factchecks/2010/oct/08/marco-rubio/marco-rubio-counters-earmark-attacks-says-he-propo/
Blue Oregon,"September 30, 2010","Says ""Rep. Jim Weidner proposed a bill taking away health care for 80,000 of Oregon's children.""",true,website posting,Oregon; Health Care; Taxes,Ian K. Kullgren,"October 8, 2010",https://www.politifact.com/factchecks/2010/oct/08/blue-oregon/liberal-website-says-rep-jim-weidner-tried-take-he/
Ohio Democratic Party,"October 6, 2010","""Tom Ganley supports a 23 percent national sales tax that would raise taxes on the middle class while giving a huge tax break to millionaires like himself.""",mostly-false,statement posted on a website,Ohio; Taxes,Tom Feran,"October 6, 2010",https://www.politifact.com/factchecks/2010/oct/06/ohio-democratic-party/ohio-democratic-party-charges-tom-ganley-supports-/
Lynn Howe,"October 5, 2010",Says Sal Esquivel wants a 5 percent state sales tax on groceries.,pants-fire,campaign mailer,Oregon; Taxes,Janie Har,"October 6, 2010",https://www.politifact.com/factchecks/2010/oct/06/lynn-howe/lynn-howe-says-sal-esquivel-wants-tax-milk-bread-e/
American Crossroads,"September 22, 2010","Says Lee Fisher ""wanted a $1.1 billion tax increase which could have driven countless jobs out of state.""",half-true,election ad,Ohio; Economy; Message Machine 2010; Stimulus; Taxes,Tom Feran,"October 5, 2010",https://www.politifact.com/factchecks/2010/oct/05/american-crossroads/american-crossroads-attacks-lee-fisher-support-11-/
Promote Oregon Leadership PAC (Oregon House Republicans),"September 27, 2010",Says Will Rasmussen supported a sales tax as recently as last spring.,false,e-mail,Oregon; Taxes,Ian K. Kullgren,"October 5, 2010",https://www.politifact.com/factchecks/2010/oct/05/promote-oregon-leadership-pac-oregon-house-republi/house-republicans-accuse-will-rasmussen-supporting/
Chain email,"September 30, 2010","Peter DeFazio ""will sneak in a 1 percent tax on all banking transactions.""",pants-fire,a chain e-mail,Oregon; Taxes,Janie Har,"October 1, 2010",https://www.politifact.com/factchecks/2010/oct/01/chain-email/e-mail-claims-defazio-wants-tax-transactions/
Dave Yost,"August 10, 2010","""Pepper ... kicked off a jock tax, imposing a levy on the sports and entertainment industry.""",true,campaign video,Ohio; Message Machine 2010; Taxes,Joe Guillen,"September 29, 2010",https://www.politifact.com/factchecks/2010/sep/29/dave-yost/gop-auditor-candidate-dave-yost-says-opponent-davi/
Rebecca Kleefisch,"September 27, 2010","""The Wisconsin Legislature raised taxes more than $5 billion in 2009.""",false,statement on campaign web site,Taxes; Wisconsin,Tom Kertscher,"September 28, 2010",https://www.politifact.com/factchecks/2010/sep/28/rebecca-kleefisch/republican-lieutenant-governor-candidate-rebecca-k/
Americans for Job Security,"September 23, 2010","Says Zack Space voted for budgets and debt, energy taxes and the stimulus, and ""we still lost more than 2.5 million jobs.""",half-true,campaign ad,National; Economy; Federal Budget; Message Machine 2010; Stimulus; Voting Record; Taxes,Angie Drobnic Holan,"September 27, 2010",https://www.politifact.com/factchecks/2010/sep/27/americans-job-security/americans-job-security-targets-zach-space-other-de/
Susan Latvala,"September 14, 2010","""One of the other inaccuracies ... is that we have raised taxes multiple times and run up the budget. Absolutely not true. One tax increase since I’ve been in office. It was a quarter mill tax in the unincorporated area only.""",false,candidates forum,Voting Record; Taxes; Florida,David DeCamp,"September 25, 2010",https://www.politifact.com/factchecks/2010/sep/25/susan-latvala/pinellas-county-commissioner-susan-latvala-says-sh/
Future PAC (Oregon House Democrats),"September 24, 2010","Says Julie Parrish wants to add a sales tax to everything we need to buy including food, clothing, medicine and school supplies.",mostly-false,campaign mailer,Oregon; Taxes,Janie Har,"September 24, 2010",https://www.politifact.com/factchecks/2010/sep/24/future-pac-oregon-house-democrats/oregon-democrats-claim-julie-parrish-wants-sales-t/
Barack Obama,"September 20, 2010","""Our tax rates are lower now than they were under Ronald Reagan. They're much lower than they were under Dwight Eisenhower.""",mostly-true,televised town hall,National; History; Taxes,Louis Jacobson,"September 22, 2010",https://www.politifact.com/factchecks/2010/sep/22/barack-obama/barack-obama-says-taxes-are-lower-today-under-reag/
Rick Perry,"September 7, 2010","Says Bill White ""didn't pay taxes while earning $133,600 annual salary as deputy secretary of energy.""",false,press release,Transparency; Taxes; Texas,Meghan Ashford-Grooms,"September 21, 2010",https://www.politifact.com/factchecks/2010/sep/21/rick-perry/rick-perry-says-bill-white-didnt-pay-taxes-1995/
Republican Party of Florida,"September 16, 2010","Loranne Ausley ""voted six times to tax your savings.""",false,statements on the party's website.,Taxes; Florida,Aaron Sharockman,"September 20, 2010",https://www.politifact.com/factchecks/2010/sep/20/republican-party-florida/costly-ausley-website-takes-cfo-candidate-task-su/
Scott Walker,"September 17, 2010","""Wisconsin is one of the highest taxed states in the nation.""",half-true,statement on campaign web site,Taxes; Wisconsin,Dave Umhoefer,"September 19, 2010",https://www.politifact.com/factchecks/2010/sep/19/scott-walker/scott-walker-says-wisconsin-one-highest-taxed-stat/
Sharron Angle,"September 14, 2010","Harry Reid has voted ""to give special tax breaks to illegal aliens.""",false,campaign commerical,Immigration; National; Message Machine 2010; Taxes,Louis Jacobson,"September 17, 2010",https://www.politifact.com/factchecks/2010/sep/17/sharron-angle/sharron-angle-calls-harry-reid-best-friend-illegal/
Jerry Brown,"September 14, 2010","""Taxes went down under Jerry Brown.""",mostly-true,campaign ad,National; Message Machine 2010; Taxes,Angie Drobnic Holan,"September 17, 2010",https://www.politifact.com/factchecks/2010/sep/17/jerry-brown/jerry-brown-raised-taxes-not-overall/
Republican Governors Association,"September 16, 2010","Tom Barrett ""voted for the largest tax increase in history ... raising taxes on gas and Social Security.""",mostly-false,series of campaign TV ads,Federal Budget; Message Machine 2010; Taxes; Wisconsin,Dave Umhoefer,"September 17, 2010",https://www.politifact.com/factchecks/2010/sep/17/republican-governors-association/republican-governors-association-says-tom-barrett-/
John Kasich,"August 22, 2010","""You can’t raise taxes in Ohio. We are one of the highest taxed states in the country.""",half-true,television campaign ad,Ohio; Message Machine 2010; Taxes,Mark Naymik,"September 15, 2010",https://www.politifact.com/factchecks/2010/sep/15/john-kasich/john-kasich-says-ohio-one-most-taxed-states/
John Dennis,"September 14, 2010","Taxpayers pay $18,000 a month for House Speaker Nancy Pelosi's district office in downtown San Francisco.",true,campaign commercial,National; Economy; Federal Budget; Message Machine 2010; Taxes,Robert Farley,"September 15, 2010",https://www.politifact.com/factchecks/2010/sep/15/john-dennis/gop-rival-says-taxpayers-pay-18000month-nancy-pelo/
George Will,"September 12, 2010","""Over 10 years, (extending tax cuts for the wealthy) would add less to the deficit than Obama added with the stimulus in one year.""",mostly-false,"roundtable discussion on ABC's ""This Week with Christiane Amanpour''",National; Federal Budget; Pundits; This Week - ABC News; Taxes,Louis Jacobson,"September 14, 2010",https://www.politifact.com/factchecks/2010/sep/14/george-will/george-will-says-tax-cuts-wealthy-cost-less-over-1/
Austan Goolsbee,"September 12, 2010","John Boehner has called for ""repealing the rest of the stimulus, which would raise taxes on 110 million middle class people.""",false,"ABC's ""This Week""",National; Stimulus; This Week - ABC News; Taxes,Robert Farley,"September 13, 2010",https://www.politifact.com/factchecks/2010/sep/13/austan-goolsbee/austan-goolsbee-says-boehner-wants-repeal-stimulus/
Austan Goolsbee,"September 12, 2010","Extending current tax rates would ""average more than $100,000 a year to millionaires and even billionaires.""",mostly-true,"interview on ""This Week.""",National; This Week - ABC News; Taxes,Angie Drobnic Holan,"September 13, 2010",https://www.politifact.com/factchecks/2010/sep/13/austan-goolsbee/Goolsbee-millionaires-tax-cuts-average/
Robert Gibbs,"September 12, 2010",Says John Boehner changed his position on extending Bush tax cuts.,mostly-false,White House news release,National; Taxes,Louis Jacobson,"September 13, 2010",https://www.politifact.com/factchecks/2010/sep/13/robert-gibbs/robert-gibbs-right-call-john-boehners-stance-tax-e/
Barack Obama,"September 6, 2010","John Boehner wants to reopen a tax loophole ""that actually rewarded corporations for shipping jobs and profits overseas.""",half-true,speech on Labor Day,National; Corporations; Trade; Taxes,Angie Drobnic Holan,"September 13, 2010",https://www.politifact.com/factchecks/2010/sep/13/barack-obama/obama-said-boehner-opposes-tax-rule-keep-profits-a/
Tom Barrett,"August 6, 2010","""Walker says he’s for lower taxes. But Milwaukee County spending has gone up by $349 million.""",mostly-false,campaign TV ad,Message Machine 2010; Taxes; Wisconsin,James B. Nelson,"September 12, 2010",https://www.politifact.com/factchecks/2010/sep/12/tom-barrett/tom-barrett-says-scott-walker-big-spender-despite-/
Jim Sensenbrenner,"September 10, 2010","Like me, Scott Walker opposed the 1998 transportation bill and the $9 billion of wasteful spending.",false,radio ad for the Scott Walker gubernatorial campaign,Federal Budget; Message Machine 2010; Taxes; Wisconsin,Dave Umhoefer,"September 11, 2010",https://www.politifact.com/factchecks/2010/sep/11/jim-sensenbrenner/jim-sensenbrenner-says-scott-walker-opposed-massiv/
Emil Runge,"September 3, 2010","By releasing only basic tax information, former U.S. Congressman Nathan Deal is ""hiding more than he's disclosed"" about his business dealing with the state.",half-true,statement,Georgia; Taxes,Eric Stirgus,"September 8, 2010",https://www.politifact.com/factchecks/2010/sep/08/emil-runge/deals-tax-returns-fuzzy-details-barnes-camp-says/
John Loughlin,"August 20, 2010","After Ronald Reagan cut taxes in 1981 the U.S. enjoyed ""exponential growth.""",mostly-false,campaign commercial,Rhode Island; Economy; Federal Budget; History; Taxes,C. Eugene Emery Jr.,"September 5, 2010",https://www.politifact.com/factchecks/2010/sep/05/john-loughlin/loughlin-says-reagans-1981-tax-cuts-led-exponentia/
Ron Johnson,"October 10, 2009","""Both the state and federal governments make more per gallon in gas taxes than the oil companies make themselves for doing all the work.""",half-true,speech at a tea party rally,Energy; Taxes; Wisconsin,Dave Umhoefer,"September 3, 2010",https://www.politifact.com/factchecks/2010/sep/03/ron-johnson/ron-johnson-says-gas-taxes-exceed-oil-company-prof/
Barack Obama,"August 16, 2010","Milwaukee Mayor Tom Barrett ""has held the line on property taxes.""",mostly-false,speech at a campaign fund-raiser for Tom Barrett's gubernatorial campaign,Taxes; Wisconsin,Tom Kertscher,"September 3, 2010",https://www.politifact.com/factchecks/2010/sep/03/barack-obama/obama-says-tom-barrett-has-held-line-property-taxe/
Dave Yost,"August 10, 2010","""When Pepper’s tax was finally voted down, Pepper laid off cops and closed jails and let criminals run free in the streets.""",mostly-false,campaign video,Ohio; Message Machine 2010; Taxes,Joe Guillen,"September 3, 2010",https://www.politifact.com/factchecks/2010/sep/03/dave-yost/republican-dave-yost-attacks-democratic-david-pepp/
Joe  Sestak,"August 31, 2010","""Pat Toomey thinks corporations shouldn't pay any taxes.""",mostly-true,campaign commercial,National; Corporations; Message Machine 2010; Taxes,Louis Jacobson,"September 1, 2010",https://www.politifact.com/factchecks/2010/sep/01/joe-sestak/joe-sestak-hits-pat-toomey-supporting-zero-corpora/
Alan Grayson,"August 27, 2010","""When career politician Daniel Webster became speaker of the House, he wasted $32,000 of our money on a spiral staircase for his office.""",mostly-true,ad.,Candidate Biography; Ethics; Message Machine 2010; State Budget; Taxes; Florida,Aaron Sharockman,"August 31, 2010",https://www.politifact.com/factchecks/2010/aug/31/alan-grayson/alan-grayson-attacks-daniel-websters-stairway-nowh/
John Boehner,"August 24, 2010","Under the new health care law, ""if a landscaper wants to buy a new lawnmower, or a restaurant needs a new ice-maker, they have to report that to the feds.""",true,speech at the City Club of Cleveland,Ohio; Health Care; Taxes,Stephen Koff,"August 31, 2010",https://www.politifact.com/factchecks/2010/aug/31/john-boehner/rep-john-boehner-gets-it-right-new-business-tax-ma/
Michael Thurmond,"April 30, 2010","Michael Thurmond ""authored major legislation that has provided more than $250 million in tax relief to Georgia’s senior citizens and working families.""",true,his campaign website,Georgia; Taxes,Eric Stirgus,"August 31, 2010",https://www.politifact.com/factchecks/2010/aug/31/michael-thurmond/thurmond-claims-legislation-helped-low-income-geor/
Sam Rashid,"July 26, 2010","The sales tax increase, if approved, will cost taxpayers ""up to $300 million per year, in perpetuity, to finance a rail system for the City of Tampa.""",mostly-false,a mailer.,Transportation; Taxes; Florida,Bill Varian,"August 28, 2010",https://www.politifact.com/factchecks/2010/aug/28/sam-rashid/hillsborough-county-sales-tax/
Barack Obama,"August 18, 2010","Republicans ""don't think it's a good idea"" to make the child care tax credit ""stronger.""",mostly-false,response to a question during an appearance,National; Children; Taxes,Lukas Pleva,"August 27, 2010",https://www.politifact.com/factchecks/2010/aug/27/barack-obama/obama-says-republicans-oppose-strengthening-child-/
AFSCME,"August 17, 2010","""Jim Renacci cheated on his income taxes"" and is a ""deadbeat citizen.""",mostly-true,television election ad,Ohio; Candidate Biography; Legal Issues; Message Machine 2010; Taxes,Sabrina  Eaton,"August 27, 2010",https://www.politifact.com/factchecks/2010/aug/27/afscme/afscme-ad-calls-ohio-congressional-candidate-jim-r/
Pat Toomey,"July 14, 2010","""Joe Sestak ... even wants to bring back the death tax, letting the IRS take half of your savings when you die.""",mostly-false,television commercial,National; Message Machine 2010; Taxes,Louis Jacobson,"August 24, 2010",https://www.politifact.com/factchecks/2010/aug/24/pat-toomey/pat-toomey-hits-joe-sestak-estate-tax-leaves-out-s/
Chain email,"August 2, 2010","Under the new health care law, ""all real estate transactions will be subject to a 3.8% Sales Tax""",pants-fire,chain e-mail,National; Health Care; Regulation; Taxes,Angie Drobnic Holan,"August 23, 2010",https://www.politifact.com/factchecks/2010/aug/23/chain-email/health-care-law-sales-tax-home-sales-no/
Josh Burgin,"August 20, 2010","Property taxes ""are now 18% higher than when (Mark Sharpe) first took office.""",false,a mailer.,Taxes; Florida,Bill Varian,"August 20, 2010",https://www.politifact.com/factchecks/2010/aug/20/josh-burgin/josh-burgin/
Mark Sharpe,"July 20, 2010","""Mark Sharpe has lowered property taxes by 17 percent.""",mostly-false,campaign mailer,Candidate Biography; Taxes; Florida,Bill Varian,"August 19, 2010",https://www.politifact.com/factchecks/2010/aug/19/mark-sharpe/hillsborough-commission-candidate-mark-sharpe-clai/
AFSCME,"August 9, 2010","""Jim Renacci supports a national sales tax of 23 percent.""",half-true,television election ad,Ohio; Federal Budget; Message Machine 2010; Taxes,Mark Naymik,"August 19, 2010",https://www.politifact.com/factchecks/2010/aug/19/afscme/afscme-accuses-republican-jim-renacci-supporting-2/
Committee to Protect Florida,"August 2, 2010","Kathryn Starkey ""only attended half of those meetings.""",mostly-true,a mailer,Environment; Candidate Biography; Taxes; Florida,Jodie Tillman,"August 13, 2010",https://www.politifact.com/factchecks/2010/aug/13/committee-protect-florida/kathryn-starkey-missed-just-over-half-meetings/
Committee to Protect Florida,"August 2, 2010","Kathryn Starkey ""aided and abetted the continued taxation on residents’ properties over 70 percent of the time by seconding motions and voting to keep the millage rate the same.""",half-true,a mailer,Environment; Candidate Biography; Taxes; Florida,Jodie Tillman,"August 13, 2010",https://www.politifact.com/factchecks/2010/aug/13/committee-protect-florida/group-raps-kathryn-starkey-aiding-and-abetting-tax/
Committee to Protect Florida,"August 2, 2010","Kathryn Starkey ""joined forces with liberal Democrats on a historic sales tax hike.""",false,a mailer,Environment; Candidate Biography; Taxes; Florida,Jodie Tillman,"August 13, 2010",https://www.politifact.com/factchecks/2010/aug/13/committee-protect-florida/taxin-kathryn-starkey-draws-fire-over-2004-local-s/
Nancy Pelosi,"August 10, 2010","A bill to aid state and local governments ""is fully paid-for by closing costly corporate tax loopholes.""",mostly-false,news release,National; Children; Education; Families; Federal Budget; Health Care; States; Stimulus; Taxes,Louis Jacobson,"August 13, 2010",https://www.politifact.com/factchecks/2010/aug/13/nancy-pelosi/nancy-pelosi-says-state-local-aid-bill-fully-paid-/
Rachel Maddow,"August 6, 2010","""We know that tax cuts are remarkably un-stimulative when you compare them with different kinds of government spending.""",half-true,"""Rachel Maddow Show""",National; Economy; Pundits; Stimulus; Taxes,Lukas Pleva,"August 12, 2010",https://www.politifact.com/factchecks/2010/aug/12/rachel-maddow/maddow-claims-spending-more-stimulative-tax-cuts/
Rick Scott,"August 3, 2010","""Bill McCollum voted for higher taxes and fees 42 times while he was in Congress.""",mostly-false,TV ad.,Message Machine 2010; Voting Record; Taxes; Florida,Aaron Sharockman,"August 10, 2010",https://www.politifact.com/factchecks/2010/aug/10/rick-scott/adding-bill-mccollums-42-votes-raise-taxes-and-fee/
John Boehner,"August 8, 2010","""There's still about $400 billion or $500 billion of the stimulus plan that has not been spent. Why don't we stop it.""",false,interview on NBC's 'Meet the Press',National; Federal Budget; Stimulus; Taxes,Robert Farley,"August 10, 2010",https://www.politifact.com/factchecks/2010/aug/10/john-boehner/rep-john-boehner-proposes-us-stop-stimulus-spendin/
Johnny Isakson,"July 28, 2010","Allowing all Bush income tax cuts to expire on Dec. 31 ""will amount to the largest tax increase in the history of America.""",mostly-false,guest column,Georgia; Taxes,Eric Stirgus,"August 8, 2010",https://www.politifact.com/factchecks/2010/aug/08/johnny-isakson/isakson-warns-end-tax-cuts-will-result-historic-in/
Donald Carcieri,"July 27, 2010","Repealing the sales tax on boats in Rhode Island has spawned 2,000 companies, 7,000 jobs and close to $2 billion a year in sales activity.",half-true,"interview on Fox News' ""The Neil Cavuto Show,"" about U.S. Sen. John Kerry's boat",Rhode Island; Economy; States; Taxes,Cynthia Needham,"August 8, 2010",https://www.politifact.com/factchecks/2010/aug/08/donald-carcieri/carcieri-says-tax-repeal-spawned-new-business/
Sarah Palin,"August 5, 2010",Democrats do not have a plan for extending the Bush tax cuts.,false,note on Facebook.,National; Taxes,Angie Drobnic Holan,"August 6, 2010",https://www.politifact.com/factchecks/2010/aug/06/sarah-palin/sarah-palin-said-democrats-have-no-plan-extend-som/
James Langevin,"July 12, 2010","""The Congressional Budget Office estimates that for every $1 we spend on unemployment benefits, $1.90 is put into our economy.""",half-true,online forum on ProJo.com,Rhode Island; Economy; Federal Budget; Stimulus; Taxes,C. Eugene Emery Jr.,"August 5, 2010",https://www.politifact.com/factchecks/2010/aug/05/james-langevin/langevin-says-each-dollar-spent-unemployment-benef/
Sarah Palin,"August 1, 2010","""Democrats are poised now to cause this largest tax increase in U.S. history.""",pants-fire,"interview on ""Fox News Sunday""",National; Taxes,Angie Drobnic Holan,"August 4, 2010",https://www.politifact.com/factchecks/2010/aug/04/sarah-palin/sarah-palin-said-democrats-planning-largest-tax/
Randy Neugebauer,"July 29, 2010","""Ninety-four percent of small businesses will face higher taxes under the Democrats' plan.""",pants-fire,Townhall.com guest blog post,National; Economy; Federal Budget; Taxes,Lukas Pleva,"August 4, 2010",https://www.politifact.com/factchecks/2010/aug/04/randy-neugebauer/lawmaker-claims-democrats-want-hit-small-businesse/
Republican Party of Texas,"July 19, 2010","Says President Barack Obama initially said the national health-care mandate isn't a tax, but his administration now says it is a tax.",mostly-true,message on Twitter,Health Care; Taxes; Texas,Ciara O'Rourke,"August 2, 2010",https://www.politifact.com/factchecks/2010/aug/02/republican-party-texas/republican-party-texas-says-president-barack-obama/
Tim Pawlenty,"July 26, 2010","""I don't think the argument can be credibly made that the United States of America is undertaxed compared to our competitors.""",false,breakfast with journalists,National; Taxes,Louis Jacobson,"July 29, 2010",https://www.politifact.com/factchecks/2010/jul/29/tim-pawlenty/tim-pawlenty-says-us-not-undertaxed-compared-its-c/
Stephen Hayes,"July 25, 2010 in","People in the top tax bracket, ""these so-called wealthy, most of them are small-business owners.""",mostly-false,"on ABC News' ""This Week.""",National; Small Business; This Week - ABC News; Taxes,Angie Drobnic Holan,"July 27, 2010",https://www.politifact.com/factchecks/2010/jul/27/stephen-hayes/so-called-wealthy-are-actually-small-business-owne/
Rick Scott,"July 25, 2010","""My 7-step plan"" creates 700,000 jobs in 7 years.",mostly-true,campaign materials.,Economy; State Budget; Taxes; Florida,Aaron Sharockman,"July 26, 2010",https://www.politifact.com/factchecks/2010/jul/26/rick-scott/rick-scott-touts-7-7-7-plan-create-700000-jobs-sev/
Americans for Job Security,"July 9, 2010","""Jane Norton supported the largest tax hike in Colorado history.""",half-true,issue advocacy ad,National; Message Machine 2010; State Budget; States; Taxes,Angie Drobnic Holan,"July 26, 2010",https://www.politifact.com/factchecks/2010/jul/26/americans-job-security/jane-norton-supported-referendum-c-so-did-voters/
Rachel Maddow,"July 19, 2010","Marco Rubio's ""economic proposals will add $3.5 trillion to the federal deficit.""",mostly-true,comments on her MSNBC show.,Bush Administration; Federal Budget; Pundits; Taxes; Florida,Aaron Sharockman,"July 23, 2010",https://www.politifact.com/factchecks/2010/jul/23/rachel-maddow/rachel-maddow-and-marco-rubio-come-out-swinging-cl/
Mike Pence,"July 20, 2010","""Should Democrats get their way, every income tax bracket will increase on Jan. 1, 2011. Every single one.""",false,press conference,National; Taxes,Louis Jacobson,"July 22, 2010",https://www.politifact.com/factchecks/2010/jul/22/mike-pence/mike-pence-says-democrats-want-all-bush-tax-cuts-e/
Ellyn Bogdanoff,"July 13, 2010","""I said no to higher taxes and fees.""",mostly-false,TV ad,Candidate Biography; Taxes; Florida,Amy Sherman,"July 15, 2010",https://www.politifact.com/factchecks/2010/jul/15/ellyn-bogdanoff/bogdanoff-said-she-was-against-taxes-omits-votes/
Jim McDermott,"July 13, 2010","""Most"" of the Bush tax cuts went to people ""in the top 3 percent of this country.""",half-true,interview with MSNBC's Ed Schultz,National; Taxes,Louis Jacobson,"July 14, 2010",https://www.politifact.com/factchecks/2010/jul/14/jim-mcdermott/jim-mcdermott-says-3-percent-got-majority-benefit-/
Ed  Gillespie,"July 11, 2010","Under President George W. Bush, the U.S. had ""52 months of ... uninterrupted job creation"" and ""revenues were at an all-time high in 2007.""",mostly-true,appearance on NBC's Meet the Press,National; Economy; History; Taxes,Louis Jacobson,"July 14, 2010",https://www.politifact.com/factchecks/2010/jul/14/ed-gillespie/gillespie-touts-bush-record-taxes-job-creation/
Trent Franks,"July 7, 2010","""The top 1 percent pay over half of the entire revenue for this country.""",false,interview on MSNBC's 'The Dylan Ratigan Show',National; Taxes,Louis Jacobson,"July 9, 2010",https://www.politifact.com/factchecks/2010/jul/09/trent-franks/trent-franks-says-top-1-percent-pays-over-half-ent/
Keith Olbermann,"July 6, 2010","""Subsidies for oil and gas companies make up 88 percent of all federal subsidies. Just cutting the oil and gas subsidies out would save the U.S. government $45 billion every year.""",false,comment on MSNBC's 'Countdown with Keith Olbermann',National; Energy; Federal Budget; Oil Spill; Pundits; Taxes,Louis Jacobson,"July 9, 2010",https://www.politifact.com/factchecks/2010/jul/09/keith-olbermann/olbermann-says-oil-and-gas-subsidies-account-88-pe/
Democratic Governors Association,"July 23, 2010",Democrats say Chafee wants to tax equipment that enables amputee veterans to drive,true,Democratic Governors Association website,Rhode Island; Taxes,Cynthia Needham,"July 5, 2010",https://www.politifact.com/factchecks/2010/jul/05/democratic-governors-association/democrats-say-chafee-would-tax-amputee-veterans/
Lincoln Chafee,"June 18, 2010","If Rhode Island applied a  1-percent sales tax on all items exempt from sales tax, ''the state  would receive an additional $89,376,857.''",mostly-true,"Lincoln Chafee, a posting on his website, Chafee for Governor",Rhode Island; Taxes,John Hill,"June 30, 2010",https://www.politifact.com/factchecks/2010/jun/30/lincoln-chafee/chafee-says-expanding-ri-sales-tax-could-raise-893/
Hillsborough Area Regional Transit,"June 18, 2010",The addition of a 1 percent sales tax would cost a typical household in Hillsborough County approximately $12 a month.,mostly-true,brochure,Economy; Energy; Infrastructure; Transportation; Urban; Taxes; Florida,Janet Zink,"June 18, 2010",https://www.politifact.com/factchecks/2010/jun/18/hillsborough-area-rapid-transit-hart/brochure-estimates-financial-impact-hillsborough-t/
Rick Barber,"June 13, 2010","""Without representation, (the IRS) can increase taxes.""",pants-fire,political ad,National; Health Care; Message Machine 2010; Taxes,Robert Farley,"June 18, 2010",https://www.politifact.com/factchecks/2010/jun/18/rick-barber/alabama-congressional-candidate-rick-barbers-gathe/
J.D. Hayworth,"June 4, 2010","John McCain ""voted against the tax cuts of 2001 and 2003, wrongly claiming they helped only the rich.""",mostly-true,campaign commercial,National; Candidate Biography; Message Machine 2010; Taxes,Louis Jacobson,"June 15, 2010",https://www.politifact.com/factchecks/2010/jun/15/jd-hayworth/hayworth-says-mccain-voted-against-bush-tax-cuts-b/
Chain email,"June 10, 2010","Starting in 2011, ""you will be required to pay taxes"" on ""the value of whatever health insurance you are given by the company.""",pants-fire,chain e-mail,National; Health Care; Taxes,Angie Drobnic Holan,"June 10, 2010",https://www.politifact.com/factchecks/2010/jun/10/chain-email/w-2-tax-forms-hr-3590-health-insurance-pay-taxes/
David Caton,"November 5, 2009","If voters agree in November to approve a one-cent sales tax increase, that will give ""Hillsborough County the highest sales tax of all Florida counties.""",true,mass e-mail,Transportation; Taxes; Florida,Bill Varian,"June 7, 2010",https://www.politifact.com/factchecks/2010/jun/07/david-caton/rail-opponent-claims-penny-tax-commuter-rail-would/
Tom Graves,"June 13, 2009","""I've traveled the country advocating for the FairTax ...""",mostly-false,rally,Georgia; Taxes,Eric Stirgus,"June 5, 2010",https://www.politifact.com/factchecks/2010/jun/05/tom-graves/linder-says-graves-played-minor-role-fairtax/
Mark Critz,"May 27, 2010","""The Democratic Congress has already taken significant steps to create jobs and jump-start the economy, resulting in the lowest tax rates in over 50 years and the creation of over 500,000 new jobs so far this year.""",half-true,speech on the House floor,National; Economy; Taxes,Louis Jacobson,"June 2, 2010",https://www.politifact.com/factchecks/2010/jun/02/mark-critz/critz-touts-democratic-role-low-taxes-job-creation/
Empower Texans,"May 14, 2010","""There are 321,092 public school teachers in Texas. And there are 313,850 non-teachers in our public schools.""",mostly-true,Web video,Education; Message Machine 2010; Taxes; Texas,Ciara O'Rourke,"May 28, 2010",https://www.politifact.com/factchecks/2010/may/28/empower-texans/pac-says-texas-public-schools-employ-one-non-teach/
Bill White,"May 2, 2010",Says he cut 'tax rates five times',half-true,television ad,Message Machine 2010; Taxes; Texas,Meghan Ashford-Grooms,"May 7, 2010",https://www.politifact.com/factchecks/2010/may/07/bill-white/white-says-he-cut-tax-rates-five-times/
Anitere Flores,"April 30, 2010","For the new state budget, ""Floridians have sent us $3 billion less of their funding.""",false,House floor speech,State Budget; Taxes; Florida,Lee Logan,"May 5, 2010",https://www.politifact.com/factchecks/2010/may/05/anitere-flores/anitere-flores-says-floridians-have-sent-3-billion/
Allen West,"April 26, 2010","""Currently we have some 40-45% of Americans who are not paying any taxes.""",mostly-false,statement on his campaign website,Taxes; Florida,Amy Sherman,"April 28, 2010",https://www.politifact.com/factchecks/2010/apr/28/allen-west/west-says-nearly-half-americans-pay-no-taxes/
Paul Ryan,"March 31, 2010","In 2004, ""20 percent of U.S. households were getting about 75 percent of their income from the federal government. ... Another 20 percent were receiving almost 40 percent.""",mostly-false,speech to the Oklahoma Council of Public Affairs,National; Economy; Federal Budget; Medicare; Retirement; Social Security; Taxes,Catharine Richert,"April 21, 2010",https://www.politifact.com/factchecks/2010/apr/21/paul-ryan/paul-ryans-federal-dole-statistics-omit-important-/
Bill Clinton,"April 18, 2010","Passage of Clinton budget bill in 1993 ""led to an enormous flowering of the economy in America.""",half-true,interview on ABC's This Week,National; Economy; Federal Budget; History; This Week - ABC News; Taxes,Louis Jacobson,"April 19, 2010",https://www.politifact.com/factchecks/2010/apr/19/bill-clinton/bill-clinton-takes-credit-flowering-economy-1990s/
Richard Shelby,"March 25, 2010","""The bill reported out of committee sets up a $50 billion slush fund that, while intended for resolving failing firms, is available for virtually any purpose that the treasury secretary sees fit.""",false,letter to Treasury Secretary Timothy Geithner,National; Bankruptcy; Corporations; Economy; Federal Budget; Financial Regulation; Taxes,Catharine Richert,"April 16, 2010",https://www.politifact.com/factchecks/2010/apr/16/richard-shelby/sen-richard-shelby-overlooks-safeguards-financial-/
Steve Cohen,"April 15, 2010","""The fact is, in the past year we have had more tax cuts than almost any time in our nation's history.""",half-true,story about taxes from Associated Press,National; Federal Budget; Health Care; Stimulus; Taxes,Robert Farley,"April 16, 2010",https://www.politifact.com/factchecks/2010/apr/16/steve-cohen/obama-administration-has-enacted-many-tax-cuts-rai/
Sarah Palin,"April 14, 2010","""Americans now spend 100 days out of the year working for government before we even start working for ourselves.""",mostly-true,speech at a Tea Party rally,National; Taxes,Louis Jacobson,"April 16, 2010",https://www.politifact.com/factchecks/2010/apr/16/sarah-palin/palin-says-americans-spend-100-days-paying-their-t/
Newt Gingrich,"April 8, 2010","When the United States ""first created the federal income tax, frankly, nobody below a million dollars a year paid anything.""",false,speech to the Southern Republican Leadership Conference,National; History; Taxes,Louis Jacobson,"April 15, 2010",https://www.politifact.com/factchecks/2010/apr/15/newt-gingrich/gingrich-says-only-millionaires-paid-first-us-inco/
Mark Kirk,"March 21, 2010","""According to the nonpartisan Congressional Budget Office, the IRS would need to hire over 16,000 people ... to audit the American people and impose the new taxes and mandates"" of the health care bill.",mostly-false,floor speech,National; Federal Budget; Health Care; Taxes,Louis Jacobson,"March 29, 2010",https://www.politifact.com/factchecks/2010/mar/29/mark-kirk/kirk-says-health-care-bill-will-lead-irs-hire-more/
Charlie Crist,"March 28, 2010","Rubio's tax swap proposal ""would have been a massive tax increase.""",false,FOX News Sunday debate.,Candidate Biography; Taxes; Florida,Aaron Sharockman,"March 28, 2010",https://www.politifact.com/factchecks/2010/mar/28/charlie-crist/charlie-crist-calls-marco-rubios-2007-tax-swap-pro/
Marco Rubio,"March 28, 2010",Did not vote for tax increases as a member of the West Miami City Commission.,false,U.S. Senate primary debate on FOX News Sunday,Taxes; Florida,Aaron Sharockman,"March 28, 2010",https://www.politifact.com/factchecks/2010/mar/28/marco-rubio/rubio-says-he-didnt-vote-tax-increases-member-west/
Joe Scarborough,"March 24, 2010","The health care reform bill ""is the largest tax increase in U.S. history.""",false,"comment on his ""Morning Joe'' program on MSNBC",National; Health Care; Taxes,Robert Farley,"March 25, 2010",https://www.politifact.com/factchecks/2010/mar/25/joe-scarborough/bush-i-clinton-and-reagan-all-pushed-taxes-higher-/
Richard Durbin,"March 24, 2010","""Joe, I keep hearing you every morning talking about the biggest tax increase in history, but you don't mention it's also the biggest tax cut in history.''",false,"comment on the ""Morning Joe'' show on MSNBC.",National; Health Care; Taxes,Robert Farley,"March 25, 2010",https://www.politifact.com/factchecks/2010/mar/25/richard-durbin/durbins-tax-reduction-claim-doesnt-cut-it/
Todd Tiahrt,"March 16, 2010","The Democratic health care bill will ""collect higher taxes for 10 years  and provide health care for only six years.""",half-true,speech on the House floor.,National; Health Care; Taxes,Louis Jacobson,"March 19, 2010",https://www.politifact.com/factchecks/2010/mar/19/todd-tiahrt/tiahrt-health-care-bill-will-collect-10-years-taxe/
Citizens for Lower Taxes and a Stronger Economy,"March 10, 2010","Because of a local version of Amendment 4, ""the taxpayers of St. Pete Beach have had to pay hundreds of thousands in legal bills.""",true,Internet ad.,Economy; Florida Amendments; Taxes; Florida,Aaron Sharockman,"March 17, 2010",https://www.politifact.com/factchecks/2010/mar/17/citizens-lower-taxes-and-stronger-economy/voter-control-over-land-use-issues-has-cost-st-pet/
Charlie Justice,"December 18, 2009","""The Florida Legislature raised taxes and fees by almost $2 billion"" in the 2009 session.",true,news release,Economy; Taxes; Florida,Lee Logan,"March 8, 2010",https://www.politifact.com/factchecks/2010/mar/08/charlie-justice/charlie-justice-says-legislature-raised-2-billion-/
Alan Grayson,"March 3, 2010","Reconciliation was used ""for tax cuts for the rich twice under Bush.""",mostly-true,interview on CNN's Larry King Live,National; Federal Budget; Legal Issues; Taxes,Angie Drobnic Holan,"March 5, 2010",https://www.politifact.com/factchecks/2010/mar/05/alan-grayson/bush-tax-cuts-were-passed-reconciliations-50-votes/
Charlie Crist,"March 2, 2010","""We worked together to enact ... the largest tax cut in Florida history.""",false,his State of the State address.,Taxes; Florida,Aaron Sharockman,"March 3, 2010",https://www.politifact.com/factchecks/2010/mar/03/charlie-crist/crist-largest-tax-cut-florida-history/
Charlie Crist,"March 2, 2010","""Due to ... tax cuts and lower (property) values, 2009 property taxes were almost $3 billion below 2007 property taxes.""",true,his State of the State address.,Taxes; Florida,Aaron Sharockman,"March 3, 2010",https://www.politifact.com/factchecks/2010/mar/03/charlie-crist/crist-floridians-3-billion-less-taxes/
Hillary Clinton,"February 25, 2010","In 2001, former Federal Reserve chairman Alan Greenspan ""justified increasing spending and cutting taxes, saying that we didn't really need to pay down the debt.""",mostly-false,hearing before Congress,National; Federal Budget; Taxes,Angie Drobnic Holan,"March 2, 2010",https://www.politifact.com/factchecks/2010/mar/02/hillary-clinton/greenspan-gave-approval-tax-cuts-only-if-deficits-/
Alex Sink,"February 16, 2010","""Bill McCollum said tax cuts don't work.""",mostly-false,comment on her Facebook page.,Taxes; Florida,Amy Sherman,"February 25, 2010",https://www.politifact.com/factchecks/2010/feb/25/alex-sink/sink-says-mccollum-said-tax-cuts-dont-work/
Paul Workman,"February 18, 2010","""Holly Turner... still takes her homestead (property tax) exemption in Fort Worth.""",mostly-false,radio ad,Legal Issues; Taxes; Texas,Ciara O'Rourke,"February 23, 2010",https://www.politifact.com/factchecks/2010/feb/23/paul-workman/workman-says-turner-claims-her-homestead-exemption/
Kay Bailey Hutchison,"February 7, 2010","""Taxpayers even footed the bill for Perry’s trip to a bachelor party in Las Vegas.""",mostly-false,video,Ethics; Transparency; Transportation; Taxes; Texas,Meghan Ashford-Grooms,"February 11, 2010",https://www.politifact.com/factchecks/2010/feb/11/kay-bailey-hutchison/hutchison-says-public-money-paid-vegas-trip/
Jon Stewart,"February 3, 2010",One-third of the economic stimulus package was tax cuts.,mostly-true,interview with Bill O'Reilly,National; Economy; Pundits; Stimulus; Taxes,Catharine Richert,"February 10, 2010",https://www.politifact.com/factchecks/2010/feb/10/jon-stewart/stewart-claims-stimulus-bill-one-third-tax-cuts/
Rick Perry,"January 14, 2010","""We cut property taxes by one-third.""",mostly-false,Republican gubernatorial debate,Economy; Education; Taxes; Texas,Meghan Ashford-Grooms,"February 3, 2010",https://www.politifact.com/factchecks/2010/feb/03/rick-perry/perry-says-he-cut-property-taxes-one-third/
David Axelrod,"January 31, 2010","""We passed without, frankly, the help of the Republican caucus, we passed 25 tax cuts last year, mostly aimed at the middle class and small businesses.""",true,"NBC's ""Meet the Press""",National; Stimulus; Taxes,Robert Farley,"February 3, 2010",https://www.politifact.com/factchecks/2010/feb/03/david-axelrod/axelrod-claims-democrats-passed-25-tax-cuts-last-y/
Barack Obama,"January 27, 2010","""We cut taxes for 95 percent of working families.""",true,State of the Union speech,National; Economy; Stimulus; Workers; Taxes,Angie Drobnic Holan,"January 28, 2010",https://www.politifact.com/factchecks/2010/jan/28/barack-obama/tax-cut-95-percent-stimulus-made-it-so/
Rick Perry,"January 14, 2010","""We lowered the business tax from 4 percent down to 1 percent.""",half-true,Republican gubernatorial debate,Corporations; Economy; Small Business; Taxes; Texas,Meghan Ashford-Grooms,"January 22, 2010",https://www.politifact.com/factchecks/2010/jan/22/rick-perry/perry-says-he-cut-business-tax/
Kay Bailey Hutchison,"January 14, 2010","""The largest tax increase that we have ever had in our state is yours – it is the business margins tax that you signed, governor.""",false,a Republican gubernatorial debate,Corporations; Economy; Small Business; Taxes; Texas,Meghan Ashford-Grooms,"January 22, 2010",https://www.politifact.com/factchecks/2010/jan/22/kay-bailey-hutchison/hutchison-says-revised-business-tax-created-states/
Paul Krugman,"November 29, 2009","""If you want to talk firsts for Bush, this was the first time in American history that a president took us into a war and cut taxes.""",mostly-true,ABC's 'This Week with George Stephanopoulos',Afghanistan; National; Iraq; Foreign Policy; Military; Taxes,Robert Farley,"November 30, 2009",https://www.politifact.com/factchecks/2009/nov/30/paul-krugman/krugman-says-bush-was-first-president-lead-country/
Ed Schultz,"November 20, 2009","""Ninety-eight percent of the American people will not see their taxes go up"" due to the House health care bill.",mostly-false,MSNBC's the 'Ed Show',National; Health Care; Pundits; Taxes,Louis Jacobson,"November 27, 2009",https://www.politifact.com/factchecks/2009/nov/27/ed-schultz/schultz-says-health-care-bill-will-only-tax-top-2-/
Marco Rubio,"November 25, 2009","""I have never voted for a tax increase.""",false,his campaign Web site,Taxes; Florida,Aaron Sharockman,"November 25, 2009",https://www.politifact.com/factchecks/2009/nov/25/marco-rubio/battle-out-conservative-charlie-crist-marco-rubio-/
Sarah Palin,"November 12, 2009","Under the House health care bill, the government ""will have to penalize citizens if we choose not to buy a plan that will cost a minimum of about $15,000 per family per year.""",mostly-false,note on Facebook,National; Health Care; Taxes,Angie Drobnic Holan,"November 13, 2009",https://www.politifact.com/factchecks/2009/nov/13/sarah-palin/sarah-palin-says-health-care-reform-will-be-costly/
Charlie Crist,"September 25, 2009","""I signed the largest single tax cut in the history of Florida, a $25 billion tax cut over five years, directed at property tax cuts.""",false,speaking to a group of Michigan Republicans,National; Taxes; Florida,Aaron Sharockman,"November 10, 2009",https://www.politifact.com/factchecks/2009/nov/10/charlie-crist/charlie-crist-is-taking-credit-for-floridas-larges/
Charlie Crist,"November 4, 2009","""I didn't endorse"" the federal stimulus bill.",pants-fire,interview on CNN,Economy; Stimulus; Taxes; Florida,Aaron Sharockman,"November 5, 2009",https://www.politifact.com/factchecks/2009/nov/05/charlie-crist/charlie-crist-says-he-didnt-endorse-stimulus-bill/
House Republican Conference,"October 29, 2009","Research shows the employer mandate in the House health reform bill would ""place millions 'at substantial risk of unemployment' — with minority workers losing their jobs at twice the rate of their white counterparts.""",half-true,news release,National; Health Care; Workers; Taxes,Angie Drobnic Holan,"November 4, 2009",https://www.politifact.com/factchecks/2009/nov/04/house-republicans/republicans-study-employer-mandate-health/
Tom  McClintock,"October 27, 2009","Three presidents in the last century — Harding, Kennedy and Reagan — all cut taxes during recessions and produced ""rapid and dramatic economic recoveries,"" while two, Herbert Hoover and Barack Obama, did ""the opposite.""",false,speech on the House floor,National; Economy; Federal Budget; History; Taxes,Louis Jacobson,"November 2, 2009",https://www.politifact.com/factchecks/2009/nov/02/tom-mcclintock/california-republican-lumps-obama-hoover-his-appro/
Chain email,"November 1, 2009",You must list all your guns on your 2010 tax return.,pants-fire,e-mail circulated to many people.,National; Taxes; Guns,Ian Jannetta,"November 2, 2009",https://www.politifact.com/factchecks/2009/nov/02/chain-email/list-your-guns-your-1040-no-bill-never-passed/
Concerned Women for America,"October 28, 2009","The Democrats' health care bill ""gives a new Health Choices Commissioner the right to look at an individual's tax return to determine what medical benefits or subsidies that person qualifies for.""",half-true,group's Web site,National; Health Care; Taxes,Louis Jacobson,"October 29, 2009",https://www.politifact.com/factchecks/2009/oct/29/concerned-women-america/conservative-group-says-health-care-reform-bill-al/
Chain email,"October 28, 2009","A new federal program provides subsidized ""Obama phones"" with 70 free minutes of cell phone service every month.",mostly-false,chain e-mail,National; Poverty; Taxes,Catharine Richert,"October 28, 2009",https://www.politifact.com/factchecks/2009/oct/28/chain-email/chain-e-mail-claims-obama-handing-out-free-cell-ph/
Sarah Palin,"October 17, 2009","The proposed excise tax on ""Cadillac"" health plans will hit ""those making less than $200,000"" the hardest.",mostly-true,note on Facebook,National; Health Care; Taxes,Angie Drobnic Holan,"October 21, 2009",https://www.politifact.com/factchecks/2009/oct/21/sarah-palin/sarah-palin-health-care-reform-taxes-middle-class/
Health Care for America Now,"October 15, 2009","Health proposal would create a ""40% tax on health care benefits of middle-class workers.""",mostly-false,television ad,National; Health Care; Taxes,Angie Drobnic Holan,"October 21, 2009",https://www.politifact.com/factchecks/2009/oct/21/health-care-america-now/excise-tax-cadillac-middle-class/
Save Flexible Spending Plans,"October 14, 2009","The Baucus health care bill ""would drastically restrict the use of flexible spending accounts (FSAs) in order to help pay for health care reform.""",half-true,news release,National; Taxes,Angie Drobnic Holan,"October 15, 2009",https://www.politifact.com/factchecks/2009/oct/15/save-flexible-spending-plans/flexible-spending-accounts-under-health-care-refor/
Bloggers,"October 7, 2009","The Baucus health care bill would require taxes on medical devices such as X-ray machines, female condoms, HIV tests and surgical needles.",mostly-true,posting on the conservative Web site TownHall.com,National; Health Care; Taxes,Louis Jacobson,"October 9, 2009",https://www.politifact.com/factchecks/2009/oct/09/blog-posting/conservative-blogger-says-proposed-tax-could-hit-w/
Michael Moore,"October 2, 2009","During the Reagan era, ""the richest Americans had their top income tax rate cut in half.""",mostly-true,"his movie ""Capitalism",National; Taxes,Robert Farley,"October 6, 2009",https://www.politifact.com/factchecks/2009/oct/06/michael-moore/michael-moore-claims-during-reagan-years-richest-h/
Michael Moore,"October 2, 2009","In the 1950s,  ""A lot of people got rich — and they had to pay a top tax rate of 90 percent.""",mostly-true,"his movie ""Capitalism",National; Taxes,Robert Farley,"October 2, 2009",https://www.politifact.com/factchecks/2009/oct/02/michael-moore/michael-moores-film-capitalism-claims-richest-paid/
Patients First,"September 29, 2009","""Health care mandate will require imprisonment and fines for Americans who can’t afford to purchase insurance or pay hefty government penalties.""",mostly-false,news release,National; Health Care; Legal Issues; Taxes,Louis Jacobson,"September 29, 2009",https://www.politifact.com/factchecks/2009/sep/29/patients-first/conservative-group-says-youll-be-imprisoned-not-ha/
Republican National Committee,"September 28, 2009","Barack Obama and the Democrats have ""proposed a tax for not having health insurance.""",true,Web ad,National; Health Care; Taxes,Angie Drobnic Holan,"September 28, 2009",https://www.politifact.com/factchecks/2009/sep/28/republican-national-committee-republican/tax-not-having-insurance-health-reform/
Keith Olbermann,"September 16, 2009","For middle-class families under the Baucus plan, ""13 percent of what they make could be deducted directly from their paychecks . . . the so-called 'Max Tax.'""",half-true,"his television show ""Countdown""",National; Health Care; Pundits; Taxes,Angie Drobnic Holan,"September 17, 2009",https://www.politifact.com/factchecks/2009/sep/17/keith-olbermann/olbermann-glosses-over-detail-baucus-plan/
John Carter,"August 31, 2009","""The Obama Administration's own White House Council of Economic Advisers has estimated 4.7 million Americans will lose their jobs if the (health care) bill passes.""",false,column by the Texas Republican on the Web site of the Christian Coalition of America,National; Health Care; Taxes,Louis Jacobson,"September 8, 2009",https://www.politifact.com/factchecks/2009/sep/08/john-carter/texas-lawmaker-latest-republican-say-health-bill-w/
John Boehner,"July 23, 2009","The Democrat-backed health care reform plan ""will require (Americans) to subsidize abortion with their hard-earned tax dollars.""",false,op-ed for National Review,Abortion; National; Health Care; Taxes,Robert Farley,"August 7, 2009",https://www.politifact.com/factchecks/2009/aug/07/john-boehner/boehner-says-democrats-health-care-plan-would-lead/
Barack Obama,"August 5, 2009","Stimulus tax cuts ""began showing up in paychecks of 4.8 million Indiana households about three months ago.""",false,speech,National; Stimulus; Taxes,Louis Jacobson,"August 5, 2009",https://www.politifact.com/factchecks/2009/aug/05/barack-obama/obama-flubs-number-households-indiana-during-speec/
Donna Brazile,"August 2, 2009","Under President George W. Bush, the U.S. ""spent $1.3 trillion on tax cuts for the wealthy"" and ""trillions"" each on a war and on Medicare drug benefits.",half-true,CNN's State of the Union with John King,National; Federal Budget; Iraq; Medicare; Military; Taxes,Louis Jacobson,"August 5, 2009",https://www.politifact.com/factchecks/2009/aug/05/donna-brazile/donna-brazile-says-bush-spent-13-trillion-tax-cuts/
Barack Obama,"July 11, 2009","The stimulus ""has delivered $43 billion in tax relief to American working families and businesses""",half-true,his weekly radio address,National; Economy; Stimulus; Taxes,Catharine Richert,"July 22, 2009",https://www.politifact.com/factchecks/2009/jul/22/barack-obama/obama-overstates-tax-relief-individuals-and-busine/
Paul Krugman,"June 22, 2009","Even high estimates for an early draft of the health care plan are ""less than the $1.8 trillion cost of the Bush tax cuts.""",mostly-true,column,National; Economy; Health Care; Pundits; Taxes,Angie Drobnic Holan,"June 24, 2009",https://www.politifact.com/factchecks/2009/jun/24/paul-krugman/bush-tax-cuts-health-care-probably/
House Republican Conference,"March 24, 2009","""The administration raises revenue for nationalized health care through a series of new taxes, including a light switch tax that would cost every American household $3,128 a year.""",pants-fire,press release and Web post,National; Taxes,Alexander Lane,"March 30, 2009",https://www.politifact.com/factchecks/2009/mar/30/house-republicans/GOP-full-of-hot-air-about-Obamas-light-switch-tax/
Cynthia Lummis,"March 24, 2009","Under Obama's budget plan, families making over $250,000 are ""going to lose their mortgage deduction, their charitable deductions.""",pants-fire,news conference.,National; Taxes,Robert Farley,"March 24, 2009",https://www.politifact.com/factchecks/2009/mar/24/cynthia-lummis/cynthia-lummis-claims-families-who-make-over-25000/
Robert Gibbs,"March 5, 2009","""A middle-class family donates $1 to charity, they get 15 cents off their income tax. Bill Gates donates $1 to charity, he takes 35 cents off his income tax.""",true,White House briefing,National; Taxes,Alexander Lane,"March 11, 2009",https://www.politifact.com/factchecks/2009/mar/11/robert-gibbs/No-wonder-the-rich-give-so-much-to-charity/
Americans United for Change,"March 9, 2009","Republican leaders said ""no"" to ""tax cuts for 95% of working Americans.""",mostly-false,cable TV ad,National; Stimulus; Taxes,Robert Farley,"March 10, 2009",https://www.politifact.com/factchecks/2009/mar/10/americans-united-change/republicans-opposed-obamas-stimulus-not-tax-cuts/
Bobby Jindal,"February 22, 2009","Louisiana is turning down $100 million ""that would require  us to change our unemployment law, that would have actually raised taxes on  Louisiana businesses.""",mostly-true,"interview on ""Meet the Press.""",National; Economy; Stimulus; Taxes,Angie Drobnic Holan,"February 24, 2009",https://www.politifact.com/factchecks/2009/feb/24/bobby-jindal/jindal-unemployment-measure-stimulus/
Chain email,"January 12, 2009","""Nancy Pelosi wants a Windfall Tax on Retirement Income.""",pants-fire,Internet attack,National; Taxes,Alexander Lane,"February 11, 2009",https://www.politifact.com/factchecks/2009/feb/11/chain-email/Pelosi-windfall-profits-stocks-email/
Barack Obama,"January 14, 2009","Geithner's failure to pay self-employment taxes while working for the IMF ""is a mistake that is commonly made for people who are working internationally or for international institutions.""",mostly-true,statement to reporters,National; Taxes,Robert Farley,"January 16, 2009",https://www.politifact.com/factchecks/2009/jan/16/barack-obama/Geithner-tax-error/
Sarah Palin,"October 24, 2008","Obama would ""experiment with socialism.""",pants-fire,speech,National; Taxes,Alexander Lane,"December 3, 2008",https://www.politifact.com/factchecks/2008/dec/03/sarah-palin/the-mccain-campaign-experiments-with-dishonesty/
Barack Obama,"October 14, 2008",The accuracy of the Obama tax calculator,half-true,campaign Web site,National; Taxes,Angie Drobnic Holan,"December 3, 2008",https://www.politifact.com/factchecks/2008/dec/03/barack-obama/accurate-for-some-not-so-much-for-others/
John McCain,"October 16, 2008","""Obama raises taxes on seniors (and) hard-working families to give welfare to those who pay none.""",false,Web ad,National; Taxes,Robert Farley,"December 1, 2008",https://www.politifact.com/factchecks/2008/dec/01/john-mccain/its-not-welfare/
John McCain,"October 28, 2008","Barack Obama said ""people making less than $250,000 would benefit from his plan"" then said ""if you're a family making less than $200,000, you'll benefit.""",mostly-true,"Hershey, Pa.",National; Taxes,Angie Drobnic Holan,"October 29, 2008",https://www.politifact.com/factchecks/2008/oct/29/john-mccain/different-statements-different-numbers/
Joe Biden,"October 23, 2008","""One percent of the American people make over 21 percent of all the income in America. That wasn’t the way before George Bush became president.""",half-true,TV interview,National; Taxes,Robert Farley,"October 27, 2008",https://www.politifact.com/factchecks/2008/oct/27/joe-biden/the-rich-are-in-fact-getting-richer/
John McCain,"October 12, 2008",Between 40 and 50 percent of tax filers do not owe any income tax.,mostly-true,television interview,National; Taxes,Angie Drobnic Holan,"October 20, 2008",https://www.politifact.com/factchecks/2008/oct/20/john-mccain/closer-to-40-percent-than-50-percent/
Barack Obama,"October 15, 2008","""98 percent of small businesses make less than $250,000"" and would not see a tax increase under Barack Obama's plan.",true,"Hempstead, N.Y.",National; Taxes,Angie Drobnic Holan,"October 16, 2008",https://www.politifact.com/factchecks/2008/oct/16/barack-obama/most-small-businesses-wont-be-subject-to-obamas-ta/
John McCain,"October 15, 2008","""He voted twice for a budget resolution that increases the taxes on individuals making $42,000 a year.""",half-true,debate,National; Taxes,David DeCamp,"October 15, 2008",https://www.politifact.com/factchecks/2008/oct/15/john-mccain/mccains-aim-still-off-on-tax-votes/
Barack Obama,"October 7, 2008","John McCain ""is proposing tax cuts that would give the average Fortune 500 CEO an additional $700,000 in tax cuts.""",mostly-true,debate,National; Taxes,Angie Drobnic Holan,"October 8, 2008",https://www.politifact.com/factchecks/2008/oct/08/barack-obama/high-earners-get-a-break-under-mccains-plan/
John McCain,"October 7, 2008","""Senator Obama has voted 94 times to either increase your taxes or against tax cuts.""",false,comment from McCain spokesman Tucker Bounds on Fox News,National; Taxes,Adriel Bettelheim,"October 7, 2008",https://www.politifact.com/factchecks/2008/oct/07/john-mccain/94-not-even-close/
Sarah Palin,"October 2, 2008","""As mayor, every year I was in office I did reduce taxes.""",half-true,debate,National; Taxes,Robert Farley,"October 3, 2008",https://www.politifact.com/factchecks/2008/oct/03/sarah-palin/property-taxes-rates-went-down-sales-tax-up/
Joe Biden,"October 2, 2008","Sen. McCain's tax plan provides ""virtually nothing to the middle class.""",mostly-false,vice presidential debate,National; Taxes,Robert Farley,"October 2, 2008",https://www.politifact.com/factchecks/2008/oct/02/joe-biden/mccains-tax-plan-doesnt-ignore-middle-class/
Barack Obama,"September 30, 2008","Says that under his tax plan, seniors making less than $50,000 per year won't pay any income taxes.",true,TV ad.,National; Taxes,Bill Adair,"September 30, 2008",https://www.politifact.com/factchecks/2008/sep/30/barack-obama/seniors-get-a-special-break/
Barack Obama,"September 30, 2008","""My plan offers three times as much tax relief to the middle class as Senator McCain's.""",half-true,TV ad,National; Taxes,Robert Farley,"September 30, 2008",https://www.politifact.com/factchecks/2008/sep/30/barack-obama/are-you-middle-class/
Barack Obama,"September 26, 2008","""There are so many loopholes ... our businesses pay effectively one of the lowest tax rates in the world.""",half-true,debate,National; Taxes,Robert Farley,"September 30, 2008",https://www.politifact.com/factchecks/2008/sep/30/barack-obama/obama-oversimplifies-corporate-taxes/
Barack Obama,"September 26, 2008","Under Obama's tax plan, ""95 percent of you will get a tax cut.""",half-true,"Oxford, Miss.",National; Taxes,Angie Drobnic Holan,"September 27, 2008",https://www.politifact.com/factchecks/2008/sep/27/barack-obama/many-will-get-tax-cuts-but-not-that-many/
John McCain,"September 26, 2008","Obama ""has voted in the United States Senate to increase taxes on people who make as low as $42,000 a year.""",mostly-false,"Oxford, Miss.",National; Taxes,Angie Drobnic Holan,"September 26, 2008",https://www.politifact.com/factchecks/2008/sep/26/john-mccain/mccain-repeats-questionable-tax-claim/
Barack Obama,"September 26, 2008","John McCain wants to ""give oil companies another $4-billion"" in tax breaks.",true,"Oxford, Miss.",National; Taxes,Robert Farley,"September 26, 2008",https://www.politifact.com/factchecks/2008/sep/26/barack-obama/better-context-for-a-once-questionable-tax-claim/
Barack Obama,"September 23, 2008","""Grateful insurance company executives and their lobbyists"" from Bermuda gave McCain $50,000.",true,a television ad,National; Taxes,Angie Drobnic Holan,"September 24, 2008",https://www.politifact.com/factchecks/2008/sep/24/barack-obama/mccain-did-get-money-from-bermuda-connected-source/
Barack Obama,"September 23, 2008","Obama says McCain went to Bermuda and ""pledged to protect tax breaks for American corporations that hide their profits offshore.""",mostly-true,a television ad,National; Taxes,Angie Drobnic Holan,"September 24, 2008",https://www.politifact.com/factchecks/2008/sep/24/barack-obama/yes-mccain-said-he-would-oppose-some-changes/
John McCain,"September 22, 2008","""Last week Senator Obama's running mate said, get this, 'Raising taxes is patriotic.' """,mostly-false,"Reading, Pa.",National; Taxes,Shawn Zeller,"September 23, 2008",https://www.politifact.com/factchecks/2008/sep/23/john-mccain/he-said-it-was-patriotic-to-pay-higher-taxes/
Barack Obama,"September 17, 2008","Obama's tax plan cuts taxes ""for 95 percent of all working families.""",true,"Elko, Nev.",National; Taxes,Angie Drobnic Holan,"September 18, 2008",https://www.politifact.com/factchecks/2008/sep/18/barack-obama/a-credit-for-workers-cuts-taxes-for-middle-class/
Chain email,"August 31, 2008","Palin ""inherited a city with zero debt, but left it with indebtedness of over $22-million.""",mostly-true,chain e-mail,National; Taxes,Robert Farley,"September 9, 2008",https://www.politifact.com/factchecks/2008/sep/09/chain-email/numbers-right-context-missing/
Joe Biden,"August 27, 2008",McCain supports tax breaks for companies that ship jobs overseas.,mostly-false,speech at the Democratic National Convention,National; Taxes,Richard Rubin,"September 8, 2008",https://www.politifact.com/factchecks/2008/sep/08/joe-biden/its-not-quite-that-simple/
Joe Biden,"August 27, 2008","John McCain's tax plan will give no reduction ""for 100-million American families.""",half-true,Denver,National; Taxes,Angie Drobnic Holan,"September 8, 2008",https://www.politifact.com/factchecks/2008/sep/08/joe-biden/100-million-people-is-more-accurate/
John McCain,"September 4, 2008","""I will keep taxes low and cut them where I can. My opponent will raise them.""",half-true,"St. Paul, Minn.",National; Taxes,Angie Drobnic Holan,"September 4, 2008",https://www.politifact.com/factchecks/2008/sep/04/john-mccain/obama-cuts-taxes-for-some-though/
Sarah Palin,"September 3, 2008","Barack Obama supports plans to raise ""income taxes ... payroll taxes.""",half-true,speech,National; Taxes,Angie Drobnic Holan,"September 3, 2008",https://www.politifact.com/factchecks/2008/sep/03/sarah-palin/obamas-taxes-hit-only-higher-incomes/
Sarah Palin,"August 29, 2008","When oil and gas prices sent state revenues up, Palin sent ""a large share of that revenue directly back to the people of Alaska.""",true,"Dayton, Ohio",National; Taxes,Angie Drobnic Holan,"August 29, 2008",https://www.politifact.com/factchecks/2008/aug/29/sarah-palin/each-alaskan-got-1200/
Michelle Obama,"August 25, 2008","While in the Illinois Senate, Barack Obama passed ""tax cuts for hard-working families.""",mostly-true,Denver,National; Taxes,Angie Drobnic Holan,"August 25, 2008",https://www.politifact.com/factchecks/2008/aug/25/michelle-obama/obama-sponsored-earned-income-tax-credit/
John McCain,,"On Obama, ""The press warns the 'Taxman Cometh.'""",mostly-false,,National; Taxes,Robert Farley,"August 15, 2008",https://www.politifact.com/factchecks/2008/aug/15/john-mccain/the-distortions-cometh/
John McCain,"August 8, 2008","Obama ""promises more taxes on small business, seniors, your life savings, your family.""",mostly-false,television ad,National; Taxes,Angie Drobnic Holan,"August 12, 2008",https://www.politifact.com/factchecks/2008/aug/12/john-mccain/for-the-most-part-only-if-youre-high-income/
John McCain,"August 11, 2008","Obama plans ""a tax increase for everyone earning more than $42,000 a year.""",false,Internet ad,National; Taxes,Angie Drobnic Holan,"August 12, 2008",https://www.politifact.com/factchecks/2008/aug/12/john-mccain/obamas-tax-plan-hits-200000-and-up/
Barack Obama,"August 11, 2008","John McCain offers ""billions in tax breaks for oil and drug companies, but almost nothing for families like yours.""",mostly-false,television ad,National; Taxes,Angie Drobnic Holan,"August 11, 2008",https://www.politifact.com/factchecks/2008/aug/11/barack-obama/tax-breaks-for-all-companies-credit-for-kids-/
John McCain,"August 8, 2008","Barack Obama promises higher taxes on ""the sale of your home.""",mostly-false,a radio ad.,National; Taxes,Angie Drobnic Holan,"August 8, 2008",https://www.politifact.com/factchecks/2008/aug/08/john-mccain/only-the-wealthy-make-big-profits-/
John McCain,"August 8, 2008","""Obama voted to raise taxes on people making just $42,000.""",mostly-false,a television ad.,National; Taxes,Angie Drobnic Holan,"August 8, 2008",https://www.politifact.com/factchecks/2008/aug/08/john-mccain/obama-voted-for-budget-resolution-not-taxes-/
Chain email,"July 23, 2008","Barack Obama wants to ""restore"" the estate tax that George W. Bush ""repealed.""",false,chain e-mail,National; Taxes,Angie Drobnic Holan,"August 4, 2008",https://www.politifact.com/factchecks/2008/aug/04/chain-email/bush-didnt-repeal-it-obama-would-expand-it/
Chain email,"July 22, 2008","""Obama will charge a 28 percent tax on all home sales.""",false,chain e-mail,National; Taxes,Angie Drobnic Holan,"August 4, 2008",https://www.politifact.com/factchecks/2008/aug/04/chain-email/not-obamas-policy/
Chain email,"July 23, 2008","John McCain will keep the estate tax at 0 percent, the same as it is now.",false,chain e-mail,National; Taxes,Angie Drobnic Holan,"August 4, 2008",https://www.politifact.com/factchecks/2008/aug/04/chain-email/larger-estates-will-be-taxed-just-like-now/
John McCain,"July 30, 2008","Obama ""says he'll raise taxes on electricity.""",mostly-false,television ad,National; Taxes,Angie Drobnic Holan,"July 31, 2008",https://www.politifact.com/factchecks/2008/jul/31/john-mccain/no-tax-offered-on-electricity/
Barack Obama,"July 18, 2008","""Sen. McCain's economic plan gives nearly $4-billion in tax breaks to the oil companies but doesn't provide any tax relief to more than 100-million middle-class families.""",mostly-false,statement e-mailed to reporters.,National; Taxes,Adriel Bettelheim,"July 23, 2008",https://www.politifact.com/factchecks/2008/jul/23/barack-obama/something-for-the-middle-more-for-the-top/
Barack Obama,,"""McCain will give more tax breaks to big oil.""",mostly-false,,National; Taxes,Robert Farley,"July 10, 2008",https://www.politifact.com/factchecks/2008/jul/10/barack-obama/big-oil-like-all-companies-would-get-tax-break/
John McCain,"July 7, 2008","""If you have an investment for your child's education or own a mutual fund or a stock in a retirement plan, (Obama) is going to raise your taxes.""",false,"Denver, Co.",National; Taxes,Robert Farley,"July 9, 2008",https://www.politifact.com/factchecks/2008/jul/09/john-mccain/mccains-argument-tangential-at-best/
Barack Obama,"June 19, 2008","Barack Obama ""cut taxes for working families.""",mostly-true,television ad,National; Taxes,Angie Drobnic Holan,"June 23, 2008",https://www.politifact.com/factchecks/2008/jun/23/barack-obama/obama-was-not-a-solo-performer/
John McCain,"June 10, 2008","Sen. Obama wants to ""enact the single largest tax increase since the Second World War.""",false,"Washington, D.C.",National; Taxes,Alexander Lane,"June 11, 2008",https://www.politifact.com/factchecks/2008/jun/11/john-mccain/two-wrongs-dont-make-a-right/
Republican National Committee,"May 18, 2008","Obama's plan to raise the capital gains tax ""hurts the middle class.""",mostly-false,Web ad,National; Taxes,Angie Drobnic Holan,"June 11, 2008",https://www.politifact.com/factchecks/2008/jun/11/republican-national-committee-republican/mostly-higher-incomes-pay-capital-gains-tax-/
Hillary Clinton,"April 30, 2008","Tax rates were significantly higher ""in the '40s, the '50s, and the '60s.""",true,"South Bend, Ind.",National; Taxes,Angie Drobnic Holan,"May 2, 2008",https://www.politifact.com/factchecks/2008/may/02/hillary-clinton/rates-were-a-lot-higher-back-in-the-day/
John McCain,"April 20, 2008","Barack Obama ""wants to nearly double the capital gains tax"" increasing taxes on ""mutual funds, 401(k)s"" for ""policemen, firemen, nurses.""",half-true,"an interview on ""This Week.""",National; Taxes,Angie Drobnic Holan,"April 29, 2008",https://www.politifact.com/factchecks/2008/apr/29/john-mccain/mccain-stretches-on-who-gets-hit/
Chain email,"March 13, 2008","Hillary Clinton and Barack Obama want to raise capital gains taxes, which apply to home sales.",mostly-false,chain e-mail,National; Taxes,Angie Drobnic Holan,"April 16, 2008",https://www.politifact.com/factchecks/2008/apr/16/chain-email/capital-gains-taxes-often-dont-apply-to-homeowners/
Hillary Clinton,"April 1, 2008","McCain's ""plan for the economy is to extend George Bush's tax cuts for billionaires and give a $100-billion additional corporate tax cut.""",half-true,Philadelphia.,National; Taxes,John Frank,"April 2, 2008",https://www.politifact.com/factchecks/2008/apr/02/hillary-clinton/thats-not-the-whole-plan/
Chain email,"March 13, 2008","Hillary Clinton and Barack Obama want to raise taxes on dividends, a move that would crash the stock market.",mostly-false,chain e-mail,National; Taxes,Angie Drobnic Holan,"March 24, 2008",https://www.politifact.com/factchecks/2008/mar/24/chain-email/dividends-taxes-wont-crash-the-market/
Campaign to Defend America,"March 5, 2008","McCain and Bush are millionaires who are ""for tax cuts for millionaires.""",mostly-true,television ad,National; Taxes,Angie Drobnic Holan,"March 17, 2008",https://www.politifact.com/factchecks/2008/mar/17/campaign-defend-america/both-millionaires-mccain-supports-bushs-cuts/
Republican National Committee,"February 11, 2008","RNC version of a Hillary Clinton valentine: ""Roses are red, violets are blue, I'll raise your taxes and there is nothing you can do.""",pants-fire,RNC Web site feature where you can send a GOP valentine from your favorite Democrat,National; Taxes,Amy Hollyfield,"February 14, 2008",https://www.politifact.com/factchecks/2008/feb/14/republican-national-committee-republican/hunk-of-burning-love/
Citizens United Political Victory Fund,"February 1, 2008","John McCain ""voted against the Bush tax cuts, both times.""",mostly-true,a TV ad,National; Taxes,Angie Drobnic Holan,"February 4, 2008",https://www.politifact.com/factchecks/2008/feb/04/citizens-united-political-victory-fund/mccain-voted-against-cuts-now-supports-them/
John McCain,"January 30, 2008","""(Romney's) record was that he raised taxes by $730-million.""",half-true,debate,National; Taxes,Robert Farley,"February 1, 2008",https://www.politifact.com/factchecks/2008/feb/01/john-mccain/one-mans-fees-are-anothers-taxes/
Mitt Romney,"January 24, 2008","""Now, I also support the Bush tax cuts. Sen. McCain voted against them originally. He now believes they should be made permanent. I'm glad he agrees they should be made permanent.""",true,Boca Raton.,National; Taxes,Adriel Bettelheim,"January 27, 2008",https://www.politifact.com/factchecks/2008/jan/27/mitt-romney/mccain-switched-tax-vote/
Mike Huckabee,"January 25, 2008","""The average American is working through the month of May just to pay off the government.""",half-true,debate,National; Taxes,Robert Farley,"January 25, 2008",https://www.politifact.com/factchecks/2008/jan/25/mike-huckabee/it-all-depends-what-you-consider-average/
Mike Huckabee,,"""When the Fair Tax becomes law, it will be like waving a magic wand releasing us from pain and unfairness.""",false,,National; Taxes,Angie Drobnic Holan,"January 23, 2008",https://www.politifact.com/factchecks/2008/jan/23/mike-huckabee/magic-wands-dont-exist/
Rudy Giuliani,"January 16, 2008","""And delivered more tax relief than the other Republicans combined.""",mostly-true,TV ad,National; Taxes,Robert Farley,"January 18, 2008",https://www.politifact.com/factchecks/2008/jan/18/rudy-giuliani/hard-to-measure-but-hes-a-tax-cutter/
Mike Huckabee,"January 10, 2008","""(Ronald Reagan) raised taxes a billion dollars in his first year as governor of California.""",true,debate,National; Taxes,Robert Farley,"January 11, 2008",https://www.politifact.com/factchecks/2008/jan/11/mike-huckabee/even-the-gipper/
Barack Obama,"January 5, 2008","""You've got a building in the Cayman Islands that supposedly houses 12,000 corporations. That's either the biggest building or the biggest tax scam on record.""",half-true,debate,National; Taxes,Alex Leary,"January 9, 2008",https://www.politifact.com/factchecks/2008/jan/09/barack-obama/yes-but-its-not-illegal/
Spike the Romney Attack Dog,"January 2, 2008","""Mike Huckabee raised taxes on dog groomers!""",mostly-true,mailer from the Romney campaign to Iowans,National; Taxes,Amy Hollyfield,"January 7, 2008",https://www.politifact.com/factchecks/2008/jan/07/spike-romney-attack-dog/barking-up-the-right-tree/
Mike Huckabee,"December 30, 2007","""...some of those (tax increases) were either court-ordered, or they were voted on by the people and approved by the people for (such) things as roads.""",half-true,TV interview on NBC.,National; Taxes,Neil Skene,"January 3, 2008",https://www.politifact.com/factchecks/2008/jan/03/mike-huckabee/voters-supported-the-roads-not-the-tax/
Mitt Romney,"December 26, 2007","""Sen. McCain says it was not a mistake to vote against the Bush tax cuts ... but now says the tax cuts need to be made permanent.""",true,press release,National; Taxes,Adriel Bettelheim,"January 3, 2008",https://www.politifact.com/factchecks/2008/jan/03/mitt-romney/yes-mccain-switched/
Ron Paul,"December 23, 2007","""If you got rid of the income tax today you'd have about as much revenue as we had 10 years ago.""",mostly-true,<i>Meet the Press</i> interview,National; Taxes,Angie Drobnic Holan,"January 3, 2008",https://www.politifact.com/factchecks/2008/jan/03/ron-paul/it-would-be-close-to-the-same-revenue/
Mitt Romney,"December 28, 2007","""McCain opposes repeal of the death tax.""",mostly-true,TV ad,National; Taxes,Janet Zink,"December 31, 2007",https://www.politifact.com/factchecks/2007/dec/31/mitt-romney/mccain-wants-to-keep-it-on-life-support/
Club for Growth,"December 26, 2007","""As governor, Mike Huckabee supported higher income taxes, sales taxes, gas taxes, grocery taxes, tobacco taxes, beer taxes, Internet taxes, nursing home bed taxes.""",half-true,TV ad,National; Taxes,Bill Adair,"December 26, 2007",https://www.politifact.com/factchecks/2007/dec/26/club-growth/he-supported-tax-hikes-to-balance-budget/
Hillary Clinton,"October 10, 2007","""The estate tax, which came into being by Republicans like Teddy Roosevelt and others ... is there for a real simple reason: In America, we've never liked the idea of massive inherited wealth.""",mostly-false,town hall meeting,National; Taxes,John Frank,"December 18, 2007",https://www.politifact.com/factchecks/2007/dec/18/hillary-clinton/need-not-wealth-prompted-estate-taxes/
Fred Thompson,"December 12, 2007","""Five percent of Americans pay over half the income taxes in this country. Forty percent of Americans pay no income taxes at all.""",true,debate,National; Taxes,Angie Drobnic Holan,"December 13, 2007",https://www.politifact.com/factchecks/2007/dec/13/fred-thompson/thompsons-tax-numbers-add-up/
Rudy Giuliani,"October 9, 2007","""I believe in tax cuts. I believe in being a supply-sider. I cut the income tax I think it was 24 percent. We got 42 percent more revenues.""",mostly-true,"Dearborn, Mich.",National; Taxes,Neil Skene,"November 21, 2007",https://www.politifact.com/factchecks/2007/nov/21/rudy-giuliani/update-giuliani-pushed-city-income-tax-cut/
Mike Huckabee,"August 2, 2007","""As governor of Arkansas, I cut taxes and fees almost 100 times, saving the taxpayers almost $380-million. I left a surplus of nearly $850-million.""",half-true,news release.,National; Taxes,Miranda Blue,"November 14, 2007",https://www.politifact.com/factchecks/2007/nov/14/mike-huckabee/a-nickel-and-dime-defense-/
Fred Thompson,"November 5, 2007","Huckabee ""was one of the highest taxing governors that we had in this country and rivaling Bill Clinton in terms of the Cato ratings.""",mostly-true,interview on the Fox News Channel.,National; Taxes,Miranda Blue,"November 14, 2007",https://www.politifact.com/factchecks/2007/nov/14/fred-thompson/yes-he-raised-taxes-and-scored-low/
John McCain,"September 28, 2007","""Our tax code is so complicated it extracts $140 billion in extra tax preparation costs every year - one thousand dollars for every American family.""",half-true,speech to the Hispanic Business Expo,National; Taxes,Janet Zink,"November 5, 2007",https://www.politifact.com/factchecks/2007/nov/05/john-mccain/the-high-cost-of-paying-taxes/
Hillary Clinton,"October 30, 2007","""The Alternative Minimum Tax was never intended to hit people in middle income, upper middle income. It was meant for people who are rich and evading taxes.""",true,Philadelphia,National; Taxes,David DeCamp,"November 1, 2007",https://www.politifact.com/factchecks/2007/nov/01/hillary-clinton/tax-for-the-rich-only-but-not-anymore/
Rudy Giuliani,"September 5, 2007","""The Alternative Minimum Tax...was created by Congress in 1969 to affect 155 wealthy Americans. Because it was never indexed for inflation, those original 155 taxpayers has increased to affect about 3.5-million in 2006.""",true,newspaper column,National; Taxes,David DeCamp,"November 1, 2007",https://www.politifact.com/factchecks/2007/nov/01/rudy-giuliani/adding-up-the-amt/
John Edwards,"September 20, 2007","""What happens is people like Warren Buffett — and he says this himself...pay 15 percent on the millions of dollars that they earn from wealth income... while their secretary is paying a higher rate on her work income. It's not right.""",true,"Davenport, Iowa",National; Taxes,David DeCamp,"October 17, 2007",https://www.politifact.com/factchecks/2007/oct/17/john-edwards/rich-man-low-tax/
Mitt Romney,"October 16, 2007","Mitt Romney boasts that he is ""proud to be the only major candidate for president to sign the tax pledge. The others have not.""",mostly-true,radio ad.,National; Taxes,Alex Leary,"October 16, 2007",https://www.politifact.com/factchecks/2007/oct/16/mitt-romney/depends-on-the-definition-of-major/
Rudy Giuliani,"October 9, 2007","""I cut taxes 23 times when I was mayor of New York City.""",half-true,debate,National; Taxes,Angie Drobnic Holan,"October 9, 2007",https://www.politifact.com/factchecks/2007/oct/09/rudy-giuliani/not-by-himself-he-didnt/
Mitt Romney,"September 21, 2007","""The Republican governor who stood up and cut spending instead of raising taxes.""",half-true,television ad.,National; Taxes,David Baumann,"September 21, 2007",https://www.politifact.com/factchecks/2007/sep/21/mitt-romney/define-tax-increase/
Mitt Romney,"April 26, 2007","""Senator McCain voted against the Bush tax cuts. Now he's for them.""",true,"Stratham, N.H.",National; Taxes,Angie Drobnic Holan,"September 5, 2007",https://www.politifact.com/factchecks/2007/sep/05/mitt-romney/mccain-switched-on-tax-cuts/
Rudy Giuliani,"July 30, 2007","""Democrats are kind of falling over each other seeing who can raise taxes faster. It looks like they're going to raise taxes anywhere between 20 to 30 percent.""",half-true,speech,National; Taxes,John Martin,"August 6, 2007",https://www.politifact.com/factchecks/2007/aug/06/rudy-giuliani/playing-fast-and-loose-with-numbers/
Bill Richardson,"May 10, 2007","""I used tax cuts to help create over 80,000 jobs in New Mexico.""",mostly-true,TV Ad.,National; Taxes,Bill Adair,"August 1, 2007",https://www.politifact.com/factchecks/2007/aug/01/bill-richardson/richardson-takes-credit-for-new-jobs/
