statement_originator,statement_date,statement,verdict,statement_source,tags,factchecker,factcheck_date,factcheck_analysis_link
Social Media,"January 11, 2026",A document shows Minnesota shooting victim Renee Good had a record of child abuse.,false,social media posts,Immigration; Crime,Loreben Tuquero,"January 12, 2026",https://www.politifact.com/factchecks/2026/jan/12/social-media/renee-nicole-good-criminal-record/
Pam Bondi,"December 29, 2025","The Justice Department has been investigating fraud in Minnesota “for months. So far, we have charged 98 individuals.”",half-true,X post,National; Crime; States,Amy Sherman,"January 8, 2026",https://www.politifact.com/factchecks/2026/jan/08/pam-bondi/DOJ-Minnesota-fraud-Trump-Biden-Somalis/
Ron DeSantis,"January 5, 2026",Venezuelan leader Nicolás Maduro “was releasing people from his prisons and sending them to our southern border under the Biden administration.”,false,press conference,Immigration; Crime; Florida; Venezuela,Samantha Putterman,"January 7, 2026",https://www.politifact.com/factchecks/2026/jan/07/ron-desantis/maduro-freed-venuzuela-prisoners-us-border/
Social Media,"December 15, 2025",Brown University student Mustapha Karbouch was a suspect in school shooting.,false,social media posts,National; Rhode Island; Education; Crime,Jeff Cercone,"December 19, 2025",https://www.politifact.com/factchecks/2025/dec/19/social-media/brown-shooting-kharbouch-neves-suspect-false/
Tim Walz,"November 30, 2025",“I take responsibility for putting people in jail” in Minnesota fraud scandal.,false,"interview on NBC's ""Meet the Press""",National; Crime,Amy Sherman,"December 5, 2025",https://www.politifact.com/factchecks/2025/dec/05/tim-walz/MN-Somali-fraud-Donald-Trump-TPS-immigration/
JD Vance,"October 15, 2025","""Political violence, it's just a statistical fact that it's a bigger problem on the left.”",mostly-false,episode of The Charlie Kirk Show,National; Crime; Terrorism,Amy Sherman,"October 20, 2025",https://www.politifact.com/factchecks/2025/oct/20/jd-vance/Trump-Charlie-Kirk-political-violence-left-right/
Donald Trump,"October 5, 2025",“Portland is burning to the ground.”,false,statement to the media,Immigration; National; Fires; Crime,Maria Briceño,"October 7, 2025",https://www.politifact.com/factchecks/2025/oct/07/donald-trump/Portland-ICE-arrest-burning-ground/
Donald Trump,"September 27, 2025","On Jan. 6, 2021, 274 FBI agents were “probably acting as agitators and insurrectionists, but certainly not as ‘law enforcement officials.’”",pants-fire,Truth Social post,National; Crime; Jan. 6,Samantha Putterman,"September 30, 2025",https://www.politifact.com/factchecks/2025/sep/30/donald-trump/FBI-agents-J6-attack-agitators-undercover/
Robert Ortt,"August 4, 2025","During Gov. Hochul’s tenure, there has been “more crime on our streets.”",mostly-true,statement,Crime; New York,Jill Terreri Ramos,"September 27, 2025",https://www.politifact.com/factchecks/2025/sep/27/robert-ortt/ortts-claim-about-rising-crime-needs-context/
Michael Whatley,"September 6, 2025",Former North Carolina Gov. Roy Cooper “bears direct responsibility” for the fatal stabbing of a woman on the Charlotte rail system.,false,X post,Crime; North Carolina,Will Doran,"September 12, 2025",https://www.politifact.com/factchecks/2025/sep/12/michael-whatley/whatley-falsely-accuses-cooper-of-bearing-direct-r/
X posts,"September 11, 2025",A book on Amazon titled “The Shooting of Charlie Kirk” with a Sept. 9 publication date is evidence the event was staged.,false,X post,National; Crime; Guns; Artificial intelligence,Samantha Putterman,"September 12, 2025",https://www.politifact.com/factchecks/2025/sep/12/tweets/Amazon-book-charlie-kirk-shooting-technical-error/
Donald Trump,"August 25, 2025","In Washington, D.C., “We always have a murder a week.”",false,remarks to the media,National; Crime,Amy Sherman,"August 27, 2025",https://www.politifact.com/factchecks/2025/aug/27/donald-trump/DC-homicide-week-national-guard-crime/
Donald Trump,"August 11, 2025","Washington, D.C., has 41 homicides per 100,000 people, “No. 1 that we can find anywhere in the world.”",false,speech,National; Crime,Maria Ramirez Uribe,"August 12, 2025",https://www.politifact.com/factchecks/2025/aug/12/donald-trump/washington-dc-homicide-rate-international/
X posts,"July 28, 2025",Suspect in July 28 New York City shooting “was shouting Free Palestine and wearing a Keffiyeh.”,false,X post,Crime; New York,Maria Briceño,"July 29, 2025",https://www.politifact.com/factchecks/2025/jul/29/tweets/Manhattan-shane-tamura-shooter-free-palestine/
Markwayne Mullin,"July 27, 2025",The Jeffrey Epstein plea agreement “was a sweetheart plea deal that was made under the Obama administration.”,false,"interview on CNN's ""State of the Union""",National; Crime; Florida; Jeffrey Epstein,Amy Sherman,"July 28, 2025",https://www.politifact.com/factchecks/2025/jul/28/markwayne-mullin/Epstein-plea-deal-state-charges/
X posts,"June 30, 2025",Idaho shooting suspect Wess Roley faced criminal charges and had a no-contact order from his family.,false,X posts,Fires; Crime; Artificial intelligence,Loreben Tuquero,"July 1, 2025",https://www.politifact.com/factchecks/2025/jul/01/tweets/Wess-Roley-Idaho-firefighters-shooting-suspect/
Mike Lee,"June 15, 2025",The suspect in the Minnesota lawmakers’ shootings was driven by “Marxist” ideology.,pants-fire,post on X,National; Criminal Justice; Crime,Madison Czopek,"June 16, 2025",https://www.politifact.com/factchecks/2025/jun/16/mike-lee/minnesota-shooter-ideology-boelter-marxist/
Gavin Newsom,"June 10, 2025","California has lower homicide rates than Alabama, Arkansas and Oklahoma.",mostly-true,posts on X,Crime; States; California,Louis Jacobson,"June 16, 2025",https://www.politifact.com/factchecks/2025/jun/16/gavin-newsom/california-homicide-rate-alabama-arkansas-oklahoma/
X posts,"May 22, 2025","The slaying of two Israeli embassy employees in Washington, D.C., is a false flag.",pants-fire,X post,Criminal Justice; Israel; Crime,Maria Briceño,"May 23, 2025",https://www.politifact.com/factchecks/2025/may/23/tweets/no-a-shooting-outside-the-capital-jewish-museum-wa/
X posts,"April 29, 2025",California Democrats “block bill to make sex trafficking minors a felony.”,mostly-false,X post,Legal Issues; Crime; California,Grace Abels,"May 5, 2025",https://www.politifact.com/factchecks/2025/may/05/tweets/child-sex-trafficking-already-a-felony-in-ca-bill/
Ian Miles Cheong,"March 19, 2025","Netflix show “Adolescence” is based on Southport, England, knife attacker but the show “race swapped the actual killer from a black man/migrant to a white boy.”",false,X post,National; Crime; Race and Ethnicity,Jeff Cercone,"March 21, 2025",https://www.politifact.com/factchecks/2025/mar/21/ian-miles-cheong/netflix-hit-show-adolescence-was-not-based-on-sout/
Facebook posts,"January 27, 2025",“A dangerous Hispanic couple” is “on the run after killing 3 female police officers.”,false,Facebook post,Crime; Facebook Fact-checks,Ciara O'Rourke,"January 31, 2025",https://www.politifact.com/factchecks/2025/jan/31/facebook-posts/no-this-isnt-an-authentic-warning-about-a-couple-w/
Donald Trump,"January 22, 2025","The U.S. House Select Committee that investigated the Jan. 6, 2021, attack on the U.S. Capitol “deleted and destroyed all of the information that they collected over two years.”",false,interview,National; Elections; Crime; Jan. 6,Samantha Putterman,"January 24, 2025",https://www.politifact.com/factchecks/2025/jan/24/donald-trump/donald-trump-goes-too-far-in-claim-that-jan-6-comm/
Facebook posts,"December 23, 2024",“The subway burning victim's name was Amelia Carter.”,false,Facebook post,Crime; Facebook Fact-checks; New York,Maria Briceño,"January 2, 2025",https://www.politifact.com/factchecks/2025/jan/02/facebook-posts/social-media-posts-wrongly-identify-new-york-subwa/
Social Media,"December 16, 2024","Tipster in UnitedHealthcare CEO killing is ineligible for reward money ""because she called 911 instead of the tip line.""",false,social media posts,Crime; Facebook Fact-checks,Loreben Tuquero,"December 19, 2024",https://www.politifact.com/factchecks/2024/dec/19/social-media/person-who-called-911-not-the-tiplines-about-the-c/
Social Media,"December 16, 2024",“The school shooter in Madison Wisconsin Christian School shooting has been identified as a female identifying as a male.”,false,post,Crime; Facebook Fact-checks; Wisconsin,Sara Swann,"December 17, 2024",https://www.politifact.com/factchecks/2024/dec/17/social-media/no-officials-didnt-say-madison-wisconsin-school-sh/
Facebook posts,"December 4, 2024","""The city of… is being warned to be alert & vigilant as there is a serial killer on the run,”  Robert Thibodeau.",false,Facebook post,Consumer Safety; Crime; Florida; Facebook Fact-checks; Michigan,Maria Briceño,"December 17, 2024",https://www.politifact.com/factchecks/2024/dec/17/facebook-posts/robert-thibodeau-is-not-a-serial-killer-on-the-run/
Threads posts,"December 9, 2024",“A $7.20 an hour McDonalds employee … now gets a cool 1/2 million dollar reward” for helping police find the suspected UnitedHealthcare CEO shooter.,false,post,Crime; Facebook Fact-checks,Sara Swann,"December 11, 2024",https://www.politifact.com/factchecks/2024/dec/11/threads-posts/no-a-mcdonalds-employee-isnt-getting-a-500000-rewa/
Social Media,"December 9, 2024","Substack article shows manifesto of Luigi Mangione, the suspect in health care executive's killing.",false,social media posts,National; Corrections and Updates; Crime; Facebook Fact-checks; New York,Jeff Cercone,"December 10, 2024",https://www.politifact.com/factchecks/2024/dec/10/social-media/no-evidence-luigi-mangione-published-viral-deleted/
Threads posts,"December 9, 2024","Elon Musk criticized the UnitedHealthcare CEO shooter on X, saying, “It’s disgusting how everyone is turning this guy into some kind of folk hero.”",false,Threads post,Fake news; Health Care; Crime,Sofia Ahmed,"December 10, 2024",https://www.politifact.com/factchecks/2024/dec/10/threads-posts/no-elon-musk-didnt-say-he-was-disgusted-about-ever/
Donald Trump,"October 27, 2024","“As California attorney general, (Kamala Harris) redefined child sex trafficking, assault with a deadly weapon, and rape of an unconscious person as a totally nonviolent crime.”",false,remarks at a rally at Madison Square Garden,Crime; California,Grace Abels,"November 1, 2024",https://www.politifact.com/factchecks/2024/nov/01/donald-trump/trumps-false-claim-that-harris-redefined-crimes-li/
Donald Trump,"October 29, 2024","In Lancaster, Pa., “We caught them with 2,600 votes. We caught them cold, 2,600 votes. ... And every vote was written by the same person.""",false,rally,National; Elections; Crime; Pennsylvania,Amy Sherman,"October 30, 2024",https://www.politifact.com/factchecks/2024/oct/30/donald-trump/trumps-claim-that-2600-votes-were-caught-in-lancas/
Eric Hovde,"October 8, 2024",“Milwaukee is one of the sex trafficking capitals in our country.”,mostly-true,Public appearance,Criminal Justice; Legal Issues; Crime; Sexuality; Wisconsin,Ricardo Torres,"October 29, 2024",https://www.politifact.com/factchecks/2024/oct/29/eric-hovde/hovde-called-milwaukee-a-sex-trafficking-capital-i/
Kari Lake,"October 9, 2024","“Arizona was safe” when she moved to the state in 1994, but has become “unsafe.”",false,Senate debate,Crime; Arizona; 2024 Senate Elections,Louis Jacobson,"October 11, 2024",https://www.politifact.com/factchecks/2024/oct/11/kari-lake/kari-lake-says-arizona-was-safer-in-1994-but-crime/
Donald Trump,"September 29, 2024","Kamala Harris ""let in the 13,099 convicted murderers and opposes all efforts to find them and to remove them.""",false,rally,Immigration; Crime,Marta Campabadal Graus,"October 2, 2024",https://www.politifact.com/factchecks/2024/oct/02/donald-trump/why-donald-trumps-claim-that-kamala-harris-let-in/
Donald Trump,"September 29, 2024",Vice President Kamala Harris “even wants to legalize fentanyl.”,false,rally,National; Drugs; Elections; Crime,Amy Sherman,"October 1, 2024",https://www.politifact.com/factchecks/2024/oct/01/donald-trump/trump-said-harris-wants-to-legalize-fentanyl-thats/
JD Vance,"September 15, 2024","In Springfield, Ohio, “murders are up by 81%.”",mostly-false,CNN interview,Immigration; Elections; Crime,Madison Czopek,"September 23, 2024",https://www.politifact.com/factchecks/2024/sep/23/jd-vance/vance-cherry-picks-data-to-claim-81-murder-spike-a/
Republican Governors Association,"June 24, 2024","“On (Josh) Stein’s watch, rapes in North Carolina are up 53%.”",mostly-false,campaign advertisement,Crime; North Carolina,Paul Specht,"September 17, 2024",https://www.politifact.com/factchecks/2024/sep/17/republican-governors-association/anti-stein-ad-cherry-picks-stat-about-rape-in-nort/
Donald Trump,"August 23, 2024",“There’s been a 43% increase in violent crimes since I left office.”,mostly-false,campaign event,Crime,Louis Jacobson,"September 4, 2024",https://www.politifact.com/factchecks/2024/sep/04/donald-trump/donald-trump-said-violent-crime-is-up-43-but-that/
Donald Trump,"August 15, 2024",California law lets you “rob a store as long as it’s not more than $950” and “not get charged.” Kamala Harris “did that.”,false,news conference,National; Elections; Crime; California,Jeff Cercone,"August 19, 2024",https://www.politifact.com/factchecks/2024/aug/19/donald-trump/donald-trump-misleads-about-a-2014-california-crim/
Tim Walz,"August 6, 2024",“Violent crime was up under Donald Trump.”,half-true,rally,Crime,Louis Jacobson,"August 7, 2024",https://www.politifact.com/factchecks/2024/aug/07/tim-walz/was-tim-walz-right-that-violent-crime-was-up-under/
Donald Trump Jr.,"July 17, 2024","After being shot at a Milwaukee rally in 1912, former President Teddy Roosevelt “finished his speech and he kept fighting.”",mostly-true,Speech,National; Elections; Crime; Guns; Wisconsin,Madeline Heim,"July 18, 2024",https://www.politifact.com/factchecks/2024/jul/18/donald-trump-jr/trump-jr-mostly-right-on-story-about-teddy-rooseve/
Kari Lake,"July 16, 2024","“Just last week, Ruben Gallego voted to let the millions of people who poured into our country illegally cast a ballot in this upcoming election.”",false,a speech at RNC,Immigration; National; Elections; Crime; Arizona; 2024 Senate Elections,Amy Sherman,"July 17, 2024",https://www.politifact.com/factchecks/2024/jul/17/kari-lake/rnc-night-2-kari-lakes-false-claim-that-gallego-vo/
Threads posts,"July 14, 2024",Trump campaign rally gunman Thomas Matthew Crooks was “arrested more than once.”,false,post on Threads,Criminal Justice; Elections; Crime; Facebook Fact-checks,Ranjan Jindal,"July 16, 2024",https://www.politifact.com/factchecks/2024/jul/16/threads-posts/claim-that-thomas-matthew-crooks-was-arrested-more/
Joe Biden,"July 13, 2024",“The idea that there’s political violence or violence in America like this is just unheard of.”,false,statement to the media,National; Elections; Crime; Guns,Louis Jacobson,"July 15, 2024",https://www.politifact.com/factchecks/2024/jul/15/joe-biden/is-political-violence-unheard-of-the-long-history/
Social Media,"July 13, 2024","Donald Trump staged the shooting at his rally in Butler, Pennsylvania.",pants-fire,social media posts,National; Crime; Guns,Samantha Putterman,"July 14, 2024",https://www.politifact.com/factchecks/2024/jul/14/social-media/donald-trump-staged-the-shooting-at-his-rally-in-b/
Instagram posts,"June 30, 2024",The city of San Francisco posted street signs warning that “stolen goods must remain under $950.”,false,Instagram post,Crime; California; Facebook Fact-checks,Jeff Cercone,"July 2, 2024",https://www.politifact.com/factchecks/2024/jul/02/instagram-posts/san-francisco-street-signs-warning-of-950-retail-t/
Donald Trump,"June 15, 2024",Crime statistics “no longer include data from 30% of the country including the biggest and most violent cities.”,false,remarks,Crime,Louis Jacobson,"June 18, 2024",https://www.politifact.com/factchecks/2024/jun/18/donald-trump/donald-trump-wrong-that-crime-stats-exclude-30-of/
Joe Biden,"May 24, 2024","""The last administration oversaw the largest increase in murders ever recorded.""",half-true,campaign email,Crime,Louis Jacobson,"June 10, 2024",https://www.politifact.com/factchecks/2024/jun/10/joe-biden/did-donald-trump-oversee-the-biggest-one-year-rise/
Donald Trump,"May 29, 2024","Joe Biden “is letting millions of people from jails, from prisons, from insane asylums, from mental institutions, drug dealers pour in.”",pants-fire,comments to reporters,Immigration; National; Elections; Crime,Maria Ramirez Uribe,"June 6, 2024",https://www.politifact.com/factchecks/2024/jun/06/donald-trump/fact-check-trumps-ridiculous-claim-that-millions-o/
Donald Trump,"June 2, 2024","Speaking about Hillary Clinton: “I didn’t say, ‘Lock her up.’ ”",pants-fire,interview with Fox,National; Elections; Crime,Amy Sherman,"June 3, 2024",https://www.politifact.com/factchecks/2024/jun/03/donald-trump/fact-check-trump-falsely-said-he-didnt-say-lock-he/
Social Media,"May 29, 2024",Judge Juan Merchan told New York jurors the verdict in Donald Trump’s trial does not need to be unanimous.,false,social media posts,National; Legal Issues; Crime; New York,Louis Jacobson,"May 29, 2024",https://www.politifact.com/factchecks/2024/may/29/social-media/fact-checking-the-misleading-claim-that-the-trump/
Joe Biden,"May 15, 2024",“Violent crime is near a record 50-year low.”,true,speech at a police memorial service,Corrections and Updates; Crime,Louis Jacobson,"May 28, 2024",https://www.politifact.com/factchecks/2024/may/28/joe-biden/joe-biden-is-correct-that-violent-crime-is-near-a/
Facebook posts,"April 30, 2024",Hacker Hamza Bendelladj was executed.,false,Facebook post,Criminal Justice; Crime; Facebook Fact-checks,Ciara O'Rourke,"May 3, 2024",https://www.politifact.com/factchecks/2024/may/03/facebook-posts/the-happy-hacker-lives-hamza-bendelladj-wasnt-exec/
Kamala Harris,"April 15, 2024",“As many as 75% of school shootings resulted from a gun that was not secured.”,mostly-false,moderated conversation,National; Children; Crime; Guns,Samantha Putterman,"April 22, 2024",https://www.politifact.com/factchecks/2024/apr/22/kamala-harris/are-75-of-guns-used-in-school-shootings-found-unse/
X posts,"April 11, 2024","An X post that said, “I did it” was “the last thing O.J. Simpson tweeted before he passed.”",false,post on X,Crime,Madison Czopek,"April 12, 2024",https://www.politifact.com/factchecks/2024/apr/12/tweets/fact-checking-the-false-claim-that-oj-simpson-post/
Donald Trump,"April 2, 2024","""Crime is down in Venezuela by 67% because they're taking their gangs and their criminals and depositing them very nicely into the United States.”",false,speech,Immigration; Crime,Maria Ramirez Uribe,"April 10, 2024",https://www.politifact.com/factchecks/2024/apr/10/donald-trump/donald-trump-exaggerates-venezuelan-crime-drop-and/
Robert F. Kennedy Jr.,"April 5, 2024","On Jan. 6, 2021, U.S. Capitol “protestors carried no weapons.”",pants-fire,statement on his website,National; Corrections and Updates; Crime; Jan. 6,Amy Sherman,"April 5, 2024",https://www.politifact.com/factchecks/2024/apr/05/robert-f-kennedy-jr/rfk-jr-falsely-said-that-jan-6-protestors-carried/
Instagram posts,"March 29, 2024",The FBI admitted that Venezuela emptied its prisons and sent the inmates to the U.S.,false,Instagram post,Immigration; Homeland Security; Crime; Facebook Fact-checks,Sofia Ahmed,"April 4, 2024",https://www.politifact.com/factchecks/2024/apr/04/instagram-posts/no-the-fbi-did-not-say-venezuela-sent-its-prison-p/
Nancy Mace,"March 30, 2024","“Since Joe Biden took office, crime has skyrocketed across our country.”",mostly-false,post on X,Criminal Justice; Crime,Louis Jacobson,"April 3, 2024",https://www.politifact.com/factchecks/2024/apr/03/nancy-mace/has-crime-skyrocketed-under-joe-biden-not-exactly/
Tammy Baldwin,"March 7, 2024",“We’re facing situations these days where you have to have two officers in the evidence room in case there’s an accidental (fentanyl) exposure.”,true,Public appearance,National; Criminal Justice; Drugs; Crime; Wisconsin,Laura Schulte,"March 29, 2024",https://www.politifact.com/factchecks/2024/mar/29/tammy-baldwin/yes-many-wisconsin-police-agencies-have-two-office/
Instagram posts,"March 3, 2024","A new Missouri bill “would put teachers on the sex offense registry if they ‘contribute to social transition’” of transgender students, including by using gender-affirming pronouns.",mostly-true,Instagram post,Crime; LGBTQ; Missouri,Grace Abels,"March 11, 2024",https://www.politifact.com/factchecks/2024/mar/11/instagram-posts/missouri-bill-would-make-it-a-felony-for-teachers/
Chris Murphy,"February 11, 2024",The Bipartisan Safer Communities Act led to “a 12% reduction in urban homicides in this country.”,half-true,interview,National; Crime; Guns,Samantha Putterman,"February 15, 2024",https://www.politifact.com/factchecks/2024/feb/15/chris-murphy/the-us-homicide-rate-has-declined-but-democrat-sen/
Kelda Helen Roys,"February 1, 2024",Minnesota incarcerates “about a third of what Wisconsin does.”,true,Public appearance,Criminal Justice; Crime; States; Wisconsin,Laura Schulte,"February 14, 2024",https://www.politifact.com/factchecks/2024/feb/14/kelda-helen-roys/yes-minnesota-incarcerates-far-less-people-than-wi/
Donald Trump,"February 8, 2024",“I cooperated far more” than Joe Biden in the classified documents investigations.,pants-fire,statement to the media,National; Elections; Legal Issues; Crime,Amy Sherman,"February 9, 2024",https://www.politifact.com/factchecks/2024/feb/09/donald-trump/trump-says-he-cooperated-far-more-than-biden-in-cl/
Instagram posts,"January 4, 2024",“Epstein List” shows 166 people connected to convicted sex offender Jeffrey Epstein.,false,Instagram post,Crime; Pop Culture; Facebook Fact-checks; Jeffrey Epstein,Loreben Tuquero,"February 1, 2024",https://www.politifact.com/factchecks/2024/feb/01/instagram-posts/we-fact-checked-a-years-old-epstein-list-with-166/
Thom Tillis,"January 8, 2024",Police made ‘no arrests’ of protesters who blocked Durham Freeway,false,press release,Crime; North Carolina,Paul Specht,"January 19, 2024",https://www.politifact.com/factchecks/2024/jan/19/thom-tillis/tillis-falsely-says-police-made-no-arrests-of-prot/
Nick LaLota,"November 18, 2023",Under New York’s Clean Slate Act “violent crimes … will now be automatically sealed after a set time - like they never happened.”,mostly-false,social media post,Criminal Justice; Crime; New York,Jill Terreri Ramos,"January 1, 2024",https://www.politifact.com/factchecks/2024/jan/01/nick-lalota/nys-clean-slate-law-doesnt-keep-convictions-sealed/
Vivek Ramaswamy,"December 6, 2023",“Jan. 6 now does look like it was an inside job.”,pants-fire,Republican presidential primary debate,National; Crime; Jan. 6,Amy Sherman,"December 7, 2023",https://www.politifact.com/factchecks/2023/dec/07/vivek-ramaswamy/vivek-ramaswamy-said-jan-6-was-an-inside-job-at-al/
Gavin Newsom,"November 19, 2023","In Florida, “any woman who has an abortion after six weeks — and any doctor who gives her care — will be guilty of a felony.”",half-true,statement on X,Abortion; Crime; Florida; California,Amy Sherman,"November 29, 2023",https://www.politifact.com/factchecks/2023/nov/29/gavin-newsom/do-florida-women-doctors-face-felony-charges-for-a/
Clay Higgins,"November 15, 2023","A ""ghost bus … filled with FBI informants dressed as Trump supporters deployed onto our Capitol on January 6th.”",false,congressional hearing,Crime; Jan. 6,Madison Czopek,"November 21, 2023",https://www.politifact.com/factchecks/2023/nov/21/clay-higgins/why-a-republicans-claim-about-ghost-buses-of-fbi-i/
Facebook posts,"November 9, 2023",“There is a serial killer in Cincinnati.” Seven bodies were found “chopped up.”,false,Facebook post,Ohio; Crime; Facebook Fact-checks,Jeff Cercone,"November 10, 2023",https://www.politifact.com/factchecks/2023/nov/10/facebook-posts/no-evidence-of-a-serial-killer-in-cincinnati-polic/
TikTok posts,"October 3, 2023","An ABC News headline said, “Journalist covering the Hunter Biden case dies after being shot 7 times.”",false,video,Fake news; Crime,Grace Abels,"October 6, 2023",https://www.politifact.com/factchecks/2023/oct/06/tiktok-posts/no-this-is-not-a-real-abc-news-headline-tying-jour/
Mike Gallagher,"June 27, 2023","China sends “fentanyl into America killing 80,000 Americans a year.”",half-true,Interview,National; Border Security; Drugs; Crime; Wisconsin,Sophia Voight,"October 6, 2023",https://www.politifact.com/factchecks/2023/oct/06/mike-gallagher/gallagher-misrepresents-chinas-role-in-us-fentanyl/
Instagram posts,"September 5, 2023","“California Democrats have proposed Bill 553, which makes it ILLEGAL to confront or fight back against looters, burglars and shoplifters.”",false,Instagram post,Crime; California; Facebook Fact-checks,Sara Swann,"September 19, 2023",https://www.politifact.com/factchecks/2023/sep/19/instagram-posts/no-this-california-bill-doesnt-make-it-illegal-for/
Donald Trump,"August 15, 2023","Fulton County District Attorney Fani Willis “campaigned and raised money on, ‘I will get Trump.’”",false,Truth Social post,Georgia; National; Elections; Legal Issues; Crime,Amy Sherman,"August 18, 2023",https://www.politifact.com/factchecks/2023/aug/18/donald-trump/did-fulton-county-da-fani-willis-campaign-to-get-t/
Donald Trump,"August 4, 2023",“They are trying to make it illegal to question the results of a bad election.”,false,speech,National; Elections; Legal Issues; Crime,Amy Sherman,"August 9, 2023",https://www.politifact.com/factchecks/2023/aug/09/donald-trump/trump-says-doj-is-trying-to-criminalize-asking-que/
Facebook posts,"June 18, 2023",“New California bill charges parents with child abuse for refusing to ‘affirm’ their kid’s gender identity.”,false,video,Legal Issues; Crime; LGBTQ; California,Grace Abels,"June 22, 2023",https://www.politifact.com/factchecks/2023/jun/22/facebook-posts/california-bill-affects-custody-disputes-doesnt-ch/
TikTok posts,"June 3, 2023","“Cocaine, porn, evidence of child trafficking found in (Gov. Gretchen) Whitmer’s car.”",pants-fire,TikTok post,Crime; Facebook Fact-checks; Michigan,Ciara O'Rourke,"June 9, 2023",https://www.politifact.com/factchecks/2023/jun/09/tiktok-posts/story-about-gretchen-whitmer-drug-bust-was-fabrica/
Instagram posts,"May 24, 2023",A list shows violent crimes in Los Angeles that “people will be set free on as of today.”,false,Instagram post,Crime; Facebook Fact-checks,Loreben Tuquero,"May 26, 2023",https://www.politifact.com/factchecks/2023/may/26/instagram-posts/social-media-post-misleads-with-los-angeles-county/
Facebook posts,"May 8, 2023","“Both murderers in Texas were not only illegals, but gang members” and were “most likely tied to MS-13.”",false,Facebook post,Immigration; National; Crime,Samantha Putterman,"May 10, 2023",https://www.politifact.com/factchecks/2023/may/10/facebook-posts/false-claims-spread-online-about-suspects-in-the-r/
Marc Short,"May 7, 2023","“This year, there have been 13,000 deaths by gun violence. The vast majority, 95% of them, are in inner cities, where you have some of the strictest gun control laws in the country.”",mostly-false,"remarks on CNN's ""State of the Union""",Legal Issues; Crime; Guns,Louis Jacobson,"May 10, 2023",https://www.politifact.com/factchecks/2023/may/10/marc-short/is-95-of-gun-violence-occurring-in-inner-cities-no/
Kirsten Gillibrand,"March 20, 2023",“Many law enforcement agencies didn’t submit their (hate crime) data to the FBI.”,true,speech at John Jay College of Criminal Justice,Crime; Race and Ethnicity; New York,Cameron Carr,"April 25, 2023",https://www.politifact.com/factchecks/2023/apr/25/kirsten-gillibrand/is-kristen-gillibrand-right-that-many-law-enforcem/
TikTok posts,"April 23, 2023",People are participating in “National Rape Day’” on April 24.,false,post,National; Crime,Gabrielle Settles,"April 24, 2023",https://www.politifact.com/factchecks/2023/apr/24/tiktok-posts/no-evidence-people-are-taking-part-in-sexual-assau/
X posts,"April 3, 2023",“Florida man charged with a hate crime” for defacing pride crosswalk.,mostly-false,Tweet,Crime; LGBTQ; Florida,Grace Abels,"April 7, 2023",https://www.politifact.com/factchecks/2023/apr/07/tweets/truck-driver-who-defaced-florida-pride-crosswalk-w/
X posts,"March 26, 2023",White House Press Secretary Karine Jean-Pierre was involved in a covered-up DUI accident,pants-fire,tweet,National; Alcohol; Crime; Facebook Fact-checks,Samantha Putterman,"April 5, 2023",https://www.politifact.com/factchecks/2023/apr/05/tweets/no-evidence-white-house-press-secretary-karine-jea/
Charles Schumer,"March 10, 2023",Sullivan County “has the highest opioid death rate in all of New York state” yet “it’s the only county in the Hudson Valley not included in the federal High-Intensity Drug Trafficking Area” program.,mostly-true,news release,Drugs; Crime; Public Health; New York,Conor Amendola,"April 4, 2023",https://www.politifact.com/factchecks/2023/apr/04/charles-schumer/fact-checking-chuck-schumer-sullivan-county-drug-t/
Joe Biden,"March 28, 2023","In the U.S., “you’re not allowed to own a machine gun.”",mostly-false,speech,National; Congress; Crime; Guns,Amy Sherman,"April 3, 2023",https://www.politifact.com/factchecks/2023/apr/03/joe-biden/biden-said-you-cant-own-a-machine-gun-you-can-in-m/
Ashbey Beasley,"March 27, 2023",“Gun violence is the number one killer of children and teens — it has overtaken cars.”,mostly-true,statement to the media,National; Children; Crime; Guns,Amy Sherman,"March 29, 2023",https://www.politifact.com/factchecks/2023/mar/29/ashbey-beasley/gun-violence-surpasses-car-accidents-leading-cause/
William Barclay,"March 7, 2023",“A proposal in Syracuse would pay gang members $100-$200 per week to stay out of trouble.”,mostly-true,tweet,Crime; New York,Marnique O. Panepento,"March 29, 2023",https://www.politifact.com/factchecks/2023/mar/29/william-barclay/syracuse-proposal-would-pay-gang-members-stay-away/
Donald Trump,"March 4, 2023","Violent crime in Manhattan is ""now at a record level.""",false,post on Truth Social,Crime; New York,Maria Ramirez Uribe,"March 24, 2023",https://www.politifact.com/factchecks/2023/mar/24/donald-trump/donald-trump-exaggerates-manhattan-crime-levels-at/
Darrin Madison,"February 8, 2023","Under a GOP bill on cash bail, ""a large quantity of people who are accused of crimes, including anyone who even witnesses certain crimes, could now be detained and subject to bail.""",half-true,News release,Criminal Justice; Legal Issues; Crime; Wisconsin,Madeline Heim,"March 17, 2023",https://www.politifact.com/factchecks/2023/mar/17/darrin-madison/madison-is-half-right-on-claim-about-gops-cash-bai/
Joe Biden,"March 9, 2023",“More cops are killed responding to domestic violence calls than anything else.”,false,speech about his budget proposal,National; Federal Budget; Crime,Amy Sherman,"March 15, 2023",https://www.politifact.com/factchecks/2023/mar/15/joe-biden/joe-biden-says-domestic-violence-calls-prompt-most/
Kat Cammack,"March 2, 2023","The Justice Department has been “calling parents that are concerned about what their kids are being taught, they are labeling them terrorists.”",false,speech at CPAC,National; Education; Crime; Florida,Madison Czopek,"March 2, 2023",https://www.politifact.com/factchecks/2023/mar/02/kat-cammack/at-cpac-florida-us-rep-repeats-false-claim-about-j/
Instagram posts,"February 26, 2023","Rifles “were involved in 297 deaths” in the U.S. in 2022 and “constipation killed 2,167.”",false,Instagram post,Crime; Public Health; Facebook Fact-checks; Guns,Tom Kertscher,"February 28, 2023",https://www.politifact.com/factchecks/2023/feb/28/instagram-posts/nothing-back-claim-constipation-killed-seven-times/
Facebook posts,"February 26, 2023",The officers who beat Tyre Nichols targeted him because he was “allegedly dating” one of their wives.,false,post,Criminal Justice; Crime; Facebook Fact-checks,Madison Czopek,"February 2, 2023",https://www.politifact.com/factchecks/2023/feb/02/facebook-posts/claims-that-tyre-nichols-was-dating-a-police-offic/
Scott Perry,"January 8, 2023","""Parents that go to school board meetings"" and question the curriculum are being ""flagged by the Department of Justice and the FBI for attending a meeting.""",false,ABC This Week interview,Education; Crime,Amy Sherman,"January 10, 2023",https://www.politifact.com/factchecks/2023/jan/10/scott-perry/fbi-doj-tagged-threats-against-school-officials-no/
Facebook posts,"December 19, 2022",People who stole U.S. Postal Service uniforms are posing as postal workers and robbing people at gunpoint.,false,Facebook post,Crime; Facebook Fact-checks,Ciara O'Rourke,"December 20, 2022",https://www.politifact.com/factchecks/2022/dec/20/facebook-posts/no-evidence-fake-postal-workers-are-robbing-people/
Instagram posts,"December 12, 2022","Human traffickers are putting toxin-laced tissues on gas pumps and door handles, then waiting for potential victims to pass out.",false,Instagram post,Crime; Facebook Fact-checks,Jeff Cercone,"December 16, 2022",https://www.politifact.com/factchecks/2022/dec/16/instagram-posts/no-evidence-human-traffickers-using-toxic-tissues/
Bryan Steil,"November 15, 2022","In Milwaukee, ""The (homicide) rate has nearly doubled in the past two years.""",true,Twitter,Criminal Justice; Legal Issues; Crime; Guns; Wisconsin,D.L. Davis,"December 9, 2022",https://www.politifact.com/factchecks/2022/dec/09/bryan-steil/steil-on-target-with-claim-on-milwaukees-homicide/
Cliff Hayes,"November 23, 2022","“When you compare us to the European Union, we're something like 23 times more likely” to have homicides and handgun killings.",mostly-true,TV interview.,Crime; Guns; Virginia,Warren Fiske,"December 2, 2022",https://www.politifact.com/factchecks/2022/dec/02/cliff-hayes/gun-homicides-22-times-more-frequent-us-european-u/
X posts,"November 20, 2022",The Club Q shooting was a “false flag.”,pants-fire,tweet,Colorado; National; Crime; Facebook Fact-checks; Guns,Andy Nguyen,"November 22, 2022",https://www.politifact.com/factchecks/2022/nov/22/tweets/no-club-q-shooting-colorado-springs-was-not-false/
Yesli Vega,"October 20, 2022",They were “never my comments” that a woman can’t get pregnant from rape.,half-true,interview.,Abortion; Crime; Virginia,Warren Fiske,"November 4, 2022",https://www.politifact.com/factchecks/2022/nov/04/yesli-vega/vega-downplays-her-comments-disassociating-rape-an/
Tim Michels,"October 24, 2022","Tony Evers “wants to let out between 9,000 and 10,000 more” Wisconsin prisoners",false,News conference,Criminal Justice; Elections; Legal Issues; Crime; Wisconsin,Madeline Heim,"November 4, 2022",https://www.politifact.com/factchecks/2022/nov/04/tim-michels/no-tony-evers-doesnt-want-to-let-out-9000-to-10000/
Kris Mayes,"September 28, 2022",“We have seen over the last 10 years ... under Republican governors a rise in the murder rate in Arizona of 20%.”,mostly-false,debate,Crime; Arizona,Sydney Carruth,"November 2, 2022",https://www.politifact.com/factchecks/2022/nov/02/kris-mayes/kris-mayes-said-arizonas-murder-rate-rose-by-20-un/
Donald Trump,"November 1, 2022","At the Pelosi house, “the glass it seems was broken from the inside to the out, so it wasn’t a break-in, it was a breakout.”",pants-fire,podcast interview,Crime,Gabrielle Settles,"November 2, 2022",https://www.politifact.com/factchecks/2022/nov/02/donald-trump/donald-trumps-conspiracy-theory-about-broken-glass/
Amy Klobuchar,"October 30, 2022",“One in six local election officials have received threats of violence” and threats against judges have doubled over four years and threats against members of Congress have increased by 10 times over five years.,mostly-true,interview on Meet the Press,National; Congress; Elections; Crime; Terrorism,Amy Sherman,"November 1, 2022",https://www.politifact.com/factchecks/2022/nov/01/amy-klobuchar/election-officials-lawmakers-congress-have-faced-i/
Instagram posts,"November 29, 2022",Police dispatch audio from Paul Pelosi’s attack was recorded in a Moscow studio.,pants-fire,Instagram post,Crime; California; Facebook Fact-checks,Ciara O'Rourke,"November 1, 2022",https://www.politifact.com/factchecks/2022/nov/01/instagram-posts/police-dispatch-audio-pelosi-attack-was-san-franci/
Kim Reynolds,"October 6, 2022","""Deidre DeJear refused to stand for police.""",half-true,campaign ad,Criminal Justice; Crime; Iowa,Liam Halawith,"October 31, 2022",https://www.politifact.com/factchecks/2022/oct/31/kim-reynolds/reynolds-campaign-ad-on-police-support-skips-dejea/
Charlie Crist,"October 24, 2022","""Crime is up under Governor DeSantis. Crime was down when I was your governor.""",mostly-false,gubernatorial debate,Crime; Florida,Yacob Reyes,"October 28, 2022",https://www.politifact.com/factchecks/2022/oct/28/charlie-crist/charlie-crists-crime-comparison-with-ron-desantis/
Ted Budd,"October 7, 2022",Cheri Beasley was “encouraging (riots) all across our state and all across our country in 2020.”,false,debate,Criminal Justice; Crime; North Carolina,Paul Specht,"October 25, 2022",https://www.politifact.com/factchecks/2022/oct/25/ted-budd/budd-takes-beasleys-protest-comments-too-far/
Kathy Hochul,"September 28, 2022","New York state is outpacing the rest of the country, because shootings in New York are down 10%, and across the country the drop is only 2%.",half-true,speech,Crime; Public Safety; Guns; New York,Jill Terreri Ramos,"October 24, 2022",https://www.politifact.com/factchecks/2022/oct/24/kathy-hochul/shootings-new-york-are-down-comparison-us-flawed/
Instagram posts,"October 15, 2022",Seattle authorities are investigating a string of serial killings.,false,Instagram post,Crime; Facebook Fact-checks,Michael Majchrowicz,"October 17, 2022",https://www.politifact.com/factchecks/2022/oct/17/instagram-posts/deputies-say-theres-no-evidence-of-serial-killings/
Ron Johnson,"October 4, 2022","""To call what happened on January 6 an armed insurrection, I just think is not accurate.""",pants-fire,Public statement,National; Crime; Guns; Jan. 6; Wisconsin,D.L. Davis,"October 10, 2022",https://www.politifact.com/factchecks/2022/oct/10/ron-johnson/wisconsin-sen-ron-johnson-wrong-claim-jan-6-was-no/
Newt Gingrich,"September 29, 2022",Pennsylvania Senate candidate John Fetterman’s tattoo references ‘heroin use’ and the Crips,mostly-false,On Fox News,Congress; Drugs; Elections; Crime; Guns; Pennsylvania,Michael Majchrowicz,"October 5, 2022",https://www.politifact.com/factchecks/2022/oct/05/newt-gingrich/pas-fetterman-said-his-tattoos-memorialize-lives-t/
Herschel Walker,"September 28, 2022","Raphael Warnock ""called police thugs, then cut their funding.""",mostly-false,ad,Georgia; Criminal Justice; Federal Budget; Crime,Louis Jacobson,"September 30, 2022",https://www.politifact.com/factchecks/2022/sep/30/herschel-walker/misleading-claim-raphael-warnock-called-police-thu/
Mandela Barnes,"September 2, 2022","""Ron Johnson has voted against funding for law enforcement and recently opposed a plan to recruit and train new officers """,false,News release,Criminal Justice; Elections; Crime; Wisconsin,D.L. Davis,"September 30, 2022",https://www.politifact.com/factchecks/2022/sep/30/mandela-barnes/barnes-team-misfires-claim-johnson-voted-against-l/
Tim Michels,"September 10, 2022","“You know how many convicted felons Scott Walker let out during his eight years early on parole? Zero. Tony Evers is approaching 1,000 of these that he’s let out early.""",pants-fire,Public statement,Criminal Justice; Elections; Legal Issues; Crime; Wisconsin,D.L. Davis,"September 27, 2022",https://www.politifact.com/factchecks/2022/sep/27/tim-michels/michels-widely-misses-mark-claim-walker-evers-and-/
Mandela Barnes,"September 2, 2022","Says under his plan to end cash bail ""the Waukesha perpetrator wouldn’t have been released """,mostly-true,News release,Criminal Justice; Elections; Legal Issues; Crime; Wisconsin,D.L. Davis,"September 22, 2022",https://www.politifact.com/factchecks/2022/sep/22/mandela-barnes/barnes-plan-end-cash-bail-wouldnt-necessarily-have/
American Leadership Action,"September 1, 2022","As a mayor, ""John Fetterman chased down an innocent, unarmed Black man,"" wielded a shotgun and ""falsely accused the man, triggering a confrontation with police.""",mostly-true,ad,Candidate Biography; Crime; Race and Ethnicity; Ad Watch; Pennsylvania,Tom Kertscher,"September 12, 2022",https://www.politifact.com/factchecks/2022/sep/12/american-leadership-action/ad-dissects-john-fettermans-2013-armed-chase-black/
CatholicVote,"August 17, 2022",Three churches were targeted during arson attacks over the summer “because they protect unborn babies and women in need.”,mostly-false,ad,Abortion; Corrections and Updates; Crime; Religion; Ad Watch,Tom Kertscher,"September 1, 2022",https://www.politifact.com/factchecks/2022/sep/01/catholicvote/catholic-groups-ad-attacking-biden-overstates-role/
Instagram posts,"August 17, 2022","""Biden is adding more IRS agents to investigate your taxes than we have detectives investigating every crime in the country.”",false,Instagram post,National; Crime; Taxes; Facebook Fact-checks,Michael Majchrowicz,"August 23, 2022",https://www.politifact.com/factchecks/2022/aug/23/instagram-posts/no-number-new-irs-workers-wont-surpass-number-poli/
Ben Kral,"August 10, 2022","“Violent crime (is) at an all-time high.""",false,statement,Crime; North Carolina,Paul Specht,"August 23, 2022",https://www.politifact.com/factchecks/2022/aug/23/ben-kral/nc-trooper-wrong-about-violent-crime-hitting-recor/
Beto O'Rourke,"June 27, 2022","""Under Abbott, Texas leads the nation in rape offenses while the rate of arrests for rape has fallen by nearly half.""",mostly-true,Instagram post,Abortion; Crime; Texas,Nusaiba Mizan,"August 9, 2022",https://www.politifact.com/factchecks/2022/aug/09/beto-orourke/texas-had-highest-number-rape-offenses-2020-did-no/
Zach Nunn,"July 10, 2022","“My opponent, Cindy Axne, has actively sought to defund the police.”",false,interview with Breitbart,Criminal Justice; Crime; Iowa,Sam Knupp,"July 20, 2022",https://www.politifact.com/factchecks/2022/jul/20/zach-nunn/zach-nunn-falsely-claims-cindy-axne-sought-defund-/
Instagram posts,"July 10, 2022","Shinzo Abe was assassinated because he “didn’t mandate vaccines, sent 1.6 million doses back and gave citizens ivermectin.”",false,Instagram post,Crime; Facebook Fact-checks; Coronavirus,Bill McCarthy,"July 11, 2022",https://www.politifact.com/factchecks/2022/jul/11/instagram-posts/no-evidence-shinzo-abe-was-assassinated-over-his-r/
Greg Gutfeld,"June 23, 2022","No one “with a concealed carry permit ever committed a mass shooting.""",false,TV segment,Crime; Pundits; PunditFact; Guns,Bill McCarthy,"June 28, 2022",https://www.politifact.com/factchecks/2022/jun/28/greg-gutfeld/fox-news-greg-gutfeld-falsely-claims-concealed-car/
Levar Stoney,"June 16, 2022","“In Virginia, Black people are eight times (8X) more likely than white people to die of gun homicide.”",true,tweet.,Crime; Public Health; Guns; Virginia,Warren Fiske,"June 24, 2022",https://www.politifact.com/factchecks/2022/jun/24/levar-stoney/virginia-blacks-eight-times-more-likely-whites-be-/
Facebook posts,"May 30, 2022",Aaron Salter Jr. was killed by a mass shooter because he was working on creating a water-powered car engine.,false,Facebook post,National; Crime; Facebook Fact-checks,Gabrielle Settles,"June 2, 2022",https://www.politifact.com/factchecks/2022/jun/02/facebook-posts/salters-buffalo-slaying-was-unrelated-his-work-wat/
Facebook posts,"May 30, 2022","""Florida man on drugs kills imaginary friend and turns himself in.”",pants-fire,Facebook post,Crime; Florida; Facebook Fact-checks,Yacob Reyes,"June 1, 2022",https://www.politifact.com/factchecks/2022/jun/01/facebook-posts/no-record-florida-man-turning-himself-murdering-hi/
Ron Johnson,"May 11, 2022","In the immediate wake of a fire and vandalism at the Madison headquarters of an anti-abortion group, Democrats had not condemned “activists who are engaging in this repugnant illegal activity.”",mostly-false,News release,Abortion; Fires; Crime; Public Safety; Wisconsin,D.L. Davis,"May 31, 2022",https://www.politifact.com/factchecks/2022/may/31/ron-johnson/some-democrats-did-and-some-did-not-weigh-madison-/
X posts,"May 26, 2022",“These mass shootings happen so much that Ted Cruz really got a template ready to tweet whenever they occur.”,false,tweet,National; Crime; Guns; Texas,Samantha Putterman,"May 27, 2022",https://www.politifact.com/factchecks/2022/may/27/tweets/no-ted-cruz-doesnt-tweet-same-thoughts-and-prayers/
Republican Party of Wisconsin,"May 2, 2022",On Gov. Tony “Evers’ watch…the efficiency of the state crime lab has plummeted.”,mostly-false,Newsletter,Criminal Justice; Crime; Public Safety; Wisconsin,Laura Schulte,"May 26, 2022",https://www.politifact.com/factchecks/2022/may/26/republican-party-wisconsin/wis-gov-evers-didnt-cause-slowdown-state-crime-lab/
Joe Biden,"May 24, 2022","""When we passed the assault weapons ban, mass shootings went down. When the law expired, mass shootings tripled.""",mostly-true,national address from the White House.,Congress; Crime; Public Safety; Guns,Jon Greenberg,"May 25, 2022",https://www.politifact.com/factchecks/2022/may/25/joe-biden/joe-biden-said-mass-shootings-tripled-when-assault/
National Republican Senatorial Committee,"May 13, 2022",Cheri Beasley “vacated” a man’s death sentence and “threw out” the indictment in a child assault case.,half-true,television ad,Crime; North Carolina,Paul Specht,"May 25, 2022",https://www.politifact.com/factchecks/2022/may/25/national-republican-senatorial-committee/nrsc-ad-attacks-2-beasley-rulings-omits-context/
X posts,"May 24, 2022","The shooting at an elementary school in Uvalde County, Texas, was a false flag.",pants-fire,Facebook post,Crime; Facebook Fact-checks; Texas,Ciara O'Rourke,"May 25, 2022",https://www.politifact.com/factchecks/2022/may/25/tweets/no-uvalde-school-shooting-wasnt-false-flag/
Cavalier Johnson,"April 9, 2022","In a recent year, the Milwaukee Police Department ""collected more guns per capita off the streets than in New York.”",true,TV interview,Criminal Justice; Crime; Guns; Wisconsin,Vanessa Swales,"May 24, 2022",https://www.politifact.com/factchecks/2022/may/24/cavalier-johnson/milwaukees-high-gun-rate-rivals-new-yorks/
Rebecca Kleefisch,"April 30, 2022",Says Gov. Tony Evers is “a big proponent of this defund the police movement.”,false,Public statement,Criminal Justice; Crime; Public Safety; Wisconsin,D.L. Davis,"May 20, 2022",https://www.politifact.com/factchecks/2022/may/20/rebecca-kleefisch/democrat-evers-not-big-proponent-defunding-police-/
Instagram posts,"May 16, 2022","News interview proves that the Buffalo, New York supermarket shooting was staged.",pants-fire,Instagram post,Crime; Facebook Fact-checks; New York,Ciara O'Rourke,"May 19, 2022",https://www.politifact.com/factchecks/2022/may/19/instagram-posts/no-news-interview-doesnt-prove-buffalo-supermarket/
X posts,"May 14, 2022","The mass shooting in Buffalo, New York was a “false flag event.”",pants-fire,Twitter posts,National; Crime; Guns,Gabrielle Settles,"May 18, 2022",https://www.politifact.com/factchecks/2022/may/18/tweets/false-flag-claims-about-shooting-buffalo-are-basel/
Instagram posts,"May 16, 2022","A reporter who covered the Buffalo supermarket shooting was a ""crisis actor.""",pants-fire,Instagram post,Crime; Facebook Fact-checks,Bill McCarthy,"May 17, 2022",https://www.politifact.com/factchecks/2022/may/17/instagram-posts/local-tv-error-leads-spurs-buffalo-shooting-crisis/
Kathy Barnette,"May 13, 2022",Says she never tweeted comments linking pedophilia and Islam.,pants-fire,interview,Candidate Biography; Crime; Religion; Pennsylvania,Tom Kertscher,"May 16, 2022",https://www.politifact.com/factchecks/2022/may/16/kathy-barnette/senate-candidate-kathy-barnette-tweeted-headline-s/
Eric Toney,"April 14, 2022","The state crime lab under Attorney General Josh Kaul ""is testing significantly less items than former AG Brad Schimel and is still taking longer to test many categories of key items in comparison to Schimel, including DNA.""",true,News release,Criminal Justice; Legal Issues; Crime; Wisconsin,D.L. Davis,"May 10, 2022",https://www.politifact.com/factchecks/2022/may/10/eric-toney/state-crime-lab-doing-less-testing-and-generally-t/
Dennis Prager,"April 26, 2022","When there is “a noose on a college dorm of a Black student” or a racial slur “on a dormitory building, the odds are overwhelming that a Black student actually did that.""",false,radio show segment,Education; Crime; Race and Ethnicity; Pundits; Facebook Fact-checks; PunditFact,Bill McCarthy,"May 6, 2022",https://www.politifact.com/factchecks/2022/may/06/dennis-prager/dennis-prager-baselessly-claims-black-students-com/
Keith Pekau,"April 11, 2022",We’ve reduced crime to its lowest level in 27 years.,true,a campaign advertisement,Crime; Illinois,Analisa Trofimuk,"May 1, 2022",https://www.politifact.com/factchecks/2022/may/01/keith-pekau/orland-park-mayor-says-crime-lowest-nearly-three-d/
Facebook posts,"November 8, 2021","The “Franklin scandal” broke in 1989 “when hundreds of children were apparently flown around the US to be abused by high ranking ‘Establishment’ members.""",false,Facebook post,Crime; Facebook Fact-checks,Ciara O'Rourke,"April 29, 2022",https://www.politifact.com/factchecks/2022/apr/29/facebook-posts/grand-juries-determined-alleged-sex-trafficking-fr/
Instagram posts,"April 18, 2022",“Finnish Court rules sex with children is permitted.”,false,Instagram post,National; Children; Crime; Facebook Fact-checks,Samantha Putterman,"April 26, 2022",https://www.politifact.com/factchecks/2022/apr/26/instagram-posts/viral-claim-distorts-finnish-law-child-sex-abuse/
Facebook posts,"April 13, 2022",“Leftist justice reform” is the reason that the NYC subway shooting suspect wasn’t in jail at the time of the attack.,false,Facebook post,National; Crime; Facebook Fact-checks; New York,Samantha Putterman,"April 18, 2022",https://www.politifact.com/factchecks/2022/apr/18/facebook-posts/no-evidence-recent-justice-reform-efforts-kept-bro/
Crystal Peoples-Stokes,"March 29, 2022",“Cities in notoriously ‘tough on crime’ states like Texas and Florida saw a more significant increase in violent crime than cities in NYS.”,half-true,news release,Crime; Florida; New York; Texas,Jill Terreri Ramos,"April 16, 2022",https://www.politifact.com/factchecks/2022/apr/16/crystal-peoples-stokes/claim-about-crime-other-states-context-needed/
Facebook posts,"April 12, 2022",The Brooklyn subway attack was a false flag.,pants-fire,Facebook post,National; Crime; Facebook Fact-checks; Guns; New York,Samantha Putterman,"April 14, 2022",https://www.politifact.com/factchecks/2022/apr/14/facebook-posts/no-brooklyn-subway-shooting-was-not-false-flag-att/
Kevin Nicholson,"March 28, 2022","“Over the course of two months, Tony Evers refused to remove (Curtis Schmitt Jr.) from the (state’s veterans) Board despite having the authority to do (so).”",false,Fundraising email,Legal Issues; Crime; Veterans; Wisconsin,Madeline Heim,"April 8, 2022",https://www.politifact.com/factchecks/2022/apr/08/kevin-nicholson/no-evers-didnt-refuse-remove-vets-board-chair-who-/
Marsha Blackburn,"March 21, 2022","At the start of the COVID-19 pandemic, Judge Ketanji Brown Jackson advocated that “each and every criminal defendant in D.C. Corrections custody should be released.”",mostly-false,Senate judiciary committee hearing,Crime; Supreme Court; Coronavirus,Amy Sherman,"March 22, 2022",https://www.politifact.com/factchecks/2022/mar/22/marsha-blackburn/marsha-blackburn-misleads-about-jacksons-record-re/
Tom Suozzi,"January 21, 2022","“The Manhattan DA is actually proposing to downgrade armed robbery to a misdemeanor, and to stop prosecuting resisting arrest.”",half-true,campaign ad,Criminal Justice; Crime; New York,Tyler Smith,"March 16, 2022",https://www.politifact.com/factchecks/2022/mar/16/tom-suozzi/tom-suozzi-offers-oversimplified-critique-manhatta/
Richard Irvin,"February 20, 2022","""In my first year in office, Aurora homicides went down by 40%.""",mostly-false,tweet,Crime; Illinois,Analisa Trofimuk,"March 6, 2022",https://www.politifact.com/factchecks/2022/mar/06/richard-irvin/aurora-mayor-richard-irvin-says-he-reduced-homicid/
Facebook posts,"February 23, 2022","""It was revealed in court” on Feb. 23, 2022 “that Tory Lanez DNA WAS NOT found on the weapon in the Meg Thee Stallion case.""",false,post,Crime; Facebook Fact-checks,Monique Curet,"February 28, 2022",https://www.politifact.com/factchecks/2022/feb/28/facebook-posts/hearing-did-not-include-dna-evidence-vindicate-rap/
Ted Cruz,"February 16, 2022","""In 2020, more journalists were killed in Mexico than in any other country in the world.""",true,committee meeting,Crime; Texas,Nusaiba Mizan,"February 28, 2022",https://www.politifact.com/factchecks/2022/feb/28/ted-cruz/ted-cruz-right-more-journalists-killed-mexico-any-/
Donald Trump,"February 16, 2022","""Hillary Clinton spied on President Trump.""",false,ad,Crime; Ad Watch,Tom Kertscher,"February 28, 2022",https://www.politifact.com/factchecks/2022/feb/28/donald-trump/donald-trumps-save-america-pac-falsely-claims-hill/
Vladimir Putin,"February 24, 2022",Ethnic Russians face “genocide perpetrated by the Kyiv regime.”,false,address to the nation announcing the attack on Ukraine,National; Human Rights; Crime; Foreign Policy; Military; Ukraine; Russia,Jon Greenberg,"February 25, 2022",https://www.politifact.com/factchecks/2022/feb/25/vladimir-putin/putin-repeats-long-running-claim-genocide-ukraine/
Cavalier Johnson,"January 6, 2022",Says he led the fight to add 200 new police officers to make the City of Milwaukee safer.,half-true,TV ad,Criminal Justice; Crime; Wisconsin,Vanessa Swales,"February 23, 2022",https://www.politifact.com/factchecks/2022/feb/23/cavalier-johnson/new-milwaukee-officers-maintain-not-increase-polic/
Shelia Stubbs,"February 2, 2022","""48-Hour waiting periods limit crimes of passion and keep our communities safe.”",half-true,Public statement,Legal Issues; Crime; Guns; Wisconsin,D.L. Davis,"February 18, 2022",https://www.politifact.com/factchecks/2022/feb/18/shelia-stubbs/stubbs-48-hour-gun-waiting-period-statement-backed/
Facebook posts,"February 15, 2022","""Ivanka Trump charged with major crime.”",false,Facebook post,National; Criminal Justice; Crime; Facebook Fact-checks,Jeff Cercone,"February 17, 2022",https://www.politifact.com/factchecks/2022/feb/17/facebook-posts/no-ivanka-trump-not-facing-any-criminal-charges/
Facebook posts,"January 30, 2022","“Joe Biden wants to eliminate a regulation that requires school districts to report allegations of teacher on student rape, alleged rape, and sexual assault.”",false,post,Education; Crime; Facebook Fact-checks,Monique Curet,"February 8, 2022",https://www.politifact.com/factchecks/2022/feb/08/facebook-posts/social-media-post-wrong-about-proposal-change-data/
Cavalier Johnson,"December 21, 2021","“In 2021, 65 people in Milwaukee have lost their lives due to reckless driving accidents, and more than 9,000 cars have been stolen, double the amount in 2020.”",half-true,News release,Crime; Public Safety; Transportation; Wisconsin,D.L. Davis,"February 4, 2022",https://www.politifact.com/factchecks/2022/feb/04/cavalier-johnson/milwaukee-mayor-ballpark-stolen-vehicle-figures-ov/
Dinesh D'Souza,"January 4, 2022","Recently released Jan. 6 footage shows ""these cops using massive amounts of force against unarmed Trump supporters, including women.""",false,Fox News appearance,Criminal Justice; Crime; Pundits; Facebook Fact-checks; PunditFact; Jan. 6,Bill McCarthy,"January 10, 2022",https://www.politifact.com/factchecks/2022/jan/10/dinesh-dsouza/dsouza-falsely-claims-jan-6-video-shows-police-usi/
Doug Wilder,"January 3, 2022","“When I became mayor of the City of Richmond in 2004, the crime rate was at its highest. When I left in 2008, it was at its lowest.”",half-true,radio interview.,History; Crime; Virginia,Warren Fiske,"January 10, 2022",https://www.politifact.com/factchecks/2022/jan/10/doug-wilder/wilder-half-right-about-his-crime-record-richmonds/
Facebook posts,"December 14, 2021",“California store owner prices all items at $951 so thieves can be prosecuted.”,false,Facebook post,Crime; California; Facebook Fact-checks,Samantha Putterman,"December 15, 2021",https://www.politifact.com/factchecks/2021/dec/15/facebook-posts/story-about-california-store-owner-pricing-items-9/
Facebook posts,"November 20, 2021",“The gas station where they initially attacked” Kyle Rittenhouse “is owned by his grandparents.”,false,Facebook post,Crime; Facebook Fact-checks; Wisconsin,Tom Kertscher,"November 24, 2021",https://www.politifact.com/factchecks/2021/nov/24/facebook-posts/rittenhouse-wasnt-attacked-grandparents-gas-statio/
NYS Department of Corrections and Community Supervision,"November 8, 2021","New York is ""leading the nation with the lowest imprisonment rate of any large state”",true,news release,Criminal Justice; Crime; New York,Jill Terreri Ramos,"November 19, 2021",https://www.politifact.com/factchecks/2021/nov/19/nys-department-corrections-and-community-supervisi/among-large-states-ny-has-lowest-imprisonment-rate/
Tucker Carlson,"November 1, 2021","Federal agents directly incited people on Jan. 6, 2021, and ""intentionally entrapped"" American citizens.",false,documentary film,National; Criminal Justice; Crime; PunditFact; Jan. 6,Samantha Putterman,"November 4, 2021",https://www.politifact.com/factchecks/2021/nov/04/tucker-carlson/tucker-carlsons-conspiracy-theory-about-fbi-and-ja/
Tucker Carlson,"November 1, 2021","“Jan. 6 is being used as a pretext to strip millions of Americans, disfavored Americans, of their core constitutional rights.”",pants-fire,"his documentary series ""Patriot Purge""",Civil Rights; Criminal Justice; Elections; Homeland Security; Legal Issues; Crime; Pundits; Terrorism; PunditFact; Jan. 6,Bill McCarthy,"November 2, 2021",https://www.politifact.com/factchecks/2021/nov/02/tucker-carlson/tucker-carlson-film-falsely-claims-jan-6-pretext-s/
Tucker Carlson,"November 2, 2021",“DEA agent Mark Ibrahim was forced from his job and later indicted simply because he was near the Capitol protest on Jan. 6.”,false,documentary film,National; Crime; PunditFact; Jan. 6,Samantha Putterman,"November 2, 2021",https://www.politifact.com/factchecks/2021/nov/02/tucker-carlson/carlson-documentary-doesnt-tell-full-story-dea-age/
Facebook posts,"September 20, 2021",“Violent crime rate dropped like a rock following West Virginia’s adoption of permitless carry.”,mostly-false,social media posts,West Virginia; Crime; Guns,Duncan Slade,"November 2, 2021",https://www.politifact.com/factchecks/2021/nov/02/facebook-posts/did-violent-crime-wva-fall-after-permitless-carry-/
Mariannette Miller-Meeks,"September 8, 2021",“My opponent wants to abolish” law enforcement.,false,tweet,Criminal Justice; Crime; Iowa,Natalie Dunlap,"September 17, 2021",https://www.politifact.com/factchecks/2021/sep/17/mariannette-miller-meeks/does-christina-bohannan-want-abolish-law-enforceme/
Byron Brown,"August 23, 2021","Before 2020, “crime had been falling, every year, year after year, in the city of Buffalo.”",mostly-true,interview,Crime; New York,Jill Terreri Ramos,"September 11, 2021",https://www.politifact.com/factchecks/2021/sep/11/byron-brown/buffalo-crime-has-fallen-during-browns-tenure-thou/
X posts,"August 19, 2021",The bomb threat near the U.S. Capitol on Aug. 19 was a false flag.,pants-fire,tweets,Congress; Homeland Security; Crime; Pundits; Terrorism; Facebook Fact-checks; PunditFact; Jan. 6,Bill McCarthy,"August 24, 2021",https://www.politifact.com/factchecks/2021/aug/24/tweets/conservative-influencers-wrongly-claim-capitol-bom/
Facebook posts,"August 8, 2021",A slain Chicago police officer left behind a two-month-old baby.,false,Facebook post,Crime; Public Safety; Facebook Fact-checks; Illinois,Ciara O'Rourke,"August 10, 2021",https://www.politifact.com/factchecks/2021/aug/10/facebook-posts/no-chicago-police-officer-ella-french-didnt-leave-/
Facebook posts,"July 27, 2021",Florida Agriculture Commissioner Nikki Fried “suspended gun rights — no due process — just because she says these people were merely ‘involved’ in January 6.”,mostly-false,Facebook post,Congress; Crime; Florida; Facebook Fact-checks; Guns; Jan. 6,Amy Sherman,"August 3, 2021",https://www.politifact.com/factchecks/2021/aug/03/facebook-posts/fact-checking-claim-criticizing-nikki-frieds-suspe/
Facebook posts,"July 18, 2021","Says George Floyd’s criminal history includes “23 arrests,” “3 car thefts” and many violent crimes.",false,Facebook post,National; Civil Rights; Crime; Facebook Fact-checks,Gabrielle Settles,"July 28, 2021",https://www.politifact.com/factchecks/2021/jul/28/facebook-posts/post-exaggerates-george-floyds-criminal-history/
Donald Trump,"July 11, 2021",“There were no guns whatsoever” at the Capitol riot on Jan. 6.,false,an interview on Fox News,National; Elections; Crime; Pundits; Jan. 6,Gabrielle Settles,"July 13, 2021",https://www.politifact.com/factchecks/2021/jul/13/donald-trump/jan-6-defendants-were-armed-guns-other-weapons-doc/
Republican National Committee,"June 29, 2021","""Crime is escalating to a level we haven’t seen in decades as a direct result of Democrats’ defund the police movement and Biden-Harris open-border policies.""",false,tweet,National; Crime,Jon Greenberg,"July 9, 2021",https://www.politifact.com/factchecks/2021/jul/09/republican-national-committee-republican/gop-tweet-misfires-linking-crime-trends-democratic/
Instagram posts,"June 27, 2021",Three white former police officers were sentenced to less prison time — combined — for killing three Black people than a Black man was for selling marijuana.,half-true,Instagram post,Criminal Justice; Crime; Race and Ethnicity; Facebook Fact-checks,Andy Nguyen,"July 7, 2021",https://www.politifact.com/factchecks/2021/jul/07/instagram-posts/yes-three-former-police-officers-convicted-murder-/
Lori Lightfoot,"June 28, 2021",Cook County’s criminal courts “have been shut down for 15 months.”,false,remarks at a press conference,Criminal Justice; Crime; Illinois,Kiannah Sepeda-Miller,"July 4, 2021",https://www.politifact.com/factchecks/2021/jul/04/lori-lightfoot/no-cook-county-criminal-courts-havent-been-shut-do/
Facebook posts,"May 26, 2021","“Maxine Waters just introduced a bill to re-name Memorial Day — George Floyd Day.""",pants-fire,Facebook post,Congress; Criminal Justice; Crime; Military; California; Facebook Fact-checks,Isabella Fertel,"June 25, 2021",https://www.politifact.com/factchecks/2021/jun/25/facebook-posts/no-maxine-waters-didnt-write-bill-rename-memorial-/
X posts,"May 30, 2021","“Police budgets are at their highest they've ever been, there hasn’t actually been any defunding the police.”",mostly-false,Twitter post,City Budget; Criminal Justice; Crime; Public Safety; Facebook Fact-checks; Texas,Emily Tian,"June 18, 2021",https://www.politifact.com/factchecks/2021/jun/18/tweets/some-police-budgets-are-increasing-evidence-nation/
TikTok posts,"May 19, 2021",“There is a place in the U.S. where murder is legal.”,false,TikTok video,Crime,Madison Czopek,"June 4, 2021",https://www.politifact.com/factchecks/2021/jun/04/tiktok-posts/no-murder-not-legal-zone-death-yellowstone-nationa/
Facebook posts,"May 26, 2021","Police defunding is to blame for “skyrocketing murder rates” in Philadelphia, Minneapolis, Portland, New York City, Chicago, Los Angeles and Washington, D.C.",mostly-false,Facebook post,Crime; Public Safety; Facebook Fact-checks,Miriam Valverde,"May 28, 2021",https://www.politifact.com/factchecks/2021/may/28/facebook-posts/facebook-post-makes-unproven-claim-about-police-fu/
Andrew Clyde,"May 12, 2021","“Watching the TV footage of those who entered the Capitol. … If you didn't know the TV footage was from Jan. 6, you would actually think it was a normal tourist visit.”",pants-fire,House hearing,Georgia; National; Congress; Crime; Tourism; Jan. 6,Amy Sherman,"May 13, 2021",https://www.politifact.com/factchecks/2021/may/13/andrew-clyde/ridiculous-claim-those-capitol-jan-6-resembled-nor/
Facebook posts,"April 25, 2021",Caitlyn Jenner “literally killed someone 6 years ago in the streets and was released by a District Attorney.”,mostly-false,Facebook post,Criminal Justice; Elections; Crime; California; Facebook Fact-checks,Steven Rascón,"May 10, 2021",https://www.politifact.com/factchecks/2021/may/10/facebook-posts/was-caitlyn-jenner-released-district-attorney-afte/
John Cox,"May 4, 2021","California Gov. Gavin Newsom “just let 76,000 inmates out of jail.""",false,campaign press conference,Criminal Justice; Elections; Crime; California,Chris Nichols,"May 5, 2021",https://www.politifact.com/factchecks/2021/may/05/john-cox/no-gavin-newsom-did-not-just-let-76000-inmates-out/
Ron DeSantis,"April 19, 2021","“If you look at some of these places that (reduced police funding), they’ve already seen crime go up.""",mostly-false,speech,City Budget; Criminal Justice; Crime; Public Safety; Florida,Miriam Valverde,"May 4, 2021",https://www.politifact.com/factchecks/2021/may/04/ron-desantis/ron-desantis-misleading-claim-about-crime-police-f/
Facebook posts,"April 19, 2021","By clicking on a link from a fake USPS text message, “you are sending your precise location to sex traffickers in your local area” so they can kidnap you.",false,Facebook post,National; Crime; Facebook Fact-checks,Gabrielle Settles,"April 26, 2021",https://www.politifact.com/factchecks/2021/apr/26/facebook-posts/no-fake-usps-text-message-isnt-tied-sex-traffickin/
Facebook posts,"April 11, 2021","A serial killer is targeting women in Hot Springs, Ark.",false,Facebook post,Crime; Facebook Fact-checks,Ciara O'Rourke,"April 13, 2021",https://www.politifact.com/factchecks/2021/apr/13/facebook-posts/hot-springs-homicide-under-investigation-no-eviden/
Katie Pavlich,"April 1, 2021",“The Biden administration is engaging in human trafficking because they are enabling this to happen” at the southern border.,false,TV segment,Immigration; Crime; Pundits; PunditFact,Bill McCarthy,"April 6, 2021",https://www.politifact.com/factchecks/2021/apr/06/katie-pavlich/katie-pavlich-falsely-claims-biden-administration-/
Joy Behar,"March 23, 2021","""In 2004, George W. Bush lifted the ban on those (AR-15 type) rifles, and since then, the number of massacres has increased 183%. During the ban, there were 12 incidents. Since he lifted the ban, there were 34 incidents.""",half-true,TV segment,Colorado; Crime; Pundits; PunditFact; Guns,Bill McCarthy,"March 25, 2021",https://www.politifact.com/factchecks/2021/mar/25/joy-behar/fact-checking-joy-behar-mass-shootings-and-assault/
Facebook posts,"March 18, 2021","The “president of Drag Queen Story Hour” was “arrested, charged with child pornography.”",false,Facebook posts,Crime; Facebook Fact-checks,Noah Y. Kim,"March 24, 2021",https://www.politifact.com/factchecks/2021/mar/24/facebook-posts/milwaukee-county-judge-charged-child-pornography-w/
Ron Johnson,"March 20, 2021","“There was no violence on the Senate side, in terms of the chamber.”",mostly-false,speech,Congress; Criminal Justice; Crime; Jan. 6; Wisconsin,Eric Litke,"March 23, 2021",https://www.politifact.com/factchecks/2021/mar/23/ron-johnson/johnson-errs-claiming-senate-had-no-violence-jan6/
Jeanine  Pirro,"March 20, 2021",The southern U.S. border “is now open to anyone from anywhere in the world who wishes to enter our country.”,false,TV segment,Immigration; Crime; Pundits; PunditFact,Bill McCarthy,"March 23, 2021",https://www.politifact.com/factchecks/2021/mar/23/jeanine-pirro/fox-news-jeanine-pirro-wrongly-claims-us-border-op/
X posts,"March 16, 2021","“Black Lives Matter of Atlanta Charged with Wire Fraud, Money Laundering and Allegedly Using almost 500k in Donations For Personal Use.”",false,a tweet,Crime; Race and Ethnicity; Facebook Fact-checks,Bill McCarthy,"March 19, 2021",https://www.politifact.com/factchecks/2021/mar/19/tweets/no-black-lives-matter-wasnt-charged-fraudulently-s/
Facebook posts,"March 17, 2021",The Atlanta shooting suspect wrote an anti-China post on Facebook prior to the shootings.,false,Facebook post,China; Crime; Facebook Fact-checks; Guns,Samantha Putterman,"March 18, 2021",https://www.politifact.com/factchecks/2021/mar/18/facebook-posts/anti-china-post-supposedly-written-atlanta-shootin/
Facebook posts,"March 4, 2021",Says El Chapo testified in court that he paid off Nancy Pelosi to keep the U.S.-Mexico border open for drug cartels.,pants-fire,Facebook post,Drugs; Crime; Facebook Fact-checks,Samantha Putterman,"March 12, 2021",https://www.politifact.com/factchecks/2021/mar/12/facebook-posts/no-el-chapo-didnt-testify-he-paid-pelosi/
Doug LaMalfa,"March 2, 2021",Voting-rights legislation proposed by Democrats in Congress called H.R. 1 “would force states to restore the voting rights of convicted felons—including violent felons convicted of murder or rape.”,half-true,constituent email.,Criminal Justice; Elections; Crime; Voter ID Laws; California,Chris Nichols,"March 4, 2021",https://www.politifact.com/factchecks/2021/mar/04/doug-lamalfa/would-congress-new-voting-rights-act-allow-violent/
Tom Cotton,"February 26, 2021","The Biden administration “halted deportations for all illegal aliens — murderers, rapists, terrorists, MS-13 gang members are not being deported.""",false,CPAC speech,Immigration; Corrections and Updates; Homeland Security; Crime; Terrorism,Miriam Valverde,"February 26, 2021",https://www.politifact.com/factchecks/2021/feb/26/tom-cotton/tom-cotton-falsely-claims-joe-biden-halted-deporta/
Tucker Carlson,"February 22, 2021","""There's no evidence that white supremacists were responsible for what happened on Jan. 6. That's a lie.”",false,TV segment,Crime; Race and Ethnicity; Pundits; PunditFact; Jan. 6,Bill McCarthy,"February 23, 2021",https://www.politifact.com/factchecks/2021/feb/23/tucker-carlson/tucker-carlsons-false-claim-downplaying-role-white/
Greg Kelly,"February 8, 2021",“Only one person died on that day” during the Jan. 6 U.S. Capitol riot.,false,Newsmax TV segment,Elections; Crime; Pundits; PunditFact; Jan. 6,Bill McCarthy,"February 9, 2021",https://www.politifact.com/factchecks/2021/feb/09/greg-kelly/newsmax-host-falsely-claims-only-one-person-died-c/
Marco Rubio,"January 27, 2021","""Only in the Third World do you see this habitual use of prosecutions of former leaders.”",false,remarks,Criminal Justice; History; Crime,Miriam Valverde,"January 29, 2021",https://www.politifact.com/factchecks/2021/jan/29/marco-rubio/marco-rubio-falsely-claims-former-leaders-are-pros/
Sherrod Brown,"January 8, 2021","Summer “protesters outside the White House were met with tear gas, rubber bullets, a full militarized response. While ... rioters were able to breach the Capitol.”",true,interview with Ohio reporters,National; Elections; Crime,Jon Greenberg,"January 11, 2021",https://www.politifact.com/factchecks/2021/jan/11/sherrod-brown/black-lives-matter-protests-faced-more-militarized/
Facebook posts,"January 7, 2021",Says left-wing activist John Sullivan “incited (the) insurgence of (the) US Capitol.”,mostly-false,Facebook post,National; Corrections and Updates; Elections; Crime; Facebook Fact-checks; Jan. 6,Bill McCarthy,"January 9, 2021",https://www.politifact.com/factchecks/2021/jan/09/facebook-posts/facebook-posts-wrongly-claim-left-wing-activist-an/
Instagram posts,"January 6, 2021",The storming of the Capitol was staged.,false,Facebook post,Elections; Crime; Facebook Fact-checks; Jan. 6,Ciara O'Rourke,"January 7, 2021",https://www.politifact.com/factchecks/2021/jan/07/instagram-posts/no-storming-capitol-wasnt-false-flag/
Shannon Grove,"January 6, 2021","""Antifa"" is to blame for storming the U.S. Capitol.",pants-fire,tweet,Criminal Justice; Elections; Crime; California,Chris Nichols,"January 7, 2021",https://www.politifact.com/factchecks/2021/jan/07/shannon-grove/high-ranking-california-republican-lawmaker-pushes/
Facebook posts,"December 4, 2020",Say North Carolina Gov. Roy Cooper was arrested for driving while intoxicated in Stanly County.,false,Facebook posts,Crime; North Carolina,Paul Specht,"December 18, 2020",https://www.politifact.com/factchecks/2020/dec/18/facebook-posts/no-roy-cooper-did-not-get-dui-stanly-county/
Erick Erickson,"November 13, 2020","Says Raphael Warnock ""ran over his wife"" and was ""arrested for obstructing an investigation into child abuse.""",mostly-false,tweet,Georgia; Candidate Biography; Crime; PunditFact,Tom Kertscher,"November 16, 2020",https://www.politifact.com/factchecks/2020/nov/16/erick-erickson/no-proof-warnock-ran-over-wife-obstruction-case-dr/
Dan Patrick,"October 28, 2020","Says “the city of Austin is a disaster if you haven’t been there. A great city, now one of the most dangerous cities in America and definitely in Texas.”",pants-fire,press conference,Crime; Texas,Brandon Mulder,"November 6, 2020",https://www.politifact.com/factchecks/2020/nov/06/dan-patrick/no-austin-not-one-most-dangerous-city-us-let-alone/
Eric Trump,"November 4, 2020",A person is on film “burning 80 Trump ballots.”,false,tweet,Elections; Crime; Facebook Fact-checks; Virginia,Bill McCarthy,"November 4, 2020",https://www.politifact.com/factchecks/2020/nov/04/eric-trump/eric-trump-retweets-video-falsely-claiming-man-bur/
Facebook posts,"November 2, 2020",Bricks are being “randomly placed all over Detroit.”,false,Facebook post,Crime; Facebook Fact-checks; Michigan,Ciara O'Rourke,"November 3, 2020",https://www.politifact.com/factchecks/2020/nov/03/facebook-posts/police-say-bricks-detroit-are-construction-project/
Donald Trump,"November 1, 2020",“Joe Biden called Black youth super predators.”,false,tweet,Crime; Race and Ethnicity,Miriam Valverde,"November 1, 2020",https://www.politifact.com/factchecks/2020/nov/01/donald-trump/no-biden-did-not-call-black-youth-super-predators/
Facebook posts,"September 7, 2020",“There are people trying to make legal age of consent 4 years old.”,false,Facebook post,Crime; Facebook Fact-checks,Ciara O'Rourke,"October 31, 2020",https://www.politifact.com/factchecks/2020/oct/31/facebook-posts/no-evidence-people-are-trying-lower-age-consent-4/
Facebook posts,"October 28, 2020",Says Kamala Harris said looters are just feeding their hungry kids.,false,Facebook post,Crime; Facebook Fact-checks,Ciara O'Rourke,"October 29, 2020",https://www.politifact.com/factchecks/2020/oct/29/facebook-posts/kamala-harris-has-condemned-looting/
Joe Biden,"October 22, 2020","As part of the Obama administration's criminal justice reforms, “38,000 prisoners were released from federal prison.”",mostly-false,final 2020 presidential debate,National; Criminal Justice; Drugs; Crime,Bill McCarthy,"October 23, 2020",https://www.politifact.com/factchecks/2020/oct/23/joe-biden/biden-wrongly-claims-obama-policies-released-38000/
Congressional Leadership Fund,"October 7, 2020","Says Debbie Mucarsel-Powell's family received $700,000 from the firm of ""violent warlord Ihor Kolomoisky,"" who is compared to Fidel Castro and Nicolás Maduro.",half-true,ad,Ethics; Crime; Military; Florida,Tom Kertscher,"October 16, 2020",https://www.politifact.com/factchecks/2020/oct/16/congressional-leadership-fund/ukrainians-firm-paid-rep-mucarsel-powells-husband-/
Joe Biden,"October 15, 2020","""They eliminated the funding for community policing.""",false,ABC town hall,Criminal Justice; Crime,Louis Jacobson,"October 16, 2020",https://www.politifact.com/factchecks/2020/oct/16/joe-biden/joe-biden-wrong-say-cops-funding-has-been-eliminat/
Uniting Missouri PAC,"September 2, 2020","Says Nicole Galloway's campaign “is being bankrolled by the same extremists who want to defund our police.""",false,campaign ad,Campaign Finance; Crime; Missouri,William Skipworth,"October 14, 2020",https://www.politifact.com/factchecks/2020/oct/14/uniting-missouri-pac/checking-ads-say-galloways-campaign-being-funded-g/
Facebook posts,"October 9, 2020",“Jeffrey Epstein found living in New Mexico!”,pants-fire,Facebook post,Crime; Facebook Fact-checks,Ciara O'Rourke,"October 13, 2020",https://www.politifact.com/factchecks/2020/oct/13/facebook-posts/no-epstein-isnt-hiding-out-new-mexico/
Facebook posts,"August 14, 2020",“Kamala Harris Tried to Put Pro-Lifers in Jail Who Exposed Planned Parenthood Selling Baby Parts”,false,headline,Abortion; Criminal Justice; Health Care; Crime; California,Chris Nichols,"October 13, 2020",https://www.politifact.com/factchecks/2020/oct/13/facebook-posts/social-media-posts-push-false-claims-about-kamala-/
National Republican Congressional Committee,"September 22, 2020","Says “Lucy McBath voted to release criminals from prison. Murderers, rapists.”",false,campaign ad,Georgia; Congress; Criminal Justice; Crime; Coronavirus,Noah Y. Kim,"October 12, 2020",https://www.politifact.com/factchecks/2020/oct/12/national-republican-congressional-committee/lucy-mcbath-didnt-vote-release-murderers-rapists-p/
Greg Abbott,"October 1, 2020",Says “Property crime rising in Austin. This is the kind of thing that happens when cities defund and deemphasize police. Residents are left to fend for themselves.”,mostly-false,tweet,City Budget; Crime; Texas,Brandon Mulder,"October 9, 2020",https://www.politifact.com/factchecks/2020/oct/09/greg-abbott/examining-austins-property-crime-trends/
Joe Biden,"October 5, 2020",The president's own FBI director said that the greatest domestic terrorist threat is white supremacists.,true,NBC town hall,Crime; Race and Ethnicity; Terrorism,Amy Sherman,"October 6, 2020",https://www.politifact.com/factchecks/2020/oct/06/joe-biden/fbi-director-warned-about-white-supremacist-violen/
Facebook posts,"September 29, 2020",Says Merrick Garland is investigating Donald Trump’s “tax evasion case.”,false,Facebook post,Crime; Supreme Court; Taxes; Facebook Fact-checks,Ciara O'Rourke,"September 29, 2020",https://www.politifact.com/factchecks/2020/sep/29/facebook-posts/no-merrick-garland-isnt-investigating-donald-trump/
Facebook posts,"August 31, 2020","“Biden said today, if he loses, his people will keep burning, looting and killing.”",false,Facebook post,Crime; Facebook Fact-checks,Ciara O'Rourke,"September 25, 2020",https://www.politifact.com/factchecks/2020/sep/25/facebook-posts/no-biden-didnt-say-his-people-would-commit-violenc/
Bloggers,"August 27, 2020","“Coroner saying George Floyd died of drug overdose, not police brutality.”",false,Facebook post,Criminal Justice; Crime; Race and Ethnicity; Facebook Fact-checks,Ciara O'Rourke,"September 25, 2020",https://www.politifact.com/factchecks/2020/sep/25/blog-posting/two-autopsies-found-george-floyds-death-was-homici/
Facebook posts,"September 1, 2020","“So far, out of 175 arrested in Kenosha, 102 were not from Kenosha. Rioting has become its own industry.”",mostly-false,Facebook post,Criminal Justice; Crime; Race and Ethnicity; Wisconsin,Eric Litke,"September 18, 2020",https://www.politifact.com/factchecks/2020/sep/18/facebook-posts/nearly-all-arrests-kenosha-protests-were-local/
Michael Caputo,"September 13, 2020","""There are hit squads being trained all over this country” to violently oppose a second term for President Donald Trump.",false,Facebook video,National; Elections; Crime; New York,Bill McCarthy,"September 17, 2020",https://www.politifact.com/factchecks/2020/sep/17/michael-caputo/fact-checking-trump-health-aides-unproven-hit-squa/
Facebook posts,"September 11, 2020",“Kenosha car dealer kills himself after insurance won’t cover … damages caused by the riots.”,pants-fire,Facebook post,Criminal Justice; Crime; Race and Ethnicity; Wisconsin,Eric Litke,"September 11, 2020",https://www.politifact.com/factchecks/2020/sep/11/facebook-posts/fake-headline-claims-car-lot-owner-took-his-own-li/
Bloggers,"March 31, 2017","Says NBC News reported that Hillary Clinton ""covered up elite pedophile ring at state department.""",false,story,Crime; Facebook Fact-checks,Samantha Putterman,"September 4, 2020",https://www.politifact.com/factchecks/2020/sep/04/blog-posting/website-exaggerates-old-news-report-state-departme/
Joe Biden,"August 31, 2020","""When I was vice president, violent crime fell 15% in this country. ... The murder rate now is up 26% across the nation this year under Donald Trump.""",half-true,speech,National; Crime,Miriam Valverde,"September 3, 2020",https://www.politifact.com/factchecks/2020/sep/03/joe-biden/fact-checking-joe-bidens-comparison-violent-crime-/
Facebook posts,"September 1, 2020","""PEDOPHILIA is now LEGAL in CALIFORNIA. Now a 21 year old can have sex with an 11 year old, and not be listed on the sex registry as a sex offender.""",pants-fire,Facebook post,Criminal Justice; Crime; LGBTQ; Sexuality; California,Chris Nichols,"September 2, 2020",https://www.politifact.com/factchecks/2020/sep/02/facebook-posts/claim-viewed-millions-social-media-says-california/
Donald Trump,"August 31, 2020",“The entire city (of Portland) is ablaze all the time.”,false,press conference,National; Fires; Crime,Bill McCarthy,"September 1, 2020",https://www.politifact.com/factchecks/2020/sep/01/donald-trump/we-are-not-fire-authorities-dispute-trumps-false-c/
Donald Trump,"August 31, 2020","“If I didn’t INSIST on having the National Guard activate and go into Kenosha, Wisconsin, there would be no Kenosha right now.”",pants-fire,tweet,Criminal Justice; Crime; Military; Wisconsin,Eric Litke,"September 1, 2020",https://www.politifact.com/factchecks/2020/sep/01/donald-trump/heres-why-trump-vastly-overreaches-claiming-credit/
Greg Abbott,"August 18, 2020","Says crime is on the rise in Austin and a new study showed that it “is the No. 1 city in America in the year-to-year percentage increase in murders, with a percentage increase of more than 64% for the first half of this year.”",half-true,press conference,Crime; Texas,Madlin Mekelburg,"August 31, 2020",https://www.politifact.com/factchecks/2020/aug/31/greg-abbott/examining-claim-about-austin-homicides-crimes/
Donald Trump,"August 20, 2020",“Cuomo ended cash bail ... and now the crime rate has gone through the roof.”,false,speech,Criminal Justice; Crime; New York,Jill Terreri Ramos,"August 29, 2020",https://www.politifact.com/factchecks/2020/aug/29/donald-trump/trumps-claim-linking-crime-rates-bail-reform-lacks/
Facebook posts,"August 24, 2020","Says Jacob Blake, shot by police in Kenosha, had a warrant for sexual assault and prior convictions for gun use",half-true,Facebook post,Criminal Justice; Crime; Race and Ethnicity; Wisconsin,Eric Litke,"August 27, 2020",https://www.politifact.com/factchecks/2020/aug/27/facebook-posts/online-post-wrong-about-some-claims-sex-gun-offens/
Facebook posts,"August 25, 2020",“BLM rioters just burned down a black church in a black community with a BLM sign out front.”,false,Facebook post,Crime; Race and Ethnicity; Facebook Fact-checks; Wisconsin,Ciara O'Rourke,"August 27, 2020",https://www.politifact.com/factchecks/2020/aug/27/facebook-posts/no-blm-protesters-didnt-burn-down-black-church-ken/
Facebook posts,"August 24, 2020",Clicking on this link in a text message lets sex traffickers track you.,false,Facebook post,Crime; Technology; Facebook Fact-checks,Ciara O'Rourke,"August 26, 2020",https://www.politifact.com/factchecks/2020/aug/26/facebook-posts/these-texts-are-suspicious-not-tied-sex-traffickin/
Joe Biden,"August 23, 2020",Says Donald Trump “proposes cutting a half a billion dollars of local police support.”,mostly-true,interview with ABC News,National; Criminal Justice; Crime,Jon Greenberg,"August 25, 2020",https://www.politifact.com/factchecks/2020/aug/25/joe-biden/biden-says-trump-wants-cut-local-law-enforcement-a/
Greg Gutfeld,"August 20, 2020",“QAnon violence! There is none.”,false,TV segment,Fake news; Crime; Pundits; PunditFact,Bill McCarthy,"August 24, 2020",https://www.politifact.com/factchecks/2020/aug/24/greg-gutfeld/qanon-hoax-has-been-linked-violence-fox-news-greg-/
Thom Tillis,"July 30, 2020",“Cal Cunningham has been silent on this on defunding the police; I assume his silence is consent.”,false,radio interview,Crime; North Carolina,Paul Specht,"August 19, 2020",https://www.politifact.com/factchecks/2020/aug/19/thom-tillis/no-cunningham-has-not-been-silent-defunding-police/
Facebook posts,"July 25, 2020","Black Lives Matter ""injures 1000 police officers kills 36 people and does $8 billion in damage.""",false,Facebook post,Civil Rights; Crime; Facebook Fact-checks,Tom Kertscher,"August 7, 2020",https://www.politifact.com/factchecks/2020/aug/07/facebook-posts/no-proof-black-lives-matter-killed-36-people-injur/
Facebook posts,"July 31, 2020",Scores of politicians and others are on a “list” of sex cases from newly unsealed Ghislaine Maxwell court documents.,false,Facebook post,Criminal Justice; Crime; Sexuality; Facebook Fact-checks,Tom Kertscher,"August 6, 2020",https://www.politifact.com/factchecks/2020/aug/06/facebook-posts/no-list-sex-cases-facebook-not-unsealed-ghislaine-/
Facebook posts,"July 9, 2020 in","Say that according to the Los Angeles Times, “95% of warrants for murder in Los Angeles are for illegal aliens,” more than two-thirds of all births in Los Angeles County “are to illegal alien Mexicans” on Medicaid, “nearly 60% of all occupants of HUD properties are illegal,” and Nancy Pelosi “wants to put a windfall tax” on retirement fund profits.",pants-fire,on social media,Immigration; Children; Housing; Crime; Race and Ethnicity; Retirement; Taxes; California; Facebook Fact-checks,Louis Jacobson,"July 29, 2020",https://www.politifact.com/factchecks/2020/jul/29/facebook-posts/debunking-14-year-old-post-immigrants-los-angeles/
Bloggers,"July 17, 2020",“12 white female bodies in garage freezer tagged ‘Black Lives Matter.’”,pants-fire,blog post,Crime; California; Facebook Fact-checks,Ciara O'Rourke,"July 20, 2020",https://www.politifact.com/factchecks/2020/jul/20/blog-posting/fake-story-connecting-dead-bodies-and-black-lives-/
Sunny Hostin,"July 15, 2020","“Homicides are intraracial. When you look at white-on-white crime, it's 84%. Right? Homicides. White people kill white people.”",true,"episode of ABC's ""The View""",Crime; Race and Ethnicity; Pundits; PunditFact,Bill McCarthy,"July 17, 2020",https://www.politifact.com/factchecks/2020/jul/17/sunny-hostin/view-co-host-sunny-hostin-right-about-white-white-/
Donald Trump,"July 14, 2020","A Joe Biden-Bernie Sanders “unity” policy document shows “they want to abolish our police departments. They want to abolish our prisons, I guess.”",pants-fire,remarks,Criminal Justice; Crime,Louis Jacobson,"July 17, 2020",https://www.politifact.com/factchecks/2020/jul/17/donald-trump/no-joe-biden-will-not-abolish-police-or-prisons-do/
Bloggers,"June 15, 2020",Says George Floyd has “hair in one shot but is bald in the shots of him laying on the ground.”,pants-fire,blog post,Criminal Justice; Crime; Facebook Fact-checks,Ciara O'Rourke,"June 26, 2020",https://www.politifact.com/factchecks/2020/jun/26/blog-posting/george-floyds-hair-does-not-differ-various-images/
Facebook posts,"June 22, 2020",“Kill a White on Sight” appears on Black Lives Matter/Antifa flyers.,false,Facebook post,Civil Rights; Crime; Race and Ethnicity; Facebook Fact-checks,Tom Kertscher,"June 26, 2020",https://www.politifact.com/factchecks/2020/jun/26/facebook-posts/no-evidence-black-lives-matter-made-kill-white-sig/
Joe Morrissey,"June 18, 2020","Protest vandalism in Richmond “all started two weeks ago when Mayor Stoney’s police gassed - tear gassed - a peaceful crowd of protesters, moms and children, at 7:30 p.m. sharp.”",false,radio interview.,Civil Rights; Crime; Virginia,Warren Fiske,"June 25, 2020",https://www.politifact.com/factchecks/2020/jun/25/joe-morrissey/joe-morrisseys-timeline-richmond-protests-wrong/
Facebook posts,"June 16, 2020",Says America’s most violent cities are that way because of their Democratic politics,mostly-false,Facebook post,Crime; Party Support; Wisconsin,Eric Litke,"June 24, 2020",https://www.politifact.com/factchecks/2020/jun/24/facebook-posts/claim-about-violence-democratic-cities-overreaches/
Instagram posts,"June 17, 2020",A bar graph compares homicides for various racial groups,mostly-false,Instagram post,Crime; Race and Ethnicity,Daniel Funke,"June 23, 2020",https://www.politifact.com/factchecks/2020/jun/23/instagram-posts/instagram-graph-misleads-racial-breakdown-homicide/
Facebook posts,"June 14, 2020","“Antifa now banging on residents’ doors in Seattle, demanding food & supplies. If they don’t get it, the house gets vandalized.”",false,Facebook post,Crime; Facebook Fact-checks,Ciara O'Rourke,"June 18, 2020",https://www.politifact.com/factchecks/2020/jun/18/facebook-posts/no-evidence-antifa-members-vandalizing-seattle-hom/
Donald Trump,"June 16, 2020",“President Obama and Vice President Biden never even tried to fix this (police reforms) during their eight-year period.”,false,speech,Criminal Justice; Crime; Public Safety,Miriam Valverde,"June 18, 2020",https://www.politifact.com/factchecks/2020/jun/18/donald-trump/donald-trump-falsely-says-obama-administration-did/
Facebook posts,"June 9, 2020",The Buffalo protester pushed to the ground “had been previously arrested 300 times. 82 times for incitement. Riots is what he does for a living.”,false,Facebook post,Criminal Justice; Crime; Race and Ethnicity; Public Safety,Bill McCarthy,"June 12, 2020",https://www.politifact.com/factchecks/2020/jun/12/facebook-posts/social-media-posts-smear-buffalo-protester-shoved-/
Facebook posts,"June 5, 2020",“More than 20 police officers are dead now because of the riots.”,false,Facebook post,National; Crime; Facebook Fact-checks,Emily Venezky,"June 10, 2020",https://www.politifact.com/factchecks/2020/jun/10/facebook-posts/post-inflates-number-police-killed-connection-prot/
Facebook posts,"June 1, 2020",“These ‘peaceful’ protesters burned these horses to death.”,false,Facebook post,Animals; Crime; Facebook Fact-checks,Tom Kertscher,"June 8, 2020",https://www.politifact.com/factchecks/2020/jun/08/facebook-posts/no-evidence-fire-or-burned-horses-after-truck-driv/
Facebook posts,"June 5, 2020",“The 9/11 Memorial in NYC was just defaced with graffiti.”,false,Facebook post,Crime; Terrorism; Facebook Fact-checks,Ciara O'Rourke,"June 8, 2020",https://www.politifact.com/factchecks/2020/jun/08/facebook-posts/no-911-memorial-new-york-city-wasnt-defaced/
Larry Elder,"June 2, 2020","""Last year, there were nine unarmed black people killed (by law enforcement). Nineteen unarmed white people.”",mostly-false,Fox News appearance,Criminal Justice; Crime; Race and Ethnicity; Public Safety,Bill McCarthy,"June 5, 2020",https://www.politifact.com/factchecks/2020/jun/05/larry-elder/larry-elder-mislabels-statistics-fatal-shootings-p/
X posts,"May 31, 2020","Says police officers in Austin, Texas, have been “authorized to use LIVE ROUNDS, and lethal force” against protesters.",half-true,tweet,Criminal Justice; Crime; Texas,Madlin Mekelburg,"June 5, 2020",https://www.politifact.com/factchecks/2020/jun/05/tweets/were-austin-police-officers-authorized-use-deadly-/
Facebook posts,"May 31, 2020","Says Donald Trump got “exposed for raping a 13-year-old"" in retaliation for law enforcement officers “killing black people.”",false,Facebook post,Legal Issues; Crime; Race and Ethnicity; Facebook Fact-checks,Tom Kertscher,"June 3, 2020",https://www.politifact.com/factchecks/2020/jun/03/facebook-posts/no-proof-donald-trump-raped-13-year-old-girl-1994/
Facebook posts,"May 31, 2020","If protesters blocking the road “start banging on your windows, threatening you and trying to get in your vehicle,” it is legal to “hit the gas and plow through them.”",false,Facebook post,Civil Rights; Legal Issues; Crime; Facebook Fact-checks,Tom Kertscher,"June 3, 2020",https://www.politifact.com/factchecks/2020/jun/03/facebook-posts/not-legal-hit-gas-and-plow-through-menacing-protes/
Donald Trump,"May 26, 2020",There are “many unanswered and obvious questions” about the 2001 death of a staff member of Joe Scarborough.,pants-fire,tweet,National; Crime,Jon Greenberg,"May 26, 2020",https://www.politifact.com/factchecks/2020/may/26/donald-trump/donald-trump-spreads-baseless-claim-msnbc-host-mur/
Facebook posts,"May 28, 2019","Says it was ""a crime for Nixon to wiretap the Democrats at Watergate but OK for Obama to wiretap Republicans at Trump Tower.”",false,Facebook post,History; Impeachment; Crime; Facebook Fact-checks,Bill McCarthy,"May 21, 2020",https://www.politifact.com/factchecks/2020/may/21/facebook-posts/facebook-post-comparing-obama-allegations-watergat/
Nick Freitas,"April 28, 2020","“VA Democrats authorized for early release over 4,000 inmates, 60% of which are incarcerated for violent offenses.”",mostly-true,Facebook post.,Criminal Justice; Crime; Coronavirus; Virginia,Warren Fiske,"May 20, 2020",https://www.politifact.com/factchecks/2020/may/20/nick-freitas/virginia-freeing-thousands-violent-inmates-early/
Facebook posts,"May 14, 2020","If masks prevent coronavirus, governors would have given them to prison inmates instead of releasing them.",false,Facebook post,California; Facebook Fact-checks; New York; Corrections and Updates; Crime; Criminal Justice; Public Health; Coronavirus,Tom Kertscher,"May 19, 2020",https://www.politifact.com/factchecks/2020/may/19/facebook-posts/states-do-use-masks-contain-covid-19-prisons/
Facebook posts,"April 26, 2020","“Joe Biden was involved in a plot to kidnap JFK Jr. according to the just declassified FBI files, and also made several threats.""",pants-fire,Facebook post,History; Crime; Facebook Fact-checks,Bill McCarthy,"April 27, 2020",https://www.politifact.com/factchecks/2020/apr/27/facebook-posts/biden-plotted-kidnap-john-f-kennedy-jr-another-uns/
Donald Trump,"January 14, 2020",Says Madison and Milwaukee County both carry sanctuary status for illegal immigrants and  released undocumented immigrants who have committed multiple crimes including sexual assault of a child,half-true,rally,Immigration; Crime; Wisconsin,Mica Soellner,"April 17, 2020",https://www.politifact.com/factchecks/2020/apr/17/donald-trump/trump-claim-madison-milwaukee-are-sanctuary-cities/
Facebook posts,"March 22, 2020","“In Chicago, Covid-19 actually LOWERED the death rate.”",false,Facebook post,Crime; Coronavirus; Wisconsin,Haley BeMiller,"April 3, 2020",https://www.politifact.com/factchecks/2020/apr/03/facebook-posts/no-coronavirus-did-not-cause-death-rate-drop-chica/
Facebook posts,"March 19, 2020","Says imposters in hazmat suits are going door to door in Stockton, Calif., saying they are checking residents for fever or COVID-19, but they “will enter your home and physically attempt robbery.”",false,Facebook post,Crime; Facebook Fact-checks; Coronavirus,Tom Kertscher,"March 30, 2020",https://www.politifact.com/factchecks/2020/mar/30/facebook-posts/another-false-claim-robbers-posing-covid-19-tester/
Facebook posts,"March 21, 2020","""If you are in Las Vegas and you get a knock on your door from NV Power, 2020 Census or CVD-19 testers, do not open your door. They are robbing people at gunpoint.""",false,Facebook post,Census; Energy; Crime; Facebook Fact-checks; Coronavirus,Tom Kertscher,"March 25, 2020",https://www.politifact.com/factchecks/2020/mar/25/facebook-posts/beware-rumors-robbers-posing-covid-testers/
Chris Kapenga,"February 19, 2020",“Car thefts (are) increasing in 8 of the 10 most populous (Wisconsin) counties.”,mostly-true,news release,Criminal Justice; Crime; States; Wisconsin,D.L. Davis,"March 12, 2020",https://www.politifact.com/factchecks/2020/mar/12/chris-kapanga/yes-auto-theft-most-large-wisconsin-counties-thoug/
Facebook posts,"February 26, 2020","Says of the Milwaukee mass shooter:  ""Supposedly he is black. A noose was hung on his locker and he addressed the issue and he was fired! So he returned the next work day and killed who he all thought were involved.""",mostly-false,Facebook post,Civil Rights; Crime; Facebook Fact-checks; Wisconsin,Tom Kertscher,"March 5, 2020",https://www.politifact.com/factchecks/2020/mar/05/facebook-posts/mass-shooter-complained-racism-work-noose-incident/
Facebook posts,"November 22, 2019",Says white vans with external locks are “utilized for sex trafficking.”,false,Facebook post,Crime; Facebook Fact-checks,Bill McCarthy,"February 29, 2020",https://www.politifact.com/factchecks/2020/feb/29/facebook-posts/theres-no-proof-white-vans-external-locks-are-bein/
Facebook posts,"January 15, 2020","Sex traffickers are using a zip-tie contraption on the door handles of vehicles “to trick females into looking down and digging for something in their purse to cut with ... Once they’re distracted, boom! They are quickly forced into another vehicle, never to be seen again by their people.”",false,Facebook post,Crime; Facebook Fact-checks,Bill McCarthy,"February 29, 2020",https://www.politifact.com/factchecks/2020/feb/29/facebook-posts/social-media-posts-issue-alarmist-warning-about-zi/
Bloggers,"February 25, 2020",“Congress files charges against Nancy Pelosi.”,pants-fire,blog post,Congress; Impeachment; Crime,Ciara O'Rourke,"February 26, 2020",https://www.politifact.com/factchecks/2020/feb/26/blog-posting/congress-didnt-charge-nancy-pelosi-ripping-state-u/
Bloggers,"February 25, 2020",Says a Michigan funeral home employee was “cremated by mistake while taking a nap.”,pants-fire,blog post,Crime,Ciara O'Rourke,"February 26, 2020",https://www.politifact.com/factchecks/2020/feb/26/blog-posting/story-about-accidentally-cremated-funeral-home-wor/
Facebook posts,"February 10, 2020",“Violent crime in South Bend doubled during Mayor Pete’s tenure.”,mostly-false,Facebook post,Crime,Tom Kertscher,"February 25, 2020",https://www.politifact.com/factchecks/2020/feb/25/facebook-posts/violent-crime-south-bend-did-not-double-during-pet/
Joe Sanfelippo,"February 13, 2020",“Violent crime rates increased in all but two Wisconsin cities between 2008 and 2017.”,pants-fire,GOP weekly radio address,Criminal Justice; Crime; Wisconsin,Eric Litke,"February 20, 2020",https://www.politifact.com/factchecks/2020/feb/20/joe-sanfelippo/sanfelippo-flops-claim-violent-crime/
Michael Bloomberg,"February 19, 2020","“When we discovered, I discovered, that we were doing many, many, too many stop and frisks, we cut 95% of it out.”",half-true,Democratic presidential primary debate,Criminal Justice; Crime,Miriam Valverde,"February 20, 2020",https://www.politifact.com/factchecks/2020/feb/20/michael-bloomberg/fact-checking-mike-bloombergs-claim-95-decline-sto/
Facebook posts,"February 7, 2020",Says Nancy Pelosi was arrested after ripping a copy of the State of the Union speech.,pants-fire,Facebook post,Crime,Ciara O'Rourke,"February 19, 2020",https://www.politifact.com/factchecks/2020/feb/19/facebook-posts/no-nancy-pelosi-wasnt-arrested-after-ripping-copy-/
Bloggers,"January 14, 2020","Says Patrick Mahomes said, “I believe George Zimmerman is innocent.”",false,blog post,Criminal Justice; Crime; Sports,Ciara O'Rourke,"February 6, 2020",https://www.politifact.com/factchecks/2020/feb/06/blog-posting/no-evidence-patrick-mahomes-said-he-thinks-george-/
Facebook posts,"January 22, 2020","""Virginia Democrats Push Legislation to Make Criticism of Government Officials a Criminal Offense.""",pants-fire,Facebook post,Civil Rights; Crime; Facebook Fact-checks,Tom Kertscher,"January 29, 2020",https://www.politifact.com/factchecks/2020/jan/29/facebook-posts/claim-virginia-bill-would-make-criticizing-governm/
Paul Maner,"January 20, 2020","Says Jordan Davis, son of Georgia Congresswoman Lucy McBath, was killed in ""a drug deal gone bad.""",pants-fire,Facebook post,National; Drugs; Crime; Guns,Tom Kertscher,"January 24, 2020",https://www.politifact.com/factchecks/2020/jan/24/paul-maner/claim-us-rep-lucy-mcbaths-teen-murdered-son-was-ki/
Facebook posts,"December 12, 2019","Says J. David Cox, ""the boss"" of the jail guards ""who were supposed to keep"" suspected sex trafficker Jeffrey Epstein alive, is also ""friends with Bill and Hillary Clinton.""",false,Facebook post,Criminal Justice; Crime; Facebook Fact-checks,Tom Kertscher,"January 14, 2020",https://www.politifact.com/factchecks/2020/jan/14/facebook-posts/no-evidence-tying-union-president-jail-guards-and-/
Facebook posts,"January 7, 2020","""The Australia bushfires have nothing to do with climate change; it was arson.""",false,Facebook post,Climate Change; Fires; Crime; Facebook Fact-checks,Tom Kertscher,"January 10, 2020",https://www.politifact.com/factchecks/2020/jan/10/facebook-posts/those-claims-about-nearly-200-arrested-arson-austr/
Facebook posts,"December 29, 2019",There have been 317 criminal indictments under three recent Republican presidents and only three indictments under three recent Democratic presidents.,half-true,Facebook post,Crime; Facebook Fact-checks,Tom Kertscher,"January 9, 2020",https://www.politifact.com/factchecks/2020/jan/09/facebook-posts/many-more-criminal-indictments-under-trump-reagan-/
Philip Van Cleave,"December 9, 2019","U.S. and Virginia murders are ""usually gangbangers killing gangbangers.""",false,speech.,Crime; Guns; Virginia,Warren Fiske,"January 9, 2020",https://www.politifact.com/factchecks/2020/jan/09/philip-van-cleave/are-most-murders-gangbangers-killing-gangbangers-v/
Jeff Jensen,"November 20, 2019","""It’s nothing I do, but the probation office here in the Eastern District of Missouri is the best in the country. They have about a 7.5% recidivism rate, compared to national averages of 70 or 80%""",half-true,interview with St. Louis Public Radio,Criminal Justice; Crime; Missouri,Libby Stanford,"December 31, 2019",https://www.politifact.com/factchecks/2019/dec/31/jeff-jensen/jensen-half-true-st-louis-office-recidivism-rate/
New York City Police Benevolent Association,"December 2, 2019","""Defendants charged with producing, directing or promoting an obscene sexual performance by a child will be arraigned & set free.""",mostly-true,Tweet,Criminal Justice; Crime; New York,Jill Terreri Ramos,"December 22, 2019",https://www.politifact.com/factchecks/2019/dec/22/new-york-city-police-benevolent-association/police-union-criticizes-new-bail-law/
Joe Biden,"December 19, 2019","""You have to have congressional authority"" to close Guantanamo Bay prison.",mostly-true,Democratic primary debate,National; Congress; Legal Issues; Crime; Terrorism,Amy Sherman,"December 20, 2019",https://www.politifact.com/factchecks/2019/dec/20/joe-biden/congress-put-roadblocks-front-efforts-close-gitmo-/
Rob Hutton,"December 4, 2019","A ""study showed as many as one in four people have had a package stolen from their residence.""",true,radio interview,Consumer Safety; Criminal Justice; Legal Issues; Crime; Wisconsin,D.L. Davis,"December 13, 2019",https://www.politifact.com/factchecks/2019/dec/13/rob-hutton/wisconsin-state-rep-hutton-delivers-claim-about-le/
Paul Gigot,"December 7, 2019","Says the impeachment of President Donald Trump would be the first in U.S. history ""without a specific criminal statute or crime that the president who is impeached would have allegedly committed.""",half-true,interview,Impeachment; Crime; PunditFact,Tom Kertscher,"December 12, 2019",https://www.politifact.com/factchecks/2019/dec/12/paul-gigot/donald-trump-would-be-first-us-president-impeached/
Michael Bloomberg,"November 17, 2019","""No other city in America did what (New York) did. We reduced murders by 50%, reduced police shootings to historic lows, reduced the number of people incarcerated by nearly 40%.""",mostly-true,speech,National; Criminal Justice; Crime,Tom Kertscher,"December 2, 2019",https://www.politifact.com/factchecks/2019/dec/02/michael-bloomberg/new-york-crime-did-drop-when-2020-hopeful-michael-/
Jean Evans,"October 7, 2019","""Missouri, in general, has more crime, percentage-wise, than the rest of the country. So, we are seeing overall crime throughout the country is going down but not here in Missouri.""",half-true,Missouri Times article,Crime; Missouri,Greta Serrin,"November 25, 2019",https://www.politifact.com/factchecks/2019/nov/25/jean-evans/missouris-crime-high-s-not-full-story/
Nikki Fried,"October 29, 2019","While previous clemency boards granted restoration of civil rights to thousands of Floridians,  ""so far this year, under this clemency board, four (felons) have gotten their rights back.""",mostly-true,pre-legislative media forum,Elections; Crime; Florida,Amy Sherman,"November 21, 2019",https://www.politifact.com/factchecks/2019/nov/21/nikki-fried/2019-few-florida-felons-got-their-voting-rights-ba/
David McKinley,"October 13, 2019","""$53 million a week is coming across the border in drugs.""",mostly-true,article,West Virginia; Immigration; Drugs; Crime,Matthew Digby,"November 18, 2019",https://www.politifact.com/factchecks/2019/nov/18/david-mckinley/what-value-drugs-come-us-border/
Facebook posts,"September 5, 2018","On Sept. 5, 1993, ""Vince Foster went to Fort Marcy Park and shot himself 3 times in the back of the head to avoid testifying against Hillary Clinton.""",false,Facebook post,Crime; Facebook Fact-checks,Ciara O'Rourke,"November 8, 2019",https://www.politifact.com/factchecks/2019/nov/08/facebook-posts/decades-old-conspiracy-theories-about-vince-foster/
Donald Trump,"October 28, 2019","""Over the last two years, the number of murders in America and America’s major cities has dropped, unlike here (Chicago), by more than 10%.""",pants-fire,speech,Crime; Illinois,Kiannah Sepeda-Miller,"October 29, 2019",https://www.politifact.com/factchecks/2019/oct/29/donald-trump/trump-dead-wrong-about-change-murders-chicago/
Richard Durbin,"October 22, 2019","Says that in Illinois, ""fewer than 20% of those actually deported have been charged with any serious crime.""",mostly-true,remarks at a committee hearing,Immigration; Crime; Illinois,Kiannah Sepeda-Miller,"October 27, 2019",https://www.politifact.com/factchecks/2019/oct/27/richard-durbin/durbin-mostly-track-claim-illinois-deportations/
Facebook posts,"October 8, 2019",Says the Obamas are connected to the Varsity Blues college admissions scandal.,false,Facebook post,Fake news; Crime; Facebook Fact-checks,Samantha Putterman,"October 11, 2019",https://www.politifact.com/factchecks/2019/oct/11/facebook-posts/no-obamas-have-nothing-do-varsity-blues-college-ad/
Roger Williams,"August 22, 2019","""50% of the DUIs on Interstate 35 are from illegals. Ninety percent of the 50% have absolutely no identification.""",pants-fire,interview,Criminal Justice; Crime; Texas,Madlin Mekelburg,"October 4, 2019",https://www.politifact.com/factchecks/2019/oct/04/roger-williams/are-half-those-arrested-dwis-i-35-unauthorized-imm/
Facebook posts,,"""Beto O’Rourke wants to confiscate guns because he can’t buy one himself due to his criminal record.""",false,,Crime; Public Safety; Guns; Texas,Madlin Mekelburg,"September 18, 2019",https://www.politifact.com/factchecks/2019/sep/18/facebook-posts/would-beto-orourkes-criminal-history-prevent-him-p/
Facebook posts,"August 22, 2019","Says the ""bones of children"" were found on Jeffrey Epstein’s island.",false,Facebook post,Crime; Facebook Fact-checks,Samantha Putterman,"September 4, 2019",https://www.politifact.com/factchecks/2019/sep/04/facebook-posts/no-bones-children-were-not-discovered-jeffrey-epst/
Bernie Sanders,"August 26, 2019","""Last year, South Carolina spent $21,756 per prison inmate and $11,552 per student.""",mostly-true,Instagram post,National; Criminal Justice; Education; Crime; State Budget,John Kruzel,"August 27, 2019",https://www.politifact.com/factchecks/2019/aug/27/bernie-sanders/bernie-sanders-right-south-carolina-spends-more-pr/
Facebook posts,"August 15, 2019","Says 194 people were killed in mass shootings in 2018 while undocumented immigrants killed 83,211 people.",false,Facebook post,Immigration; Crime; Facebook Fact-checks,Samantha Putterman,"August 26, 2019",https://www.politifact.com/factchecks/2019/aug/26/facebook-posts/post-comparing-mass-shooting-deaths-homicides-undo/
Amy Klobuchar,"August 12, 2019","The ""boyfriend loophole"" means that ""if you commit a serious crime of domestic abuse against your wife, you can't get a gun, but if you do it against your girlfriend, you can.""",half-true,interview,National; Crime; Guns,Tom Kertscher,"August 22, 2019",https://www.politifact.com/factchecks/2019/aug/22/amy-klobuchar/boyfriend-loophole-some-convicted-domestic-violenc/
Adam Kinzinger,"August 9, 2019","""97% of murders occur with handguns.""",mostly-false,TV interview,Crime; Illinois; Guns,Kiannah Sepeda-Miller,"August 15, 2019",https://www.politifact.com/factchecks/2019/aug/15/adam-kinzinger/are-handguns-used-commit-nearly-all-murders/
Curt Schilling,"August 10, 2019","Law-abiding gun owners stop crimes ""2.5 million times a year,"" according to the federal Centers for Disease Control.",mostly-false,tweet,Crime; PunditFact; Guns,Tom Kertscher,"August 14, 2019",https://www.politifact.com/factchecks/2019/aug/14/curt-schilling/trump-backed-ex-pitcher-curt-schilling-misleads-sa/
Bernie Sanders,"August 5, 2019","""In 2016, counties hosting a Trump rally saw a 226% spike in hate crimes.""",half-true,Facebook meme,National; Crime,Louis Jacobson,"August 12, 2019",https://www.politifact.com/factchecks/2019/aug/12/bernie-sanders/did-counties-hosting-trump-rally-2016-see-226-spik/
Ivanka Trump,"August 6, 2019","""Chicago experienced its deadliest weekend of the year...With 7 dead and 52 wounded near a playground.""",mostly-false,tweet,Crime; Illinois; Guns,Duncan Agnew,"August 7, 2019",https://www.politifact.com/factchecks/2019/aug/07/ivanka-trump/ivanka-trump-conflates-chicago-gun-violence-statis/
Dianne Feinstein,"August 3, 2019","There are ""more gun deaths by far"" in the United States than any other country in the world.",false,tweet,Criminal Justice; Crime; California; Guns,Chris Nichols,"August 6, 2019",https://www.politifact.com/factchecks/2019/aug/06/dianne-feinstein/fact-check-are-there-more-gun-deaths-far-america-a/
Sheila Bynum-Coleman,"July 26, 2019","""African Americans are three to four times more likely to be arrested for drug crimes, and nine times more likely to be imprisoned.""",mostly-true,website post.,Criminal Justice; Drugs; Crime; Virginia,Warren Fiske,"August 6, 2019",https://www.politifact.com/factchecks/2019/aug/06/sheila-bynum-coleman/bynum-coleman-mostly-right-about-racial-disparity-/
Donald Trump,"August 5, 2019","""Last year, we prosecuted a record number of firearms offenses.""",mostly-true,speech,National; Crime; Guns,Amy Sherman,"August 5, 2019",https://www.politifact.com/factchecks/2019/aug/05/donald-trump/after-mass-shootings-fact-checking-trumps-statisti/
Donald Trump,"August 1, 2019","""The homicide rate in Baltimore is significantly higher than El Salvador, Honduras, Guatemala. ...  I believe it’s higher than Afghanistan.""",half-true,rally,National; Crime,John Kruzel,"August 2, 2019",https://www.politifact.com/factchecks/2019/aug/02/donald-trump/donald-trumps-flawed-comparison-homicide-rates-bal/
Chelsea Handler,"August 2, 2019","""Elijah Cummings’ house was broken into after Trump publicly attacked him on Twitter.""",false,tweet,Crime; PunditFact,Bill McCarthy,"August 2, 2019",https://www.politifact.com/factchecks/2019/aug/02/chelsea-handler/chelsea-handler-blames-trumps-tweets-break-cumming/
Donald Trump,"August 1, 2019","Democrats ""want virtual immunity for illegal aliens who have created horrible crimes and murder.""",false,rally,Immigration; National; Crime,Jon Greenberg,"August 2, 2019",https://www.politifact.com/factchecks/2019/aug/02/donald-trump/trumps-false-charge-democrats-want-virtual-immunit/
Facebook posts,"July 15, 2019","""SIX of the most prominent activists during the Ferguson riots have all been found burned to death in their cars. There are no coincidences here.""",mostly-false,Facebook post,Crime; Facebook Fact-checks,Samantha Putterman,"July 25, 2019",https://www.politifact.com/factchecks/2019/jul/25/facebook-posts/facebook-post-deaths-6-people-ferguson-stretches-w/
Bill Stanley,"July 9, 2019","""How many people have with a concealed carry permit have committed a crime in Virginia? ...The answer is zero.""",false,radio interview.,Crime; Guns; Virginia,Warren Fiske,"July 24, 2019",https://www.politifact.com/factchecks/2019/jul/24/bill-stanley/theres-no-proof-bill-stanleys-claim-about-va-conce/
Cory Booker,"July 5, 2019","""In 2017, we had more marijuana possession arrests in our country than all other violent crimes combined.""",true,interview,National; Drugs; Crime,Tom Kertscher,"July 11, 2019",https://www.politifact.com/factchecks/2019/jul/11/cory-booker/more-arrests-us-marijuana-possession-violent-crime/
Pete Buttigieg,"July 4, 2019","""A black person is four times as likely as a white person to be incarcerated for the exact same crime.""",mostly-false,event,National; Criminal Justice; Crime,Louis Jacobson,"July 10, 2019",https://www.politifact.com/factchecks/2019/jul/10/pete-buttigieg/viral-moment-pete-buttigieg-fumbles-line-racial-di/
Kamala Harris,"June 27, 2019","Says ""I disagreed"" with President Obama’s Secure Communities deportation program",half-true,Democratic presidential debate,Immigration; Border Security; Crime; California,Chris Nichols,"June 28, 2019",https://www.politifact.com/factchecks/2019/jun/28/kamala-harris/fact-check-did-kamala-harris-really-disagree-obama/
Donald Trump,"June 18, 2019","Says the Central Park Five ""admitted their guilt.""",mostly-false,remarks to reporters on the White House South Lawn.,National; Civil Rights; Crime,Jon Greenberg,"June 24, 2019",https://www.politifact.com/factchecks/2019/jun/24/donald-trump/donald-trump-twists-story-central-park-five/
Ilhan Omar,"June 5, 2019","""Every day on average 500 people die from gun violence.""",false,tweet,National; Crime; Guns,Tom Kertscher,"June 12, 2019",https://www.politifact.com/factchecks/2019/jun/12/ilhan-omar/rep-ilhan-omars-claim-high-there-arent-500-gun-dea/
Joe Biden,"May 14, 2019","The 1994 crime bill ""did not generate mass incarceration.""",half-true,campaign event,National; Criminal Justice; Crime,Jon Greenberg,"May 30, 2019",https://www.politifact.com/factchecks/2019/may/30/joe-biden/joe-biden-1994-crime-bill-mass-incarceration/
Mark Pocan,"May 29, 2019","Says Donald Trump's claim that ""there was insufficient evidence and therefore, in our country, a person is innocent"" directly contradicts Special Counsel Robert Mueller’s statement.",mostly-true,tweet,Elections; Impeachment; Crime; Wisconsin,Eric Litke,"May 30, 2019",https://www.politifact.com/factchecks/2019/may/30/mark-pocan/pocan-says-trump-tweet-contradicted-mueller/
Facebook posts,"April 14, 2019","""When you pull up to the gas pump to fill up your car, get your cell phone and search for Bluetooth devices. If a sequence of letters and numbers show up don’t pay at the pump. One of the pumps has a credit card skimmer inside of it. All of these skimmers run on bluetooth.""",half-true,Facebook post,West Virginia; Crime; Technology,Cade Moisey,"May 17, 2019",https://www.politifact.com/factchecks/2019/may/17/facebook-posts/can-cell-phones-bluetooth-defeat-credit-card-skimm/
Jared Kushner,"April 23, 2019","Russia’s interference in the 2016 election amounted to ""a couple of Facebook ads.""",pants-fire,interview,National; Elections; Crime,John Kruzel,"April 24, 2019",https://www.politifact.com/factchecks/2019/apr/24/jared-kushner/jared-kushner-wrong-scope-russias-interference/
William Barr,"April 18, 2019","""The White House fully cooperated with the Special Counsel’s investigation.""",false,press conference,National; Elections; Crime,John Kruzel,"April 22, 2019",https://www.politifact.com/factchecks/2019/apr/22/william-barr/did-trump-fully-cooperate-mueller-investigation-no/
Cory Booker,"March 27, 2019","Says President Donald Trump ""cut funding from the Justice Department to investigate these domestic terrorist groups, these white supremacist groups.""",mostly-false,CNN town hall,National; Crime; Race and Ethnicity; Terrorism,Amy Sherman,"April 11, 2019",https://www.politifact.com/factchecks/2019/apr/11/cory-booker/donald-trump-cut-funding-investigate-domestic-terr/
Paul Bettencourt,"April 2, 2019","""194,000 criminal aliens booked into Texas jails from 2011-2019 were charged with more than 299,000 criminal offenses.""",mostly-true,resolution,Crime; Texas,Madlin Mekelburg,"April 8, 2019",https://www.politifact.com/factchecks/2019/apr/08/paul-bettencourt/texas-legislation-missing-important-info-about-cri/
Facebook posts,"March 18, 2019",ATM users in distress can enter their PIN backwards to secretly call the police.,false,posts online,Crime; Facebook Fact-checks,Julianna Rennie,"March 26, 2019",https://www.politifact.com/factchecks/2019/mar/26/facebook-posts/entering-atm-pin-backwards-wont-call-police/
Amy Klobuchar,"March 17, 2019","During her tenure as county attorney in Minnesota, ""there was a 65 percent decrease in incarceration of African-Americans.""",false,"interview on CNN's ""State of the Union""",National; Corrections and Updates; Criminal Justice; Legal Issues; Crime; Race and Ethnicity,Louis Jacobson,"March 22, 2019",https://www.politifact.com/factchecks/2019/mar/22/amy-klobuchar/did-african-american-incarceration-drop-65-under-a/
David Crowley,"February 24, 2019","''Over 40 percent of African-American men in (Milwaukee County) have been going to prison for low-level drug offenses, and I think a hundred times that in the city of Madison.""",false,TV interview,Drugs; Crime; Marijuana; Wisconsin,D.L. Davis,"March 19, 2019",https://www.politifact.com/factchecks/2019/mar/19/david-crowley/state-rep-david-crowley-misfires-claim-african-ame/
Gavin Newsom,"March 13, 2019","California has ""the largest death row in the Western Hemisphere, the largest death row in the United States of America — two times the size of the next largest state: Florida.""",true,news conference,Death Penalty; Crime; Public Safety; California,Chris Nichols,"March 13, 2019",https://www.politifact.com/factchecks/2019/mar/13/gavin-newsom/somber-statistic-still-true-california-has-largest/
Kamala Harris,"February 24, 2019","Says handing over arrested undocumented youth to ICE ""was an unintended consequence"" of a 2008 San Francisco policy that she supported.",false,podcast,Immigration; Crime; Public Safety; California,Chris Nichols,"February 28, 2019",https://www.politifact.com/factchecks/2019/feb/28/kamala-harris/kamala-harris-tries-rewrite-history-false-claim-sa/
Joe Biden,"February 15, 2019","""Since the passage of (the Violence Against Women Act), annual rates of domestic violence have dropped by 63 percent.""",half-true,tweet,National; Criminal Justice; Crime; Women,Louis Jacobson,"February 22, 2019",https://www.politifact.com/factchecks/2019/feb/22/joe-biden/how-much-have-domestic-violence-rates-fallen-viole/
Tom  McClintock,"January 29, 2019","""In 2017, illegal aliens murdered 1,800 Americans.""",false,speech,Immigration; Crime; Public Safety; California,Chris Nichols,"February 20, 2019",https://www.politifact.com/factchecks/2019/feb/20/tom-mcclintock/rep-tom-mcclintock-distorts-number-homicides-undoc/
Matt Gaetz,"February 7, 2019","""One out of every 5 people that the federal government charges with murder is an illegal alien.""",false,CNN interview,Immigration; Homeland Security; Crime; Florida,Miriam Valverde,"February 19, 2019",https://www.politifact.com/factchecks/2019/feb/19/matt-gaetz/gaetz-misrepresents-federal-data-murder-immigrants/
Donald Trump,"February 13, 2019","""Violent crime is now going down for the first time in a long while.""",mostly-false,speech,National; Crime,Louis Jacobson,"February 14, 2019",https://www.politifact.com/factchecks/2019/feb/14/donald-trump/donald-trump-exaggerates-when-describing-drop-viol/
Matt Gaetz,"February 7, 2019","""In 1992, the Democratic Party had in their platform provisions that said that illegal aliens were coming in this country, committing felonies, sent back and then they were right back across the border to do the same thing.""",mostly-true,interview on CNN,Immigration; Crime; Florida; Guns,Amy Sherman,"February 13, 2019",https://www.politifact.com/factchecks/2019/feb/13/matt-gaetz/matt-gaetz-said-democrats-platform-once-said-illeg/
Donald Trump,"February 5, 2019","San Diego’s border barrier ""almost completely ended illegal crossings.""",half-true,State of the Union Address,Immigration; Crime; California,Chris Nichols,"February 7, 2019",https://www.politifact.com/factchecks/2019/feb/07/donald-trump/there-are-holes-president-trumps-claim-about-san-d/
Donald Trump,"January 27, 2019","""58,000 non-citizens voted in Texas, with 95,000 non-citizens registered to vote.""",false,tweet,National; Elections; Crime,Amy Sherman,"January 28, 2019",https://www.politifact.com/factchecks/2019/jan/28/donald-trump/trump-wrongly-tweets-58000-noncitizens-voted-texas/
Garry McCarthy,"January 15, 2019","Says Chicago ""had the lowest murder rates in a generation"" during his time as police superintendent.",mostly-false,campaign ad,Crime; Illinois,Kiannah Sepeda-Miller,"January 27, 2019",https://www.politifact.com/factchecks/2019/jan/27/garry-mccarthy/did-mccarthy-rein-chicagos-high-murder-rate/
Garry McCarthy,"December 11, 2018","""There was almost a 70 percent reduction in police-related shootings under my tenure because of training, supervision and policy decisions.""",half-true,speech,Crime; Illinois,Kiannah Sepeda-Miller,"December 23, 2018",https://www.politifact.com/factchecks/2018/dec/23/garry-mccarthy/did-police-shootings-plunge-under-mccarthys-leader/
Tom Cotton,"November 16, 2018","""There have been no hearings"" on a criminal justice bill being considered in the Senate.",mostly-false,tweet,National; Corrections and Updates; Criminal Justice; Legal Issues; Crime,Louis Jacobson,"November 20, 2018",https://www.politifact.com/factchecks/2018/nov/20/tom-cotton/were-there-no-hearings-bipartisan-criminal-justice/
Mike Bost,"October 22, 2018","Says Brendan Kelly ""allowed half of the criminals he faced to walk free"" and ""failed to protect women who were violently assaulted,"" allowing ""those guilty of sexual assault to cut inexcusable plea deals.""",mostly-false,campaign ad,National; Criminal Justice; Crime,Stephen Koff,"November 5, 2018",https://www.politifact.com/factchecks/2018/nov/05/mike-bost/illinois-mike-bost-attacks-brendan-kellys-record-p/
Ken Paxton,"October 25, 2018","Says Ken Paxton ""shut down the world’s largest human trafficking marketplace.""",mostly-false,TV ad,Crime; Texas,W. Gardner Selby,"November 1, 2018",https://www.politifact.com/factchecks/2018/nov/01/ken-paxton/ken-paxton-airs-mostly-false-claim-about-texas-shu/
Donald Trump,"October 10, 2018","Says ""Bob Casey voted in favor of deadly sanctuary cities that released thousands upon thousands of illegal alien criminals and vicious gang members to prey on Pennsylvania streets, to prey all over this country.""",false,rally,Immigration; National; Crime,Jon Greenberg,"October 31, 2018",https://www.politifact.com/factchecks/2018/oct/31/donald-trump/donald-trumps-wild-number-sanctuary-city-criminal-/
Donald Trump,"October 22, 2018","Says Beto O’Rourke ""voted to shield MS-13 gang members from deportation.""",mostly-false,rally for Republican candidates,Immigration; Criminal Justice; Crime; Texas,W. Gardner Selby,"October 25, 2018",https://www.politifact.com/factchecks/2018/oct/25/donald-trump/mostly-false-donald-trump-claim-beto-orourke-voted/
Florida Strong,"October 17, 2018","Says Andrew Gillum ""oversaw a 52 percent increase in murder.""",mostly-false,Facebook video,City Government; Crime; Florida,Amy Sherman,"October 19, 2018",https://www.politifact.com/factchecks/2018/oct/19/florida-strong/florida-pac-video-wrongly-blames-andrew-gillum-tal/
Republican Party of Florida,"October 10, 2018","Says Andrew Gillum is running ""from the FBI.""",false,ad,City Government; Crime; Florida,Amy Sherman,"October 12, 2018",https://www.politifact.com/factchecks/2018/oct/12/republican-party-florida/no-evidence-andrew-gillum-running-fbi/
Gavin Newsom,"October 8, 2018","""Only Duterte’s Philippines and Trump’s United States of America have money bail.""",mostly-true,gubernatorial debate,Legal Issues; Crime; California,Louis Jacobson,"October 9, 2018",https://www.politifact.com/factchecks/2018/oct/09/gavin-newsom/are-us-philippines-only-two-countries-money-bail/
Andrew Gillum,"September 30, 2018","Says Tallahassee ""is experiencing a five-year low in our crime rate.""",mostly-true,CBS4 interview,Crime; Florida,Amy Sherman,"October 8, 2018",https://www.politifact.com/factchecks/2018/oct/08/andrew-gillum/andrew-gillum-says-crime-dropping-tallahassee/
Ron DeSantis,"September 23, 2018","Says Andrew Gillum has presided over ""the highest crime in Florida four years running.""",mostly-true,CBS4 interview,Crime; Florida,Amy Sherman,"October 8, 2018",https://www.politifact.com/factchecks/2018/oct/08/ron-desantis/ron-desantis-says-tallahassee-mayor-andrew-gillum-/
Senate Leadership Fund,"September 25, 2018","Says Jacky Rosen ""voted against stopping criminals from re-entering the United States.""",mostly-false,attack ad,Immigration; National; Crime,Jon Greenberg,"October 2, 2018",https://www.politifact.com/factchecks/2018/oct/02/senate-leadership-fund/gop-super-pac-ad-skips-over-jacky-rosens-yes-vote-/
Mike DeWine,"September 12, 2018","Says Richard Cordray’s ""plan would allow drug dealers to remain on our streets.""",false,ad,Ohio; Drugs; Crime,Amy Sherman,"September 26, 2018",https://www.politifact.com/factchecks/2018/sep/26/mike-dewine/mike-dewine-misleads-about-issue-1-drug-amendment-/
Ted Cruz,"September 21, 2018","Says Beto O’Rourke described police as ""modern-day Jim Crow.""",mostly-false,debate at Southern Methodist University,Criminal Justice; Crime; Texas,W. Gardner Selby,"September 25, 2018",https://www.politifact.com/factchecks/2018/sep/25/ted-cruz/ted-cruz-simplifies-saying-beto-orourke-called-pol/
Scott Walker,"September 12, 2018","Says Tony Evers ""wants to cut Wisconsin's prison population in half, a dangerous plan that today would mean releasing thousands of violent criminals back into our communities.""",half-true,TV ad,Criminal Justice; Crime; Wisconsin,Tom Kertscher,"September 21, 2018",https://www.politifact.com/factchecks/2018/sep/21/scott-walker/tony-evers-supports-cutting-prison-population-50-r/
Gavin Newsom,"August 17, 2018","Says John Cox ""parroted, parroted Trump — almost verbatim — on the children’s separation issues at the border.""",mostly-false,TV interview,Immigration; Criminal Justice; Crime; Public Safety; The 2018 California Governor's Race; California,Chris Nichols,"September 12, 2018",https://www.politifact.com/factchecks/2018/sep/12/gavin-newsom/gavin-newsoms-misleading-claim-john-cox-parroting-/
Ken Paxton,"August 26, 2018","Says Texas has ""had over 600,000 crimes committed by illegals since 2011. Over 1,200 homicides.""",pants-fire,interview on Fox & Friends,Immigration; Crime; Texas,W. Gardner Selby,"September 7, 2018",https://www.politifact.com/factchecks/2018/sep/07/ken-paxton/ken-paxton-draws-debunked-figures-says-illegals-co/
Mike DeWine,"August 22, 2018","""While Richard Cordray was Attorney General, 12,000 rape kits like Allyssa's were left untested. Cordray's failure left serial rapists free to strike again. Then Mike DeWine became Attorney General. He tested all 12,000 rape kits. Now hundreds of rapists are behind bars.""",half-true,TV ad,Ohio; Legal Issues; Crime; Women,Amy Sherman,"August 30, 2018",https://www.politifact.com/factchecks/2018/aug/30/mike-dewine/fact-checking-mike-dewines-attack-rich-cordray-abo/
Greater Wisconsin Committee,"August 20, 2018","""When the law stopped Tony Evers from revoking a teacher's license for viewing pornography, Tony worked with lawmakers from both parties to change the law so offenders could be kicked out of the classroom.""",half-true,TV ad,Children; Education; Legal Issues; Crime; Government Regulation; Sexuality; Wisconsin,Tom Kertscher,"August 29, 2018",https://www.politifact.com/factchecks/2018/aug/29/greater-wisconsin-political-fund/hitting-back-group-defends-dem-governor-candidate-/
Bloggers,"February 21, 2017","""John McCain was pardoned for treason""",pants-fire,blog post,Crime; PunditFact,Katie Akin,"August 27, 2018",https://www.politifact.com/factchecks/2018/aug/27/blog-posting/sen-mccain-did-not-commit-treason-vietnam/
Donald Trump,"August 22, 2018","Says the ""South African Government is now seizing land from white farmers"" and alleges a ""large scale killing of farmers"" in the country.",mostly-false,tweet,National; Corrections and Updates; Crime; Foreign Policy,Katie Akin,"August 24, 2018",https://www.politifact.com/factchecks/2018/aug/24/donald-trump/trump-tweets-incorrect-south-african-land-seizures/
Silvestre Reyes,"May 22, 2012","Says Beto O’Rourke ""has a criminal record that includes DWI and burglary arrests.""",true,TV ad,Candidate Biography; Corrections and Updates; Criminal Justice; Crime; Texas,W. Gardner Selby,"August 22, 2018",https://www.politifact.com/factchecks/2018/aug/22/silvestre-reyes/beto-orourke-arrested-1990s-burglary-and-dwi/
Matt Flynn,"August 8, 2018","Says he was ""not part of transferring"" any priests accused of sexual abuse.",half-true,candidates forum,Children; Legal Issues; Crime; Religion; Sexuality; Wisconsin,Tom Kertscher,"August 10, 2018",https://www.politifact.com/factchecks/2018/aug/10/matt-flynn/matt-flynn-heavily-involved-priest-abuse-cases-was/
Scott Walker,"August 7, 2018","""A number of Democrats running for governor want to cut the prison population by 50%"" and ""that would require the release of thousands of violent felons.""",half-true,tweet,Criminal Justice; Crime; State Budget; Wisconsin,Tom Kertscher,"August 9, 2018",https://www.politifact.com/factchecks/2018/aug/09/scott-walker/cutting-wisconsin-prison-population-50-wouldnt-req/
Jeff Greene,"July 29, 2018","""There is a big correlation between third grade reading level and whether you go to college or whether you go to prison. And in Florida right now only 56 percent of kids are coming out of third grade at third grade reading level.""",mostly-true,TV interview,Education; Crime; Florida,Katie Akin,"August 7, 2018",https://www.politifact.com/factchecks/2018/aug/07/jeff-greene/greenes-third-grade-statistics-mostly-hold/
Rudy Giuliani,"August 6, 2018","There were ""63 murders this weekend"" in Chicago and Mayor Rahm Emanuel’s legacy is ""more murders in his city than ever before.""",pants-fire,tweet,Crime; Illinois,Kiannah Sepeda-Miller,"August 7, 2018",https://www.politifact.com/factchecks/2018/aug/07/rudy-giuliani/giuliani-says-there-were-63-murders-chicago-over-w/
Omar Rachid,"July 21, 2018","""Muslims in America have been subjected to more insults, attacks and hate crimes in the last two or three years than ever before, specifically more than after 9-11.""",mostly-true,San Antonio Express-News story,Crime; Religion; Terrorism; Texas,W. Gardner Selby,"August 3, 2018",https://www.politifact.com/factchecks/2018/aug/03/omar-rachid/US-Muslims-more-attacks-hate-crimes-than-ever-be/
Bloggers,"August 1, 2018","Say a ""left wing extremist, chases down, rams car over Trump bumper sticker.""",mostly-true,blog post,Crime; PunditFact,Bill McCarthy,"August 3, 2018",https://www.politifact.com/factchecks/2018/aug/03/blog-posting/was-massachusetts-man-targeted-hit-and-run-because/
Bloggers,"July 19, 2018","""Satanic leader confesses to sacrificing 675 children 'gifted' to him by doctors.""",half-true,blog post,National; Crime; Religion,Katie Akin,"August 1, 2018",https://www.politifact.com/factchecks/2018/aug/01/blog-posting/no-evidence-so-called-satanic-leader-sacrificed-60/
Bloggers,"July 12, 2018","""Hillary in hiding as police discover dead body hidden in Huma Abedin’s dumpster.""",false,blog post,Fake news; Crime; PunditFact,Bill McCarthy,"July 19, 2018",https://www.politifact.com/factchecks/2018/jul/19/blog-posting/misleading-headline-exaggerates-connection-between/
Bloggers,"July 15, 2018","""Puerto Rico mayor facing fraud charges over $3M in federal disaster relief""",false,blog post,National; Fake news; Crime,Katie Akin,"July 19, 2018",https://www.politifact.com/factchecks/2018/jul/19/blog-posting/misleading-article-implies-puerto-rico-hurricane-a/
Club for Growth,"July 12, 2018","Says Leah Vukmir ""wrote a letter seeking leniency for a fellow state legislator convicted of sexual assault.""",mostly-true,TV ad,Criminal Justice; Crime; Wisconsin,Tom Kertscher,"July 18, 2018",https://www.politifact.com/factchecks/2018/jul/18/club-growth/did-senate-candidate-leah-vukmir-seek-leniency-fel/
Bloggers,"July 13, 2018","""An elderly British politician has been savagely beaten to a bloody pulp by a gang of anti-Trump protestors because he ‘welcomed’ the U.S. president to the United Kingdom.""",mostly-false,blog post,National; Fake news; Crime,Katie Akin,"July 17, 2018",https://www.politifact.com/factchecks/2018/jul/17/blog-posting/no-evidence-political-motives-ambassador-attack/
Greg Abbott,"June 27, 2018","""In Houston, Texas, there are more brothels than there are Starbucks.""",mostly-true,fundraising conference call with supporters,Crime; Sexuality; Texas,W. Gardner Selby,"July 13, 2018",https://www.politifact.com/factchecks/2018/jul/13/greg-abbott/greg-abbott-houston-home-more-brothels-starbucks-t/
Leah Vukmir,"July 5, 2018","Says Mark Pocan’s proposal to eliminate the U.S. Immigration and Customs Enforcement (ICE) would ""eliminate border enforcement.""",pants-fire,news release,Immigration; Legal Issues; Crime; Regulation; Wisconsin,Tom Kertscher,"July 13, 2018",https://www.politifact.com/factchecks/2018/jul/13/leah-vukmir/gop-us-senate-hopeful-leah-vukmirs-pants-fire-clai/
YourNewsWire.com,"July 3, 2018","""Broward County Sheriff fired for lying about Parkland.""",pants-fire,headline,Fake news; Crime; PunditFact,Amy Sherman,"July 12, 2018",https://www.politifact.com/factchecks/2018/jul/12/yournewswirecom/no-broward-sheriff-scott-israel-was-not-fired-gov-/
Paul Soglin,"March 23, 2018","""If there is a firearm available, it is 17 times more likely to be used either for suicide or for assaulting a friend, relative, an acquaintance than it is to be used in fending off an intruder.""",half-true,public forum,Crime; Guns; Wisconsin,Taylor Palmby,"July 12, 2018",https://www.politifact.com/factchecks/2018/jul/12/paul-soglin/gubernatorial-candidate-paul-soglins-claim-about-g/
Bloggers,"July 5, 2018","""US representatives promise implement of UN gun-control plans""",mostly-false,blog post,Fake news; Crime; PunditFact; Guns,Bill McCarthy,"July 10, 2018",https://www.politifact.com/factchecks/2018/jul/10/blog-posting/conservative-website-wrong-purpose-effects-un-conf/
Donald Trump,"June 30, 2018","""I have watched ICE liberate towns from the grasp of MS-13.""",false,tweet,Immigration; National; Homeland Security; Crime,Miriam Valverde,"July 9, 2018",https://www.politifact.com/factchecks/2018/jul/09/donald-trump/did-ice-liberate-towns-donald-trump-claimed-have-w/
Donald Trump,"July 2, 2018","Sen. Kamala Harris is ""supporting the animals of MS-13.""",pants-fire,tweet,Immigration; Crime; California,Chris Nichols,"July 3, 2018",https://www.politifact.com/factchecks/2018/jul/03/donald-trump/pants-fire-white-house-claim-sen-harris-supporting/
Bloggers,"June 27, 2018","""Clinton campaign official arrested by FBI on child rape/trafficking charges""",false,blog post,Fake news; Human Rights; Crime; PunditFact,Bill McCarthy,"July 2, 2018",https://www.politifact.com/factchecks/2018/jul/02/blog-posting/websites-wrongly-claim-man-arrested-child-sex-char/
Bloggers,"June 28, 2018","""Maxine Waters Is Getting Criminally Charged!""",false,blog post headline,Fake news; Crime; PunditFact,Manuela Tobias,"June 29, 2018",https://www.politifact.com/factchecks/2018/jun/29/blog-posting/loomer-maxine-waters-not-facing-criminal-charges/
Bloggers,"June 26, 2018","""A Trump fan was just charged with trying to murder Maxine Waters on same day Trump threatened her.""",false,blog post,Congress; Fake news; Crime; PunditFact,Bill McCarthy,"June 28, 2018",https://www.politifact.com/factchecks/2018/jun/28/blog-posting/no-trump-supporter-did-not-try-murder-rep-maxine-w/
Donald Trump,"June 23, 2018","""We’ve already started (the border wall). We started it in San Diego.""",mostly-false,campaign speech,Immigration; Infrastructure; Crime; California,Chris Nichols,"June 26, 2018",https://www.politifact.com/factchecks/2018/jun/26/donald-trump/has-construction-already-started-trumps-border-wal/
Bloggers,"June 12, 2018","""Burka clad woman runs over baby, gets away with crime for one stunning reason ...""",false,blog post,Ohio; Criminal Justice; Fake news; Crime,Bill McCarthy,"June 26, 2018",https://www.politifact.com/factchecks/2018/jun/26/blog-posting/blog-site-wrongly-claims-muslim-woman-escaped-puni/
Ted Cruz,"June 11, 2018","""There’s actually a court order that prevents keeping the kids with the parents when you put the parents in jail.""",mostly-false,"interview aired on ""Think,"" produced by KERA radio",Immigration; Children; Legal Issues; Crime; Texas,W. Gardner Selby,"June 18, 2018",https://www.politifact.com/factchecks/2018/jun/18/ted-cruz/ted-cruz-says-child-parent-separations-border-tied/
Donald Trump,"June 18, 2018","""Crime in Germany is way up.""",false,tweet,Immigration; National; Corrections and Updates; Crime,Jon Greenberg,"June 18, 2018",https://www.politifact.com/factchecks/2018/jun/18/donald-trump/donald-trump-wrong-about-crime-germany/
X posts,"June 11, 2018",Say a boy was 'caged' in a wire enclosure.,false,post by a filmmaker,Immigration; Children; Criminal Justice; Crime; Texas,W. Gardner Selby,"June 15, 2018",https://www.politifact.com/factchecks/2018/jun/15/tweets/tweeted-photo-inaccurately-indicates-boy-caged-fed/
YourNewsWire.com,"June 10, 2018","""Investigators: Anthony Bourdain was killed by Clinton operatives.""",pants-fire,blog post,Fake news; Crime; PunditFact,Bill McCarthy,"June 12, 2018",https://www.politifact.com/factchecks/2018/jun/12/yournewswirecom/clickbait-headline-wrongly-blames-clintons-anthony/
Justin Nelson,"May 29, 2018","Says ""our indicted Attorney General Ken Paxton is back to being the only statewide official in the country under indictment.""",true,tweet,Candidate Biography; Criminal Justice; History; Crime; Texas,W. Gardner Selby,"June 7, 2018",https://www.politifact.com/factchecks/2018/jun/07/justin-nelson/justin-nelson-ken-paxton-only-indicted-statewide-o/
Dan Patrick,"May 20, 2018","""It’s against the law in Texas to let any loaded gun get in the hands of a child.""",true,"interview on ABC News, ""This Week""",Children; Crime; Guns; Texas,W. Gardner Selby,"May 30, 2018",https://www.politifact.com/factchecks/2018/may/30/dan-patrick/texas-law-bars-adults-leaving-loaded-guns-accessib/
Nancy Pelosi,"May 23, 2018","A recent spending bill had at least ""$1.6 billion in there ... for schools to give them an opportunity to secure them.""",mostly-false,CNN town hall,National; Education; Federal Budget; Crime; Guns,Louis Jacobson,"May 24, 2018",https://www.politifact.com/factchecks/2018/may/24/nancy-pelosi/did-congress-recently-approve-16-billon-school-saf/
Donald Trump,"May 22, 2018","Says ""Nancy Pelosi came out in favor of MS-13.""",false,speech,Immigration; National; Homeland Security; Crime,Miriam Valverde,"May 24, 2018",https://www.politifact.com/factchecks/2018/may/24/donald-trump/donald-trumps-false-claim-nancy-pelosi-came-out-fa/
Instagram posts,"May 22, 2018",Says a young Texas rapper charged with capital crimes faces the death penalty but the alleged Santa Fe High School shooter faces prison and then parole after 40 years.,false,online meme,Children; Criminal Justice; Crime; Texas,W. Gardner Selby,"May 23, 2018",https://www.politifact.com/factchecks/2018/may/23/instagram-posts/false-meme-suggests-texas-rapper-faces-death-penal/
Daily World  Update,"May 18, 2018","""Breaking: Santa Fe killer expresses his love for Obama.""",pants-fire,headline,Fake news; Crime; PunditFact,Amy Sherman,"May 21, 2018",https://www.politifact.com/factchecks/2018/may/21/daily-world-update/no-evidence-santa-fe-killer-expressed-love-obama/
John Chiang,"May 12, 2018","Antonio Villaraigosa's ""recklessness (as mayor of Los Angeles)  ... left no funding to test 7,000 rape kits, putting public safety at risk.""",false,campaign ad,Crime; Public Health; Public Safety; The 2018 California Governor's Race; California,Chris Nichols,"May 16, 2018",https://www.politifact.com/factchecks/2018/may/16/john-chiang/fact-checking-tv-ads-false-claim-antonio-villaraig/
Jeff Sessions,"May 8, 2018","A legal settlement that reined in Chicago police ""resulted in approximately 236 additional victims killed and over 1,100 additional shootings in 2016 alone.""",mostly-false,remarks to a conference,Crime; Illinois,Casey Toner,"May 15, 2018",https://www.politifact.com/factchecks/2018/may/15/jeff-sessions/aclu-really-blame-chicagos-murder-spike/
Donald Trump,"May 15, 2018","Says of MS-13 gang members, ""We are getting them out of our country by the thousands.""",mostly-false,speech,Immigration; National; Homeland Security; Crime,Miriam Valverde,"May 15, 2018",https://www.politifact.com/factchecks/2018/may/15/donald-trump/donald-trump-exaggerates-number-ms-13-gang-members/
Donald Trump,"May 15, 2018","""In 2016, an officer was assaulted in America on an average of every 10 minutes.""",mostly-true,speech,National; Crime,Manuela Tobias,"May 15, 2018",https://www.politifact.com/factchecks/2018/may/15/donald-trump/police-officer-assaulted-every-10-minutes/
NY Evening News,"May 9, 2018","""Eric Schneiderman helped NXIVM sell child sex slaves to the Clintons""",pants-fire,headline,Fake news; Crime; PunditFact,Amy Sherman,"May 10, 2018",https://www.politifact.com/factchecks/2018/may/10/ny-evening-news/no-eric-schneiderman-didnt-sell-child-sex-slaves-c/
The Newly Press,"April 29, 2018","""Smallville star confesses she sold children to Rothschilds and Clintons.""",pants-fire,headline,Fake news; Crime; Pop Culture; PunditFact,Amy Sherman,"May 1, 2018",https://www.politifact.com/factchecks/2018/may/01/newly-press/smallville-actress-didnt-confess-selling-children-/
Steve Adler,"April 25, 2018","Says Austin is the ""safest big city in Texas with an unemployment rate under 3% that has been named the best place to live in the entire United States two years running.""",mostly-true,tweet,City Government; Economy; History; Crime; Texas,W. Gardner Selby,"April 26, 2018",https://www.politifact.com/factchecks/2018/apr/26/steve-adler/steve-adler-jeopardy-austin-safety-best-place-live/
Bill Hightower,"April 18, 2018","""In Mobile, it’s something like, 1,700 families generate 80 percent of the crime. We know who those families are.""",half-true,debate,National; Education; Crime,Manuela Tobias,"April 23, 2018",https://www.politifact.com/factchecks/2018/apr/23/bill-hightower/1700-families-generate-80-percent-crime-mobile-ala/
Donald Trump,"April 19, 2018","""James Comey Memos just out and show clearly that there was NO COLLUSION and NO OBSTRUCTION""",pants-fire,a tweet,National; Legal Issues; Crime,John Kruzel,"April 20, 2018",https://www.politifact.com/factchecks/2018/apr/20/donald-trump/trump-falsely-says-comey-memos-disprove-collusion-/
Garry McCarthy,"March 30, 2018","Studies show ""the 2016 shooting and murder rate in Chicago cost us about $9.6 BILLION DOLLARS"" and ""the entire City budget for 2018 is $8.6 billion dollars. This math does not work, it is financially killing our city.""",false,campaign post,Crime; Illinois,Kiannah Sepeda-Miller,"April 17, 2018",https://www.politifact.com/factchecks/2018/apr/17/garry-mccarthy/chicago-gun-violence-really-killing-citys-bottom-l/
Jerry Brown,"April 11, 2018","""Here are the facts: there is no massive wave of migrants pouring into California. Overall immigrant apprehensions on the border last year were as low as they’ve been in nearly 50 years (and 85 percent of the apprehensions occurred outside of California).""",true,letter to the Trump administration,Immigration; Criminal Justice; Homeland Security; Crime; California,Chris Nichols,"April 13, 2018",https://www.politifact.com/factchecks/2018/apr/13/jerry-brown/jerry-brown-says-theres-no-massive-wave-migrants-p/
Anonymous Caller,"April 10, 2018","Says that unless the recipient called back about ""your tax filings,"" you ""will be taken into custody by the local cops as there are more serious allegations pressed on your name.""",pants-fire,anonymous phone message,Crime; Taxes; Texas,W. Gardner Selby,"April 11, 2018",https://www.politifact.com/factchecks/2018/apr/11/anonymous-caller/anonymous-caller-warns-police-arrest-taxes-call-ba/
Scott Jones,"April 2, 2018","There are ""paid protesters"" involved in the Stephon Clark demonstrations.",false,news conference,Criminal Justice; Crime; California,Chris Nichols,"April 10, 2018",https://www.politifact.com/factchecks/2018/apr/10/scott-jones/protesters-hire-sacramento-sheriff-provides-no-evi/
Political Thinkers,"March 29, 2018","After attacking Emma Gonzalez, U.S. Rep. Steve King is ""facing arrest.""",false,headline,Congress; Crime; PunditFact,Amy Sherman,"April 5, 2018",https://www.politifact.com/factchecks/2018/apr/05/political-thinkers/headline-falsely-says-rep-steve-king-facing-arrest/
The Trump Talks,"April 2, 2018","""Breaking! Terrorist attacks Trumps at Mar A Lago.""",false,headline,Crime; Terrorism; PunditFact,Amy Sherman,"April 3, 2018",https://www.politifact.com/factchecks/2018/apr/03/trump-talks/misleading-headline-says-terrorist-attack-trump-pr/
Sean Hannity,"March 7, 2018","Says 642,000 crimes were committed against Texans by criminal immigrants in a recent seven-year period.",false,his Fox News program,Immigration; Crime; Texas,W. Gardner Selby,"March 23, 2018",https://www.politifact.com/factchecks/2018/mar/23/sean-hannity/sean-hannity-642000-crimes-committed-immigrants-il/
Rebecca Dallet,"March 19, 2018","Says Michael Screnock ""let a child predator walk without time and let a rapist who preyed on an underage girl go free after only an eight-month sentence.""",mostly-true,TV ad,Candidate Biography; Criminal Justice; Legal Issues; Crime; Wisconsin,Tom Kertscher,"March 23, 2018",https://www.politifact.com/factchecks/2018/mar/23/rebecca-dallet/rebecca-dallet-says-michael-screnock-imposed-8-mon/
Donald Trump,"March 13, 2018","""The state of California is begging us to build walls in certain areas. They don’t tell you that.""",pants-fire,California just sued to stop the wall,Immigration; Corrections and Updates; Crime; Polls and Public Opinion; Public Safety; States; California,Chris Nichols,"March 13, 2018",https://www.politifact.com/factchecks/2018/mar/13/donald-trump/no-mr-president-california-not-begging-wall/
Jeff Sessions,"March 7, 2018","""California won’t let law enforcement officers like you and your people transfer prisoners to ICE custody or even to communicate with ICE that you’re about to release them from your custody — people that ICE is looking for.""",mostly-false,speech,Immigration; Crime; Public Safety; States; California,Chris Nichols,"March 7, 2018",https://www.politifact.com/factchecks/2018/mar/07/jeff-sessions/jeff-sessions-misleading-claim-california-bans-pol/
Ted Deutch,"February 21, 2018","""Mass shootings went up 200 percent in the decade after the assault weapons ban expired.""",mostly-false,CNN town hall,Crime; Public Safety; Florida; Guns,Miriam Valverde,"February 23, 2018",https://www.politifact.com/factchecks/2018/feb/23/ted-deutch/did-mass-shootings-increase-200-percent-assault-we/
Larry Pittman,"February 15, 2018","""So many of these shooters turn out to be communist Democrats.""",pants-fire,Facebook post,Crime; North Carolina; Guns,Dan Clark,"February 23, 2018",https://www.politifact.com/factchecks/2018/feb/23/larry-pittman/nc-republican-says-many-mass-shooters-turn-out-be-/
Stacey Abrams,"February 14, 2018","""The majority of Georgians incarcerated in local jails have never been convicted of crime. They are simply too poor to pay their bail.""",half-true,campaign website,Georgia; Crime,Miriam Valverde,"February 21, 2018",https://www.politifact.com/factchecks/2018/feb/21/stacey-abrams/majority-georgians-jail-locked-being-too-poor-pay-/
Kevin Nicholson,"February 18, 2018","""There are more guns in this country than there are people.""",half-true,interview,Crime; Polls and Public Opinion; Population; Guns; Wisconsin,Tom Kertscher,"February 20, 2018",https://www.politifact.com/factchecks/2018/feb/20/kevin-nicholson/which-higher-number-people-or-number-guns-america/
Pamela Geller,"February 14, 2018","In Parkland, Fla. ""the mass murderer was immersed in Islamic and leftwing hate.""",pants-fire,story,Fake news; Crime; Religion; PunditFact,Amy Sherman,"February 19, 2018",https://www.politifact.com/factchecks/2018/feb/19/pamela-geller/no-proof-nikolas-cruz-was-motivated-islamic-or-lef/
Jackie Speier,"February 10, 2018","""3 American women are murdered every day by their husband or boyfriend.""",mostly-true,tweet,Criminal Justice; Crime; California; Guns,Chris Nichols,"February 19, 2018",https://www.politifact.com/factchecks/2018/feb/19/jackie-speier/fact-checking-sad-statistic-number-women-murdered-/
Jeff Greenfield,"February 14, 2018","""In the rest of the world, there have been 18 school shootings in the last twenty years. In the U.S., there have been 18 school shootings since January 1.""",mostly-false,tweet,Education; Crime; Guns; Wisconsin,Tom Kertscher,"February 15, 2018",https://www.politifact.com/factchecks/2018/feb/15/jeff-greenfield/mostly-false-18-us-school-shootings-so-far-2018-an/
Hogan Gidley,"February 12, 2018","""The president has been very clear. All forms of abuse, all forms of battery against women are deplorable and disgusting. ... He’s said that multiple times in the past.""",false,interview on Fox News,National; Crime; Women,Jon Greenberg,"February 13, 2018",https://www.politifact.com/factchecks/2018/feb/13/hogan-gidley/has-trump-often-spoken-out-against-abuse-women-no/
Bloggers,"February 1, 2018","""Obama did in fact unconstitutionally spy on Trump throughout the presidential election.""",false,story,Fake news; Crime; PunditFact,Amy Sherman,"February 12, 2018",https://www.politifact.com/factchecks/2018/feb/12/blog-posting/no-obama-not-facing-indictment-spying-trump/
Travis Allen,"February 1, 2018","""Californians are overwhelmingly against this concept of the illegal sanctuary state.""",false,interview on Capital Public Radio,Immigration; Criminal Justice; Crime; Polls and Public Opinion; Public Safety; States; The 2018 California Governor's Race; California,Chris Nichols,"February 7, 2018",https://www.politifact.com/factchecks/2018/feb/07/travis-allen/travis-allen-repeats-false-claim-californians-over/
Donald Trump,"January 30, 2018","Many gang members have taken advantage of ""glaring loopholes and our laws to enter the country as illegal, unaccompanied, alien minors.""",half-true,State of the Union address,Immigration; National; Homeland Security; Crime,Miriam Valverde,"February 7, 2018",https://www.politifact.com/factchecks/2018/feb/07/donald-trump/immigration-ms-13-and-crime-facts-behind-donald-tr/
Bill Nelson,"February 2, 2018","""Violent crime in Puerto Rico is on the rise as nearly one-third of the island remains without power.""",half-true,tweet,Crime; Florida,Allison Graves,"February 7, 2018",https://www.politifact.com/factchecks/2018/feb/07/bill-nelson/fact-checking-statistics-about-puerto-ricos-storm-/
CSC Mediagroup.USA,"January 30, 2018","Democrats ""booed families of children murdered by MS13.""",pants-fire,headline,Immigration; Congress; Fake news; Crime; PunditFact,Amy Sherman,"February 1, 2018",https://www.politifact.com/factchecks/2018/feb/01/csc-mediagroupusa/fake-story-says-democrats-booed-families-ms13-vict/
Scott Walker,"January 11, 2018","Says Paul Soglin took Madison backward -- ""businesses have left and murders have gone up.""",mostly-false,tweet,City Government; Corporations; Economy; Crime; Wisconsin,Tom Kertscher,"January 31, 2018",https://www.politifact.com/factchecks/2018/jan/31/scott-walker/scott-walkers-overstated-attack-governor-rival-pau/
Dan Patrick,"January 4, 2018","Says ""566,000 crimes"" were ""made in Texas by criminal aliens in the last 6 years.""",pants-fire,Facebook post,Immigration; Criminal Justice; Crime; Texas,W. Gardner Selby,"January 25, 2018",https://www.politifact.com/factchecks/2018/jan/25/dan-patrick/dan-patrick-airs-unsupported-claim-about-566000-cr/
The Patriot Report,"January 15, 2018","""82-year-old who killed a Muslim in self-defense gets the death penalty.""",pants-fire,headline,Fake news; Crime; PunditFact,Amy Sherman,"January 24, 2018",https://www.politifact.com/factchecks/2018/jan/24/patriot-report/fake-story-says-elderly-man-shot-muslims-self-defe/
Donald Trump,"January 18, 2018","Mexico is ""now rated the number one most dangerous country in the world.""",mostly-false,tweet,Immigration; National; Crime,Manuela Tobias,"January 24, 2018",https://www.politifact.com/factchecks/2018/jan/24/donald-trump/mexico-isnt-deadliest-country-world-trump-said/
Cory Booker,"January 16, 2018","""In American history since 9/11, we've had 85 major attacks in our country, 73 percent of them have been by white nationalist hate groups.""",half-true,interview on CNN,National; Crime; Race and Ethnicity; Terrorism,Amy Sherman,"January 18, 2018",https://www.politifact.com/factchecks/2018/jan/18/cory-booker/fact-checking-cory-bookers-statistic-attacks-white/
Robert Chody,"December 27, 2017","""Almost half of all vehicles stolen in Texas each year had keys left inside.""",false,tweet,Crime; Transportation; Texas,W. Gardner Selby,"January 12, 2018",https://www.politifact.com/factchecks/2018/jan/12/robert-chody/nearly-half-texas-vehicle-thefts-keys-left-inside-/
Travis Allen,"January 2, 2018","""Seventy four percent of Californians are absolutely against sanctuary state"" policies.",false,interview on Fox News,Immigration; Corrections and Updates; Criminal Justice; Crime; Polls and Public Opinion; Public Safety; The 2018 California Governor's Race; California,Chris Nichols,"January 9, 2018",https://www.politifact.com/factchecks/2018/jan/09/travis-allen/no-californians-do-not-overwhelmingly-oppose-sanct/
Jeff Sessions,"December 18, 2017","In Milwaukee, ""murder is up an astonishing 57 percent.""",mostly-false,news conference,Federal Budget; Crime; Public Safety; Urban; Wisconsin,Tom Kertscher,"January 3, 2018",https://www.politifact.com/factchecks/2018/jan/03/jeff-sessions/milwaukee-murders-are-coming-down-peak-theyre-not-/
Ufconly,"December 10, 2017","""Police discover meth lab in back room of Alabama Walmart.""",pants-fire,headline,Drugs; Fake news; Crime; PunditFact,Amy Sherman,"January 2, 2018",https://www.politifact.com/factchecks/2018/jan/02/ufconly/fake-news-walmart-employees-operating-meth-lab-sto/
Infowars,"December 23, 2017","""Pier 39 terrorist was an anti-Trump antifa supporter.""",half-true,headline,Fake news; Crime; Terrorism; PunditFact,Amy Sherman,"December 29, 2017",https://www.politifact.com/factchecks/2017/dec/29/infowars/suspect-san-francisco-pier-christmas-plot-was-anti/
Lupe Valdez,"July 31, 2017",Says Texas Department of Public Safety numbers show that 1.6 percent of crime is committed by unauthorized immigrants.,half-true,Dallas Morning News news story,Immigration; Crime; Texas,W. Gardner Selby,"December 22, 2017",https://www.politifact.com/factchecks/2017/dec/22/lupe-valdez/lupe-valdez-says-unauthorized-immigrants-account-1/
USA In Front,"December 11, 2017",BREAKING: Illegal Muslim From Iran Arrested For Starting California Wildfire,pants-fire,headline,Immigration; Fake news; Fires; Crime; Public Safety; California,Chris Nichols,"December 20, 2017",https://www.politifact.com/factchecks/2017/dec/20/usa-front/pants-fire-fabricated-claim-about-muslim-immigrant/
Truth Examiner,"November 2, 2017","""New Jersey police chief says black people ‘have no value’ and should all be executed.""",mostly-true,headline,Fake news; Legal Issues; Crime; Race and Ethnicity; PunditFact,Amy Sherman,"December 14, 2017",https://www.politifact.com/factchecks/2017/dec/14/truth-examiner/new-jersey-police-chief-said-black-people-have-no-/
Gregg Jarrett,"December 6, 2017","""The FBI has become America's secret police …  like the old KGB.""",pants-fire,"interview on ""Hannity""",Legal Issues; Crime; PunditFact,Louis Jacobson,"December 8, 2017",https://www.politifact.com/factchecks/2017/dec/08/gregg-jarrett/has-fbi-become-americas-secret-police/
Gordon Hintz,"November 21, 2017","Wisconsin's Lincoln Hills youth prison has a ""66 percent recidivism rate,"" while ""states like Missouri, that have more of a regional model -- 8 percent.""",mostly-false,interview,Children; Criminal Justice; Crime; States; Wisconsin,Tom Kertscher,"December 6, 2017",https://www.politifact.com/factchecks/2017/dec/06/gordon-hintz/recidivism-rate-wisconsins-lincoln-hills-youth-pri/
Jeff Sessions,"November 14, 2017","""The violent crime rate has risen, and the homicide rate has risen by more than 20 percent in just two years, really after 30 years of decline in violent crime.""",mostly-true,public testimony before Congress,National; Crime,Sophie Kaplan,"December 4, 2017",https://www.politifact.com/factchecks/2017/dec/04/jeff-sessions/violent-crime-some-still-well-historical-highs/
Eddie Rodriguez,"November 9, 2017","Says that ""perpetrators of domestic violence accounted for 54% of mass shootings between 2009 and 2016, according to the advocacy group Everytown for Gun Safety.""",false,email blast,Crime; Texas,W. Gardner Selby,"December 3, 2017",https://www.politifact.com/factchecks/2017/dec/03/eddie-rodriguez/domestic-violence-not-confirmed-precursor-mass-sho/
Freshmedianews.com,"November 6, 2017","""‘The largest bust in U.S. history’ 412 Muslims arrested from Michigan!""",false,headline,Fake news; Legal Issues; Crime; Religion; PunditFact,Amy Sherman,"November 21, 2017",https://www.politifact.com/factchecks/2017/nov/21/freshmedianewscom/misleading-headline-says-412-michigan-muslims-bust/
Nick Schroer,"October 17, 2017","""FBI Uniform Crime Report for 2016 shows more than four times as many people were stabbed to death than were killed with rifles of any kind.""",mostly-true,tweet,Crime; Missouri; Guns,Katelyn  Brown,"November 18, 2017",https://www.politifact.com/factchecks/2017/nov/18/nick-schroer/out-context-comments-inflate-stabbing-statistics/
Marsha Blackburn,"November 9, 2017","""When Phoenix dropped its sanctuary city policy in 2008, its murder rate fell 27 percent the following year.""",half-true,Fox News post,Immigration; National; Homeland Security; Crime,Miriam Valverde,"November 17, 2017",https://www.politifact.com/factchecks/2017/nov/17/marsha-blackburn/rep-blackburn-claims-phoenix-murder-rate-decline-l/
Bloggers,"November 10, 2017","Says a Washington Post reporter who broke news on Judge Roy Moore story has a criminal history of ""faking.""",false,a blog post,National; Fake news; Crime,Manuela Tobias,"November 14, 2017",https://www.politifact.com/factchecks/2017/nov/14/blog-posting/no-washington-post-roy-moore-reporter-doesnt-have-/
Michael Williams,"October 17, 2017","""Many firearms experts determined the Las Vegas shooter’s use of a bump stock actually prevented more casualties and (injuries) due to its inconsistency, inaccuracy, and lack of control.""",false,press release,Georgia; Crime; Guns,Allison Colburn,"November 13, 2017",https://www.politifact.com/factchecks/2017/nov/13/michael-williams-georgia/did-bump-stocks-prevent-more-casualties-las-vegas/
Ted Cruz,"November 6, 2017","""In 2010, 48,000 felons and fugitives lied and illegally tried to purchase guns. They [The Obama administration] prosecuted only 44 of them.""",mostly-true,interview with Shannon Bream of Fox News,Crime; Guns; Texas,W. Gardner Selby,"November 10, 2017",https://www.politifact.com/factchecks/2017/nov/10/ted-cruz/ted-cruz-says-obama-administration-prosecuted-few-/
Delaine Eastin,"October 16, 2017","Since 1965, California has built ""six (college) campuses but 23 prisons.""",false,interview on Capital Public Radio,Criminal Justice; Education; Crime; State Budget; The 2018 California Governor's Race; California,Chris Nichols,"November 9, 2017",https://www.politifact.com/factchecks/2017/nov/09/delaine-eastin/false-claim-california-has-built-nearly-four-times/
Sean Duffy,"November 30, 2017","Says special counsel Robert Mueller ""has brought in Democrat campaign donors at a very high level"" on his team of lawyers.",half-true,interview,Bipartisanship; Ethics; Legal Issues; Crime; Negative Campaigning; Wisconsin,Tom Kertscher,"November 3, 2017",https://www.politifact.com/factchecks/2017/nov/03/sean-duffy/how-many-democrat-campaign-donors-special-counsel-/
Donald Trump,"October 30, 2017","Says Paul Manafort’s alleged crimes were ""years ago, before Paul Manafort was part of the Trump campaign.""",mostly-false,tweet,National; Elections; Crime,Jon Greenberg,"October 30, 2017",https://www.politifact.com/factchecks/2017/oct/30/donald-trump/trump-wrongly-says-manafort-crimes-came-years-he-j/
Michael Moore,"October 4, 2017","""People who die from a home invasion make up a sad but minuscule .04% of all gun murders in the U.S. And over a third of them are killed by their own gun that the criminal has either stolen or wrestled from them.""",mostly-false,Facebook post,Crime; Public Safety; PunditFact; Guns,Joshua Gillin,"October 25, 2017",https://www.politifact.com/factchecks/2017/oct/25/michael-moore/michael-moore-flubs-stats-people-killed-guns-durin/
Pete Hegseth,"September 17, 2017","""The city (of St. Louis) is no stranger to violence. There were 5,762 violent crimes in 2015 alone, including 188 homicides. The highest rate per capita in the country, according to FBI crime statistics.""",mostly-true,Fox News segment,Crime; Missouri,Emily  McCarter,"October 24, 2017",https://www.politifact.com/factchecks/2017/oct/24/pete-hegseth/pete-hegseth-gives-correct-statistics-st-louis-cri/
Breitbart,"October 17, 2017","An undocumented immigrant ""was arrested on suspicion of arson in (the) Wine Country fires that have killed at least 40 residents.""",false,news article,Fake news; Fires; Crime; Public Safety; California,Chris Nichols,"October 20, 2017",https://www.politifact.com/factchecks/2017/oct/20/breitbart/breitbarts-false-and-inflammatory-claim-about-dead/
Leah Vukmir,"October 12, 2017","In 2016, there were 5,570 people in Wisconsin ""who committed crimes on probation and they were not revoked.""",half-true,interview,Criminal Justice; Crime; Wisconsin,Tom Kertscher,"October 20, 2017",https://www.politifact.com/factchecks/2017/oct/20/leah-vukmir/wisconsin-thousands-probation-commit-new-crimes-do/
Antonio  Villaraigosa,"July 31, 2017","""In the eight years that I was mayor, (there was a) nearly 50 percent drop in violent crime, gang crime — crime went down because we grew our police department, we focused on constitutional community policing, we did some of the most innovative prevention, intervention, job re-entry programs in the nation.""",mostly-true,interview on MSNBC,Criminal Justice; Crime; California,Chris Nichols,"October 18, 2017",https://www.politifact.com/factchecks/2017/oct/18/antonio-villaraigosa/did-las-violent-crime-drop-nearly-half-during-vill/
Hillary Clinton,"October 9, 2017","""There have been more than 270 mass shootings in the United States in the last year alone. That’s where four or more are killed.""",false,speech at the University of California at Davis,Crime; California; Guns,Chris Nichols,"October 10, 2017",https://www.politifact.com/factchecks/2017/oct/10/hillary-clinton/hillary-clintons-false-claim-mass-shootings/
Chris Taylor,"October 4, 2017","In Wisconsin, ""we have a bill that would allow hidden, deadly weapons -- every single person to carry one -- no training, no background check, even around schools.""",mostly-true,news conference,Criminal Justice; Education; Crime; Government Regulation; Guns; Wisconsin,Tom Kertscher,"October 6, 2017",https://www.politifact.com/factchecks/2017/oct/06/chris-taylor/wake-las-vegas-lawmaker-says-wisconsin-bill-would-/
Tammy Baldwin,"October 3, 2017","The Las Vegas shooting was the ""273rd mass shooting"" in the United States so far in 2017.",half-true,news release,Crime; Government Regulation; Guns; Wisconsin,Tom Kertscher,"October 4, 2017",https://www.politifact.com/factchecks/2017/oct/04/tammy-baldwin/was-las-vegas-mass-shooting-273rd-year-or-seventh-/
Bloggers,"October 3, 2017","""Las Vegas shooting witnesses report multiple gunmen dressed as security guards.""",pants-fire,blog post,Fake news; Crime; PunditFact,Aaron Sharockman,"October 3, 2017",https://www.politifact.com/factchecks/2017/oct/03/blog-posting/blog-peddles-fake-story-saying-security-guards-idd/
José Serrano,"September 12, 2017","""Republicans want to restore #gunrights to felons""",mostly-true,tweet,Crime; Guns; New York,Dan Clark,"September 22, 2017",https://www.politifact.com/factchecks/2017/sep/22/jose-serrano/are-republicans-trying-allow-convicted-felons-own-/
Martina White,"August 31, 2017","""It is shocking to me that Police Commissioner Richard Ross and Mayor Jim Kenney allowed this illegal occupation to go on for hours without taking any action to enforce the law…""",false,a statement to the Northeast Times,Crime; Pennsylvania,Mark Dent,"September 1, 2017",https://www.politifact.com/factchecks/2017/sep/01/martina-white/why-black-lives-matter-protest-outside-philly-poli/
Matt Gaetz,"August 18, 2017","""As of 2014, illegal aliens made up roughly 3.5 percent of our population, and committed over 10 percent of all murders.""",mostly-false,newsletter,Immigration; Crime; Public Safety; Florida,Miriam Valverde,"August 30, 2017",https://www.politifact.com/factchecks/2017/aug/30/matt-gaetz/gaetz-misleads-claim-about-immigrants-crime/
Katie Pavlich,"August 26, 2017","Says former President Barack Obama ""pardoned a traitor who gave U.S. enemies state secrets, he also pardoned a terrorist who killed Americans.""",mostly-false,a tweet,Criminal Justice; Legal Issues; Crime; PunditFact,Manuela Tobias,"August 30, 2017",https://www.politifact.com/factchecks/2017/aug/30/katie-pavlich/did-obama-pardon-terrorist-and-traitor-katie-pavli/
Steve Adler,"July 26, 2017","""Austin is the safest big city in Texas.""",half-true,tweet,Crime; Texas,W. Gardner Selby,"August 24, 2017",https://www.politifact.com/factchecks/2017/aug/24/steve-adler/steve-adler-calls-austin-safest-big-city-Texas-cri/
John Moorlach,"August 4, 2017","""Crime has been getting worse since Jerry Brown was elected governor.""",mostly-false,op-ed,Corrections and Updates; Criminal Justice; Crime; Taxes; California,Chris Nichols,"August 22, 2017",https://www.politifact.com/factchecks/2017/aug/22/john-moorlach/has-crime-been-getting-worse-jerry-brown-was-elect/
Jeff Sessions,"August 7, 2017","Chicago city officials ""have adopted an official policy of protecting criminal aliens who prey on their own residents.""",false,press release,Immigration; Homeland Security; Crime; Illinois; Guns,Matt Dietrich,"August 16, 2017",https://www.politifact.com/factchecks/2017/aug/16/jeff-sessions/jeff-sessions-stretches-link-criminal-aliens-and-c/
Alex Jones,"August 13, 2017","Emails show Democrats, Hillary Clinton and George Soros instigated and orchestrated racial protests in Charlottesville by trying to ""control"" and keep people ""desperate.""",pants-fire,video on his website,Crime; Race and Ethnicity; Terrorism; PunditFact,Aaron Sharockman,"August 14, 2017",https://www.politifact.com/factchecks/2017/aug/14/alex-jones/infowars-alex-jones-falsely-says-george-soros-hill/
Kamala Harris,"July 18, 2017","""It costs us about $33,000 a year (on average nationally) to lock somebody up. In California it costs about $75,000 a year.""",true,speech,Criminal Justice; Crime; State Budget; California,Chris Nichols,"August 9, 2017",https://www.politifact.com/factchecks/2017/aug/09/kamala-harris/does-it-cost-75k-year-lock-inmate-california/
Donald Trump,"August 8, 2017","""At the end of 2016, there were 23 percent fewer federal prosecutions than in 2011, so (prosecutors) looked at this scourge (opioid deaths) and they let it go by.""",half-true,briefing on opioids,Drugs; Crime; Florida,Amy Sherman,"August 9, 2017",https://www.politifact.com/factchecks/2017/aug/09/donald-trump/trump-blames-obama-decline-federal-drug-prosecutio/
Antonio  Villaraigosa,"July 31, 2017","""Undocumented immigrants commit less crimes than the native born.""",mostly-true,interview on MSNBC,Immigration; Corrections and Updates; Crime; The 2018 California Governor's Race; California,Chris Nichols,"August 3, 2017",https://www.politifact.com/factchecks/2017/aug/03/antonio-villaraigosa/mostly-true-undocumented-immigrants-less-likely-co/
US Daily News 24,"July 28, 2017","Says Debbie Wasserman Schultz ""going to mental hospital after what she did overnight desperate to escape arrest.""",pants-fire,headline,Congress; Fake news; Crime; Florida,Amy Sherman,"August 2, 2017",https://www.politifact.com/factchecks/2017/aug/02/usdailynews24/headline-states-debbie-wasserman-schultz-headed-me/
Gwen Moore,"June 29, 2017","Says Dontre Hamilton ""was shot 14 times by police for resting on a park bench in Milwaukee.""",mostly-true,speech,Civil Rights; Criminal Justice; Legal Issues; Crime; Guns; Wisconsin,Tom Kertscher,"August 1, 2017",https://www.politifact.com/factchecks/2017/aug/01/gwen-moore/case-dontre-hamilton-did-milwaukee-police-shoot-ma/
Anthony Scaramucci,"July 26, 2017","""In light of the leak of my financial disclosure info which is a felony I will be contacting @FBI and the @TheJusticeDept""",false,tweet,National; Ethics; Legal Issues; Crime,Manuela Tobias,"July 27, 2017",https://www.politifact.com/factchecks/2017/jul/27/anthony-scaramucci/it-felony-leak-financial-disclosure-form-anthony-s/
Rick Kriseman,"July 23, 2017","There were 2,761 auto thefts in 2006 under Rick Baker and 1,095 auto thefts in 2016.",mostly-true,posts on Twitter and Facebook,Crime; Public Safety; Florida,Allison Graves,"July 27, 2017",https://www.politifact.com/factchecks/2017/jul/27/rick-kriseman/taking-closer-look-auto-theft-problem-st-petersbur/
Jeff Sessions,"July 21, 2017","Preliminary murder rates in Philadelphia ""will put the murder rate at the highest of this decade in the city.""",mostly-false,a speech,Crime; Pennsylvania,Mark Dent,"July 24, 2017",https://www.politifact.com/factchecks/2017/jul/24/jeff-sessions/will-phillys-murder-rate-be-highest-decade-ag-jeff/
Jeff Sessions,"July 12, 2017","""According to a recent study from the University of California Riverside, (sanctuary) cities with these policies have more violent crime on average than those that don’t.""",mostly-false,speech,Immigration; National; Homeland Security; Crime,Miriam Valverde,"July 24, 2017",https://www.politifact.com/factchecks/2017/jul/24/jeff-sessions/jeff-sessions-mischaracterizes-study-sanctuary-cit/
Rick Baker,"June 25, 2017","""Midtown crime is up by 30 percent the last quarter.""",mostly-false,interview with News Channel 8,Crime; Florida,Allison Graves,"July 11, 2017",https://www.politifact.com/factchecks/2017/jul/11/rick-baker/did-crime-go-30-percent-midtown-last-quarter/
Gwen Moore,"June 19, 2017","""There are so many data that demonstrate that poor people, surprisingly, are less likely to use drugs than people with means.""",false,interview,Drugs; Crime; Polls and Public Opinion; Poverty; Wisconsin,Tom Kertscher,"July 7, 2017",https://www.politifact.com/factchecks/2017/jul/07/gwen-moore/are-poor-people-less-likely-use-drugs/
Pete Olson,"June 9, 2017","Says that Bill Clinton ""basically"" told then-Attorney General Loretta Lynch in 2016 that ""we killed Vince Foster.""",pants-fire,"radio interview brought to light June 20, 2017",History; Crime; Texas,W. Gardner Selby,"July 5, 2017",https://www.politifact.com/factchecks/2017/jul/05/pete-olson/pete-olson-said-bill-clinton-basically-told-lorett/
Travis Allen,"June 22, 2017","""I have seen crime increase in every major metropolitan area (in California) … Crime is on the rise in every major market.""",mostly-false,campaign video,Criminal Justice; Crime; The 2018 California Governor's Race; California,Chris Nichols,"July 3, 2017",https://www.politifact.com/factchecks/2017/jul/03/travis-allen/travis-allens-mostly-false-claim-about-crime-calif/
Donald Trump,"June 28, 2017","""We're pretty much at the 50 percent mark"" on deportations of MS-13 gang members.",false,immigration roundtable discussion,Immigration; National; Homeland Security; Crime,Miriam Valverde,"June 30, 2017",https://www.politifact.com/factchecks/2017/jun/30/donald-trump/trump-falsely-claims-his-administration-has-deport/
Principled PAC,"June 18, 2017","""The same unhinged leftists cheering last week's shooting are all backing Jon Ossoff.""",pants-fire,ad,Georgia; Congress; Crime; Public Safety,John Kruzel,"June 19, 2017",https://www.politifact.com/factchecks/2017/jun/19/principled-pac/pants-fire-claim-ossoff-supporters-celebrated-viol/
New York Times Editorial Board,"June 14, 2017",A political map circulated by Sarah Palin’s PAC incited Rep. Gabby Giffords’ shooting,false,New York Times editorial,Crime; PunditFact,John Kruzel,"June 15, 2017",https://www.politifact.com/factchecks/2017/jun/15/new-york-times-editorial-board/no-evidence-sarah-palins-pac-incited-shooting-rep-/
Gavin Newsom,"June 2, 2017","""Americans are 25x more likely to be shot & killed than others in developed countries.""",mostly-true,tweet,Crime; The 2018 California Governor's Race; California; Guns,Chris Nichols,"June 14, 2017",https://www.politifact.com/factchecks/2017/jun/14/gavin-newsom/claim-americans-are-25x-more-likely-be-shot-and-ki/
Bloggers,"June 3, 2017","Says ""Monica Lewinsky Found Dead"" in a burglary.",pants-fire,Internet posts,Fake news; Crime; PunditFact,John Kruzel,"June 6, 2017",https://www.politifact.com/factchecks/2017/jun/06/blog-posting/no-monica-lewinsky-was-not-murdered-shes-aliveand-/
Bloggers,"May 10, 2017",President Trump greenlighted Congress to ramp up Clinton investigation.,pants-fire,Internet posts,Congress; Fake news; Crime; PunditFact,John Kruzel,"May 31, 2017",https://www.politifact.com/factchecks/2017/may/31/blog-posting/fake-story-about-president-trump-greenlighting-con/
Bloggers,"May 29, 2017","President Donald Trump ""announced that he would reinstate a national day of remembrance for fallen officers that the traitor before him had done away with.""",pants-fire,Internet rumors,Fake news; Crime; PunditFact,Aaron Sharockman,"May 30, 2017",https://www.politifact.com/factchecks/2017/may/30/blog-posting/pants-fire-bloggers-claim-obama-canceled-trump-rev/
Chris Abele,"May 18, 2017","Says David Clarke reduced the number of Milwaukee County sheriff's deputies ""from about 700 and something to 300 and something.""",half-true,interview,County Budget; County Government; Crime; Wisconsin,Tom Kertscher,"May 26, 2017",https://www.politifact.com/factchecks/2017/may/26/chris-abele/has-tough-crime-sheriff-david-clarke-cut-number-hi/
Samantha Bee,"May 10, 2017","""In Florida felonies can be things like buying weed, tampering with an odometer or disturbing a lobster trap. So basically spring break.""",mostly-true,TBS show Full Frontal,Elections; Crime; Florida,Amy Sherman,"May 25, 2017",https://www.politifact.com/factchecks/2017/may/25/samantha-bee/samantha-bee-says-buying-weed-tampering-odometer-o/
Desmond Meade,"May 10, 2017","""You could lose your rights for life over something as simple as driving with a suspended license"" in Florida.",mostly-true,Samantha Bee's Full Frontal show,Elections; Crime; Florida,Amy Sherman,"May 25, 2017",https://www.politifact.com/factchecks/2017/may/25/desmond-meade/driving-suspended-license-can-lead-loss-voting-rig/
Thom Tillis,"May 19, 2017","""Last year was one of the deadliest years ever for law enforcement officers.""",false,press release supporting the Back The Blue Act of 2017,After the Fact; Congress; Criminal Justice; History; Crime; Public Safety; North Carolina,Will Doran,"May 23, 2017",https://www.politifact.com/factchecks/2017/may/23/thom-tillis/was-2016-one-deadliest-years-ever-police-officers-/
Dennis Prager,"May 18, 2017","""It was a 100 percent lie that (Donald Trump’s) election unleashed anti-Semitism. … Hundreds of Jewish community centers had bomb threats called in. To the best of our knowledge to this day, 90 percent of them were called in by an American Jewish kid living in Israel, and the other 10 percent were a black radical who was trying to impress his girlfriend.""",half-true,appearance on CNN,Criminal Justice; Crime; Race and Ethnicity; PunditFact,Louis Jacobson,"May 22, 2017",https://www.politifact.com/factchecks/2017/may/22/dennis-prager/were-two-people-responsible-virtually-all-anti-sem/
Brad Schimel,"April 9, 2017",There is no ‘backlog’ of untested rape kits in Wisconsin.,pants-fire,TV interview,Criminal Justice; Crime; States; Wisconsin,Eric Litke,"May 19, 2017",https://www.politifact.com/factchecks/2017/may/19/brad-schimel/brad-schimel-falsely-claims-there-no-backlog-untes/
Charles Schumer,"May 18, 2017","""President Obama became the first president since Carter to leave the White House with a smaller federal prison population than when he took office.""",true,Senate floor speech,National; Criminal Justice; Legal Issues; Crime,Louis Jacobson,"May 18, 2017",https://www.politifact.com/factchecks/2017/may/18/charles-schumer/did-federal-inmate-population-drop-under-obama-fir/
Greg Abbott,"May 7, 2017","Says Travis County Sheriff Sally Hernandez ""declared that she would not detain known criminals accused of violent crimes.""",pants-fire,statement before signing Senate Bill 4 into law over a Facebook Live,Immigration; Criminal Justice; Crime; Texas,W. Gardner Selby,"May 18, 2017",https://www.politifact.com/factchecks/2017/may/18/greg-abbott/torching-greg-abbotts-claim-travis-county-sheriff-/
Jorge Ramos,"May 12, 2017","""Some of the safest communities in the United States are along the border.""",mostly-true,Fox News interview,Immigration; Homeland Security; Crime; PunditFact,Miriam Valverde,"May 17, 2017",https://www.politifact.com/factchecks/2017/may/17/jorge-ramos/jorge-ramos-border-communities-some-safest-country/
Bloggers,"May 2, 2017","A University of Texas ""student pulled out a concealed handgun"" on a knife-wielding suspect ""and made him back down.""",pants-fire,web post on ihavethetruth.com,Education; Crime; Guns; Texas,W. Gardner Selby,"May 10, 2017",https://www.politifact.com/factchecks/2017/may/10/blog-posting/pants-fire-claim-university-texas-student-gun-help/
Jeff Sessions,"April 28, 2017","District attorneys ""have advertised that they will charge a criminal alien with a lesser offense than presumably they would charge a United States citizen, so they won’t be deported.""",half-true,remarks to law enforcement officers,Immigration; National; Criminal Justice; Homeland Security; Crime,Miriam Valverde,"May 10, 2017",https://www.politifact.com/factchecks/2017/may/10/jeff-sessions/sessions-claims-district-attorneys-charge-immigran/
Sally Hernandez,"April 18, 2017","""FBI crime statistics have found that labeled ‘sanctuary’ cities experience lower rates of all crime types, including homicides.""",half-true,oped commentary co-authored by four other Texas sheriffs,Immigration; Criminal Justice; Crime; Texas,W. Gardner Selby,"May 10, 2017",https://www.politifact.com/factchecks/2017/may/10/sally-hernandez/sally-hernandez-says-cities-labeled-sanctuaries-ha/
Judy Chu,"May 4, 2017","The GOP health bill ""would once again allow being a rape or domestic violence victim to be a pre-existing condition.""",mostly-false,press release,Congress; Health Care; Legal Issues; Crime; Public Health; Public Safety; Women; California,Chris Nichols,"May 9, 2017",https://www.politifact.com/factchecks/2017/may/09/judy-chu/rape-pre-existing-condition-under-gop-bill-calif-c/
Gwen Moore,"May 4, 2017","""Under ‘Trumpcare,’"" domestic violence and sexual assault ""could be considered pre-existing conditions.""",mostly-false,news release,Health Care; Legal Issues; Crime; Public Health; Women; Wisconsin,Tom Kertscher,"May 9, 2017",https://www.politifact.com/factchecks/2017/may/09/gwen-moore/sexual-assault-domestic-violence-themselves-are-no/
Thomas Croci,"April 27, 2017","In some cases, a sex offender ""who appears on the New York State Sex Offender Registry"" would be able to drive for Uber or Lyft when ride-hailing is allowed upstate in July",true,press release,Crime; Transportation; New York,Dan Clark,"May 8, 2017",https://www.politifact.com/factchecks/2017/may/08/thomas-croci/some-sex-offenders-will-be-allowed-drive-uber-and-/
Bloggers,"May 4, 2017","Under the House Republican health plan, sexual assault is a pre-existing condition.",mostly-false,blog headlines,National; Health Care; Crime; Public Health; Women,Lauren Carroll,"May 5, 2017",https://www.politifact.com/factchecks/2017/may/05/blog-posting/headlines-say-gop-bill-makes-sexual-assault-pre-ex/
Brad Schimel,"March 12, 2017","In America, ""more people die from"" prescription narcotic painkillers ""than from heroin and cocaine combined.""",half-true,interview,Criminal Justice; Drugs; Crime; Wisconsin,Dave Umhoefer,"April 19, 2017",https://www.politifact.com/factchecks/2017/apr/19/brad-schimel/which-deadlier-prescription-painkillers-heroin-or-/
Donald Trump,"April 18, 2017","""The weak illegal immigration policies of the Obama Admin. allowed bad MS 13 gangs to form in cities across U.S. We are removing them fast!""",false,tweet,Immigration; National; Homeland Security; Crime,Amy Sherman,"April 18, 2017",https://www.politifact.com/factchecks/2017/apr/18/donald-trump/trump-falsely-claims-obama-policies-blame-growth-m/
Beto O'Rourke,"March 31, 2017","El Paso is the ""safest city in the state of Texas, safest city in the United States.""",half-true,U.S. Senate campaign speech,City Government; Crime; Texas,W. Gardner Selby,"April 14, 2017",https://www.politifact.com/factchecks/2017/apr/14/beto-orourke/beto-orourke-relies-disputed-rankings-calling-el-p/
Bloggers,"April 26, 2015","""Florida Sheriff: Blacks should learn to act like white people in order to stay alive.""",mostly-false,posts on social media,Crime; Race and Ethnicity; Florida,Amy Sherman,"April 2, 2017",https://www.politifact.com/factchecks/2017/apr/02/blog-posting/did-florida-sheriff-say-blacks-should-learn-act-wh/
Jeff Sessions,"March 27, 2017","""Just last May, the Department of Justice inspector general found that these (‘sanctuary city’) policies also violate federal law.""",mostly-false,press briefing,Immigration; National; Criminal Justice; Homeland Security; Crime,Miriam Valverde,"March 30, 2017",https://www.politifact.com/factchecks/2017/mar/30/jeff-sessions/jeff-sessions-misleads-saying-inspector-general-fo/
Dennis Baxley,"March 15, 2017","""What has happened since 2005? We’ve seen violent crime continuously go down"" due to Florida's ""stand your ground"" law.",mostly-false,Florida House floor speech,Criminal Justice; Crime; Florida; Guns,Allison Graves,"March 16, 2017",https://www.politifact.com/factchecks/2017/mar/16/dennis-baxley/did-floridas-stand-your-ground-law-reduce-violent-/
Wayne LaPierre,"February 24, 2017","""According to the FBI, Mexican drug cartels are working with 100,000 street gang members in Chicago alone.""",half-true,speech at CPAC,National; Drugs; Homeland Security; Crime; Guns,Miriam Valverde,"March 14, 2017",https://www.politifact.com/factchecks/2017/mar/14/wayne-lapierre/are-mexican-drug-cartels-working-100000-street-gan/
Resistance Report,"March 2, 2017","Says U.S. Sen. Ron Johnson ""threatens citizens with arrest if they continue asking for a town hall.""",pants-fire,website posting,Civil Rights; Crime; Polls and Public Opinion; Wisconsin,Tom Kertscher,"March 7, 2017",https://www.politifact.com/factchecks/2017/mar/07/resistance-report/article-falsely-claims-ron-johnson-threatens-citiz/
Jeff Stone,"February 21, 2017","""Since the passage of Proposition 47 by voters in 2014 and the signing of AB 109 in 2011, violent crime has been on the rise in California, up 12 percent in 2015 statewide according to the FBI.""",half-true,press release,Criminal Justice; Crime; California,Chris Nichols,"March 6, 2017",https://www.politifact.com/factchecks/2017/mar/06/jeff-stone-2/has-violent-crime-been-rise-california-2011-and-di/
Eric  Greitens,"January 17, 2017","""Three of the 11 most violent cities in the U.S. are in Missouri — St. Louis, Kansas City, and Springfield.""",half-true,State of the State address,Crime; Missouri,Allison Colburn,"March 3, 2017",https://www.politifact.com/factchecks/2017/mar/03/eric-greitens/greitens-takes-crime-statistics-out-context/
Lois Kolkhorst,"February 6, 2017","Says the proposed Texas Privacy Act ""is very different from"" North Carolina’s law ""in that theirs covers a whole list of things that the Texas Privacy Act does not.""",half-true,Texas Capitol press conference,Criminal Justice; Crime; Sexuality; Texas,W. Gardner Selby,"March 2, 2017",https://www.politifact.com/factchecks/2017/mar/02/lois-kolkhorst/lois-kolkhorst-says-texas-bathroom-proposal-very-d/
Greg Abbott,"February 6, 2017",Says Travis County’s sheriff refuses to enforce 8 USC 1373.,false,tweet,Immigration; Criminal Justice; Crime; Texas,W. Gardner Selby,"March 1, 2017",https://www.politifact.com/factchecks/2017/mar/01/greg-abbott/greg-abbott-falsely-says-travis-county-not-enforci/
Kamala Harris,"February 16, 2017","""Studies have shown Latinos are more than 40 percent less likely to call 911 when they have been a victim of a crime.""",mostly-true,speech,Immigration; Crime; California,Chris Nichols,"February 24, 2017",https://www.politifact.com/factchecks/2017/feb/24/kamala-harris/mostly-true-latinos-40-percent-less-likely-call-po/
Steve Adler,"February 14, 2017","""Local authorities in 43 states refused to honor more than 16,000 detainer requests from ICE from October 2013 to December 2015. Only in Alaska, Delaware, Hawaii, Maine, Montana, Vermont and Wyoming did local officials honor all requests, and detainers are relatively rare in those states.""",mostly-true,open letter to Austin residents,Immigration; Criminal Justice; Legal Issues; Crime; Texas,W. Gardner Selby,"February 23, 2017",https://www.politifact.com/factchecks/2017/feb/23/steve-adler/steve-adler-says-authorities-43-states-turned-down/
Carl Bildt,"February 20, 2017","There were ""50 percent more murders"" in Orlando and Orange County, Fla., last year ""than in all of Sweden.""",mostly-true,tweet,Crime; Florida,Allison Graves,"February 22, 2017",https://www.politifact.com/factchecks/2017/feb/22/carl-bildt/former-swedish-pm-says-more-murders-florida-where-/
Richard Corcoran,"February 12, 2017","""Most of these mass shootings take place in (areas) where you're not allowed to have a concealed weapons permit.""",half-true,inteview on CBS4,Crime; Florida; Guns,Amy Sherman,"February 21, 2017",https://www.politifact.com/factchecks/2017/feb/21/richard-corcoran/do-most-mass-shootings-happen-gun-free-zones/
Donald Trump,"February 18, 2017","""Look at what’s happening last night in Sweden. Sweden, who would believe this? Sweden. They took in large numbers. They’re having problems like they never thought possible.""",false,campaign rally,National; Crime; Foreign Policy; Terrorism,Allison Graves,"February 19, 2017",https://www.politifact.com/factchecks/2017/feb/19/donald-trump/donald-trump-florida-rally-laments-attack-last-nig/
Dan Forest,"February 14, 2017","""If Governor Cooper's proposed bill for repealing HB2 becomes law, it will create a state-sanctioned 'Look But Don't Touch' policy in our bathrooms.""",pants-fire,written statement,Criminal Justice; Crime; LGBTQ; Public Safety; States; North Carolina; Privacy Issues,Will Doran,"February 17, 2017",https://www.politifact.com/factchecks/2017/feb/17/dan-forest/ncs-dan-forest-wrongly-claims-gov-roy-cooper-will-/
Martin Golden,"January 30, 2017","""Just last year, alone, 710 police officers"" were assaulted in New York state.",mostly-true,press conference announcing the Community Heroes Protection Act,Criminal Justice; Crime; New York,Dan Clark,"February 11, 2017",https://www.politifact.com/factchecks/2017/feb/11/martin-golden/police-assaults-new-york-have-decreased-recent-yea/
Dawn Buckingham,"February 8, 2017","""Hundreds of illegal immigrants subject to detainers were released in the last week since the new sanctuary policy was adopted by the Travis County Sheriff's Office.""",false,campaign email blast,Immigration; Criminal Justice; Crime; Texas,W. Gardner Selby,"February 10, 2017",https://www.politifact.com/factchecks/2017/feb/10/dawn-buckingham/dawn-buckingham-incorrectly-says-hundreds-illegal-/
Joe Sanfelippo,"February 1, 2017","""Over 39% of violent criminals return to prison following their release.""",mostly-true,online video,Criminal Justice; Crime; Wisconsin,Dave Umhoefer,"February 10, 2017",https://www.politifact.com/factchecks/2017/feb/10/joe-sanfelippo/joe-sanfelippo-39-percent-violent-criminals-return/
Donald Trump,"February 7, 2017","""The murder rate in our country is the highest it’s been in 47 years.""",false,meeting with sheriffs,National; Crime,Louis Jacobson,"February 8, 2017",https://www.politifact.com/factchecks/2017/feb/08/donald-trump/donald-trump-wrong-murder-rate-highest-47-years/
Texas Association of Business,"December 6, 2016","Says a study indicates up to $8.5 billion in lost GDP and up to 185,000 lost jobs if Texas lawmakers approve a measure limiting transgender bathroom choices.",mostly-false,press release and study,Criminal Justice; Economy; Crime; Sexuality; Texas,W. Gardner Selby,"February 3, 2017",https://www.politifact.com/factchecks/2017/feb/03/texas-association-business/business-group-says-bathroom-law-could-lose-texas-/
Nancy Pelosi,"January 31, 2017","Says Neil Gorsuch ""comes down on the side of felons over gun safety.""",mostly-false,CNN town hall,National; Criminal Justice; Crime; Supreme Court; Guns,Lauren Carroll,"February 2, 2017",https://www.politifact.com/factchecks/2017/feb/02/nancy-pelosi/pelosis-misleading-claim-gorsuch-sides-felons-over/
Sylvia Garcia,"January 5, 2017","Says that in Texas, it’s ""already illegal to enter a bathroom to harm someone.""",half-true,press release,City Government; Criminal Justice; Crime; Public Safety; Sexuality; Texas,Bobby Cervantes,"February 1, 2017",https://www.politifact.com/factchecks/2017/feb/01/sylvia-garcia/half-true-senators-claim-its-already-illegal-enter/
Joe DeFelice,,"""From the release of a child rapist from the Dominican Republican to that of an Italian drug smuggler, Philadelphians have already been put in direct danger by Mayor Kenney’s policy of blocking local law enforcement from participating with federal immigration authorities.""",mostly-false,,Immigration; City Government; Homeland Security; Crime; Pennsylvania,Cassie Owens,"January 31, 2017",https://www.politifact.com/factchecks/2017/jan/31/joe-defelice/phillys-sanctuary-city-status-putting-residents-da/
Duane Hall,"December 9, 2016","North Carolina could save ""literally tens of millions of dollars"" if it stopped prosecuting 16-year-olds as adults.",mostly-true,speech to the N.C. Courts Commission,Children; Criminal Justice; Crime; State Budget; North Carolina,Will Doran,"January 27, 2017",https://www.politifact.com/factchecks/2017/jan/27/duane-hall/raise-age-could-juvenile-justice-reform-save-north/
Donald Trump,"January 26, 2017","""Here in Philadelphia murder has been steady — I mean — just terribly increasing.""",false,a speech at the GOP Retreat,Crime; Pennsylvania,Mark Dent,"January 26, 2017",https://www.politifact.com/factchecks/2017/jan/26/donald-trump/donald-trump-falsely-tells-gop-philly-homicides-ar/
Donald Trump,"January 21, 2017","""In 2015, homicides increased by 17 percent in America’s 50 largest cities. That’s the largest increase in 25 years.""",mostly-true,page on the White House website,National; Crime,Louis Jacobson,"January 24, 2017",https://www.politifact.com/factchecks/2017/jan/24/donald-trump/donald-trumps-numbers-homicide-increase-are-solid/
Donald Trump,"January 20, 2017","""In our nation’s capital, killings have risen by 50 percent.""",mostly-false,statement on the White House website,National; Crime,Louis Jacobson,"January 23, 2017",https://www.politifact.com/factchecks/2017/jan/23/donald-trump/white-house-website-says-dc-homicides-climbed-50-p/
Rand Paul,"January 11, 2017","""We give (foreign aid) to developing countries, and 70 percent of it's stolen off the top.""",false,Senate confirmation hearing,Global News Service; Federal Budget; Crime; Foreign Policy,Jon Greenberg,"January 17, 2017",https://www.politifact.com/factchecks/2017/jan/17/rand-paul/no-70-foreign-aid-not-stolen-top/
Donald Trump,"January 14, 2017","Says Georgia’s 5th congressional district, represented by John Lewis, is ""in horrible shape and falling apart (not to mention crime infested).""",mostly-false,tweet,National; Economy; Crime,Linda Qiu,"January 15, 2017",https://www.politifact.com/factchecks/2017/jan/15/donald-trump/trumps-john-lewis-crime-invested-atlanta/
Reince Priebus,"January 8, 2017","Says Hillary Clinton campaign chairman John Podesta’s email password was ""password.""",false,interview,Elections; Crime; Foreign Policy; Technology; Wisconsin,Tom Kertscher,"January 11, 2017",https://www.politifact.com/factchecks/2017/jan/11/reince-priebus/russian-hacking-case-did-hillary-clintons-campaign/
Travis Allen,"December 29, 2016","""Beginning on Jan. 1, prostitution by minors will be legal in California.""",pants-fire,an op-ed,Criminal Justice; Crime; The 2018 California Governor's Race; California,Chris Nichols,"January 4, 2017",https://www.politifact.com/factchecks/2017/jan/04/travis-allen/lawmakers-claim-about-california-legalizing-child-/
Jim Kenney,"December 15, 2016","""While many urban areas across the country saw a sharp increase in crime over the last year, the Philadelphia Police Department successfully lowered part one crimes.""",mostly-true,report,Crime; Pennsylvania,Mark Dent,"December 27, 2016",https://www.politifact.com/factchecks/2016/dec/27/jim-kenney/did-major-crimes-drop-philly-compared-other-cities/
Jackie Speier,"December 14, 2016","""Since the Sandy Hook tragedy, more than seven children PER DAY have died from gun violence.""",mostly-true,tweet,Children; Crime; California; Guns,Chris Nichols,"December 27, 2016",https://www.politifact.com/factchecks/2016/dec/27/jackie-speier/examining-claim-7-children-day-die-gun-violence/
Gwen Moore,"November 18, 2016","Says Donald Trump ""thinks stop-and-frisk is fine.""",true,interview,Civil Rights; Criminal Justice; Legal Issues; Crime; Wisconsin,Tom Kertscher,"December 9, 2016",https://www.politifact.com/factchecks/2016/dec/09/gwen-moore/us-rep-gwen-moore-d-milwaukee-says-donald-trump-th/
Sean Duffy,"November 17, 2016","""Black Lives Matter, who are attacking law enforcement officers"" -- Barack Obama ""had them to the White House.""",mostly-false,interview,Civil Rights; Criminal Justice; Crime; Wisconsin,Tom Kertscher,"December 2, 2016",https://www.politifact.com/factchecks/2016/dec/02/sean-duffy/donald-trump-backer-sean-duffy-links-attacks-polic/
"Virginia ""Jennie Lou"" Leeder","October 17, 2016","Texas spends ""more per day to house an inmate than we do on a student.""",true,interview with the Austin American-Statesman,Criminal Justice; Education; Crime; State Budget; States; Texas,Fauzeya Rahman,"November 18, 2016",https://www.politifact.com/factchecks/2016/nov/18/jennie-lou-leeder/democrat-jennie-lou-leeder-says-texas-spends-more-/
Gavin Newsom,"November 9, 2016","California has seen a ""56 percent decline in the gun murder rate"" since the 1990s.",mostly-true,press conference.,Elections; Crime; The 2018 California Governor's Race; California; Guns,Chris Nichols,"November 16, 2016",https://www.politifact.com/factchecks/2016/nov/16/gavin-newsom/gavin-newsom-understates-californias-rapid-drop-gu/
Caleb Rowden,"October 12, 2016","Democrat Stephen Webber ""voted to allow sex offenders to be within 500 feet of childcare centers and playgrounds, and even voted to allow sex offenders to be coaches.""",mostly-false,YouTube video,Candidate Biography; Children; Crime; Missouri,George Ash,"November 6, 2016",https://www.politifact.com/factchecks/2016/nov/06/caleb-rowden/rowden-claim-webbers-votes-dont-account-bills-chan/
Americans United for Change,"October 26, 2016","Says ""Ron Johnson calls Social Security a Ponzi scheme and wants to privatize the program.""",half-true,ad,Debt; Federal Budget; Crime; Social Security; Wisconsin,Tom Kertscher,"November 4, 2016",https://www.politifact.com/factchecks/2016/nov/04/americans-united-change/does-gop-wisconsin-sen-ron-johnson-call-social-sec/
Hillary Clinton,"November 2, 2016","Says Donald Trump ""says organized crime runs wild on reservations.""",half-true,rally,National; Gambling; Crime; Race and Ethnicity,Louis Jacobson,"November 4, 2016",https://www.politifact.com/factchecks/2016/nov/04/hillary-clinton/hillary-clinton-donald-trump-says-organized-crime-/
Donald Trump,"October 19, 2016","In Chicago, which has the toughest gun laws in the United States, probably you could say by far, they have more gun violence than any other city.",mostly-false,third presidential debate,Crime; Illinois; Guns,Matt Dietrich,"November 3, 2016",https://www.politifact.com/factchecks/2016/nov/03/donald-trump/trump-no-marksman-when-aiming-chicago-gun-laws/
Russ  Feingold,"October 26, 2016","Says Donald Trump and Ron Johnson ""oppose a woman's right to choose and Johnson voted against the Violence Against Women Act.""",mostly-true,radio ad,Abortion; Criminal Justice; Crime; Women; Wisconsin,Tom Kertscher,"November 3, 2016",https://www.politifact.com/factchecks/2016/nov/03/russ-feingold/russ-feingolds-attack-donald-trump-and-ron-johnson/
Eric  Greitens,"September 30, 2016","Chris Koster ""opposed protecting the women of Missouri"" because he ""was one of only four senators to vote against"" a bill ending the practice of making rape victims pay for their own rape kits.",half-true,press release,Crime; Women; Missouri,Ellen Cagle,"November 2, 2016",https://www.politifact.com/factchecks/2016/nov/02/eric-greitens/greitens-misses-bigger-picture-kosters-domestic-vi/
Joe Heck,"October 25, 2016","Says ""Catherine Cortez Masto indicted (Brian Krolicki), who was an innocent man, in order to save Harry Reid's political career""",half-true,political ad.,Nevada; Candidate Biography; Crime,Riley Snyder,"November 1, 2016",https://www.politifact.com/factchecks/2016/nov/01/joe-heck/new-ad-claiming-catherine-cortez-masto-indicted-ha/
Chris Sununu,"October 6, 2016","Says drug dealers have ""overdosed on purpose"" to avoid prosecution.",false,No Labels forum,New Hampshire; Drugs; Legal Issues; Crime,Ella  Nilsen,"October 28, 2016",https://www.politifact.com/factchecks/2016/oct/28/chris-sununu/chris-sununu-says-nh-law-protects-drug-dealers-pro/
David Holmes,"October 17, 2016","Says Gerald Daugherty advocated lowering the penalty for crimes like strangulation in domestic violence cases because ""they just ‘throw more people into the’"" jail ""‘system.""",mostly-false,Facebook post and video,Criminal Justice; Crime; Texas,Rachel Rice,"October 24, 2016",https://www.politifact.com/factchecks/2016/oct/24/david-holmes/david-holmes-says-gerald-daugherty-advocated-light/
Donald Trump,"October 19, 2016","The stories from women saying he groped or forced himself on them ""largely have been debunked.""",false,third 2016 presidential debate,National; Candidate Biography; History; Human Rights; Crime; Women,Jon Greenberg,"October 20, 2016",https://www.politifact.com/factchecks/2016/oct/20/donald-trump/donald-trump-says-reports-sexual-assault-him-have-/
Donald Trump,"October 19, 2016","Says Hillary Clinton ""wants to have open borders.""",mostly-false,third 2016 presidential debate,Immigration; National; Homeland Security; Human Rights; Crime; Foreign Policy,Amy Sherman,"October 20, 2016",https://www.politifact.com/factchecks/2016/oct/20/donald-trump/donald-trump-says-hillary-clinton-wants-have-open-/
Hillary Clinton,"October 19, 2016","""We have 33,000 people a year who die from guns.""",mostly-true,third 2016 presidential debate,National; Crime; Public Safety; Guns,Louis Jacobson,"October 20, 2016",https://www.politifact.com/factchecks/2016/oct/20/hillary-clinton/hillary-clinton-says-33000-americans-die-each-year/
Donald Trump,"October 17, 2016","""It’s possible that non-citizen voters were responsible for Obama’s 2008 victory in North Carolina.""",pants-fire,speech,Immigration; Elections; Crime; States; North Carolina,Will Doran,"October 19, 2016",https://www.politifact.com/factchecks/2016/oct/19/donald-trump/trump-wrongfully-says-immigrants-voting-illegally-/
Donald Trump,"October 9, 2016","""We have an increase in murder within our cities, the biggest in 45 years.""",mostly-true,second presidential debate,National; Crime,Louis Jacobson,"October 10, 2016",https://www.politifact.com/factchecks/2016/oct/10/donald-trump/trump-claims-us-has-biggest-increase-murders-45-ye/
Loretta Sanchez,"October 5, 2016","""If you give guns to gangs, you can get out of jail free, if (California’s Proposition 57) passes. If you do a drive-by shooting, you can get out of jail free, if Proposition 57 passes. If you discharge guns on a school yard, you can get out of jail free.""",false,U.S. Senate campaign debate.,Criminal Justice; Crime; California,Chris Nichols,"October 7, 2016",https://www.politifact.com/factchecks/2016/oct/07/loretta-sanchez/loretta-sanchez-misleads-prop-57-claim/
Senate Leadership Fund,"September 13, 2016","Says ""Catherine Cortez Masto failed Nevada rape victims. While attorney general, thousands of rape kits were never sent for DNA analysis.""",half-true,television ad,Nevada; Crime,Riley Snyder,"September 28, 2016",https://www.politifact.com/factchecks/2016/sep/28/senate-leadership-fund/ad-accuses-catherine-cortez-masto-not-addressing-r/
Donald Trump,"September 26, 2016","Says ""no, you’re wrong,"" responding to the assertion that stop-and-frisk was ruled unconstitutional in New York.",mostly-false,presidential debate,National; Criminal Justice; Crime; Supreme Court,Lauren Carroll,"September 28, 2016",https://www.politifact.com/factchecks/2016/sep/28/donald-trump/debate-donald-trump-says-stop-and-frisk-constituti/
Stop 57 campaign,"September 2, 2016","""Brock Turner’s early release will be a regular occurrence if Prop. 57 passes.""",mostly-false,campaign press release.,Criminal Justice; Crime; California,Chris Nichols,"September 28, 2016",https://www.politifact.com/factchecks/2016/sep/28/stop-57-campaign/campaign-uses-mostly-false-specter-brock-turner-ca/
Donald Trump,"September 26, 2016","In New York City, ""murders are up.""",mostly-false,presidential debate at Hofstra University,National; Crime,Louis Jacobson,"September 27, 2016",https://www.politifact.com/factchecks/2016/sep/27/donald-trump/donald-trump-base-saying-murders-are-new-york-city/
Donald Trump,"September 26, 2016","""In Chicago, they've had thousands of shootings, thousands since Jan. 1. Thousands of shootings.""",true,Presidential debate,National; Crime; Public Safety; Guns,Miriam Valverde,"September 27, 2016",https://www.politifact.com/factchecks/2016/sep/27/donald-trump/donald-trump-says-chicago-has-experienced-thousand/
Hillary Clinton,"September 26, 2016","Says Donald Trump ""publicly invited Putin to hack into Americans’ (emails).""",half-true,Presidential debate,National; Civil Rights; Homeland Security; Crime; Foreign Policy; Technology,Amy Sherman,"September 27, 2016",https://www.politifact.com/factchecks/2016/sep/27/hillary-clinton/hillary-clinton-claims-donald-trump-invited-russia/
Tom Steyer,"September 14, 2016","""Since 1978, California has spent $5 billion to put 13 people to death.""",mostly-false,press release.,Criminal Justice; Death Penalty; Crime; California,Chris Nichols,"September 21, 2016",https://www.politifact.com/factchecks/2016/sep/21/tom-steyer/did-california-spend-5-billion-execute-13-people/
Charlie Crist,"September 19, 2016","""In the mid 1990s, in our state, (Florida was) No. 1 in violent crime in America. ... The only concern I had was for the citizens of Florida, who were subjected to a violent crime every three minutes and 45 seconds.""",true,debate,Crime; Florida,Allison Graves,"September 20, 2016",https://www.politifact.com/factchecks/2016/sep/20/charlie-crist/charlie-crist-says-florida-was-no-1-violent-crime/
Charley Wilkison,"July 15, 2016","""Texas has lost the most law enforcement officers in the line of duty of any state in America.""",true,interview with Laura Rice for the Texas Standard,Criminal Justice; History; Crime; Texas,Rye Druzin,"September 19, 2016",https://www.politifact.com/factchecks/2016/sep/19/charley-wilkison/texas-top-state-law-enforcement-deaths-line-duty/
Kamala Harris,"August 22, 2016","""Over the last 40 years, this country’s prison population has grown by 500 percent.""",mostly-true,tweet.,Criminal Justice; Crime; California,Chris Nichols,"September 16, 2016",https://www.politifact.com/factchecks/2016/sep/16/kamala-harris/mostly-true-americas-prison-population-has-skyrock/
Chris Sununu,"September 7, 2016",Says crime is ‘rising’ in Manchester and has gone up 19 percent under Mayor Ted Gatsas.,half-true,ad,New Hampshire; Crime,Ella  Nilsen,"September 12, 2016",https://www.politifact.com/factchecks/2016/sep/12/chris-sununu/republican-candidate-governor-chis-sununu-says-cri/
Donald Trump,"August 31, 2016","""Since 2013 alone, the Obama administration has allowed 300,000 criminal aliens to return back into United States communities. These are individuals encountered or identified by (Immigration and Customs Enforcement), but who were not detained or processed for deportation because it wouldn't have been politically correct.""",half-true,speech on immigration,Immigration; National; Criminal Justice; Homeland Security; Crime,Louis Jacobson,"September 2, 2016",https://www.politifact.com/factchecks/2016/sep/02/donald-trump/donald-trump-says-obama-administration-has-let-300/
Sean Hannity,"August 23, 2016","Says that in 2015, ""illegal"" immigrants accounted for 75 percent of federal drug possession convictions and 5 percent to 30 percent of convictions for murder and kidnapping plus two other crimes.",true,slide presented on Hannity’s show during an Austin interview of Donald Trump,Immigration; Criminal Justice; Crime; Texas,W. Gardner Selby,"September 2, 2016",https://www.politifact.com/factchecks/2016/sep/02/sean-hannity/sean-hannity-says-illegal-immigrants-account-75-pe/
Paul Ryan,"June 19, 2016","Under the current procedure, if someone ""on a terror watch list"" tries to buy a gun, authorities are notified.",half-true,TV interview,Crime; Terrorism; Guns; Wisconsin,Jonathan Anderson,"September 2, 2016",https://www.politifact.com/factchecks/2016/sep/02/paul-ryan/paul-ryan-if-someone-terror-watch-list-tries-buy-g/
Hillary Clinton,"September 1, 2016","Says Alex Jones ""said that the victims of the Sandy Hook massacre were child actors and no one was actually killed there.""",true,x,Children; Education; Families; History; Crime; Public Safety; Guns; Texas,Dylan Baddour,"September 1, 2016",https://www.politifact.com/factchecks/2016/sep/01/hillary-clinton/hillary-clinton-correct-austins-alex-jones-said-no/
Gwen Moore,"August 15, 2016","Milwaukee has ""the highest incarceration rate among African-American men in the country.""",half-true,interview,Criminal Justice; Crime; Urban; Wisconsin,Tom Kertscher,"August 31, 2016",https://www.politifact.com/factchecks/2016/aug/31/gwen-moore/does-milwaukee-scene-unrest-after-fatal-police-sho/
Donald Trump,"August 29, 2016","""Inner-city crime is reaching record levels.""",pants-fire,tweet,National; Criminal Justice; Crime; Race and Ethnicity,Louis Jacobson,"August 30, 2016",https://www.politifact.com/factchecks/2016/aug/30/donald-trump/donald-trump-wrong-inner-city-crime-reaching-recor/
Reince Priebus,"August 28, 2016","Says Hillary Clinton ""is the one that labeled African-American youth as ‘superpredators.’""",mostly-true,interview during NBC's Meet the Press,National; Crime,Allison Graves,"August 28, 2016",https://www.politifact.com/factchecks/2016/aug/28/reince-priebus/did-hillary-clinton-call-african-american-youth-su/
Lamar Smith,"July 19, 2016","""One third of all federal prisoners today are illegal immigrants.""",mostly-false,remarks to the Texas delegation to the Republican National Convention,Immigration; Criminal Justice; Crime; Texas,W. Gardner Selby,"August 25, 2016",https://www.politifact.com/factchecks/2016/aug/25/lamar-smith/mostly-false-lamar-smith-claim-one-third-federal-i/
Edward  Flynn,"July 8, 2016","Milwaukee police use deadly force at a rate that is ""among the lowest"" in the country.",half-true,news conference,Criminal Justice; Crime; Guns; Wisconsin,Jacob Carpenter,"August 19, 2016",https://www.politifact.com/factchecks/2016/aug/19/edward-flynn/milwaukee-police-rarely-use-deadly-force/
National Republican Senatorial Committee,"August 2, 2016","""In Catherine Cortez Masto's last term as attorney general, Nevada murder went up 11 percent, robbery went up 28 percent, rape 51 percent. When Cortez Masto left office, Nevada ranked as America's third most dangerous state.""",mostly-false,television ad,Nevada; Candidate Biography; Criminal Justice; Crime,Riley Snyder,"August 10, 2016",https://www.politifact.com/factchecks/2016/aug/10/national-republican-senatorial-committee/ad-blaming-cortez-masto-crime-upticks-ag-too-narro/
Milwaukeeans for Self-Governance,"July 20, 2016","Says Milwaukee County district attorney candidate Verona Swanigan ""has worked as a prosecutor.""",false,radio ad,Candidate Biography; Criminal Justice; Crime; Wisconsin,Tom Kertscher,"August 4, 2016",https://www.politifact.com/factchecks/2016/aug/04/milwaukeeans-self-governance/candidate-district-attorney-doesnt-say-she-worked-/
David A. Clarke Jr.,"July 17, 2016","Says Barack Obama ""said black males are two times more likely to be shot by a law enforcement officer than white males"" and ""that is a lie"" because ""there is no data.""",mostly-false,interview,Criminal Justice; Crime; Population; Guns; Wisconsin,Tom Kertscher,"August 3, 2016",https://www.politifact.com/factchecks/2016/aug/03/david-clarke-jr/sheriff-david-clarke-says-its-lie-black-males-twic/
Tim Kaine,"July 27, 2016","""We fixed a loophole in the (gun) background record check system so that we could make our commonwealth safer.""",true,speech,Criminal Justice; Crime; Guns; Virginia,Sean Gorman,"July 29, 2016",https://www.politifact.com/factchecks/2016/jul/29/tim-kaine/tim-kaine-correctly-says-while-governor-state-clos/
Barack Obama,"July 27, 2016","""Illegal immigration and the crime rate are as low as they’ve been in decades.""",mostly-true,speech at the Democratic National Convention,Immigration; National; History; Crime,C. Eugene Emery Jr.,"July 28, 2016",https://www.politifact.com/factchecks/2016/jul/28/barack-obama/crime-and-illegal-immigration-are-decades-long-low/
Amy Klobuchar,"July 26, 2016","""Human trafficking is the third-biggest criminal enterprise in the world.""",mostly-true,speech at the Democratic National Convention,National; Human Rights; Crime,Jon Greenberg,"July 27, 2016",https://www.politifact.com/factchecks/2016/jul/27/amy-klobuchar/yes-human-trafficking-ranks-3-world-crime/
Donald Trump,"June 22, 2016","Says Ted Cruz ""never denied"" his father was photographed with Lee Harvey Oswald.",pants-fire,campaign rally,Candidate Biography; History; Crime; Texas,Dylan Baddour,"July 22, 2016",https://www.politifact.com/factchecks/2016/jul/22/donald-trump/pants-fire-claim-ted-cruz-never-denied-father-phot/
Donald Trump,"July 21, 2016","Says Hillary Clinton ""wants sanctuary cities.""",mostly-true,speech at the Republican convention,Immigration; Crime; Florida,Amy Sherman,"July 22, 2016",https://www.politifact.com/factchecks/2016/jul/22/donald-trump/donald-trump-says-rnc-hillary-clinton-says-hillary/
Donald Trump,"July 21, 2016","""Homicides last year increased by 17 percent in America’s 50 largest cities. That’s the largest increase in 25 years.""",half-true,his acceptance speech at the Republican Natiional Convention,National; Criminal Justice; Crime,Louis Jacobson,"July 22, 2016",https://www.politifact.com/factchecks/2016/jul/22/donald-trump/donald-trump-says-homicides-are-17-percent-50-bigg/
Darryl  Glenn,"July 18, 2016","""Neighborhoods have become more violent"" under President Barack Obama's ""watch.""",mostly-false,speech at the Republican convention,Colorado; Crime,Alan Gathright,"July 20, 2016",https://www.politifact.com/factchecks/2016/jul/20/darryl-glenn/darryl-glenn-says-neighborhoods-have-become-more-v/
Van Wanggaard,"July 10, 2016","""You're more likely to be the victim of a violent crime in Milwaukee than in 96 percent of the country.""",half-true,opinion article,Crime; Population; Public Safety; Urban; Wisconsin,Tom Kertscher,"July 15, 2016",https://www.politifact.com/factchecks/2016/jul/15/van-wanggaard/more-dangerous-milwaukee-96-nation/
Tammy Duckworth,"June 8, 2016","Says Mark Kirk ""called for the mass arrest of 18,000 African Americans"" and ""was apparently fine with Trump’s #StillTooRacist call for mass deportation.""",false,tweet,Crime; Public Safety; Illinois; Guns,Kevin Hoffman,"July 15, 2016",https://www.politifact.com/factchecks/2016/jul/15/tammy-duckworth/says-mark-kirk-called-mass-arrest-18000-african-am/
Van Jones,"July 7, 2016","African-Americans don't use drugs at a higher level than whites but ""wind up going to prison six times more.""",mostly-true,panel discussion on CNN,Criminal Justice; Drugs; History; Human Rights; Legal Issues; Crime; Public Safety; PunditFact,C. Eugene Emery Jr.,"July 13, 2016",https://www.politifact.com/factchecks/2016/jul/13/van-jones/van-jones-claim-drug-use-imprisonment-rates-blacks/
Mike Rawlings,"July 8, 2016","In 2016, Dallas, Texas, has fewer ""police officer-related shootings than any large city in America.""",half-true,news conference,National; Corrections and Updates; Criminal Justice; Crime; Guns,Neelesh Moorthy,"July 12, 2016",https://www.politifact.com/factchecks/2016/jul/12/mike-rawlings/does-dallas-have-fewest-police-shootings-america-i/
Cory Booker,"July 10, 2016","The war on drugs led to ""a 500 percent increase in incarceration in our country, disproportionately affecting poor and disproportionately affecting minorities.""",mostly-true,"interview on ""Meet the Press""",National; Crime,Lauren Carroll,"July 10, 2016",https://www.politifact.com/factchecks/2016/jul/10/cory-booker/how-war-drugs-affected-incarceration-rates/
Charles Ramsey,"July 10, 2016","""There are approximately 18,000 (police) departments in the United States.""",mostly-true,"interview on ""Meet the Press""",Criminal Justice; Crime; PunditFact,Jon Greenberg,"July 10, 2016",https://www.politifact.com/factchecks/2016/jul/10/charles-ramsey/how-many-police-departments-are-us/
Gwen Moore,"June 23, 2016","""If you're a terrorist you can't fly,"" but ""an assault weapon you can buy.""",mostly-true,tweet,Crime; Terrorism; Transportation; Guns; Wisconsin,Tom Kertscher,"July 1, 2016",https://www.politifact.com/factchecks/2016/jul/01/gwen-moore/poem-rep-gwen-moore-says-terrorists-can-be-banned-/
Dana Young,"June 21, 2016","""DUI arrests dropped significantly in Tampa once Uber began operating here.""",half-true,tweet,Crime; Technology; Florida,Allison Graves,"June 29, 2016",https://www.politifact.com/factchecks/2016/jun/29/dana-young/do-dui-arrests-plummet-when-uber-comes-town/
Steve Adler,"June 14, 2016","Austin was the ""site of the first mass shooting in the country.""",false,interview with Bob Cole on Austin's KOKE-FM,History; Crime; Texas,W. Gardner Selby,"June 23, 2016",https://www.politifact.com/factchecks/2016/jun/23/steve-adler/steve-adler-wrong-first-us-mass-shooting-occurred-/
Loretta Lynch,"June 19, 2016","""The LGBT community is more often the victims of hate crimes than any other recognized group.""",true,"interview on ""Fox News Sunday""",Crime; LGBTQ; Florida,Amy Sherman,"June 23, 2016",https://www.politifact.com/factchecks/2016/jun/23/loretta-lynch/loretta-lynch-says-gays-and-lesbians-are-most-freq/
Cory Booker,"June 16, 2016","""Al-Qaida operatives, have said, 'Hey, we want you to use this loophole (for purchasing guns despite being on a watch list) to attack and kill Americans.'""",mostly-true,interview on MSNBC,National; Crime; Government Regulation; Public Safety; Regulation; Terrorism; Guns,C. Eugene Emery Jr.,"June 23, 2016",https://www.politifact.com/factchecks/2016/jun/23/cory-booker/sen-cory-booker-says-al-qaida-has-urged-followers-/
Louie Gohmert,"May 10, 2016","""Of all the people in federal prison for possession of illegal substances, 77 percent of them are not citizens of the United States.""",half-true,House floor remarks,Criminal Justice; Drugs; Crime; Texas,W. Gardner Selby,"June 17, 2016",https://www.politifact.com/factchecks/2016/jun/17/louie-gohmert/louie-gohmert-singles-out-large-share-federal-inma/
Charles Schumer,"June 14, 2016","Last year, ""244 suspected terrorists walked into gun shops and attempted to purchase a firearm; 223 were able to get the firearm.""",mostly-true,news conference,National; Congress; Homeland Security; Crime; Government Regulation; Public Safety; Terrorism; Guns,C. Eugene Emery Jr.,"June 15, 2016",https://www.politifact.com/factchecks/2016/jun/15/charles-schumer/charles-schumer-terror-watch-list-buy-guns-got-the/
Catherine Hanaway,"June 6, 2016","""Only half of the murders in the city of St. Louis get solved.""",true,Missouri,Crime; Missouri,Allison Graves,"June 14, 2016",https://www.politifact.com/factchecks/2016/jun/14/catherine-hanaway/hanaway-right-about-how-many-murder-get-solved-st-/
Hillary Clinton,"June 13, 2016","""Hate crimes against American Muslims and mosques have tripled after Paris and San Bernardino.""",mostly-true,speech after a terrorist attack,National; Homeland Security; Crime; Race and Ethnicity; Terrorism,Louis Jacobson,"June 14, 2016",https://www.politifact.com/factchecks/2016/jun/14/hillary-clinton/hillary-clinton-says-anti-muslim-hate-crimes-tripl/
Donald Trump,"June 7, 2016","""Crime is rising.""",pants-fire,speech after several primaries concluded,National; Criminal Justice; Crime,Louis Jacobson,"June 9, 2016",https://www.politifact.com/factchecks/2016/jun/09/donald-trump/donald-trump-said-crime-rising-its-not-and-hasnt-b/
Donald Trump,"May 20, 2016","It ""is Hillary Clinton's agenda"" to ""release the violent criminals from jail. She wants them all released.""",pants-fire,speech to the National Rifle Association,National; Criminal Justice; Legal Issues; Crime,Louis Jacobson,"May 26, 2016",https://www.politifact.com/factchecks/2016/may/26/donald-trump/donald-trump-wrong-hillary-clinton-wants-release-a/
Donald Trump,"May 18, 2016","""There are places in America that are among the most dangerous in the world. You go to places like Oakland. Or Ferguson. The crime numbers are worse. Seriously.""",false,interview with the New York Times Magazine,National; Crime,Linda Qiu,"May 25, 2016",https://www.politifact.com/factchecks/2016/may/25/donald-trump/donald-trumps-false-claim-oakland-ferguson-are-amo/
George Holding,"May 19, 2016","Says North Carolina Rep. Renee Ellmers was the only Republican to vote against ""an amendment to prioritize the deportation of sexual criminals who are illegal immigrants.""",half-true,debate on WRAL,Immigration; Congress; Criminal Justice; Crime; Public Safety; North Carolina,Will Doran,"May 23, 2016",https://www.politifact.com/factchecks/2016/may/23/george-holding/george-holding-accuses-renee-ellmers-breaking-part/
Donald Trump,"May 4, 2016","Germany ""is crime-riddled right now"" because of migration to Europe.",mostly-false,interview with NBC News,Immigration; National; Criminal Justice; Human Rights; Crime; Public Safety,C. Eugene Emery Jr.,"May 11, 2016",https://www.politifact.com/factchecks/2016/may/11/donald-trump/donald-trump-says-germany-now-riddled-crime-thanks/
Duf Sundheim,"May 10, 2016","""There is a 34 percent increase in violent crime in the state of California. … And that’s just within the last year.""",false,debate,Crime; California,Chris Nichols,"May 11, 2016",https://www.politifact.com/factchecks/2016/may/11/duf-sundheim/duf-sundheim-wrongly-says-californias-violent-crim/
Terry McAuliffe,"April 22, 2016","Before April 22, ""we have restored the rights of more than 18,000 individuals, which is more than the past seven governors combined in their four-year terms.""",true,speech.,History; Crime; Virginia,Warren Fiske,"May 9, 2016",https://www.politifact.com/factchecks/2016/may/09/terry-mcauliffe/mcauliffe-held-va-record-retoring-felon-voting-rig/
Amy Schumer,"April 28, 2016","""You can absolutely get a gun if you have several felonies as long as you buy it on the Internet or at a gun show.""",half-true,"episode of ""Inside Amy Schumer""",Crime; PunditFact; Guns,Lauren Carroll,"April 29, 2016",https://www.politifact.com/factchecks/2016/apr/29/amy-schumer/fact-checking-amy-schumers-welcome-gun-show/
Kofi Annan,"April 19, 2016","""Studies have consistently failed to establish the existence of a link between the harshness of a country’s drug laws and its levels of drug use.""",mostly-true,op-ed,Global News Service; Drugs; Crime,Jon Greenberg,"April 22, 2016",https://www.politifact.com/factchecks/2016/apr/22/kofi-annan/former-un-secretary-general-says-war-drugs-has-fai/
Bernie Sanders,"March 26, 2016","""Under the federal Controlled Substance Act, marijuana is listed in the same Schedule I as heroin,"" even though ""marijuana is not a killer drug like heroin.""",mostly-true,speech,Criminal Justice; Drugs; Crime; Government Regulation; Public Health; Wisconsin,Tom Kertscher,"April 22, 2016",https://www.politifact.com/factchecks/2016/apr/22/bernie-sanders/hitting-war-drugs-bernie-sanders-says-us-puts-mari/
"Our City, Our Safety, Our Choice","April 8, 2016","Austin’s Stop Abuse for Everyone has seen in its offices ""sexual assault survivors that report being attacked by their ridesharing drivers, at a rate of one per month.""",half-true,fund-raising letter from female supporters,Elections; Crime; Transportation; Texas,W. Gardner Selby,"April 15, 2016",https://www.politifact.com/factchecks/2016/apr/15/our-city-our-safety-our-choice/our-city-backers-give-incomplete-account-reported-/
Ellen Troxclair,"April 10, 2016","Statistics show ""you are about nine times more likely to be assaulted by a taxi driver"" in Austin than a driver for a ride-hailing service.",pants-fire,voter forum hosted by the League of Women Voters of the Austin Area,Crime; Transportation; Texas,W. Gardner Selby,"April 15, 2016",https://www.politifact.com/factchecks/2016/apr/15/ellen-troxclair/ellen-troxclair-lacks-facts-behind-claim-about-sex/
Hillary Clinton,"March 29, 2016","About ""1 percent of all the gun sellers are responsible for more than half of the guns that are used in crimes.""",half-true,forum,Crime; Government Regulation; Guns; Wisconsin,Tom Kertscher,"April 15, 2016",https://www.politifact.com/factchecks/2016/apr/15/hillary-clinton/about-1-gun-sellers-responsible-more-half-guns-use/
Hillary Clinton,"April 11, 2016","""The state that has the highest per capita number of … guns that end up committing crimes in New York come from Vermont.""",half-true,event,National; Crime; Guns,Louis Jacobson,"April 12, 2016",https://www.politifact.com/factchecks/2016/apr/12/hillary-clinton/look-hillary-clintons-claim-about-vermonts-gun-pip/
Frank Luntz,"April 6, 2016","""Team Trump has accused Ted Cruz of fraud"" in Iowa, Texas, Colorado, Oklahoma, Louisiana, Kansas, Maine, Utah and Wisconsin.""",half-true,tweet,Elections; Crime; Texas,W. Gardner Selby,"April 11, 2016",https://www.politifact.com/factchecks/2016/apr/11/frank-luntz/frank-luntz-says-team-trump-has-accused-ted-cruz-f/
Bill Clinton,"April 7, 2016","""Because of (the 1994 crime bill), we had a 25-year low in crime, a 33-year low in the murder rate, and listen to this, because of that and the background check law, a 46-year low in the deaths of people of gun violence.""",mostly-false,during a campaign stop,Crime; Pennsylvania,Anna Orso,"April 8, 2016",https://www.politifact.com/factchecks/2016/apr/08/bill-clinton/fact-checking-bill-clintons-philly-defense-his-con/
Mark Pocan,"April 7, 2016","""More people are struck by lightning than commit in-person voter fraud"" by impersonation.",true,blog post,Civil Rights; Elections; Crime; Government Regulation; Wisconsin,Tom Kertscher,"April 7, 2016",https://www.politifact.com/factchecks/2016/apr/07/mark-pocan/which-happens-more-people-struck-lightning-or-peop/
Chris Sgro,"March 17, 2016","""There have not been any public safety issues"" in cities that allow transgender people to use the bathroom of the gender they identify as.",mostly-true,speech urging Charlotte's anti-discrimination ordinance be left intact,Crime; LGBTQ; Sexuality; North Carolina,Will Doran,"April 1, 2016",https://www.politifact.com/factchecks/2016/apr/01/chris-sgro/equality-nc-director-no-public-safety-risks-cities/
Gina Hinojosa,"February 26, 2016","""Texas has a higher incarceration rate than Russia or Iran.""",mostly-true,campaign  mailer,Criminal Justice; Crime; Texas,Emma Hinchliffe,"March 23, 2016",https://www.politifact.com/factchecks/2016/mar/23/gina-hinojosa/gina-hinojosa-vowing-reforms-says-texas-has-higher/
Greg Abbott,"March 14, 2016","""The fact is voter fraud is rampant.""",pants-fire,responding to reporters,Elections; Crime; Texas,W. Gardner Selby,"March 17, 2016",https://www.politifact.com/factchecks/2016/mar/17/greg-abbott/light-match-greg-abbotts-claim-about-rampant-voter/
Bill McCoshen,"March 11, 2016","Says when Bernie Sanders was in college, Sanders said ""something very similar"" to what conservative Wisconsin Supreme Court Justice Rebecca Bradley had written as a college student in the 1990s -- that ""women have a legitimate role in date rape.""",half-true,talk show,Candidate Biography; Crime; Sexuality; Women; Wisconsin,Tom Kertscher,"March 17, 2016",https://www.politifact.com/factchecks/2016/mar/17/bill-mccoshen/bernie-sanders-made-rape-comment-similar-one-wisco/
Everytown for Gun Safety,"March 8, 2016",The rate of U.S. female homicide victims outnumbers 24 other developed countries by more than 2½ to 1.,half-true,Facebook meme,National; History; Crime; Public Safety; Guns,C. Eugene Emery Jr.,"March 14, 2016",https://www.politifact.com/factchecks/2016/mar/14/everytown-gun-safety/anti-gun-group-uses-old-data-incorrectly-compare-i/
Ted Cruz,"February 28, 2016","""There have been multiple media reports about (Donald Trump's) business dealings with the mob, with the mafia.""",true,comments on Meet the Press,National; Candidate Biography; Crime,Linda Qiu,"March 2, 2016",https://www.politifact.com/factchecks/2016/mar/02/ted-cruz/yes-donald-trump-has-been-linked-mob/
Hillary Clinton,"February 23, 2016","""African-Americans are more likely to be arrested by police and sentenced to longer prison terms for doing the same thing that whites do.""",true,TV ad,National; Crime,C. Eugene Emery Jr.,"February 26, 2016",https://www.politifact.com/factchecks/2016/feb/26/hillary-clinton/hillary-clinton-says-blacks-more-likely-be-arreste/
Hillary Clinton,"February 11, 2016","Says Dontre Hamilton, who was killed during a confrontation with a Milwaukee police officer, was ""unarmed.""",mostly-true,debate,Criminal Justice; Crime; Public Health; Public Safety; Urban; Wisconsin,Tom Kertscher,"February 18, 2016",https://www.politifact.com/factchecks/2016/feb/18/hillary-clinton/black-man-was-unarmed-when-shot-dead-white-milwauk/
Tim McGinty,"February 17, 2016","""We are almost halfway to our goal of 1,000 rapes prosecuted!""",true,his campaign website,Ohio; Crime,Nadia Pflaum,"February 17, 2016",https://www.politifact.com/factchecks/2016/feb/17/tim-mcginty/cuyahoga-prosecutor-touts-reduction-rape-kits-reel/
Gary Cobb,"February 16, 2016","Travis County residents ""trusted me to take on Tom DeLay — and we won.""",mostly-false,video ad on his campaign website,Candidate Biography; Criminal Justice; Crime; Texas,W. Gardner Selby,"February 17, 2016",https://www.politifact.com/factchecks/2016/feb/17/gary-cobb/gary-cobb-won-guilty-jury-verdicts-against-tom-del/
Tony Capezza,"January 26, 2016","""In New England, Rhode Island has the second highest number of police officers being assaulted.""",mostly-false,testimony at General Assembly,Rhode Island; Crime; Public Safety,Mark  Reynolds,"February 14, 2016",https://www.politifact.com/factchecks/2016/feb/14/tony-capezza/police-union-director-uses-incomplete-data-general/
John O'Bannon,"February 1, 2016","Says ""some Planned Parenthood chapters have been selling the body parts of aborted fetuses for profit.""",false,constituent survey,Abortion; Crime; Virginia,Warren Fiske,"February 8, 2016",https://www.politifact.com/factchecks/2016/feb/08/john-obannon/del-john-obannon-says-planned-parenthood-sold-feta/
EMILY's List,"December 31, 2015","As part of legislative fights over abortion rights, ""Mike Coffman co-sponsored a bill to redefine rape.""",mostly-true,fundraising email,Abortion; Colorado; Corrections and Updates; Criminal Justice; Crime; Women,Alan Gathright,"February 3, 2016",https://www.politifact.com/factchecks/2016/feb/03/emilys-list/emilys-list-attacks-coffman-forcible-rape-and-abor/
Rand Paul,"January 28, 2016","""A third of the budget for the city of Ferguson (Missouri) was being reaped by civil fines.""",mostly-false,Republican debate,National; City Budget; Civil Rights; Criminal Justice; Crime; Public Safety; Urban,C. Eugene Emery Jr.,"January 29, 2016",https://www.politifact.com/factchecks/2016/jan/29/rand-paul/budgets-ferguson-mo-dont-support-rand-pauls-claim-/
Ted Cruz,"January 15, 2016","Says President Barack Obama ""appointed Eric Holder as attorney general. Eric Holder said he viewed his mission as brainwashing the American people against guns.""",half-true,Republican presidential debate,National; Criminal Justice; Crime; Guns,Louis Jacobson,"January 15, 2016",https://www.politifact.com/factchecks/2016/jan/15/ted-cruz/did-former-attorney-general-eric-holder-say-he-vie/
Carly Fiorina,"December 17, 2015","""When we held recent economic dialogues with China, we agreed on over 100 different things  —  including wildlife trafficking and volcano research. None of these 100-plus points of agreement addressed cybersecurity.""",mostly-false,column posted on Medium,National; China; Criminal Justice; Infrastructure; Crime; Foreign Policy,Louis Jacobson,"January 7, 2016",https://www.politifact.com/factchecks/2016/jan/07/carly-fiorina/carly-fiorina-says-us-didnt-address-cybersecurity-/
Dan Patrick,"January 3, 2016","""Everywhere that we have more citizens carrying guns, crime is less. There's a study showing that where states have open carry or concealed carry, but particularly open carry, the crime is down 25 percent.""",mostly-false,"interview on NBC's ""Meet the Press""",National; Crime; Guns,Linda Qiu,"January 3, 2016",https://www.politifact.com/factchecks/2016/jan/03/dan-patrick/texas-lt-gov-dan-patrick-claims-states-where-peopl/
State Public Service Announcement,,"By the end of 2015, more than 1,300 people will have died on Georgia roads. One of out evey four fatalities resulted from drunken driving.",mostly-true,,Georgia; Alcohol; Crime; Public Safety; States; Transportation,Nancy Badertscher,"December 30, 2015",https://www.politifact.com/factchecks/2015/dec/30/state-public-service-announcement/state-correct-traffic-deaths-are-2015/
André  Carson,"December 13, 2015","""Our larger domestic threat is from racial supremacist groups.""",false,"interview on ABC News' ""This Week""",National; Crime; Religion; Terrorism,Jon Greenberg,"December 18, 2015",https://www.politifact.com/factchecks/2015/dec/18/andre-carson/rep-carson-miscasts-racial-supremacists-greater-/
Uber,"November 7, 2015","""Recent news reports indicate DWI crashes in Austin dropped 23 percent since ridesharing entered the market.""",mostly-true,web post,Crime; Transportation; Texas,W. Gardner Selby,"December 16, 2015",https://www.politifact.com/factchecks/2015/dec/16/uber/uber-says-drunk-driving-crashes-down-austin-advent/
Joe Donald,"December 2, 2015","""We lock up close to 2.4 million people in this country. We're locking up more people than China and Russia.""",mostly-true,interview,China; Criminal Justice; Crime; Wisconsin,Tom Kertscher,"December 9, 2015",https://www.politifact.com/factchecks/2015/dec/09/joe-donald/us-incarcerates-more-people-china-or-russia-state-/
Ted Cruz,"November 30, 2015","""Here’s the simple and undeniable fact: The overwhelming majority of violent criminals are Democrats.""",mostly-false,radio interview with Hugh Hewitt,National; Criminal Justice; Legal Issues; Crime,Louis Jacobson,"December 1, 2015",https://www.politifact.com/factchecks/2015/dec/01/ted-cruz/are-overwhelming-majority-violent-criminals-democr/
Donald Trump,"November 22, 2015",Says crime statistics show blacks kill 81 percent of white homicide victims.,pants-fire,tweet,National; Crime,Jon Greenberg,"November 23, 2015",https://www.politifact.com/factchecks/2015/nov/23/donald-trump/trump-tweet-blacks-white-homicide-victims/
Peter Kinder,"November 12, 2015","""This incident of supposed feces depicting a swastika on the wall of a bathrooms in one of the halls ... has been supported by zero fact.""",pants-fire,comments on Breitbart,Education; Crime; Race and Ethnicity; Missouri,Allison Graves,"November 22, 2015",https://www.politifact.com/factchecks/2015/nov/22/peter-kinder/missouri-politician-wrongly-claims-zero-evidence-s/
Greenville Gazette,"February 1, 2015","Texas legislation ""would allow… teachers to kill their students if they felt it was needed.""",half-true,article,Children; Criminal Justice; Education; Crime; Texas,Andy East,"November 6, 2015",https://www.politifact.com/factchecks/2015/nov/06/greenville-gazette/website-says-texas-legislation-allows-teachers-kil/
Facebook posts,"August 6, 2015","A Texas police department bought an ad telling drug dealers, ""We can take your competition off the streets for FREE.""",true,Snopes.com tweet recapping a Facebook post,Criminal Justice; Drugs; Legal Issues; Crime; Texas,W. Gardner Selby,"October 30, 2015",https://www.politifact.com/factchecks/2015/oct/30/facebook-posts/texas-police-department-places-ad-urging-drug-deal/
Chris Danou,"October 20, 2015","A Republican bill that would change John Doe criminal investigations is ""creating exceptions in the law for politicians.""",mostly-true,remarks,Campaign Finance; Criminal Justice; Elections; Ethics; Legal Issues; Crime; Wisconsin,Tom Kertscher,"October 22, 2015",https://www.politifact.com/factchecks/2015/oct/22/chris-danou/gop-changes-wisconsins-john-doe-law-create-excepti/
Hillary Clinton,"October 15, 2015","""We lose an average of 90 Americans every day because of guns.""",mostly-true,speech,Criminal Justice; Crime; Guns; Texas,W. Gardner Selby,"October 21, 2015",https://www.politifact.com/factchecks/2015/oct/21/hillary-clinton/hillary-clinton-says-us-loses-90-people-day-guns/
Edward  Flynn,"August 27, 2015","In Milwaukee County, juveniles arrested for car theft ""get sent immediately home, because under the point system in juvenile court"" on holding suspects, ""a stolen car gets zero points.""",mostly-false,forum,Children; Criminal Justice; Legal Issues; Crime; Transportation; Urban; Wisconsin,Tom Kertscher,"October 19, 2015",https://www.politifact.com/factchecks/2015/oct/19/edward-flynn/juvenile-car-theft-suspects-milwaukee-county-get-s/
Bill O'Reilly,"October 7, 2015","From 2014 to 2015, Austin’s ""murder rate is up a whopping 83 percent.""",mostly-false,commentary,City Government; Criminal Justice; Crime; Texas,Philip Jankowski,"October 16, 2015",https://www.politifact.com/factchecks/2015/oct/16/bill-oreilly/bill-oreilly-says-austins-murder-rate-has-spiked-8/
Matt Gaetz,"October 6, 2015","""In the states that allow open carry, violent crime was 23 percent lower.""",half-true,press conference,Crime; Florida; Guns,Joshua Gillin,"October 9, 2015",https://www.politifact.com/factchecks/2015/oct/09/matt-gaetz/violent-crime-lower-states-open-carry/
Dan Patrick,"September 3, 2015","""100 percent of the crime is committed, in estimate, by about 15 percent of the population.""",pants-fire,"interview by David Brown, host of the Texas Standard",Corrections and Updates; Criminal Justice; Crime; Population; Texas,W. Gardner Selby,"October 6, 2015",https://www.politifact.com/factchecks/2015/oct/06/dan-patrick/dan-patrick-says-all-crime-estimate-committed-15-p/
Jeremy Bird,"October 2, 2015","""90% of Americans want national background checks that close loopholes.""",true,tweet after the shootings at an Oregon community college,Criminal Justice; Crime; Government Regulation; Guns; Texas,W. Gardner Selby,"October 5, 2015",https://www.politifact.com/factchecks/2015/oct/05/jeremy-bird/jeremy-bird-says-90-percent-americans-want-mandato/
Joe Scarborough,"October 2, 2015","About ""3 percent of murders and crimes are committed with guns from people who actually (legally) purchase those guns.""",half-true,"broadcast of MSNBC's ""Morning Joe""",Crime; PunditFact; Guns,Jon Greenberg,"October 5, 2015",https://www.politifact.com/factchecks/2015/oct/05/joe-scarborough/msnbcs-joe-scarborough-tiny-fraction-crimes-commit/
Butch Conway,"September 16, 2015",The racial and ethnic makeup of the Gwinnett County Sheriff’s Office mirrors the community it serves.,true,press conference,Georgia; County Government; Criminal Justice; Jobs; Crime; Race and Ethnicity; Public Safety,Nancy Badertscher,"September 29, 2015",https://www.politifact.com/factchecks/2015/sep/29/butch-conway/conways-claim-diverse-department-true/
Casey Cagle,"September 8, 2015","""Eighty-three law enforcement officers have died in the line of duty this year. Twenty-four of them were shot and killed in cold blood.""",true,press release,Georgia; Criminal Justice; Crime; Public Safety; Public Service; Guns,Nancy Badertscher,"September 22, 2015",https://www.politifact.com/factchecks/2015/sep/22/casey-cagle/cagle-right-law-enforcement-death-count/
Scott Walker,"September 14, 2015","Says he will pursue change in federal law to protect employees from ""extortion from a union"" because ""the Supreme Court has ruled that federal prohibitions outlawing extortion usually do not apply to unions.""",mostly-false,campaign proposal,Labor; Legal Issues; Crime; Supreme Court; Unions; Wisconsin,Tom Kertscher,"September 17, 2015",https://www.politifact.com/factchecks/2015/sep/17/scott-walker/scott-walker-says-high-court-has-said-federal-laws/
Reader,"September 3, 2015",Atlanta has issued an increasing number of citations - and collected an increasing amount of revenue - since Mayor Kasim Reed took office in 2010.,mostly-true,email from a reader,Georgia; Crime; Public Safety,April Hunt,"September 11, 2015",https://www.politifact.com/factchecks/2015/sep/11/reader-email/are-citations-and-revenue-atlanta/
Bernie Sanders,"August 12, 2015","""African Americans are twice as likely to be arrested and almost four times as likely to experience the use of force during encounters with the police.""",mostly-true,web site,Rhode Island; Legal Issues; Crime; Race and Ethnicity,Mark  Reynolds,"August 30, 2015",https://www.politifact.com/factchecks/2015/aug/30/bernie-sanders/bernie-sanders-right-police-do-treat-african-ameri/
Ted Cruz,"August 21, 2015","""In the year 2013, the Obama administration released 104,000 criminal illegal aliens. They released 196 murderers – people with homicide convictions, who are here illegally.""",half-true,answering a reporter,Immigration; Criminal Justice; Crime; Texas,W. Gardner Selby,"August 28, 2015",https://www.politifact.com/factchecks/2015/aug/28/ted-cruz/ted-cruz-obama-administration-released-104000-crim/
Jim Webb,"August 5, 2015","""The United States has the highest incarceration rate in the world.""",mostly-true,web post.,Criminal Justice; Crime; Virginia,Sean Gorman,"August 10, 2015",https://www.politifact.com/factchecks/2015/aug/10/jim-webb/webb-says-us-has-worlds-highest-incarceration-rate/
Mark Obenshain,"July 21, 2015","Since parole abolition, Virginia's ""crime rate has fallen to third lowest in the country, our recidivism rate is down 20 percent and that’s the second lowest in the country.""",mostly-true,radio interview,Criminal Justice; Crime; Virginia,Warren Fiske,"August 3, 2015",https://www.politifact.com/factchecks/2015/aug/03/mark-obenshain/obenshain-says-virginias-crime-and-recidivism-rate/
Cory Booker,"July 27, 2015","""We built a new prison every 10 days between 1990 and 2005 to keep up with our mass incarceration explosion of nonviolent offenders.""",mostly-true,post on Instagram,National; Criminal Justice; Crime,Keely Herring,"July 31, 2015",https://www.politifact.com/factchecks/2015/jul/31/cory-booker/was-prison-built-every-10-days-house-fast-growing-/
Harry Houck,"July 21, 2015","""The law says ... when a police officer stops you, do whatever he says and then deal with it later.""",false,"panel debate on ""CNN Tonight with Don Lemon""",Corrections and Updates; Crime; PunditFact,Will Cabaniss,"July 30, 2015",https://www.politifact.com/factchecks/2015/jul/30/harry-houck/former-nypd-detective-sandra-blands-traffic-stop-l/
Rick Perry,"June 4, 2015","""I deployed the Texas National Guard"" to the Texas-Mexico border. ""And the policy worked; apprehensions at the border declined 74 percent.""",mostly-false,his speech declaring his candidacy for president,Immigration; Criminal Justice; Crime; Texas,Bradley Saacks,"July 26, 2015",https://www.politifact.com/factchecks/2015/jul/26/rick-perry/rick-perry-says-74-percent-drop-border-apprehensio/
Atlanta neighborhood association,"July 9, 2015",The murder rate in Atlanta is on the rise this year.,true,online community forum,Georgia; Crime; Public Safety,April Hunt,"July 22, 2015",https://www.politifact.com/factchecks/2015/jul/22/atlanta-neighborhood-association/increase-murders-atlanta/
Police Chief Billy Grogan,"July 14, 2015","Georgia has more than 700 law enforcement agencies, and fewer than 20 percent of them are state-certified.",mostly-true,press release,Georgia; Crime; Public Safety,Nancy Badertscher,"July 21, 2015",https://www.politifact.com/factchecks/2015/jul/21/police-chief-billy-grogan/dunwoody-target-claim-about-police-department-cert/
Hans von Spakovsky,"July 9, 2015","""134,000 (criminal) aliens have been released by the (Obama) administration in just the past two years.""",half-true,article on the Heritage Foundation website,Immigration; Crime; PunditFact,Jon Greenberg,"July 16, 2015",https://www.politifact.com/factchecks/2015/jul/16/hans-von-spakovsky/heritage-analyst-obama-administration-released-134/
Ron Paul,"June 14, 2015","""Jasper County in Texas raised property taxes by 7 percent in order to pay for one death penalty case.""",true,opinion column,Criminal Justice; Crime; Taxes; Texas,W. Gardner Selby,"July 9, 2015",https://www.politifact.com/factchecks/2015/jul/09/ron-paul/ron-paul-says-death-penalty-trial-fueled-texas-tax/
Donald Trump,"July 1, 2015","""Hundreds of thousands of (illegal immigrants are) going to state and federal penitentiaries.""",mostly-false,interview on Fox Business Network,Immigration; National; Crime,Lauren Carroll,"July 6, 2015",https://www.politifact.com/factchecks/2015/jul/06/donald-trump/trump-immigration-claim-has-no-data-back-it/
Randy Forbes,"June 16, 2015","""The average age a child is trafficked into the commercial sex trade industry is between 11 and 14 years old.""",half-true,written statement.,Children; Crime; Virginia,Sean Gorman,"July 6, 2015",https://www.politifact.com/factchecks/2015/jul/06/randy-forbes/randy-forbes-says-average-age-child-sex-traffickin/
Gavin  McInnes,"June 22, 2015","""50 percent of murders in Texas have been linked to illegal aliens.""",false,"broadcast of ""The Greg Gutfeld Show""",Immigration; Crime; PunditFact,Jon Greenberg,"July 1, 2015",https://www.politifact.com/factchecks/2015/jul/01/gavin-mcinnes/no-undocumented-immigrants-are-not-tied-50-texas-m/
Various media reports 2,"June 18, 2015","Only five states, including Georgia, do not have a hate crimes law.",true,church shooting aftermath,Georgia; Crime,Nancy Badertscher,"July 1, 2015",https://www.politifact.com/factchecks/2015/jul/01/various-media-reports/south-carolina-georgia-3-other-states-dont-have-ha/
Cornell William Brooks,"June 21, 2015","""We have at least 200,000 to 300,000 hate crimes in a given year.""",mostly-true,comments on Face the Nation,National; Criminal Justice; Crime; Race and Ethnicity,Christian Belanger,"June 25, 2015",https://www.politifact.com/factchecks/2015/jun/25/cornell-william-brooks/how-many-hate-crimes-are-there-united-states-2/
Barack Obama,"June 20, 2015","""Here are the stats: Per population, we kill each other with guns at a rate 297x more than Japan, 49x more than France, 33x more than Israel.""",mostly-true,tweet,National; Criminal Justice; Crime; Guns,Louis Jacobson,"June 22, 2015",https://www.politifact.com/factchecks/2015/jun/22/barack-obama/barack-obama-tweets-us-gun-homicide-rate-much-high/
Barack Obama,"June 18, 2015","""This type of mass violence does not happen in other advanced countries. It doesn’t happen in other places with this kind of frequency.""",mostly-false,remarks at the White House,National; Corrections and Updates; Criminal Justice; Crime; Guns,Keely Herring,"June 22, 2015",https://www.politifact.com/factchecks/2015/jun/22/barack-obama/barack-obama-correct-mass-killings-dont-happen-oth/
Bernie Sanders,"June 11, 2015","""A black male baby born today, if we do not change the system, stands a one-in-three chance (of) ending up in jail.""",mostly-true,interview on PBS,National; Criminal Justice; Crime; Race and Ethnicity,Louis Jacobson,"June 15, 2015",https://www.politifact.com/factchecks/2015/jun/15/bernie-sanders/bernie-sanders-says-black-male-baby-born-today-has/
Hillary Davis,"May 6, 2015","""The profit [from automated traffic enforcement cameras] is going to the private corporations, not to the city or state.""",false,hearing at the General Assembly,Rhode Island; City Budget; City Government; Civil Rights; Debt; History; Legal Issues; Crime; Public Safety; State Budget,C. Eugene Emery Jr.,"June 14, 2015",https://www.politifact.com/factchecks/2015/jun/14/hillary-davis/aclu-says-profits-traffic-cameras-go-private-compa/
John Oliver,"June 7, 2015","Says ""Florida is a model"" for successful pretrial release programs.",half-true,"segment about bail on ""Last Week Tonight""",Criminal Justice; Crime; PunditFact,Katie Sanders,"June 12, 2015",https://www.politifact.com/factchecks/2015/jun/12/john-oliver/john-oliver-hails-pretrial-services-florida-progre/
Russell Brand,"May 26, 2015","""The American murder rate is 50 times that of any other developed nation.""",false,episode of 'The Trews',Crime; PunditFact; Guns,Katie Sanders,"June 2, 2015",https://www.politifact.com/factchecks/2015/jun/02/russell-brand/russell-brand-misinforms-fans-about-us-murder-rate/
Robert Puente,"May 12, 2015","If Milwaukee approves reducing its maximum forfeiture for marijuana possession to $50, the city would have ""23 different bicycle violations that have a higher forfeiture.""",half-true,remarks to the Milwaukee Common Council,City Government; Drugs; Crime; Government Regulation; Marijuana; Wisconsin,Tom Kertscher,"June 1, 2015",https://www.politifact.com/factchecks/2015/jun/01/robert-puente-wisc/would-milwaukees-maximum-forfeiture-marijuana-be-l/
Rebecca Quigley,"May 14, 2015","""Once a woman enters into the sex trade, her average life expectancy is seven years.""",false,"comment on a ""State of the State"" TV program.",Rhode Island; Children; Crime; Public Health; Public Safety; Recreation; Sexuality; Women; Workers,C. Eugene Emery Jr.,"May 31, 2015",https://www.politifact.com/factchecks/2015/may/31/rebecca-quigley/does-becoming-prostitute-mean-youve-only-got-about/
Facebook posts,"May 13, 2015","Says Marco Rubio said that ""felons should not have their voting rights restored"" but that ""convicted felons should be allowed to own guns after they have done their time.""",false,Facebook post,Elections; Crime; Florida; Guns,Amy Sherman,"May 27, 2015",https://www.politifact.com/factchecks/2015/may/27/facebook-posts/facebook-meme-says-marco-rubio-wants-restore-gun-r/
Donald Trump,"May 13, 2015","""You can be an NFL player with murder charges and not be suspended.""",half-true,tweet,Crime; Sports; PunditFact,Katie Sanders,"May 18, 2015",https://www.politifact.com/factchecks/2015/may/18/donald-trump/trump-tees-tom-bradys-suspension-says-players-murd/
Kathleen Sullivan,"April 29, 2015","""The proportion of Rhode Islanders entering substance abuse treatment primarily due to marijuana use has reached its highest point in 20 years.""",false,testimony before the House Judiciary Committee,Rhode Island; Consumer Safety; Criminal Justice; Drugs; Economy; History; Crime; Government Regulation; Public Health; Public Safety; Recreation; Regulation; Small Business; Taxes; Marijuana,Mark  Reynolds,"May 17, 2015",https://www.politifact.com/factchecks/2015/may/17/kathleen-sullivan/anti-marijuana-advocate-says-treatment-levels-have/
Garnet Coleman,"May 6, 2015","""Transgender individuals in the U.S. have a 1-in-12 chance of being murdered.""",pants-fire,committee hearing,Corrections and Updates; Criminal Justice; Crime; Sexuality; Texas,W. Gardner Selby,"May 13, 2015",https://www.politifact.com/factchecks/2015/may/13/garnet-coleman/garnet-coleman-said-transgender-person-has-1-12-ch/
Everytown for Gun Safety,"May 6, 2015","""Once again, a police officer has been killed with an illegal gun from Georgia – a state that last year did the NRA’s bidding and weakened its already lax gun laws.""",mostly-false,press release,Georgia; Crime; Guns,Nancy Badertscher,"May 12, 2015",https://www.politifact.com/factchecks/2015/may/12/everytown-gun-safety/advocacy-group-overreaches-claim-nypd-shooting/
Danny Porter,"May 4, 2015","""A sitting sheriff cannot be charged except by a warrant issued by a Superior Court judge.""",half-true,interview with AM750 and 95.5 FM News/Talk WSB radio,Georgia; Legal Issues; Crime,Nancy Badertscher,"May 6, 2015",https://www.politifact.com/factchecks/2015/may/06/danny-porter/gwinnett-da-over-reaches-sheriff-hill-shooting-sta/
David A. Clarke Jr.,"April 26, 2015","The man who killed a motorist who fatally struck a 2-year-old was ""back on the street"" because he had received a 13-year sentence for bank robbery but only ""served two years.""",mostly-false,interview,Criminal Justice; Crime; Guns; Wisconsin,Tom Kertscher,"April 30, 2015",https://www.politifact.com/factchecks/2015/apr/30/david-clarke-jr/killer-was-street-after-serving-2-years-13-year-ro/
Van Wanggaard,"April 21, 2015","""There's no statistical evidence that"" a waiting period for handgun purchases ""reduces violence whatsoever.""",mostly-true,legislative floor debate,Crime; Public Health; Guns; Wisconsin,Tom Kertscher,"April 27, 2015",https://www.politifact.com/factchecks/2015/apr/27/van-wanggaard/no-evidence-waiting-period-handgun-purchases-reduc/
Edward  Flynn,"April 14, 2015","In Wisconsin, a ""second arrest for carrying pot is a felony,"" but a second or subsequent arrest ""for carrying a gun illegally is a misdemeanor.""",mostly-true,news conference,Criminal Justice; Drugs; Legal Issues; Crime; Guns; Wisconsin,Tom Kertscher,"April 15, 2015",https://www.politifact.com/factchecks/2015/apr/15/edward-flynn/wisconsin-carrying-marijuana-second-time-felony-il/
Sally Kohn,"March 19, 2015","""White men account for 69 percent of those arrested for violent crimes.""",false,opinion piece on CNN.com,Crime; PunditFact,Jon Greenberg,"April 2, 2015",https://www.politifact.com/factchecks/2015/apr/02/sally-kohn/sally-kohn-white-men-69-percent-arrested-violent/
Fran Lebowitz,"February 20, 2015","""Not a single unarmed white person has been shot by the police"" in New York in about 45 years.",false,"panel on ""Real Time with Bill Maher""",Crime; Public Safety; PunditFact,Katie Sanders,"April 1, 2015",https://www.politifact.com/factchecks/2015/apr/01/fran-lebowitz/fran-lebowitz-claims-nypd-has-never-shot-unarmed-w/
Greg Gutfeld,"March 10, 2015","Under New York Mayor Bill de Blasio, homicides are up by 20 percent, and subway delays have soared 45 percent.",mostly-false,commentary on Fox News.,Crime; Transportation; PunditFact,Jon Greenberg,"March 23, 2015",https://www.politifact.com/factchecks/2015/mar/23/greg-gutfeld/nyc-mayor-de-blasio-responsible-uptick-murders-and/
Ken Plum,,"""We've got 40 years of study now that show that, with a good preschool start, you're less likely to be on public dole, you're less likely to be in prison.""",mostly-true,,Children; Education; Crime; Welfare; Virginia,Sean Gorman,"March 23, 2015",https://www.politifact.com/factchecks/2015/mar/23/ken-plum/ken-plum-says-pre-k-education-leads-fewer-arrests/
Florida Students for Concealed Carry,"March 16, 2015","""According to the state of Florida, you are almost twice as likely to be attacked by an alligator than by someone who happens to carry a conceal-and-carry permit.""",mostly-false,Florida Senate higher education committee hearing,Animals; Corrections and Updates; Crime; Florida; Guns,Amy Sherman,"March 23, 2015",https://www.politifact.com/factchecks/2015/mar/23/florida-students-concealed-carry/are-alligator-attacks-more-common-attacks-those-gu/
"Young, Gifted and Black Coalition","January 9, 2015","""Black people are eight times more likely to be arrested than white people"" in Madison.",half-true,open letter,City Government; Civil Rights; Criminal Justice; Crime; Public Safety; Guns; Wisconsin,Tom Kertscher,"March 9, 2015",https://www.politifact.com/factchecks/2015/mar/09/young-gifted-and-black-coalition/madison-black-adults-are-8-times-more-likely-white/
Greg Abbott,"February 22, 2015","""Already this calendar year, since January 1, we have had more than 20,000 people come across the border, apprehended, unauthorized.""",true,"interview on CBS's ""Face the Nation""",Immigration; Criminal Justice; Crime; Texas,W. Gardner Selby,"March 3, 2015",https://www.politifact.com/factchecks/2015/mar/03/greg-abbott/already-year-greg-abbott-says-over-20000-immigrant/
John Legend,"February 22, 2015","""We live in the most incarcerated country in the world.""",mostly-true,speech at the Oscars,Criminal Justice; Crime; PunditFact,Katie Sanders,"February 23, 2015",https://www.politifact.com/factchecks/2015/feb/23/john-legend/fact-checking-john-legends-claim-we-live-most-inca/
Eric Holder,"February 17, 2015","Last year, ""we saw the first reduction in the federal prison population in 32 years.""",true,remarks at the National Press Club,National; Corrections and Updates; Criminal Justice; Crime,Lauren Carroll,"February 23, 2015",https://www.politifact.com/factchecks/2015/feb/23/eric-holder/federal-prison-population-drops-first-time-3-decad/
Lori Haas,"January 19, 2015","In states that have private-sale background checks for handguns ""49 percent fewer women are shot and killed.""",half-true,news conference,Crime; States; Women; Guns; Virginia,Sean Gorman,"February 16, 2015",https://www.politifact.com/factchecks/2015/feb/16/lori-haas/haas-says-fewer-women-killed-guns-states-expanded-/
Barack Obama,"February 8, 2015","""Nearly one in five women in America has been a victim of rape or attempted rape.""",mostly-true,public-service video during the Grammys,National; Criminal Justice; Crime; Sexuality; Women,Louis Jacobson,"February 16, 2015",https://www.politifact.com/factchecks/2015/feb/16/barack-obama/barack-obama-says-nearly-1-5-women-us-has-been-rap/
Rick Perry,"January 15, 2015","Texas has ""the lowest crime rate in this state since 1968"" because of changes in law regarding nonviolent drug offenders.",half-true,valedictory speech as governor to the Texas Legislature,Criminal Justice; Drugs; Crime; Texas,W. Gardner Selby,"February 3, 2015",https://www.politifact.com/factchecks/2015/feb/03/rick-perry/rick-perry-says-changes-drug-laws-led-lowest-texas/
John Cornyn,"January 27, 2015","More ""than 80 percent of sex trafficking victims in America are U.S. citizens.""",half-true,Senate floor speech,Criminal Justice; Crime; Texas,W. Gardner Selby,"January 30, 2015",https://www.politifact.com/factchecks/2015/jan/30/john-cornyn/john-cornyn-says-more-80-percent-us-sexual-traffic/
John Cornyn,"January 27, 2015","The Super Bowl has ""one of the highest levels of human sex trafficking activity of any event in the country.""",mostly-false,press conference,National; Crime; Sports,Lauren Carroll,"January 29, 2015",https://www.politifact.com/factchecks/2015/jan/29/john-cornyn/does-sex-trafficking-increase-around-super-bowl/
Jeff Clemens,"January 20, 2015","Online voter registration is a ""more secure"" way of doing voter registration.",mostly-true,Senate Ethics and Elections committee hearing,Elections; Crime; Technology; Florida,Amy Sherman,"January 23, 2015",https://www.politifact.com/factchecks/2015/jan/23/jeff-clemens/online-voter-registration-more-secure-florida-stat/
Mark Warner,"December 3, 2014","Regarding sexual assault against women, ""It’s actually safer not to be in college than it is to be in college.""",mostly-false,interview.,Education; Crime; Virginia,Sean Gorman,"January 4, 2015",https://www.politifact.com/factchecks/2015/jan/04/mark-warner/warner-sexual-assualt-its-safer-women-not-be-colle/
Rudy Giuliani,"December 21, 2014","Says President Barack Obama has said ""that everybody should hate the police.""",pants-fire,interview on Fox News,Civil Rights; Criminal Justice; Crime; PunditFact,Lauren Carroll,"December 23, 2014",https://www.politifact.com/factchecks/2014/dec/23/rudy-giuliani/giuliani-obama-propaganda-says-everybody-should-ha/
James Crowley,"December 6, 2014","""Surveys of teens in high school reveal that knowing a classmate who sells cannabis is 90 times more common than knowing a classmate who sells alcohol.""",half-true,commentary,Rhode Island; Children; Drugs; Education; Crime; Polls and Public Opinion; Public Health; Pundits; Marijuana,Katie Mulvaney,"December 21, 2014",https://www.politifact.com/factchecks/2014/dec/21/james-crowley/doctor-says-teens-much-likelier-know-classmate-sel/
Matthew Cooke,"December 10, 2014","The United States has ""more of our people in prison than Russia, China, and North Korea combined.""",mostly-false,Huffington Post column,China; Crime; PunditFact,Katie Sanders,"December 16, 2014",https://www.politifact.com/factchecks/2014/dec/16/matthew-cooke/us-prison-population-big-russia-china-and-north-ko/
Texas Right to Life,"December 5, 2014","University of Texas students ""signed a petition seeking the legal right to abort newborn babies up to five-years-old.""",half-true,email blast,Abortion; Criminal Justice; Education; Crime; Texas,W. Gardner Selby,"December 10, 2014",https://www.politifact.com/factchecks/2014/dec/10/texas-right-life/texas-right-life-says-ut-students-signed-petition-/
Richard Saslaw,"November 24, 2014","Female students at UVA ""have a 20 percent chance of being sexually assaulted.""",mostly-false,presentation.,Crime; Public Safety; Virginia,Sean Gorman,"December 8, 2014",https://www.politifact.com/factchecks/2014/dec/08/richard-saslaw/saslaw-says-20-percent-female-students-university-/
Diego Arene-Morley,"November 18, 2014","""There are more African American men in prison, jail, on probation or parole than were enslaved in 1850.""",true,community forum,Rhode Island; Civil Rights; Criminal Justice; Crime; Marijuana,Katie Mulvaney,"December 7, 2014",https://www.politifact.com/factchecks/2014/dec/07/diego-arene-morley/brown-u-student-leader-more-african-american-men-p/
Bill O'Reilly,"December 1, 2014","""In 2012, 123 African-Americans were shot dead by police. ... Same year, 326 whites were killed by police.""",mostly-false,"segment on ""The O'Reilly Factor""",Crime; Race and Ethnicity; Urban; PunditFact,Katie Sanders,"December 4, 2014",https://www.politifact.com/factchecks/2014/dec/04/bill-oreilly/bill-oreilly-cites-faulty-data-claim-about-shootin/
Marc Morial,"November 30, 2014","""The number of killings of citizens by police is at a two-decade high.""",half-true,appearance on 'Fox News Sunday',National; Criminal Justice; Crime,Steve Contorno,"December 3, 2014",https://www.politifact.com/factchecks/2014/dec/03/marc-morial/are-deaths-police-shootings-highest-20-years/
Rudy Giuliani,"November 24, 2014","""The conviction rate is almost exactly the same"" for whites and blacks who commit murder.",false,interview on 'Fox and Friends',Civil Rights; Criminal Justice; Crime; PunditFact,Lauren Carroll,"November 26, 2014",https://www.politifact.com/factchecks/2014/nov/26/rudy-giuliani/giuliani-black-and-white-people-charged-murder-are/
Rudy Giuliani,"November 23, 2014","Says ""93 percent of blacks in America are killed by other blacks.""",mostly-true,"interview on NBC's ""Meet the Press""",Crime; PunditFact,Jon Greenberg,"November 25, 2014",https://www.politifact.com/factchecks/2014/nov/25/rudy-giuliani/giuliani-93-black-murders-committed-blacks/
Mike Martinez,"November 11, 2014","Austin mayoral candidate Steve Adler has ""never been active in anything that has to do with City Hall.""",pants-fire,interview for a news story,Candidate Biography; City Government; Criminal Justice; Crime; Texas,W. Gardner Selby,"November 20, 2014",https://www.politifact.com/factchecks/2014/nov/20/mike-martinez/martinez-says-steve-adler-hasnt-been-active-anythi/
Violence Policy Center,"September 8, 2014",Georgia ranks No. 9 in the rate of women murdered by men.,true,annual study,Georgia; Crime; Women; Guns,April Hunt,"November 19, 2014",https://www.politifact.com/factchecks/2014/nov/19/violence-policy-center/study-correct-georgias-gender-based-murder-rate/
Jack Seiler,"November 5, 2014","""No one was taken into custody"" for feeding the homeless.",mostly-true,news release,City Government; Crime; Florida,Amy Sherman,"November 17, 2014",https://www.politifact.com/factchecks/2014/nov/17/jack-seiler/jack-seiler-says-arnold-abbott-90-year-old-wasnt-t/
Johnny Isakson,"November 21, 2014",Georgia has the country’s second highest number of fraudulent tax refund claims.,half-true,press release,Georgia; Crime; Taxes,Nancy Badertscher,"November 14, 2014",https://www.politifact.com/factchecks/2014/nov/14/johnny-isakson/Isakson-off-about-income-tax-fraud-ranking/
Senate Majority PAC,"October 28, 2014","The ""stand your ground"" law caused the shooting death of Trayvon Martin.",false,radio ad,Legal Issues; Crime; Florida; Guns,Amy Sherman,"October 30, 2014",https://www.politifact.com/factchecks/2014/oct/30/senate-majority-pac/radio-ad-dem-pac-blames-trayvon-martin-death-flori/
Dan Patrick,"October 22, 2014","Leticia Van de Putte ""voted to stop schools from removing teachers convicted of a felony.""",mostly-false,"TV ad, ""Better Schools""",Criminal Justice; Education; Crime; Texas,W. Gardner Selby,"October 29, 2014",https://www.politifact.com/factchecks/2014/oct/29/dan-patrick/dan-patrick-says-leticia-van-de-putte-voted-stop-s/
Rick Scott,"October 21, 2014","Says Charlie Crist wants felons who ""commit a heinous crime"" such as ""intentional permanent disfigurement of a child, you walk out of jail, you immediately get to vote.""",mostly-false,CNN debate,Elections; Crime; Florida,Amy Sherman,"October 27, 2014",https://www.politifact.com/factchecks/2014/oct/27/rick-scott/rick-scott-says-charlie-crist-favors-violent-felon/
Mary Burke,"October 21, 2014","Six convictions are connected to an allegation by prosecutors ""that Gov. Scott Walker is at the center of a criminal scheme.""",false,campaign TV ad,Crime; Negative Campaigning; Wisconsin,Dave Umhoefer,"October 23, 2014",https://www.politifact.com/factchecks/2014/oct/23/mary-burke/mary-burke-ad-leaves-impression-scott-walker-cente/
Mary Burke,"October 17, 2014","Says Scott Walker cut funding to local governments in Wisconsin, contributing to the ""second-largest increase in violent crime"" in the Midwest.",half-true,debate,Wisconsin; City Budget; City Government; County Budget; County Government; Crime; State Budget,Tom Kertscher,"October 23, 2014",https://www.politifact.com/factchecks/2014/oct/23/mary-burke/citing-scott-walker-budget-cuts-mary-burke-says-wi/
Leticia Van de Putte,"October 15, 2014","""In 2013,"" Dan Patrick voted ""against funding to test the backlog of rape kits, allowing rapists to walk free.""",pants-fire,video ad,Abortion; Criminal Justice; Crime; Women; Texas,W. Gardner Selby,"October 17, 2014",https://www.politifact.com/factchecks/2014/oct/17/leticia-van-de-putte/leticia-van-de-putte-says-dan-patrick-voted-agains/
Gloria Steinem,"October 1, 2014","More women were killed by their husbands or boyfriends since Sept. 11 than ""all the Americans who were killed by 9/11 or in Afghanistan and Iraq.""",true,AP interview,Crime; Terrorism; Women; PunditFact,Katie Sanders,"October 7, 2014",https://www.politifact.com/factchecks/2014/oct/07/gloria-steinem/steinem-more-women-killed-partners-911-deaths-atta/
Jorge Elorza,"September 30, 2014","""In the last six years of Cianci’s administration violent crime was down in the United States. It was down in the region. It was down in Rhode Island. But it was up in Providence.""",mostly-true,debate,Rhode Island; Criminal Justice; Crime; Public Safety,Alex Kuffner,"October 6, 2014",https://www.politifact.com/factchecks/2014/oct/06/jorge-elorza/jorge-elorza-ciancis-last-years-mayor-crime-provid/
Greg Abbott,"September 19, 2014","""I’ve been involved in prosecuting a terrorist member of ISIS.""",false,debate,Criminal Justice; Crime; Foreign Policy; Terrorism; Texas,Dylan Baddour,"October 3, 2014",https://www.politifact.com/factchecks/2014/oct/03/greg-abbott/unsupported-greg-abbott-says-he-helped-prosecute-t/
Wisconsin Professional Police Association,"September 25, 2014","Data on violent crime shows Wisconsin ""has become less safe than it was when Scott Walker took office.""",mostly-false,news conference,City Budget; City Government; County Budget; County Government; Criminal Justice; Crime; State Budget; Wisconsin,Tom Kertscher,"October 2, 2014",https://www.politifact.com/factchecks/2014/oct/02/wisconsin-professional-police-association/violent-crime-wisconsin-higher-under-scott-walker-/
Wendy Davis,"September 23, 2014","""Greg Abbott and his surrogates have referred to women who have been the victims of rape or incest as though somehow what they are confronting is a minor issue.""",pants-fire,speaking to reporters,Ethics; Crime; Texas,W. Gardner Selby,"September 25, 2014",https://www.politifact.com/factchecks/2014/sep/25/wendy-davis/wendy-davis-catches-fire-incorrect-claim-about-gre/
Wendy Davis,"September 19, 2014","Greg Abbott ""has campaigned with a sexual predator who has bragged about having sex with underage girls.""",half-true,debate,Corrections and Updates; Ethics; Crime; Sexuality; Texas,W. Gardner Selby,"September 25, 2014",https://www.politifact.com/factchecks/2014/sep/25/wendy-davis/wendy-davis-overstates-whats-confirmed-about-abbot/
Facebook posts,"September 18, 2014","Congress includes 36 people accused of spousal abuse, 84 arrested for drunk driving in the past year, 71 with terrible credit and more.",pants-fire,Facebook meme,National; Congress; Ethics; Crime,Lauren Carroll,"September 24, 2014",https://www.politifact.com/factchecks/2014/sep/24/facebook-posts/nba-nfl-congress-spousal-abuse-fraud-bad-checks-ba/
Greg Abbott,"September 19, 2014","""The FBI is involved in an investigation about people in the Rio Grande Valley who are using cocaine to buy votes.""",mostly-true,debate,Drugs; Elections; Crime; Texas,W. Gardner Selby,"September 24, 2014",https://www.politifact.com/factchecks/2014/sep/24/greg-abbott/greg-abbott-recaps-fbi-complaints-about-cocaine-tr/
Rick Scott,"August 27, 2014","A Scott Rothstein victim says that he was ""swindled"" by Charlie Crist.",pants-fire,TV ad,Legal Issues; Crime; Message Machine 2014; Florida,Amy Sherman,"September 22, 2014",https://www.politifact.com/factchecks/2014/sep/22/rick-scott/ad-promote-rick-scott-rothstein-investor-says-he-w/
Mika Brzezinski,"September 16, 2014","""Super Bowl Sunday has the highest rate of domestic violence.""",pants-fire,"segment on MSNBC's ""Morning Joe""",Crime; Sports; PunditFact,Katie Sanders,"September 18, 2014",https://www.politifact.com/factchecks/2014/sep/18/mika-brzezinski/mika-brzezinski-repeats-myth-super-bowl-sunday-has/
James Brown,"September 11, 2014","""More than three women per day lose their lives at the hands of their partners.""",true,message to viewers,Criminal Justice; Crime; Women; PunditFact,Katie Sanders,"September 16, 2014",https://www.politifact.com/factchecks/2014/sep/16/james-brown/cbs-sports-james-brown-more-3-women-day-are-killed/
Amy Klobuchar,"September 14, 2014","Children who witness domestic violence are ""twice as likely to commit it themselves.""",mostly-true,"comments on CNN's ""State of the Union""",National; Criminal Justice; Crime; Women,Derek Tsang,"September 16, 2014",https://www.politifact.com/factchecks/2014/sep/16/amy-klobuchar/klobuchar-children-who-witness-domestic-violence-a/
Wendy Davis,"September 15, 2014","Greg Abbott did ""nothing"" to pursue reports of the sexual abuse of boys at a West Texas state-run school.",mostly-false,TV ad,Children; Criminal Justice; Crime; Texas,W. Gardner Selby,"September 16, 2014",https://www.politifact.com/factchecks/2014/sep/16/wendy-davis/wendy-davis-claims-greg-abbott-didnt-act-allegatio/
Facebook posts,"September 11, 2014","A flight from Atlanta to Houston was canceled due to a ""terrorist dry run.""",pants-fire,post on Facebook,Crime; Terrorism; PunditFact,Derek Tsang,"September 11, 2014",https://www.politifact.com/factchecks/2014/sep/11/facebook-posts/facebook-post-claims-us-flight-canceled-after-terr/
Mark Begich,"August 29, 2014","Says Dan Sullivan approved a ""light sentence"" for a sex offender who got out of prison and is now charged with a gruesome murder and sexual assault.",pants-fire,campaign ad,National; Criminal Justice; Crime; Message Machine 2014,Lauren Carroll,"September 3, 2014",https://www.politifact.com/factchecks/2014/sep/03/mark-begich/sen-begich-wrongly-ties-republican-opponent-horrif/
Charlie Crist,"August 17, 2014","Says Rick Scott has ""teamed up with a felon convicted of running a Ponzi scheme to smear Charlie Crist.""",false,TV ad,Campaign Finance; Crime; Florida,Amy Sherman,"September 2, 2014",https://www.politifact.com/factchecks/2014/sep/02/charlie-crist/crist-says-rick-scott-teamed-ponzi-schemer-scott-r/
David Dewhurst,"July 21, 2014","At ""least a quarter of those apprehended"" at the border ""have criminal records.""",false,news story,Immigration; Crime; Texas,W. Gardner Selby,"August 29, 2014",https://www.politifact.com/factchecks/2014/aug/29/david-dewhurst/unsupported-claim-1-4-apprehended-border-crossers-/
American LeadHERship PAC,"August 27, 2014","""There have been at least 100 shootings each year [Angel Taveras] has been mayor"" of Providence.",mostly-true,campaign mailing,Rhode Island; Candidate Biography; Crime; Negative Campaigning; Public Safety; Guns,C. Eugene Emery Jr.,"August 29, 2014",https://www.politifact.com/factchecks/2014/aug/29/american-leadhership-pac/american-leadhership-pac-says-providence-has-had-1/
Brad Schimel,"August 15, 2014","Heroin and prescription opioids are ""the number one cause of accidental or preventable death in Wisconsin.""",false,interview,Drugs; Health Care; Crime; Public Health; Wisconsin,Tom Kertscher,"August 27, 2014",https://www.politifact.com/factchecks/2014/aug/27/brad-schimel/top-cause-preventable-deaths-heroin-prescription-o/
Marc Lamont Hill,"August 20, 2014","""Every 28 hours"" an unarmed black person is shot by a cop.",false,CNN segment,Crime; Race and Ethnicity; Public Safety; PunditFact,Katie Sanders,"August 26, 2014",https://www.politifact.com/factchecks/2014/aug/26/marc-lamont-hill/unarmed-black-person-shot-every-28-hours-says-ma/
Juan Williams,"August 24, 2014",The No. 1 cause of death for African-American males 15-34 is murder.,true,comments on Fox News Sunday,Criminal Justice; Crime; PunditFact,Linda Qiu,"August 24, 2014",https://www.politifact.com/factchecks/2014/aug/24/juan-williams/juan-williams-no-1-cause-death-african-americans-1/
Henry Cuellar,,Says drug cartels are using social media to offer rebates so more children from Central America get smuggled to the United States.,mostly-false,,Immigration; Children; Corrections and Updates; Crime; Texas,Nicole Chavez,"August 22, 2014",https://www.politifact.com/factchecks/2014/aug/22/henry-cuellar/henry-cuellar-claim-social-media-rebates-and/
Michael Medved,"August 19, 2014","""More whites than blacks are victims of deadly police shootings.""",half-true,"Web post from the ""Michael Medved Show""",Civil Rights; Criminal Justice; Crime; PunditFact,Jon Greenberg,"August 21, 2014",https://www.politifact.com/factchecks/2014/aug/21/michael-medved/talk-show-host-police-kill-more-whites-blacks/
Rand Paul,"August 14, 2014","""Washington has incentivized the militarization of local police precincts.""",true,opinion column,National; Criminal Justice; Homeland Security; Crime; Military; Public Safety; Terrorism,Lauren Carroll,"August 21, 2014",https://www.politifact.com/factchecks/2014/aug/21/rand-paul/rand-paul-says-federal-program-incentivizes-police/
Sarah Palin,"August 17, 2014","Under Rosemary Lehmberg, the ""Travis County D.A.’s office"" convened the grand jury that indicted Rick Perry.",false,commentary,Criminal Justice; Crime; Texas,W. Gardner Selby,"August 21, 2014",https://www.politifact.com/factchecks/2014/aug/21/sarah-palin/palin-incorrect-rosemary-lehmberg-convened-grand-j/
Jay Nixon,"August 17, 2014 in","""I've been here almost every day.""",mostly-false,"on ABC's ""This Week""",National; Civil Rights; Criminal Justice; Crime,Steve Contorno,"August 18, 2014",https://www.politifact.com/factchecks/2014/aug/18/jay-nixon/missouri-governor-says-hes-been-ferguson-almost-ev/
John Oliver,"August 17, 2014","""The number of SWAT raids have gone up by 1,400 percent since the 1980s.""",mostly-true,"segment on his show, ""Last Week Tonight""",Criminal Justice; Drugs; Crime; PunditFact,Louis Jacobson,"August 18, 2014",https://www.politifact.com/factchecks/2014/aug/18/john-oliver/segment-ferguson-john-oliver-says-swat-raids-are-1/
Bob Donovan,"July 29, 2014","Under Mayor Tom Barrett, the number of Milwaukee police officers ""has not increased.""",true,interview,City Budget; Crime; Wisconsin,Dave Umhoefer,"August 18, 2014",https://www.politifact.com/factchecks/2014/aug/18/bob-donovan/bob-donovan-says-no-net-gain-police-officers-under/
Andrea Mitchell,"August 17, 2014","In Ferguson, Mo., ""you've got three black officers and 50 white officers with a town that is 67 percent African-American.""",mostly-true,"episode of NBC's ""Meet the Press""",Crime; Public Safety; PunditFact,Katie Sanders,"August 17, 2014",https://www.politifact.com/factchecks/2014/aug/17/andrea-mitchell/ferguson-police-department-has-50-white-officers-t/
Occupy Democrats,"July 11, 2014","Says Ted Cruz ""was just bribed by the Kochs to introduce a bill that would give them and their allies America’s national forests, parks, and other public lands and open them for mining, drilling, fracking and logging.""",pants-fire,Facebook photo post,Environment; Campaign Finance; Candidate Biography; Crime; Texas,W. Gardner Selby,"August 17, 2014",https://www.politifact.com/factchecks/2014/aug/17/occupy-democrats/ted-cruz-bribed-kochs-strike-match/
X posts,"August 13, 2014","The wife of the Ferguson, Mo., police chief said African-Americans in Ferguson ""are feral and violent.""",pants-fire,posts on Twitter,City Government; Criminal Justice; Families; Human Rights; Crime; Urban; PunditFact,Aaron Sharockman,"August 14, 2014",https://www.politifact.com/factchecks/2014/aug/14/tweets/ferguson-police-chiefs-wife-calls-african-american/
Mitch McConnell,"August 5, 2014","Says he ""voted for even stronger protections (in the Violence Against Women Act) than Obama's agenda will allow.""",mostly-false,campaign ad,National; Criminal Justice; Crime; Message Machine 2014; Women,Steve Contorno,"August 13, 2014",https://www.politifact.com/factchecks/2014/aug/13/mitch-mcconnell/mitch-mcconnell-says-he-supported-stronger-violenc/
Alison Lundergan Grimes,"July 30, 2014","Says Mitch McConnell voted ""two times against the Violence Against Women Act.""",half-true,campaign ad,National; Criminal Justice; Crime; Message Machine 2014; Women,Steve Contorno,"August 13, 2014",https://www.politifact.com/factchecks/2014/aug/13/alison-lundergan-grimes/alison-lundergan-grimes-ad-claims-mcconnell-twice-/
Wendy Davis,"August 7, 2014","Says that, as a Supreme Court justice, Greg Abbott found that a company whose vacuum cleaners were sold door to door ""had no responsibility"" in the hiring of a salesman who raped a customer.",mostly-true,TV ad,Candidate Biography; Criminal Justice; Legal Issues; Crime; Texas,W. Gardner Selby,"August 8, 2014",https://www.politifact.com/factchecks/2014/aug/08/wendy-davis/wendy-davis-claim-about-hiring-salesman-rapist-lac/
"Juan ""Chuy"" Hinojosa","July 21, 2014","""We have less crime in the (Rio Grande) Valley than we do in other major Texas cities.""",half-true,press release,Immigration; Criminal Justice; Crime; Texas,W. Gardner Selby,"August 8, 2014",https://www.politifact.com/factchecks/2014/aug/08/juan-chuy-hinojosa/does-rio-grande-valley-have-less-crime-major-texas/
Greater Wisconsin Committee,"August 5, 2014","Milwaukee County Sheriff David A. Clarke Jr. advised citizens to ""point that barrel center mass and pull the trigger"" because ""911 is not our best option.""",true,campaign TV ad,Criminal Justice; Legal Issues; Crime; Guns; Wisconsin,Dave Umhoefer,"August 7, 2014",https://www.politifact.com/factchecks/2014/aug/07/greater-wisconsin-political-fund/group-says-sheriff-david-clarke-said-calling-911-n/
Rick Perry,"July 23, 2014","Says three Ukrainians recently captured on a West Texas ranch are among ""individuals from countries that have strong terrorist ties being apprehended"" near the state’s border with Mexico.",half-true,interview with Sean Hannity of Fox News,Immigration; Corrections and Updates; Criminal Justice; Homeland Security; Crime; Foreign Policy; Texas,W. Gardner Selby,"July 31, 2014",https://www.politifact.com/factchecks/2014/jul/31/rick-perry/rick-perry-recaps-arrests-men-ukraine-its-not-coun/
Greg Abbott,"July 22, 2014","""We’ve had about 3,000 murders"" in connection with lax border security.",pants-fire,interview on Fox News.,Immigration; Criminal Justice; Crime; Texas,W. Gardner Selby,"July 29, 2014",https://www.politifact.com/factchecks/2014/jul/29/greg-abbott/greg-abbott-attributes-3000-murders-immigrants-her/
Glenn Beck,"July 17, 2014","Says a 9-year-old girl was recently raped in Austin, Texas, by a guy previously ""caught four times and released.""",half-true,interview of Gov. Rick Perry,Immigration; Children; Criminal Justice; Crime; Texas,W. Gardner Selby,"July 25, 2014",https://www.politifact.com/factchecks/2014/jul/25/glenn-beck/glenn-beck-says-9-year-old-girl-raped-austin-man-p/
Angel Taveras,"July 12, 2014","""If you look at what we’ve done over the last several years, the crime rate has actually gone down in [Providence] and . . . the number of shootings has been going down.""",half-true,interview with The Providence Journal,Rhode Island; History; Crime; Public Safety,C. Eugene Emery Jr.,"July 24, 2014",https://www.politifact.com/factchecks/2014/jul/24/angel-taveras/mayor-angel-taveras-says-crime-rate-shootings-have/
Rick Perry,"July 17, 2014","More than 3,000 homicides were committed by ""illegal aliens"" over the past six years.",pants-fire,interview with Glenn Beck,Immigration; Criminal Justice; Crime; Texas,W. Gardner Selby,"July 23, 2014",https://www.politifact.com/factchecks/2014/jul/23/rick-perry/rick-perry-claim-about-3000-homicides-illegal-immi/
Ismael Ozanne,"June 7, 2014","""I’m running the second-largest county district attorney’s office … at 1985 staffing levels.""",half-true,speech,County Government; Criminal Justice; Crime; Wisconsin,Tom Kertscher,"July 23, 2014",https://www.politifact.com/factchecks/2014/jul/23/ismael-ozanne/attorney-general-candidate-says-hes-running-distri/
Brett Smiley,"June 25, 2014","There are ""approximately 20,000 annual gun purchases in Rhode Island.""",true,campaign brochure,Rhode Island; Crime; Guns,Karen Lee  Ziner,"July 20, 2014",https://www.politifact.com/factchecks/2014/jul/20/brett-smiley/providence-mayoral-candidate-brett-smiley-says-the/
Cokie Roberts,"July 13, 2014","""In New York, your chances of getting murdered are 1 in 25,000. In Honduras, it’s 1 in 14.""",half-true,"comments on ABC's ""This Week""",Immigration; Criminal Justice; Crime; PunditFact,Linda Qiu,"July 16, 2014",https://www.politifact.com/factchecks/2014/jul/16/cokie-roberts/cokie-roberts-chances-getting-murdered-new-york-ar/
Dan Sullivan,"June 20, 2014","""As Alaska’s attorney general, (U.S. Senate candidate Dan) Sullivan successfully fought to protect our Second Amendment rights and passed ‘stand your ground.’ """,false,radio ad,National; Candidate Biography; Criminal Justice; Crime; Guns,Lauren Carroll,"July 2, 2014",https://www.politifact.com/factchecks/2014/jul/02/dan-sullivan/senate-candidate-dan-sullivan-says-he-passed-stand/
John Chisholm,"June 2, 2014","Says Milwaukee County Sheriff David Clarke has ""deputies collecting overtime while sitting passively in chairs watching courthouse security personnel work.""",mostly-true,letter,County Budget; County Government; Criminal Justice; Crime; Wisconsin,Tom Kertscher,"June 30, 2014",https://www.politifact.com/factchecks/2014/jun/30/john-chisholm/milwaukee-sheriff-pays-overtime-deputies-sit-secur/
Progressive Choice Florida,"June 23, 2014","Says Charlie Crist signed ""the nation’s harshest marijuana laws.""",mostly-false,radio ad,Crime; Florida; Marijuana,Joshua Gillin,"June 27, 2014",https://www.politifact.com/factchecks/2014/jun/27/progressive-choice/charlie-crist-signed-nations-harshest-marijuana-la/
Greg Abbott,"June 26, 2014","""Wendy Davis’ legal work is currently under FBI investigation.""",mostly-false,billboard message,Candidate Biography; Criminal Justice; Ethics; Crime; Texas,W. Gardner Selby,"June 27, 2014",https://www.politifact.com/factchecks/2014/jun/27/greg-abbott/greg-abbott-lacks-proof-wendy-davis-under-fbi-scru/
Battleground Texas,"June 10, 2014","Says Dan Patrick has ""called immigration into Texas an invasion"" and ""said immigrants coming into Texas bring ‘third-world diseases.’""",true,interview on Bloomberg TV,Immigration; Crime; Public Health; Texas,W. Gardner Selby,"June 20, 2014",https://www.politifact.com/factchecks/2014/jun/20/battleground-texas/dan-patrick-has-called-illegal-immigration-invasio/
Rick Perry,"June 17, 2014","A record number of immigrants not from Mexico are ""being apprehended at the border.""",true,interview on Fox & Friends,Immigration; Crime; Texas,W. Gardner Selby,"June 18, 2014",https://www.politifact.com/factchecks/2014/jun/18/rick-perry/rick-perry-correct-record-number-immigrants-not-me/
Scott Walker,"June 1, 2014","Under Wisconsin law, ""anyone who knows anything about a John Doe"" secret criminal investigation ""can't talk about it.""",half-true,TV interview,Campaign Finance; County Government; Criminal Justice; Elections; Crime; Wisconsin,Tom Kertscher,"June 12, 2014",https://www.politifact.com/factchecks/2014/jun/12/scott-walker/wisconsin-law-prohibits-anyone-who-knows-about-sec/
Robin Vos,"May 30, 2014","""In the city of Milwaukee, we’ve still got a mayor and a police chief who are furloughing police officers at a time when we have violence all across the city.""",mostly-true,radio interview,City Budget; Crime; Wisconsin,James B. Nelson,"June 11, 2014",https://www.politifact.com/factchecks/2014/jun/11/robin-vos/robin-vos-says-milwaukee-furloughing-police-office/
Americans for Safe Access,"June 5, 2014","Judging by a recent vote, Rep. Debbie Wasserman Schultz ""thinks it's okay for medical marijuana patients to go to federal prison.""",mostly-false,TV ad,Criminal Justice; Drugs; Crime; Florida; Marijuana,Amy Sherman,"June 10, 2014",https://www.politifact.com/factchecks/2014/jun/10/americans-safe-access/ad-says-debbie-wasserman-schultz-wants-send-medica/
Lamar Smith,"May 31, 2014","""Last year,"" Obama ""administration officials released into our neighborhoods more than 36,000 criminal immigrants who had nearly 88,000 convictions. The crimes included hundreds of convictions for murder, rape and kidnapping and thousands of drug-related crimes.""",half-true,letter to the editor of the San Antonio Express-News,Immigration; Criminal Justice; Crime; Texas,W. Gardner Selby,"June 10, 2014",https://www.politifact.com/factchecks/2014/jun/10/lamar-smith/lamar-smith-claim-about-obamas-prison-break-illega/
Gwen Moore,"May 29, 2014","""Milwaukee has the second-highest"" number of children recovered from sex trafficking.",false,remarks on the House floor,Children; Criminal Justice; Crime; Sexuality; Wisconsin,Tom Kertscher,"June 1, 2014",https://www.politifact.com/factchecks/2014/jun/01/gwen-moore/milwaukee-among-cities-worst-child-sex-trafficking/
Pierre Thomas,"May 25, 2014","From 2000 to 2008, we averaged ""about five mass shootings a year. We're now averaging 15. So that's a three-fold increase.""",mostly-false,"broadcast of ABC's ""This Week""",Crime; PunditFact; Guns,Jon Greenberg,"May 28, 2014",https://www.politifact.com/factchecks/2014/may/28/pierre-thomas/abcs-thomas-mass-shootings-have-tripled-2000/
David A. Clarke Jr.,"May 19, 2014","Milwaukee has seen ""an uptick in violence"" since 2010, and ""the only period of calm we get is when winter sets in.""",mostly-true,news release,Criminal Justice; Crime; Wisconsin,Dave Umhoefer,"May 23, 2014",https://www.politifact.com/factchecks/2014/may/23/david-clarke-jr/sheriff-clarke-cites-violent-crime-uptick-2010/
Julián Castro,"April 15, 2014","Says Dan Patrick ""proposed Arizona-style show-me-your-papers legislation.""",true,Univision debate on immigration,Immigration; Criminal Justice; Crime; Texas,W. Gardner Selby,"May 14, 2014",https://www.politifact.com/factchecks/2014/may/14/julian-castro/dan-patrick-proposed-arizona-style-law-requiring-p/
Van Jones,"May 4, 2014","In some states, African-Americans are three times more likely to be sentenced to death than whites for the same crime.",half-true,"roundtable on ABC's ""This Week""",Criminal Justice; Crime; PunditFact,Katie Sanders,"May 7, 2014",https://www.politifact.com/factchecks/2014/may/07/van-jones/van-jones-some-states-black-defendants-are-three-t/
Tom Coburn,"May 1, 2014","The death penalty ""is a deterrent that does affect and impact people.""",mostly-false,"interview on MSNBC's ""Morning Joe""",National; Criminal Justice; Crime,Julie Kliegman,"May 6, 2014",https://www.politifact.com/factchecks/2014/may/06/tom-coburn/tom-coburn-death-penalty-deters-violent-criminals/
Dawson Hodgson,"March 27, 2014","The Rhode Island Parole Board ""never received an objection from the attorney general"" to the parole of  convicted murder Alfred Brissette.",true,TV interview,Rhode Island; Criminal Justice; Crime; Public Safety,John Hill,"April 30, 2014",https://www.politifact.com/factchecks/2014/apr/30/dawson-hodgson/dawson-hodgson-says-ri-attorney-general-peter-kilm/
Gina Raimondo,"April 3, 2014","""My Treasury team eliminated a 900-case backlog in the Crime Victim Compensation Program.""",true,website statement,Rhode Island; Criminal Justice; Crime,John Hill,"April 27, 2014",https://www.politifact.com/factchecks/2014/apr/27/gina-raimondo/raimondo-touts-having-cleared-900-claims-backlogge/
Broward County Police Benevolent Association,"April 15, 2014","""Hollywood is #1 in Broward homicides in 2013. Thanks Chief Fernandez!""",half-true,billboard,City Government; Crime; Florida,Amy Sherman,"April 22, 2014",https://www.politifact.com/factchecks/2014/apr/22/broward-county-police-benevolent-association/hollywood-had-more-homicides-any-other-city-browar/
Chris Taylor,"April 1, 2014","""Drone technology now allows an individual to be recorded in their homes by drones as small as birds and immediately uploaded to the internet.""",true,news release,Crime; Privacy Issues; Wisconsin,Dave Umhoefer,"April 9, 2014",https://www.politifact.com/factchecks/2014/apr/09/chris-taylor/bird-sized-drones-could-record-you-inside-your-hom/
Nancy Grace,"March 24, 2014","Premeditation, in murder cases like the Oscar Pistorius case, ""can be formed in the twinkling of an eye.""",mostly-false,"interview on ABC's ""Good Morning America""",Criminal Justice; Legal Issues; Crime; PunditFact,Katie Sanders,"March 31, 2014",https://www.politifact.com/factchecks/2014/mar/31/nancy-grace/nancy-grace-talks-oscar-pistorious-trial-could-pre/
NAACP,"March 3, 2014","In the U.S., ""African-Americans continue to be arrested at nearly three and one half times the rate of whites"" on marijuana charges.",true,news release,Rhode Island; Civil Rights; Criminal Justice; Drugs; Crime; Marijuana,John Hill,"March 16, 2014",https://www.politifact.com/factchecks/2014/mar/16/naacp/new-england-naacp-says-african-americans-us-are-ar/
John Morgan,"February 24, 2014","Says Cathy Jordan was ""arrested"" and dragged out of her home by ""a SWAT team of hooligans"" for using medical marijuana.",mostly-false,medical marijuana debate at the University of Tampa,Drugs; Health Care; Crime; Florida; Marijuana,Joshua Gillin,"March 13, 2014",https://www.politifact.com/factchecks/2014/mar/13/john-morgan/john-morgan-says-swat-team-hooligans-arrested-medi/
Ron Johnson,"February 18, 2014","Even though Chicago has ""the most stringent gun laws on the books,"" it still ""has the highest murder rate"" in the country.",half-true,public meeting,Crime; Government Regulation; Guns; Wisconsin,Tom Kertscher,"March 2, 2014",https://www.politifact.com/factchecks/2014/mar/02/ron-johnson/us-sen-ron-johnson-links-strict-gun-control-laws-h/
Leonidas Raptakis,"February 11, 2014","Rhode Island is ""almost dead last"" among Northeastern states in the length of time first-degree murderers must spend in prison before they’re eligible for parole.",true,news conference,Rhode Island; Criminal Justice; Legal Issues; Crime; States,John Hill,"February 22, 2014",https://www.politifact.com/factchecks/2014/feb/22/leonidas-raptakis/rep-leonidas-raptakis-ri-murderers-parole-wait-sho/
Democratic Party of Wisconsin,"January 19, 2014","A bill backed by Sean Duffy and other House Republicans ""could actually require the Internal Revenue Service to conduct audits of rape victims"" who get an abortion.",false,email,Abortion; Crime; Women; Taxes; Wisconsin,Tom Kertscher,"February 9, 2014",https://www.politifact.com/factchecks/2014/feb/09/state-democratic-party-wisconsin/could-gop-bill-targeting-abortion-require-irs-rape/
Todd Staples,"January 13, 2014","""Savings that I achieved"" helped fund cameras on the border. ""As a result, more than 21,500 arrests have been made and 46 tons of narcotics confiscated.""",half-true,campaign email blast,Immigration; Crime; State Budget; Texas,Sue Owen,"February 6, 2014",https://www.politifact.com/factchecks/2014/feb/06/todd-staples/grants-staples-agency-were-small-part-existing-bor/
Todd Staples,"January 27, 2014","David Dewhurst is ""the first lieutenant governor in history to have a personal security detail.""",mostly-true,"Texas Debate hosted by KERA-TV, Channel 13,",Candidate Biography; Homeland Security; Crime; Public Safety; State Budget; Texas,W. Gardner Selby,"January 31, 2014",https://www.politifact.com/factchecks/2014/jan/31/todd-staples/david-dewhurst-appears-be-first-lieutenant-governo/
John Cornyn,"January 10, 2014","""25% of human trafficking victims are located in Texas.""",pants-fire,online commentary,Labor; Crime; Texas,W. Gardner Selby,"January 29, 2014",https://www.politifact.com/factchecks/2014/jan/29/john-cornyn/john-cornyn-claim-misinterprets-outdated-human-tra/
Richard August,"January 12, 2014","Deer baiting, planned for Block Island by DEM, is illegal in Rhode Island.",true,Providence Journal commentary,Environment; Animals; Rhode Island; Crime; Government Regulation; Pundits; Recreation; Regulation; Guns,C. Eugene Emery Jr.,"January 26, 2014",https://www.politifact.com/factchecks/2014/jan/26/richard-august/gun-commentator-says-technique-rhode-island-plans-/
Nancy Grace,"January 14, 2014","People on pot ""shoot each other ... stab each other ... strangle each other, drive under the influence, kill families.""",mostly-false,segment on 'Nancy Grace',Drugs; Crime; PunditFact; Marijuana,Katie Sanders,"January 24, 2014",https://www.politifact.com/factchecks/2014/jan/24/nancy-grace/nancy-grace-says-pot-users-shoot-each-other-and-ki/
Desmond Meade,"January 15, 2014","Of the approximately 6 million disenfranchised felons in the United States, ""one-quarter are Floridians.""",mostly-true,"""BloggingBlackMiami"" blog post",Elections; Crime; Florida,Amy Sherman,"January 23, 2014",https://www.politifact.com/factchecks/2014/jan/23/desmond-meade/one-quarter-disenfranchised-felons-live-florida/
Ron Johnson,"January 10, 2014","""The average rate of fraud"" in the Earned Income Tax Credit, Medicare, Medicaid and food stamps programs ""is 20 to 25 percent.""",pants-fire,speech,Federal Budget; Crime; Medicaid; Medicare; Welfare; Taxes; Wisconsin,Tom Kertscher,"January 20, 2014",https://www.politifact.com/factchecks/2014/jan/20/ron-johnson/fraud-claims-20-25-cents-every-1-spent-four-govern/
David Cullen,"January 1, 2014","Action by the Milwaukee County Board will ""provide the County Executive with the same level of security as the Governor and the Mayor of Milwaukee while saving taxpayers $300,000.""",pants-fire,constituent newsletter,County Budget; County Government; Criminal Justice; Homeland Security; Crime; Wisconsin,Dave Umhoefer,"January 19, 2014",https://www.politifact.com/factchecks/2014/jan/19/david-cullen/cullen-says-abele-security-detail-equals-those-gov/
Jake Tapper,"January 2, 2014","""The Obama administration has used the Espionage Act to go after whistleblowers who leaked to journalists ... more than all previous administrations combined.""",true,"broadcast of CNN's ""The Lead with Jake Tapper""",Homeland Security; Legal Issues; Crime; PunditFact,Jon Greenberg,"January 10, 2014",https://www.politifact.com/factchecks/2014/jan/10/jake-tapper/cnns-tapper-obama-has-used-espionage-act-more-all-/
Atlanta Police Foundation,"December 17, 2013","""Crime in Atlanta is down 18 percent since 2009.""",true,flier to supporters,Georgia; Crime,Nancy Badertscher,"January 10, 2014",https://www.politifact.com/factchecks/2014/jan/10/atlanta-police-foundation/police-foundation-target/
Glenn Greenwald,"January 2, 2014","""Under the Espionage Act, (Edward Snowden would not be) allowed to come into court and say ‘I was justified in disclosing this information.’ There is no whistleblower exception in the Espionage Act.""",mostly-true,"broadcast of CNN's ""The Lead""",Homeland Security; Legal Issues; Crime; Foreign Policy; PunditFact,Jon Greenberg,"January 7, 2014",https://www.politifact.com/factchecks/2014/jan/07/glenn-greenwald/greenwald-nsa-leaker-snowden-has-no-whistleblower-/
For Our Daughters RI,"January 2, 2014","""Earlier this year, [John DePetro] was accused of sexually assaulting a female co-worker.""",pants-fire,online petition,Rhode Island; Legal Issues; Crime; Pundits; Unions; Women,C. Eugene Emery Jr.,"January 5, 2014",https://www.politifact.com/factchecks/2014/jan/05/our-daughters-ri/union-groups-petition-says-talk-show-host-john-dep/
Brett Smiley,"December 19, 2013","""Of all cities in the United States with more than 100,000 people, Providence is the 183rd safest.""",mostly-true,campaign speech,Rhode Island; Crime,John Hill,"December 30, 2013",https://www.politifact.com/factchecks/2013/dec/30/brett-smiley/mayoral-candidate-brett-smiley-says-providence-183/
Physicians Committee for Responsible Medicine,"December 11, 2013","""Rhode Island’s teen binge drinking rate is double the national average.""",false,advertisement,Alcohol; Rhode Island; Children; Crime; Public Health; Public Safety,John Hill,"December 22, 2013",https://www.politifact.com/factchecks/2013/dec/22/physicians-committee-responsible-medicine/physicians-committee-responsible-medicine-says-rho/
Pete Sessions,"December 15, 2013","Federal law for Obamacare navigators ""does not bar — or even require screening for — convicted felons, including individuals convicted of identity theft or fraud.""",half-true,oped column,Criminal Justice; Health Care; Crime; Texas,W. Gardner Selby,"December 20, 2013",https://www.politifact.com/factchecks/2013/dec/20/pete-sessions/obamacare-law-didnt-mandate-background-checks-navi/
Michael Chippendale,"December 3, 2013","""The vast, overwhelming majority of [crimes that occur with a firearm] are committed by people who don’t legally possess that firearm in the first place.""",mostly-true,radio interview,Rhode Island; Criminal Justice; Crime; Guns,C. Eugene Emery Jr.,"December 15, 2013",https://www.politifact.com/factchecks/2013/dec/15/michael-chippendale/rhode-island-rep-michael-chippendale-says-most-cri/
Dan Gelber,"November 26, 2013","Gov. Charlie Crist ""sought for and got approved the automatic restoration of felon rights for nonviolent offenders for the first time in Florida history.""",false,Charlie Crist's campaign website,Civil Rights; Elections; Crime; Florida,Amy Sherman,"December 12, 2013",https://www.politifact.com/factchecks/2013/dec/12/dan-gelber/dan-gelber-says-charlie-crist-got-approved-automat/
Jerry Patterson,"November 19, 2013","""Firearms homicides are down about 40 percent"" since Texas passed concealed-gun permit law.",mostly-true,online campaign video,Civil Rights; Crime; Guns; Texas,Sue Owen,"November 27, 2013",https://www.politifact.com/factchecks/2013/nov/27/jerry-patterson/texas-firearm-homicide-rate-down-least-one-third-1/
Allen West,"November 25, 2013","""Black people kill more black people every six months than the KKK did in 86 years.""",half-true,comments on his blog,History; Crime; PunditFact,Jon Greenberg,"November 27, 2013",https://www.politifact.com/factchecks/2013/nov/27/allen-west/allen-west-more-black-black-murders-six-months-86-/
Larry Ashley,"November 7, 2013","""Florida sheriffs unequivocally support"" the ""stand your ground"" law.",mostly-false,Florida House criminal justice subcommittee hearing,Legal Issues; Crime; Florida; Guns,Amy Sherman,"November 15, 2013",https://www.politifact.com/factchecks/2013/nov/15/larry-ashley/florida-sheriffs-unequivocally-support-stand-your-/
Ted Cruz,"November 8, 2013","""Under President (George W.) Bush, prosecution of gun crimes was 30 percent higher than it is under President Obama.""",mostly-false,"an interview on the ""Tonight Show""",National; Bush Administration; Crime; Guns,Julie Kliegman,"November 15, 2013",https://www.politifact.com/factchecks/2013/nov/15/ted-cruz/ted-cruz-says-gun-prosecutions-down-under-obama/
Gail  Collins,"October 3, 2013","Louie Gohmert of Texas ""blamed the mass shooting at a movie theater in Colorado on ‘the ongoing attacks on Judeo-Christian beliefs.'""",mostly-false,her opinion column,Crime; Pundits; Religion; Texas,W. Gardner Selby,"October 10, 2013",https://www.politifact.com/factchecks/2013/oct/10/gail-collins/texas-congressman-mentioned-attacks-christian-beli/
Steve Lonegan,"September 23, 2013","""Violent crime is up since the last year of Sharpe James’ administration. This year it’s higher. … The unemployment rate is almost 15 percent. The high school dropout rate is over 50 percent.""",half-true,interview on the John Gambling radio show,New Jersey; Education; Jobs; Crime,Caryn Shinske,"October 10, 2013",https://www.politifact.com/factchecks/2013/oct/10/steve-lonegan/steve-lonegan-claims-violent-crime-newark-also-cit/
X posts,"October 4, 2013",The Obama administration shut down the Amber Alert program because of the government shutdown.,false,messages on Twitter,National; Children; Federal Budget; Crime,Jon Greenberg,"October 7, 2013",https://www.politifact.com/factchecks/2013/oct/07/tweets/tweets-and-bloggers-say-obama-used-shutdown-close-/
Gwen Moore,"September 29, 2013","Domestic violence ""is seen as a pre-existing"" health condition and ""women had to pay 50 percent more for health care because of gender ratings,"" but under Obamacare, ""all of that is over.""",half-true,interview,Health Care; Crime; Government Regulation; Women; Wisconsin,Tom Kertscher,"October 6, 2013",https://www.politifact.com/factchecks/2013/oct/06/gwen-moore/obamacare-stop-domestic-violence-pre-existing-cond/
City of Atlanta,"September 23, 2013",The crime rate in some Atlanta neighborhoods has dropped by 35 to 51 percent.,false,press release,Georgia; Crime,Eric Stirgus,"October 2, 2013",https://www.politifact.com/factchecks/2013/oct/02/city-atlanta/atlanta-erred-claim-drop-crime/
Eddie Bernice  Johnson,"August 8, 2013","""Studies have shown that voter fraud is non-existent in Texas.""",false,opinion column,Elections; Crime; Texas,Sue Owen,"September 13, 2013",https://www.politifact.com/factchecks/2013/sep/13/eddie-bernice-johnson/voter-fraud-occurs-texas-though-convictions-and-gu/
Doug Whitsett,"August 16, 2013","""Over the past twenty years, the number of homicides committed with a firearm in the United States has decreased by nearly 40 percent. The number of other crimes involving the use of a firearm has also plummeted, declining by nearly 70 percent.""",true,guest column,Oregon; Crime; Guns,Janie Har,"September 7, 2013",https://www.politifact.com/factchecks/2013/sep/07/doug-whitsett/have-gun-related-homicides-other-serious-crimes-de/
Mike Huckabee,"August 20, 2013","""America’s gun-related homicide rate … would be about the same as Belgium’s if you left out California, Illinois, D.C. and New Jersey, places with some of the strictest gun control laws in the U.S.""",pants-fire,Facebook post,National; Crime; Pundits; Guns,Louis Jacobson,"August 29, 2013",https://www.politifact.com/factchecks/2013/aug/29/mike-huckabee/mike-huckabee-says-if-you-cut-out-high-gun-homicid/
David Dewhurst,"August 3, 2013","""I am every year the No.1 pick of all of the law enforcement agencies within Texas.""",false,"telephone call to the Allen, Texas, police department.",Candidate Biography; Criminal Justice; Crime; Texas,W. Gardner Selby,"August 27, 2013",https://www.politifact.com/factchecks/2013/aug/27/david-dewhurst/dewhurst-claim-misses-his-annually-being-no-1-pick/
Michael Bloomberg,"August 18, 2013","""New York is the safest big city in the nation, and our crime reductions have been steeper than any other big city’s.""",mostly-true,op-ed,National; Criminal Justice; Crime; Urban,Louis Jacobson,"August 26, 2013",https://www.politifact.com/factchecks/2013/aug/26/michael-bloomberg/michael-bloomberg-says-new-york-safest-big-city-us/
Steve Lonegan,"August 15, 2013","Says under Mayor Cory Booker, Newark has seen ""violent crime up five years in a row, murder up five years in a row.""",half-true,radio interview on “Focal Point with Bryan Fischer”,New Jersey; Crime,Bill Wichert,"August 25, 2013",https://www.politifact.com/factchecks/2013/aug/25/steve-lonegan/cory-booker-has-overseen-five-years-row-increases-/
Wendy Davis,"July 15, 2013","Says that each year, about 25,000 American women become pregnant through rape or incest.",half-true,opinion article,Abortion; Crime; Texas,Sue Owen,"August 15, 2013",https://www.politifact.com/factchecks/2013/aug/15/wendy-davis/surveys-show-wide-disagreement-number-rape-related/
Bill Foster,"August 14, 2013","""Sixty percent of the auto thefts that we have in (St. Petersburg) are caused by people leaving their keys in the car.""",true,mayoral forum,Crime; Florida,Julie Kliegman,"August 14, 2013",https://www.politifact.com/factchecks/2013/aug/14/bill-foster/60-percent-st-petersburg-car-thefts-due-keys-left-/
Lone Star Project,"July 14, 2013","Says Greg Abbott ""converted over $1 million in federal grant money intended for use to prosecute online sexual predators and other cyber crimes and instead used it to harass and prosecute senior citizens who were assisting other senior citizens in applying for mail-in ballots.""",false,blog post.,Criminal Justice; Elections; Legal Issues; Crime; Texas,W. Gardner Selby,"August 2, 2013",https://www.politifact.com/factchecks/2013/aug/02/lone-star-project/democratic-group-says-abbott-misspent-1-million-pl/
Dan Patrick,"June 27, 2013","Says the 2014-15 state budget ""cut border security and funding to fight criminal gangs.""",mostly-false,campaign video,Immigration; Crime; State Budget; Texas,Sue Owen,"August 2, 2013",https://www.politifact.com/factchecks/2013/aug/02/dan-patrick/dan-patrick-says-2014-15-state-budget-cut-border-s/
Dream Defenders,"July 22, 2013","""Over 12,000 school kids were arrested in Florida. It makes Florida the nation's leader in that area.""",half-true,"meeting with Wansley Walters, Florida Department of Juvenile Justice Secretary",Children; Education; Crime; Florida,Amy Sherman,"July 30, 2013",https://www.politifact.com/factchecks/2013/jul/30/dream-defenders/over-12000-school-kids-were-arrested-florida-it-ma/
Newt Gingrich,"July 21, 2013","""Gangs have increased by 40 percent since this president was elected.""",half-true,"roundtable discussion on CNN's ""State of the Union""",National; Crime; Pundits,Louis Jacobson,"July 24, 2013",https://www.politifact.com/factchecks/2013/jul/24/newt-gingrich/newt-gingrich-says-gangs-have-increased-40-percent/
Jesse  Jackson,"July 18, 2013","""Homicides against blacks have tripled"" since Florida’s ""stand your ground"" law has been in existence.",false,interview on CNN,Criminal Justice; Crime; Race and Ethnicity; Florida,Amy Sherman,"July 24, 2013",https://www.politifact.com/factchecks/2013/jul/24/jesse-jackson/homicides-blacks-have-tripled-stand-your-ground-wa/
Instagram posts,"July 21, 2013","Dozens of artists, including Justin Timberlake, Jay Z and Rihanna, are canceling Florida shows like Stevie Wonder in protest of  ""stand your ground.""",false,Instagram posts,Crime; Florida,Katie Sanders,"July 23, 2013",https://www.politifact.com/factchecks/2013/jul/23/instagram-posts/are-jay-z-justin-timberlake-and-rihanna-joining-st/
Bill Foster,"July 9, 2013","""Since I was elected, crime rates have been at their lowest in over a decade.""",mostly-true,campaign brochure,Crime; Florida,Katie Sanders,"July 19, 2013",https://www.politifact.com/factchecks/2013/jul/19/bill-foster/bill-foster-says-st-petersburg-crime-rates-have-be/
X posts,"July 14, 2013","""In the 513 days between Trayvon dying, and today’s verdict, 11,106 African-Americans have been murdered by other African-Americans.""",mostly-false,tweets,Crime; Florida,Amy Sherman,"July 17, 2013",https://www.politifact.com/factchecks/2013/jul/17/tweets/look-statistic-blacks-and-murder/
Kathleen Ford,"June 27, 2013","""Private prison systems are calculating how many new beds (they will need) based on the ... number of third graders.""",pants-fire,mayoral forum,Education; Crime; Florida,Katie Sanders,"July 16, 2013",https://www.politifact.com/factchecks/2013/jul/16/kathleen-ford/kathleen-ford-says-private-prisons-use-third-grade/
Gabrielle Giffords,"July 1, 2013","""In New Hampshire, 93 percent of Democrats, 79 percent of Republicans, 82 percent of gun owners and 60 percent of NRA households support background checks.""",mostly-true,op-ed,National; Civil Rights; Crime; Guns,Becky Bowers,"July 8, 2013",https://www.politifact.com/factchecks/2013/jul/08/gabrielle-giffords/gabrielle-giffords-says-nh-republicans-gun-owners-/
Joseph McNamara,"June 28, 2013","Rhode Island's graduated driving license ""has saved hundreds of lives.""",false,speech on the floor of the Rhode Island House of Representatives,Rhode Island; Children; Crime; Public Safety; Regulation,C. Eugene Emery Jr.,"July 7, 2013",https://www.politifact.com/factchecks/2013/jul/07/joseph-mcnamara/rep-joseph-mcnamara-says-graduated-license-require/
David A. Clarke Jr.,"June 22, 2013","""When I was growing up as a kid in the city of Milwaukee, if we averaged 4 homicides a year in the entire city that was a record number.""",false,speech,Crime; Guns; Wisconsin,Dave Umhoefer,"July 3, 2013",https://www.politifact.com/factchecks/2013/jul/03/david-clarke-jr/milwaukee-county-sheriff-david-clarke-says-4-homic/
Bloggers,"June 21, 2013","""There are over 2,000 crimes recorded per 100,000 population in the U.K.,"" compared to ""466 violent crimes per 100,000"" in the United States.",false,meme on social media,National; Crime; Foreign Policy; Guns,Louis Jacobson,"June 24, 2013",https://www.politifact.com/factchecks/2013/jun/24/blog-posting/social-media-post-says-uk-has-far-higher-violent-c/
Michael McCaul,"June 5, 2013","Says the Obama administration plans to reduce the number of beds devoted to holding individuals violating immigration laws and to ""release hundreds of dangerous criminals into our communities.""",mostly-false,U.S. House floor debate.,Immigration; Criminal Justice; Crime; Texas,W. Gardner Selby,"June 21, 2013",https://www.politifact.com/factchecks/2013/jun/21/michael-mccaul/mccaul-said-obama-administration-plans-reduce-dete/
Peter Roskam,"June 12, 2013","""Worldwide credit card transactions, the credit card fraud rate is 0.04 percent, compared to almost 8 percent, 9 percent, 10 percent of Medicare fraud.""",mostly-true,interview with Fox News,National; Crime; Medicare,Jon Greenberg,"June 17, 2013",https://www.politifact.com/factchecks/2013/jun/17/peter-roskam/rep-roskam-says-medicare-fraud-rate-8-10-percent/
Harold Metts,"June 6, 2013","""Rhode Island has a [inmate] recidivism rate of over 60 percent.""",mostly-true,speech on the floor of the Rhode Island Senate,Rhode Island; Criminal Justice; Economy; Crime,C. Eugene Emery Jr.,"June 16, 2013",https://www.politifact.com/factchecks/2013/jun/16/harold-metts/state-sen-harold-metts-says-more-60-percent-inmate/
Peter Nightingale,"May 8, 2013","""The UK has an unarmed police force and a firearm fatality rate that is 40 times lower per capita than in the U.S.""",mostly-true,web commentary,Rhode Island; Criminal Justice; Education; Crime; Public Safety; Guns,Michael  McKinney,"May 31, 2013",https://www.politifact.com/factchecks/2013/may/31/peter-nightingale/university-rhode-island-professor-says-united-king/
Veronica Escobar,"May 22, 2013","Says El Paso is the ""safest city of our size in the nation.""",half-true,telephone conference call with reporters.,Immigration; City Government; Crime; Texas,W. Gardner Selby,"May 30, 2013",https://www.politifact.com/factchecks/2013/may/30/veronica-escobar/el-paso-leader-says-el-paso-safest-city-its-size-c/
Tavern League of Wisconsin,"May 14, 2013",A 0.05 standard for drunken driving means having a glass of wine at dinner could make a person drunk.,mostly-true,interview,Alcohol; Criminal Justice; Crime; Public Safety; Transportation; Wisconsin,Tom Kertscher,"May 17, 2013",https://www.politifact.com/factchecks/2013/may/17/tavern-league-wisconsin/005-glass-wine-could-make-person-legally-drunk-wis/
John DePetro,"May 10, 2013","Boston Marathon bombing suspect Tamerlan Tsarnaev is buried ""not far"" from President Kennedy’s grave.",pants-fire,comment on WPRO radio.,Rhode Island; History; Islam; Crime; Pundits; Religion; Terrorism,C. Eugene Emery Jr.,"May 17, 2013",https://www.politifact.com/factchecks/2013/may/17/john-depetro/talk-radio-host-john-depetro-says-boston-marathon-/
Joee Lindbeck,"April 11, 2013","""Two years ago Providence alone spent $50,000 a year notifying the school department"" about residents in the state's sex offender registry.",half-true,House Finance Committee hearing,Rhode Island; Children; Criminal Justice; Crime,C. Eugene Emery Jr.,"May 12, 2013",https://www.politifact.com/factchecks/2013/may/12/joee-lindbeck/assistant-attorney-general-joee-lindbeck-says-prov/
Peter  Palumbo,"April 11, 2013","In Cranston, it costs $5,000 to $6,000 to send out community notifications on just one Level 3 sex offender.",false,House Finance Committee hearing,Rhode Island; Children; Criminal Justice; Crime,C. Eugene Emery Jr.,"May 12, 2013",https://www.politifact.com/factchecks/2013/may/12/peter-palumbo/ri-state-rep-peter-palumbo-says-it-costs-5000-6000/
Ed Doyle,"April 25, 2013","Proposed gun control legislation ""will outlaw practically every firearm, make you pay $100 per firearm, put you into a police database"" and make it ""nearly impossible"" to get a permit to carry a concealed weapon.",mostly-false,news release and Facebook post,Rhode Island; Criminal Justice; Crime; Government Regulation; Regulation; Guns,C. Eugene Emery Jr.,"May 5, 2013",https://www.politifact.com/factchecks/2013/may/05/ed-doyle/gun-rights-advocate-says-proposed-rhode-island-law/
Ed FitzGerald,"April 19, 2013","""Ohioans want an end to pay-to-play politics.""",false,email announcing his gubernatorial campaign kickoff,Ohio; Criminal Justice; Ethics; Crime,Henry J.  Gomez,"May 2, 2013",https://www.politifact.com/factchecks/2013/may/02/ed-fitzgerald/ed-fitzgerald-accuses-gov-john-kasich-pay-play-pol/
Jack Ohman,"April 25, 2013","Says the fertilizer plant that exploded in West, Texas,""had not been inspected by the state of Texas since 2006.""",false,column on an editorial cartoon.,Economy; Crime; Public Safety; Public Service; Texas,W. Gardner Selby,"May 1, 2013",https://www.politifact.com/factchecks/2013/may/01/jack-ohman/california-editorial-cartoonist-says-state-texas-l/
Kirsten Gillibrand,"April 23, 2013","""One in five"" women in the military ""are receiving unwanted sexual contact,"" as are ""3.3 percent of men.""",mostly-true,interview with MSNBC,National; Crime; Military; Women,Louis Jacobson,"April 29, 2013",https://www.politifact.com/factchecks/2013/apr/29/kirsten-gillibrand/kirsten-gillibrand-says-one-five-military-women-3-/
Linda Finn,"April 12, 2013","Right now, if Rhode Island police come across a young person with a gun, ""they really don't legally have the right to take it away from them.""",half-true,TV interview,Rhode Island; Criminal Justice; Legal Issues; Crime; Guns,Michael  McKinney,"April 23, 2013",https://www.politifact.com/factchecks/2013/apr/23/linda-finn/state-rep-linda-finn-says-rhode-island-police-who-/
Ohio Public Defender's Office,"April 12, 2013","""The sex-offender registry has been around for a long time, and the research that's out there says that it has no positive impact on the public safety.""",mostly-true,newspaper interview,Ohio; Crime,Tom Feran,"April 22, 2013",https://www.politifact.com/factchecks/2013/apr/22/ohio-public-defenders-office/ohio-public-defenders-office-says-sex-offender-reg/
John Duncan,"April 13, 2013","""Well over 90 percent of felony cases, all over the nation, are committed by defendants who grew up in father-absent households.""",mostly-false,letter to a constituent,National; Children; Families; Legal Issues; Crime,Louis Jacobson,"April 18, 2013",https://www.politifact.com/factchecks/2013/apr/18/john-duncan/rep-john-duncan-jr-says-90-percent-felons-grew-fat/
Arizona Citizens Defense League,"April 10, 2013","Says a gun bill before the Senate would make it a federal felony to ""leave town for more than seven days, and leave someone else at home with your firearms.""",half-true,email to supporters,National; Civil Rights; Criminal Justice; Crime; Guns,Becky Bowers,"April 16, 2013",https://www.politifact.com/factchecks/2013/apr/16/Arizona-Citizens-Defense-League/gun-rights-group-says-bill-would-criminalize-leavi/
American Bird Conservancy,"March 29, 2013","A proposed bill in the Florida Legislature ""would authorize the public hoarding of cats by feral cat activists.""",half-true,press release,Animals; Crime; Florida,Amy Sherman,"April 16, 2013",https://www.politifact.com/factchecks/2013/apr/16/american-bird-conservancy/bird-group-cries-foul-about-feral-cat-bill/
Ban the Box RI,"March 20, 2013","""In Rhode Island, 28 percent of adults released from state prisons are re-incarcerated within a year.""",true,video posted on YouTube,Rhode Island; Criminal Justice; Economy; Jobs; Legal Issues; Crime; Government Regulation; Public Safety; Privacy Issues,Michael  McKinney,"April 15, 2013",https://www.politifact.com/factchecks/2013/apr/15/ban-the-box-ri/video-says-28-percent-adults-released-rhode-island/
Facebook posts,"March 15, 2013","""Harvard Study Finds States With Most Gun Laws Have Fewest Gun Deaths.""",half-true,Facebook post,Rhode Island; Criminal Justice; Crime; Public Safety; Guns,C. Eugene Emery Jr.,"April 10, 2013",https://www.politifact.com/factchecks/2013/apr/10/facebook-posts/facebook-post-ignores-caveats-citing-harvard-study/
Rahm Emanuel,"April 2, 2013","Says in Chicago, ""we take more guns off the streets than New York or L.A.""",true,CNN interview,National; Crime; Guns,Becky Bowers,"April 9, 2013",https://www.politifact.com/factchecks/2013/apr/09/rahm-emanuel/mayor-rahm-emanuel-says-chicago-takes-more-guns-st/
B. Heath Mitchell,"April 2, 2013","The city of Nelson, Ga., is ""quieter than Mayberry.""",half-true,newspaper article,Georgia; Crime; Guns,Janel Davis,"April 8, 2013",https://www.politifact.com/factchecks/2013/apr/08/b-heath-mitchell/it-takes-lot-live-mayberry/
Kirk Watson,"March 19, 2013",Says carbon monoxide is still employed to euthanize dogs and cats in 29 Texas animal shelters.,true,news article.,Animals; Crime; Texas,W. Gardner Selby,"April 3, 2013",https://www.politifact.com/factchecks/2013/apr/03/kirk-watson/kirk-watson-says-29-texas-cities-use-carbon-monoxi/
Scott Henson,"February 25, 2013","Says Texas has ""11 different felonies you can commit with an oyster.""",mostly-true,interview.,Criminal Justice; Food Safety; Crime; Texas,W. Gardner Selby,"March 27, 2013",https://www.politifact.com/factchecks/2013/mar/27/scott-henson/scott-henson-says-texas-has-11-different-felonies-/
Jim Moran,"February 27, 2013","Says Virginia, Florida and Georgia are the three states that are the principal source for gun trafficking.",mostly-true,House debate,Georgia; Crime; Guns,Janel Davis,"March 20, 2013",https://www.politifact.com/factchecks/2013/mar/20/jim-moran/congressman-says-3-states-lead-nation-gun-traffick/
Edward  Flynn,"March 1, 2013","Research found that ""over the course of the existence of the Brady Bill ban, the use of assault weapons in crimes decreased by two thirds.""",half-true,TV interview,Criminal Justice; Crime; Guns; Wisconsin,Dave Umhoefer,"March 11, 2013",https://www.politifact.com/factchecks/2013/mar/11/edward-flynn/milwaukee-police-chief-edward-flynn-says-use-assau/
Paul  Howard,"February 17, 2013","""In Atlanta, since 1994 when the ‘Seven Deadly Sins’ (mandatory minimum sentences) took effect, the violent crime rate has dropped 62 percent.""",mostly-true,news story,Georgia; Criminal Justice; Crime,Janel Davis,"March 5, 2013",https://www.politifact.com/factchecks/2013/mar/05/paul-howard/numbers-right-about-sentencing-cause-elusive/
Carolyn Medeiros,"February 18, 2013","""There's a tax credit of $2,400 to bond [former inmates] that an employer would get for hiring a convicted felon. There's a federal bonding program -- you can get $5,000 to $25,000 in federal money to hire a convicted felon. And there's federal grants for felons to set up their own small businesses.""",mostly-false,radio interview,Rhode Island; Civil Rights; Criminal Justice; Economy; Crime; Poverty; Public Safety; Workers,C. Eugene Emery Jr.,"March 3, 2013",https://www.politifact.com/factchecks/2013/mar/03/carolyn-medeiros/leader-alliance-safe-communities-says-employers-ca/
Kasim Reed,"February 13, 2013",Felony crimes in the city of Atlanta are the lowest they have been since 1969.,true,speech,Georgia; Crime,Eric Stirgus,"February 26, 2013",https://www.politifact.com/factchecks/2013/feb/26/kasim-reed/mayor-says-felonies-atlanta-lowest-decades/
Barack Obama,"February 19, 2013","If the sequester hits, federal prosecutors will have to ""let criminals go.""",mostly-false,speech,National; Criminal Justice; Federal Budget; Legal Issues; Crime,Louis Jacobson,"February 22, 2013",https://www.politifact.com/factchecks/2013/feb/22/barack-obama/barack-obama-says-sequester-could-force-prosecutor/
Wayne LaPierre,"February 13, 2013","""Phoenix is already one of the kidnapping capitals of the world.""",false,op-ed,National; Crime,Louis Jacobson,"February 19, 2013",https://www.politifact.com/factchecks/2013/feb/19/wayne-lapierre/wayne-lapierre-says-phoenix-one-kidnapping-capital/
Barack Obama,"February 12, 2013","Says ""overwhelming majorities of Americans"" support gun legislation ""like background checks.""",mostly-true,State of the Union Address,National; Civil Rights; Crime; Guns,Becky Bowers,"February 13, 2013",https://www.politifact.com/factchecks/2013/feb/13/barack-obama/president-barack-obama-says-overwhelming-majority-/
Mayors Against Illegal Guns,"January 23, 2013","In 2009, the FBI ""referred more than 71,000"" cases of people failing background checks when trying to buy a gun to another federal agency, ""but U.S. attorneys ultimately prosecuted only 77 of them.""",half-true,website post,Criminal Justice; Crime; Government Regulation; Guns; Wisconsin,Tom Kertscher,"February 3, 2013",https://www.politifact.com/factchecks/2013/feb/03/mayors-against-illegal-guns/us-files-criminal-charges-fraction-gun-denial-case/
Wayne LaPierre,"January 30, 2013","""As a result of National Rifle Association and other private-sector (safety-education) programs, fatal firearms accidents are at the lowest level in 100 years.""",half-true,testimony before the Senate Judiciary Committee,National; Crime; Guns,Louis Jacobson,"February 1, 2013",https://www.politifact.com/factchecks/2013/feb/01/wayne-lapierre/wayne-lapierre-nra-says-fatal-firearms-accidents-a/
Stephen King,"January 25, 2013","Says since Australia passed tough gun laws, ""homicides by firearm have declined almost 60 percent.""",mostly-true,"Kindle Single essay, 'Guns'",National; Crime; Government Regulation; Public Safety; Guns,Becky Bowers,"January 31, 2013",https://www.politifact.com/factchecks/2013/jan/31/stephen-king/stephen-king-says-australia-cracked-down-guns-homi/
David A. Clarke Jr.,"January 25, 2013","""I had to lay off 48 people last year,"" which has exacerbated the lack of law enforcement officers in the county that respond quickly to crime calls.",mostly-false,radio interview,County Budget; County Government; Criminal Justice; Crime; Guns; Wisconsin,Tom Kertscher,"January 31, 2013",https://www.politifact.com/factchecks/2013/jan/31/david-clarke-jr/calling-citizens-get-gun-training-milwaukee-county/
Greg Abbott,"January 3, 2013","Says according to the FBI, more people are killed each year with hammers and clubs than rifles.",true,tweet,Crime; Guns; Texas,Sue Owen,"January 30, 2013",https://www.politifact.com/factchecks/2013/jan/30/greg-abbott/greg-abbott-says-according-fbi-more-people-are-kil/
Dianne Feinstein,"January 27, 2013","""One out of every five law enforcement officers that's killed is killed with an assault weapon.""",mostly-true,"interview on CBS' ""Face the Nation""",National; Crime; Guns,Louis Jacobson,"January 29, 2013",https://www.politifact.com/factchecks/2013/jan/29/dianne-feinstein/dianne-feinstein-says-one-five-law-enforcement-off/
Marco Rubio,"January 17, 2013","""Washington, D.C., had some of the strictest gun laws in the country. And when they passed them, violence skyrocketed.""",half-true,interview on Fox News,National; Criminal Justice; Drugs; Crime; Government Regulation; Public Safety; Guns,Becky Bowers,"January 28, 2013",https://www.politifact.com/factchecks/2013/jan/28/marco-rubio/marco-rubio-says-after-dc-passed-gun-laws-viol/
Jackie Speier,"January 15, 2013","""Even members of the NRA, when they were polled recently, were under the impression that everyone has a criminal background check.""",mostly-true,MSNBC interview,National; Civil Rights; Crime; Guns,Becky Bowers,"January 23, 2013",https://www.politifact.com/factchecks/2013/jan/23/jackie-speier/rep-jackie-speier-says-poll-shows-nra-members-beli/
John  Kitzhaber,"January 14, 2013","""It costs $10,000 a year to keep a child in school; it costs $30,000 a year to keep someone in prison.""",true,State of the State speech,Oregon; Education; Crime; Public Safety; State Budget,Janie Har,"January 18, 2013",https://www.politifact.com/factchecks/2013/jan/18/john-kitzhaber/does-oregon-spend-10000-year-student-30000-inmate/
Providence City Council,"January 3, 2013","""Semi-automatic weapons, whether pistol or rifle, were designed for use by the military on the battlefield.""",false,council resolution,Rhode Island; Criminal Justice; Crime; Government Regulation; Military; Public Health; Recreation; Regulation; Guns,C. Eugene Emery Jr.,"January 16, 2013",https://www.politifact.com/factchecks/2013/jan/16/providence-city-council/providence-city-council-resolution-claims-semi-aut/
Gwen Moore,"December 11, 2012","Since the federal Violence Against Women Act was adopted in 1994, ""cases of domestic violence have fallen by 67 percent.""",mostly-true,letter to congressional leadership,Criminal Justice; Crime; Women; Wisconsin,Tom Kertscher,"January 13, 2013",https://www.politifact.com/factchecks/2013/jan/13/gwen-moore/94-law-domestic-violence-down-two-thirds-us-democr/
Pardeep Kaleka,"December 17, 2012","""Every day, 34 Americans are murdered with guns.""",mostly-true,online video,Criminal Justice; Crime; Government Regulation; Guns; Wisconsin,Tom Kertscher,"January 9, 2013",https://www.politifact.com/factchecks/2013/jan/09/pardeep-kaleka/son-sikh-temple-mass-shooting-victim-34-gun-murder/
Facebook posts,"December 16, 2012","""Switzerland (where the government) issues every household a gun . . . has the lowest gun related crime rate of any civilized country in the world!!!""",pants-fire,Facebook posting,Rhode Island; Crime; Government Regulation; Military; Regulation; Guns,C. Eugene Emery Jr.,"January 6, 2013",https://www.politifact.com/factchecks/2013/jan/06/facebook-posts/facebook-posting-says-gun-rich-swiss-have-lowest-f/
Cory Booker,"December 23, 2012","""You see 34 people (are) murdered every single day"" by gunfire in America.",mostly-true,"roundtable discussion on ABC’s ""This Week with George Stephanopoulos""",New Jersey; Crime; Guns,Bill Wichert,"December 27, 2012",https://www.politifact.com/factchecks/2012/dec/27/cory-booker/cory-booker-says-34-americans-are-killed-guns-ever/
Facebook posts,"December 15, 2012","""Last year, handguns killed 48 people in Japan, 8 in Great Britain, 34 in Switzerland, 52 in Canada, 58 in Israel, 21 in Sweden, 42 in West Germany and 10,728 in the United States.""",half-true,internet message,Rhode Island; Crime; Government Regulation; Guns,C. Eugene Emery Jr.,"December 23, 2012",https://www.politifact.com/factchecks/2012/dec/23/facebook-posts/facebook-posting-handgun-deaths-has-out-date-numbe/
Mike DeWine,"November 14, 2012","""A man using bath salts reported that raccoons had set fire inside his home and stolen his cell phone.""",true,news conference,Ohio; Criminal Justice; Drugs; Crime,Joe Guillen,"December 7, 2012",https://www.politifact.com/factchecks/2012/dec/07/mike-dewine/mike-dewine-says-abuse-bath-salts-led-man-make-biz/
David Cicilline,"October 23, 2012","""The truth is David Cicilline voted for tougher laws against child abusers, domestic abusers and abusers of the elderly.""",true,TV ad,Rhode Island; Children; Crime; Message Machine 2012; Voting Record,John Hill,"October 30, 2012",https://www.politifact.com/factchecks/2012/oct/30/david-cicilline/us-rep-david-cicilline-says-he-voted-tougher-laws-/
Jesse Ventura,"September 14, 2012","""There’s 21 congressmen and senators that have been convicted of felonies that still get their retirement, even in jail. They don’t have to wait until they’re 65.""",mostly-true,interview on MyCentralJersey.com,New Jersey; Congress; Crime; Pensions; Retirement,Caryn Shinske,"October 25, 2012",https://www.politifact.com/factchecks/2012/oct/25/jesse-ventura/jesse-ventura-says-convicted-congressmen-senators-/
David Cicilline,"October 16, 2012","""While I was mayor of the city of Providence we had the lowest crime rate in 30 years.""",true,debate,Rhode Island; Crime,C. Eugene Emery Jr.,"October 21, 2012",https://www.politifact.com/factchecks/2012/oct/21/david-cicilline/providence-crime-rates-during-david-cicilline-admi/
Oregon Senate Republicans (The Leadership Fund),"October 12, 2012","Laurie Monnes Anderson ""voted to let violent criminals out of jail early.""",mostly-true,campaign mailer,Oregon; Criminal Justice; Crime; Voting Record,Janie Har,"October 19, 2012",https://www.politifact.com/factchecks/2012/oct/19/oregon-senate-republicans/did-laurie-monnes-anderson-vote-let-violent-crimin/
Shelley Adler,"October 10, 2012","Says Rep. Jon Runyan ""voted to redefine rape.""",false,campaign event,Abortion; New Jersey; Crime; Voting Record; Women,Erin O'Neill,"October 18, 2012",https://www.politifact.com/factchecks/2012/oct/18/shelley-adler/shelley-adler-claims-jon-runyan-voted-redefine-rap/
Allen West,"October 8, 2012","Says Patrick Murphy is trying to ""hide his drunken assault of a police officer.""",mostly-false,ad,Alcohol; Candidate Biography; Crime; Florida,Amy Sherman,"October 16, 2012",https://www.politifact.com/factchecks/2012/oct/16/allen-west/allen-west-attacks-patrick-murphy-drunken-assault-/
Patrick Murphy,"October 2, 2012","An Army report stated Allen West ""performed illegal acts, merited court martial, faced 11 years in prison.'""",half-true,ad,Candidate Biography; Iraq; Crime; Military; Florida,Aaron Sharockman,"October 16, 2012",https://www.politifact.com/factchecks/2012/oct/16/patrick-murphy/patrick-murphy-attacks-allen-west-military-investi/
Brendan Doherty,"October 9, 2012","""David Cicilline was the state representative who opposed tough mandatory sentences for those convicted of domestic violence  and child abuse.""",true,news release,Rhode Island; Candidate Biography; Children; Criminal Justice; Families; Crime; Public Safety; Women,John Hill,"October 15, 2012",https://www.politifact.com/factchecks/2012/oct/15/brendan-doherty/brendan-doherty-says-us-rep-david-cicilline-when-h/
Raymond Frank,"October 7, 2012","Says Travis County Sheriff Greg Hamilton has accepted $42,000 from strip-club interests and $10,000 from local alcohol distributors.",mostly-true,advertisement.,Campaign Finance; Criminal Justice; Crime; Texas,W. Gardner Selby,"October 11, 2012",https://www.politifact.com/factchecks/2012/oct/11/raymond-frank/raymond-frank-says-greg-hamilton-has-accepted-thou/
Michael Julian Bond,"September 17, 2012","Almost 400 arrests in the city last year for panhandling-related offenses involved just 78 suspects, an indication that the same people are panhandling over and over.",mostly-true,Atlanta City Council meeting,Georgia; Crime; Urban,Janel Davis,"October 2, 2012",https://www.politifact.com/factchecks/2012/oct/02/michael-julian-bond/atlanta-councilman-targets-repeat-panhandling-offe/
Gwen Moore,"September 4, 2012","Says House Republicans ""tried to change the definition of rape.""",mostly-false,speech at the Democratic National Convention,Abortion; Criminal Justice; Crime; Wisconsin,Tom Kertscher,"September 6, 2012",https://www.politifact.com/factchecks/2012/sep/06/gwen-moore/gop-house-members-tried-redefine-rape-democratic-r/
Lone Star Project,"August 23, 2012","Says that like Todd Akin, all Texas Republicans in U.S. House cosponsored a bill ""that attempts to distinguish between ‘forcible rape’ and other sexual assaults.""",half-true,political action committee report,Crime; Texas,Sue Owen,"September 6, 2012",https://www.politifact.com/factchecks/2012/sep/06/lone-star-project/pac-says-todd-akin-and-paul-ryan-all-texas-republi/
Bruce Elfant,"August 13, 2012",Says 88 Texas constables have died in the line of duty.,true,press statement.,Criminal Justice; History; Crime; Public Safety; Public Service; Texas,W. Gardner Selby,"August 23, 2012",https://www.politifact.com/factchecks/2012/aug/23/bruce-elfant/bruce-elfant-says-88-texas-constables-have-died-li/
Mike DeWine,"August 2, 2012","Says the Central Ohio Human Trafficking Task Force ""is the first task force of its kind in Central Ohio""",mostly-true,news release,Ohio; Crime,Reginald Fields,"August 10, 2012",https://www.politifact.com/factchecks/2012/aug/10/mike-dewine/ohio-attorney-general-mike-dewine-says-task-force-/
Steve Doell,"July 19, 2012","Says ""About 7 in 10 of Oregon’s inmates are in prison for violent crimes and serious sex offenses.""",true,press release,Oregon; Criminal Justice; Crime; Public Safety; State Budget,Janie Har,"August 3, 2012",https://www.politifact.com/factchecks/2012/aug/03/steve-doell/are-about-seven-10-oregons-inmates-prison-violent-/
Steve Doell,"July 19, 2012","Says Measure 11 is ""one of the most significant reasons"" for decrease in violent crime.",mostly-true,press release.,Oregon; Criminal Justice; Crime,Ian K. Kullgren,"August 3, 2012",https://www.politifact.com/factchecks/2012/aug/03/steve-doell/has-measure-11-really-helped-halve-crime-rate-1995/
Texans for Accountable Government,"July 26, 2012","Says PolitiFact ""validated and independently documented"" its ""criminal history"" claims about Adan Ballesteros.",mostly-false,email blast.,Candidate Biography; Criminal Justice; Crime; Texas,W. Gardner Selby,"July 27, 2012",https://www.politifact.com/factchecks/2012/jul/27/texans-accountable-government/texas-group-says-politifact-validated-criminal-his/
Workers' Voice,"June 19, 2012",Says Josh Mandel’s campaign is under FBI investigation,false,online ad,Ohio; Campaign Finance; Elections; Crime,Sabrina  Eaton,"June 26, 2012",https://www.politifact.com/factchecks/2012/jun/26/workers-voice/workers-voice-says-josh-mandel-faces-fbi-investiga/
John G. Edwards,"June 5, 2012","Decriminalizing marijuana ""will save the state anywhere from $4 (million) to $11 million dollars.""",false,debate on the House floor,Rhode Island; Criminal Justice; Drugs; Legal Issues; Crime; Government Regulation; Public Health; Marijuana,Tom Mooney,"June 17, 2012",https://www.politifact.com/factchecks/2012/jun/17/john-g-edwards/rep-john-edwards-says-decriminalizing-marijuana-wo/
Chris Christie,"June 6, 2012","""When I was U.S. Attorney we wound up putting 10 percent of the state Legislature in jail during my seven years.""",false,town hall meeting,New Jersey; Crime,Erin O'Neill,"June 11, 2012",https://www.politifact.com/factchecks/2012/jun/11/chris-christie/chris-christie-said-while-he-was-us-attorney-10-pe/
Tom Barrett,"May 24, 2012","Says Gov. Scott Walker made ""draconian cuts"" to public safety budgets that put police officers at ""greater risk of harm.""",false,website alert,City Budget; City Government; Crime; Public Safety; State Budget; Wisconsin,Dave Umhoefer,"June 3, 2012",https://www.politifact.com/factchecks/2012/jun/03/tom-barrett/tom-barrett-says-gov-scott-walkers-budget-made-dra/
Tom Barrett,"May 31, 2012","""No one on my staff has ever been charged with a crime.""",false,debate,City Government; Crime; Wisconsin,Tom Kertscher,"June 1, 2012",https://www.politifact.com/factchecks/2012/jun/01/tom-barrett/wisconsin-recall-dem-challenger-tom-barrett-says-n/
Reince Priebus,"May 30, 2012","Because of voter fraud, Republican candidates ""need to do a point or two better"" to win statewide elections in Wisconsin.",false,interview,City Government; Elections; Crime; Wisconsin,Tom Kertscher,"May 31, 2012",https://www.politifact.com/factchecks/2012/may/31/reince-priebus/voter-fraud-means-gop-candidates-wisconsin-need-do/
Jim Moran,"May 9, 2012","""According to ATF data, 70 percent of firearms recovered and traced in drug cartel crimes in Mexico originated from the United States.""",mostly-true,floor speech.,Crime; Guns; Virginia,Nancy  Madsen,"May 29, 2012",https://www.politifact.com/factchecks/2012/may/29/jim-moran/jim-moran-says-70-percent-traced-firearms-mexican-/
Suzanne Bonamici,"May 16, 2012","Says ""one in four women and one in seven men have been victims of domestic violence in their lifetime.""",true,House floor debate,Oregon; Crime; Women,Charles Pope,"May 25, 2012",https://www.politifact.com/factchecks/2012/may/25/suzanne-bonamici/are-one-four-women-and-one-seven-men-victims-domes/
Corey Stewart,"April 11, 2012","Prince William County ""has cut violent crime in half"" since instituting a crackdown on illegal immigration.",mostly-false,TV interview.,Immigration; Crime; Virginia,Sean Gorman,"May 25, 2012",https://www.politifact.com/factchecks/2012/may/25/corey-stewart/corey-stewart-says-prince-william-county-cut-viole/
Graeme Zielinski,"May 15, 2012","Gov. Scott Walker is helping pay for the criminal defense of a man accused of ""boy rape.""",pants-fire,Tweets,Crime; Wisconsin,James B. Nelson,"May 18, 2012",https://www.politifact.com/factchecks/2012/may/18/graeme-zielinski/wisconsin-democratic-party-spokesman-zielinski-wi/
Georgia Family Council,"April 19, 2012",Crime rises in communities with casinos.,half-true,presentation,Georgia; Gambling; Crime,Eric Stirgus,"May 9, 2012",https://www.politifact.com/factchecks/2012/may/09/georgia-family-council/linking-crime-casinos-not-always-safe-bet/
Jana Duty,"April 15, 2012",Says Williamson County District Attorney John Bradley reduces 36 percent of felonies to misdemeanors and hands them off to her.,mostly-false,as quoted,Crime; Texas,W. Gardner Selby,"May 7, 2012",https://www.politifact.com/factchecks/2012/may/07/jana-duty/jana-duty-says-john-bradley-hands-36-percent-felon/
Jennifer Carroll,"April 19, 2012","""We didn’t go out asking people"" to join the ""stand your ground"" task force.",false,Capitol news conference,Crime; Public Safety; Florida,Toluse Olorunnipa,"May 3, 2012",https://www.politifact.com/factchecks/2012/may/03/jennifer-carroll/jennifer-carroll-apply-stand-your-ground-task-forc/
Frank Lautenberg,"April 26, 2012","Says ""in our gun laws we’re allowing domestic abusers to sidestep this ban on getting a gun. The loophole allows a convicted abuser to walk into a gun show and walk out with a gun, no questions asked.""",true,speech on the Senate floor,New Jersey; Crime; Women; Guns,Erin O'Neill,"May 3, 2012",https://www.politifact.com/factchecks/2012/may/03/frank-lautenberg/frank-lautenberg-claims-loophole-allows-individual/
Rick Scott,"April 13, 2012","""We are at a 40-year low in our crime rate in our state.""",true,comments to Reuters,Crime; Florida,Angie Drobnic Holan,"April 17, 2012",https://www.politifact.com/factchecks/2012/apr/17/rick-scott/rick-scott-said-florida-crime-rates-are-40-year-lo/
Greg Abbott,"March 12, 2012",Says his Texas election fraud investigations have resulted in 50 convictions.,half-true,press release,Elections; Legal Issues; Crime; Texas,Sue Owen,"April 17, 2012",https://www.politifact.com/factchecks/2012/apr/17/greg-abbott/greg-abbott-claims-50-election-fraud-convictions-2/
Wayne LaPierre,"April 14, 2012","""By the time I finish this speech, two Americans will be slain, six women will be raped, 27 of us will be robbed, and 50 more will be beaten.""",mostly-true,speech to a national meeting of the National Rifle Association,National; Corrections and Updates; Crime,Louis Jacobson,"April 16, 2012",https://www.politifact.com/factchecks/2012/apr/16/wayne-lapierre/nras-wayne-lapierre-cites-frequency-violent-crime-/
Rosemary Lehmberg,"October 31, 2011","Says she ""created the first felony deferred prosecution program for nonviolent first-offenders"" in Texas.",mostly-false,campaign video,County Government; Criminal Justice; Legal Issues; Crime; Public Safety; Texas,Meghan Ashford-Grooms,"April 3, 2012",https://www.politifact.com/factchecks/2012/apr/03/rosemary-lehmberg/travis-da-rosemary-lehmberg-says-she-created-state/
Christopher L. Smith,"March 21, 2012","Since Florida passed the ""stand your ground"" law in 2005, deaths due to self-defense have jumped over 250 percent.",half-true,press release,Criminal Justice; Crime; Florida; Guns,Amy Sherman,"March 26, 2012",https://www.politifact.com/factchecks/2012/mar/26/christopher-l-smith/sen-chris-smith-claimed-deaths-due-self-defense-fl/
Glenn Grothman,"March 2, 2012","Says a study shows that children who live with a biological parent and the parent's boyfriend or girlfriend ""have a 20 times greater chance of being sexually abused.""",true,interview,Children; Families; Crime; Marriage; Wisconsin,Tom Kertscher,"March 25, 2012",https://www.politifact.com/factchecks/2012/mar/25/glenn-grothman/gop-wisconsin-state-senator-says-study-shows-kids-/
Dennis Baxley,"March 21, 2012","""We’ve had a dramatic drop in violent crime since this law (‘stand your ground’) has been in effect.""",half-true,interview on MSNBC,Corrections and Updates; Criminal Justice; Crime; Florida,Angie Drobnic Holan,"March 23, 2012",https://www.politifact.com/factchecks/2012/mar/23/dennis-baxley/crime-rates-florida-have-dropped-stand-your-ground/
Arthenia Joyner,"March 21, 2012","""When we passed (the stand your ground law), we said it portends horrific events when people's lives were put into these situations.""",true,interview,Criminal Justice; Crime; Florida,Katie Sanders,"March 22, 2012",https://www.politifact.com/factchecks/2012/mar/22/arthenia-joyner/democratic-senator-says-there-warnings-stand-your-/
David A. Clarke Jr.,"February 19, 2012","Says Milwaukee County Executive Chris Abele ""eliminated"" sheriff’s office funding for providing security for presidential and presidential campaign visits.",half-true,television interview,County Budget; County Government; Elections; Crime; Wisconsin,Tom Kertscher,"March 21, 2012",https://www.politifact.com/factchecks/2012/mar/21/david-clarke-jr/funding-eliminated-milwaukee-county-sheriffs-role-/
Rod Monroe,"March 1, 2012","Says ""the No. 2 cause of death in the U.S. (for) women under 50 is being killed by their spouse or domestic partner.""",false,floor speech.,Oregon; Families; Crime; Women,Ian K. Kullgren,"March 19, 2012",https://www.politifact.com/factchecks/2012/mar/19/rod-monroe/intimate-partner-violence-second-leading-cause-dea/
Edward  Flynn,"February 9, 2012","Says 85 percent of Milwaukee shootings involve ""people with extensive criminal records shooting other people with extensive criminal records.""",half-true,interview,Corrections and Updates; Crime; Guns; Wisconsin,Tom Kertscher,"March 19, 2012",https://www.politifact.com/factchecks/2012/mar/19/edward-flynn/85-percent-shooting-suspects-and-victims-milwaukee/
Tom Leppert,"January 12, 2012","Says ""we brought crime rate down by 30 percent"" when he was mayor of Dallas.",mostly-true,U.S. Senate debate hosted by Empower Texans and the Texas Public Policy Foundation,City Budget; Federal Budget; Crime; Texas,Sue Owen,"February 3, 2012",https://www.politifact.com/factchecks/2012/feb/03/tom-leppert/tom-leppert-says-he-and-others-brought-down-dallas/
Jim Moran,"January 10, 2012","""The U.S. gun homicide rate is 20 times the combined rate of other western nations.""",mostly-true,newspaper column.,Crime; Guns; Virginia,Nancy Madsen,"January 27, 2012",https://www.politifact.com/factchecks/2012/jan/27/jim-moran/rep-jim-moran-says-us-gun-homicide-rate-20-times-h/
Kasim Reed,"January 19, 2012","""We have cut crime across every single zone in the city of Atlanta by between 10 percent and 16 percent, depending on the zone.""",half-true,State of the City address,Georgia; Crime,Willoughby Mariano,"January 27, 2012",https://www.politifact.com/factchecks/2012/jan/27/kasim-reed/atlanta-crime-down-details-inaccurate/
No Casinos,"January 19, 2012","Nevada is No. 1 in unemployment, violent crime, car theft, divorce, robberies and foreclosures.",mostly-true,television ad,Economy; Gambling; Crime; Florida,Amy Sherman,"January 26, 2012",https://www.politifact.com/factchecks/2012/jan/26/no-casinos/nevada-no-1-unemployment-violent-crime-car-theft-d/
"Eddie Lucio, Jr.","January 6, 2012",Says Texas does not regulate the appearance of some kinds of imitation firearms sold in Texas.,mostly-true,interview.,Criminal Justice; Crime; Guns; Texas,Katie Glueck,"January 24, 2012",https://www.politifact.com/factchecks/2012/jan/24/eddie-lucio-jr/eddie-lucio-says-texas-does-not-regulate-appearanc/
AFSCME,"January 20, 2012","""While Romney was a director of the Damon Corporation, the company was defrauding Medicare of millions.""",mostly-true,television ad,Corporations; Health Care; Crime; Medicare; Message Machine 2012; Florida,Angie Drobnic Holan,"January 23, 2012",https://www.politifact.com/factchecks/2012/jan/23/afscme/was-mitt-romney-director-company-charged-medicare-/
Restore Our Future,"January 13, 2012","Says Rick Santorum ""voted to let convicted felons vote.""",half-true,television ad,Criminal Justice; Elections; Crime; Message Machine 2012; Florida,Angie Drobnic Holan,"January 17, 2012",https://www.politifact.com/factchecks/2012/jan/17/restore-our-future/super-pac-rick-santorum-felon-voting-rights/
Rob Cornilles,"January 10, 2012",Suzanne Bonamici was the only no vote on a 2009 bill cracking down on drunk drivers.,true,debate,Oregon; Criminal Justice; Crime; Message Machine 2012; Voting Record,Janie Har,"January 14, 2012",https://www.politifact.com/factchecks/2012/jan/14/rob-cornilles/was-suzanne-bonamici-sole-no-vote-senate-drunk-dri/
Chris Abele,"December 15, 2011",Says Milwaukee County buses are no less safe now than a year or two ago.,mostly-false,television interview,Crime; Transportation; Wisconsin,Dave Umhoefer,"January 5, 2012",https://www.politifact.com/factchecks/2012/jan/05/chris-abele/milwaukee-county-executive-chris-abele-says-county/
David Cicilline,"November 18, 2011","Enacting the Right-to-Carry Act would amount to ""expanding the rights of sex offenders, terrorists, child predators, and abusers to carry concealed weapons across state lines.’’",half-true,fundraising letter,Rhode Island; Legal Issues; Crime; Public Safety; Guns,Lynn Arditi,"January 1, 2012",https://www.politifact.com/factchecks/2012/jan/01/david-cicilline/rep-david-cicilline-says-right-carry-act-would-exp/
Kyleen Wright,"December 6, 2011",Says murder is the chief cause of death for pregnant women.,mostly-false,Twitter message.,Crime; Women; Texas,W. Gardner Selby,"December 26, 2011",https://www.politifact.com/factchecks/2011/dec/26/kyleen-wright/anti-abortion-activist-says-murder-no-1-killer-pre/
Rick Perry,"December 10, 2011",Says the Obama administration catches and releases nonviolent illegal immigrants.,half-true,Republican presidential debate,Immigration; Criminal Justice; Crime; Texas,W. Gardner Selby,"December 16, 2011",https://www.politifact.com/factchecks/2011/dec/16/rick-perry/rick-perry-says-federal-government-catches-and-rel/
Mike DeWine,"November 18, 2011","""At a minimum, 40 percent of those who view child pornography end up molesting children as a result.""",mostly-false,news conference,Ohio; Children; Crime,Aaron Marshall,"November 30, 2011",https://www.politifact.com/factchecks/2011/nov/30/mike-dewine/mike-dewine-cites-link-between-viewing-child-porno/
David Mellon,"October 27, 2011","""The job [of correctional officer] lowers your life expectancy . . . Metropolitan did a study in, I believe it was 1998, and the life expectancy was 58.""",false,testimony at a state pension hearing,Rhode Island; Crime; Pensions; Retirement; Unions; Workers,C. Eugene Emery Jr.,"November 16, 2011",https://www.politifact.com/factchecks/2011/nov/16/david-mellon/rhode-island-corrections-union-president-david-mel/
Frank Ortis,"November 5, 2011",The city of Pembroke Pines doesn't have a vote in a plan to build a detention center in Southwest Ranches.,mostly-false,meeting,Immigration; Crime; Voting Record; Florida,Amy Sherman,"November 10, 2011",https://www.politifact.com/factchecks/2011/nov/10/frank-ortis/pembroke-pines-vote-southwest-ranches/
Joe Biden,"October 12, 2011","""In 2008, when Flint had 265 sworn officers on their police force, there were 35 murders and 91 rapes in this city. In 2010, when Flint had only 144 police officers, the murder rate climbed to 65, and rapes … climbed to 229.""",half-true,"Flint, Mich.",National; Crime,Angie Drobnic Holan,"October 25, 2011",https://www.politifact.com/factchecks/2011/oct/25/joe-biden/update-joe-biden-says-murders-and-rapes-increased/
Cory Booker,"October 13, 2011","Says ""if you are shot in the city of Newark, you have over an 80 percent chance that you've been arrested before an average of 10 times.""",mostly-true,radio interview on WBGO’s “Newark Today”,New Jersey; Criminal Justice; Crime; Guns,Erin O'Neill,"October 24, 2011",https://www.politifact.com/factchecks/2011/oct/24/cory-booker/cory-booker-says-newark-shooting-victims-have-high/
James Langevin,"September 21, 2011","""Foster children are disproportionately victims of identity theft.""",false,speech,Rhode Island; Children; Consumer Safety; Families; Financial Regulation; Crime,C. Eugene Emery Jr.,"October 20, 2011",https://www.politifact.com/factchecks/2011/oct/20/james-langevin/ri-rep-james-langevin-says-foster-children-are-mor/
Chris Abele,"September 29, 2011","The Milwaukee County sheriff’s department  ""plays only a limited role as a traditional law enforcement agency"" and in 2009 reported far fewer crimes to the FBI than the University of Wisconsin-Milwaukee police did.",half-true,speech,County Budget; County Government; Crime; Wisconsin,Tom Kertscher,"October 17, 2011",https://www.politifact.com/factchecks/2011/oct/17/chris-abele/milwaukee-county-executve-says-sheriffs-office-pla/
Jose Rodriguez,"September 9, 2011","Says El Paso was named America’s ""Safest Large City"" a year after San Antonio, Houston and Dallas had the nation’s highest crime rates.",mostly-false,press release.,Immigration; Crime; Public Safety; Texas,Sue Owen,"October 11, 2011",https://www.politifact.com/factchecks/2011/oct/11/jose-rodriguez/jose-rodriguez-says-el-paso-was-named-safest-large/
Michael Moore,"September 28, 2011","""Not a single banker, a CEO from Wall Street, anyone from corporate America — nobody, (there was) not one arrest of any of these people who brought down the economy in 2008.""",mostly-true,"interview on ""Democracy Now""",National; Financial Regulation; Crime; Occupy Wall Street,Angie Drobnic Holan,"October 7, 2011",https://www.politifact.com/factchecks/2011/oct/07/michael-moore/no-ceos-have-been-arrested-bringing-down-economy-s/
Gary Johnson,"September 19, 2011","Says the United States has the highest incarceration rate in the world with 2.3 million inmates, and the majority of Americans are imprisoned because they sold small amounts of drugs.",half-true,interview with the editorial board of the 'Telegraph.',National; Criminal Justice; Drugs; Crime; New Hampshire 2012; Marijuana,Maryalice Gill,"September 22, 2011",https://www.politifact.com/factchecks/2011/sep/22/gary-johnson/gary-johnson-says-us-prisons-are-packed-small-time/
Valerie Vainieri Huttle,"September 6, 2011","Says ""160,000 kids stay home every day because they are afraid to go to school because of bullying.""",mostly-false,at a news conference,New Jersey; Education; Crime,Erin O'Neill,"September 15, 2011",https://www.politifact.com/factchecks/2011/sep/15/valerie-vainieri-huttle/assemblywoman-valerie-vainieri-huttle-says-160000-/
Sandra Cunningham,"July 11, 2011",Says a Senate resolution would restore $140 in monthly general assistance payments and prevent people from committing crime.,pants-fire,speech on the State Senate floor,New Jersey; Crime; Poverty; State Budget,Erin O'Neill,"August 18, 2011",https://www.politifact.com/factchecks/2011/aug/18/sandra-cunningham/sen-sandra-cunningham-claims-new-jersey-residents-/
Shirley Turner,"July 12, 2011","Says unemployment in Trenton is ""twice as much as what we see in every other area of the state"" and, as a result, ""we have seen an increase in crime.""",mostly-false,speech on the Senate floor,New Jersey; Jobs; Crime,Bill Wichert,"July 26, 2011",https://www.politifact.com/factchecks/2011/jul/26/shirley-turner/sen-shirley-turner-claims-unemployment-trenton-dou/
Raymond Lesniak,"July 12, 2011","Says ""the most dangerous time for children"" is from ""3 to 6 p.m., during which time juvenile crime rates triple""",half-true,testimony during a Senate hearing,New Jersey; Children; Education; Crime,Erin O'Neill,"July 25, 2011",https://www.politifact.com/factchecks/2011/jul/25/raymond-lesniak/state-sen-raymond-lesniak-says-juvenile-crime-rate/
Bob McDonnell,"June 21, 2011","""Our crime rate continues to plummet.""",mostly-true,Bill-signing ceremony,Crime; Virginia,Wes Hester,"July 11, 2011",https://www.politifact.com/factchecks/2011/jul/11/bob-mcdonnell/gov-bob-mcdonnell-says-virginias-crime-rate-contin/
Cory Booker,"May 10, 2011","The ACLU didn't call for an investigation (of the Newark police department), they called for an immediate federal monitor.",false,radio interview on the Brian Lehrer show,New Jersey; Ethics; Crime,Caryn Shinske,"June 22, 2011",https://www.politifact.com/factchecks/2011/jun/22/cory-booker/newark-mayor-cory-booker-says-aclu-sought-monitor-/
Turn Right USA,"June 13, 2011","""Janice Hahn hired hard-core gang members with taxpayer money to be 'gang-intervention specialists.' She even helped them get out of jail, so they could rape and kill again.""",false,YouTube video,National; Crime,Robert Farley,"June 20, 2011",https://www.politifact.com/factchecks/2011/jun/20/turn-right-usa/video-accuses-janice-hahn-hiring-gang-members-taxp/
Michael Cutler,"June 7, 2011","""A couple of hundred American cities are infested by members of the Mexican cartels.""",true,"appearance on the ""Helen Glover ShowV",Rhode Island; Drugs; Homeland Security; Crime,C. Eugene Emery Jr.,"June 19, 2011",https://www.politifact.com/factchecks/2011/jun/19/michael-cutler/immigration-expert-says-hundreds-us-cities-have-be/
Ray Lewis,"May 25, 2011","""Do this research … watch how much crime picks up if you take away [football].""",false,interview,Georgia; Crime,Eric Stirgus,"June 17, 2011",https://www.politifact.com/factchecks/2011/jun/17/ray-lewis/ray-lewis-crime-claim-gets-flagged/
Roberto DaSilva,"May 25, 2011","""Ten percent of violent deaths in the U.S. each year are due to strangulation.""",mostly-false,speech on the floor of the Rhode Island House of Representatives.,Rhode Island; Criminal Justice; Legal Issues; Crime; Women,C. Eugene Emery Jr.,"June 12, 2011",https://www.politifact.com/factchecks/2011/jun/12/roberto-dasilva/ri-rep-dasilva-says-1-10-violent-deaths-us-are-cau/
Wisconsin Professional Police Association,"May 31, 2011",Assaults on Wisconsin law enforcement officers are up 224 percent statewide since 2005,mostly-true,press release,Crime; State Budget; Wisconsin,Dave Umhoefer,"June 8, 2011",https://www.politifact.com/factchecks/2011/jun/08/wisconsin-professional-police-association/assaults-police-have-surged-mostly-milwaukee-count/
Janet Napolitano,"May 7, 2011","""We have seized more currency, more drugs, more outbound arms in the past year than any year in our country’s history.""",half-true,speech before the Atlanta Press Club,Georgia; Immigration; Crime; Marijuana; Guns,Willoughby Mariano,"June 3, 2011",https://www.politifact.com/factchecks/2011/jun/03/janet-napolitano/homeland-security-chief-says-more-contraband-being/
Kathleen Passidomo,"May 30, 2011","""It is a greater crime to have an untagged alligator than to host an open house party (for kids).""",true,newspaper article,Alcohol; Animals; Children; Crime; Florida,Amy Sherman,"June 2, 2011",https://www.politifact.com/factchecks/2011/jun/02/kathleen-passidomo/illegal-gator-trapping-vs-underage-drinking-partie/
E.J. Finocchio,"April 24, 2011","""Most of your serial killers, most of your people who commit domestic violence, they start off by abusing animals.""",false,television interview,Animals; Rhode Island; Children; Crime; Public Safety,C. Eugene Emery Jr.,"May 31, 2011",https://www.politifact.com/factchecks/2011/may/31/ej-finocchio/rhode-island-society-prevention-cruelty-animals-ch/
Louie Gohmert,"May 10, 2011","Says Gov. Rick Perry has been ""begging"" for the federal government to send the Coast Guard to patrol two lakes on the U.S.-Mexico border.",false,radio interview.,Immigration; Crime; Texas,W. Gardner Selby,"May 24, 2011",https://www.politifact.com/factchecks/2011/may/24/louie-gohmert/louie-gohmert-says-gov-rick-perry-begging-coast-gu/
Ken Cuccinelli,"April 27, 2011","Department of Education officials investigating Virginia Tech shootings ""have not once gotten into the car and driven down to Blacksburg to talk to the police chief or the university president or to anyone else.""",true,news release.,Education; Crime; Virginia,Wes Hester,"May 20, 2011",https://www.politifact.com/factchecks/2011/may/20/ken-cuccinelli/cuccinelli-says-doe-officials-never-visited-virgin/
John Whitmire,"May 3, 2011","Says the Texas Board of Nursing has a backlog of ""3,000 complaints against nurses, many of them sexual assaults, malfeasance.""",mostly-true,remarks on the Senate floor,Health Care; Crime; Regulation; Texas,Ciara O'Rourke,"May 16, 2011",https://www.politifact.com/factchecks/2011/may/16/john-whitmire/state-sen-john-whitmire-says-texas-board-nursing-h/
Silvestre Reyes,"May 9, 2011","The ""six largest cities in Ohio all have higher rates of violence and crime than every major city along the U.S.-Mexico border.""",mostly-true,press release.,Immigration; Crime; Texas,W. Gardner Selby,"May 10, 2011",https://www.politifact.com/factchecks/2011/may/10/silvestre-reyes/silvestre-reyes-says-ohios-most-populous-cities-ha/
Robert Watson,"April 26, 2011","""I'm well aware that medical marijuana is a recognized, medical, viable treatment for this sort of [pancreas] pain condition.""",false,speech on the House floor,Rhode Island; Candidate Biography; Drugs; Health Care; Legal Issues; Crime; Public Health; Marijuana,C. Eugene Emery Jr.,"May 8, 2011",https://www.politifact.com/factchecks/2011/may/08/robert-watson/former-house-minority-leader-says-marijuana-recogn/
Jim Durrett,"April 28, 2011","According to crime statistics, ""riding MARTA has been becoming more and more safe over the years.""",half-true,radio interview,Georgia; Criminal Justice; Crime; Transportation,Willoughby Mariano,"May 6, 2011",https://www.politifact.com/factchecks/2011/may/06/jim-durrett/marta-chair-says-transit-system-more-and-more-safe/
Stephen Ucci,"March 30, 2011","""A [bank] surveillance camera capturing a criminal’s face and other identifiable traits would certainly discourage robbery attempts and serve as a deterrent to robbers.""",false,news release,Rhode Island; Criminal Justice; Crime,Richard Salit,"May 6, 2011",https://www.politifact.com/factchecks/2011/may/06/stephen-ucci/rep-ucci-says-requiring-banks-have-outside-securit/
George Turner,"April 4, 2011","""If you go strictly by the numbers, crime is down across the board. Last year we had a 10 percent decrease in the most serious crimes.""",true,newspaper article,Georgia; Crime,Willoughby Mariano,"April 18, 2011",https://www.politifact.com/factchecks/2011/apr/18/george-turner/atlanta-police-chief-says-despite-fears-crime-down/
Newt Gingrich,"January 7, 2011","Says ""some [states] with the largest reductions in crime have also lowered their prison population.""",true,op-ed,Georgia; Criminal Justice; Crime; State Budget,Eric Stirgus,"April 5, 2011",https://www.politifact.com/factchecks/2011/apr/05/newt-gingrich/gingrich-states-should-consider-alternatives-priso/
Rob Bovett,"March 28, 2011","Since Oregon’s prescription-only law took effect, meth lab incidents have dropped by 96 percent and meth-related arrests by 32 percent.",true,article,Oregon; Drugs; Crime,Ian K. Kullgren,"April 2, 2011",https://www.politifact.com/factchecks/2011/apr/02/rob-bovett/oregon-district-attorney-says-meth-lab-seizures-an/
Sherrod Brown,,"The ""House-passed budget proposal could cut funding for programs that help keep local neighborhoods safe, slash more than $1.7 million in anti-terror funds for Ohio.""",true,,Ohio; Criminal Justice; Federal Budget; Crime,Stephen Koff,"March 30, 2011",https://www.politifact.com/factchecks/2011/mar/30/sherrod-brown/sen-sherrod-brown-says-cuts-proposed-house-gop-cou/
Bill Nelson,"March 17, 2011","""The entire state of Florida led the nation last year with the most prison inmates committing tax fraud.""",true,letter to IRS Commissioner Douglas Shulman,Corrections and Updates; Crime; Taxes; Florida,Laura  Figueroa,"March 24, 2011",https://www.politifact.com/factchecks/2011/mar/24/bill-nelson/sen-bill-nelson-says-florida-leads-nation-prisoner/
Richard  Ferruccio,"March 8, 2011","""What we have now is the most generous, in my opinion, 'good time' bill in the entire United States.""",false,radio interview,Rhode Island; Criminal Justice; Legal Issues; Crime; Public Safety; States,Peter Lord,"March 21, 2011",https://www.politifact.com/factchecks/2011/mar/21/richard-ferruccio/correctional-officer-says-rhode-island-has-nations/
Direct Action for Rights & Equality,"March 9, 2011","""Roughly 25% of RI has a criminal record""",pants-fire,online petition,Rhode Island; Criminal Justice; Jobs; Labor; Legal Issues; Crime,Peter Lord,"March 10, 2011",https://www.politifact.com/factchecks/2011/mar/10/direct-action-rights-equality/advocacy-group-says-25-percent-rhode-islanders-hav/
Peter  Palumbo,"January 25, 2011","""There are nearly 500,000 registered sex offenders across the country and at any one time about 100,000 are unaccounted for.""",mostly-false,news release,Rhode Island; Children; Crime,Peter Lord,"March 3, 2011",https://www.politifact.com/factchecks/2011/mar/03/peter-palumbo/palumbo-says-there-are-500000-registered-sex-offen/
Whoopi  Goldberg,"February 8, 2011","In Texas, ""sexting is a felony sex offense for teenagers — that can mean up to 10 years in prison.""",half-true,episode of The View,Children; Criminal Justice; Crime; Technology; Texas,,"February 17, 2011",https://www.politifact.com/factchecks/2011/feb/17/whoopi-goldberg/whoopi-goldberg-says-sexting-felony-texas-carrying/
National Rifle Association,"February 10, 2011","""Across the board, violent crime in jurisdictions that recognize the Right to Carry is lower than in areas that prevent it.""",false,speech by Wayne LaPierre at the Conservative Political Action Conference,National; Crime; Guns,Angie Drobnic Holan,"February 16, 2011",https://www.politifact.com/factchecks/2011/feb/16/national-rifle-association/wayne-lapierre-said-violent-crime-jurisdictions-re/
Terry Gorman,"January 6, 2011","""Illegal aliens cost the state of Rhode Island $400 million a year.""",pants-fire,radio interview,Immigration; Rhode Island; Census; Education; Health Care; Crime; State Budget; Taxes,C. Eugene Emery Jr.,"February 6, 2011",https://www.politifact.com/factchecks/2011/feb/06/terry-gorman/gorman-says-illegal-immigrants-cost-rhode-island-4/
William G. Batchelder,"January 4, 2011","Says getting ex-cons to successfully return to society is important ""so we are not always faced constantly with recidivism, which is a big problem in the penitentiary today – in the 70 to 80 percent range.""",pants-fire,interview on WCPN 90.3 FM,Ohio; Criminal Justice; Crime; State Budget,Mark Naymik,"February 5, 2011",https://www.politifact.com/factchecks/2011/feb/05/bill-batchelder/ohio-house-speaker-william-g-batchelder-doubles-tr/
Ron Saunders,"January 19, 2011","""The two worst counties for (Medicaid) fraud in the country -- not state -- are Dade and Broward county.""",mostly-true,meeting with reporters,Health Care; Crime; Florida,Amy Sherman,"February 3, 2011",https://www.politifact.com/factchecks/2011/feb/03/ron-saunders/saunders-says-dade-broward-rule-country-medicaid-f/
Peter Kilmartin,"January 11, 2011","Secure Communities ""has a proven track record of enhancing public safety by focusing on violent offenders and those that pose a threat to our communities and our national security.""",half-true,news release,Immigration; Rhode Island; Crime,Peter Lord,"January 30, 2011",https://www.politifact.com/factchecks/2011/jan/30/peter-kilmartin/kilmartin-says-secure-communities-program-has-prov/
Greg Abbott,"January 14, 2011","There have been ""at least four incidents where bullets from Mexico have crossed the border.""",true,press release,Immigration; Crime; Public Safety; Texas,W. Gardner Selby,"January 28, 2011",https://www.politifact.com/factchecks/2011/jan/28/greg-abbott/attorney-general-greg-abbott-says-bullets-have-cro/
Jeff  Atwater,"January 19, 2011","""Of the top five cities for staged automobile accidents, three are in Florida. … We rank No. 1 in the country in staged auto accidents.""",mostly-true,meeting with reporters,Consumer Safety; Crime; Florida,Trenton Daniel,"January 27, 2011",https://www.politifact.com/factchecks/2011/jan/27/jeff-atwater/Florida-tops-staged-auto-accidents-Jeff-Atwater/
Dean Cannon,"January 19, 2011","""The number of inmates since 2000 on death row dying of natural causes has now surpassed the number of inmates executed.""",true,comments to reporters.,Legal Issues; Crime; Florida,Aaron Sharockman,"January 25, 2011",https://www.politifact.com/factchecks/2011/jan/25/dean-cannon/whats-killing-inmates-floridas-death-row/
Jefferson Smith,"January 13, 2011",A test last month at the MAX station at 162nd Avenue and East Burnside saw crime down 41 percent compared with December 2009,mostly-true,article,Oregon; Crime; Transportation,Janie Har,"January 22, 2011",https://www.politifact.com/factchecks/2011/jan/22/jefferson-smith/rep-jefferson-smith-says-classical-music-pilot-pro/
Bob Buckhorn,"January 4, 2011","""There was no panhandling when I left office.""",false,radio interview on WFLA-AM 970,Crime; Poverty; Florida,Lee Logan,"January 21, 2011",https://www.politifact.com/factchecks/2011/jan/21/bob-buckhorn/bob-buckhorn-says-there-was-no-panhandling-when-he/
Frank Lautenberg,"January 11, 2011","""When we look at the number of murders in the United States (in) 2009, we had 9,500 people murdered. When we look around the world, we see ... large countries, the U.K., Germany, Japan had 200 or less killed in a year.""",mostly-true,interview on MSNBC,National; Criminal Justice; Crime; Guns,Louis Jacobson,"January 13, 2011",https://www.politifact.com/factchecks/2011/jan/13/frank-lautenberg/frank-lautenberg-says-us-has-9500-gun-murders-year/
Pierre Thomas,"January 9, 2011","""Saturday's shootings reflect a disturbing trend. Mass shootings have become commonplace since the Virginia Tech massacre in 2007. There have been dozens of incidents where three or more people have been fatally wounded. Hundreds have died.""",half-true,"report on ABC News' ""This Week with Christiane Amanpour""",National; Criminal Justice; Crime; Pundits; This Week - ABC News; Guns,Louis Jacobson,"January 11, 2011",https://www.politifact.com/factchecks/2011/jan/11/pierre-thomas/week-report-says-hundreds-have-died-multiple-victi/
Lamar Smith,"December 15, 2010","""In the last five years, 28,000 people have been killed along the U.S.-Mexico border.""",false,news release,Immigration; Homeland Security; Crime; Texas,Meghan Ashford-Grooms,"December 31, 2010",https://www.politifact.com/factchecks/2010/dec/31/lamar-smith/us-rep-lamar-smith-says-border-death-toll-28000/
Scott Fitzgerald,"December 9, 2010","""We continue to see these isolated incidents of people trying to vote five, six times a day.""",false,interview with a newspaper editorial board,Elections; Crime; Wisconsin,Dave Umhoefer,"December 23, 2010",https://www.politifact.com/factchecks/2010/dec/23/scott-fitzgerald/wisconsin-state-sen-scott-fitzgerald-says-some-peo/
Sam Adams,"December 1, 2010",Four out of 10 homicides are committed by gun in this city.,true,city council meeting,Oregon; Crime; Guns,Janie Har,"December 23, 2010",https://www.politifact.com/factchecks/2010/dec/23/sam-adams/portland-mayor-sam-adams-says-four-out-10-homicide/
Teresa Fedor,"December 1, 2010","""Toledo … is fourth in the nation behind much bigger cities — Miami, Las Vegas, Portland — in number of human trafficking arrests and rescues.""",mostly-false,speech,Ohio; Human Rights; Crime,Aaron Marshall,"December 14, 2010",https://www.politifact.com/factchecks/2010/dec/14/teresa-fedor/state-sen-teresa-foder-laments-seriousness-human-t/
"CQ Press City Crime Rankings, 2010-2011","November 22, 2010",The city of Atlanta ranks 25th among U.S. cities with the highest crime rates.,half-true,book,Georgia; Crime,Willoughby Mariano,"December 7, 2010",https://www.politifact.com/factchecks/2010/dec/07/cq-press-city-crime-rankings-2010-2011/atlanta-ranks-25th-crime-ranking/
Gwen Moore,"October 7, 2010","In Wisconsin, ""deaths from domestic violence are at the highest in 10 years.""",true,news release,Families; Crime; Wisconsin,Tom Kertscher,"December 2, 2010",https://www.politifact.com/factchecks/2010/dec/02/gwen-moore/us-rep-gwen-moore-says-domestic-violence-deaths-wi/
Crime Victims United of Oregon,"November 12, 2010",Says Oregon ranks 30th in the nation with regard to its incarceration rate.,true,website,Oregon; Criminal Justice; Crime,Ian K. Kullgren,"November 19, 2010",https://www.politifact.com/factchecks/2010/nov/19/crime-victims-united-oregon/anti-crime-organization-says-oregon-ranks-30th-inc/
Greg Abbott,"October 13, 2010","Says he's arrested more criminals, ""including thousands of child predators and sex offenders,"" than any previous Texas attorney general.",mostly-true,campaign television ad,Criminal Justice; Crime; Public Safety; Texas,Meghan Ashford-Grooms,"November 11, 2010",https://www.politifact.com/factchecks/2010/nov/11/greg-abbott/texas-ag-greg-abbott-says-hes-arrested-more-crimin/
Robert Brown,"October 29, 2010","""Animal abuse is often an indicative trait of future acts of violence against humans.""",true,press release,Georgia; Crime,Eric Stirgus,"November 10, 2010",https://www.politifact.com/factchecks/2010/nov/10/robert-brown/state-senator-says-animal-cruelty-lead-violent-adu/
American Action Network,"October 21, 2010","Ed Perlmutter voted for ""Viagra for rapists"" paid for with tax dollars.",pants-fire,campaign ad,National; Health Care; Crime; Message Machine 2010,Angie Drobnic Holan,"October 26, 2010",https://www.politifact.com/factchecks/2010/oct/26/american-action-network/viagra-sex-offenders-paid-health-care-bill-nope/
Hank Gilbert,"September 12, 2010",Says gas pumps in different parts of Texas are missing state inspection stickers and/or their inspections are out of date--and that's cheating consumers.,half-true,campaign video.,Consumer Safety; Energy; Crime; Texas,W. Gardner Selby,"October 16, 2010",https://www.politifact.com/factchecks/2010/oct/16/hank-gilbert/hank-gilbert-says-gas-pumps-every-texas-department/
Loranne Ausley,"October 11, 2010","""(Jeff) Atwater's busy helping his friends and wasting our tax dollars -- $48 million for a government building so lavish it's dubbed the 'Taj Mahal,' $100,000 for a golf musuem, and $110 million to build a private prison to help a big contributor.""",false,TV ad.,Crime; Message Machine 2010; State Budget; Florida,Aaron Sharockman,"October 13, 2010",https://www.politifact.com/factchecks/2010/oct/13/loranne-ausley/tying-jeff-atwater-taj-mahal-courthouse-project/
Future PAC (Oregon House Democrats),"October 9, 2010","Say Matt Wand cut Troutdale police, created a slush fund for himself.",pants-fire,campaign mailer,Oregon; Ethics; Crime; Public Safety,Janie Har,"October 11, 2010",https://www.politifact.com/factchecks/2010/oct/11/future-pac-oregon-house-democrats/house-democrats-say-matt-wand-cut-police-voted-slu/
Sharron Angle,"October 7, 2010","Harry Reid ""voted to use taxpayer dollars to pay for Viagra for convicted child molesters and sex offenders.""",mostly-false,campaign commercial,National; Federal Budget; Health Care; Crime; Message Machine 2010,Louis Jacobson,"October 8, 2010",https://www.politifact.com/factchecks/2010/oct/08/sharron-angle/sharron-angle-attacks-harry-reid-over-giving-sex-o/
Erik Wallin,"September 27, 2010","Says Peter Kilmartin voted ""in favor of expanding the 'good behavior' statute to sex offenders.""",false,news release,Rhode Island; Crime; Voting Record,Cynthia Needham,"October 7, 2010",https://www.politifact.com/factchecks/2010/oct/07/erik-wallin/wallin-says-kilmartin-voted-expand-good-behavior-l/
Greg Abbott,"July 16, 2010","""More lives have been lost because of the war with the drug cartels in Juarez alone, just a few blocks from the United States of America, than have been lost in the war in Afghanistan.""",false,interview with Fox News,Afghanistan; Immigration; Crime; Texas,Ciara O'Rourke,"October 5, 2010",https://www.politifact.com/factchecks/2010/oct/05/greg-abbott/attorney-general-greg-abbott-says-more-people-have/
Florida Police Benevolent Association,"September 27, 2010","""Rick Scott's prison plan would cut Florida's prison budget in half, close prisons, and release tens of thousands of prisoners early -- murderers, rapists, sex offenders, armed robbers, drug dealers.""",mostly-false,TV ad.,Crime; Message Machine 2010; Florida,Aaron Sharockman,"October 4, 2010",https://www.politifact.com/factchecks/2010/oct/04/florida-police-benevolent-association/police-union-attacks-rick-scotts-budget-plan-sayin/
Scott Hassett,"September 21, 2010","Says Wisconsin Attorney General J.B. Van Hollen ""knew about (the Ken Kratz sexting) case for nearly a year and did nothing about it.""",false,email to supporters,Legal Issues; Crime; Wisconsin,Tom Kertscher,"October 4, 2010",https://www.politifact.com/factchecks/2010/oct/04/scott-hassett/challenger-scott-hassett-says-attorney-general-jb-/
Tom Ganley,"September 16, 2010","""An organized crime syndicate was extorting money from his (Tom Ganley’s) business, threatening his family, but he fought back and won the FBI's highest civilian award""",true,campaign video,Ohio; Crime; Message Machine 2010,Tom Feran,"September 30, 2010",https://www.politifact.com/factchecks/2010/sep/30/tom-ganley/tom-ganley-touts-role-fbi-investigation/
Tom Ganley,"September 16, 2010",Says he took down the mob in Northeast Ohio,mostly-false,campaign video,Ohio; Crime; Message Machine 2010,Sabrina  Eaton,"September 28, 2010",https://www.politifact.com/factchecks/2010/sep/28/tom-ganley/tom-ganley-touts-role-fbi-investigation/
Jack Conway,"September 14, 2010","Says Rand Paul thinks drug-dealing, theft, burglary and prostitution should be decriminalized.",false,campaign video,National; Crime; Message Machine 2010,Robert Farley,"September 27, 2010",https://www.politifact.com/factchecks/2010/sep/27/jack-conway/jack-conway-campaign-ad-accuses-rand-paul-being-so/
Peter Kilmartin,"September 20, 2010","Kilmartin has helped pass laws to ""create a witness protection program.""",mostly-true,statement on his campaign website,Rhode Island; Candidate Biography; Crime,Cynthia Needham,"September 26, 2010",https://www.politifact.com/factchecks/2010/sep/26/peter-kilmartin/kilmartin-says-he-helped-create-rhode-islands-witn/
Mahmoud Ahmadinejad,"September 19, 2010","It's ""not true"" that since he's been the president, executions in Iran have increased by four times.",false,"ABC's ""This Week""",National; Human Rights; Crime; This Week - ABC News,Robert Farley,"September 23, 2010",https://www.politifact.com/factchecks/2010/sep/23/mahmoud-ahmadinejad/iranian-president-mahmoud-ahmadinejad-denies-execu/
Mahmoud Ahmadinejad,"September 19, 2010","Sakineh Mohammadi Ashtiani ""was never sentenced to stoning.""",false,"ABC's ""This Week""",National; Human Rights; Crime; This Week - ABC News,Robert Farley,"September 22, 2010",https://www.politifact.com/factchecks/2010/sep/22/mahmoud-ahmadinejad/iranian-president-mahmoud-ahmadinejad-claims-woman/
Tom Barrett,"September 21, 2010","""Under Tom Barrett’s leadership, violent crime in Milwaukee has decreased by over 20% -- to its lowest levels in more than 20 years.""",pants-fire,statement on campaign web site,Crime; Wisconsin,Dave Umhoefer,"September 22, 2010",https://www.politifact.com/factchecks/2010/sep/22/tom-barrett/tom-barrett-says-milwaukee-violent-crime-lowest-po/
J.B. Van Hollen,"March 18, 2010","""Over 22,000 unique Internet Protocol addresses -- in Wisconsin alone -- have downloaded child pornography.""",mostly-true,written testimony to a Wisconsin Senate committee,Children; Crime; Wisconsin,Tom Kertscher,"September 15, 2010",https://www.politifact.com/factchecks/2010/sep/15/jb-van-hollen/jb-van-hollen-says-more-22000-ip-addresses-wiscons/
Peter Kilmartin,"September 1, 2010","""When the mayor of Providence's brother wrote over 100 grand in bad checks to the city, Joe Fernandez didn't have the guts to prosecute him. He let him off the hook.""",pants-fire,campaign commercial,Rhode Island; Ethics; Crime; Message Machine 2010,C. Eugene Emery Jr.,"September 10, 2010",https://www.politifact.com/factchecks/2010/sep/10/peter-kilmartin/kilmartin-says-fernandez-didnt-prosecute-mayors-br/
Joseph Fernandez,"August 25, 2010","I ""kicked crooked cops and government officials off the public pension rolls.""",false,candidate mailing,Rhode Island; Candidate Biography; Ethics; Legal Issues; Crime,C. Eugene Emery Jr.,"September 10, 2010",https://www.politifact.com/factchecks/2010/sep/10/joseph-fernandez/fernandez-says-he-stripped-crooked-cops-and-govern/
Charlie Crist,"September 1, 2010","""Florida is enjoying its lowest crime rate in 39 years.""",mostly-true,campaign website,Crime; Florida,Amy Sherman,"September 1, 2010",https://www.politifact.com/factchecks/2010/sep/01/charlie-crist/crist-says-floridas-crime-rate-lower-1971/
Greg Abbott,"August 26, 2010",Says a highway was closed in El Paso because of bullets flying across the border.,true,interview,Drugs; Homeland Security; Crime; Texas,Meghan Ashford-Grooms,"September 1, 2010",https://www.politifact.com/factchecks/2010/sep/01/greg-abbott/ag-greg-abbott-says-el-paso-highway-was-closed-bec/
Florida First Initiative,"August 17, 2010","""Reporters have uncovered another Scott company accused of criminal acts. But Scott won't come clean.""",false,a TV ad.,Candidate Biography; Crime; Message Machine 2010; Florida,Aaron Sharockman,"August 20, 2010",https://www.politifact.com/factchecks/2010/aug/20/florida-first-initiative/bill-mccollum-group-attacks-rick-scotts-new-health/
Bill White,"August 9, 2010",Says Rick Perry's proposal on driver licenses and high school dropouts has been state law since 1989.,half-true,East Texas campaign stop.,Children; Families; Crime; Texas,W. Gardner Selby,"August 20, 2010",https://www.politifact.com/factchecks/2010/aug/20/bill-white/bill-white-says-rick-perrys-proposal-denying-dropo/
Stephen Archambault,"August 12, 2010","Rhode Island is ""at the top of the country for alcohol-related fatalities.""",mostly-true,candidate debate,Rhode Island; Crime,C. Eugene Emery Jr.,"August 19, 2010",https://www.politifact.com/factchecks/2010/aug/19/steve-archambault/archambault-says-rhode-island-top-country-alcohol-/
Todd Staples,"July 15, 2010","Says Democrat Hank Gilbert ""has a criminal conviction for theft, has multiple years of unpaid taxes, has multiple tax liens and fines, unsafe driving convictions (and) has recently been accused of taking a bribe and is on record lying to the press this year about his criminal record.""",half-true,consultant's e-mail to PolitiFact Texas.,Candidate Biography; Crime; Texas,W. Gardner Selby,"August 13, 2010",https://www.politifact.com/factchecks/2010/aug/13/todd-staples/todd-staples-consultant-says-democrat-hank-gilbert/
Pam Bondi,"April 28, 2010",I've shut down pill mills.,mostly-false,speech.,Health Care; Crime; Florida,Aaron Sharockman,"August 11, 2010",https://www.politifact.com/factchecks/2010/aug/11/pam-bondi/ag-candidate-pam-bondi-says-shes-shut-down-pill-mi/
Mike DeWine,"July 30, 2010","""There are currently delays of up to six months in the processing of DNA evidence at the state run crime lab.""",half-true,statement posted to his website,Ohio; Crime,Aaron Marshall,"August 9, 2010",https://www.politifact.com/factchecks/2010/aug/09/mike-dewine/gop-challenger-mike-dewine-says-bci-tests-delayed-/
Holly Benson,"July 31, 2010","""Florida is now the No. 1 state in the country for automobile accident fraud.""",mostly-true,candidates' debate,Consumer Safety; Crime; Florida,Lukas Pleva,"August 5, 2010",https://www.politifact.com/factchecks/2010/aug/05/holly-benson/holly-benson-claims-florida-leads-country-automobi/
Rick Perry,"July 28, 2010","Because of violence spreading from Mexico, ""you’ve got bullets hitting the city hall in El Paso. You’ve got bombs exploding in El Paso.""",half-true,interview,Immigration; Drugs; Homeland Security; Crime; Texas,W. Gardner Selby,"August 5, 2010",https://www.politifact.com/factchecks/2010/aug/05/rick-perry/perry-says-violence-mexico-reaching-el-paso-bullet/
Kasim Reed,"July 9, 2010","When Atlanta Police Chief George Turner was interim head of the department, overall crime fell 14 percent and violent crime dropped 22.7 percent.",mostly-false,press release,Georgia; Crime,Willoughby Mariano,"August 1, 2010",https://www.politifact.com/factchecks/2010/aug/01/kasim-reed/atlanta-mayor-said-city-posted-big-crime-drops-whe/
Jeff Kottkamp,"July 30, 2010","""Only a few months ago the FBI arrested three Broward County Commissioners for accepting millions of dollars in trade for illegal favors.""",false,position paper on his campaign website,Crime; Florida,Amy Sherman,"July 30, 2010",https://www.politifact.com/factchecks/2010/jul/30/jeff-kottkamp/kottkamp-says-three-broward-county-commissioners-a/
Peter Kilmartin,"June 28, 2010","For every $1 spent on afterschool programs, ""we can save over $5, almost $6, in crime costs down the line.""",half-true,speech at the state Democratic convention,Rhode Island; Economy; Education; Crime; Poverty,C. Eugene Emery Jr.,"July 30, 2010",https://www.politifact.com/factchecks/2010/jul/30/peter-kilmartin/kilmartin-claims-1-spent-afterschool-programs-save/
Jane Norton,"July 9, 2010","""Ken Buck's (District Attorney's) office? His spending skyrocketed by 40 percent.""",mostly-true,television ad,National; Crime; Message Machine 2010; States,Angie Drobnic Holan,"July 26, 2010",https://www.politifact.com/factchecks/2010/jul/26/jane-norton/ken-bucks-budget-increased-commissioners-said-it-w/
Rob Portman,"June 28, 2010","Says that Lee Fisher once said, ""I never met a gun control bill I didn’t like.""",false,campaign statement,Ohio; Crime; Guns,Stephen Koff,"July 25, 2010",https://www.politifact.com/factchecks/2010/jul/25/rob-portman/lee-fisher-never-made-infamous-gun-statement/
Bill O'Reilly,"July 17, 2010","""Attorney General Eric Holder is involved in the dismissal of the criminal charges"" against the New Black Panther Party for voter intimidation",false,online column,National; Civil Rights; Elections; Crime; Pundits,Robert Farley,"July 23, 2010",https://www.politifact.com/factchecks/2010/jul/23/bill-oreilly/bill-oreilly-blames-obama-administration-not-pursu/
John Loughlin,"July 9, 2010","Transporting drugs ""is the price of admission"" for people crossing the border illegally.",pants-fire,comment on The Helen Glover Show,Immigration; Rhode Island; Drugs; Homeland Security; Human Rights; Crime; Marijuana,C. Eugene Emery Jr.,"July 20, 2010",https://www.politifact.com/factchecks/2010/jul/20/john-loughlin/loughlin-says-carrying-drugs-price-people-have-pay/
David Cicilline,"July 13, 2010","Providence has ""the lowest crime rate in three decades.""",true,debate,Rhode Island; Crime,C. Eugene Emery Jr.,"July 19, 2010",https://www.politifact.com/factchecks/2010/jul/19/david-cicilline/cicilline-says-providence-crime-rate-lowest-30-yea/
Helen Glover,"July 9, 2010","Phoenix is the kidnapping capital ""of the Western Hemisphere.""",false,comment on her talk show,Immigration; Rhode Island; Crime,C. Eugene Emery Jr.,"July 15, 2010",https://www.politifact.com/factchecks/2010/jul/15/helen-glover/helen-glover-says-phoenix-kidnap-capital-western-h/
Mark Kirk,"June 30, 2010","""At his father's bank, Alexi made tens of millions in risky loans to convicted mobsters. Then, the bank collapsed.""",half-true,campaign video,National; Candidate Biography; Economy; Crime; Message Machine 2010,Robert Farley,"July 8, 2010",https://www.politifact.com/factchecks/2010/jul/08/mark-kirk/senate-candidate-mark-kirk-says-rival-gave-mobster/
Al Hunt,"July 4, 2010","""Crime is down in Arizona.""",true,"appearance on ABC's ""This Week.""",Immigration; National; Crime; This Week - ABC News,Alex Holt,"July 7, 2010",https://www.politifact.com/factchecks/2010/jul/07/al-hunt/bloombergs-al-hunt-says-crime-down-arizona/
Harry Reid,"June 12, 2010","Sharron Angle supported ""a Scientology plan to give massages to prisoners.""",half-true,political ad,National; Crime; Message Machine 2010; Religion,Robert Farley,"June 24, 2010",https://www.politifact.com/factchecks/2010/jun/24/harry-reid/reid-ad-claims-angle-supported-scientology-plan-gi/
David Dewhurst,"June 11, 2010","""Phoenix, Arizona, I'm told, is now the No. 2 kidnapping capital in the world, right behind Mexico City.""",false,speech,Immigration; Crime; Texas,Ciara O'Rourke,"June 18, 2010",https://www.politifact.com/factchecks/2010/jun/18/david-dewhurst/dewhurst-says-phoenix-has-more-kidnappings-any-oth/
Florida Democratic Party,"May 18, 2010","""Last year, (Bill McCollum) spent more than $2.2 million dollars to produce and air campaign-style TV ads where you were featured in almost every frame.""",mostly-true,e-mail message,Children; Crime; Technology; Florida,Trenton Daniel,"May 25, 2010",https://www.politifact.com/factchecks/2010/may/25/florida-democratic-party/florida-democrats-accuse-bill-mccollum-reckless-sp/
David Dewhurst,"May 12, 2010","""You’ve got almost twice as many cops in New York City as you do on our entire border. That’s nuts.""",half-true,interview,Immigration; Homeland Security; Crime; Texas,Meghan Ashford-Grooms,"May 21, 2010",https://www.politifact.com/factchecks/2010/may/21/david-dewhurst/dewhurst-says-nypd-force-almost-twice-size-border-/
Rudy Giuliani,"May 9, 2010",Says federal law enforcement officers cut off questioning of the Christmas Day underwear bomber by giving him a Miranda warning after 30 minutes of questioning.,half-true,interview on ABC's This Week,National; Homeland Security; Legal Issues; Crime; Terrorism; This Week - ABC News,Louis Jacobson,"May 10, 2010",https://www.politifact.com/factchecks/2010/may/10/rudy-giuliani/giuliani-says-us-only-questioned-underwear-bomber-/
Karen Sage,"April 3, 2010","Says that under a new program jail ""time for non-violent, mentally ill offenders has been reduced by 50 percent.""",true,mailer,Crime; Texas,W. Gardner Selby,"April 10, 2010",https://www.politifact.com/factchecks/2010/apr/10/karen-sage/karen-sage-says-jail-time-has-been-cut-50-percent-/
Gil Kerlikowske,"March 31, 2010","""More people are driving under the influence of drugs than are driving under the influence of alcohol. A recent roadside survey showed that 16 percent of the people tested, tested positive for illicit or licit drugs. That's significantly higher than alcohol.""",half-true,interview on C-SPAN's Washington Journal,National; Crime; Transportation; Marijuana,Louis Jacobson,"April 5, 2010",https://www.politifact.com/factchecks/2010/apr/05/gil-kerlikowske/drug-czar-says-more-people-drive-under-influence-d/
John Cornyn,"March 17, 2010","""The spillover violence (from Mexico) in Texas is real and it is escalating.""",mostly-false,a letter to President Barack Obama,Immigration; Crime; Texas,Ciara O'Rourke,"March 28, 2010",https://www.politifact.com/factchecks/2010/mar/28/john-cornyn/cornyn-says-spillover-violence-texas-real-and-esca/
Rick Perry,"March 10, 2010","My ""border security efforts have led to a 60 percent  decrease in border crime.""",pants-fire,Web post,Crime; Texas,Meghan Ashford-Grooms,"March 16, 2010",https://www.politifact.com/factchecks/2010/mar/16/rick-perry/gov-rick-perry-says-his-border-security-efforts-le/
Cathie Adams,"February 20, 2010","""Bill White spent his city billions of dollars into debt (and) saw crime rates soar while he backed gun control.""",mostly-false,fund-raising letter,Bankruptcy; Crime; Guns; Texas,W. Gardner Selby,"March 14, 2010",https://www.politifact.com/factchecks/2010/mar/14/cathie-adams/cathie-adams-chair-texas-gop-says-bill-white-spent/
Jeff Kottkamp,"February 28, 2010","""Nearly all of the top 50 prescribers of oxycodone in the United States are in Florida.""",true,op-ed published,Crime; Florida,Aaron Sharockman,"March 9, 2010",https://www.politifact.com/factchecks/2010/mar/09/jeff-kottkamp/kottkamp-top-50-oxycodone-prescribers/
Charlie Crist,"March 2, 2010","""Florida's new fingerprint identification system is improving our rate of solving cold cases by 300 percent.""",mostly-false,his State of the State address.,Crime; Florida,Aaron Sharockman,"March 8, 2010",https://www.politifact.com/factchecks/2010/mar/08/charlie-crist/new-fingerprint-technology-results-solve-rate-300-/
Charlie Crist,"March 2, 2010","""We are now seeing a decrease in violent crime.""",true,State of the State address,Crime; Florida,Amy Sherman,"March 3, 2010",https://www.politifact.com/factchecks/2010/mar/03/charlie-crist/crist-says-violent-crime-decreased-past-three-year/
Dan Gelber,"February 8, 2010","""Florida leads the nation in elected officials charged with crimes.""",half-true,his campaign blog,Crime; Florida,Robert Farley,"February 25, 2010",https://www.politifact.com/factchecks/2010/feb/25/dan-gelber/gelber-claims-florida-leads-nation-elected-officia/
Joe Biden,"February 16, 2010","""There have been three people tried and convicted by the last administration in military courts. Two are walking the street right now.""",true,"interview on ""Face the Nation""",National; Homeland Security; Legal Issues; Crime; Military; Terrorism,Angie Drobnic Holan,"February 16, 2010",https://www.politifact.com/factchecks/2010/feb/16/joe-biden/two-three-convicted-military-commissions-released/
Farouk Shami,"February 8, 2010","""We have killed lots of innocent people in the state of Texas.""",false,Democratic debate,Legal Issues; Crime; Texas,W. Gardner Selby,"February 14, 2010",https://www.politifact.com/factchecks/2010/feb/14/farouk-shami/farouk-shami-says-state-texas-has-killed-lots-inno/
Bill White,"December 28, 2009","During his tenure as mayor, he ""saw Houston’s crime rates drop to the lowest levels in more than 25 years.""",true,biography on his campaign Web site,Crime; Texas,Meghan Ashford-Grooms,"January 13, 2010",https://www.politifact.com/factchecks/2010/jan/13/bill-white/white-says-crime-hit-25-year-low-during-his-tenure/
Barbara Ann Radnofsky,"October 22, 2009","""The attorney general requires that rape victims pay for the rape kit.""",pants-fire,a Web site video,Crime; Women; Texas,Meghan Ashford-Grooms,"January 12, 2010",https://www.politifact.com/factchecks/2010/jan/12/barbara-ann-radnofsky/radnofsky-says-attorney-general-requires-rape-vict/
Ann Coulter,"October 15, 2009","""Husbands rarely beat up their wives. Single women get beaten up more.""",half-true,interview on Sean Hannity's show on the Fox News Channel,National; Crime; Pundits,Robert Farley,"October 22, 2009",https://www.politifact.com/factchecks/2009/oct/22/ann-coulter/coulter-says-husbands-rarely-beat-their-wives/
John Kline,"October 8, 2009","Under the Hate Crimes bill, ""any pastor, preacher, priest, rabbi or imam who gives a sermon out of their moral traditions about sexual practices could be found guilty of a federal crime.""",false,press release,National; Crime,Robert Farley,"October 9, 2009",https://www.politifact.com/factchecks/2009/oct/09/john-kline/rep-john-kline-and-other-republicans-say-under-hat/
Public Citizen,"July 10, 2009","A loophole ""still exists which allows members of Congress and high-powered executive branch appointees to exploit 'insider' knowledge of the financial industry in order to turn personal profit.""",true,email to supporters,National; Crime,Catharine Richert,"August 6, 2009",https://www.politifact.com/factchecks/2009/aug/06/public-citizen/public-citizen-gets-it-right-about-insider-trading/
Arianna Huffington,"July 26, 2009","Only 15 percent of drug users are African-American, yet 74 percent of all drug offenders sentenced to prison are black",half-true,This Week with George Stephanopoulos,National; Legal Issues; Crime; Pundits; Marijuana,Louis Jacobson,"July 28, 2009",https://www.politifact.com/factchecks/2009/jul/28/arianna-huffington/arianna-huffington-calls-drug-imprisonment-rates-b/
Bill Bennett,"July 26, 2009","""Four percent of American citizens are black males, but they are 35 percent of murder victims.""",mostly-true,CNN's State of the Union with John King,National; Census; Legal Issues; Crime; Pundits,Louis Jacobson,"July 28, 2009",https://www.politifact.com/factchecks/2009/jul/28/bill-bennett/black-men-are-4-percent-americans-35-percent-murde/
Steve King,"May 6, 2009","The federal Hate Crimes Prevention Act bill would create ""special protection for pedophiles.""",pants-fire,Fox News interview,National; Crime,Robert Farley,"May 14, 2009",https://www.politifact.com/factchecks/2009/may/14/steve-king/rep-steve-king-claims-federal-hate-crime-law-would/
Republican Party of Florida,"October 20, 2008","""Barack Obama has consistently voted against tougher penalties for criminals.""",false,campaign mailer,National; Drugs; Families; Crime; Public Safety; Marijuana,Robert Farley,"October 27, 2008",https://www.politifact.com/factchecks/2008/oct/27/republican-party-florida/felony-cherry-picking/
Bloggers,"September 12, 2008","Sarah Palin endorsed a Wasilla policy that charged sexual assault victims for their ""rape kits.""",half-true,blog postings on many Web sites.,National; Crime,Bill Adair,"September 22, 2008",https://www.politifact.com/factchecks/2008/sep/22/blog-posting/wasilla-had-the-policy-but-palin-didnt-comment-on-/
Chain email,"August 31, 2008","Palin ""fired Wasilla's Police Chief because he 'intimidated' her.""",mostly-true,an e-mail message,National; Crime,Angie Drobnic Holan,"September 9, 2008",https://www.politifact.com/factchecks/2008/sep/09/chain-email/however-loyalty-was-the-overriding-issue/
Barack Obama,"August 23, 2008","""Joe Biden wrote the Violence Against Women Act ... the rate of domestic violence went down dramatically.""",mostly-true,"Springfield, Ill.",National; Crime,Richard Rubin,"August 24, 2008",https://www.politifact.com/factchecks/2008/aug/24/barack-obama/cause-and-effect-possible-but-not-clear/
Barack Obama,,"""Joe Biden brought Republicans and Democrats together to pass the 1994 crime bill, putting 100,000 cops on the streets and starting an eight-year drop in crime across the country.""",half-true,,National; Crime,Robert Farley,"August 24, 2008",https://www.politifact.com/factchecks/2008/aug/24/barack-obama/bidens-crime-bill-helped-some/
Focus on the Family Action,"March 26, 2008","Obama ""supports hate-crimes expansion ... potentially putting churches at risk if they preach the truth about homosexuality.""",false,article written by Tom Minnery,National; Civil Rights; Crime; LGBTQ; Religion,Robert Farley,"April 23, 2008",https://www.politifact.com/factchecks/2008/apr/23/focus-family-action/the-first-amendment-is-still-in-effect/
Hillary Clinton,"April 16, 2008","""More than one person, on average, a day is murdered in Philadelphia.""",half-true,Philadelphia,National; Crime,Angie Drobnic Holan,"April 17, 2008",https://www.politifact.com/factchecks/2008/apr/17/hillary-clinton/murder-rate-is-down-this-year/
Mitt Romney,"December 17, 2007","Huckabee ""granted 1,033 pardons and commutations . . . more clemencies than the previous three governors combined.""",true,TV ad airing,National; Crime,Bill Adair,"December 28, 2007",https://www.politifact.com/factchecks/2007/dec/28/mitt-romney/yes-huckabee-pardoned-many/
Mike Huckabee,"December 19, 2007","Romney refused to pardon ""a decorated soldier"" returning from Iraq who had been charged with a crime involving a BB gun when he was 13.",true,interview on MSNBC's Morning Joe.,National; Crime,Bill Adair,"December 28, 2007",https://www.politifact.com/factchecks/2007/dec/28/mike-huckabee/romney-refused-to-pardon-soldier-and-everyo/
Rudy Giuliani,"November 24, 2007","""Murder went up"" when Romney was governor. ""Robbery went up. Violent crimes went up.""",half-true,newspaper interview.,National; Crime,Angie Drobnic Holan,"November 26, 2007",https://www.politifact.com/factchecks/2007/nov/26/rudy-giuliani/murders-went-up-but-all-violence-declined/
Mitt Romney,"November 25, 2007","""The truth of the matter is that during my administration, the FBI's crime statistics show that violent crime was reduced in Massachusetts by 7 percent.""",true,interview,National; Crime,Angie Drobnic Holan,"November 26, 2007",https://www.politifact.com/factchecks/2007/nov/26/mitt-romney/overall-violence-declined-under-romney/
Joe Biden,"November 2, 2007","""In the 1990s, the Biden Crime Bill added 100,000 cops to America's streets. As a result, murder and violent crime rates went down eight years in a row.""",false,statement on Web site,National; Crime,Wes Allison,"November 2, 2007",https://www.politifact.com/factchecks/2007/nov/02/joe-biden/call-the-exaggeration-police/
Joe Biden,"October 30, 2007","""Here's a man who brags about how he made the city safe. It was the Biden crime bill that became the Clinton crime bill that allowed him to do that.""",mostly-false,Philadelphia,National; Crime,Wes Allison,"November 2, 2007",https://www.politifact.com/factchecks/2007/nov/02/joe-biden/trying-to-out-rudy-rudy/
Rudy Giuliani,"May 31, 2007","""Fifty-six percent decline in overall crime. A 73 percent decline in motor-vehicle theft. A 67 percent decline in robbery. A 66 percent decline in murder. This is way beyond what happened in the nation during this period of time.",true,"New York, N.Y.",National; Crime,Wes Allison,"October 26, 2007",https://www.politifact.com/factchecks/2007/oct/26/rudy-giuliani/hes-got-his-numbers-right/
Rudy Giuliani,"October 21, 2007","""I brought down crime more than anyone in this country -- maybe in the history of this country -- while I was mayor of New York City."" -",mostly-false,debate,National; Crime,Wes Allison,"October 22, 2007",https://www.politifact.com/factchecks/2007/oct/22/rudy-giuliani/updated-the-turn-around-started-before-rudy-did/
Rudy Giuliani,"May 31, 2007","""The crime decline in the United States would be fairly small if it wasn't for the crime decline in New York City.""",false,New York.,National; Crime,Wes Allison,"September 1, 2007",https://www.politifact.com/factchecks/2007/sep/01/rudy-giuliani/sorry-new-york-is-not-that-big/
Mike Gravel,"June 28, 2007","""In 1972, we had a 179,000 human beings in jail in this country. Today, it's 2.3-million, and 70 percent of them are black, African-American.""",pants-fire,debate at Howard University.,National; Crime,David DeCamp,"August 30, 2007",https://www.politifact.com/factchecks/2007/aug/30/mike-gravel/hes-off-way-off-on-whos-in-prison/
Fred Thompson,"August 20, 2007","""... study after study has shown that the death penalty deters murders.""",half-true,ABC radio commentary.,National; Crime,John Frank,"August 21, 2007",https://www.politifact.com/factchecks/2007/aug/21/fred-thompson/thompson-ignores-contrary-death-penalty-research/
