statement_originator,statement_date,statement,verdict,statement_source,tags,factchecker,factcheck_date,factcheck_analysis_link
Donald Trump,"January 11, 2026",Credit card companies would be “in violation of the law” if they don’t cap interest rates at 10% by Jan. 20.,false,remarks to reporters,Congress; Economy; Financial Regulation; Legal Issues,Louis Jacobson,"January 12, 2026",https://www.politifact.com/factchecks/2026/jan/12/donald-trump/trump-credit-card-interest-rate-10-percent-law/
Donald Trump,"November 6, 2025",Walmart’s 2025 package of Thanksgiving dinner ingredients shows a “25% reduction in costs for Thanksgiving between (President Joe) Biden and me.”,mostly-false,remarks at a dinner,Agriculture; Economy; Food,Louis Jacobson,"November 14, 2025",https://www.politifact.com/factchecks/2025/nov/14/donald-trump/walmart-thanksgiving-grocery-prices-inflation/
Scott Bessent,"October 26, 2025","""Overall, the inflation since President Trump” took office “has come down.""",half-true,"interview on NBC's ""Meet the Press""",Economy,Louis Jacobson,"October 29, 2025",https://www.politifact.com/factchecks/2025/oct/29/scott-bessent/overall-inflation-decline-trump/
X posts,"September 19, 2025","Thirty percent of U.S. medical residents are international medical graduates, and 10,000 of 43,000 residency spots are filled by H-1B visa holders.",half-true,X post,Immigration; National; Economy; Health Care; Labor,Maria Briceño,"October 2, 2025",https://www.politifact.com/factchecks/2025/oct/02/tweets/H-1B-visas-medical-residents-us-100000/
Donald Trump,"September 19, 2025",The U.S. currently has “no inflation.”,false,exchange with reporters,Economy,Louis Jacobson,"September 24, 2025",https://www.politifact.com/factchecks/2025/sep/24/donald-trump/no-inflation-consumer-index-prices/
Donald Trump,"August 26, 2025",“Groceries are down. Energy is way down. ... Was $4 and $5 for a gallon of gas.”,half-true,Cabinet meeting,Economy; Energy,Louis Jacobson,"September 5, 2025",https://www.politifact.com/factchecks/2025/sep/05/donald-trump/prices-energy-groceries-gasoline-inflation/
Donald Trump,"August 26, 2025",“The average American worker has already seen a $500 wage increase this year.”,half-true,Cabinet meeting,Economy; Jobs; Workers,Louis Jacobson,"September 5, 2025",https://www.politifact.com/factchecks/2025/sep/05/donald-trump/wage-increase-500-dollars-2025-workers/
Donald Trump,"August 5, 2025","Bureau of Labor Statistics employment numbers “were rigged” when the agency revised them “down by almost 900,000 jobs” after the 2024 election.",pants-fire,interview on CNBC,Economy; Jobs,Louis Jacobson,"August 5, 2025",https://www.politifact.com/factchecks/2025/aug/05/donald-trump/bls-firing-jobs-revision-election/
Ritchie Torres,"July 20, 2025","“Since Donald Trump's inauguration, we have seen an 11% decline in the value of the dollar, the steepest decline in more than a half a century.”",mostly-true,"interview on CNN's ""State of the Union""",Economy; Foreign Policy; Trade,Louis Jacobson,"July 25, 2025",https://www.politifact.com/factchecks/2025/jul/25/ritchie-torres/dollar-decline-currency-foreign-exchange/
Gavin Newsom,"July 14, 2025",“California provides $83.1 billion more than we receive from the federal government. Texas? Receives $71.1 billion more than they provide to the federal government. 71% of the U.S. GDP comes from blue counties.”,mostly-true,podcast interview,Economy; Federal Budget; States; Taxes,Louis Jacobson,"July 18, 2025",https://www.politifact.com/factchecks/2025/jul/18/gavin-newsom/california-texas-federal-balance-payments-gdp/
Kevin Hassett,"July 6, 2025","A Congressional Budget Office estimate of people who stand to lose insurance from President Donald Trump’s tax and spending law said “about 5 million … have other insurance,” so “if they lose one (type of coverage), they're still insured.”",mostly-false,"interview with CBS News' ""Face the Nation""",Economy; Health Care; Medicaid,Louis Jacobson,"July 11, 2025",https://www.politifact.com/factchecks/2025/jul/11/kevin-hassett/medicaid-cuts-five-million-double-coverage/
Donald Trump,"June 25, 2025",New York City mayoral candidate Zohran Mamdani is a communist.,false,Truth Social post,City Government; Corrections and Updates; Economy; New York,Ella Moore,"June 26, 2025",https://www.politifact.com/factchecks/2025/jun/26/donald-trump/Zohran-Mamdani-democratic-socialist-communist-NYC/
Scott Bessent,"May 18, 2025","“Gasoline prices have collapsed under President Trump.""",mostly-false,"remarks on NBC's ""Meet the Press""",Economy; Gas Prices; Trade,Louis Jacobson,"May 20, 2025",https://www.politifact.com/factchecks/2025/may/20/scott-bessent/gasoline-prices-fallen-trump-crude-oil/
Donald Trump,"May 8, 2025","Declining cargo traffic at U.S. ports “means we lose less money. … When you say it's slowed down, that's a good thing.”",false,event,Economy; Trade,Louis Jacobson,"May 16, 2025",https://www.politifact.com/factchecks/2025/may/16/donald-trump/cargo-slowdown-ports-economy-impact/
Donald Trump,"May 8, 2025",“We have now close to $10 trillion” in investments. “We’re talking about essentially two months.”,false,"interview with NBC's ""Meet the Press""",Economy,Madison Czopek,"May 8, 2025",https://www.politifact.com/factchecks/2025/may/08/donald-trump/foreign-corporate-investment-10-trillion/
Tim Walz,"April 6, 2025","“Less than half of Americans have $1,000 in savings.”",mostly-false,interview,Corrections and Updates; Economy,Claire Cranford,"April 16, 2025",https://www.politifact.com/factchecks/2025/apr/16/tim-walz/is-tim-walz-right-americans-have-1000-in-savings/
Donald Trump,"April 9, 2025","In 2024, “China made $1 trillion off trade with the United States.”",false,remarks at a White House event,Economy; Trade,Louis Jacobson,"April 11, 2025",https://www.politifact.com/factchecks/2025/apr/11/donald-trump/donald-trump-wrong-china-1-trillion-trade-deficit/
Donald Trump,"April 8, 2025",The U.S. is “taking in almost $2 billion a day in tariffs.”,false,speech,National; Economy; Trade,Amy Sherman,"April 10, 2025",https://www.politifact.com/factchecks/2025/apr/10/donald-trump/fact-check-trump-said-tariffs-collections-are-almo/
Brooke Rollins,"April 6, 2025",“We had an agriculture export deficit that increased from zero when President Trump left to $49 billion” under former President Joe Biden.,mostly-false,interview,Agriculture; National; Economy; Trade,Maria Ramirez Uribe,"April 9, 2025",https://www.politifact.com/factchecks/2025/apr/09/brooke-rollins/ag-secretary-brooke-rollins-misleads-on-trade-defi/
X posts,"April 7, 2025","Says Kevin Hassett, National Economic Council director, said on April 7, “Trump is considering a 90-day pause in tariffs for all countries except China.”",false,posts on X,Corrections and Updates; Economy,Madison Czopek,"April 8, 2025",https://www.politifact.com/factchecks/2025/apr/08/tweets/trump-hassett-tariff-pause-stock-market-rally-x/
Donald Trump,"April 2, 2025",“Egg prices came down 50%”,half-true,speech announcing tariffs,National; Economy; Food,Louis Jacobson,"April 4, 2025",https://www.politifact.com/factchecks/2025/apr/04/donald-trump/fact-checking-trumps-statement-about-declining-egg/
Cory Booker,"April 1, 2025","""The consumer confidence in this country has gone way down.""",true,Senate floor speech,Economy,Louis Jacobson,"April 3, 2025",https://www.politifact.com/factchecks/2025/apr/03/cory-booker/has-consumer-confidence-fallen-as-cory-booker-said/
Donald Trump,"March 26, 2025",“We have automobile plants being built at levels we've never seen … and they're going up fast.”,mostly-false,interview with Newsmax,Economy; Trade,Louis Jacobson,"March 28, 2025",https://www.politifact.com/factchecks/2025/mar/28/donald-trump/fact-checking-donald-trump-on-whether-automobile-p/
Facebook posts,"March 21, 2025",Elon Musk said “Tesla is finished” and needs “drastic changes immediately.”,false,a Facebook post,Economy; Technology; DOGE,Claire Cranford,"March 26, 2025",https://www.politifact.com/factchecks/2025/mar/26/facebook-posts/no-elon-musk-didnt-say-tesla-is-doomed/
Karoline Leavitt,"March 11, 2025",“Tariffs are a tax cut for the American people.”,false,White House press briefing,Economy; Trade; Taxes,Louis Jacobson,"March 13, 2025",https://www.politifact.com/factchecks/2025/mar/13/karoline-leavitt/karoline-leavitt-says-tariffs-are-a-tax-cut-econom/
JD Vance,"March 10, 2025","“Under the previous administration … the cost of a median-price home in America more than doubled, and that was just in four years.”",mostly-true,speech,Economy; Housing,Louis Jacobson,"March 12, 2025",https://www.politifact.com/factchecks/2025/mar/12/jd-vance/did-the-cost-of-buying-a-home-double-under-joe-bid/
Rick Scott,"March 9, 2025",“The number of full-time jobs (was) dropping almost the entire Biden administration.”,false,"interview on CNN's ""State of the Union""",Economy; Jobs,Louis Jacobson,"March 11, 2025",https://www.politifact.com/factchecks/2025/mar/11/rick-scott/sen-rick-scott-wrong-that-full-time-jobs-dropped-u/
X posts,"March 7, 2025 in","During President Joe Biden’s four years in office, “31% of U.S. job growth” came from public-sector jobs.",false,on social media,Economy; Jobs,Louis Jacobson,"March 11, 2025",https://www.politifact.com/factchecks/2025/mar/11/tweets/end-wokeness-post-overstates-government-jobs-role/
Tony Evers,"December 28, 2024","“After 30 years of Wisconsin’s checking account running a deficit, we've ended every fiscal year I've been governor with a positive balance. Today, we have a $4.5 billion positive balance, and a record-high balance in our state savings account.""",mostly-true,"X, formerly Twitter",Economy; State Budget; States,Hope Karnopp,"January 15, 2025",https://www.politifact.com/factchecks/2025/jan/15/tony-evers/does-wisconsin-have-record-high-budget-balances-un/
Bernie Sanders,"January 2, 2025","H-1B guest workers are “being employed as dog trainers, massage therapists, cooks, and English teachers.”",mostly-false,statement to the media,Immigration; National; Congress; Economy; Education; Labor,Amy Sherman,"January 9, 2025",https://www.politifact.com/factchecks/2025/jan/09/bernie-sanders/are-h-1b-visa-holders-hired-as-dog-trainers-massag/
Kathy Hochul,"November 19, 2024","We’ve created 732,000 jobs since I've been governor.",mostly-true,public event,Economy; Jobs; New York,Jill Terreri Ramos,"December 26, 2024",https://www.politifact.com/factchecks/2024/dec/26/kathy-hochul/job-growth-on-hochuls-watch-helped-by-pandemic-rec/
Sara Jacobs,"December 18, 2024",Government shutdowns in 2013 and 2018 “cost our economy billions of dollars each.”,true,X post,National; Congress; Economy; Federal Budget; DOGE,Louis Jacobson,"December 19, 2024",https://www.politifact.com/factchecks/2024/dec/19/sara-jacobs/fact-check-past-government-shutdowns-cost-billions/
Social Media,"December 6, 2024",UnitedHealthcare posted a job opening for a CEO 24 hours after its CEO was killed.,false,social media posts,Economy; Fake news; Health Care; Jobs,Sofia Ahmed,"December 9, 2024",https://www.politifact.com/factchecks/2024/dec/09/social-media/unitedhealthcare-did-not-advertise-for-a-new-ceo-a/
Donald Trump,"October 6, 2024","“With your Democrat governor, you have some of the highest electricity prices and highest energy costs. It’s just about at the top in Wisconsin.”",false,Rally,National; Economy; Energy; Wisconsin,Madeline Heim,"November 26, 2024",https://www.politifact.com/factchecks/2024/nov/26/donald-trump/president-elect-trump-says-wisconsins-electric-and/
Threads posts,"November 13, 2024","Nissan just announced 9,000 layoffs in Tennessee “to avoid severe losses due to expected tariffs.”",false,Threads post,National; Tennessee; Economy; Facebook Fact-checks,Jeff Cercone,"November 14, 2024",https://www.politifact.com/factchecks/2024/nov/14/threads-posts/nissans-planned-job-cuts-not-related-to-potential/
Bernie Sanders,"November 10, 2024",Inflation-adjusted weekly wages “are lower today than they were 50 years ago.”,false,"interview on CNN's ""State of the Union""",Economy; Jobs,Louis Jacobson,"November 11, 2024",https://www.politifact.com/factchecks/2024/nov/11/bernie-sanders/are-inflation-adjusted-wages-lower-now-than-50-yea/
Tammy Baldwin,"October 18, 2024",Says opponent Eric Hovde “opposes efforts to negotiate with the big pharmaceutical companies to lower the price of prescription drugs.”,mostly-false,TV debate,Economy; Elections; Medicare; Wisconsin; 2024 Senate Elections,D.L. Davis,"October 31, 2024",https://www.politifact.com/factchecks/2024/oct/31/tammy-baldwin/baldwin-falls-short-with-claim-on-hovdes-stance-on/
Climate Power,"October 18, 2024",Says Eric Hovde “claims anyone who believes in transitioning to a clean energy economy is ‘smoking crack cocaine.’”,false,Organization email,Environment; Economy; Energy; Wisconsin,Madeline Heim,"October 30, 2024",https://www.politifact.com/factchecks/2024/oct/30/climate-power/no-hovde-didnt-say-people-who-believe-in-transitio/
Byron Donalds,"October 13, 2024",“Wages adjusted for inflation were massively up under Donald Trump for Black men. … The (Black-white) wage gap in 2019 was actually shrinking under Donald Trump's administration.”,mostly-false,"interview on CNN's ""State of the Union""",Economy; Race and Ethnicity; Workers; Florida,Louis Jacobson,"October 15, 2024",https://www.politifact.com/factchecks/2024/oct/15/byron-donalds/fact-checking-misleading-claims-about-black-wage-g/
Threads posts,"October 3, 2024",The U.S. government is offering Americans loans to pay for flights out of Lebanon while they have been flying Israeli citizens out of Israel on chartered flights for a year “on our dime.”,false,Threads post,Economy; Israel; Government Regulation,Sofia Ahmed,"October 9, 2024",https://www.politifact.com/factchecks/2024/oct/09/threads-posts/americans-in-lebanon-and-israel-had-to-pay-for-the/
Kamala Harris,"October 7, 2024","""We now have historic low unemployment in America among all groups of people.""",half-true,"interview on CBS's ""60 Minutes""",Economy; Jobs; Workers,Louis Jacobson,"October 8, 2024",https://www.politifact.com/factchecks/2024/oct/08/kamala-harris/kamala-harris-on-60-minutes-said-unemployment-is-a/
Social Media,"September 24, 2024","Vice President Kamala Harris responded, “Next question please,” when asked about the economy during an Aug. 29 CNN interview.",pants-fire,social media posts,Economy; Elections; Race and Ethnicity,Sofia Ahmed,"September 27, 2024",https://www.politifact.com/factchecks/2024/sep/27/social-media/next-question-please-was-not-kamala-harris-respons/
Kamala Harris,"September 25, 2024","“Even before the pandemic, (Donald Trump) lost manufacturing jobs, by most people’s estimates at least 200,000.”",mostly-false,interview with MSNBC,Economy; Jobs,Louis Jacobson,"September 26, 2024",https://www.politifact.com/factchecks/2024/sep/26/kamala-harris/kamala-harris-exaggerates-scale-of-prepandemic-man/
Americans for Prosperity Action,"September 4, 2024","The Inflation Reduction Act, which Rep. Elissa Slotkin supported, “drove inflation higher.”",false,Meta ad,Economy; Michigan; 2024 Senate Elections,Caleb McCullough,"September 26, 2024",https://www.politifact.com/factchecks/2024/sep/26/americans-for-prosperity-action/ad-targeting-elissa-slotkin-on-inflation-reduction/
Tim Walz,"September 21, 2024","“Donald Trump added more to the national debt than any other president, ever.”",half-true,"Bethlehem, Pa.",Debt; Economy; Elections,Louis Jacobson,"September 25, 2024",https://www.politifact.com/factchecks/2024/sep/25/tim-walz/fact-checking-tim-walz-on-which-president-added-th/
Senate Leadership Fund,"September 17, 2024","“Two years ago, Bob Casey promised us his vote will reduce inflation. ... Casey’s vote for reckless spending” made inflation worse.",mostly-false,TV ad,Economy; 2024 Senate Elections,Louis Jacobson,"September 25, 2024",https://www.politifact.com/factchecks/2024/sep/25/senate-leadership-fund/gop-campaign-group-distorts-the-timeline-to-blame/
Donald Trump,"August 28, 2024","“Kamala Harris has promised amnesty for the 10 million illegals she allowed in as border czar, making them eligible for Social Security. Studies warn this will lead to cuts in your Social Security benefits.""",false,ad,Immigration; Economy; Social Security,Maria Ramirez Uribe,"September 18, 2024",https://www.politifact.com/factchecks/2024/sep/18/donald-trump/donald-trump-ad-makes-false-claims-about-kamala-ha/
Tim Sheehy,"August 21, 2024",The “‘Inflation Reduction Act’ increased inflation and drove prices sky high!”,false,X post,Economy; 2024 Senate Elections,Louis Jacobson,"September 17, 2024",https://www.politifact.com/factchecks/2024/sep/17/tim-sheehy/montana-senate-candidate-tim-sheehy-wrongly-blames/
Donald Trump,"September 7, 2024","Vice President Kamala Harris “cast the tiebreaking votes that caused the worst inflation in American history, costing a typical American family $28,000.”",mostly-false,rally,Economy; Families,Louis Jacobson,"September 8, 2024",https://www.politifact.com/factchecks/2024/sep/08/donald-trump/fact-checking-donald-trump-on-the-scale-and-causes/
Donald Trump,"August 26, 2024",Vice President Kamala Harris “is a communist. … She is really a Marxist.”,pants-fire,interview with a podcaster,National; Economy; Elections,Amy Sherman,"September 4, 2024",https://www.politifact.com/factchecks/2024/sep/04/donald-trump/fact-check-trump-called-kamala-harris-a-communist/
Kamala Harris,"August 22, 2024","Former President Donald Trump ""intends to enact what, in effect, is a national sales tax ... that would raise prices on middle-class families by almost $4,000 a year.""",half-true,her acceptance speech at the Democratic National Convention,Economy; Trade; Taxes,Louis Jacobson,"August 30, 2024",https://www.politifact.com/factchecks/2024/aug/30/kamala-harris/would-donald-trumps-proposed-tariffs-hit-typical-f/
JD Vance,"August 25, 2024","“Anything that you lose on the tariff from the perspective of the consumer, you gain in higher wages, so you're ultimately much better off.”",false,"interview on NBC's ""Meet the Press""",Economy; Elections; Workers,Louis Jacobson,"August 29, 2024",https://www.politifact.com/factchecks/2024/aug/29/jd-vance/most-economists-and-analyses-say-jd-vance-is-wrong/
Bob Casey,"August 22, 2024",“Prices are up because these corporations are scheming to drive them up.”,mostly-false,speech at the 2024 Democratic National Convention,Economy; Pennsylvania; 2024 Senate Elections,Madison Czopek,"August 28, 2024",https://www.politifact.com/factchecks/2024/aug/28/bob-casey/sen-bob-casey-said-prices-are-up-because-of-schemi/
Donald Trump,"August 21, 2024",“The Harris-Biden Administration has been caught fraudulently manipulating Job Statistics.”,pants-fire,Truth Social post,Economy; Jobs,Louis Jacobson,"August 23, 2024",https://www.politifact.com/factchecks/2024/aug/23/donald-trump/donald-trumps-pants-on-fire-claim-that-biden-harri/
Tim Walz,"August 14, 2024",Former President Donald Trump “cut overtime benefits for millions of workers.”,mostly-false,speech,National; Economy; Elections; Labor,Amy Sherman,"August 20, 2024",https://www.politifact.com/factchecks/2024/aug/20/tim-walz/fact-check-tim-walz-misleads-about-trump-and-overt/
Instagram posts,"August 13, 2024",Kamala Harris voted in favor of passing a law in 2022 to tax tips.,false,Instagram post,Economy; Elections,Sofia Ahmed,"August 15, 2024",https://www.politifact.com/factchecks/2024/aug/15/instagram-posts/no-kamala-harris-didnt-vote-in-2022-for-a-law-that/
Joe Biden,"August 2, 2024","""Since Vice President Harris and I took office … incomes have risen faster than prices.""",mostly-true,written statement,Economy; Income,Louis Jacobson,"August 6, 2024",https://www.politifact.com/factchecks/2024/aug/06/joe-biden/have-incomes-outpaced-inflation-since-joe-biden-to/
Pete Buttigieg,"July 28, 2024","“Even before the pandemic, America went into a manufacturing recession.”",mostly-true,interview on Fox News Sunday,Economy; Jobs,Louis Jacobson,"July 31, 2024",https://www.politifact.com/factchecks/2024/jul/31/pete-buttigieg/was-us-manufacturing-in-recession-before-the-pande/
Joe Biden,"May 16, 2024","""The Trump administration handed out taxpayer dollars to a foreign company. Hundreds of homes and farms were bulldozed, and over $500 million in taxpayer dollars were wasted preparing for Foxconn.""",half-true,News release,National; Corporations; Economy; Elections; Taxes; Wisconsin,D.L. Davis,"July 13, 2024",https://www.politifact.com/factchecks/2024/jul/13/joe-biden/biden-campaign-hits-and-misses-with-trump-and-foxc/
Facebook posts,"June 13, 2024",“Saudi Arabia will stop using the US dollar for oil sales and will not renew the 50-year petro-dollar agreement with the U.S.”,false,post on Facebook,Economy; Trade,Madison Czopek,"June 20, 2024",https://www.politifact.com/factchecks/2024/jun/20/facebook-posts/the-us-dollar-will-continue-to-be-used-for-oil-sal/
Donald Trump,"June 15, 2024",The Trump administration “achieved the lowest African American unemployment rate and the lowest African American poverty rate ever recorded.”,half-true,remarks,Economy; Jobs; Race and Ethnicity; Poverty,Louis Jacobson,"June 20, 2024",https://www.politifact.com/factchecks/2024/jun/20/donald-trump/black-poverty-unemployment-set-record-lows-on-trum/
Joe Biden,"June 4, 2024",“Wage increases have exceeded” the cost of inflation.,half-true,interview with Time magazine,Economy; Workers,Louis Jacobson,"June 6, 2024",https://www.politifact.com/factchecks/2024/jun/06/joe-biden/have-wages-exceeded-inflation-under-joe-biden/
Jared Polis,"May 15, 2024","Tariffs are a “direct, regressive tax on Americans” and President Joe Biden’s new tariffs on Chinese goods will “hit every family.”",half-true,X post,China; Economy; Energy; Taxes,Louis Jacobson,"May 17, 2024",https://www.politifact.com/factchecks/2024/may/17/jared-polis/will-joe-bidens-new-china-tariffs-hit-every-family/
Joe Biden,"May 14, 2024",Inflation “was 9% when I came to office.”,false,interview with Yahoo Finance,Economy,Louis Jacobson,"May 15, 2024",https://www.politifact.com/factchecks/2024/may/15/joe-biden/joe-biden-wrong-that-he-inherited-9-inflatio/
Tyler August,"May 3, 2024",“Nearly 90% of all UW graduates stay in Wisconsin 5 years after they graduate.”,true,Newsletter,Economy; Education; States; Wisconsin,Sophia Voight,"May 15, 2024",https://www.politifact.com/factchecks/2024/may/15/tyler-august/how-likely-are-in-state-uw-students-to-stay-in-wis/
Nancy Pelosi,"April 29, 2024",Former President Donald Trump “has the worst record of job loss of any president.”,half-true,interview with MSNBC,Economy; Jobs,Louis Jacobson,"May 2, 2024",https://www.politifact.com/factchecks/2024/may/02/nancy-pelosi/nancy-pelosi-omits-pandemic-in-singling-out-job-lo/
Robert F. Kennedy Jr.,"March 31, 2024","""The much-trumpeted job growth in the last year was ENTIRELY part-time jobs.""",half-true,post on X,Economy; Jobs,Louis Jacobson,"April 26, 2024",https://www.politifact.com/factchecks/2024/apr/26/robert-f-kennedy-jr/was-last-years-us-job-growth-all-from-part-time/
Facebook posts,"April 19, 2024","Dollar Tree, Walgreens, Macy’s, Foot Locker, Gap, Burger King, Regal Cinemas and Kroger have had mass store closures during Joe Biden’s presidency.",half-true,Facebook post,Economy; Elections; Facebook Fact-checks,Sara Swann,"April 24, 2024",https://www.politifact.com/factchecks/2024/apr/24/facebook-posts/have-there-been-mass-store-closures-under-presiden/
Marco Rubio,"April 11, 2024","“It's very misleading when (President Biden) says (inflation) used to be at 9%. This is compounding. It’s not like it went down from 9% to 3%. This is building month after month. The better way to think about it is that it’s 18%, 19% over the last three years.""",half-true,interview with Fox News,Economy; Florida,Louis Jacobson,"April 17, 2024",https://www.politifact.com/factchecks/2024/apr/17/marco-rubio/marco-rubio-says-joe-biden-is-being-very-misleadin/
Joe Biden,"April 8, 2024","Speaking of semiconductor industry jobs, ""Know what the average salary is? $110,000. You don't need a college degree.""",mostly-false,speech,National; Economy; Education; Jobs,Marta Campabadal Graus,"April 15, 2024",https://www.politifact.com/factchecks/2024/apr/15/joe-biden/fact-checking-joe-bidens-claim-on-education-requir/
JD Vance,"March 14, 2024",Says “100% of net job creation under the Biden administration has gone to the foreign-born.”,mostly-false,interview with Fox News,Immigration; Corrections and Updates; Economy; Jobs; Race and Ethnicity,Louis Jacobson,"March 27, 2024",https://www.politifact.com/factchecks/2024/mar/27/jd-vance/is-vance-right-that-native-born-Americans/
Simon Rosenberg,"March 8, 2024","“Since 1989 and a new age of globalization began, 51 million jobs have been created in America. 49 million, 96%, have been created under Democratic presidents.”",mostly-true,post on X,Economy; Jobs,Louis Jacobson,"March 21, 2024",https://www.politifact.com/factchecks/2024/mar/21/simon-rosenberg/have-96-of-jobs-created-over-35-years-emerged-unde/
Brian Schimming,"March 13, 2024","“On Joe Biden’s watch, Wisconsin has lost 6,000 manufacturing jobs and 455 dairy farms in the last year.”",mostly-false,Statement,National; Economy; Jobs; Wisconsin,Ricardo Torres,"March 20, 2024",https://www.politifact.com/factchecks/2024/mar/20/brian-schimming/wisconsin-gop-blast-biden-on-manufacturing-job-los/
Eric Hovde,"March 4, 2024","“Since the end of the 2020 fiscal year, President Biden and Senator Baldwin have added over $7.3 trillion of debt, more than the first 228 years of our nation’s history combined.”",half-true,Campaign video,National; Debt; Economy; Wisconsin,Hope Karnopp,"March 14, 2024",https://www.politifact.com/factchecks/2024/mar/14/eric-hovde/are-gop-senate-candidates-claims-about-national-de/
Donald Trump,"March 9, 2024","""In February alone, nearly 1 million jobs held by native-born Americans disappeared.""",false,rally,Economy; Jobs; Race and Ethnicity; Workers,Louis Jacobson,"March 12, 2024",https://www.politifact.com/factchecks/2024/mar/12/donald-trump/fact-checking-donald-trumps-dubious-claim-about-jo/
Pete Buttigieg,"March 10, 2024","The stock market “hit an all-time high under President Biden and not under President Trump.""",mostly-false,"interview on ABC's ""This Week""",Economy,Louis Jacobson,"March 11, 2024",https://www.politifact.com/factchecks/2024/mar/11/pete-buttigieg/fact-checking-pete-buttigieg-on-the-stock-markets/
Joe Biden,"March 7, 2024",“We cut the federal deficit by $160 billion because Medicare will no longer have to pay those exorbitant prices to Big Pharma.”,half-true,his State of the Union address,National; Economy; Health Care; Medicare,Amy Sherman,"March 11, 2024",https://www.politifact.com/factchecks/2024/mar/11/joe-biden/biden-said-medicare-drug-price-negotiations-cut-th/
Instagram posts,"February 20, 2024","Migrants in New York City are receiving prepaid debit cards with up to $10,000 and no restrictions.",false,Instagram posts,Immigration; Economy; New York,Sofia Ahmed,"February 22, 2024",https://www.politifact.com/factchecks/2024/feb/22/instagram-posts/migrants-in-new-york-city-will-not-receive-up-to-1/
Bryan Steil,"February 1, 2024","“Bidenomics is costing the typical American household over $11,400 more a year to buy the basics.”",half-true,"X, formerly Twitter",National; Economy; Families; Wisconsin,Hope Karnopp,"February 21, 2024",https://www.politifact.com/factchecks/2024/feb/21/bryan-steil/is-wisconsin-lawmaker-correct-that-households-are/
Instagram posts,"February 12, 2024",Joe Biden’s tweet is proof that a helicopter crash that killed six Nigerian billionaires was planned by Biden.,pants-fire,Instagram posts,Economy; Elections; Facebook Fact-checks,Sofia Ahmed,"February 16, 2024",https://www.politifact.com/factchecks/2024/feb/16/instagram-posts/weather-conditions-not-joe-biden-linked-to-helicop/
Joe Biden,"February 13, 2024","Under Joe Biden, there are “record numbers of new Black entrepreneurs.”",true,campaign ad,Economy; Jobs; Race and Ethnicity,Louis Jacobson,"February 15, 2024",https://www.politifact.com/factchecks/2024/feb/15/joe-biden/has-black-entrepreneurship-hit-a-record-during-joe/
Donald Trump,"February 9, 2024","Food “costs 40%, 50%, 60% more than it did just a few years ago.”",mostly-false,speech to the National Rifle Association,Agriculture; Economy; Food,Louis Jacobson,"February 13, 2024",https://www.politifact.com/factchecks/2024/feb/13/donald-trump/donald-trump-exaggerates-rise-in-food-prices-under/
Joe Biden,"February 4, 2024",“Inflation has been at the pre-pandemic level of 2% over the last half year.”,half-true,post on X,Economy,Louis Jacobson,"February 7, 2024",https://www.politifact.com/factchecks/2024/feb/07/joe-biden/is-inflation-down-to-2-as-joe-biden-said-it-depend/
Donna Brazile,"February 4, 2024","Under President Joe Biden, “Black unemployment is the lowest in American history.”",mostly-true,"roundtable on ABC's ""This Week""",Economy; Jobs; Race and Ethnicity; PunditFact,Louis Jacobson,"February 5, 2024",https://www.politifact.com/factchecks/2024/feb/05/donna-brazile/donna-brazile-reince-priebus-disagreed-on-when-bla/
Scott Walker,"January 21, 2024","""(The) top issue for college students is the economy.""",true,TV interview,Abortion; Economy; Education; Wisconsin,Hope Karnopp,"February 2, 2024",https://www.politifact.com/factchecks/2024/feb/02/scott-walker/scott-walker-said-college-voters-number-one-issue/
Tony Evers,"January 23, 2024","“In April last year, our state unemployment rate hit a record low of 2.4%. Last year, Wisconsin had an all-time lowest number of unemployed workers ever in modern history.”",true,Speech,Economy; Jobs; Labor; Wisconsin,Sophia Voight,"February 2, 2024",https://www.politifact.com/factchecks/2024/feb/02/tony-evers/is-gov-evers-right-that-wisconsins-unemployment-ra/
Joe Biden,"January 24, 2024","“Tens of thousands of auto jobs were lost nationwide during Trump's presidency,” but during Biden’s presidency, “we've created more than 250,000 auto jobs.”",half-true,speech to the United Auto Workers,Economy; Jobs,Louis Jacobson,"January 29, 2024",https://www.politifact.com/factchecks/2024/jan/29/joe-biden/fact-checking-joe-biden-on-auto-jobs-gained-and-lo/
Dave Murphy,"November 7, 2023","""Bucks star Giannis Antetokounmpo signed a three-year contract for $186 million. He and his family, being African American, could receive benefits under affirmative action.”",mostly-false,Wisconsin Assembly,National; Civil Rights; Economy; Income; Race and Ethnicity; Sports; Wisconsin,Ricardo Torres,"January 17, 2024",https://www.politifact.com/factchecks/2024/jan/17/dave-murphy/would-nba-stars-family-qualify-for-financial-aid-b/
Joe Biden,"January 8, 2024",“The racial wealth gap is the smallest it’s been in 20 years.”,half-true,speech,Economy; Elections; Race and Ethnicity,Sara Swann,"January 12, 2024",https://www.politifact.com/factchecks/2024/jan/12/joe-biden/what-president-joe-biden-got-right-and-what-he-mis/
Ron DeSantis,"January 4, 2024","In Florida, “income growth is top of the chart.”",half-true,CNN town hall,Economy; Florida,Louis Jacobson,"January 8, 2024",https://www.politifact.com/factchecks/2024/jan/08/ron-desantis/is-income-growth-in-florida-no-1-in-the-us-as-ron/
Instagram posts,"December 6, 2023","Macaulay Culkin’s “Home Alone” shopping trip that cost $19.83 in 1990 would cost $72.28 today, up from $44.40 in 2022.",false,Instagram post,Economy; Facebook Fact-checks,Sara Swann,"December 14, 2023",https://www.politifact.com/factchecks/2023/dec/14/instagram-posts/heres-how-much-kevin-mccallisters-home-alone-shopp/
Joe Biden,"December 5, 2023","“We’ve created close to 800,000 manufacturing jobs since I’ve taken office.”",mostly-true,post on X,Economy; Jobs,Louis Jacobson,"December 13, 2023",https://www.politifact.com/factchecks/2023/dec/13/joe-biden/fact-checking-joe-biden-on-manufacturing-jobs/
Karine Jean-Pierre,"November 20, 2023","“Because wages are rising, this Thanksgiving dinner is the fourth-cheapest ever as a percentage of average earnings.”",mostly-true,White House press briefing,Agriculture; Economy; Food,Louis Jacobson,"November 21, 2023",https://www.politifact.com/factchecks/2023/nov/21/karine-jean-pierre/fact-checking-karine-jean-pierre-on-this-years-tha/
TikTok posts,"November 18, 2023","The federal government and the Federal Reserve were “raising inflation,” something that “had nothing to do with … getting our economy back in line” but rather to fund a “war against a bunch of civilians.”",false,post on TikTok,Economy; Foreign Policy,Louis Jacobson,"November 21, 2023",https://www.politifact.com/factchecks/2023/nov/21/tiktok-posts/debunking-a-tiktok-claim-that-the-government-cause/
Facebook posts,"November 15, 2023","“Any American who needs $2,000 a month can get it now” thanks to a new government program.",false,Facebook post,Debt; Economy; Facebook Fact-checks,Maria Briceño,"November 20, 2023",https://www.politifact.com/factchecks/2023/nov/20/facebook-posts/false-the-us-government-isnt-giving-2000-monthly-c/
"Rachael Cabral-Guevara,","October 18, 2023",Some individuals or businesses in Wisconsin are charging $2 or $2.25 an hour for child care.,mostly-true,Public hearing,Children; Economy; Small Business; Wisconsin,Hope Karnopp,"November 7, 2023",https://www.politifact.com/factchecks/2023/nov/07/rachael-cabral-guevara/cabral-guevara-says-some-wisconsin-child-care-prov/
Kamala Harris,"October 28, 2023",“Because of our economic policies we now are reducing inflation.”,mostly-false,interview with CBS News,Economy,Louis Jacobson,"November 3, 2023",https://www.politifact.com/factchecks/2023/nov/03/kamala-harris/do-bidens-policies-get-the-credit-for-the-decline/
Mike Johnson,"October 25, 2023",“Prices have increased over 17% in the last two years.”,half-true,his acceptance speech as speaker,Economy,Louis Jacobson,"October 26, 2023",https://www.politifact.com/factchecks/2023/oct/26/mike-johnson/have-prices-increased-by-over-17-in-two-years/
Donald Trump,"October 23, 2023","“When I came into office, Iran had $70 billion in foreign exchange reserves. … By the time I left, they had nothing. They were broke.”",half-true,remarks at a rally,New Hampshire; Economy; Iran; Foreign Policy,Louis Jacobson,"October 26, 2023",https://www.politifact.com/factchecks/2023/oct/26/donald-trump/iran-foreign-reserves-plummeted-trump-watch/
One Nation,"September 4, 2023","Sen. Joe Manchin’s “support for the (Inflation Reduction Act) could cost West Virginia 100,000 fossil fuel jobs.”",mostly-false,petition,West Virginia; Economy; Energy; Jobs,Aidan Cornue,"October 24, 2023",https://www.politifact.com/factchecks/2023/oct/24/one-nation/petition-critical-of-joe-manchin-exaggerates-numbe/
Jim Justice,"August 14, 2023","""Credit card debt is above $1 trillion for the FIRST TIME EVER.""",mostly-true,post on X,West Virginia; Economy,Ashala Moseberry,"October 19, 2023",https://www.politifact.com/factchecks/2023/oct/19/jim-justice/does-national-credit-card-debt-exceed-1-trillion-f/
West Virginia Republican Party,"August 17, 2023",“Since Biden took office ... real wages have fallen monthly.”,mostly-true,post on X,West Virginia; Economy,Jacquie Broush,"October 12, 2023",https://www.politifact.com/factchecks/2023/oct/12/west-virginia-republican-party/are-wva-republicans-correct-that-real-wages-have-f/
Donald Trump,"September 27, 2023","When I took office, “the auto industry was on its knees gasping its last breath.” Trump administration “tariffs and taxes saved the American auto industry from extinction.""",false,speech,National; Economy; Michigan,Louis Jacobson,"October 5, 2023",https://www.politifact.com/factchecks/2023/oct/05/donald-trump/fact-check-trumps-repeated-falsehood-that-he-saved/
Shelley Moore Capito,"August 23, 2023",“#Bidenomics has led to mortgage rates hitting a 21-year high → over 7%.”,mostly-true,post on X,West Virginia; Economy; Housing,Sophia Bookwood,"October 5, 2023",https://www.politifact.com/factchecks/2023/oct/05/shelley-moore-capito/fact-checking-shelley-moore-capito-on-high-mortgag/
Jim Justice,"August 24, 2023","“Under Jim Justice,” West Virginia had “the lowest unemployment rate in state history.”",mostly-true,post on X,West Virginia; Economy; Jobs,Kylie Tuttle,"September 26, 2023",https://www.politifact.com/factchecks/2023/sep/26/jim-justice/did-west-virginia-unemployment-rate-hit-record-low/
Joe Biden,"August 24, 2023","Since Joe Biden “has taken office, unemployment in our (Latino) community has been cut in half.""",mostly-true,campaign ad,Corrections and Updates; Economy; Jobs,Marta Campabadal Graus,"September 22, 2023",https://www.politifact.com/factchecks/2023/sep/22/joe-biden/joe-biden-claims-that-hispanic-unemployment-has-be/
Bernie Sanders,"September 17, 2023",“CEOs are now making 400 times more than their average worker.”,mostly-true,"interview on CNN's ""State of the Union""",Corporations; Economy; Jobs,Matthew Crowley,"September 21, 2023",https://www.politifact.com/factchecks/2023/sep/21/bernie-sanders/do-ceos-earn-400-times-more-than-their-typical-wor/
Donald Trump,"September 17, 2023","The price of ""bacon is up five times"" under President Joe Biden.",false,"interview on NBC's ""Meet the Press""",Agriculture; Economy; Food,Louis Jacobson,"September 18, 2023",https://www.politifact.com/factchecks/2023/sep/18/donald-trump/donald-trump-wrong-that-bacon-is-five-times-more-e/
Chris Christie,"September 5, 2023","Under Gov. Ron DeSantis, “in the last five years, spending has gone up 30%"" in Florida.",half-true,interview,Economy; State Budget; Florida,Samantha Putterman,"September 8, 2023",https://www.politifact.com/factchecks/2023/sep/08/chris-christie/chris-christie-knocks-ron-desantis-for-floridas-ri/
Isabel Brown,"August 23, 2023",Americans “currently are making less than at the height of the Great Depression.”,pants-fire,post on TikTok,Economy; History,Louis Jacobson,"September 7, 2023",https://www.politifact.com/factchecks/2023/sep/07/isabel-brown/are-americans-today-making-less-than-at-the-height/
Joe Biden,"August 29, 2023","U.S. inflation is ""now down close to 3%, the lowest among the world’s leading economies.""",mostly-true,speech at the White House,Economy,Louis Jacobson,"September 1, 2023",https://www.politifact.com/factchecks/2023/sep/01/joe-biden/does-the-us-have-less-inflation-than-other-leading/
Joe Biden,"August 15, 2023",“A higher percentage of American workers are working today than ever before.”,mostly-false,speech,Economy; Jobs,Louis Jacobson,"August 21, 2023",https://www.politifact.com/factchecks/2023/aug/21/joe-biden/fact-checking-joe-biden-on-the-murky-topic-of-empl/
Donald Trump,"August 5, 2023","“During Biden’s first 30 months in office, just 2.1 million new jobs were created, and by contrast, during my first 30 months in office we created 4.9 million new jobs.”",false,speech,Economy; Jobs,Louis Jacobson,"August 8, 2023",https://www.politifact.com/factchecks/2023/aug/08/donald-trump/donald-trump-vastly-underestimates-job-gains-under/
Joe Biden,"July 28, 2023","""Wages are up after being adjusted for inflation.""",half-true,speech,Economy; Workers,Louis Jacobson,"August 3, 2023",https://www.politifact.com/factchecks/2023/aug/03/joe-biden/joe-biden-said-inflation-adjusted-wages-are-up-tha/
Chris  Coons,"July 30, 2023",“Consumer confidence is the highest it’s been in years.”,mostly-false,"interview on NBC's ""Meet the Press""",Economy; Polls and Public Opinion,Louis Jacobson,"August 3, 2023",https://www.politifact.com/factchecks/2023/aug/03/chris-coons/how-strong-is-consumer-confidence-under-joe-biden/
Joe Biden,"June 28, 2023","Says that under his presidency, the unemployment rate has “been below 4% for the longest stretch in 50 years in American history.”",mostly-true,speech,Economy; Jobs,Louis Jacobson,"June 29, 2023",https://www.politifact.com/factchecks/2023/jun/29/joe-biden/fact-checking-joe-biden-on-his-unemployment-rate-a/
Tim Scott,"June 21, 2023","“Median income in this country is … $35,000 a year. Because of Joe Biden's inflation, the average monthly expenses have increased by $500, almost.”",half-true,Fox News town hall,Economy; Income,Louis Jacobson,"June 26, 2023",https://www.politifact.com/factchecks/2023/jun/26/tim-scott/tim-scotts-misleading-statements-on-median-income/
Tim Scott,"May 22, 2023",“The share of working-age men choosing to work is the lowest it has ever been.”,half-true,his presidential announcement speech,Economy; Jobs; Women; Workers,Louis Jacobson,"May 24, 2023",https://www.politifact.com/factchecks/2023/may/24/tim-scott/is-tim-scott-right-that-a-record-low-share-of-work/
Facebook posts,"April 22, 2023",FedNow is a new “monetary system” that’s “going to cost you.”,false,Facebook post,Economy; Facebook Fact-checks,Jeff Cercone,"May 17, 2023",https://www.politifact.com/factchecks/2023/may/17/facebook-posts/fednow-service-charges-banks-not-consumers-for-ins/
Kamala Harris,"April 21, 2023","""Latino small businesses are 1 in 4 new businesses, but only 1% of venture capital funding goes to Latino businesses.""",mostly-true,interview with Noticias Telemundo,National; Corrections and Updates; Economy; Race and Ethnicity; Small Business,Marta Campabadal Graus,"May 16, 2023",https://www.politifact.com/factchecks/2023/may/16/kamala-harris/kamala-harris-claim-about-latinos-getting-1-of-ven/
Ron DeSantis,"April 13, 2023",Florida has “the second lowest tax burden per capita in the United States.”,mostly-true,speech,Economy; Taxes; Florida,Maria Ramirez Uribe,"April 19, 2023",https://www.politifact.com/factchecks/2023/apr/19/ron-desantis/ron-desantis-is-right-florida-has-one-of-the-count/
Instagram posts,"April 6, 2023",Cash App founder Bob Lee’s death is connected to FedNow.,false,Instagram post,Corrections and Updates; Economy; Facebook Fact-checks,Ciara O'Rourke,"April 14, 2023",https://www.politifact.com/factchecks/2023/apr/14/instagram-posts/theres-no-evidence-cash-app-founder-bob-lee-was-mu/
Facebook posts,"February 26, 2023",DO Black credit card is part of a government plot to control people’s lives.,false,video,Climate Change; Economy; Facebook Fact-checks,Andy Nguyen,"March 31, 2023",https://www.politifact.com/factchecks/2023/mar/31/facebook-posts/no-credit-card-measuring-peoples-carbon-footprint/
Mike Pence,"March 24, 2023",“We have a national debt the size of our nation’s economy for the first time since World War II.”,half-true,interview with Fox Business' Maria Bartiromo,Debt; Economy,Louis Jacobson,"March 30, 2023",https://www.politifact.com/factchecks/2023/mar/30/mike-pence/us-national-debt-big-economy-it-has-been-while/
Joan Ballweg,"January 24, 2023","""Wisconsin has seen over 63 billion dollars of federal pandemic-related funding funnel into our state over (Gov. Tony Evers') tenure.""",mostly-true,Twitter,Economy; State Budget; Coronavirus; Wisconsin,D.L. Davis,"March 14, 2023",https://www.politifact.com/factchecks/2023/mar/14/joan-ballweg/has-wisconsin-really-seen-63-billion-covid-relief/
Joe Biden,"January 30, 2023","“We used to rank No. 1 in the world in research and development, now we rank No. 9. China used to rank No. 8, now it ranks No. 2.”",mostly-false,speech,Economy; Infrastructure,Matthew Crowley,"February 13, 2023",https://www.politifact.com/factchecks/2023/feb/13/joe-biden/biden-says-us-losing-ground-china-rd-spending-his/
Joe Biden,"February 3, 2023",“We created more new jobs in two years than any president did in their entire term.”,half-true,speech,Economy; Jobs,Louis Jacobson,"February 7, 2023",https://www.politifact.com/factchecks/2023/feb/07/joe-biden/joe-bidens-boast-about-job-creation-needs-some-ast/
Devin LeMahieu,"January 3, 2023","""In 2010, (Wisconsin Republicans) inherited a multi-Billion dollar deficit … Today we are looking at a projected surplus approaching 7 Billion.""",mostly-true,Senate address,Deficit; Economy; State Budget; Wisconsin,Vanessa Swales,"February 3, 2023",https://www.politifact.com/factchecks/2023/feb/03/devin-lemahieu/wisconsin-republicans-take-credit-reigning-deficit/
Joe Biden,"January 25, 2023","“Two years ago this week, 18 million people were out of work needing unemployment benefits. Today, that number is under 1.6 million, the lowest in decades.”",half-true,tweet,Economy; Jobs,Louis Jacobson,"January 27, 2023",https://www.politifact.com/factchecks/2023/jan/27/joe-biden/joe-biden-touts-big-joblessness-drop-but/
Glenn Youngkin,"January 23, 2023",Virginia tax receipts “in just the last four years alone have grown 50%.”,mostly-true,speech.,Economy; State Budget; Taxes; Virginia,Warren Fiske,"January 25, 2023",https://www.politifact.com/factchecks/2023/jan/25/glenn-youngkin/youngkin-near-mark-tax-growth-claim/
Facebook posts,"January 12, 2023",The cost of eggs has gone up 700%.,mostly-false,photo on Facebook,National; Corrections and Updates; Economy; Food; Facebook Fact-checks,Sara Swann,"January 13, 2023",https://www.politifact.com/factchecks/2023/jan/13/facebook-posts/eggflation-social-media-post-scrambles-facts-high/
Joe Biden,"January 12, 2023",“Take-home pay for workers is going up.”,half-true,remarks at the White House,Economy; Jobs; Workers,Louis Jacobson,"January 13, 2023",https://www.politifact.com/factchecks/2023/jan/13/joe-biden/wage-gains-are-now-exceeding-inflation-but-theyre/
Hakeem Jeffries,"January 8, 2023",A “default on our debt” would be unprecedented in American history.,mostly-true,"interview on NBC's ""Meet the Press""",Congress; Debt; Economy,Louis Jacobson,"January 11, 2023",https://www.politifact.com/factchecks/2023/jan/11/hakeem-jeffries/hakeem-jeffries-said-a-debt-limit-default-would-be/
Facebook posts,"December 7, 2022","A $5,000 stimulus loan is available.",false,post on Facebook,Economy; Stimulus; Facebook Fact-checks,Jill Terreri Ramos,"January 6, 2023",https://www.politifact.com/factchecks/2023/jan/06/facebook-posts/this-online-offer-of-a-5000-stimulus-loan-is-too-g/
Joe Biden,"December 13, 2022","“For the last several months, wages have gone up more than prices have gone up.”",mostly-true,remarks at the White House,Economy,Louis Jacobson,"December 14, 2022",https://www.politifact.com/factchecks/2022/dec/14/joe-biden/fact-checking-joe-biden-wage-gains-outpacing-infla/
Robin Vos,"November 22, 2022","“A lot of the programs (that were) started during the pandemic are still going, even though the pandemic is long over.”",mostly-false,Public statement,National; Economy; Jobs; Welfare; Coronavirus; Wisconsin,Laura Schulte,"December 1, 2022",https://www.politifact.com/factchecks/2022/dec/01/robin-vos/vos-mostly-wrong-claim-pandemic-unemployment-payme/
Ron Johnson,"July 14, 2022",“We finally achieved that energy independence… under the Trump administration. President Biden squandered (it) away.”,mostly-false,Blog post,National; Economy; Energy; Gas Prices; Wisconsin,Lawrence Andrea,"November 1, 2022",https://www.politifact.com/factchecks/2022/nov/01/ron-johnson/johnson-misses-claim-us-gained-energy-independence/
Charlie Crist,"October 4, 2022","""When I was your governor, we reduced insurance rates by 10%.""",mostly-true,campaign ad,Economy; Florida,Yacob Reyes,"October 19, 2022",https://www.politifact.com/factchecks/2022/oct/19/charlie-crist/whats-story-charlie-crist-reducing-insurance-rates/
Joe Biden,"October 8, 2022","The Biden administration has “created” more than double the number of jobs per month, on average, than any other administration going back to George H.W. Bush.",half-true,Instagram post,Economy; Jobs,Louis Jacobson,"October 13, 2022",https://www.politifact.com/factchecks/2022/oct/13/joe-biden/un-spinning-white-house-chart-bidens-job-gains/
Liz Wheeler,"February 26, 2022","The Great Reset advocates replacing capitalism with an economic system that is “kind of socialism, kind of communism” but “mostly just fascism.”",false,video on Facebook,Economy,Luiz Romero,"October 11, 2022",https://www.politifact.com/factchecks/2022/oct/11/liz-wheeler/great-reset-not-conspiracy-force-changes-economic-/
Zach Nunn,"September 14, 2022","“Iowans are paying $5,000 extra for everyday goods under Biden and Axne’s inflation.”",half-true,tweet,Economy; Iowa,Liam Halawith,"October 5, 2022",https://www.politifact.com/factchecks/2022/oct/05/zach-nunn/iowans-are-paying-5000-more-year-under-inflation-a/
Joe Biden,"September 14, 2022",“Incomes are up.”,mostly-false,speech,Economy,Louis Jacobson,"September 16, 2022",https://www.politifact.com/factchecks/2022/sep/16/joe-biden/joe-biden-said-incomes-are-ignores-inflation/
Ron Johnson,"August 7, 2022","""Last year the IRS audited Americans earning less than $25,000 a year at five times the rate of other groups.""",mostly-true,News release,National; Economy; Workers; Taxes; Wisconsin,D.L. Davis,"August 25, 2022",https://www.politifact.com/factchecks/2022/aug/25/ron-johnson/johnsons-claim-irs-audits-mostly-low-wage-earners-/
Joe Biden,"August 16, 2022",The American Rescue Plan “helped create nearly 10 million new jobs.”,mostly-false,remarks at the White House,National; Economy; Jobs,Louis Jacobson,"August 24, 2022",https://www.politifact.com/factchecks/2022/aug/24/joe-biden/joe-biden-exaggerates-job-creation-impact-american/
Rebecca Kleefisch,"July 6, 2022",“Tim Michels pushed for years to raise (Wisconsin’s) gas tax.”,mostly-false,TV ad,Economy; Gas Prices; Taxes; Wisconsin,Madeline Heim,"August 5, 2022",https://www.politifact.com/factchecks/2022/aug/05/rebecca-kleefisch/no-evidence-michels-personally-pushed-gas-tax-incr/
Janet Yellen,"July 24, 2022","""We've cut the deficit by a record $1.5 trillion this year.""",half-true,"interview on NBC's ""Meet the Press""",Deficit; Economy; Federal Budget,Louis Jacobson,"July 28, 2022",https://www.politifact.com/factchecks/2022/jul/28/janet-yellen/white-houses-big-deficit-cut-and-why-it-merits-ast/
Instagram posts,"July 25, 2022",‘The White House is now trying to protect Joe Biden by changing the definition of the word recession.',false,social media posts,Economy,Louis Jacobson,"July 27, 2022",https://www.politifact.com/factchecks/2022/jul/27/instagram-posts/no-white-house-didnt-change-definition-recession/
Tim Michels,"June 23, 2022",“My company was building the Keystone Pipeline when (President Joe) Biden canceled it.”,mostly-true,Twitter,Economy; Energy; Gas Prices; Jobs; Wisconsin,Kelly Smits,"July 21, 2022",https://www.politifact.com/factchecks/2022/jul/21/tim-michels/michels-target-claim-my-company-was-building-keyst/
Ron Johnson,"June 28, 2022","""Thanks to failed Dem policies, beer is 9.1% more expensive.""",half-true,Twitter,Alcohol; Economy; Wisconsin,Laura Schulte,"July 18, 2022",https://www.politifact.com/factchecks/2022/jul/18/ron-johnson/yes-beer-prices-are-no-s-not-only-because-democrat/
Facebook posts,"July 7, 2022",“Adults over 51 can receive $$$ in additional spending for groceries and expenses.”,false,Facebook post,Economy; Health Care; Medicare; Facebook Fact-checks,Andy Nguyen,"July 14, 2022",https://www.politifact.com/factchecks/2022/jul/14/facebook-posts/adults-older-51-wont-get-free-money-help-stave-inf/
Liberal Groups,"June 2, 2022","""Milwaukee’s hotels and restaurants are already filled during the summer. The RNC convention will simply replace those who normally visit our city.""",mostly-false,Public statement,Economy; Income; Jobs; Wisconsin,Vanessa Swales,"July 12, 2022",https://www.politifact.com/factchecks/2022/jul/12/politifact-group/milwaukees-hotels-and-restaurants-would-benefit-rn/
Cavalier Johnson,"May 27, 2022",The RNC is “a $200 million economic infusion into our communities.”,half-true,News conference,Economy; Elections; Income; Jobs; Wisconsin,Vanessa Swales,"July 8, 2022",https://www.politifact.com/factchecks/2022/jul/08/cavalier-johnson/mayor-johnson-overestimates-economic-benefit-hosti/
Nikki Haley,"July 4, 2022",The cost of a Fourth of July cookout in 2022 increased by 67.2% because of inflation.,false,tweet,Economy,Louis Jacobson,"July 5, 2022",https://www.politifact.com/factchecks/2022/jul/05/nikki-haley/fact-checking-nikki-haley-july-4-cookout-costs/
Abigail Spanberger,"June 16, 2022",“The four big meat packers are raking in record profits … ”,true,op-ed.,Agriculture; Corporations; Economy; Virginia,Warren Fiske,"June 30, 2022",https://www.politifact.com/factchecks/2022/jun/30/abigail-spanberger/big-four-meat-packers-are-seeing-record-profits-sp/
Lawrence Summers,"June 17, 2022","“When you have unemployment below 4% and inflation above 4%, recession always follows within two years.”",mostly-false,interview with Barron's,Economy; Jobs,Louis Jacobson,"June 23, 2022",https://www.politifact.com/factchecks/2022/jun/23/lawrence-summers/fact-checking-larry-summers-formula-unemploymen/
Joe Biden,"June 16, 2022",“In every other major industrial country in the world … inflation is higher.”,half-true,interview with the Associated Press,Economy,Louis Jacobson,"June 22, 2022",https://www.politifact.com/factchecks/2022/jun/22/joe-biden/fact-checking-joe-biden-inflation-rates-among-uss-/
Ted Cruz,"June 4, 2022","""The impact of President Biden being beholden to the Green New Deal radicals in his party has electricity costs through the roof in Texas.""",false,tweet,Economy; Energy; Texas,Nusaiba Mizan,"June 21, 2022",https://www.politifact.com/factchecks/2022/jun/21/ted-cruz/green-new-deal-not-blame-high-electricity-costs/
Karine Jean-Pierre,"June 13, 2022",When Joe Biden “walked into this administration …  20 million people were on unemployment insurance benefits.”,false,press briefing,Economy; Jobs,Louis Jacobson,"June 14, 2022",https://www.politifact.com/factchecks/2022/jun/14/karine-jean-pierre/white-house-gets-it-wrong-unemployment-level-when-/
Glenn Grothman,"May 21, 2022","""Nearly 60% of all student loan debt is held by the rich and upper-middle class,"" so forgiveness would give the wealthy a ""financial windfall"" but not really help low-income people.",half-true,Newsletter,Debt; Economy; Education; Wealth; Wisconsin,Laura Schulte,"June 10, 2022",https://www.politifact.com/factchecks/2022/jun/10/glenn-grothman/grothman-mostly-right-who-would-benefit-student-lo/
Zach Wahls,"May 31, 2022",“There are fewer Iowans working today than when Gov. Reynolds took office.”,mostly-true,end-of-year Senate Democrats newsletter,Economy; Jobs; Iowa,Lyle Muller,"June 9, 2022",https://www.politifact.com/factchecks/2022/jun/09/zach-wahls/iowas-jobs-numbers-now-will-be-recalculated/
Facebook posts,"May 11, 2022",The U.S. government’s inaction over buffalo killing that harmed Native American populations in the 1800s shows it is now “is creating food shortages” so that Americans are more “dependent on the government.”,false,Facebook post,Environment; Economy; Food; History; Welfare; Facebook Fact-checks,Madison Czopek,"May 19, 2022",https://www.politifact.com/factchecks/2022/may/19/facebook-posts/us-government-not-creating-food-shortages-despite-/
Nancy Pelosi,"May 15, 2022","“When unemployment goes down, inflation goes up.”",mostly-false,"interview on ABC's ""This Week""",Economy; Jobs,Louis Jacobson,"May 17, 2022",https://www.politifact.com/factchecks/2022/may/17/nancy-pelosi/nancy-pelosi-repeats-outdated-economic-theory-link/
Facebook posts,"April 28, 2022","“We have 76% of Americans living paycheck to paycheck, meaning they are one paycheck away from poverty.”",mostly-false,video on Facebook,Economy; Income,Madison Czopek,"May 16, 2022",https://www.politifact.com/factchecks/2022/may/16/facebook-posts/though-many-americans-live-paycheck-paycheck-some-/
Kathy Barnette,"May 12, 2022",Joe Biden “inherited inflation of 1.7%. Now we're well over 8% and growing.”,mostly-true,interview with Fox News' Laura Ingraham,Economy; Pennsylvania,Louis Jacobson,"May 13, 2022",https://www.politifact.com/factchecks/2022/may/13/kathy-barnette/kathy-barnette-largely-correct-course-inflation-un/
Joe Biden,"May 10, 2022","“My Treasury Department is planning to pay down the national debt this quarter, which never happened under my predecessor.”",half-true,remarks at the White House,Debt; Deficit; Economy,Louis Jacobson,"May 13, 2022",https://www.politifact.com/factchecks/2022/may/13/joe-biden/fact-checking-joe-biden-paying-down-federal-debt/
John Macco,"April 18, 2022","Says Gov. Tony Evers ""wanted to increase your taxes by $1 billion just for heating your homes. Instead, Republicans cut your taxes by more than $2 billion.""",half-true,Twitter,Economy; Housing; Taxes; Wisconsin,Madeline Heim,"May 6, 2022",https://www.politifact.com/factchecks/2022/may/06/john-macco/macco-mostly-right-tax-claim-base-how-evers-sought/
Opportunity Wisconsin,"February 21, 2022","""Ron Johnson pushed through a special tax loophole that benefited his own family's business … Then he cashed out of the company for $5 million … (he has) doubled his wealth since taking office.""",half-true,YouTube ad,Economy; Legal Issues; Taxes; Wisconsin,Vanessa Swales,"April 27, 2022",https://www.politifact.com/factchecks/2022/apr/27/opportunity-wisconsin/johnson-benefitted-tax-cut-its-not-loophole/
Mike Gallagher,"April 12, 2022",“Inflation has gone up every month of the Biden presidency and just hit another 40-year high.”,mostly-true,News release,National; Economy; Wisconsin,Laura Schulte,"April 22, 2022",https://www.politifact.com/factchecks/2022/apr/22/mike-gallagher/yes-inflation-40-year-high-and-rates-have-been-cli/
Jane Timken,"April 13, 2022","Joe Biden's spending “has sent prices skyrocketing.""",half-true,campaign ad,Ohio; Corrections and Updates; Economy; Food; Gas Prices; Stimulus; Coronavirus; Ukraine,Jon Greenberg,"April 20, 2022",https://www.politifact.com/factchecks/2022/apr/20/jane-timken/bidens-american-rescue-plan-fueled-inflation-so-di/
Facebook posts,"April 14, 2022","President Joe Biden was confused, “turned around and shook hands with thin air” after a speech.",false,Facebook post,National; Economy; North Carolina; Facebook Fact-checks,Gabrielle Settles,"April 19, 2022",https://www.politifact.com/factchecks/2022/apr/19/facebook-posts/biden-was-gesturing-towards-his-audience-not-shaki/
Tony Kurtz,"April 7, 2022","If Wisconsin Gov. Tony Evers ""had passed his (gas) tax increases ... fuel prices would be at least a dime higher.",mostly-true,Twitter,Economy; Gas Prices; Transportation; Wisconsin,D.L. Davis,"April 19, 2022",https://www.politifact.com/factchecks/2022/apr/19/tony-kurtz/yes-gas-tax-hike-plan-would-have-added-least-dime-/
Rebecca Kleefisch,"March 28, 2022",“As your Lieutenant Governor…I cut your taxes.”,mostly-false,TV ad,Economy; Taxes; Wisconsin,Laura Schulte,"April 13, 2022",https://www.politifact.com/factchecks/2022/apr/13/rebecca-kleefisch/kleefisch-didnt-have-power-cut-taxes-her-own-lieut/
Ron Klain,"April 3, 2022","The economy was ""dead in the water when we got here. Virtually no jobs created.""",mostly-false,"interview on ABC's ""This Week""",Economy; Jobs,Louis Jacobson,"April 4, 2022",https://www.politifact.com/factchecks/2022/apr/04/ron-klain/ron-klain-exaggerates-turnaround-jobs-joe-bidens-w/
Donald Trump,"March 29, 2022","“You go to a store, they don’t have bread.”",false,interview with Just the News,Agriculture; National; Economy,Jon Greenberg,"March 30, 2022",https://www.politifact.com/factchecks/2022/mar/30/donald-trump/donald-trump-says-stores-dont-have-bread-they-do/
Ron Johnson,"March 18, 2022",Gas prices are high “due to the Democrats’ war on fossil fuels.”,mostly-false,Twitter,Economy; Gas Prices; Transportation; Wisconsin,Laura Schulte,"March 29, 2022",https://www.politifact.com/factchecks/2022/mar/29/ron-johnson/no-democrats-arent-responsible-rising-gas-prices/
Wisconsin Initiative,"February 23, 2022",“Gov. Tony Evers brought Republicans and Democrats together to cut income taxes for the middle class.”,half-true,TV ad,Bipartisanship; Economy; Taxes; Wisconsin,Madeline Heim,"March 22, 2022",https://www.politifact.com/factchecks/2022/mar/22/wisconsin-initiative/claim-evers-brought-republicans-and-democrats-toge/
Facebook posts,"March 14, 2022",Comparing the price of oil and gas in June 2008 to March 2022 shows that oil companies are “price gouging.”,false,Facebook post,National; Economy; Energy; Gas Prices; Russia,Madison Czopek,"March 17, 2022",https://www.politifact.com/factchecks/2022/mar/17/facebook-posts/persistent-high-gas-prices-dont-prove-price-gougin/
Glenn Grothman,"February 3, 2022","Says President Joe Biden ""is trying to send taxpayer dollars to manufacturers overseas that do not abide by the same (carbon emission) standards we do at home.""",half-true,Twitter,Environment; Economy; Trade; Taxes; Wisconsin,D.L. Davis,"March 11, 2022",https://www.politifact.com/factchecks/2022/mar/11/glenn-grothman/despite-made-america-goals-us-tax-dollars-would-go/
Facebook posts,"March 4, 2022","“And just like that, your $15/hr doesn’t buy you as much as $7.50/hr did a year ago.”",false,Facebook post,Economy; Income; Facebook Fact-checks,Sara Swann,"March 9, 2022",https://www.politifact.com/factchecks/2022/mar/09/facebook-posts/no-inflation-has-not-cut-americans-buying-power-ha/
Ben Shapiro,"March 1, 2022","""There is no evidence Biden’s spending produced one job. Nonpartisan projections for job growth in 2021, not including that American Rescue Plan, showed higher job growth than Biden produced.”",mostly-false,YouTube video,Corrections and Updates; Economy; Jobs,Jeff Cercone,"March 9, 2022",https://www.politifact.com/factchecks/2022/mar/09/ben-shapiro/ben-shapiro-claimed-bidens-job-figures-2021-didnt-/
Sarah Godlewski,"February 18, 2022","""Here in Wisconsin, prescription drug costs grew at a pace of nearly twice as much as the average Wisconsinite's income from 2015-2019.""",mostly-true,Campaign statement,Drugs; Economy; Health Care; Wisconsin,D.L. Davis,"March 8, 2022",https://www.politifact.com/factchecks/2022/mar/08/sarah-godlewski/claim-prescription-drug-costs-have-grown-nearly-tw/
Joe Biden,"March 1, 2022","“Our economy created over 6.5 million new jobs just last year, more jobs in one year than ever before in the history of the United States of America.”",half-true,his State of the Union address,Economy; Jobs,Louis Jacobson,"March 2, 2022",https://www.politifact.com/factchecks/2022/mar/02/joe-biden/fact-checking-joe-biden-scale-job-gains-2021/
Wisconsin Senate Republicans,"February 2, 2022","Gov. Tony Evers has “only gotten one-third of the money meant for COVID relief out the door. He is sitting on $930 million in ARPA funds left unspent. In fact, he still has CARES Act money from two years ago.”",mostly-true,Twitter,Economy; Federal Budget; States; Coronavirus; Wisconsin,Madeline Heim,"February 25, 2022",https://www.politifact.com/factchecks/2022/feb/25/wisconsin-senate-republicans/senate-republicans-mostly-right-amount-arpa-cares-/
Facebook posts,"February 6, 2022",President John F. Kennedy “was planning to end the Federal Reserve.”,false,Facebook post,Economy; History; Facebook Fact-checks,Jill Terreri Ramos,"February 21, 2022",https://www.politifact.com/factchecks/2022/feb/21/facebook-posts/no-jfk-did-not-plan-end-federal-reserve/
Patrick Gaspard,"February 13, 2022","""Inflation has been caused by the global economies shutting down all at once, reopening all at once. And … the U.S. economy is recovering at a far faster pace than any other country in the OECD.""",mostly-true,"remarks on ABC's ""This Week""",Economy; PunditFact; Coronavirus,Louis Jacobson,"February 16, 2022",https://www.politifact.com/factchecks/2022/feb/16/patrick-gaspard/us-economic-growth-exceeds-rivals-and-has-contribu/
Glenn Youngkin,"January 17, 2022",Virginia’s economic growth “has stalled at less than 1% per year for eight years.”,mostly-true,speech.,Economy; Virginia,Warren Fiske,"February 14, 2022",https://www.politifact.com/factchecks/2022/feb/14/glenn-youngkin/has-virginias-economic-growth-stalled-less-1-young/
Facebook posts,"January 18, 2022","$2,000 stimulus checks were due on Jan. 19.",false,Facebook post,Economy; Stimulus; Facebook Fact-checks,Jill Terreri Ramos,"February 3, 2022",https://www.politifact.com/factchecks/2022/feb/03/facebook-posts/no-sign-more-federal-stimulus-checks/
Facebook posts,"January 6, 2022",“Dyson is canceling their contract with Walmart and selling off Dyson Supersonic” hair dryers “only for $1!”,false,Facebook posts,Economy; Facebook Fact-checks,Becca Schimmel,"January 24, 2022",https://www.politifact.com/factchecks/2022/jan/24/facebook-posts/no-walmart-not-selling-dyson-supersonic-hair-dryer/
Mitt Romney,"January 16, 2022",“People are 7% poorer now because of Biden inflation.”,mostly-false,"interview on NBC's ""Meet the Press""",Economy; Income,Louis Jacobson,"January 20, 2022",https://www.politifact.com/factchecks/2022/jan/20/mitt-romney/mitt-romney-jab-seven-percent-poorer-inflation/
Joe Biden,"January 19, 2022",“This country’s working people actually got a raise.”,mostly-false,news conference,National; Economy; Income,Jon Greenberg,"January 20, 2022",https://www.politifact.com/factchecks/2022/jan/20/joe-biden/bidens-boast-about-rising-wages-ignores-effect-inf/
Ralph Northam,"January 12, 2022","“We’ve brought in more than $81 billion in economic investment, more than four times any previous administration.”",mostly-true,speech.,Economy; Virginia,Warren Fiske,"January 14, 2022",https://www.politifact.com/factchecks/2022/jan/14/ralph-northam/northams-economic-development-claim-largely-holds/
Joe Volk,"November 17, 2021","“In Wisconsin, we have 50% of the population paying 50%, 60%, 70%, sometimes 80% for their housing.”",false,TV interview,Economy; Housing; Income; Poverty; Wisconsin,Vanessa Swales,"January 7, 2022",https://www.politifact.com/factchecks/2022/jan/07/joe-volk/advocate-misses-mark-claim-half-population-pays-le/
Joe Biden,"December 3, 2021","“Even after accounting for rising prices, the typical American family has more money in their pockets than they did last year.”",mostly-true,remarks from the White House,Economy; Income,Louis Jacobson,"December 7, 2021",https://www.politifact.com/factchecks/2021/dec/07/joe-biden/do-us-families-have-more-money-their-pockets-now-d/
Joe Biden,"December 1, 2021","""The number of small businesses is up 30% compared to before the pandemic.""",false,remarks at the White House,Economy; Small Business,Louis Jacobson,"December 2, 2021",https://www.politifact.com/factchecks/2021/dec/02/joe-biden/joe-biden-incorrectly-describes-statistic-small-bu/
Colin Allred,"October 25, 2021","""You've had over 2 million women drop out of the workforce during this pandemic.""",mostly-true,a TV interview,Economy; Texas,Nusaiba Mizan,"November 23, 2021",https://www.politifact.com/factchecks/2021/nov/23/colin-allred/says-over-two-million-women-dropped-out-workforce-/
Jen Psaki,"November 15, 2021",“No economist out there is projecting that (the Build Back Better bill) will have a negative impact on inflation.”,false,White House press briefing,Economy; Federal Budget,Louis Jacobson,"November 18, 2021",https://www.politifact.com/factchecks/2021/nov/18/jen-psaki/jen-psaki-wrong-say-no-economist-thinks-b/
Gwen Moore,"October 30, 2021","“If you’re a low-wage worker and you’re single and don’t have children, we’re literally taxing you into poverty.""",mostly-true,TV interview,Economy; Poverty; Workers; Taxes; Wisconsin,D.L. Davis,"November 11, 2021",https://www.politifact.com/factchecks/2021/nov/11/gwen-moore/yes-it-possible-low-wage-workers-be-taxed-poverty/
Ron Klain,"November 7, 2021","The Biden administration inherited gains of “50,000 jobs a month. We're now finally back to 500,000 jobs a month. We inherited a country where 4,000 people a day were dying from Covid. That's now down 75%.”",half-true,"interview on NBC's ""Meet the Press""",Economy; Jobs; Public Health; Coronavirus,Louis Jacobson,"November 10, 2021",https://www.politifact.com/factchecks/2021/nov/10/ron-klain/ron-klain-exaggerates-improvements-employment-coro/
TikTok posts,"October 24, 2021",Product shortages are manufactured; goods are stuck in warehouses.,pants-fire,a TikTok video,Economy; Infrastructure; Trade,Jill Terreri Ramos,"November 4, 2021",https://www.politifact.com/factchecks/2021/nov/04/tiktok-posts/supply-chain-problems-are-real/
Joe Biden,"November 2, 2021","“Wages have gone up higher, faster than inflation.”",mostly-false,press conference,Economy; Workers,Louis Jacobson,"November 2, 2021",https://www.politifact.com/factchecks/2021/nov/02/joe-biden/glasgow-joe-biden-exaggerates-wages-inflation/
Ron DeSantis,"October 22, 2021","“The nation reported adding 194,000 jobs in September, and Florida accounted for 84,500.”",half-true,Facebook post,Economy; Jobs,Louis Jacobson,"October 27, 2021",https://www.politifact.com/factchecks/2021/oct/27/ron-desantis/fact-checking-ron-desantis-job-growth-florida/
Ben Wikler,"September 23, 2021","Says Rebecca Kleefisch played a key role in the Foxconn deal, “the largest attempted government handout to a foreign company in American history.""",mostly-true,Twitter,National; Economy; History; Jobs; Wisconsin,Madeline Heim,"October 26, 2021",https://www.politifact.com/factchecks/2021/oct/26/ben-wikler/yes-foxconn-deal-was-largest-government-incentive-/
Joe Biden,"October 21, 2021",“We’ve created more jobs in the first eight months of my administration than any president in American history — total number of jobs created.”,half-true,town hall,Economy; Jobs,Louis Jacobson,"October 22, 2021",https://www.politifact.com/factchecks/2021/oct/22/joe-biden/fact-checking-joe-biden-about-job-gains-his-watch/
Chuck Grassley,"October 19, 2021","""Welcome 2 Pres Biden’s America where inflation is costing households an extra $175 a month.”",mostly-true,tweet,Economy,Lyle Muller,"October 21, 2021",https://www.politifact.com/factchecks/2021/oct/21/chuck-grassley/inflation-costs-consumers-are-real-explanation/
Bryan Steil,"September 24, 2021","Says Joe Biden's IRS reform proposals ""would require banks and credit unions to hand over private information about routine transactions to the IRS.""",mostly-false,Twitter,National; Economy; Income; Privacy Issues; Wisconsin,D.L. Davis,"October 15, 2021",https://www.politifact.com/factchecks/2021/oct/15/bryan-steil/irs-reform-proposal-would-not-require-banks-hand-o/
Facebook posts,"October 5, 2021","“In case you forgot. Two years ago today, we were experiencing the greatest economy in the history of the world.”",false,social media posts,Economy; Jobs; Facebook Fact-checks,Louis Jacobson,"October 8, 2021",https://www.politifact.com/factchecks/2021/oct/08/facebook-posts/no-donald-trump-didnt-lead-greatest-economy-histor/
Joe Biden,"October 5, 2021","""Thirty years ago, the United States ranked sixth among advanced economies in the share of women in the workforce. You know where we are today? Twenty-three.”",mostly-true,speech,Children; Economy; Jobs; Women,Louis Jacobson,"October 8, 2021",https://www.politifact.com/factchecks/2021/oct/08/joe-biden/joe-biden-largely-right-share-us-women-workforce-n/
Facebook posts,"October 1, 2021",“There are now 56 cargo freighters anchored off the coast of California from Oakland to Long Beach in what can only be considered a manufactured supply-chain halt.”,mostly-false,Facebook post,Economy; Public Health; Trade; California,Isabella Fertel,"October 1, 2021",https://www.politifact.com/factchecks/2021/oct/01/facebook-posts/no-back-cargo-ships-southern-california-coast-not-/
Alberta Darling,"August 25, 2021",“Wisconsin Governor (Tony) Evers wanted to raise your taxes by $1 billion in a pandemic. Republicans stopped him and delivered the largest tax CUT in state history.”,mostly-true,Twitter,Economy; States; Taxes; Wisconsin,Madeline Heim,"September 24, 2021",https://www.politifact.com/factchecks/2021/sep/24/alberta-darling/yes-republicans-curbed-evers-plan-raise-taxes-1-bi/
Jennifer Granholm,"September 8, 2021","“West Virginia University just came out with a study that showed that there will be almost 20,000 jobs created in clean energy in West Virginia if (President Joe Biden’s) agenda is passed.”",half-true,interview on CNN,West Virginia; Economy; Energy; Jobs,Duncan Slade,"September 21, 2021",https://www.politifact.com/factchecks/2021/sep/21/jennifer-granholm/would-joe-bidens-clean-energy-plan-bring-20000-job/
Gwen Moore,"September 3, 2021",“President Biden has created more jobs in his first 7 months than any POTUS in history.”,half-true,Twitter,Economy; Jobs; Workers; Wisconsin,Laura Schulte,"September 21, 2021",https://www.politifact.com/factchecks/2021/sep/21/gwen-moore/biden-has-overseen-large-increase-jobs-hes-not-rea/
Terry McAuliffe,"August 23, 2021",Glenn Youngkin “called COVID relief ‘unnecessary.’”,mostly-false,TV ad.,Economy; Stimulus; Coronavirus; Virginia,Warren Fiske,"September 1, 2021",https://www.politifact.com/factchecks/2021/sep/01/terry-mcauliffe/did-youngkin-call-covid-relief-unnecessary/
Jack Posobiec,"July 29, 2021","The White House plans to call for lockdowns due to the delta variant and is “aiming for late 2nd week of August, per WH official.”",false,tweet,National; Economy; Facebook Fact-checks; Coronavirus,Amy Sherman,"August 12, 2021",https://www.politifact.com/factchecks/2021/aug/12/jack-posopiec/conservative-pundits-say-biden-and-democrats-want-/
Tom Tiffany,"July 20, 2021","Says spending by Democrats is driving major jumps in car rentals, gas prices and hotel prices this summer",mostly-false,Twitter,National; Economy; Energy; Gas Prices; Coronavirus; Wisconsin,Laura Schulte,"August 6, 2021",https://www.politifact.com/factchecks/2021/aug/06/tom-tiffany/tiffany-misses-point-behind-why-prices-are-rising-/
Facebook posts,"August 4, 2021","""If your employer is mandating any pokes, do not quit. Make them fire you. That way you get unemployment benefits.""",false,Facebook post,Economy; Jobs; Public Health; Welfare; Facebook Fact-checks; Coronavirus,Bill McCarthy,"August 5, 2021",https://www.politifact.com/factchecks/2021/aug/05/facebook-posts/getting-fired-over-vaccine-mandate-may-cost-you-un/
Rick Scott,"July 30, 2021",Says Joe Biden and Democrats “have done absolutely nothing to help families struggling to keep up with inflation.”,false,press release,National; Economy; Families,Jon Greenberg,"August 4, 2021",https://www.politifact.com/factchecks/2021/aug/04/rick-scott/rick-scotts-false-claim-biden-democrats-have-done-/
Rebecca Kleefisch,"July 20, 2021",Says Gov. Tony Evers has declared Wisconsin “permanently closed” for business.,false,Twitter,Economy; Small Business; Coronavirus; Wisconsin,Madeline Heim,"August 4, 2021",https://www.politifact.com/factchecks/2021/aug/04/rebecca-kleefisch/no-evers-didnt-say-wisconsin-was-permanently-close/
Joe Biden,"July 23, 2021","When Terry McAuliffe was governor, “Unemployment went down in every single county, including rural Virginia by nearly 50%.",mostly-true,speech.,Economy; Jobs; Virginia,Warren Fiske,"July 30, 2021",https://www.politifact.com/factchecks/2021/jul/30/joe-biden/bidens-claim-about-virginia-unemployment-largely-h/
Rick Scott,"July 26, 2021","“Thanks to the insane tax-and-spending spree of President Joe Biden and Democrats in Washington, we are seeing six straight months of raging inflation.”",mostly-false,press release,National; Economy,Jon Greenberg,"July 29, 2021",https://www.politifact.com/factchecks/2021/jul/29/rick-scott/blame-joe-biden-inflation-most-government-spending/
Alma Adams,"July 14, 2021","""Lumber prices can be tied to the (Trump) administration’s actions.""",half-true,committee meeting,Economy; North Carolina,Paul Specht,"July 23, 2021",https://www.politifact.com/factchecks/2021/jul/23/alma-adams/are-high-lumber-prices-tied-trump-administration/
Joe Biden,"July 22, 2021","""The cost of an automobile, it's kind of back to what it was before the pandemic.""",false,CNN town hall,Economy,Louis Jacobson,"July 23, 2021",https://www.politifact.com/factchecks/2021/jul/23/joe-biden/joe-biden-wrong-when-he-says-prices-new-used-cars-/
Facebook posts,"June 25, 2021",“Coca-Cola has lost $4 bil in market value as people are boycotting Coke for their ‘try to be less White’ statement.”,false,post on Facebook,Corporations; Economy; Race and Ethnicity; Sports; Facebook Fact-checks,Emily Tian,"July 23, 2021",https://www.politifact.com/factchecks/2021/jul/23/facebook-posts/coca-colas-stock-didnt-tank-race-related-boycott/
X posts,"July 15, 2021",“You must give EVERY PENNY” of the advance child tax credit payments back when you file your 2021 taxes.,mostly-false,tweet,Economy; Taxes; Facebook Fact-checks; Coronavirus,Madison Czopek,"July 21, 2021",https://www.politifact.com/factchecks/2021/jul/21/tweets/advance-child-tax-credit-payments-wont-usually-req/
Joe Biden,"July 2, 2021","“We have now created over 3 million jobs since I took office, more jobs than have ever been created in the first five months of any presidency in modern history.”",half-true,remarks at the White House,Economy; Jobs,Louis Jacobson,"July 9, 2021",https://www.politifact.com/factchecks/2021/jul/09/joe-biden/joe-biden-target-early-job-gains-figure-leaves-out/
Adriano Espaillat,"June 8, 2021",“40% of  jobs in this country pay less than the average unemployment check of $750/week.”,half-true,Tweet,Economy; Jobs; New York,Jill Terreri Ramos,"July 3, 2021",https://www.politifact.com/factchecks/2021/jul/03/adriano-espaillat/espaillats-claim-has-some-truth-it-though-average-/
Cindy Axne,"June 10, 2021","""We’re not even remotely close to a point to say that we’re at rising inflation.""",half-true,interview,Economy; Iowa,Lyle Muller,"July 1, 2021",https://www.politifact.com/factchecks/2021/jul/01/cindy-axne/rising-inflation-fears-are-real-complex/
Glenn Youngkin,"May 21, 2021","“Over the last few years, more Virginians are moving away from Virginia than are moving to Virginia from the other 49 states.”",mostly-true,radio interview.,Economy; Population; Virginia,Warren Fiske,"June 17, 2021",https://www.politifact.com/factchecks/2021/jun/17/glenn-youngkin/are-more-people-leaving-virginia-other-states-movi/
Kamala Harris,"June 1, 2021","""Sadly during the course of the pandemic one-third of our small businesses have closed.""",mostly-true,interview on MSNBC,Economy; Health Care; Small Business; California,Chris Nichols,"June 7, 2021",https://www.politifact.com/factchecks/2021/jun/07/kamala-harris/kamala-harris-claimed-one-third-small-businesses-c/
Derrick Van Orden,"May 11, 2021",Says U.S. Rep. Ron Kind has “spent more $ in 100+ days than was spent fighting WWII,false,Twitter,National; Economy; Elections; Federal Budget; Wisconsin,D.L. Davis,"June 4, 2021",https://www.politifact.com/factchecks/2021/jun/04/derrick-van-orden/no-american-rescue-plan-does-not-cost-more-world-w/
Mandela Barnes,"May 23, 2021","“Since 1978, CEO compensation rose over 1,000% and only 11.9% for average workers.”",true,Twitter,National; Corporations; Economy; Workers; Wisconsin,Madeline Heim,"June 2, 2021",https://www.politifact.com/factchecks/2021/jun/02/mandela-barnes/yes-pay-ceos-has-far-outpaced-compensation-average/
Kamala Harris,"May 5, 2021",The Biden administration’s American Jobs Plan will be “the biggest non-defense investment in research and development in the history of our country.”,mostly-true,Statement,National; Economy; Federal Budget; Technology; Wisconsin,Laura Schulte,"May 28, 2021",https://www.politifact.com/factchecks/2021/may/28/kamala-harris/harris-right-american-jobs-plan-being-largest-incr/
Facebook posts,"May 22, 2021","Lumber, gas, wheat, coal and corn cost more in April 2021 ""in Joe Biden's America"" than they did a year earlier.",half-true,Facebook post,Agriculture; Economy; Energy; Food; Gas Prices; Facebook Fact-checks,Tom Kertscher,"May 27, 2021",https://www.politifact.com/factchecks/2021/may/27/facebook-posts/yes-prices-are-higher-under-biden-recovery-pandemi/
Facebook posts,"May 17, 2021",“Gas prices highest in a decade. Worst jobs report in 2 decades. Highest inflation in 3 decades. Highest increase in illegal immigration in 4 decades.”,mostly-false,social media posts,Immigration; Corrections and Updates; Economy; Gas Prices; Facebook Fact-checks,Louis Jacobson,"May 26, 2021",https://www.politifact.com/factchecks/2021/may/26/facebook-posts/social-media-post-exaggerates-economic-statistics/
Greg Abbott,"May 18, 2021",“We now have more job openings than we do people who are on unemployment. We have 60% more job openings today than we did the month before the pandemic hit the state of Texas.”,true,interview,Economy; Jobs; Coronavirus; Texas,Brandon Mulder,"May 21, 2021",https://www.politifact.com/factchecks/2021/may/21/greg-abbott/job-openings-texas-match-number-people-unemploymen/
Tom Nelson,"April 11, 2021","""Since 2010, student debt has increased by 102% and real wages have fallen by over 8%.”",half-true,Twitter,Debt; Economy; Education; Income; Wisconsin,Haley BeMiller,"May 21, 2021",https://www.politifact.com/factchecks/2021/may/21/tom-nelson/nelson-flubs-comparison-between-student-loan-debt-/
Lindsay James,"May 11, 2021","“There are more job openings than there are people on unemployment"" in Iowa.",true,tweet,Economy; Jobs; Iowa,Lyle Muller,"May 12, 2021",https://www.politifact.com/factchecks/2021/may/12/lindsay-james/low-unemployment-iowa-after-pandemic/
Kamala Harris,"May 4, 2021",“The global cost of corruption is as much as 5% of the world's GDP.”,false,speech,Economy,Miriam Valverde,"May 7, 2021",https://www.politifact.com/factchecks/2021/may/07/kamala-harris/kamala-harris-said-corruption-costs-much-5-worlds-/
Janet Yellen,"May 2, 2021",“Corporate income has increased as a share of” gross domestic product.,half-true,"interview on NBC's ""Meet the Press""",Corporations; Economy,Louis Jacobson,"May 3, 2021",https://www.politifact.com/factchecks/2021/may/03/janet-yellen/janet-yellen-partly-correct-about-corporate-income/
Instagram posts,"April 21, 2021","“Those 30-, 40-year mortgages” prove that banks know climate change “is not going to happen.”",false,Instagram video,Climate Change; Economy,Andy Nguyen,"April 26, 2021",https://www.politifact.com/factchecks/2021/apr/26/instagram-posts/no-home-mortgages-dont-prove-climate-change-scam/
Rick Gundrum,"March 29, 2021","Says Gov. Tony Evers’ 2021-22 state budget ""increases taxes $1 billion +""",mostly-true,Twitter,Economy; State Budget; Taxes; Wisconsin,D.L. Davis,"April 6, 2021",https://www.politifact.com/factchecks/2021/apr/06/rick-gundrum/yes-evers-budget-increases-wisconsin-taxes-more-1-/
Amy Pechacek,"December 20, 2020",“We have reached our goal to clear the backlog of (unemployment) claims.”,half-true,News release,Economy; Jobs; States; Workers; Wisconsin,Laura Schulte,"March 17, 2021",https://www.politifact.com/factchecks/2021/mar/17/amy-pechacek/wisconsin-cleared-one-backlog-unemployment-claims-/
Gordon Hintz,"February 23, 2021",Republicans are “trying to create a fake unemployment insurance crisis.”,false,speech,Economy; Jobs; Coronavirus; Wisconsin,Eric Litke,"March 4, 2021",https://www.politifact.com/factchecks/2021/mar/04/gordon-hintz/no-unemployment-not-fake-crisis-wisconsin/
Bill Cassidy,"February 7, 2021","“New York, for all of their complaining, Gov. Cuomo's complaining, has only had a 1.5% decrease in revenue” due to the coronavirus pandemic.",mostly-false,"remarks on NBC's ""Meet the Press""",Economy; State Budget; Coronavirus; New York,John Pullano,"February 26, 2021",https://www.politifact.com/factchecks/2021/feb/26/bill-cassidy/how-much-did-new-yorks-revenue-suffer-pandemic-yea/
Instagram posts,"February 11, 2021","Due to differing lockdown orders, New York has more COVID-19 cases, deaths, hospitalizations and job losses than Florida, and New York also lags on vaccinations.",mostly-false,Instagram post,Corrections and Updates; Economy; Public Health; Florida; Facebook Fact-checks; Coronavirus; New York,Samantha Putterman,"February 26, 2021",https://www.politifact.com/factchecks/2021/feb/26/instagram-posts/chart-comparing-new-york-and-florida-covid-19-flaw/
Mitch McConnell,"February 24, 2021","In the American Rescue Plan, “just about 1% of the money is for vaccines.”",mostly-true,Senate floor speech,National; Economy; Federal Budget; Coronavirus,Jon Greenberg,"February 26, 2021",https://www.politifact.com/factchecks/2021/feb/26/mitch-mcconnell/how-much-goes-covid-19-vaccines-stimulus-bill/
Cory Booker,"February 9, 2021","“There is a direct connection between discriminatory policies within the USDA and the enormous land loss we have seen among Black farmers over the past century.""",true,statement,Civil Rights; Economy; Legal Issues; Race and Ethnicity,Miriam Valverde,"February 22, 2021",https://www.politifact.com/factchecks/2021/feb/22/cory-booker/sen-cory-booker-right-about-legacy-usda-bias-again/
Joe Biden,"February 16, 2021","""If we kept (the minimum wage) indexed to inflation, people would be making $20 an hour right now.”",false,remarks at a CNN town hall,Economy; Jobs; Wisconsin,Louis Jacobson,"February 18, 2021",https://www.politifact.com/factchecks/2021/feb/18/joe-biden/joe-bidens-town-hall-mistake-about-inflation-index/
Joe Biden,"February 16, 2021","“There is a consensus among economists left, right, and center… that we can’t spend too much” on COVID-19 relief.",mostly-false,CNN town hall,National; Economy; Stimulus; Coronavirus; Wisconsin,Jon Greenberg,"February 18, 2021",https://www.politifact.com/factchecks/2021/feb/18/joe-biden/joe-biden-exaggerates-support-among-economists-his/
Kevin McCarthy,"February 9, 2021",Raising the national minimum wage to $15 per hour “would destroy up to 3.7 million jobs.”,false,press release,Economy; Jobs; California,Chris Nichols,"February 11, 2021",https://www.politifact.com/factchecks/2021/feb/11/kevin-mccarthy/gop-house-leader-kevin-mccarthy-distorts-job-loss-/
Jim Steineke,"January 17, 2021",Gov. Tony Evers “has the authority and revenue necessary” to upgrade the Wisconsin unemployment system without the Legislature.,mostly-false,TV interview,Economy; Jobs; Coronavirus; Wisconsin,Eric Litke,"February 3, 2021",https://www.politifact.com/factchecks/2021/feb/03/jim-steineke/no-evers-cannot-unilaterally-ok-new-unemployment-s/
Tony Evers,"January 12, 2021","""The Legislature spent the last decade passing laws deliberately making it even harder for people to access these critical supports when they need it most, exacerbating the problems with our already-outdated system.”",half-true,Speech,Economy; Families; Jobs; States; Wisconsin,Laura Schulte,"February 2, 2021",https://www.politifact.com/factchecks/2021/feb/02/tony-evers/evers-right-unemployment-benefits-harder-access-go/
Jordan Rachel,"January 16, 2021",A $15-per-hour minimum wage would raise the price of a Taco Bell burrito to $38.,false,tweet,Economy; Food; Pundits; Workers; PunditFact,Bill McCarthy,"January 20, 2021",https://www.politifact.com/factchecks/2021/jan/20/jordan-rachel/minimum-wage-increases-and-myth-38-burrito/
Sarah Godlewski,"January 9, 2021","“It wasn’t all women that lost jobs (in the December jobs report), it was mostly Black and Latina women. In fact, white women gained employment.”",true,Twitter,Economy; Jobs; Women; Wisconsin,Nusaiba Mizan,"January 15, 2021",https://www.politifact.com/factchecks/2021/jan/15/sarah-godlewski/black-and-latina-women-carried-brunt-job-loss-dece/
Kim Reynolds,"January 7, 2021","Before COVID-19,  “more Iowans (were) working than at any other time in our state history.""",true,news conference,Economy; Jobs; Iowa,Sarah Watson,"January 11, 2021",https://www.politifact.com/factchecks/2021/jan/11/kim-reynolds/pre-pandemic-iowa-had-largest-workforce-state-hist/
Christi Craddick,"December 12, 2020",Says that the oil and gas industry comprises 35% of the Texas economy.,mostly-true,tweet,Economy; Energy; Coronavirus; Texas,Brandon Mulder,"December 22, 2020",https://www.politifact.com/factchecks/2020/dec/22/christi-craddick/examining-texas-oil-and-gas-industry-amid-pandemic/
James Gallagher,"December 3, 2020",“Government imposed lockdowns do NOT reduce [COVID-19] cases or stop spikes.”,false,tweet,Economy; Health Care; Government Regulation; Public Health; Small Business; California,Chris Nichols,"December 16, 2020",https://www.politifact.com/factchecks/2020/dec/16/james-gallagher/yes-government-shutdowns-help-slow-covid-19-when-c/
Vicky Hartzler,"November 6, 2020",Unemployment report shows “America is bouncing back.”,mostly-true,tweet,Economy; Jobs; Missouri,Veronica Mohesky,"November 18, 2020",https://www.politifact.com/factchecks/2020/nov/18/vicky-hartzler/hartzlers-right-theres-some-bounce-labor-report/
Donald Trump,"October 29, 2020",“Nobody's ever seen a number like this… (33.1%) economic growth is four times greater than what the experts expected.”,half-true,rally,National; Economy,Jon Greenberg,"October 30, 2020",https://www.politifact.com/factchecks/2020/oct/30/donald-trump/donald-trump-says-gdp-growth-was-historic-beat-pre/
Facebook posts,"October 25, 2020",Joe Biden “wants to get rid of something called ‘stepped up basis’” that reduces inheritance taxes.,true,post on Facebook,Economy; Education; Facebook Fact-checks,Monique Curet,"October 29, 2020",https://www.politifact.com/factchecks/2020/oct/29/facebook-posts/yes-biden-seeks-eliminate-policy-reduces-inheritan/
Donald Trump,"October 15, 2020",Says North Carolina just landed an auto plant.,false,several speeches,Economy; North Carolina,Jon Greenberg,"October 28, 2020",https://www.politifact.com/factchecks/2020/oct/28/donald-trump/trump-wrong-about-auto-plant-coming-north-carolina/
Donald Trump,"October 21, 2020",Says Joe Biden repeatedly told Americans he's going to raise their taxes.,false,ad,National; Economy; Taxes,Bill McCarthy,"October 21, 2020",https://www.politifact.com/factchecks/2020/oct/21/donald-trump/trump-campaign-ad-takes-biden-out-context-three-ti/
Mike Pence,"October 11, 2020","Says since he and President Trump took office, their policies ""led to an unemployment rate of 3.1% in Wisconsin and 61,000 Wisconsin jobs, including 15,000 manufacturing jobs.""",false,news release,Economy; Jobs; Coronavirus; Wisconsin,Nusaiba Mizan,"October 20, 2020",https://www.politifact.com/factchecks/2020/oct/20/mike-pence/pence-uses-outdated-numbers-tout-wisconsin-job-gai/
Donald Trump,"October 14, 2020","Speaking of the federal debt before the coronavirus pandemic, “we were starting to get that number down.”",false,discussion with business leaders,Debt; Deficit; Economy; Federal Budget,Miriam Valverde,"October 19, 2020",https://www.politifact.com/factchecks/2020/oct/19/donald-trump/trump-falsely-says-federal-debt-was-going-down-pan/
Donald Trump,"September 30, 2020",Says Joe Biden is a socialist.,false,rally,National; Economy; Health Care; Medicare; Florida,Amy Sherman,"October 15, 2020",https://www.politifact.com/factchecks/2020/oct/15/donald-trump/trumps-false-claim-biden-socialist/
Donald Trump,"September 29, 2020","Says Joe Biden “passed a tax bill that gave us all these privileges for depreciation and for tax credits. We built a building, and we get tax credits like the hotel on Pennsylvania Ave.”",half-true,first 2020 presidential debate,National; Debates; Economy; Taxes,Bill McCarthy,"October 1, 2020",https://www.politifact.com/factchecks/2020/oct/01/donald-trump/trumps-tax-defense-jumbles-details-overstates-bide/
Donald Trump,"September 29, 2020","Before the coronavirus pandemic, the United States had “the greatest economy in the history of our country.”",false,first presidential debate,Economy; Jobs,Louis Jacobson,"October 1, 2020",https://www.politifact.com/factchecks/2020/oct/01/donald-trump/donald-trumps-dubious-statement-about-presiding-ov/
Donald Trump,"September 29, 2020","In manufacturing, ""I brought back 700,000 jobs. (Obama and Biden) brought back nothing.""",false,first presidential debate,Economy; Jobs,Louis Jacobson,"September 30, 2020",https://www.politifact.com/factchecks/2020/sep/30/donald-trump/during-debate-donald-trump-overstates-manufacturin/
Richard Durbin,"August 23, 2020","""We have a worse economy than any other country in the world that's going through COVID-19 by a factor of three.""",false,radio interview,Economy; Illinois; Coronavirus,Deborah Wilber,"September 27, 2020",https://www.politifact.com/factchecks/2020/sep/27/richard-durbin/no-us-economy-not-worst-world-factor-three/
Joe Biden,"September 18, 2020","Says Donald Trump is “the worst jobs president in recorded history.""",half-true,video,Economy; Jobs,Louis Jacobson,"September 24, 2020",https://www.politifact.com/factchecks/2020/sep/24/joe-biden/donald-trump-worst-jobs-president-recorded-history/
Facebook posts,"July 17, 2020","""Biden wants to end Shareholder Capitalism.. that's your 401k..your pensions.. your retirement.. are you voting for that???""",mostly-false,Facebook post,National; Economy; Facebook Fact-checks,Noah Y. Kim,"September 23, 2020",https://www.politifact.com/factchecks/2020/sep/23/facebook-posts/no-biden-doesnt-want-dissolve-stock-market/
Bob Good,"September 9, 2020",“82% of Americans...would experience a tax increase if Biden were elected.”,false,debate.,Economy; Taxes; Virginia,Warren Fiske,"September 22, 2020",https://www.politifact.com/factchecks/2020/sep/22/bob-good/bob-good-misrepresents-joe-bidens-tax/
Donald Trump Jr.,"September 2, 2020",“Joe Biden wants to raise taxes on 82% of all Americans.”,false,tweet,Economy; Taxes,Bill McCarthy,"September 4, 2020",https://www.politifact.com/factchecks/2020/sep/04/donald-trump-jr/donald-trump-jr-misrepresents-joe-bidens-tax-plan/
Bill Clinton,"August 18, 2020",The United States is “the only major industrial economy to have its unemployment rate triple” since the coronavirus pandemic began.,mostly-true,Democratic convention speech,Corrections and Updates; Economy; Jobs; Coronavirus,Louis Jacobson,"August 19, 2020",https://www.politifact.com/factchecks/2020/aug/19/bill-clinton/bill-clinton-mostly-accurate-international-unemplo/
JB Pritzker,"August 4, 2020","When COVID-19 struck, the Illinois Department of Employment Security “was hit with something no one expected: 10 to 20 times the claims, even during the worst recession of my lifetime.”",mostly-true,remarks at a news conference,Economy; Illinois,Kiannah Sepeda-Miller,"August 14, 2020",https://www.politifact.com/factchecks/2020/aug/14/jb-pritzker/pritzkers-mostly-correct-about-illinois-historic-u/
Ron Johnson,"August 2, 2020","“Depending on which study you look at, either 68% or 5 out of 6 individuals ... are making more on unemployment than they did on the job.”",mostly-true,TV interview,National; Economy; Federal Budget; Jobs; Wisconsin,Nusaiba Mizan,"August 13, 2020",https://www.politifact.com/factchecks/2020/aug/13/ron-johnson/johnsons-claim-some-earn-more-unemployment-working/
Democratic Party of Wisconsin,"August 2, 2020",“34% of Wisconsin renters are at risk of eviction.”,mostly-true,tweet,Economy; Housing; Jobs; Wisconsin,D.L. Davis,"August 12, 2020",https://www.politifact.com/factchecks/2020/aug/12/state-democratic-party-wisconsin/yes-high-percentage-wisconsin-renters-are-risk-evi/
Martha McSally,"July 31, 2020","“Mark Kelly criticized the (Paycheck Protection Program), then turned around and took money for his own multi-million dollar company.”",mostly-false,tweet,Economy; Coronavirus,Miriam Valverde,"August 6, 2020",https://www.politifact.com/factchecks/2020/aug/06/martha-mcsally/fact-checking-arizona-senate-race-claim-about-mark/
Facebook posts,"July 26, 2020","“Mississippi got 10,145 warrants for unemployment fraud!!”",mostly-false,Facebook post,Economy; Welfare; Facebook Fact-checks; Coronavirus,Bill McCarthy,"July 31, 2020",https://www.politifact.com/factchecks/2020/jul/31/facebook-posts/facebook-warnings-warrants-unemployment-fraud-lack/
Donald Trump,"July 21, 2020",“We're setting record job numbers.”,mostly-false,White House briefing,Economy; Jobs,Louis Jacobson,"July 24, 2020",https://www.politifact.com/factchecks/2020/jul/24/donald-trump/unpacking-donald-trumps-statement-record-job-numbe/
Chris  Hayes,"July 7, 2020","""Higher education is one of America's strongest export sectors. Over 1 million international students studied at American universities, (in the) 2018-19 school year. They contributed over $40 billion to the economy.”",true,TV segment,Immigration; Economy; Education; Pundits; Trade; PunditFact; Coronavirus,Bill McCarthy,"July 10, 2020",https://www.politifact.com/factchecks/2020/jul/10/chris-hayes/msnbcs-chris-hayes-right-economic-impact-internati/
Facebook posts,"July 2, 2020","“The national coin shortage was done intentionally, the Mint is no longer releasing coins into circulation aka this is the beginning of the end of paper money.”",false,Facebook post,Economy; Facebook Fact-checks,Tom Kertscher,"July 6, 2020",https://www.politifact.com/factchecks/2020/jul/06/facebook-posts/national-coin-shortage-yes-due-covid-no-sign-end-p/
Facebook posts,"June 4, 2020","""China has been stealing our manufacturing, costing Wisconsin almost 90,000 jobs.""",mostly-false,Facebook post,China; Economy; Wisconsin,Lawrence Andrea,"July 2, 2020",https://www.politifact.com/factchecks/2020/jul/02/facebook-posts/wisconsin-manufacturing-job-loss-blame-china/
Sara Meaney,"May 24, 2020","“Since the week ending March 14, Wisconsin actually saw a drop in tourism spending compared to last year of $1.7 billion.”",true,TV interview,Economy; Tourism; Wisconsin,D.L. Davis,"June 12, 2020",https://www.politifact.com/factchecks/2020/jun/12/sara-meaney/yes-state-has-seen-drop-more-billion-tourism-dolla/
Joe Biden,"May 21, 2020",Says President Donald Trump “took more than a month to allocate Congress’ emergency funding to tribes — and only did so after tribes sued.”,mostly-true,statement,Economy; Health Care; Public Health; Coronavirus,Miriam Valverde,"June 1, 2020",https://www.politifact.com/factchecks/2020/jun/01/joe-biden/fact-checking-joe-bidens-claim-trump-delayed-8-bil/
Donald Trump,"January 30, 2020","""Under three years of my administration, net farm income has already gone up nearly 50%.""",mostly-true,remarks at a public event,Agriculture; National; Economy; Iowa,Julia Shanahan,"May 22, 2020",https://www.politifact.com/factchecks/2020/may/22/donald-trump/farm-income-federal-aid-accounts-much-increase/
Dan Bishop,"April 24, 2020",“Half the workforce in the country may have just been idled” by coronavirus.,mostly-false,interview,Economy; North Carolina; Coronavirus,Paul Specht,"May 20, 2020",https://www.politifact.com/factchecks/2020/may/20/dan-bishop/no-half-us-workforce-has-not-been-idled/
Instagram posts,"May 19, 2020","“A lot of people can get an additional $2,400” from the CARES Act “and they can do it every month!”",mostly-false,Instagram post,Economy; Public Health; Facebook Fact-checks; Coronavirus,Miriam Valverde,"May 20, 2020",https://www.politifact.com/factchecks/2020/may/20/instagram-posts/new-york-radio-station-misleads-instagram-post-abo/
Facebook posts,"May 12, 2020","“Pelosi’s new coronavirus bill allows illegals to receive billions in relief funds in past, current, and future payments.”",mostly-true,Facebook post,Immigration; Economy; Facebook Fact-checks; Coronavirus,Miriam Valverde,"May 18, 2020",https://www.politifact.com/factchecks/2020/may/18/facebook-posts/house-coronavirus-bill-would-aid-immigrants-relati/
Facebook posts,"May 2, 2020",“(Retail) milk has gone up 7.5% since this time last year. The price farmers are paid has dropped 23%.”,mostly-true,Facebook post,Economy; Wisconsin,Eric Litke,"May 15, 2020",https://www.politifact.com/factchecks/2020/may/15/facebook-posts/yes-payments-dairy-farmers-have-dropped-even-retai/
Rand Paul,"May 6, 2020","$3 trillion for federal coronavirus stimulus packages is ""being borrowed basically from China.""",false,interview,China; Debt; Economy; Coronavirus,Tom Kertscher,"May 14, 2020",https://www.politifact.com/factchecks/2020/may/14/rand-paul/no-us-isnt-expected-borrow-heavily-china-pay-covid/
Tom  McClintock,"April 29, 2020","“The flu killed 80,000 Americans last year according to the CDC.”",mostly-false,interview on CapRadio's Insight program.,Economy; Health Care; Public Health; California,Chris Nichols,"May 5, 2020",https://www.politifact.com/factchecks/2020/may/05/tom-mcclintock/tom-mcclintock-claimed-flu-killed-80000-americans-/
Facebook posts,"April 23, 2020",“Trump and McConnell are blocking stimulus checks for Americans married to immigrants.”,mostly-false,Facebook post,Immigration; Economy; Facebook Fact-checks; Coronavirus,Miriam Valverde,"April 29, 2020",https://www.politifact.com/factchecks/2020/apr/29/facebook-posts/claim-about-stimulus-check-eligibility-americans-m/
Jack Whitver,"April 7, 2020","Before COVID-19, “Iowa had one of the lowest unemployment rates in the country, and many employers were scrambling to find qualified employees to fill their job openings.”",true,email newsletter,Economy; Workers; Iowa,Caleb McCullough,"April 14, 2020",https://www.politifact.com/factchecks/2020/apr/14/jack-whitver/iowa-had-strong-job-market-when-it-came-having-job/
Facebook posts,"April 3, 2020",Says fluid milk production limitations mean grocery stores are short on milk even as farmers are dumping it,half-true,Facebook post,Economy; Coronavirus; Wisconsin,Eric Litke,"April 10, 2020",https://www.politifact.com/factchecks/2020/apr/10/facebook-posts/are-bottling-limitations-liquid-milk-blame-milk-du/
Facebook posts,"March 29, 2020","“Unemployment now pays $24/hour, even if your wages were lower. Why don’t ‘essential’ people forced to still work get $24, too?”",half-true,Facebook post,Economy; Jobs; Public Health; Facebook Fact-checks; Coronavirus,Tom Kertscher,"April 6, 2020",https://www.politifact.com/factchecks/2020/apr/06/facebook-posts/big-boost-unemployment-checks-no-pay-hike-workers/
Facebook posts,"March 21, 2020","“All schools in Canada are closed for the rest of the school year, each family will receive $950 every two weeks for the next 15 weeks, banks were notif(ied) to suspend mortgage payments for at least 6 months, and student loans deferred.”",half-true,Facebook post,Economy; Public Health; Workers; Facebook Fact-checks; Coronavirus,Bill McCarthy,"March 25, 2020",https://www.politifact.com/factchecks/2020/mar/25/facebook-posts/widespread-facebook-post-overstates-canadian-gover/
Donald Trump,"March 14, 2020","Says that “over a 45-minute period that we had the press conference” on the coronavirus on March 13, 2020, the stock market set ""an all-time record.""",half-true,news conference,Economy; Coronavirus,Tom Kertscher,"March 19, 2020",https://www.politifact.com/factchecks/2020/mar/19/donald-trump/stock-market-record-point-rise-followed-record-poi/
Joe Biden,"March 15, 2020","Because the Federal Reserve recently cut interest rates to near 0%, “the Fed will be of little consequence now. They’ve already used what leverage they have.”",false,debate,Economy; Elections; Financial Regulation,Louis Jacobson,"March 18, 2020",https://www.politifact.com/factchecks/2020/mar/18/joe-biden/despite-rates-0-fed-still-has-tools-available-stab/
Mike Parson,"February 14, 2020","“Right now we have over 40,000 new jobs in a little over 18 months” in Missouri.",false,speech,Economy; Jobs; Missouri,Jack Kosowski,"March 16, 2020",https://www.politifact.com/factchecks/2020/mar/16/mike-parson/did-mike-parson-create-40000-jobs-he-took-office/
Joe Biden,"March 15, 2020",Says Bernie Sanders voted against the auto bailout,half-true,Democratic debate,National; Economy,Amy Sherman,"March 16, 2020",https://www.politifact.com/factchecks/2020/mar/16/joe-biden/joe-biden-gets-bernie-sanders-votes-wrong-auto-bai/
Cheri Toalson Reisch,"February 1, 2020","“In Boone County (Missouri) with a 1.7% unemployment rate, we can’t find enough people, we can’t fill all the job openings.”",mostly-true,House Special Committee hearing on Criminal Justice,Economy; Jobs; Workers; Missouri,Sean Na,"March 10, 2020",https://www.politifact.com/factchecks/2020/mar/10/cheri-toalson-reisch/reisch-says-low-unemployment-rate-isnt-always-good/
Mark Pocan,"January 16, 2020","“There’s an Amazon distribution center that was advertising, last time I was there, up to $12.75 an hour. Your parents made that three decades ago.”",mostly-true,tweet,Economy; Income; Wisconsin,Madeline Heim,"February 28, 2020",https://www.politifact.com/factchecks/2020/feb/28/mark-pocan/pocan-money-lagging-wages-claim/
Glenn Grothman,"January 16, 2020","""In #WI, over 44,000 jobs depend on trade with Mexico and Canada.""",half-true,tweet,Economy; Jobs; Trade; Wisconsin,D.L. Davis,"February 26, 2020",https://www.politifact.com/factchecks/2020/feb/26/glenn-grothman/wisconsin-lawmakers-jobs-claim-comes-short-one-wor/
Pete Buttigieg,"February 22, 2020","Says Bernie Sanders would “go beyond reform and reorder the economy in ways most Democrats — let alone most Americans — don’t support.""",mostly-false,speech,Environment; Economy; Energy; Families; Financial Regulation; Health Care; Jobs; Workers; Vermont,Louis Jacobson,"February 25, 2020",https://www.politifact.com/factchecks/2020/feb/25/pete-buttigieg/polls-show-most-democrats-many-americans-back-key-/
Donald Trump,"January 14, 2020",“Very close to 160 million people are now working in the United States. Nobody's ever even come close to that number.”,mostly-true,public forum,Economy; Jobs; Workers; Wisconsin,Haley BeMiller,"February 7, 2020",https://www.politifact.com/factchecks/2020/feb/07/donald-trump/president-trump-scores-claim-number-us-workers/
Donald Trump,,"""Years of economic decay are over"" because Trump ""reversed the failed economic policies of the previous administration.""",false,,Economy; Jobs,Louis Jacobson,"February 6, 2020",https://www.politifact.com/factchecks/2020/feb/06/donald-trump/no-economy-didnt-suddenly-get-strong-under-donald-/
Donald Trump,"January 28, 2020","""Earnings for the bottom 10% are rising faster than earnings for the top 10%.”",half-true,comments at a campaign rally,Economy; Jobs; Labor,Jon Greenberg,"February 3, 2020",https://www.politifact.com/factchecks/2020/feb/03/donald-trump/earnings-bottom-rising-faster-top-mixed-data-behin/
Ro Khanna,"December 20, 2019","Says the California congressional district he represents ""has a higher GDP than Russia.""",false,interview with MSNBC,Economy; Foreign Policy; California,Louis Jacobson,"December 20, 2019",https://www.politifact.com/factchecks/2019/dec/20/ro-khanna/does-ro-khannas-district-have-bigger-gdp-russia-no/
Bernie Sanders,"December 19, 2019","Real wages ""went up last year 1.1%.""",true,Democratic debate,National; Economy; Jobs,Jon Greenberg,"December 20, 2019",https://www.politifact.com/factchecks/2019/dec/20/bernie-sanders/bernie-sanders-says-real-wages-rose-11-hes-right/
Dale Kooyenga,"December 13, 2019","Says minimum markup law goes beyond gas, tobacco and alcohol to make ""many doorbuster deals and holiday shopping specials technically against the law.""",half-true,email,Economy; Legal Issues; Small Business; Wisconsin,Eric Litke,"December 18, 2019",https://www.politifact.com/factchecks/2019/dec/18/dale-kooyenga/state-sen-kooyenga-says-doorbuster-deals-and-holid/
Joe Biden,"December 13, 2019","""I (found) the Republican votes for the Recovery Act, Obamacare, help us from falling into a Great Depression.""",mostly-false,rally,National; Candidate Biography; Economy; Health Care,Jon Greenberg,"December 18, 2019",https://www.politifact.com/factchecks/2019/dec/18/joe-biden/joe-biden-says-he-got-republicans-vote-obamacare-a/
Jim Justice,"October 16, 2019","Says a new annual report shows that ""West Virginia’s tourism industry has grown for the second consecutive year, reversing years of decline and outpacing national growth by 58 percent.""",true,Facebook post,West Virginia; Economy; Tourism,Darby Coughlin,"December 17, 2019",https://www.politifact.com/factchecks/2019/dec/17/jim-justice/jim-justice-right-about-growth-west-virginia-touri/
Arnold Schwarzenegger,"December 1, 2019","""In Bakersfield, where there’s a lot of oil drilling going on, there’s more solar jobs now in Bakersfield and around that area than there are oil jobs.""",false,"interview on ""Meet the Press""",Environment; Climate Change; Economy; Energy; Jobs; California,Chris Nichols,"December 6, 2019",https://www.politifact.com/factchecks/2019/dec/06/arnold-schwarzenegger/more-jobs-solar-oil-bakersfield-arnold-schwarzeneg/
Brian Treece,"October 17, 2019","Columbia, Mo., is ""one of the fastest growing cities in the region, the only city in the state to grow jobs faster than the nation as a whole.""",mostly-false,press conference,Economy; Missouri,Libby Stanford,"November 16, 2019",https://www.politifact.com/factchecks/2019/nov/16/brian-treece/columbias-economy-may-be-booming-it-hasnt-beat-out/
Donald Trump Jr.,"November 1, 2019","""Tens of thousands"" of people leave New York every week.",false,Tweet,Economy; Population; States; New York,Jill Terreri Ramos,"November 8, 2019",https://www.politifact.com/factchecks/2019/nov/08/donald-trump-jr/donald-trump-jr-overstates-migration-out-new-york/
Phil Scott,"October 25, 2019","""This decision is an unfortunate example of why those of us in Montpelier need to work together to make Vermont a more affordable place to do business and make sure our policies help businesses thrive rather than creating unique burdens and barriers to growth that make us less competitive with other states.""",false,Statement responding to Energizer's plans to close a factory,Economy; Vermont,Xander Landen,"October 31, 2019",https://www.politifact.com/factchecks/2019/oct/31/phil-scott/governor-says-vermont-caused-energizers-pending-ex/
Mike Parson,"September 8, 2019","""Wages are on the rise — in fact we were the top small-business wage growth state in the nation.""",mostly-true,campaign announcement,Economy; Small Business; Missouri,Joe Noser,"October 31, 2019",https://www.politifact.com/factchecks/2019/oct/31/mike-parson/parsons-mostly-right-about-big-growth-small-busine/
Brian Kolb,"September 24, 2019","The Buffalo Billion is ""still breaking every job promise""",half-true,Tweet,Economy; Jobs; New York,Jill Terreri Ramos,"October 29, 2019",https://www.politifact.com/factchecks/2019/oct/29/brian-kolb/kolb-takes-aim-buffalo-billion-job-promises/
Glenn Kage,"September 16, 2019","""General Motors is making record profits.""",half-true,Missouri Times interview,Economy; Missouri,Caitlyn Rosen,"October 25, 2019",https://www.politifact.com/factchecks/2019/oct/25/glenn-kage/general-motors-profits-have-been-record-setting-no/
Bernie Sanders,"October 19, 2019","Says Congress gave Wall Street ""trillions of dollars of zero interest loans.""",half-true,rally,National; Corrections and Updates; Economy; Education; Taxes,Jon Greenberg,"October 25, 2019",https://www.politifact.com/factchecks/2019/oct/25/bernie-sanders/bernie-sanders-overstates-recession-aid-wall-stree/
Tom Steyer,"October 15, 2019","""People haven't had a raise -- 90 percent of Americans have not had a raise for 40 years.""",half-true,Democratic presidential debate,Economy; Income; Jobs; Wealth; California,Chris Nichols,"October 16, 2019",https://www.politifact.com/factchecks/2019/oct/16/tom-steyer/tom-steyers-half-true-claim-90-americans-have-not-/
Andrew Yang,"September 21, 2019","Says about universal basic income, ""Thomas Paine was for it at our founding ... Martin Luther King, champion in the ‘60s, called it a guaranteed minimum income for all Americans… It passed the U.S. House of Representatives twice in 1971.""",mostly-true,Iowa Steak Fry speech,National; Economy; History,Miriam Valverde,"October 16, 2019",https://www.politifact.com/factchecks/2019/oct/16/andrew-yang/fact-checking-andrew-yang-history-universal-basic-/
Julián Castro,"October 15, 2019","""Ohio, Michigan, and Pennsylvania actually in the latest jobs data have lost jobs, not gained them.""",false,debate,National; Economy; Jobs; Pennsylvania,Louis Jacobson,"October 16, 2019",https://www.politifact.com/factchecks/2019/oct/16/julian-castro/julian-castro-wrong-about-job-losses-ohio-michigan/
Kevin Brady,"October 7, 2019","Says the Associated Press was wrong to report that ""Income Inequality grew to largest in 50 years"" because in a ""new Census report all four measures of income inequality SHRUNK, reversing rise over past five decades.""",mostly-false,tweet,Economy; Income; Texas,Madlin Mekelburg,"October 12, 2019",https://www.politifact.com/factchecks/2019/oct/12/kevin-brady/income-inequality-growing-or-shrinking-united-stat/
Ron Johnson,"July 15, 2019","""Republican policies have led to business investment growth that’s 10 times
faster than what we saw under President Obama.""",mostly-false,tweet,Economy; Wisconsin,Mica Soellner,"October 9, 2019",https://www.politifact.com/factchecks/2019/oct/09/ron-johnson/wisconsin-gop-sen-ron-johnson-overreaches-economy-/
Joe Biden,"September 21, 2019","""We’re no longer the wealthiest middle class in the world.""",mostly-true,campaign appearance,National; Economy,Amy Sherman,"October 4, 2019",https://www.politifact.com/factchecks/2019/oct/04/joe-biden/us-middle-class-no-longer-leads-world-bidens-claim/
Donald Trump,"September 22, 2019","""For the first time in history, most new hires of prime working age are minorities and women.""",half-true,speech,National; Economy,Miriam Valverde,"September 27, 2019",https://www.politifact.com/factchecks/2019/sep/27/donald-trump/fact-checking-trump-hiring-minorities-women/
West Virginia Republican Party,"August 27, 2019","""Women’s unemployment has been lower under President Trump than it’s been in nearly 70 years.""",mostly-true,tweet,West Virginia; Economy; Jobs,Caroline Cassedy,"September 26, 2019",https://www.politifact.com/factchecks/2019/sep/26/west-virginia-republican-party/unemployment-women-lowest-point-almost-70-years/
Donald Trump,"September 9, 2019","China has ""had now the worst year in 57 years.""",mostly-false,rally,National; China; Economy,Bill McCarthy,"September 10, 2019",https://www.politifact.com/factchecks/2019/sep/10/donald-trump/trump-wrongly-claims-china-having-its-worst-year-5/
Stanley Greenberg,"September 9, 2019","""What was the reality for most Americans during the Obama presidency? Most lost wealth and their incomes fell, particularly for those at the bottom of the ladder.""",mostly-true,"his book, ""RIP GOP""",Economy; PunditFact,Louis Jacobson,"September 10, 2019",https://www.politifact.com/factchecks/2019/sep/10/stanley-greenberg/did-most-americans-lose-wealth-income-under-barack/
Tom  Reed,"August 20, 2019","After the Tax Cuts and Jobs Act, ""the typical American worker’s pay growing at more than 3 percent a year, record low unemployment.""",half-true,Tweet,Economy; Taxes; New York,Jill Terreri Ramos,"September 6, 2019",https://www.politifact.com/factchecks/2019/sep/06/tom-reed/reed-points-economic-gains/
Ivanka Trump,"August 20, 2019","""Since the passage of Tax Cuts, real disposable personal income per household has increased $5,205.""",mostly-true,tweet,National; Economy; Income,Louis Jacobson,"August 22, 2019",https://www.politifact.com/factchecks/2019/aug/22/ivanka-trump/ivanka-trump-mostly-accurate-disposable-income-has/
Donald Trump,"August 21, 2019","""Yesterday we had the strongest dollar in the history of our country.""",false,remarks at the White House,National; Corrections and Updates; Economy; Foreign Policy; Trade,Louis Jacobson,"August 22, 2019",https://www.politifact.com/factchecks/2019/aug/22/donald-trump/donald-trump-incorrect-us-dollar-strongest-its-eve/
Kamala Harris,"August 12, 2019","It ""is estimated that as many as 300,000 auto workers may be out of a job before the end of the year.""",false,CNN interview,Economy; Jobs; Trade; California,Chris Nichols,"August 21, 2019",https://www.politifact.com/factchecks/2019/aug/21/kamala-harris/no-americas-auto-industry-not-expected-lose-many-3/
Elizabeth Warren,"July 22, 2019","""The country is now in a manufacturing recession.""",half-true,post on Medium,National; Economy,Jon Greenberg,"July 26, 2019",https://www.politifact.com/factchecks/2019/jul/26/elizabeth-warren/elizabeth-warren-says-manufacturing-recession-sign/
Donald Trump,"July 9, 2019","""Food Stamp participation hits 10 year low.""",true,Twitter,National; Economy; Poverty,Stefanie Pousoulides,"July 16, 2019",https://www.politifact.com/factchecks/2019/jul/16/donald-trump/president-trump-correct-about-food-stamp-low/
Bernie Sanders,"July 10, 2019","""42 percent of (Walmart’s) associates are black.""",false,op-ed,National; Economy; Jobs; Race and Ethnicity; Workers,Jon Greenberg,"July 12, 2019",https://www.politifact.com/factchecks/2019/jul/12/bernie-sanders/bernie-sanders-said-huge-percentage-walmart-worker/
Donald Trump,"June 30, 2019","""We hadn’t had a (car) plant built in years — in decades, actually. And now we have many plants being built all throughout the United States.""",mostly-false,remarks to South Korean business leaders,National; Economy,Jon Greenberg,"July 9, 2019",https://www.politifact.com/factchecks/2019/jul/09/donald-trump/donald-trump-touts-new-car-plants-america-overlook/
Charles Payne,"June 17, 2019","""When President Obama was elected, the market crashed … Trump was up 9%, President Obama was down 14.8% and President Bush was down almost 4%. There is an instant reaction on Wall Street.""",mostly-false,TV appearance,Economy; Elections; PunditFact,Bill McCarthy,"June 25, 2019",https://www.politifact.com/factchecks/2019/jun/25/charles-payne/fox-business-host-wrongly-claimed-market-crashed-i/
Kamala Harris,"June 1, 2019","President Trump’s tariffs are ""taking $1.4 billion out of working people’s pockets every month.""",mostly-true,speech at the California Democratic Party Convention,Economy; Trade; California,Chris Nichols,"June 10, 2019",https://www.politifact.com/factchecks/2019/jun/10/kamala-harris/kamala-harris-claims-trumps-tariffs-cost-14-billio/
Mike Murphy,"May 22, 2019","Says when New York ""implemented a program"" to tax the wealthy at higher rates it saw a revenue shortfall ""because of the outward migration of their top earners.""",false,remarks during a press conference,Economy; Taxes; Illinois,Kiannah Sepeda-Miller,"May 30, 2019",https://www.politifact.com/factchecks/2019/may/30/mike-murphy-illinois/no-graduated-tax-rates-did-not-drive-wealthy-new-y/
Donald Trump,"May 16, 2019","""Only 12% of legal immigrants are selected based on skill or based on merit. In countries like Canada, Australia and New Zealand, and others, that number is closer to 60, and even 70 and 75% in some cases.""",mostly-true,immigration speech,Immigration; National; Corrections and Updates; Economy; Homeland Security; Jobs,Miriam Valverde,"May 24, 2019",https://www.politifact.com/factchecks/2019/may/24/donald-trump/donald-trumps-international-comparison-merit-based/
Steve Bullock,"May 19, 2019","""You look at today, only half the 30-year-olds are doing better than their parents were at age 30. When I was being raised, it was 90%.""",mostly-true,"interview on CNN's ""State of the Union""",National; Economy,Louis Jacobson,"May 21, 2019",https://www.politifact.com/factchecks/2019/may/21/steve-bullock/fact-checking-steve-bullock-decline-american-dream/
JB Pritzker,"May 1, 2019","Says states with graduated income taxes ""create jobs and grow their economies faster"" than Illinois.",half-true,speech,Economy; Taxes; Illinois,Kiannah Sepeda-Miller,"May 19, 2019",https://www.politifact.com/factchecks/2019/may/19/jb-pritzker/pritzkers-latest-sweeping-tax-claim-falls-flat/
Bernie Sanders,"May 10, 2019","Says Wisconsin payday loans have a 574% average annual interest rate, ""exploitative lending that keeps Americans trapped in debt""",mostly-true,tweet,Economy; Wisconsin,Eric Litke,"May 14, 2019",https://www.politifact.com/factchecks/2019/may/14/bernie-sanders/bernie-sanders-payday-loans-wisconsin/
Donald Trump,"May 9, 2019","Tariffs are ""paid for mostly by China, by the way, not by us.""",false,remarks at the White House,National; Economy; Foreign Policy; Trade,Louis Jacobson,"May 14, 2019",https://www.politifact.com/factchecks/2019/may/14/donald-trump/does-china-mostly-pay-us-tariffs-rather-us-consume/
Ron Johnson,"May 6, 2019","""99.4% of businesses in Wisconsin are small businesses,"" and they employ ""nearly half of our workforce.""",true,tweet,Economy; Small Business; Workers; Wisconsin,Eric Litke,"May 7, 2019",https://www.politifact.com/factchecks/2019/may/07/ron-johnson/yes-small-businesses-account-99-all-wisconsin-comp/
Terry Gou,"May 1, 2019","""We suspended the (Foxconn) work around October, November last year because the weather there was snowy and icy cold.""",false,press conference,Economy; Wisconsin,Eric Litke,"May 2, 2019",https://www.politifact.com/factchecks/2019/may/02/terry-gou/foxconn-chairman-terry-gou-says-extreme-weather-su/
Donald Trump,"April 27, 2019","""The unemployment rate for Wisconsin workers has reached historic lows. It’s never been this low before, ever, ever, ever.""",true,rally,Economy; Jobs; Workers; Wisconsin,Mica Soellner,"May 2, 2019",https://www.politifact.com/factchecks/2019/may/02/donald-trump/trump-hits-paydirt-claim-wisconsins-low-unemployme/
Elizabeth Warren,"April 22, 2019","Speaking of the financial crisis that gained traction in 2007, ""I talked about it to anyone who would listen, a crisis is coming.""",true,CNN town hall,National; Candidate Biography; Economy; Housing; Jobs,Miriam Valverde,"April 30, 2019",https://www.politifact.com/factchecks/2019/apr/30/elizabeth-warren/elizabeth-warren-says-she-warned-about-financial-c/
Cheri Toalson Reisch,"April 1, 2019","""We have an unemployment (rate of) 1.5 in Boone County, and we can’t find enough workers.""",half-true,the state House during discussion of a criminal justice bill,Economy; Jobs; Missouri,Olivia Garrett,"April 30, 2019",https://www.politifact.com/factchecks/2019/apr/30/cheri-toalson-reisch/unemployment-rate-columbia-among-lowest-us/
Nikki Bowmar,"March 30, 2019","Small businesses in West Virginia make up ""99 percent of the total number of businesses in the state"" and employ ""nearly 50 percent of the state’s workforce.""",mostly-true,comment,West Virginia; Economy; Small Business; Workers,Stephanie Alvaro,"April 24, 2019",https://www.politifact.com/factchecks/2019/apr/24/nikki-bowmar/taking-stock-small-businesses-impact-wva-economy/
Kamala Harris,"April 22, 2019","""The majority of women are minimum wage workers.""",false,CNN town hall,Economy; Jobs; Women; Workers; California,Louis Jacobson,"April 24, 2019",https://www.politifact.com/factchecks/2019/apr/24/kamala-harris/are-majority-working-women-earning-minimum-wage-no/
Donald Trump,"April 23, 2019","""In the ‘old days’ if you were president and you had a good economy, you were basically immune from criticism.""",pants-fire,tweet,National; Economy; History; Polls and Public Opinion,Louis Jacobson,"April 23, 2019",https://www.politifact.com/factchecks/2019/apr/23/donald-trump/no-donald-trump-not-first-president-low-approval-a/
Kamala Harris,"April 17, 2019","""It's clear in our country right now, almost half of American families are a $400 unexpected expense away from complete upheaval.""",half-true,podcast,Economy; Poverty; California,Chris Nichols,"April 19, 2019",https://www.politifact.com/factchecks/2019/apr/19/kamala-harris/unexpected-400-expense-would-be-damaging-many-kama/
Pete Buttigieg,"April 7, 2019","""We cut unemployment by more than half"" in South Bend, Ind.",mostly-true,"interview on NBC's ""Meet the Press""",National; Candidate Biography; Economy; Jobs,Louis Jacobson,"April 10, 2019",https://www.politifact.com/factchecks/2019/apr/10/pete-buttigieg/did-south-bend-unemployment-fall-half-under-mayor-/
Pete Buttigieg,"April 1, 2019","""Since 1973, the income of the bottom 90 percent, so pretty much all of us, didn’t budge, or even retreated a little bit.""",half-true,podcast interview,National; Economy; Income,Louis Jacobson,"April 5, 2019",https://www.politifact.com/factchecks/2019/apr/05/pete-buttigieg/has-income-stalled-bottom-90-1970s-pete-buttigieg-/
Daniel Riemer,"February 17, 2019","""About 80 percent of (the manufacturing and agriculture) tax credit goes to claimants who are making $1 million or more.""",true,TV interview,Economy; Jobs; Taxes; Wisconsin,Mica Soellner,"April 4, 2019",https://www.politifact.com/factchecks/2019/apr/04/daniel-riemer/state-rep-riemer-right-money-tax-credit-claim/
West Virginia Republican Party,"February 6, 2019","""We have more women in the workforce than ever before.""",half-true,tweet,West Virginia; Economy; Jobs; Women,Samantha Patrick,"March 27, 2019",https://www.politifact.com/factchecks/2019/mar/27/west-virginia-republican-party/do-we-have-more-women-workforce-ever/
Kamala Harris,"March 6, 2019","""College debt has increased 170 percent since 2006 and now exceeds $1.5 trillion dollars, which is second only to mortgage debt and surpasses even credit card debt.""",mostly-true,news release,Debt; Economy; California,Chris Nichols,"March 21, 2019",https://www.politifact.com/factchecks/2019/mar/21/kamala-harris/kamala-harris-gets-it-mostly-right-americas-rapid-/
Julián Castro,"March 12, 2019","Says President Donald Trump’s fiscal year 2020 budget ""slashes investments in health care to pay for tax cuts to billionaires.""",half-true,tweet,Economy; Health Care; Medicaid; Medicare; Texas,Miriam Valverde,"March 20, 2019",https://www.politifact.com/factchecks/2019/mar/20/julian-castro/fact-checking-julian-castros-claim-about-trump-202/
Matthew Dowd,"March 8, 2019","""Job growth and stock growth for the first two years of Trump are down from where they were (during the) last two years of Obama.""",half-true,tweet,Economy; Jobs; PunditFact,Louis Jacobson,"March 13, 2019",https://www.politifact.com/factchecks/2019/mar/13/matthew-dowd/did-obamas-final-years-beat-trump-jobs-stock-value/
Greg Abbott,"March 4, 2019","""On a per capita basis, Irving-Las Colinas has more Fortune 500 companies than any city in the United States of America.""",mostly-true,press conference,Economy; Texas,Madlin Mekelburg,"March 9, 2019",https://www.politifact.com/factchecks/2019/mar/09/greg-abbott/which-city-has-most-fortune-500-companies-capita/
Bernie Sanders,"February 26, 2019","Raising the federal minimum wage to $15 ""would give more than 40 million low-wage workers a raise, more than 25 percent of the U.S. workforce.""",half-true,tweet,National; Economy; Jobs; Workers,Louis Jacobson,"March 1, 2019",https://www.politifact.com/factchecks/2019/mar/01/bernie-sanders/fact-checking-bernie-sanders-15-minimum-wage/
E. Gordon Gee,"January 14, 2019","West Virginia has ""the nation’s lowest workforce participation rate, which hovers around 50 percent, when the national average is about 63 percent.""",true,op-ed,West Virginia; Economy; Jobs; Workers,Erica Anderson,"February 27, 2019",https://www.politifact.com/factchecks/2019/feb/27/e-gordon-gee/does-west-virginia-have-nations-lowest-workforce-p/
Bobby  Scott,"February 7, 2019","""Today’s minimum wage worker making $7.25 an hour has less buying power than a minimum wage worker in the 1960s.""",true,speech.,Economy; Virginia,Warren Fiske,"February 13, 2019",https://www.politifact.com/factchecks/2019/feb/13/bobby-scott/bobby-scott-right-about-falling-value-minimum-wage/
Ilhan Omar,"February 7, 2019","""In 2017, the CEO of McDonalds got paid $21.8 million. The median pay for a McDonald's worker that year was $7,000. This is a moral outrage. We need a $15 minimum wage so that no one is paid a poverty wage.""",mostly-false,congressional hearing,National; Corporations; Economy; Income; Jobs; Workers,Jon Greenberg,"February 12, 2019",https://www.politifact.com/factchecks/2019/feb/12/ilhan-omar/omar-trips-details-mcdonalds-ceo-and-typical-worke/
Scott Walker,"January 16, 2019","During the three times the top marginal tax rates were lowered in the 20th century, ""revenues actually went up while the economy improved in America.""",mostly-false,tweet,Economy; Taxes; Wisconsin,Eric Litke,"February 5, 2019",https://www.politifact.com/factchecks/2019/feb/05/scott-walker/walker-misses-mark-marginal-tax-rates/
West Virginia Democratic Party,"January 9, 2019","""FACT: Unemployment rate has not decreased since @WVGovernor took office.""",mostly-false,tweet,West Virginia; Economy; Jobs,Matt Holleran,"February 4, 2019",https://www.politifact.com/factchecks/2019/feb/04/west-virginia-democratic-party/has-unemployment-not-fallen-under-gov-jim-justice/
Shelley Moore Capito,"January 3, 2019","""Our economy is growing at its fastest pace in nearly four years. Unemployment is at an all-time low.""",mostly-true,op-ed,West Virginia; Economy; Jobs,Erica Anderson,"February 4, 2019",https://www.politifact.com/factchecks/2019/feb/04/shelley-moore-capito/shelley-moore-capito-mostly-right-about-recent-gdp/
Wisconsin Republican Legislative leaders,"January 30, 2019","""Not a dollar would be paid out until jobs in the Foxconn development area were created.""",mostly-true,news release,Economy; Taxes; Wisconsin,D.L. Davis,"February 1, 2019",https://www.politifact.com/factchecks/2019/feb/01/wisconsin-republican-legislative-leaders/gop-leaders-claim-foxconn-wont-get-dollar-taxpayer/
Wisconsin Republican Legislative leaders,"January 30, 2019","Potential Foxconn changes are due to ""the wave of economic uncertainty"" from Evers administration",pants-fire,joint statement,Economy; Trade; Taxes; Wisconsin,Eric Litke,"February 1, 2019",https://www.politifact.com/factchecks/2019/feb/01/wisconsin-republican-legislative-leaders/robin-vos-scott-fitzgerald-have-no-business-blamin/
Kamala Harris,"January 27, 2019","""The cost of living is going up, but paychecks aren't keeping up.""",mostly-false,campaign launch event,Economy; California,Louis Jacobson,"January 30, 2019",https://www.politifact.com/factchecks/2019/jan/30/kamala-harris/are-paychecks-failing-keep-inflation/
Phil Scott,"January 24, 2019","""Every county, including Chittenden, has fewer people available for work.""",false,his budget address,Economy; Labor; Workers; Vermont,Colin Meyn,"January 26, 2019",https://www.politifact.com/factchecks/2019/jan/26/phil-scott/vermonts-governor-says-entire-state-losing-workers/
Tammy Baldwin,"January 2, 2019","""Wisconsin lost over 600 farms last year & our farmers can't afford the #TrumpShutdown.""",mostly-true,tweet,Agriculture; Economy; Trade; Wisconsin,D.L. Davis,"January 9, 2019",https://www.politifact.com/factchecks/2019/jan/09/tammy-baldwin/sen-tammy-baldwin-makes-hay-farm-claim/
Donald Trump,"January 2, 2019","""Mexico is paying for the Wall through the new USMCA Trade Deal.""",false,tweet,Immigration; National; Corrections and Updates; Economy; Homeland Security; Trade,Miriam Valverde,"January 4, 2019",https://www.politifact.com/factchecks/2019/jan/04/donald-trump/no-usmca-trade-deal-wont-pay-border-wall-despite-d/
Jim Justice,"September 19, 2018","""WV's tourism industry grew at a rate 30% above the national rate in 2017. This increase reversed a four-year decline in which travel-generated spending fell more than $600 million.""",mostly-true,tweet,West Virginia; Economy; State Budget; Tourism,Matt Minard,"December 14, 2018",https://www.politifact.com/factchecks/2018/dec/14/jim-justice/did-tourism-west-virginia-increase-faster-us-whole/
Christine Lagarde,"December 9, 2018","""In the United States, if there was equal participation of women in the labor market, GDP would be up by 5 percent.""",half-true,interview with CBS News' Face the Nation,National; Economy; Jobs; Women,Jon Greenberg,"December 12, 2018",https://www.politifact.com/factchecks/2018/dec/12/christine-lagarde/if-women-worked-much-men-would-gdp-jump-5/
Jim Justice,"November 5, 2018","""Hunters contribute more than $500 million"" to West Virginia.",mostly-true,tweet,West Virginia; Animals; Economy; Guns,Douglas Soule,"December 10, 2018",https://www.politifact.com/factchecks/2018/dec/10/jim-justice/do-hunters-contribute-more-500-million-west-virgin/
Mike  Romano,"November 8, 2018","""In 2017, West Virginia’s $43,469 median household income was $16,867 below the national average, ranking 50th.""",true,op-ed,West Virginia; Economy; Income,Julia Mellett,"December 7, 2018",https://www.politifact.com/factchecks/2018/dec/07/mike-romano/did-west-virginia-rank-50th-household-income-2017-/
Richard Ojeda,"November 27, 2018","At General Motors, CEO Mary Barra ""took home almost 22 MILLION DOLLARS last year alone (295x your company's average employee).""",true,tweet,West Virginia; Economy; Financial Regulation,Jamie Green,"December 6, 2018",https://www.politifact.com/factchecks/2018/dec/06/richard-ojeda/does-ceo-mary-barra-earn-295-times-average-gm-work/
Caleb Rowden,"October 1, 2018","""The small cell bill is expected to create more than 20,000 jobs and attract $2 billion in capital investment, resulting in nearly $4 billion in economic growth over the next few years.""",half-true,legislative report mailer,Economy; Technology; Missouri,Ryan Hanrahan,"December 5, 2018",https://www.politifact.com/factchecks/2018/dec/05/caleb-rowden/claims-over-small-cell-technology-economic-boom-pa/
Gavin Newsom,"November 29, 2018","There was ""an estimated $5.3 million of economic loss just for a few hours of shutting down the border. You’re talking about millions and millions of dollars — billions of dollars — of economic consequence, if we continue with this rhetoric around shutting down the border without considering what that means.""",mostly-true,press conference at the border,Immigration; Economy; Public Safety; California,Chris Nichols,"December 3, 2018",https://www.politifact.com/factchecks/2018/dec/03/gavin-newsom/did-californias-border-closure-cost-53m-economic-l/
David McKinley,"October 31, 2018","""Last year we had the eighth fastest-growing economy in the country in West Virginia.""",mostly-false,debate,West Virginia; Economy,Patrick Orsagos,"November 29, 2018",https://www.politifact.com/factchecks/2018/nov/29/david-mckinley/was-west-virginia-eighth-fastest-growing-economy-l/
Jason Smith,"November 9, 2018","""In fact 7 out of 10 new jobs in America are created by small businesses.""",true,tweet,Economy; Jobs; Small Business; Missouri,Titus Wu,"November 19, 2018",https://www.politifact.com/factchecks/2018/nov/19/jason-smith/rep-jason-smith-not-far-small-business-job-creatio/
Bernie Sanders,"November 15, 2018","Says middle class taxpayers ""subsidize Walmart’s horrendously low wages to the tune of at least $6.2 billion every year.""",mostly-false,Tweet announcing new bill,Economy; Income; Jobs; Medicaid; Vermont,Colin Meyn,"November 16, 2018",https://www.politifact.com/factchecks/2018/nov/16/bernie-sanders/bernie-sanders-digs-old-figure-fresh-attack-walmar/
West Virginia Republican Party,"September 29, 2018","""Middle-class income rose to a record level in 2017 as the strong economy lifted the fortunes of more Americans.""",true,tweet,West Virginia; Economy,Warren Sterling,"November 15, 2018",https://www.politifact.com/factchecks/2018/nov/15/west-virginia-republican-party/did-median-incomes-hit-record-level-2017/
Josh Hawley,"October 25, 2018","Says a manufacturing operation in his hometown that made gunstock for Remington rifles ""closed down, we lost those jobs and it's been devastating for my little town.""",half-true,debate,Economy; Jobs; Missouri; Guns,Titus Wu,"November 5, 2018",https://www.politifact.com/factchecks/2018/nov/05/josh-hawley/checking-josh-hawley-whether-gunstock-company-his-/
West Virginia Republican Party,"September 14, 2018","""West Virginia added the highest percentage of new construction jobs in 2017 in the United States, at 14.4%. This amounted to 4,300 additional jobs! In fact, #WV was the only state with double-digit growth!""",true,tweet,West Virginia; Economy; Housing,Adrianne Uphold,"November 2, 2018",https://www.politifact.com/factchecks/2018/nov/02/west-virginia-republican-party/did-west-virginia-lead-way-construction-job-growth/
Donald Trump,"September 29, 2018","""Household income among Hispanic Americans has just set a new record high.""",true,rally,West Virginia; Economy; Race and Ethnicity,Matt Minard,"November 1, 2018",https://www.politifact.com/factchecks/2018/nov/01/donald-trump/hispanic-household-income-record-high-donald-trump/
Donald Trump,"October 12, 2018","""All across Ohio, steel mills are reopening.""",half-true,speech,Ohio; Economy,Kyra Haas,"October 24, 2018",https://www.politifact.com/factchecks/2018/oct/24/donald-trump/facts-trump-and-ohio-steel-mills/
Scott Wagner,"October 11, 2018","""Our unemployment rate is 20 percent higher than the national average.""",false,Campaign email,Economy; Pennsylvania,Colin  Deppen,"October 18, 2018",https://www.politifact.com/factchecks/2018/oct/18/scott-wagner/scott-wagner-says-pas-unemployment-rate-20-percent/
Andrew Gillum,"September 30, 2018","""Of course you've got a low unemployment rate when people've got to work two and three jobs just to make ends meet.""",pants-fire,an interview,Economy; Florida,Kyra Haas,"October 15, 2018",https://www.politifact.com/factchecks/2018/oct/15/andrew-gillum/andrew-gillum-unemployment-claim/
Andrew Gillum,"September 30, 2018","Says Florida's economy ""is largely propped up on low-wage work.""",half-true,an interview,Economy; Florida,Kyra Haas,"October 15, 2018",https://www.politifact.com/factchecks/2018/oct/15/andrew-gillum/gillum-increase-low-wage-florida-jobs/
Ann Wagner,"August 27, 2018","""Since passage of the Tax Cuts and Jobs Act, Walmart 'increased their starting wage to $11/hr & has given about $400 million in bonuses.'""",true,tweet,Economy; Jobs; Workers; Taxes; Missouri,Hannah Archambault,"October 5, 2018",https://www.politifact.com/factchecks/2018/oct/05/ann-wagner/walmart-raised-wages-gave-bonuses-ann-wagner-claim/
Tim Kaine,"July 21, 2018","""The national economy was strong in its largest expansion of private sector jobs before President Trump came into office.""",true,debate.,Economy; Jobs; Virginia,Warren Fiske,"September 25, 2018",https://www.politifact.com/factchecks/2018/sep/25/tim-kaine/ne-right-record-jobs-growth-streak-precedes-trump/
Donald Trump,"September 20, 2018","Under the North American Free Trade Agreement, ""we lost thousands of plants.""",mostly-true,interview with Fox News' Sean Hannity,National; Economy; Jobs; Trade,Louis Jacobson,"September 24, 2018",https://www.politifact.com/factchecks/2018/sep/24/donald-trump/donald-trump-has-point-NAFTA-shuttered/
Donald Trump,"September 20, 2018","Under the North American Free Trade Agreement, ""we lost millions of jobs.""",false,interview with Fox News' Sean Hannity,National; Economy; Jobs; Trade,Louis Jacobson,"September 24, 2018",https://www.politifact.com/factchecks/2018/sep/24/donald-trump/did-nafta-kill-millions-jobs-donald-trump/
West Virginia Republican Party,"September 4, 2018","""In 2017, the number of new business registrations in West Virginia grew nearly 11 percent (8,318 new businesses registered for the year). This comes off the heels of a 12 percent increase in new business registrations during 2016.""",mostly-true,tweet,West Virginia; Economy,Alanna Longnecker,"September 20, 2018",https://www.politifact.com/factchecks/2018/sep/20/west-virginia-republican-party/business-registrations-are-wva-closures-high-too/
Ro Khanna,"September 12, 2018","""Most Americans don’t own stocks.""",half-true,Facebook post,Economy; Financial Regulation; California,Louis Jacobson,"September 18, 2018",https://www.politifact.com/factchecks/2018/sep/18/ro-khanna/what-percentage-americans-own-stocks/
Patrick Morrisey,"August 21, 2018","Says Joe Manchin ""strongly supported and voted for Hillary Clinton after she said, ‘We’re going to put a lot of coal miners and coal companies out of work.’""",mostly-true,Donald Trump rally,West Virginia; Candidate Biography; Economy; Energy; Workers,Kristen Mohammadi,"September 13, 2018",https://www.politifact.com/factchecks/2018/sep/13/patrick-morrisey/did-joe-manchin-stick-hillary-clinton-after-contro/
West Virginia Republican Party,"September 7, 2018","""Thanks to President Trump and Republicans over the past year through July, U.S. manufacturing added 327,000 jobs, the most of any 12-month period since April 1995, when the figure added a healthy 345,000 positions.""",mostly-true,tweet,West Virginia; Economy; Jobs,Adrianne Uphold,"September 6, 2018",https://www.politifact.com/factchecks/2018/sep/06/west-virginia-republican-party/its-largely-accurate-manufacturing-jobs-have-been-/
West Virginia Republican Party,"August 10, 2018","""For only the second time since 2000, there are more job openings than Americans who are unemployed.""",true,tweet,National; Economy; Jobs,Anja Martin,"August 31, 2018",https://www.politifact.com/factchecks/2018/aug/31/west-virginia-republican-party/wva-gop-right-about-job-openings-unemployed-worker/
Donald Trump,"August 21, 2018","""A few months ago, it hit where West Virginia is, on a per capita basis, one of the most successful (gross domestic product) states in our union.""",mostly-false,rally,National; Economy,Warren Sterling,"August 31, 2018",https://www.politifact.com/factchecks/2018/aug/31/donald-trump/donald-trump-mostly-incorrect-about-wva-economic-g/
Beto O'Rourke,"July 26, 2018","Says ""black Americans have 10 times less wealth than white Americans.""",mostly-true,ad,Economy; Income; Poverty; Texas,W. Gardner Selby,"August 23, 2018",https://www.politifact.com/factchecks/2018/aug/23/beto-orourke/beto-orourke-says-us-blacks-have-10-times-less-wea/
West Virginia Republican Party,"August 8, 2018","""The American economy is continuing its longest monthly streak of job growth in history, with 3.9 million jobs added since President Trump was elected.""",true,tweet,National; Economy; Jobs,Warren Sterling,"August 23, 2018",https://www.politifact.com/factchecks/2018/aug/23/west-virginia-republican-party/west-virginia-gop-tweet-correct-about-job-growth/
Sarah Huckabee Sanders,"August 14, 2018","""President Trump in his first year and a half has already tripled what President Obama did (for African-American employment) in eight years.""",false,White House press briefing,National; Economy; Jobs,Louis Jacobson,"August 15, 2018",https://www.politifact.com/factchecks/2018/aug/15/sarah-huckabee-sanders/white-house-base-comparing-african-american-job-gr/
Nancy Pelosi,"July 26, 2018","""Between the first and second quarters of 2018 — after the tax cuts were enacted — real wages fell by 1.8 percent.""",mostly-false,tweet,National; Economy; Jobs; Taxes,Louis Jacobson,"August 1, 2018",https://www.politifact.com/factchecks/2018/aug/01/nancy-pelosi/did-wages-fall-18-percent-after-donald-trumps-tax-/
Mike Pence,"July 22, 2018","""[The] unemployment rate in the Philadelphia metro area is now at its lowest level ever recorded.""",mostly-true,opinion piece for the Philadelphia Inquirer,Economy; Jobs; Pennsylvania,Sarah Anne Hughes,"July 23, 2018",https://www.politifact.com/factchecks/2018/jul/23/mike-pence/record-low-unemployment-philly-area-pence-right-so/
Kelda Helen Roys,"April 18, 2018","Wisconsin lost ""almost 4,000 manufacturing jobs in 2017.""",false,tweet and campaign event,Economy; Jobs; Wisconsin,Taylor Palmby,"July 23, 2018",https://www.politifact.com/factchecks/2018/jul/23/kelda-helen-roys/gubernatorial-candidate-kelda-roys-falsely-attacks/
Alexandria Ocasio-Cortez,"July 13, 2018","""Unemployment is low because everyone has two jobs. Unemployment is low because people are working 60, 70, 80 hours a week and can barely feed their family.""",pants-fire,"interview on PBS' ""Firing Line""",National; Economy; Jobs,Louis Jacobson,"July 18, 2018",https://www.politifact.com/factchecks/2018/jul/18/alexandria-ocasio-cortez/alexandria-ocasio-cortez-wrong-several-counts-abou/
Larry Kudlow,"June 29, 2018","""The deficit ... is coming down, and it’s coming down rapidly.""",pants-fire,interview with Fox Business Network,National; Debt; Deficit; Economy; Taxes,Louis Jacobson,"July 2, 2018",https://www.politifact.com/factchecks/2018/jul/02/larry-kudlow/larry-kudlow-wrong-about-deficits-falling-rapidly-/
Donald Trump,"June 28, 2018","""Watch those GDP numbers. We started off at a very low number, and right now we hit a 3.2 (percent). Nobody thought that was possible.""",false,speech,National; Economy,Louis Jacobson,"July 2, 2018",https://www.politifact.com/factchecks/2018/jul/02/donald-trump/donald-trump-base-describing-gdp-growth-his-watch/
Donald Trump,"June 28, 2018","""The European Union … they send us Mercedes, they send us -- by the millions -- the BMWs -- cars by the millions.""",false,speech,National; Economy; Foreign Policy; Trade; Transportation,Louis Jacobson,"July 2, 2018",https://www.politifact.com/factchecks/2018/jul/02/donald-trump/donald-trump-wrong-mercedes-bmw-import-cars-us-mil/
Mitch McConnell,"June 4, 2018","""The bottom line is clear: Under the policies of this unified Republican government, American workers, families, and business owners are achieving economic growth that is unmatched in recent memory. … More than 1 million new jobs have been created just since we passed tax reform last December.""",half-true,Senate floor speech,National; Corrections and Updates; Economy; Jobs; Taxes,Louis Jacobson,"June 5, 2018",https://www.politifact.com/factchecks/2018/jun/05/mitch-mcconnell/how-strong-have-job-gains-been-tax-bill-passed/
Ben Sasse,"May 31, 2018","""We’ve been down this road before—blanket protectionism is a big part of why America had a Great Depression.""",true,statement,National; Economy; History; Foreign Policy; Trade,Louis Jacobson,"May 31, 2018",https://www.politifact.com/factchecks/2018/may/31/ben-sasse/protectionism-big-part-great-depression-ben-sasse-/
Tina Smith,"May 21, 2018","""Taking into account inflation, the federal minimum wage is actually worth less than what it was worth 50 years ago.""",true,tweet,National; Economy,Louis Jacobson,"May 22, 2018",https://www.politifact.com/factchecks/2018/may/22/tina-smith/minimum-wage-worth-less-now-50-years-ago/
Steve Adler,"May 8, 2018","Says Austin is ""creating more jobs than any other city in the country.""",false,interview on KLBJ-AM,Economy; Jobs; Texas,W. Gardner Selby,"May 16, 2018",https://www.politifact.com/factchecks/2018/may/16/steve-adler/steve-adler-incorrectly-says-austin-creating-more-/
Don Blankenship,"April 23, 2018","Says illegal immigration is ""costing us $130 billion a year to house and feed and give benefits to people that shouldn’t be even in the country.""",mostly-false,debate,Immigration; National; Economy,Miriam Valverde,"April 30, 2018",https://www.politifact.com/factchecks/2018/apr/30/don-blankenship/don-blankenship-claims-illegal-immigration-costs-1/
Steve Adler,"April 25, 2018","Says Austin is the ""safest big city in Texas with an unemployment rate under 3% that has been named the best place to live in the entire United States two years running.""",mostly-true,tweet,City Government; Economy; History; Crime; Texas,W. Gardner Selby,"April 26, 2018",https://www.politifact.com/factchecks/2018/apr/26/steve-adler/steve-adler-jeopardy-austin-safety-best-place-live/
Donald Trump,"April 26, 2018","""Kanye (West) looks and he sees black unemployment at the lowest it’s been in the history of our country. He sees Hispanic unemployment at the lowest it’s been in the history of our country. He sees (women’s unemployment) the lowest it’s been in now almost 19 years.""",mostly-true,"interview on ""Fox & Friends""",National; Economy; Jobs; Race and Ethnicity; Women,Louis Jacobson,"April 26, 2018",https://www.politifact.com/factchecks/2018/apr/26/donald-trump/donald-trump-target-remarks-unemployment-kanye/
James Tedisco,"April 13, 2018","After the minimum wage for tipped workers was raised in Maine, the state ""reversed that decision due to restaurant employees organizing en masse against the measure.""",true,blog post,Economy; Jobs; New York,Dan Clark,"April 26, 2018",https://www.politifact.com/factchecks/2018/apr/26/james-tedisco/ny-may-raise-wages-tipped-workers-heres-what-happe/
Donald Trump,"April 18, 2018","""The United States has a massive trade deficit with Japan. It's anywhere from $69 billion to a $100 billion a year.""",half-true,press conference,National; Corrections and Updates; Economy; Foreign Policy; Trade,Louis Jacobson,"April 19, 2018",https://www.politifact.com/factchecks/2018/apr/19/donald-trump/donald-trump-correct-about-size-us-trade-deficit-j/
Charles Schumer,"April 16, 2018","In the wake of the Republican-backed tax bill, ""more than 100,000 American workers have already been laid off in 2018.""",mostly-false,news release from Senate Democrats,National; Economy; Jobs; Taxes,Louis Jacobson,"April 18, 2018",https://www.politifact.com/factchecks/2018/apr/18/charles-schumer/senate-democrats-flub-statistic-layoffs-2018/
Scott Walker,"April 4, 2018","""Our bold reforms have Wisconsin’s unemployment rate down to an all-time LOW of 2.9 percent, and the number of people working at an all-time HIGH!""",half-true,tweet,Economy; Jobs; Government Regulation; Taxes; Wisconsin,Tom Kertscher,"April 18, 2018",https://www.politifact.com/factchecks/2018/apr/18/scott-walker/record-low-unemployment-and-record-high-number-peo/
Brian Kolb,"March 31, 2018","This year’s state budget ""continues to direct millions in taxpayer dollars in advertising to the failing Start-Up NY program""",false,statement on the state budget,Corrections and Updates; Economy; Jobs; State Budget; Taxes; New York,Dan Clark,"April 9, 2018",https://www.politifact.com/factchecks/2018/apr/09/brian-kolb/did-year-state-budget-start-up-ny/
Paul Mango,"May 7, 2017","""Today, we (in Pennsylvania) have higher unemployment and lower job growth than most.""",mostly-true,campaign video,Economy; Pennsylvania,Colin  Deppen,"April 9, 2018",https://www.politifact.com/factchecks/2018/apr/09/paul-mango/paul-mangos-dire-economic-portrait-pennsylvania-mo/
Alex Mooney,"March 25, 2018","""From 2000-10, U.S. manufacturing employment shrank by a third after holding steady for 30 years.""",mostly-true,Wall Street Journal op-ed,National; Economy; Jobs,Louis Jacobson,"April 4, 2018",https://www.politifact.com/factchecks/2018/apr/04/alex-mooney/how-far-has-us-manufacturing-employment-fallen/
Joe Manchin,"March 21, 2018","Small businesses in West Virginia ""make up about 96 percent of our state's economy.""",mostly-false,tweet,National; Economy; Jobs; Small Business,Louis Jacobson,"March 26, 2018",https://www.politifact.com/factchecks/2018/mar/26/joe-manchin/joe-manchin-target-small-business-share-west-virgi/
Donald Trump,"March 6, 2018","Says the U.S. steel and aluminum industry is ""a fraction of what it once was.""",mostly-true,a press conference,National; Economy; Trade,John Kruzel,"March 13, 2018",https://www.politifact.com/factchecks/2018/mar/13/donald-trump/donald-trump-right-aluminum-steel-industries-have-/
Leah Vukmir,"January 25, 2018","Says Sen. Tammy Baldwin ""claims to support a 'Buy America' philosophy, but her actions speak louder than her empty words.""",false,article,Economy; Trade; Wisconsin,D.L. Davis,"March 12, 2018",https://www.politifact.com/factchecks/2018/mar/12/leah-vukmir/Vukmir-misfires-on-Baldwin-trade-barb/
Donald Trump,"March 8, 2018","""When I was campaigning, I was talking about 18 and 20 years (when) wages effectively went down. Now, for the first time in a long time, they're starting to go up for people.""",false,remarks before a Cabinet meeting,National; Economy; Workers,Louis Jacobson,"March 9, 2018",https://www.politifact.com/factchecks/2018/mar/09/donald-trump/donald-trump-wrong-about-wage-trends/
Noah Smith,"March 7, 2018","""Since 1990, production of metals in the U.S. has held roughly constant, but the number of people employed in the industry has fallen steadily.""",true,Bloomberg View column,Economy; Jobs; PunditFact,Louis Jacobson,"March 8, 2018",https://www.politifact.com/factchecks/2018/mar/08/noah-smith/has-automation-driven-job-losses-steel-industry/
Dana Wachs,"January 29, 2018","""We are last in the nation in startups — 50th.""",true,radio interview,Economy; Small Business; States; Wisconsin,Eric Litke,"March 8, 2018",https://www.politifact.com/factchecks/2018/mar/08/dana-wachs/wachs-hits-mark-startups/
Michael Williams,"February 27, 2018",Says Delta offers a discount to Planned Parenthood.,false,CNN interview,Georgia; Economy; Guns,Miriam Valverde,"March 2, 2018",https://www.politifact.com/factchecks/2018/mar/02/michael-williams-georgia/georgia-senators-false-claim-about-delta-discount-/
Ryan Zinke,"February 23, 2018","""Under the previous administration it was … $100 to fill a car. American energy has delivered. Now it's $60. That’s $40 you have in your pocket … that you wouldn’t have.""",false,panel at the conservative CPAC conference,National; Economy; Energy; Gas Prices,Louis Jacobson,"February 26, 2018",https://www.politifact.com/factchecks/2018/feb/26/ryan-zinke/ryan-zinke-wrong-gas-prices-are-down-40-under-trum/
Rebecca Kleefisch,"December 21, 2017","""We have roughly between 85,000 (and) 95,000 open jobs in Wisconsin.""",half-true,radio interview,Economy; Jobs; Wisconsin,Eric Litke,"February 23, 2018",https://www.politifact.com/factchecks/2018/feb/23/rebecca-kleefisch/lt-governors-count-wisconsin-job-openings-includes/
Edward Cox,"February 10, 2018","About New York state: ""We have the highest debt per capita.""",true,opening remarks at a Republican gubernatorial debate,Economy; New York,Dan Clark,"February 16, 2018",https://www.politifact.com/factchecks/2018/feb/16/edward-cox/new-york-state-leads-country-government-debt-resid/
X posts,"February 5, 2018","""If the Dow Joans ever falls more than 1000 ‘points’ in a Single Day the sitting president should be 'loaded' into a very big cannon and Shot into the sun at TREMENDOUS SPEED! No excuses!""",pants-fire,tweet attributed to @realdonaldtrump,Economy; Fake news; PunditFact,Amy Sherman,"February 6, 2018",https://www.politifact.com/factchecks/2018/feb/06/tweets/fake-trump-tweet-about-dow-joans-dropping-called-t/
Stacey Evans,"January 26, 2018","Georgia ""has the lowest minimum wage in the country.""",mostly-true,campaign website,Georgia; Economy; Jobs,Miriam Valverde,"February 5, 2018",https://www.politifact.com/factchecks/2018/feb/05/stacey-evans/does-georgia-have-lowest-minimum-wage-country/
Markwayne Mullin,"January 30, 2018","Under President Barack Obama: 4 million jobs lost, unemployment rose from 7.8% to 9.9%, the S&P 500 was 1,115.1 and the GDP went down 2.8%.",half-true,post on Rep. Mullin's Facebook page,National; Economy,Jon Greenberg,"February 2, 2018",https://www.politifact.com/factchecks/2018/feb/02/markwayne-mullin/gop-congressman-distorts-obamas-economic-record/
Donald Trump,"January 26, 2018","""Consumer confidence, business confidence, and manufacturing confidence are the highest they have been in many decades.""",half-true,speech,National; Economy; Polls and Public Opinion,Louis Jacobson,"February 2, 2018",https://www.politifact.com/factchecks/2018/feb/02/donald-trump/how-high-are-economic-confidence-polls-under-donal/
Robert Mujica,"January 18, 2018","""70 percent of the income tax that the state collects happens to come from Westchester, Nassau, Suffolk and New York City""",true,radio interview,Economy; Taxes; New York,Dan Clark,"February 1, 2018",https://www.politifact.com/factchecks/2018/feb/01/robert-mujica/do-downstate-ny-residents-contribute-more-income-t/
Donald Trump,"January 30, 2018","""Apple has just announced it plans to invest a total of $350 billion in America, and hire another 20,000 workers.""",half-true,2018 State of the Union address,National; Economy; Jobs; Taxes,Jon Greenberg,"January 31, 2018",https://www.politifact.com/factchecks/2018/jan/31/donald-trump/donald-trump-inflates-apple-investment/
Scott Walker,"January 11, 2018","Says Paul Soglin took Madison backward -- ""businesses have left and murders have gone up.""",mostly-false,tweet,City Government; Corporations; Economy; Crime; Wisconsin,Tom Kertscher,"January 31, 2018",https://www.politifact.com/factchecks/2018/jan/31/scott-walker/scott-walkers-overstated-attack-governor-rival-pau/
Joe Kennedy,"January 30, 2018","""Top CEOs (are) making 300 times the average worker.""",mostly-true,response to State of the Union address,National; Economy; Income,John Kruzel,"January 31, 2018",https://www.politifact.com/factchecks/2018/jan/31/joe-kennedy/do-ceos-make-300-times-average-worker-joe-kennedy-/
Donald Trump,"January 30, 2018","""Small business confidence is at an all-time high.""",true,his State of the Union address,National; Economy; Polls and Public Opinion; Small Business,Louis Jacobson,"January 31, 2018",https://www.politifact.com/factchecks/2018/jan/31/donald-trump/donald-trump-correct-small-business-optimism-recor/
Donald Trump,"January 30, 2018","""After years of wage stagnation, we are finally seeing rising wages.""",mostly-false,his State of the Union address,National; Economy; Workers,Louis Jacobson,"January 31, 2018",https://www.politifact.com/factchecks/2018/jan/31/donald-trump/us-finally-seeing-rising-wages-donald-trump-said/
Donald Trump,"January 28, 2018","""Because of my policies, Black Unemployment has just been reported to be at the LOWEST RATE EVER RECORDED!""",half-true,tweet,National; Economy; Jobs; Race and Ethnicity,Louis Jacobson,"January 31, 2018",https://www.politifact.com/factchecks/2018/jan/31/donald-trump/donald-trump-partly-correct-rejoinder-jay-z/
Donald Trump,"December 15, 2017","""Current immigration policy imposes as much as $300 billion annually in net fiscal costs on U.S. taxpayers.""",half-true,White House graphic,Immigration; National; Economy,Miriam Valverde,"January 23, 2018",https://www.politifact.com/factchecks/2018/jan/23/donald-trump/does-immigration-policy-impose-300-billion-annuall/
Andrew Cuomo,"January 3, 2018","""A case before Washington’s Supreme Court seeks to effectively end public labor unions.""",false,his State of the State address,Economy; Jobs; Labor; Unions; New York,Dan Clark,"January 17, 2018",https://www.politifact.com/factchecks/2018/jan/17/andrew-cuomo/unions-would-suffer-not-end-because-supreme-court-/
Edward Cox,"January 9, 2018","""Of all the 62 counties in New York state, all of them, unemployment is going up except for the five counties of New York City.""",mostly-true,radio interview,Economy; Jobs; New York,Dan Clark,"January 17, 2018",https://www.politifact.com/factchecks/2018/jan/17/edward-cox/unemployment-inching-almost-every-county-outside-n/
Democratic National Committee,"January 16, 2018","""In Trump’s first year as president, job growth slowed to a six-year low.""",half-true,Medium post,National; Economy; Jobs,Louis Jacobson,"January 16, 2018",https://www.politifact.com/factchecks/2018/jan/16/democratic-national-committee/dnc-strains-find-problems-current-job-market/
Donald Trump,"January 5, 2018","The Dow Jones Industrial Average ""jumped 1000 points in last 5 weeks, Record fastest 1000 point move in history.""",true,tweet,National; Economy,Louis Jacobson,"January 8, 2018",https://www.politifact.com/factchecks/2018/jan/08/donald-trump/donald-trump-right-dow-jones-had-its-fastest-ever-/
Donald Trump,"January 8, 2018","""African American unemployment is the lowest ever recorded in our country. The Hispanic unemployment rate dropped a full point in the last year and is close to the lowest in recorded history. Dems did nothing for you but get your vote!""",mostly-true,tweet,National; Economy; Jobs,Louis Jacobson,"January 8, 2018",https://www.politifact.com/factchecks/2018/jan/08/donald-trump/how-accurate-donald-trumps-about-black-hispa/
Brian Kolb,"December 9, 2017","""New York state spends more than $8 billion in taxpayer money each year on job-creation programs - more than the combined total of the next three largest states""",half-true,op-ed,Economy; New York,Dan Clark,"January 5, 2018",https://www.politifact.com/factchecks/2018/jan/05/brian-kolb/does-ny-spend-more-create-jobs-any-other-state/
Jason Smith,"November 13, 2017","""Check out the record of #jobs created by #TaxCuts 7.8 million new jobs after Bush’s 2003 tax cuts 12 million new jobs after Kennedy's 1964 tax cuts 14.8 MILLION new jobs after Ronald Reagan’s tax cuts in 1981.""",mostly-false,tweet,Economy; Jobs; Taxes; Missouri,Emma Diltz,"December 24, 2017",https://www.politifact.com/factchecks/2017/dec/24/jason-smith/no-solid-evidence-tax-cuts-created-jobs/
Donald Trump,"November 29, 2017","Missouri is one of ""13 states this year have seen unemployment drop to the lowest levels in the history of their state.""",false,speech,Economy; Jobs; Missouri,Lucille  Sherman,"December 15, 2017",https://www.politifact.com/factchecks/2017/dec/15/donald-trump/trump-misses-mark-missouri-unemployment-rate/
Nancy Pelosi,"December 8, 2017","""Even with full control of the House, Senate and White House, Republicans have still failed to deliver on their promise of higher wages for working families.""",mostly-false,statement released by her office,National; Economy; Jobs; Workers,Louis Jacobson,"December 12, 2017",https://www.politifact.com/factchecks/2017/dec/12/nancy-pelosi/have-wages-failed-go-donald-trumps-watch/
Donald Trump,"December 6, 2017","""We’re … getting into the pool of the 100 million people that are not working. That pool is now coming back.""",mostly-true,cabinet meeting,National; Economy; Jobs,Louis Jacobson,"December 7, 2017",https://www.politifact.com/factchecks/2017/dec/07/donald-trump/donald-trump-says-job-market-getting-non-workers-w/
Chris Ruddy,"December 3, 2017","Says ""$3 trillion in offshore money... is coming back into the economy"" because of the GOP tax bills.",half-true,"interview on ABC's ""This Week with George Stephanopoulos""",Economy; Taxes; PunditFact,Jon Greenberg,"December 5, 2017",https://www.politifact.com/factchecks/2017/dec/05/chris-ruddy/gop-tax-bill-overseas-profits-beware-hype/
Mahlon Mitchell,"November 19, 2017","Wisconsin has ""the fastest-shrinking middle class in the country.""",mostly-false,interview,Economy; Income; States; Workers; Wisconsin,Kevin Crowe,"November 29, 2017",https://www.politifact.com/factchecks/2017/nov/29/mahlon-mitchell/its-close-wisconsin-doesnt-have-fastest-shrinking-/
Missouri Department of Economic Development,"October 19, 2017","Among states, Missouri ranks ""3rd (in) average yearly growth of high-tech industries.""",mostly-true,proposal to Amazon.com,Economy; States; Missouri,Kathryn Hardison,"November 27, 2017",https://www.politifact.com/factchecks/2017/nov/27/missouri-department-economic-development/missouris-growth-high-tech-industries-mostly-line-/
Matt Flynn,"November 4, 2017","Under Scott Walker, ""average wages, when adjusted for inflation, are lower today than they were under Jim Doyle.""",half-true,news release,Economy; Income; Wisconsin,Tom Kertscher,"November 17, 2017",https://www.politifact.com/factchecks/2017/nov/17/matt-flynn/wages-under-scott-walker-less-under-jim-doyle-demo/
Greg Abbott,"November 15, 2017","""The Texas unemployment rate is now the lowest it’s been in 40 years & Texas led the nation last month in new job creation.""",false,video ad posted on his campaign website,Corrections and Updates; Economy; Jobs; Texas,W. Gardner Selby,"November 16, 2017",https://www.politifact.com/factchecks/2017/nov/16/greg-abbott/greg-abbott-makes-false-claims-about-texas-unemplo/
Eric Holcomb,"October 24, 2017","""We’re growing union jobs faster than Illinois.""",true,campaign ad,Economy; Jobs; Unions; Illinois,Matt Dietrich,"November 3, 2017",https://www.politifact.com/factchecks/2017/nov/03/eric-holcomb/indiana-governor-right-gloat-about-union-jobs-succ/
James Lankford,"October 22, 2017","""For the last 10 years, our economy has grown at less than 2 percent on average every single year for 10 years. We have not had a decade like that in a century in America.""",half-true,"interview on ""Face the Nation""",National; Economy; Taxes,Jon Greenberg,"October 31, 2017",https://www.politifact.com/factchecks/2017/oct/31/james-lankford/lankford-overstates-slow-growth-past-100-years/
Delaine Eastin,"October 11, 2017","""Ninety percent of people born in the 1940s ended up doing better financially than their parents. But those born in the 1980s, the much-maligned Millennials, have only a 50-50 chance of doing better (financially) than their parents, despite being the best-educated generation in our history.""",true,op-ed,Economy; Education; Jobs; The 2018 California Governor's Race; California,Chris Nichols,"October 27, 2017",https://www.politifact.com/factchecks/2017/oct/27/delaine-eastin/do-millennials-have-only-50-50-chance-doing-better/
Joe Manchin,"October 22, 2017","Says West Virginia is ""down to around 50 percent of the adult workers who are actually working now because of addiction or conviction.""",half-true,MSNBC interview,National; Drugs; Economy; Labor,Allison Colburn,"October 27, 2017",https://www.politifact.com/factchecks/2017/oct/27/joe-manchin/opioid-epidemic-likely-hurting-west-virginias-work/
Rahm Emanuel,"October 18, 2017","""And over the last six years, Chicago’s economy has grown faster than the economies of New York City, Washington, D.C., or the national average.""",mostly-false,speech,City Budget; Economy; Jobs; Illinois,Matt Dietrich,"October 20, 2017",https://www.politifact.com/factchecks/2017/oct/20/rahm-emanuel/emanuel-plays-fast-and-loose-fast-growth-boast/
Tony Evers,"October 4, 2017","""Job creation fell by 70 percent in Wisconsin in 2016"" under Scott Walker.",mostly-true,video,Economy; Jobs; Wisconsin,Tom Kertscher,"October 18, 2017",https://www.politifact.com/factchecks/2017/oct/18/tony-evers/jobs-have-grown-under-gop-gov-scott-walker-democra/
Charles Schumer,"October 1, 2017","Trump’s tax plan is ""completely focused on the wealthy and the powerful - not the middle class.""",false,interview on CBS' Face the Nation,Economy; Taxes; New York,Dan Clark,"October 9, 2017",https://www.politifact.com/factchecks/2017/oct/09/charles-schumer/does-trumps-tax-plan-do-nothing-low-income-earners/
Edward Cox,"September 19, 2017","New York has ""the biggest outmigration of citizens of any state.""",mostly-true,conversation with reporters,Economy; Jobs; Population; New York,Dan Clark,"September 29, 2017",https://www.politifact.com/factchecks/2017/sep/29/edward-cox/new-york-has-most-people-leaving-other-states-coun/
Eric  Greitens,"August 23, 2017","""Since we took office, we have been outpacing the nation in job growth.""",half-true,Facebook Live,Economy; Missouri,Tateanna  McCaskill,"September 21, 2017",https://www.politifact.com/factchecks/2017/sep/21/eric-greitens/missouri-really-outpacing-nation-jobs-greitens-too/
Donald Trump,"September 19, 2017","""Companies are moving back, creating job growth the likes of which our country has not seen in a very long time.""",half-true,speech to the United Nations General Assembly,National; Economy; Jobs,Louis Jacobson,"September 20, 2017",https://www.politifact.com/factchecks/2017/sep/20/donald-trump/how-strong-job-growth-been-trumps-watch/
Andy Gronik,"September 5, 2017","Wisconsin is ""guaranteeing Foxconn almost $3 billion, but Foxconn is not contractually guaranteeing how many full-time employees it will hire, for how long and at what pay.""",half-true,op-ed,Corporations; Economy; Jobs; Taxes; Wisconsin,Tom Kertscher,"September 12, 2017",https://www.politifact.com/factchecks/2017/sep/12/andy-gronik/wisconsin-guaranteeing-nearly-3-billion-foxconn-no/
Eric  Greitens,"August 23, 2017","""Just in our first six months in office, Missouri moved up the rankings nine places ... of the best states to do business.""",half-true,Facebook live conversation,Economy; Missouri,Emma Diltz,"September 10, 2017",https://www.politifact.com/factchecks/2017/sep/10/eric-greitens/greitens-claim-improving-business-climate-half-tru/
Donald Trump,"September 3, 2017","""In 1986, President Ronald Reagan"" cut the business tax rate to 34 percent and ""it worked -- our economy boomed, the middle class thrived and median family income increased.""",mostly-false,op-ed,Corporations; Economy; Income; Taxes; Wisconsin,Tom Kertscher,"September 6, 2017",https://www.politifact.com/factchecks/2017/sep/06/donald-trump/milwaukee-op-ed-donald-trump-overstates-economic-i/
Kathleen Vinehout,"August 6, 2017","Under Scott Walker, Wisconsin is ""still 16,000 manufacturing jobs lower than we were during the recession.""",mostly-true,TV interview,Economy; Jobs; Workers; Wisconsin,Alan Hovorka,"August 30, 2017",https://www.politifact.com/factchecks/2017/aug/30/kathleen-vinehout/senator-under-scott-walker-state-16000-manufacturi/
Scott Walker,"July 19, 2017","""We took Wisconsin from the Bottom 10 for business to the Top 10.""",mostly-false,tweet,Economy; Jobs; States; Wisconsin,Eric Litke,"August 23, 2017",https://www.politifact.com/factchecks/2017/aug/23/scott-walker/testing-scott-walkers-top-10-business-ranking-clai/
Donald Trump,"August 15, 2017","Wages ""haven’t gone up for a long time.""",false,question-and-answer session with reporters,National; Economy; Jobs; Workers,Louis Jacobson,"August 17, 2017",https://www.politifact.com/factchecks/2017/aug/17/donald-trump/donald-trump-says-wages-havent-gone-long-time-s-wr/
Melissa Sargent,"August 2, 2017","On Foxconn deal, ""3,000 jobs cost #WI taxpayers more than $3 billion in tax giveaways. Break it down: more than $1 million in taxpayer dollars per job.""",false,tweet,Economy; Jobs; Technology; Taxes; Wisconsin,Tom Kertscher,"August 11, 2017",https://www.politifact.com/factchecks/2017/aug/11/melissa-sargent/wisconsin-offering-pay-taiwan-tech-firm-foxconn-1-/
Mike Gallagher,"July 9, 2017","""We’re spending 18 percent of our GDP on healthcare while the average among industrialized countries is closer to 8 percent.""",mostly-true,TV interview,Economy; Health Care; Public Health; Wisconsin,Devi Shastri,"August 9, 2017",https://www.politifact.com/factchecks/2017/aug/09/mike-gallagher/mike-gallagher-target-claim-health-care-costs-us-v/
Greg Abbott,"July 14, 2017","""More Texans have jobs today than ever before in the history of our state.""",mostly-true,his speech kicking off his re-election campaign,Economy; Jobs; Texas,W. Gardner Selby,"August 3, 2017",https://www.politifact.com/factchecks/2017/aug/03/greg-abbott/greg-abbott-says-more-texans-have-jobs-ever/
One Wisconsin Now,"July 28, 2017","Says Scott Walker ""wants state taxpayers to dole out up to $250 million annually in incentives"" to Foxconn ""to lure a manufacturing plant to Wisconsin that he claims will generate $181 million in tax revenue.""",half-true,blog post,China; Economy; Jobs; Taxes; Wisconsin,Tom Kertscher,"August 2, 2017",https://www.politifact.com/factchecks/2017/aug/02/one-wisconsin-now/wisconsin-offering-pay-more-it-will-collect-taxes-/
Donald Trump,"August 1, 2017","""Corporations have NEVER made as much money as they are making now.""",half-true,tweet,National; Economy,Louis Jacobson,"August 1, 2017",https://www.politifact.com/factchecks/2017/aug/01/donald-trump/have-corporations-never-made-much-money-now-donald/
Donald Trump,"July 31, 2017","""Business spirit is the highest it's ever been, according to polls.""",mostly-false,remarks,National; Economy,Louis Jacobson,"July 31, 2017",https://www.politifact.com/factchecks/2017/jul/31/donald-trump/donald-trump-says-business-spirit-highest-its-ever/
Gavin Newsom,"July 12, 2017","The Inland Empire is ""the second fastest growing region"" for jobs in California.",true,interview on MSNBC,Economy; Jobs; The 2018 California Governor's Race; Transportation; California,Chris Nichols,"July 27, 2017",https://www.politifact.com/factchecks/2017/jul/27/gavin-newsom/inland-empire-second-only-san-francisco-california/
Scott Walker,"July 26, 2017","""Foxconn is bringing 13,000 high-tech jobs to Wisconsin.""",half-true,tweet,China; Economy; Jobs; Technology; Wisconsin,Tom Kertscher,"July 27, 2017",https://www.politifact.com/factchecks/2017/jul/27/scott-walker/scott-walker-says-foxconn-bringing-13000-jobs-wisc/
Newt Gingrich,"July 23, 2017","In economic growth, ""Obama's best year was slower than Bill Clinton's worst year.""",mostly-true,interview on Fox News,Georgia; Economy,Louis Jacobson,"July 27, 2017",https://www.politifact.com/factchecks/2017/jul/27/newt-gingrich/was-barack-obamas-best-economic-year-worse-bill-cl/
Donald Trump,"July 25, 2017","""We've achieved a historic increase in defense spending to get our troops the support they so richly deserve.""",false,speech,National; Economy; Military,Jon Greenberg,"July 27, 2017",https://www.politifact.com/factchecks/2017/jul/27/donald-trump/its-false-trump-achieved-historic-increase-defense/
Andy Gronik,"July 11, 2017","Wisconsin is ""dead-last in creating new businesses"" for ""three years in a row.""",half-true,interview,Economy; Jobs; Small Business; Wisconsin,Tom Kertscher,"July 26, 2017",https://www.politifact.com/factchecks/2017/jul/26/andy-gronik/half-true-attack-scott-walker-and-if-wisconsin-3-y/
Charles Schumer,"July 23, 2017","""When the price for oil goes up on the markets, it goes right up, but it never goes down.""",false,"interview on ABC's ""This Week""",National; Economy; Energy,Louis Jacobson,"July 25, 2017",https://www.politifact.com/factchecks/2017/jul/25/charles-schumer/yes-chuck-schumer-oil-prices-do-fall/
Donald Trump,"July 24, 2017","""We had the best jobs report in 16 years.""",mostly-true,speech at the Boy Scout Jamboree,National; Economy; Jobs,Louis Jacobson,"July 25, 2017",https://www.politifact.com/factchecks/2017/jul/25/donald-trump/donald-trump-right-us-just-had-best-jobs-report-16/
Kellyanne Conway,"July 22, 2017","Just 6 percent of Americans say Russia is the country’s most important issue, yet the story receives ""75 percent of the coverage"" in the media.",mostly-false,Fox News interview,Immigration; National; Economy; Health Care; Jobs; Foreign Policy,Manuela Tobias,"July 23, 2017",https://www.politifact.com/factchecks/2017/jul/23/kellyanne-conway/does-russia-take-75-percent-media-coverage/
Casey Cagle,"June 22, 2017","Says of Georgia, ""for four years in a row, we are the No. 1 state to do business in.""",half-true,meeting with small business owners,Georgia; Economy; Jobs; Small Business,Lauren Carroll,"July 19, 2017",https://www.politifact.com/factchecks/2017/jul/19/casey-cagle/lt-gov-cagle-says-georgia-no-1-state-business/
"Save Our City, Milwaukeeans Can't Wait","July 7, 2017","Says Tom Barrett ""has directed that tens of millions of City of Milwaukee tax dollars be used for the construction of a downtown trolley at the expense of: health and public safety; repair and replacement of public infrastructure; public education; and, job creation and economic development.""",mostly-false,recall filing,City Budget; City Government; Economy; Poverty; Transportation; Wisconsin,Tom Kertscher,"July 14, 2017",https://www.politifact.com/factchecks/2017/jul/14/save-our-city-milwaukeeans-cant-wait/tens-millions-tax-money-directed-milwaukee-streetc/
Bloggers,"July 8, 2017","""Obama goes to G20 summit ...  Everywhere President Donald Trump goes, Obama shows up, too.""",pants-fire,blog post,Economy; Fake news; PunditFact,Miriam Valverde,"July 11, 2017",https://www.politifact.com/factchecks/2017/jul/11/blog-posting/no-obama-did-not-follow-trump-g20-summit-germany/
Mark Pocan,"June 2, 2017","""Seven years later, (Scott Walker) has not hit his first campaign promise of creating 250,000 jobs.""",true,speech at the state Democratic convention,Economy; Jobs; Wisconsin,Alan Hovorka,"June 23, 2017",https://www.politifact.com/factchecks/2017/jun/23/mark-pocan/mark-pocan-claim-seven-years-later-scott-walker-ha/
Antonio  Villaraigosa,"June 6, 2017","Although California has ""the sixth largest economy in the world, we also have one of the highest poverty rates"" in the nation.",mostly-true,speech,Economy; Poverty; The 2018 California Governor's Race; California,Chris Nichols,"June 22, 2017",https://www.politifact.com/factchecks/2017/jun/22/antonio-villaraigosa/does-california-have-6th-largest-economy-world-and/
Ivanka Trump,"June 12, 2017","""There are currently 6 million jobs available in this country that are due in part to the skills gap.""",true,"interview on ""Fox & Friends""",National; Economy; Jobs; Workers,Louis Jacobson,"June 16, 2017",https://www.politifact.com/factchecks/2017/jun/16/ivanka-trump/ivanka-trump-mostly-right-role-skills-gap-unfilled/
Kirsten Gillibrand,"May 16, 2017","A national paid leave program ""would potentially put into the economy $21 billion dollars annually.""",mostly-false,speech at a conference,Economy; Labor; Women; New York,Dan Clark,"June 15, 2017",https://www.politifact.com/factchecks/2017/jun/15/kirsten-gillibrand/gillibrand-claim-ignores-cost-paid-leave-program/
Antonio  Villaraigosa,"June 6, 2017","""Seventy-seven of the top 300 cities with the highest poverty rate"" nationwide are in California.",false,speech,Economy; Poverty; The 2018 California Governor's Race; California,Chris Nichols,"June 9, 2017",https://www.politifact.com/factchecks/2017/jun/09/antonio-villaraigosa/villaraigosa-gets-it-wrong-california-poverty-figu/
Anthony Brindisi,"May 26, 2017","""State economic development dollars were used to support a project where goods were manufactured in China.""",false,press release,Economy; New York,Dan Clark,"June 2, 2017",https://www.politifact.com/factchecks/2017/jun/02/anthony-brindisi/state-money-was-not-used-buy-beer-tanks-genesee-br/
Donald Trump,"May 26, 2017","Deals struck on his first foreign trip as president made and saved ""millions of jobs.""",false,tweet,National; Economy; Jobs; Foreign Policy,Louis Jacobson,"May 26, 2017",https://www.politifact.com/factchecks/2017/may/26/donald-trump/did-donald-trumps-trip-create-or-save-millions-job/
Chris Collins,"April 28, 2017","Farmers ""are now dumping milk into the ditches"" because of a trade dispute with Canada",false,interview with Bloomberg,Agriculture; Economy; New York,Dan Clark,"May 18, 2017",https://www.politifact.com/factchecks/2017/may/18/chris-collins/new-york-farmers-close-dumping-milk-over-canadian-/
Ivanka Trump,"May 2, 2017","""40 percent of American households have female primary breadwinners.""",mostly-true,"her book ""Women Who Work""",National; Economy; Income; Labor; Women; Workers,Lauren Carroll,"May 3, 2017",https://www.politifact.com/factchecks/2017/may/03/ivanka-trump/ivanka-trump-new-book-says-women-are-primary-earne/
Jeff Flake,"April 27, 2017","""Before NAFTA, trade between the US and Mexico was around $50 billion. Now it stands at more than $500 billion.""",mostly-true,tweet,National; Economy; Trade,Miriam Valverde,"April 28, 2017",https://www.politifact.com/factchecks/2017/apr/28/jeff-flake/republican-senator-arizona-cites-growth-us-mexico-/
Donald Trump,"April 26, 2017","""The U.S. recorded its slowest economic growth in five years (2016). GDP up only 1.6%. Trade deficits hurt the economy very badly.""",mostly-false,tweet,National; Economy; Trade,Louis Jacobson,"April 27, 2017",https://www.politifact.com/factchecks/2017/apr/27/donald-trump/did-trade-deficit-cause-slow-growth-2016-donald-tr/
Jeff Sessions,"April 23, 2017","Treasury Department's inspector general found ""there's $4 billion a year in excess payments"" going to people that shouldn’t get them. ""These are mostly Mexicans.""",half-true,interview on ABC's This Week,Immigration; National; Economy; Homeland Security,Miriam Valverde,"April 27, 2017",https://www.politifact.com/factchecks/2017/apr/27/jeff-sessions/sessions-says-4-billion-tax-credits-go-mostly-mexi/
Donald Trump,"April 25, 2017","Says he created ""over 500,000 new jobs -- with a surge in female employment last month.""",half-true,White House web page,National; Economy; Jobs; Women,Louis Jacobson,"April 26, 2017",https://www.politifact.com/factchecks/2017/apr/26/donald-trump/has-donald-trump-overseen-gain-500000-jobs-so-far/
Scott Walker,"March 23, 2017","""Wisconsin’s economy is in the best shape it’s been since 2000.""",half-true,radio address,Economy; Income; Jobs; Poverty; Wisconsin,Tom Kertscher,"April 13, 2017",https://www.politifact.com/factchecks/2017/apr/13/scott-walker/possible-re-election-run-looms-scott-walker-says-w/
Mike Rogers,"March 30, 2017","""In 2014, Mexico alone received over $24 billion in remittances sent from the U.S., while other South and Central American countries received over 15 percent of their (gross domestic product) in the form of remittances.""",half-true,press release,Immigration; National; Economy; Homeland Security,Miriam Valverde,"April 11, 2017",https://www.politifact.com/factchecks/2017/apr/11/mike-rogers-2/alabama-lawmaker-makes-half-true-claim-about-remit/
Donald Trump,"April 4, 2017","""When you look for a job, you can't find it and you give up. You are now considered statistically employed.""",false,CEO town hall,National; Economy; Jobs,Louis Jacobson,"April 4, 2017",https://www.politifact.com/factchecks/2017/apr/04/donald-trump/donald-trump-flubs-how-unemployment-calculated/
Jerry Brown,"March 26, 2017","California’s Central Valley and Inland Empire ""are experiencing tremendous job growth.""",mostly-true,interview on Meet the Press,Economy; Jobs; California,Chris Nichols,"April 4, 2017",https://www.politifact.com/factchecks/2017/apr/04/jerry-brown/jerry-browns-mostly-true-claim-about-tremendous-jo/
Jim Kenney,"March 27, 2017","""Immigrants are responsible for 96 percent of our small biz growth since 2000.""",false,tweet,Immigration; City Government; Economy; Pennsylvania,Cassie Owens,"March 28, 2017",https://www.politifact.com/factchecks/2017/mar/28/jim-kenney/philly-mayor-draws-incorrect-immigrant-biz-stat-fl/
Donald Trump,"March 20, 2017","""Since China joined — that’s another beauty — the WTO in 2001, the U.S. has lost many more than 60,000 factories.""",mostly-true,remarks at a Kentucky rally,National; China; Economy; Trade,Lauren Carroll,"March 24, 2017",https://www.politifact.com/factchecks/2017/mar/24/donald-trump/trump-china-joined-wto-us-has-lost-60000-factories/
Claire McCaskill,"February 14, 2017","Small businesses ""create two out of every three American jobs.""",true,press release on her website,Economy; Jobs; Small Business; Missouri,Austin Hough,"March 18, 2017",https://www.politifact.com/factchecks/2017/mar/18/claire-mccaskill/sen-mccaskill-right-about-small-business-job-creat/
Peter Roskam,"March 6, 2017","""The past (Obama) administration was the first administration that never had a whole year of 3 percent growth.""",mostly-true,speech at the City Club of Chicago,Economy; Illinois,Kevin Hoffman,"March 16, 2017",https://www.politifact.com/factchecks/2017/mar/16/peter-roskam/rep-roskam-gdp-growth-obama/
Bill de Blasio,"February 13, 2017","""We raised the minimum wage to $15 first in city government. Now, working together with people in Albany, it's the law of the state.""",half-true,his 2017 State of the City address,Economy; Labor; New York,Dan Clark,"March 8, 2017",https://www.politifact.com/factchecks/2017/mar/08/bill-de-blasio/who-led-way-15-minimum-wage-new-york/
Dan Forest,"March 6, 2017","Says HB2 has hurt North Carolina’s economy by ""one-tenth of 1 percent of our annual GDP.""",true,press conference,Economy; Jobs; LGBTQ; States; North Carolina,Will Doran,"March 7, 2017",https://www.politifact.com/factchecks/2017/mar/07/dan-forest/hb2-has-cost-north-carolina-hundreds-millions-doll/
Greg Abbott,"January 31, 2017","""Midland, Texas, now beats the San Francisco area in the percentage of jobs created by startups.""",mostly-true,his State-of-the-State address,Economy; States; Texas,W. Gardner Selby,"February 24, 2017",https://www.politifact.com/factchecks/2017/feb/24/greg-abbott/greg-abbott-claim-touting-midland-over-san-francis/
Anthony Tata,"February 19, 2017","""The sanctions that we put on (Russia) for the Crimea annexation and meddling in Ukraine ... have absolutely crushed the ruble by 50 percent. And GDP from 2014 to 2016 is 50 percent down in Russia, as well.""",half-true,interview on CNN,Economy; Foreign Policy; PunditFact,Lauren Carroll,"February 21, 2017",https://www.politifact.com/factchecks/2017/feb/21/anthony-tata/how-have-sanctions-impacted-russias-economy/
Rick Scott,"February 13, 2017","""Your politicians in Tallahassee today are saying, in your area, that they don't need any more jobs. That is exactly what Rep. Paul Renner said.""",mostly-false,roundtable discussion,Economy; Jobs; Florida,Allison Graves,"February 17, 2017",https://www.politifact.com/factchecks/2017/feb/17/rick-scott/gov-rick-scott-paints-fellow-republicans-job-kille/
Donald Trump,"February 16, 2017","""The stock market has hit record numbers, as you know. And there has been a tremendous surge of optimism in the business world.""",mostly-true,press conference,National; Economy; Jobs,Miriam Valverde,"February 16, 2017",https://www.politifact.com/factchecks/2017/feb/16/donald-trump/trump-hints-stock-market-record-high-linked-presid/
Tom Cotton,"February 7, 2017","Of 1 million green cards issued a year, ""almost none of those green cards are based on job skills or demonstrated economic needs.""",mostly-true,Fox News interview,Immigration; National; Economy; Jobs,Miriam Valverde,"February 14, 2017",https://www.politifact.com/factchecks/2017/feb/14/tom-cotton/arkansas-senator-says-1-million-green-cards-issue-/
Texas Association of Business,"December 6, 2016","Says a study indicates up to $8.5 billion in lost GDP and up to 185,000 lost jobs if Texas lawmakers approve a measure limiting transgender bathroom choices.",mostly-false,press release and study,Criminal Justice; Economy; Crime; Sexuality; Texas,W. Gardner Selby,"February 3, 2017",https://www.politifact.com/factchecks/2017/feb/03/texas-association-business/business-group-says-bathroom-law-could-lose-texas-/
Donald Trump,"January 20, 2017","""We've made other countries rich while the wealth ... of our country has dissipated over the horizon.""",mostly-false,his inaugural address,National; Economy; Trade; Wealth,Jon Greenberg,"January 20, 2017",https://www.politifact.com/factchecks/2017/jan/20/donald-trump/trump-wrongly-says-us-has-made-others-rich-while-o/
Donald Trump,"January 14, 2017","Says Georgia’s 5th congressional district, represented by John Lewis, is ""in horrible shape and falling apart (not to mention crime infested).""",mostly-false,tweet,National; Economy; Crime,Linda Qiu,"January 15, 2017",https://www.politifact.com/factchecks/2017/jan/15/donald-trump/trumps-john-lewis-crime-invested-atlanta/
Donald Trump,"January 3, 2017","""General Motors is sending Mexican made model of Chevy Cruze to U.S. car dealers-tax free across border.""",mostly-true,tweet,National; Economy; Trade,Miriam Valverde,"January 4, 2017",https://www.politifact.com/factchecks/2017/jan/04/donald-trump/mostly-true-trump-tweet-about-gm-chevy-cruze-manuf/
Michael Long,"October 14, 2016","Because of its higher minimum wage, New York State is ""already showing signs of various companies picking up and leaving.""",mostly-false,interview on Capital Tonight,Economy; Jobs; New York,Dan Clark,"December 23, 2016",https://www.politifact.com/factchecks/2016/dec/23/michael-long/business-new-york-have-closed-because-minimum-wage/
Bernie Sanders,"December 12, 2016","Fifty percent of workers ages 55 to 64 have ""zero"" money ""in the bank as they enter retirement.""",half-true,interview,Economy; Retirement; Workers; Wisconsin,Tom Kertscher,"December 21, 2016",https://www.politifact.com/factchecks/2016/dec/21/bernie-sanders/approaching-retirement-half-workers-55-64-have-zer/
Jerry Brown,"December 14, 2016","""California is growing a hell of a lot faster than Texas.""",mostly-true,speech,Climate Change; Economy; Jobs; California,Chris Nichols,"December 19, 2016",https://www.politifact.com/factchecks/2016/dec/19/jerry-brown/are-jobs-california-growing-hell-lot-faster-texas/
Andrew Cuomo,"November 16, 2016","""Taxes for every New Yorker are lower today than when I started""",half-true,speech,Economy; Taxes; New York,Dan Clark,"December 16, 2016",https://www.politifact.com/factchecks/2016/dec/16/andrew-cuomo/most-taxes-are-lower-cuomo-was-elected/
Antonio  Villaraigosa,"December 8, 2016","""California is once again the sixth-largest economy in the world. If you add the GDP’s of Washington and Oregon, California would surpass the United Kingdom to become the fifth-largest economy in the world.""",mostly-true,op-ed,Economy; Elections; The 2018 California Governor's Race; California,Chris Nichols,"December 15, 2016",https://www.politifact.com/factchecks/2016/dec/15/antonio-villaraigosa/villaraigosa-claims-california-oregon-washington-p/
Uber,"November 28, 2016","A recent study found ""that cities where Uber operates have 3.6%-5.6% fewer drunk driving deaths than cities without access to ridesharing.""",half-true,online petition and,Economy; Transportation; New York,Dan Clark,"December 9, 2016",https://www.politifact.com/factchecks/2016/dec/09/uber/uber-cherry-picks-data-study-about-drunken-driving/
Andrew Cuomo,"November 16, 2016","""We spend less than 2 percent more every year. That is the lowest increase in spending since they have been keeping numbers.""",true,speech,Economy; State Budget; New York,Dan Clark,"December 2, 2016",https://www.politifact.com/factchecks/2016/dec/02/andrew-cuomo/cuomo-spending-increases/
Carl Heastie,"October 24, 2016","Since the salary for state lawmakers was raised to $79,500, ""that purchasing power has now been reduced to $53,000.""",mostly-true,article from WBFO,Economy; New York,Dan Clark,"November 18, 2016",https://www.politifact.com/factchecks/2016/nov/18/carl-heastie/salary-worth-less-today-state-lawmakers-when-first/
Donald Trump,"November 4, 2016","""Nearly one in four people in their prime working years are not working.""",mostly-true,rally,National; Economy; Jobs; Workers,Louis Jacobson,"November 7, 2016",https://www.politifact.com/factchecks/2016/nov/07/donald-trump/donald-trump-correct-1-4-working-age-americans-not/
Mark Assini,"October 18, 2016","""The photonics bill that was sponsored in Congress and written, was written by Congressman Tom Reed, not Congresswoman Louise Slaughter.""",false,debate on WROC,Economy; Jobs; New York,Dan Clark,"November 4, 2016",https://www.politifact.com/factchecks/2016/nov/04/mark-assini/photonics-funding-rochester-came-reed-bill/
Mike Pence,"October 31, 2016","""One in five American households have nobody under the same roof that's got a job.""",half-true,remarks,National; Economy; Families; Jobs; Workers,Louis Jacobson,"November 3, 2016",https://www.politifact.com/factchecks/2016/nov/03/mike-pence/mike-pence-right-1-5-us-households-dont-have-anyon/
Hillary Clinton,"November 1, 2016","Says Donald Trump ""doesn't believe in equal pay.""",half-true,campaign rally,National; Economy; Women,Miriam Valverde,"November 2, 2016",https://www.politifact.com/factchecks/2016/nov/02/hillary-clinton/hillary-clinton-says-donald-trump-doesnt-believe-e/
Donald Trump,"November 1, 2016","""In many instances, (people's) health care costs are more than their mortgage costs or their rent, which, by the way, is a first in American history.""",mostly-false,speech,National; Economy; Health Care; History; Government Regulation; Regulation,C. Eugene Emery Jr.,"November 2, 2016",https://www.politifact.com/factchecks/2016/nov/02/donald-trump/average-donald-trump-comparison-health-care-housin/
Deborah Ross,"October 13, 2016","""Richard Burr voted to protect tax breaks for companies that ship jobs overseas but voted against a tax break to help working people.""",half-true,TV ad,Corporations; Economy; Workers; North Carolina; Taxes,Will Doran,"November 2, 2016",https://www.politifact.com/factchecks/2016/nov/02/deborah-ross/did-richard-burr-vote-protect-tax-breaks-companies/
Donald Trump,"October 28, 2016","Says Barack Obama ""is the first president in modern history not to have a single year of 3 percent growth.""",mostly-true,campaign speech,National; Economy,Joshua Gillin,"October 31, 2016",https://www.politifact.com/factchecks/2016/oct/31/donald-trump/trumps-claim-about-weak-economic-growth-under-obam/
Gary Johnson,"September 4, 2016","Says he and his running mate ""are the only candidates that do believe in free trade.""",half-true,campaign appearance,Economy; Trade; Wisconsin,Cara Lombardo,"October 25, 2016",https://www.politifact.com/factchecks/2016/oct/25/gary-johnson/testing-gary-johnson-claim-he-only-candidate-favor/
Ted Strickland,"October 20, 2016","Says Rob Portman ""said the auto rescue was a lousy deal for Ohio.""",mostly-true,Ohio Senate debate,Ohio; Economy; Stimulus; Workers,Allison Graves,"October 21, 2016",https://www.politifact.com/factchecks/2016/oct/21/ted-strickland/did-rob-portman-call-auto-bailout-lousy-deal/
Donald Trump,"October 19, 2016","Says Hillary Clinton's ""plan is going to raise taxes and even double your taxes.""",mostly-false,third 2016 presidential debate,National; Economy; Income; Taxes,Louis Jacobson,"October 20, 2016",https://www.politifact.com/factchecks/2016/oct/20/donald-trump/donald-trump-predicts-hillary-clinton-will-double-/
Donald Trump,"October 13, 2016","""Workers in the United States are making less than they were almost 20 years ago, and yet they are working harder.""",mostly-false,speech,National; Economy; Workers,Louis Jacobson,"October 17, 2016",https://www.politifact.com/factchecks/2016/oct/17/donald-trump/trump-says-workers-making-less-working-harder-20-y/
Roy Cooper,"October 11, 2016","""In 67 different ways, Governor McCrory has raised taxes on middle income families.""",half-true,debate,Economy; Workers; North Carolina; Taxes,Will Doran,"October 14, 2016",https://www.politifact.com/factchecks/2016/oct/14/roy-cooper/roy-cooper-says-pat-mccrory-raised-taxes-middle-cl/
Gina Raimondo,"September 28, 2016","""In other states (where illegal immigrants have been allowed to get driver's licenses) their insurance premiums for everybody have gone down.""",mostly-true,television interview,Immigration; National; Economy; Public Safety; Regulation,C. Eugene Emery Jr.,"October 7, 2016",https://www.politifact.com/factchecks/2016/oct/07/gina-raimondo/limited-data-support-gina-raimondos-claim-motorist/
Tim Kaine,"October 4, 2016","Says that during President Barack Obama’s tenure, the United States has created ""15 million new jobs.""",half-true,2016 Vice Presidential debate,National; Economy; History; Jobs; Labor; Stimulus; Workers,Louis Jacobson,"October 5, 2016",https://www.politifact.com/factchecks/2016/oct/05/tim-kaine/tim-kaine-says-during-obama-administration-15-mill/
Tim Kaine,"October 4, 2016","""First, Donald Trump said wages are too high, and both Donald Trump and Mike Pence think we ought to eliminate the federal minimum wage.""",half-true,2016 Vice Presidential debate,National; Economy; Income; Labor; Government Regulation; Poverty; Small Business; Wealth; Workers,Amy Sherman,"October 5, 2016",https://www.politifact.com/factchecks/2016/oct/05/tim-kaine/tim-kaine-says-donald-trump-mike-pence-want-elimin/
Hillary Clinton,"September 26, 2016","The Great Recession emerged ""in large part because of tax policies that slashed taxes on the wealthy, failed to invest in the middle class, took their eyes off of Wall Street, and created a perfect storm.""",mostly-false,first presidential debate at Hofstra University,National; Economy; Financial Regulation; History; Taxes,Louis Jacobson,"October 2, 2016",https://www.politifact.com/factchecks/2016/oct/02/hillary-clinton/hillary-clintons-base-linkage-tax-cuts-and-great-r/
Donald Trump,"September 26, 2016","Says to Hillary Clinton, ""You heard what I said about (the Trans-Pacific Partnership trade deal), and all of a sudden you were against it.""",false,Presidential debate,National; Candidate Biography; Economy; History; Foreign Policy; Trade,C. Eugene Emery Jr.,"September 27, 2016",https://www.politifact.com/factchecks/2016/sep/27/donald-trump/donald-trump-my-trans-pacific-partnership-oppositi/
Donald Trump,"September 26, 2016","Says Hillary Clinton called the Trans-Pacific Partnership ""the gold standard. You called it the gold standard of trade deals. You said it’s the finest deal you’ve ever seen.""",mostly-true,Presidential debate,National; Candidate Biography; Economy; History; Foreign Policy; Trade,Steve Contorno,"September 27, 2016",https://www.politifact.com/factchecks/2016/sep/27/donald-trump/donald-trump-says-hillary-clinton-lauded-controver/
Donald Trump,"September 26, 2016","""You will learn more about Donald Trump by going down to the Federal Elections"" to see the financial disclosure form than by looking at tax returns.",false,Presidential debate at Hofstra University,National; Candidate Biography; Economy; Income; Transparency; Wealth; Taxes,Louis Jacobson,"September 27, 2016",https://www.politifact.com/factchecks/2016/sep/27/donald-trump/donald-trump-talks-about-his-finances-first-presid/
Donald Trump,"September 26, 2016","""I did not — I did not — I do not say that. I do not say that"" climate change is a hoax perpetrated by the Chinese.",mostly-false,presidential debate,Environment; National; Candidate Biography; China; Climate Change; Economy; Energy; History; Science,Lauren Carroll,"September 27, 2016",https://www.politifact.com/factchecks/2016/sep/27/donald-trump/donald-trump-denies-saying-global-warming-chinese-/
Hillary Clinton,"September 26, 2016","Says Donald Trump once suggested that he ""would try to negotiate down the national debt.""",mostly-true,Presidential debate,National; Candidate Biography; Debt; Deficit; Economy; Federal Budget,Amy Sherman,"September 27, 2016",https://www.politifact.com/factchecks/2016/sep/27/hillary-clinton/hillary-clinton-says-donald-trump-has-said-he-woul/
Hillary Clinton,"September 26, 2016","Says Donald Trump ""was one of the people who rooted for the housing crisis. He said back in 2006, ‘Gee, I hope it does collapse because then I can go in and buy some and make some money.’ """,mostly-true,Presidential debate,National; Economy; History; Housing; Regulation,Jon Greenberg,"September 27, 2016",https://www.politifact.com/factchecks/2016/sep/27/hillary-clinton/hillary-clinton-says-donald-trump-rooted-housing-c/
Donald Trump,"September 24, 2016","Says Hillary Clinton and Tim Kaine ""want to shut down shale, and shut down natural gas.""",half-true,speech,Environment; National; Climate Change; Economy; Energy; Jobs; Public Health; Regulation; Water,C. Eugene Emery Jr.,"September 26, 2016",https://www.politifact.com/factchecks/2016/sep/26/donald-trump/donald-trump-wrong-say-hillary-clinton-wants-shut-/
Andrew Cuomo,"September 23, 2016","""Most private sector jobs in the history of Buffalo exist in Buffalo today""",true,speech,Economy; Jobs; New York,Dan Clark,"September 24, 2016",https://www.politifact.com/factchecks/2016/sep/24/andrew-cuomo/buffalo-has-more-private-sector-jobs-ever/
Michael Morell,"September 19, 2016","Says Donald Trump has outlined ""policies that read like a Kremlin wish list.""",mostly-true,open letter to Donald Trump,National; Candidate Biography; Economy; Energy; History; Human Rights; Foreign Policy; Military; Trade; Transparency,C. Eugene Emery Jr.,"September 22, 2016",https://www.politifact.com/factchecks/2016/sep/22/michael-morell/experts-say-donald-trumps-policies-dovetail-what-v/
Donald Trump,"September 20, 2016","""Our African-American communities are absolutely in the worst shape they've ever been in before. Ever. Ever. Ever.""",pants-fire,speech,National; Economy; Education; History; Race and Ethnicity; Public Health,Louis Jacobson,"September 22, 2016",https://www.politifact.com/factchecks/2016/sep/22/donald-trump/trumps-pants-fire-claim-blacks-are-absolutely-wors/
Hillary Clinton,"September 15, 2016","Says comprehensive immigration reform ""will add $700 billion to our economy.""",half-true,speech at the Congressional Hispanic Caucus Institute,Immigration; National; Economy,Miriam Valverde,"September 21, 2016",https://www.politifact.com/factchecks/2016/sep/21/hillary-clinton/hillary-clinton-say-immigration-reform-will-add-70/
Republican National Committee,"September 17, 2016","""Over the past eight years, black youth unemployment is up.""",mostly-false,email,National; Economy; Jobs; Race and Ethnicity,Louis Jacobson,"September 21, 2016",https://www.politifact.com/factchecks/2016/sep/21/republican-national-committee-republican/rnc-weak-over-past-eight-years-black-youth-unempl/
Hillary Clinton,"September 15, 2016","""Latinos are 17 percent of our country's population but hold only 2 percent of its wealth.""",true,speech,National; Economy; Families; Income; Race and Ethnicity; Population; Poverty,C. Eugene Emery Jr.,"September 19, 2016",https://www.politifact.com/factchecks/2016/sep/19/hillary-clinton/hillary-clinton-correct-hispanic-wealth-disproport/
Robert Duffy,"August 19, 2016","If upstate New York split from downstate ""the economic indicators of upstate New York would be among the lowest in the country.""",mostly-true,op-ed,Economy; Jobs; New York,Dan Clark,"September 16, 2016",https://www.politifact.com/factchecks/2016/sep/16/bob-duffy/upstate-economy-one-worst-country/
Hillary Clinton,"August 22, 2016","Says she ""would bring 186,740 new jobs to Wisconsin"" and ""Donald Trump would cost Wisconsin 61,050 jobs.""",half-true,tweet,Economy; Jobs; Taxes; Wisconsin,Tom Kertscher,"September 16, 2016",https://www.politifact.com/factchecks/2016/sep/16/hillary-clinton/hillary-clinton-says-wisconsin-will-gain-jobs-unde/
Greg Abbott,"August 30, 2016","""If Texas were a country our economy would rank # 10...in the WORLD.""",mostly-true,tweet,Corrections and Updates; Economy; States; Texas,W. Gardner Selby,"September 15, 2016",https://www.politifact.com/factchecks/2016/sep/15/greg-abbott/greg-abbott-says-if-texas-were-country-its-economy/
Donald Trump,"September 6, 2016","Barack Obama has ""doubled our national debt. Doubled it. It's going to be close to $20 trillion when he leaves.""",half-true,rally.,Debt; Economy; Virginia,Sean Gorman,"September 12, 2016",https://www.politifact.com/factchecks/2016/sep/12/donald-trump/trump-solely-blames-obama-doubling-debt/
U.S. Chamber of Commerce,"August 12, 2016","""As governor, Ted Strickland left only 89 cents in Ohio’s rainy day fund.""",true,campaign ad,Ohio; Economy,Nadia Pflaum,"September 8, 2016",https://www.politifact.com/factchecks/2016/sep/08/us-chamber-commerce/heard-one-about-ted-strickland-and-89-cents/
Donald Trump,"August 31, 2016","Says ""Hillary Clinton has pledged amnesty in her first 100 days, and her plan will provide Obamacare, Social Security, and Medicare for illegal immigrants, breaking the federal budget.""",mostly-false,speech,Immigration; National; Children; Debt; Deficit; Economy; Families; Federal Budget; Health Care; History; Homeland Security; Jobs; Legal Issues; Medicaid; Medicare; Retirement; Social Security,C. Eugene Emery Jr.,"September 2, 2016",https://www.politifact.com/factchecks/2016/sep/02/donald-trump/donald-trump-strays-key-facts-hillary-clinton-amne/
National Republican Senatorial Committee,"August 18, 2016","""And while (Ted) Strickland proposed cuts for services for children, he wasted over $250,000 remodeling his bathrooms at the governor’s mansion.""",pants-fire,"""Flush,"" a campaign ad",Ohio; Candidate Biography; Economy,Nadia Pflaum,"September 1, 2016",https://www.politifact.com/factchecks/2016/sep/01/national-republican-senatorial-committee/pro-republican-pac-smears-ted-strickland-potty-pol/
Donald Trump,"August 27, 2016","""Hillary Clinton wants to shut down family farms"" using ""radical regulation,"" by raising business tax ""rates as high as nearly 50 percent"" and by taxing ""family farms again at death by as much as 45 percent.""",false,speech,Agriculture; Economy; Government Regulation; Wealth; Taxes; Iowa,C. Eugene Emery Jr.,"August 31, 2016",https://www.politifact.com/factchecks/2016/aug/31/donald-trump/donald-trump-explains-why-hillary-clinton-wants-sh/
Robin Schimminger,"August 3, 2016","On job creation numbers in the latest Start-Up NY report: ""This is a significant number of overcounts in the compilation that I’ve looked at.""",false,hearing on economic development,Economy; Jobs; New York,Dan Clark,"August 26, 2016",https://www.politifact.com/factchecks/2016/aug/26/robin-schimminger/explaining-startup-ny-report/
Celia Israel,"August 23, 2016","Says Donald Trump’s ""Make America Great Again"" caps are ""made in China.""",pants-fire,press conference by Austin Democrats,Candidate Biography; China; Economy; Texas,W. Gardner Selby,"August 24, 2016",https://www.politifact.com/factchecks/2016/aug/24/celia-israel/celia-israel-repeats-unverified-claim-donald-trump/
Donald Trump,"August 19, 2016","Says Hillary Clinton wants illegal immigrants ""collecting Social Security benefits.""",mostly-false,campaign ad,Immigration; National; Economy; Retirement; Social Security,C. Eugene Emery Jr.,"August 24, 2016",https://www.politifact.com/factchecks/2016/aug/24/donald-trump/donald-trump-ad-says-illegal-immigrants-would-be-c/
Julián Castro,"June 17, 2016","""Today California is kicking our butt, creating more jobs and more economic growth than Texas.""",true,comments at Texas Democratic Party convention,Economy; Jobs; States; Texas,Emma Hinchliffe,"August 17, 2016",https://www.politifact.com/factchecks/2016/aug/17/julian-castro/julian-castro-says-california-besting-texas-creati/
Hillary Clinton,"August 15, 2016","Says her campaign platform includes the ""biggest investment in new, good-paying jobs since World War II.""",half-true,campaign speech,National; Economy; Education; Energy; Federal Budget; Income; Infrastructure; Jobs; Technology,Lauren Carroll,"August 17, 2016",https://www.politifact.com/factchecks/2016/aug/17/hillary-clinton/hillary-clintons-claim-she-would-make-biggest-jobs/
NowThis,"August 10, 2016",Says President Bill Clinton did not sign NAFTA.,false,viral video,PunditFact; Bipartisanship; Bush Administration; Congress; Economy; Foreign Policy; History; Jobs; Labor; Trade; Workers,C. Eugene Emery Jr.,"August 11, 2016",https://www.politifact.com/factchecks/2016/aug/11/nowthis/nowthis-news-site-says-donald-trump-wrong-and-bill/
Donald Trump,"August 8, 2016","Says Hillary Clinton's plan ""would tax many small businesses by almost 50 percent.""",mostly-false,speech,National; Economy; Small Business; Wealth; Taxes,C. Eugene Emery Jr.,"August 10, 2016",https://www.politifact.com/factchecks/2016/aug/10/donald-trump/donald-trump-says-hillary-clinton-plan-would-tax-s/
Mike Pence,"August 2, 2016","Says that under the Obama administration, ""the debt has nearly doubled.""",mostly-true,Phoenix town hall,Economy; Arizona,Anthony Cave,"August 9, 2016",https://www.politifact.com/factchecks/2016/aug/09/mike-pence/mike-pence-claims-national-debt-has-nearly-doubled/
Anthony Weiner,"July 27, 2016","""We know this now. The banks no longer loan (Donald Trump) money because he's a terrible risk. So he goes to these (Russian) oligarchs and borrows money.""",mostly-false,"appearance on HBO's ""Real Time with Bill Maher""",Corrections and Updates; Economy; History; Income; Transparency; Wealth; PunditFact,C. Eugene Emery Jr.,"August 8, 2016",https://www.politifact.com/factchecks/2016/aug/08/anthony-weiner/anthony-weiner-lacks-collateral-claim-about-donald/
Carl Paladino,"July 17, 2016","In Buffalo's SolarCity project, ""Andrew Cuomo will create maybe 500 jobs if it ever happens at all, at about $1.5 million per job.""",false,conversation with The Buffalo News at the Republican National Convention.,Economy; Jobs; New York,Dan Clark,"August 5, 2016",https://www.politifact.com/factchecks/2016/aug/05/carl-paladino/state-money-solarcity-buys-more-500-jobs/
Donald Trump,"July 27, 2016","""Youth unemployment is through the roof.""",false,Reddit Ask Me Anything,National; Economy,Adam Thorp,"August 4, 2016",https://www.politifact.com/factchecks/2016/aug/04/donald-trump/ama-trump-exaggerates-youth-unemployment/
Gwen Graham,"July 28, 2016","""We rank 38th in wages. ... (Rick Scott) goes out around the country and advertises that to other states.""",half-true,speech to Florida delegates at the Democratic National Convention,Economy; Jobs; Florida,Joshua Gillin,"August 3, 2016",https://www.politifact.com/factchecks/2016/aug/03/gwen-graham/gwen-graham-says-rick-scott-boasts-about-floridas-/
Donald Trump,"July 30, 2016","""American homeownership rate in Q2 2016 was 62.9% - lowest rate in 51yrs.""",mostly-true,tweet,National; Economy; Housing,Neelesh Moorthy,"August 2, 2016",https://www.politifact.com/factchecks/2016/aug/02/donald-trump/donald-trump-correctly-claims-homeownership-51-yea/
Hillary Clinton,"July 29, 2016","""More than 90 percent of the gains have gone to the top 1 percent.""",half-true,speech at the Democratic National Convention,National; Economy; Poverty,Jon Greenberg,"July 29, 2016",https://www.politifact.com/factchecks/2016/jul/29/hillary-clinton/clinton-tips-hat-bernie-sanders-uses-out-date-stat/
Hillary Clinton,"July 28, 2016","""Our economy is so much stronger than when (Barack Obama and Joe Biden) took office. Nearly 15 million new private-sector jobs.""",half-true,her acceptance speech at the Democratic convention,National; Economy; Jobs,Louis Jacobson,"July 29, 2016",https://www.politifact.com/factchecks/2016/jul/29/hillary-clinton/hillary-clinton-half-true-claim-about-job-recovery/
Joe Biden,"July 27, 2016","""We have the most productive workers in the world.""",mostly-true,speech at the Democratic National Convention,National; Economy; Workers,Jon Greenberg,"July 28, 2016",https://www.politifact.com/factchecks/2016/jul/28/joe-biden/biden-almost-right-us-workers-most-productive/
Tim Kaine,"July 27, 2016","""John McCain’s chief economic adviser during the ’08 race … estimated that Trump’s promises would cause America to lose 3.5 million jobs.""",half-true,speech at the Democratic National Convention,National; Economy,Lauren Carroll,"July 28, 2016",https://www.politifact.com/factchecks/2016/jul/28/tim-kaine/dnc-tim-kaine-says-even-republicans-think-donald-t/
Donald Trump,"July 25, 2016","Says he and Bernie Sanders have ""very similar"" views on trade",mostly-true,interview before a speech,China; Economy; Labor; Trade; Workers; North Carolina,Will Doran,"July 27, 2016",https://www.politifact.com/factchecks/2016/jul/27/donald-trump/donald-trump-says-he-and-bernie-sanders-are-very-s/
Kevin de León,"July 25, 2016","California has ""the sixth largest economy on planet Earth.""",mostly-true,speech at the Democratic National Convention.,Economy; Housing; California,Chris Nichols,"July 27, 2016",https://www.politifact.com/factchecks/2016/jul/27/kevin-de-leon/does-california-really-have-sixth-largest-economy-/
Elizabeth Warren,"July 25, 2016","""Donald Trump said he was excited for the 2008 housing crash that devastated millions of American families, because he thought it would help him scoop up more real estate on the cheap.""",half-true,speech at the Democratic convention,National; Debt; Economy; History; Housing,C. Eugene Emery Jr.,"July 26, 2016",https://www.politifact.com/factchecks/2016/jul/26/elizabeth-warren/elizabeth-warren-says-donald-trump-was-excited-200/
Bernie Sanders,"July 25, 2016","""The top one-tenth of 1 percent now owns almost as much wealth as the bottom 90 percent.""",mostly-true,remarks at the Democratic National Convention,National; Economy; Income; Wealth; Taxes,Lauren Carroll,"July 26, 2016",https://www.politifact.com/factchecks/2016/jul/26/bernie-sanders/dnc-bernie-sanders-repeats-claim-top-one-tenth-1-o/
Donald Trump Jr.,"July 24, 2016","Unemployment numbers ""are artificial numbers. These are numbers that are massaged to make the existing economy look good, to make this administration look good when, in fact, it's a total disaster.""",pants-fire,interview on CNN,National; Economy; Elections; History; Jobs; Labor; Workers,C. Eugene Emery Jr.,"July 25, 2016",https://www.politifact.com/factchecks/2016/jul/25/donald-trump-jr/donald-trump-jr-says-unemployment-rates-are-manipu/
Donald Trump,"July 21, 2016","""Household incomes are down more than $4,000 since the year 2000.""",mostly-true,his acceptance speech at the Republican Natiional Convention,National; Economy; Income,Louis Jacobson,"July 22, 2016",https://www.politifact.com/factchecks/2016/jul/22/donald-trump/donald-trump-largely-right-household-incomes-are-d/
Donald Trump,"July 21, 2016","""Our trade deficit in goods reached nearly … $800 billion last year alone.""",true,speech at the Republican National Convention,National; Economy; Trade,Lauren Carroll,"July 22, 2016",https://www.politifact.com/factchecks/2016/jul/22/donald-trump/donald-trump-says-goods-trade-deficit-was-almost-8/
Donald Trump,"July 21, 2016","""Two million more Latinos are in poverty today than when President Obama took his oath of office less than eight years ago.""",half-true,speech at the Republican National Convention,Immigration; National; Economy; Poverty; Welfare,Lauren Carroll,"July 22, 2016",https://www.politifact.com/factchecks/2016/jul/22/donald-trump/donald-trump-says-latino-poverty-has-grown-under-o/
Mike Pence,"July 20, 2016","""We in Indiana have . . . the highest credit rating in the nation.""",mostly-true,speech at the Republican convention,National; Candidate Biography; Debt; Deficit; Economy; History; State Budget; States,C. Eugene Emery Jr.,"July 21, 2016",https://www.politifact.com/factchecks/2016/jul/21/mike-pence/mike-pence-touts-top-indiana-credit-rating-achieve/
Mike Pence,"July 20, 2016","""There are more Hoosiers going to work than ever before.""",half-true,speech at the Republican National Convention,National; Economy; Jobs,Louis Jacobson,"July 21, 2016",https://www.politifact.com/factchecks/2016/jul/21/mike-pence/mike-pence-says-there-are-more-hoosiers-going-work/
Hugh Hewitt,"July 20, 2016","""A million Democrats deserted (Howard Dean’s) party and joined my party because of Donald Trump in Ohio this year.""",mostly-false,MSNBC panel,Ohio; Economy,Nadia Pflaum,"July 21, 2016",https://www.politifact.com/factchecks/2016/jul/21/hugh-hewitt/hugh-hewitt-million-ohio-democrats-changed-parties/
Rick Scott,"July 20, 2016","""Our economy is not growing.""",false,speech at the Republican convention,Economy; Florida,Louis Jacobson,"July 21, 2016",https://www.politifact.com/factchecks/2016/jul/21/rick-scott/florida-gov-rick-scott-wrongly-says-economy-not-gr/
Scott Peters,"July 12, 2016","Donald Trump ""rooted for the housing crisis, because he knew he could make money off of it.""",mostly-true,media conference call.,Economy; Housing; California,Chris Nichols,"July 20, 2016",https://www.politifact.com/factchecks/2016/jul/20/scott-peters/ca-congressman-repeats-mostly-true-critique-donald/
Tim Kaine,"July 14, 2016","Says Donald Trump is ""against minimum wage.""",mostly-false,speech.,Economy; Jobs; Workers; Virginia,Sean Gorman,"July 19, 2016",https://www.politifact.com/factchecks/2016/jul/19/tim-kaine/tim-kaine-erroneously-says-donald-trump-against-mi/
Jeff Sessions,"July 18, 2016","""We have the lowest percentage of Americans actually holding a job in 40 years.""",mostly-true,speech at the Republican National Convention,National; Economy; Jobs,Louis Jacobson,"July 19, 2016",https://www.politifact.com/factchecks/2016/jul/19/jeff-sessions/jeff-sessions-says-lowest-percentage-americans-are/
Joe Biden,"July 13, 2016","""95 percent of the world’s customers are … beyond our shores.""",half-true,speech,Global News Service; Economy; Trade,Louis Jacobson,"July 15, 2016",https://www.politifact.com/factchecks/2016/jul/15/joe-biden/touting-trade-joe-biden-says-95-percent-worlds-con/
Mike Pence,"July 12, 2016","""Today, there are more Hoosiers going to work than ever before in the 200-year history of the great state of Indiana.""",half-true,Donald Trump rally,National; Economy; Jobs,Louis Jacobson,"July 14, 2016",https://www.politifact.com/factchecks/2016/jul/14/mike-pence/mike-pence-offers-misleading-statistic-employment-/
Hillary Clinton,"July 12, 2016","""Independent analysts say (Donald Trump) would add $30 trillion to the national debt.""",half-true,speech,National; Debt; Deficit; Economy,Louis Jacobson,"July 13, 2016",https://www.politifact.com/factchecks/2016/jul/13/hillary-clinton/hillary-clinton-says-according-analysts-donald-tru/
Mike Turzai,"June 15, 2016","""Each [Corbett administration] budget finished in the black.""",half-true,op-ed for PennLive,Economy; State Budget; Stimulus; Taxes; Pennsylvania,Cassie Owens,"July 13, 2016",https://www.politifact.com/factchecks/2016/jul/13/mike-turzai/surprising-pa-budget-claim-gop-leader-almost-check/
Hillary Clinton,"July 5, 2016","Says Donald Trump ""wants to get rid of the federal minimum wage.""",true,speech,Economy; Jobs; Labor; Poverty; States; Workers; North Carolina,Will Doran,"July 8, 2016",https://www.politifact.com/factchecks/2016/jul/08/hillary-clinton/hillary-clinton-donald-trump-wants-get-rid-federal/
Morten Jerven,"June 29, 2016","For 21 countries in Sub-Saharan Africa, ""we simply do not have data to say anything about trends in poverty.""",mostly-true,article,Global News Service; Economy; Foreign Policy,Jon Greenberg,"July 7, 2016",https://www.politifact.com/factchecks/2016/jul/07/morten-jerven/tracking-global-poverty-have-real-numbers/
Mark Warner,"June 19, 2016","""The average time someone used to hold a share of stock back in the ’60s was eight years. Now, the average time is four months.""",mostly-true,radio interview.,Corporations; Economy; Wealth; Virginia,Warren Fiske,"July 6, 2016",https://www.politifact.com/factchecks/2016/jul/06/mark-warner/mark-warner-says-average-holding-time-stocks-has-f/
Barack Obama,"June 29, 2016","""The steel industry is producing as much steel in the United States as it ever was. It’s just (that) it needs one-tenth of the workers that it used to.""",false,remarks,National; Economy; Jobs; Trade,Louis Jacobson,"July 5, 2016",https://www.politifact.com/factchecks/2016/jul/05/barack-obama/barack-obama-wrong-about-size-us-steel-production-/
Donald Trump,"June 21, 2016","""Hillary Clinton surged the trade deficit with China 40% as Secretary of State, costing Americans millions of jobs.""",mostly-false,tweet,National; Economy; Jobs; Foreign Policy; Trade,Louis Jacobson,"June 28, 2016",https://www.politifact.com/factchecks/2016/jun/28/donald-trump/checking-donald-trump-hillary-clintons-role-growin/
Hillary Clinton,"June 27, 2016","After Britain’s vote to leave the European Union, ""within 24 hours, Americans lost $100 billion from our 401(k)s.""",mostly-true,remarks,National; Economy; Retirement,Lauren Carroll,"June 28, 2016",https://www.politifact.com/factchecks/2016/jun/28/hillary-clinton/hillary-clinton-says-american-401ks-lost-100-billi/
Hillary Clinton,"June 27, 2016","""Risk analysts listed Donald Trump, a Donald Trump presidency, as one of the top threats facing the global economy, ahead of terrorism.""",true,speech,National; Economy,Louis Jacobson,"June 27, 2016",https://www.politifact.com/factchecks/2016/jun/27/hillary-clinton/hillary-clinton-correct-analysts-have-called-donal/
David Miliband,"June 26, 2016","""The major immigration issue was about Poles, and Bulgarians, and Romanians,"" and that they weren’t contributing economically. ""The unemployment rate among Poles in Britain is lower than the unemployment rate among Brits.""",true,"comments on ""Meet the Press""",Global News Service; Immigration; Economy; Jobs,Jon Greenberg,"June 26, 2016",https://www.politifact.com/factchecks/2016/jun/26/david-miliband/david-miliband-link-between-jobs-immigration-and-b/
Hillary Clinton,"June 21, 2016","Says Mark Zandi, who wrote a report criticizing Donald Trump’s economic proposals, is ""one of Sen. John McCain's former economic advisers.""",half-true,remarks,National; Economy,Lauren Carroll,"June 24, 2016",https://www.politifact.com/factchecks/2016/jun/24/hillary-clinton/clinton-trump-both-say-moodys-economist-others-tea/
Hillary Clinton,"June 21, 2016","Says Donald Trump called pregnant employees ""an inconvenience.""",true,rally,Ohio; Economy,Nadia Pflaum,"June 24, 2016",https://www.politifact.com/factchecks/2016/jun/24/hillary-clinton/clinton-trump-called-pregnant-employees-inconvenie/
Donald Trump,"June 22, 2016","Says Hillary Clinton ""has even deleted this record of total support (for the Trans-Pacific Partnership trade agreement) from her book.""",pants-fire,speech,National; Candidate Biography; Economy; History; Foreign Policy; Trade,C. Eugene Emery Jr.,"June 23, 2016",https://www.politifact.com/factchecks/2016/jun/23/donald-trump/donald-trump-flubs-claim-hillary-clinton-deleted-h/
Barack Obama,"June 20, 2016","""As governor, in the face of partisan attacks, (Charlie Crist) had the courage to save jobs and lead his state into economic recovery.""",half-true,statement,Candidate Biography; Economy; Stimulus; Florida,Joshua Gillin,"June 23, 2016",https://www.politifact.com/factchecks/2016/jun/23/barack-obama/charlie-crist-led-florida-economic-recovery-stimul/
Barack Obama,"June 1, 2016","""We've seen more manufacturing jobs created since I've been president than anytime since the 1990s. That's a fact.""",half-true,a town hall,National; Economy; Labor,Neelesh Moorthy,"June 16, 2016",https://www.politifact.com/factchecks/2016/jun/16/barack-obama/obama-weve-seen-more-manufacturing-jobs-created-an/
Dave Brat,"May 24, 2016","""The labor force participation rate -- the share of the potential workforce that is actually working or looking for work-- currently stands below 63%, the lowest level since the 1970s.""",true,Facebook post.,Economy; Jobs; Virginia,Sean Gorman,"June 13, 2016",https://www.politifact.com/factchecks/2016/jun/13/dave-brat/dave-brat-us-labor-participation-rate-lowest-70s/
Hillary Clinton,"June 5, 2016","""It is a fact that the economy does better when we have a Democrat in the White House.""",half-true,campaign speech,Economy; California,Chris Nichols,"June 8, 2016",https://www.politifact.com/factchecks/2016/jun/08/hillary-clinton/hillary-clinton-repeats-half-true-claim-about-nati/
Hillary Clinton,"June 2, 2016","""A trade war is something very different (than curbing new trade agreements). We went down that road in the 1930s. It made the Great Depression longer and more painful.""",true,foreign policy speech,National; Economy; History; Foreign Policy; Trade,Louis Jacobson,"June 6, 2016",https://www.politifact.com/factchecks/2016/jun/06/hillary-clinton/shot-donald-trump-hillary-clinton-correct-about-ta/
David Perdue,"June 2, 2016","""More businesses went out of business last year than were started for the first time in our history.""",false,"interview on NBC's ""Meet the Press Daily""",NBC; Economy,Jon Greenberg,"June 3, 2016",https://www.politifact.com/factchecks/2016/jun/03/david-perdue/sen-perdue-uses-bad-history-business-birthdeath-tr/
National Federation of Independent Business-Virginia,"May 17, 2016","""The vast majority of minimum wage workers get a raise within a year.""",half-true,website post.,Economy; Jobs; Poverty; Virginia,Sean Gorman,"June 2, 2016",https://www.politifact.com/factchecks/2016/jun/02/nfederation-o-independent-business-virginia/nfib-says-vast-majority-minimum-wage-workers-get-r/
Nikki Haley,"May 17, 2016","""More people today are leaving Virginia than moving in.""",mostly-true,forum.,Economy; Population; Virginia,Warren Fiske,"May 31, 2016",https://www.politifact.com/factchecks/2016/may/31/nikki-haley/nikki-haley-more-people-today-are-leaving-virginia/
Wendy Davis,"March 14, 2016","""Texas is one of only a handful of states that does not have an equal pay law.""",false,interview with Texas Monthly,Economy; History; Legal Issues; States; Women; Texas,Eleanor Dearman,"May 27, 2016",https://www.politifact.com/factchecks/2016/may/27/wendy-davis/wendy-davis-wrongly-says-texas-among-states-no-equ/
Hillary Clinton,"May 24, 2016","""In 2006, Donald Trump was hoping for a real estate crash.""",mostly-true,advertisement,National; Bankruptcy; Candidate Biography; Debt; Economy; History; Housing; Income; Jobs; Stimulus; Wealth,C. Eugene Emery Jr.,"May 26, 2016",https://www.politifact.com/factchecks/2016/may/26/hillary-clinton/hillary-clinton-faults-donald-trump-hoping-real-es/
Hillary Clinton,"May 16, 2016","""We just had the best year for the auto industry in America in history.""",mostly-true,remarks at a Kentucky rally,National; Economy,Lauren Carroll,"May 20, 2016",https://www.politifact.com/factchecks/2016/may/20/hillary-clinton/hillary-clinton-says-2015-was-best-year-us-auto-in/
Penny Pritzker,"May 13, 2016","Since 2009, ""after-tax incomes are up nearly 14 percent.""",mostly-true,Medium post,National; Economy,Louis Jacobson,"May 18, 2016",https://www.politifact.com/factchecks/2016/may/18/penny-pritzker/commerce-secretary-penny-pritzker-says-2009/
Jack Lew,"May 3, 2016","""Almost 100,000 people left Puerto Rico last year.""",mostly-true,interview with Bloomberg News,Global News Service; Bankruptcy; Economy; Population,Marta Cerava,"May 17, 2016",https://www.politifact.com/factchecks/2016/may/17/jack-lew/treasury-secretary-lew-says-about-100000-people-le/
Chris Sgro,"May 4, 2016","""We've already lost $500 million in economic impact"" from HB2 fallout in North Carolina.",false,press release,Economy; LGBTQ; Sexuality; States; North Carolina,Will Doran,"May 16, 2016",https://www.politifact.com/factchecks/2016/may/16/chris-sgro/democratic-representative-says-north-carolina-has-/
Steve Adler,"April 25, 2016","""Austin is number one in Texas in startups, venture capital and patents.""",true,"speaking against Proposition 1 on Austin's May 7, 2016 ballot",City Government; Economy; Small Business; Technology; Texas,W. Gardner Selby,"May 13, 2016",https://www.politifact.com/factchecks/2016/may/13/steve-adler/steve-adler-correctly-says-austin-no-1-texas-start/
Hillary Clinton,"May 4, 2016","""The market is making this decision. The market has driven down the cost of coal, so you have companies going bankrupt.""",mostly-true,interview with CNN's Anderson Cooper,National; Climate Change; Economy; Energy; Government Regulation; Regulation,Lauren Carroll,"May 10, 2016",https://www.politifact.com/factchecks/2016/may/10/hillary-clinton/hillary-clinton-says-market-forces-made-coal-compa/
Jerry Brown,"April 26, 2016","""California has added twice as many jobs as Florida"" over the past year.",half-true,statement,Economy; Jobs; California,Chris Nichols,"May 6, 2016",https://www.politifact.com/factchecks/2016/may/06/jerry-brown/jerry-browns-mostly-true-claim-about-california-do/
Bernie Sanders,"May 4, 2016","""Increasing the min. wage to $15 an hour would reduce spending on food stamps, public housing and other programs by over $7.6 billion a year.""",mostly-false,tweet,National; Economy; Jobs,Louis Jacobson,"May 5, 2016",https://www.politifact.com/factchecks/2016/may/05/bernie-sanders/bernie-sanders-says-minimum-wage-hike-15-would-red/
Kiki Curls,"April 4, 2016","Missouri ""is the state with the lowest paid workers.""",half-true,following a Missouri Senate Budget Committee hearing,Economy; Jobs; Poverty; Workers; Missouri,Conner Smith,"May 2, 2016",https://www.politifact.com/factchecks/2016/may/02/kiki-curls/missouri-state-senator-half-right-pay-states-worke/
Ted Cruz,"May 1, 2016","Says Donald Trump’s ""only economic agenda is imposing massive taxes on the American people with a 40 percent tax hike of a giant tariff.""",half-true,"interview on ""Meet the Press""",National; Economy; Jobs; Taxes,Linda Qiu,"May 1, 2016",https://www.politifact.com/factchecks/2016/may/01/ted-cruz/donald-trumps-economic-agenda-imposing-massive-tax/
Pat McCrory,"April 28, 2016","North Carolina has ""one of the fastest growing populations as well as the fastest growing economy in the country.""",true,official announcement,Economy; Income; Population; States; North Carolina,Will Doran,"April 29, 2016",https://www.politifact.com/factchecks/2016/apr/29/pat-mccrory/mccrory-north-carolina-has-had-countrys-fastest-gr/
William Barber,"April 22, 2016","""80 percent of North Carolinians are for the living wage""",mostly-true,speech announcing the Moral Monday march,Economy; Income; Labor; Polls and Public Opinion; Poverty; Small Business; North Carolina,Will Doran,"April 28, 2016",https://www.politifact.com/factchecks/2016/apr/28/william-barber/nc-naacp-president-says-80-percent-think-minimum-w/
Bernie Sanders,"April 15, 2016","""When this campaign began, I said that we’ve got to end the starvation minimum wage of $7.25, raise it to $15. Secretary Clinton said let's raise it to $12.""",mostly-true,Democratic debate,National; Economy; Income,Lauren Carroll,"April 15, 2016",https://www.politifact.com/factchecks/2016/apr/15/bernie-sanders/does-hillary-clinton-want-15-or-12-minimum-wage/
Tom Price,"March 28, 2016","Says the Congressional Budget Office ""is expecting a protracted economic malaise for at least the next decade under current policies.""",half-true,post on Medium,National; Economy,Louis Jacobson,"April 11, 2016",https://www.politifact.com/factchecks/2016/apr/11/tom-price/does-cbo-report-suggest-us-economy-faces-decade-pr/
Hillary Clinton,"March 21, 2016","""The economy always does better when there’s a Democrat in the White House.""",half-true,rally at a Phoenix high school,Economy; Arizona,Anthony Cave,"April 6, 2016",https://www.politifact.com/factchecks/2016/apr/06/hillary-clinton/does-economy-always-do-better-under-democratic-pre/
Rick Scott,"April 5, 2016","""We got a million jobs.""",mostly-true,"confrontation with a customer at a Gainesville, Fla., Starbucks",Economy; Jobs; Florida,Louis Jacobson,"April 6, 2016",https://www.politifact.com/factchecks/2016/apr/06/rick-scott/rick-scott-correct-florida-created-1-million-jobs-/
Bill Clinton,"April 3, 2016","""A college loan is the only loan in the United States that you cannot refinance when interest rates go down.""",mostly-true,campaign speech,Debt; Economy; Education; California,Chris Nichols,"April 6, 2016",https://www.politifact.com/factchecks/2016/apr/06/bill-clinton/bill-clintons-college-debt-claim-mostly-true/
Peter Kinder,"March 17, 2016","""Youth unemployment in minority communities is about 40 to 45 percent.""",mostly-true,gubernatorial debate,Economy; Jobs; Race and Ethnicity; Missouri,Katie Moeller,"April 1, 2016",https://www.politifact.com/factchecks/2016/apr/01/peter-kinder/peter-kinder-right-about-high-unemployment-minorit/
Donald Trump,"March 29, 2016","Wisconsin’s ""effective"" unemployment rate is 20 percent.",false,speech,Economy; Jobs; Wisconsin,Tom Kertscher,"March 30, 2016",https://www.politifact.com/factchecks/2016/mar/30/donald-trump/donald-trump-wrong-about-wisconsins-effective-unem/
Jim Kenney,"March 27, 2016","""Big soda has a lot of money. They make a lot of profit off their product and they market in neighborhoods that suffer from these very things that we’re trying to cure.""",true,Pennsylvania,Economy; Taxes; Pennsylvania,Cassie Owens,"March 30, 2016",https://www.politifact.com/factchecks/2016/mar/30/jim-kenney/big-soda-and-profits-mayor-kenney-convinced-it-ear/
Vicky Hartzler,"March 24, 2016","""We have less Americans working now than in the ’70s.""",mostly-false,interview with ABC17 News,Economy; Jobs; Missouri,Conner Smith,"March 26, 2016",https://www.politifact.com/factchecks/2016/mar/26/vicky-hartzler/rep-hartzler-ignores-critical-facts-about-workforc/
Terry McAuliffe,"March 21, 2016","""Virginia now is the number one exporter of (agricultural) products to Cuba. We have now jumped to number one.""",true,interview,Economy; Trade; Virginia,Sean Gorman,"March 24, 2016",https://www.politifact.com/factchecks/2016/mar/24/terry-mcauliffe/mcauliffe-right-va-sends-most-agricultural-product/
Gayle Smith,"March 9, 2016","(Since 1990) ""every continent has seen substantial gains, with individual incomes growing by more than a third in every region of the developing world.""",mostly-true,speech on Capitol Hill,Global News Service; Economy; Foreign Policy,Jon Greenberg,"March 24, 2016",https://www.politifact.com/factchecks/2016/mar/24/gayle-smith/usaid-head-highlights-worldwide-income-gains/
Club for Growth,"March 17, 2016","Says Donald Trump promised ""to take care of everybody (through government-run healthcare and) the government's going to pay for it.""",false,political ad,National; Drugs; Economy; Federal Budget; Health Care; Poverty; Public Health,C. Eugene Emery Jr.,"March 21, 2016",https://www.politifact.com/factchecks/2016/mar/21/club-growth/club-growth-claim-ignores-key-points-donald-trumps/
Donald Trump,"March 8, 2016","The Trump Winery near Charlottesville, Va. is the ""largest winery on the East Coast.""",false,news conference,Economy; Trade; Virginia,Sean Gorman,"March 21, 2016",https://www.politifact.com/factchecks/2016/mar/21/donald-trump/donald-trump-says-virginia-winery-largest-east-coa/
Ted Cruz,"March 13, 2016","Says President Barack Obama has ""been presiding over our jobs going overseas for seven years.""",mostly-false,"interview with NBC's ""Meet the Press""",National; Economy; Jobs; Foreign Policy; Trade,Louis Jacobson,"March 16, 2016",https://www.politifact.com/factchecks/2016/mar/16/ted-cruz/ted-cruz-pins-too-much-blame-outflow-jobs-barack-o/
Bernie Sanders,"February 23, 2016","""The Walton family of Walmart ... This one family owns more wealth than the bottom 40 percent of the American people.""",true,campaign rally.,Economy; Wealth; Virginia,Sean Gorman,"March 14, 2016",https://www.politifact.com/factchecks/2016/mar/14/bernie-sanders/bernie-sanders-says-walmart-heirs-are-wealthier-bo/
Donald Trump,"March 10, 2016","""GDP was zero essentially for the last two quarters.""",false,Miami GOP debate.,National; Economy,Linda Qiu,"March 11, 2016",https://www.politifact.com/factchecks/2016/mar/11/donald-trump/no-gdp-growth-not-zero-trump-says/
Bernie Sanders,"March 9, 2016","""If you look at Latino kids between 17 and 20 who graduated high school, 36 percent of them are unemployed or underemployed. … African-American kids are unemployed or underemployed to the tune of 51 percent.""",mostly-true,Democratic presidential debate,National; Economy; Jobs; Race and Ethnicity,Louis Jacobson,"March 10, 2016",https://www.politifact.com/factchecks/2016/mar/10/bernie-sanders/bernie-sanders-statistic-black-hispanic-unemployme/
John Kasich,"February 27, 2016","""Twenty million Americans are out of work.""",half-true,television ad,National; Economy; Jobs,Louis Jacobson,"March 9, 2016",https://www.politifact.com/factchecks/2016/mar/09/john-kasich/john-kasich-ad-says-20-million-americans-are-out-w/
Arnold Schwarzenegger,"March 6, 2016","When John Kasich became governor of Ohio, ""there was an $8 billion budget deficit and now there’s a $2 billion surplus.""",mostly-true,endorsement speech,Economy; California,Louis Jacobson,"March 8, 2016",https://www.politifact.com/factchecks/2016/mar/08/arnold-schwarzenegger/arnold-schwarzeneggers-claim-about-ohios-financial/
Bernie Sanders,"March 6, 2016","""When you're white ... you don't know what it's like to be poor.""",false,Democratic debate,National; Economy; Income; Race and Ethnicity; Poverty,Louis Jacobson,"March 7, 2016",https://www.politifact.com/factchecks/2016/mar/07/bernie-sanders/bernie-sanders-wrong-say-when-youre-white-you-dont/
Hillary Clinton,"March 6, 2016","""President Obama took more money from Wall Street in the 2008 campaign than anybody ever had.""",mostly-true,Democratic debate,National; Campaign Finance; Economy; Elections; Financial Regulation; History; Stimulus; Voting Record,C. Eugene Emery Jr.,"March 7, 2016",https://www.politifact.com/factchecks/2016/mar/07/hillary-clinton/hillary-clinton-barack-obama-set-new-wall-street-f/
Todd Richardson,"January 10, 2016","Says Missouri families’ ""earning power is about $5,000 less today than it was at the turn of the century.""",mostly-true,comments on “This Week,Economy; Income; Missouri,Katie Moeller,"February 20, 2016",https://www.politifact.com/factchecks/2016/feb/20/todd-richardson/rep-todd-richardson-mostly-accurate-assessment-ear/
Bernie Sanders,"February 7, 2016","""The richest 80 people in the world own more wealth than the bottom half of the global population.""",mostly-true,video,Global News Service; Economy; Poverty,Jon Greenberg,"February 17, 2016",https://www.politifact.com/factchecks/2016/feb/17/bernie-sanders/pretty-much-money-sanders-says-80-richest-own-more/
Hillary Clinton,"February 12, 2016","Says she will ""work to raise the federal minimum wage back to the highest level it’s ever been — $12 an hour in today’s dollars.""",half-true,column posted on Medium.com,National; Economy; Jobs; Workers,Louis Jacobson,"February 17, 2016",https://www.politifact.com/factchecks/2016/feb/17/hillary-clinton/hillary-clinton-says-she-wants-return-real-minimum/
Hillary Clinton,"February 11, 2016","""Americans haven’t had a raise in 15 years.""",mostly-true,Democratic presidential debate,National; Economy; Jobs,Louis Jacobson,"February 12, 2016",https://www.politifact.com/factchecks/2016/feb/12/hillary-clinton/debate-hillary-clinton-says-americans-havent-had-r/
Bernie Sanders,"February 11, 2016","""In America, we pay, by far, the highest prices in the world for prescription drugs.""",mostly-true,PBS Democratic debate,National; Economy; Health Care,C. Eugene Emery Jr.,"February 12, 2016",https://www.politifact.com/factchecks/2016/feb/12/bernie-sanders/bernie-sanders-has-correct-diagnosis-us-prescripti/
Donald Trump,"February 9, 2016","""Don't believe those phony numbers when you hear 4.9 and 5 percent unemployment. The number's probably 28, 29, as high as 35. In fact, I even heard recently 42 percent.""",pants-fire,victory speech after the New Hampshire primary,National; Economy; Jobs,Louis Jacobson,"February 11, 2016",https://www.politifact.com/factchecks/2016/feb/11/donald-trump/donald-trump-repeats-pants-fire-claim-unemployment/
Bernie Sanders,"February 4, 2016","""Not one Republican has the guts to recognize that climate change is real.""",false,Democratic debate,Environment; National; Cap and Trade; Climate Change; Debates; Economy; Energy; Jobs; Government Regulation; Negative Campaigning; Polls and Public Opinion; Public Safety,C. Eugene Emery Jr.,"February 10, 2016",https://www.politifact.com/factchecks/2016/feb/10/bernie-sanders/bernie-sanders-offers-overheated-claim-where-all-r/
Gina Raimondo,"January 26, 2016","""Owen in MA vs. Owen in RI … Advantage:Rhode Island.""",true,economic development report,Rhode Island; Corporations; Economy; Jobs,Mark  Reynolds,"February 7, 2016",https://www.politifact.com/factchecks/2016/feb/07/gina-raimondo/advantage-ri-aimed-ge-not-owen/
Bernie Sanders,"February 4, 2016","Americans ""are working longer hours for low wages . . . and yet almost all new income and wealth is going to the top 1 percent.""",half-true,Democratic debate on MSNBC,National; Economy; Income; Workers,C. Eugene Emery Jr.,"February 5, 2016",https://www.politifact.com/factchecks/2016/feb/05/bernie-sanders/bernie-sanders-exaggerates-concentration-wealth-in/
Ted Cruz,"February 3, 2016","""During eight years under Ronald Reagan, African-American median income rose by about $5,000.""",mostly-false,town hall,National; Corrections and Updates; Economy,Louis Jacobson,"February 3, 2016",https://www.politifact.com/factchecks/2016/feb/03/ted-cruz/ted-cruz-says-median-african-american-family-was-5/
Bernie Sanders,"February 1, 2016","""While our people work longer hours for lower wages, almost all new income goes to the top 1 percent.""",half-true,political ad,National; Economy; Income; Workers,C. Eugene Emery Jr.,"February 3, 2016",https://www.politifact.com/factchecks/2016/feb/03/bernie-sanders/mixed-bag-bernie-sanders-claim-about-wages-hours-i/
Ed  Gillespie,"January 13, 2016","""More businesses are closing than opening in Virginia today.""",false,Facebook post.,Corporations; Economy; Small Business; Virginia,Warren Fiske,"February 1, 2016",https://www.politifact.com/factchecks/2016/feb/01/ed-gillespie/gillespie-says-more-businesses-are-closing-opening/
Hillary Clinton,"December 8, 2015","""We now have more jobs in solar than we do in oil.""",false,editorial board interview with the Concord Monitor,Environment; New Hampshire; Economy; Energy; Jobs; Labor,Nick Reid,"January 29, 2016",https://www.politifact.com/factchecks/2016/jan/29/hillary-clinton/hillary-clinton-claims-more-jobs-solar-oil/
Jerry Brown,"January 21, 2016","""Two million new jobs have been created,"" in California since 2011.",true,State of the State address,Economy; Jobs; California,Chris Nichols,"January 25, 2016",https://www.politifact.com/factchecks/2016/jan/25/jerry-brown/brown-speaks-truth-about-californias-job-growth/
Roger Williams,"January 12, 2016","Under Barack Obama, ""the fewest number of adults are working since Jimmy Carter’s presidency.""",false,response to President Barack Obama's State of the Union address,Economy; Jobs; Texas,W. Gardner Selby,"January 22, 2016",https://www.politifact.com/factchecks/2016/jan/22/roger-williams/roger-williams-falsely-says-fewest-number-adults-w/
Ted Cruz,"January 14, 2016","""We have the lowest percentage of Americans working today of any year since 1977.""",mostly-true,Fox Business Network debate,National; Economy; Jobs,Louis Jacobson,"January 15, 2016",https://www.politifact.com/factchecks/2016/jan/15/ted-cruz/ted-cruz-says-us-has-lowest-percentage-americans-w/
Barack Obama,"January 12, 2016","""The United States of America, right now, has the strongest, most durable economy in the world.""",mostly-true,State of the Union address,National; Economy,Louis Jacobson,"January 15, 2016",https://www.politifact.com/factchecks/2016/jan/15/barack-obama/barack-obama-says-us-has-strongest-most-durable-ec/
Conservative Solutions PAC,"January 4, 2016","Says Chris Christie ""instituted an Internet sales tax.""",mostly-false,attack ad,National; Economy; Government Regulation; State Budget; States; Taxes,C. Eugene Emery Jr.,"January 14, 2016",https://www.politifact.com/factchecks/2016/jan/14/conservative-solutions-pac/marco-rubio-superpac-says-chris-christie-imposed-i/
Nikki Haley,"January 12, 2016","The economy is ""too weak to raise income levels.""",mostly-true,Republican response to the State of the Union address,National; Economy; Income,Louis Jacobson,"January 13, 2016",https://www.politifact.com/factchecks/2016/jan/13/nikki-haley/economy-too-weak-raise-incomes-nikki-haley-state-u/
Barack Obama,"January 12, 2016","""Our businesses have created jobs every single month since (Obamacare) became law.""",true,his State of the Union speech,National; Economy; Health Care; Jobs,Lauren Carroll,"January 13, 2016",https://www.politifact.com/factchecks/2016/jan/13/barack-obama/business-has-created-jobs-every-month-obamacare-be/
Barack Obama,"January 12, 2016","We have cut ""our deficits by almost three-quarters.""",mostly-true,State of the Union address,National; Deficit; Economy,Louis Jacobson,"January 13, 2016",https://www.politifact.com/factchecks/2016/jan/13/barack-obama/we-have-cut-our-deficits-three-fourths-obama-state/
Rick Scott,"January 12, 2016","""We have completely turned our economy around.""",half-true,his 2016 State of the State address,Economy; Florida,Joshua Gillin,"January 12, 2016",https://www.politifact.com/factchecks/2016/jan/12/rick-scott/rick-scott-says-he-completely-turned-around-florid/
American Action Network,"December 8, 2015","""Under conservative leadership, Congress has reduced the federal deficit by 60 percent – nearly $800 billion.""",mostly-false,newspaper ad,Congress; Deficit; Economy; Federal Budget; Wisconsin,Tom Kertscher,"December 11, 2015",https://www.politifact.com/factchecks/2015/dec/11/american-action-network/conservatives-slashed-federal-deficit-60-group-say/
Charlotte Nash,"November 17, 2015","Since 2008, Gwinnett County’s population has grown 15 percent, while the county government staff has increased only 1 percent.",true,statement,Georgia; Census; County Budget; County Government; Economy; Jobs; Public Safety; Public Service; Workers,Nancy Badertscher,"December 11, 2015",https://www.politifact.com/factchecks/2015/dec/11/charlotte-nash/Nash-on-target-with-Gwinnett-population-staff-dat/
Scott Walker,"December 3, 2015","""From 2010-2014, median household income"" in Wisconsin ""has actually gone up 7.4 percent.""",mostly-false,tweet,Census; Economy; Families; Income; Wisconsin,Kevin Crowe,"December 7, 2015",https://www.politifact.com/factchecks/2015/dec/07/scott-walker/ignoring-inflation-scott-walker-says-incomes-rose-/
Kevin de León,"November 10, 2015","California has ""robust job growth that outpaces the rest of the nation.""",mostly-true,press release,Climate Change; Economy; Energy; Jobs; California,Chris Nichols,"December 7, 2015",https://www.politifact.com/factchecks/2015/dec/07/kevin-de-leon/senator-claims-california-grows-jobs-faster-rest-n/
Facebook posts,"November 10, 2015","""Illegal immigrants mow the grass around the (Texas) Capitol.""",false,Facebook comment,Immigration; Economy; Jobs; Texas,W. Gardner Selby,"November 27, 2015",https://www.politifact.com/factchecks/2015/nov/27/facebook-posts/facebook-comment-says-illegal-immigrants-mow-texas/
Terry McAuliffe,"November 2, 2015","""When I became governor, I inherited a large deficit. You know what? We just turned that into the largest surplus in Virginia history.""",mostly-false,TV interview.,Economy; State Budget; Virginia,Warren Fiske,"November 16, 2015",https://www.politifact.com/factchecks/2015/nov/16/terry-mcauliffe/mcauliffe-says-he-inherited-large-defict-and-turne/
Hillary Clinton,"November 14, 2015","""Wages adjusted for inflation haven’t risen since the turn of the last century.""",half-true,Democratic presidential debate,National; Economy; Jobs; Workers,Louis Jacobson,"November 15, 2015",https://www.politifact.com/factchecks/2015/nov/15/hillary-clinton/hillary-clinton-says-wages-havent-risen-turn-centu/
Bernie Sanders,"November 6, 2015","""Over half of the black workers in this country earn less"" than $15 an hour.",mostly-true,Democratic presidential candidates' forum,National; Economy; Jobs; Race and Ethnicity,Louis Jacobson,"November 12, 2015",https://www.politifact.com/factchecks/2015/nov/12/bernie-sanders/bernie-sanders-says-over-half-black-workers-earn-l/
Rand Paul,"November 10, 2015","Income inequality ""seems to be worst in cities run by Democrats.""",half-true,Republican presidential debate,National; Economy; Income,Lauren Carroll,"November 11, 2015",https://www.politifact.com/factchecks/2015/nov/11/rand-paul/debate-rand-paul-says-income-inequality-worse-citi/
Ben Carson,"November 10, 2015","""Every time we raise the minimum wage, the number of jobless people increases.""",false,Republican debate,National; Economy; Jobs; Workers,Louis Jacobson,"November 11, 2015",https://www.politifact.com/factchecks/2015/nov/11/ben-carson/ben-carson-said-raising-minimum-wage-will-increase/
Chris Christie,"November 10, 2015","Says the United States is in ""the worst recovery from an economic recession since World War II.""",half-true,fourth Republican presidential debate,National; Economy,Jon Greenberg,"November 11, 2015",https://www.politifact.com/factchecks/2015/nov/11/chris-christie/christie-us-worst-recovery-wwii/
Jeb Bush,"October 14, 2015","""If you're born poor, you're more likely to stay poor than any time in American history.""",half-true,town hall meeting,New Hampshire; Economy; Poverty,Nick Reid,"October 30, 2015",https://www.politifact.com/factchecks/2015/oct/30/jeb-bush/jeb-bush-says-american-dream-jeopardy-more-ever/
Ted Cruz,"October 28, 2015","""Under Barack Obama and the big government economy, the median wage for women has dropped $733.""",false,Republican presidential debate,National; Economy; Jobs; Women,Louis Jacobson,"October 29, 2015",https://www.politifact.com/factchecks/2015/oct/29/ted-cruz/ted-cruz-says-median-wage-women-has-dropped-733-un/
Rebecca Kleefisch,"October 21, 2015","""Most Americans are now getting their news from Facebook.""",false,public forum,Economy; Polls and Public Opinion; Pop Culture; Technology; Wisconsin,Tom Kertscher,"October 29, 2015",https://www.politifact.com/factchecks/2015/oct/29/rebecca-kleefisch/most-people-get-their-news-facebook-gop-wisconsin-/
Marco Rubio,"October 28, 2015","""For the first time in 35 years, we have more businesses closing than starting.""",half-true,third Republican presidential debate,National; Corrections and Updates; Economy; Small Business,Jon Greenberg,"October 29, 2015",https://www.politifact.com/factchecks/2015/oct/29/marco-rubio/rubio-says-more-businesses-are-closing-opening-fir/
Mike Huckabee,"September 24, 2015","The Washington D.C.-area ""never has a recession.""",false,radio interview,Economy; Virginia,Sean Gorman,"October 19, 2015",https://www.politifact.com/factchecks/2015/oct/19/mike-huckabee/huckabee-says-dc-region-never-has-recession/
Erick Erickson,"October 9, 2015","""Paul Ryan is one of less than a dozen Republican congressmen to have voted for every bailout to come before Congress.""",mostly-false,blog post,Corporations; Economy; Federal Budget; Financial Regulation; Housing; Transportation; Wisconsin,Tom Kertscher,"October 15, 2015",https://www.politifact.com/factchecks/2015/oct/15/erick-erickson/paul-ryan-one-few-gop-house-members-have-voted-eve/
Bernie Sanders,"October 13, 2015","""African-American youth unemployment is 51 percent. Hispanic youth unemployment is 36 percent.""",half-true,Democratic presidential debate,National; Economy; Jobs; Race and Ethnicity,Louis Jacobson,"October 14, 2015",https://www.politifact.com/factchecks/2015/oct/14/bernie-sanders/debate-bernie-sanders-says-african-american-youth-/
Richard Saslaw,"October 5, 2015","Virginia’s current unemployment rate is ""the lowest in Virginia history.""",false,debate.,Economy; Jobs; Virginia,Sean Gorman,"October 12, 2015",https://www.politifact.com/factchecks/2015/oct/12/richard-saslaw/salaw-says-virginia-unemployment-rate-all-time-low/
Bee Moorhead,"September 29, 2015","Texas has ""outstripped the national poverty rate"" since ""at least 1959.""",mostly-true,oped article,Economy; Poverty; States; Texas,W. Gardner Selby,"October 12, 2015",https://www.politifact.com/factchecks/2015/oct/12/bee-moorhead/bee-moorhead-says-texas-poverty-rate-has-outstripp/
Debbie Wasserman Schultz,"October 11, 2015","""When we had a conservative Republican president we were losing 750,000 jobs a month.""",mostly-true,"comments on ""State of the Union""",National; Economy; Jobs,Jon Greenberg,"October 11, 2015",https://www.politifact.com/factchecks/2015/oct/11/debbie-wasserman-schultz/wasserman-schultz-under-conservative-republican-pr/
Glenn Hegar,"September 10, 2015","""We have 650 people who move to Texas every day.""",true,speech,Corrections and Updates; Economy; Population; States; Texas,W. Gardner Selby,"October 1, 2015",https://www.politifact.com/factchecks/2015/oct/01/glenn-hegar/glenn-hegar-says-650-people-giddyap-texas-every-da/
Donald Trump,"September 28, 2015","The unemployment rate may be as high as ""42 percent.""",pants-fire,press conference,National; Corrections and Updates; Economy; Jobs,Louis Jacobson,"September 30, 2015",https://www.politifact.com/factchecks/2015/sep/30/donald-trump/donald-trump-says-unemployment-rate-may-be-42-perc/
Jeb Bush,"September 27, 2015","The tax policies of George W. Bush ""created a dynamic effect of high growth.""",mostly-false,"interview on ""Fox News Sunday""",National; Economy; Taxes,Louis Jacobson,"September 27, 2015",https://www.politifact.com/factchecks/2015/sep/27/jeb-bush/jeb-bush-says-tax-policies-george-w-bush-created-d/
Ted Cruz,"September 21, 2015","""When (Ronald) Reagan came in, from 1978 to 1982, economic growth averaged less than 1 percent a year. There’s only one other four-year period where that’s true. That’s true from 2008 to 2012.""",mostly-false,interview with CBS' Stephen Colbert,National; Economy; History; Jobs,Louis Jacobson,"September 25, 2015",https://www.politifact.com/factchecks/2015/sep/25/ted-cruz/ted-cruz-says-slow-economic-growth-under-jimmy-car/
Don Zimmerman,"September 1, 2015","Salaries of Austin residents who don't work for city government ""have not been going up 3 percent a year for the last several years.""",mostly-true,Austin City Council meeting,City Budget; City Government; Economy; Jobs; Texas,W. Gardner Selby,"September 25, 2015",https://www.politifact.com/factchecks/2015/sep/25/don-zimmerman/don-zimmerman-says-non-city-workers-havent-seen-3-/
Hillary Clinton,"September 19, 2015","""Under Republicans, recessions happen four times as frequently as under Democrats.""",mostly-true,remarks at the 2015 New Hampshire Democratic Party State Convention,National; Economy,Lauren Carroll,"September 22, 2015",https://www.politifact.com/factchecks/2015/sep/22/hillary-clinton/hillary-clinton-recessions-more-frequent-under-rep/
Bernie Sanders,"September 14, 2015","""The top 1/10th of 1 percent today in America owns almost as much wealth as the bottom 90 percent.""",mostly-true,speech.,Economy; Income; Retirement; Social Security; Wealth; Virginia,Sean Gorman,"September 21, 2015",https://www.politifact.com/factchecks/2015/sep/21/bernie-sanders/bernie-sanders-says-top-01-us-have-almost-much-wea/
Donald Trump,"September 16, 2015",Says Wisconsin Gov. Scott Walker turned a $1 billion surplus into a $2.2 billion budget deficit.,mostly-false,CNN debate,National; Economy,Jon Greenberg,"September 17, 2015",https://www.politifact.com/factchecks/2015/sep/17/donald-trump/trump-walker-turned-1-billion-surplus-22-budget-sh/
Donald Trump,"September 8, 2015","""Jeb's policies in Florida helped lead to its almost total collapse.""",mostly-false,tweet,Economy; Florida,Joshua Gillin,"September 15, 2015",https://www.politifact.com/factchecks/2015/sep/15/donald-trump/trump-blames-bush-recession-florida/
Club for Growth,"September 15, 2015",Says Donald Trump supports the Wall Street bailout.,mostly-true,TV ad,Congress; Economy; Florida,Amy Sherman,"September 15, 2015",https://www.politifact.com/factchecks/2015/sep/15/club-growth/did-donald-trump-support-wall-street-bailout-club-/
Jeb Bush,"September 8, 2015","""Florida led the nation in job creation"" while Bush was governor.",half-true,campaign video,Candidate Biography; Economy; Florida,Joshua Gillin,"September 10, 2015",https://www.politifact.com/factchecks/2015/sep/10/jeb-bush/bush-says-florida-created-more-jobs-any-other-stat/
Donald Trump,"August 28, 2015","""We have 93 million people out of work. They look for jobs, they give up, and all of a sudden, statistically, they're considered employed.""",false,interview with Sarah Palin,National; Economy; Jobs,Louis Jacobson,"August 31, 2015",https://www.politifact.com/factchecks/2015/aug/31/donald-trump/donald-trump-says-us-has-93-milion-people-out-work/
Russ  Feingold,"August 18, 2015","Says Ron Johnson ""opposes entirely a federal minimum wage,"" except perhaps for ""guest workers.""",true,speech,Agriculture; Economy; Jobs; Labor; Government Regulation; Unions; Workers; Wisconsin,Tom Kertscher,"August 27, 2015",https://www.politifact.com/factchecks/2015/aug/27/russ-feingold/us-sen-ron-johnson-wants-no-general-federal-minimu/
Glen Sturtevant,"August 18, 2015","""Last year, we had zero percent growth in GDP in Virginia ...The only states that did worse than us were Alaska and Mississippi.""",true,candidates' forum.,Economy; Virginia,Warren Fiske,"August 25, 2015",https://www.politifact.com/factchecks/2015/aug/25/glen-sturtevant/glen-sturtevant-says-virginia-had-zero-percent-gro/
Rachel Maddow,"July 13, 2015","Under Scott Walker, ""the Wisconsin middle class is shrinking at a faster rate than any other state in the country.""",false,television show,Economy; Families; Income; Wisconsin,Kevin Crowe,"August 24, 2015",https://www.politifact.com/factchecks/2015/aug/24/rachel-maddow/rachel-maddow-says-under-scott-walker-middle-class/
Bill Clinton,"August 11, 2015","""There's not a single, solitary example that"" signing the bill to end Glass-Steagall ""had anything to do with the financial crash.""",mostly-true,interview with Inc. magazine,National; Economy; Financial Regulation,Lauren Carroll,"August 19, 2015",https://www.politifact.com/factchecks/2015/aug/19/bill-clinton/bill-clinton-glass-steagall-had-nothing-do-financi/
Georgia Department of Economic Development,"July 9, 2015",Film and television productions generated a $6 billion economic impact for Georgia’s economy in the most recent fiscal year.,half-true,press release,Georgia; Economy; Jobs; States; Taxes,April Hunt,"August 7, 2015",https://www.politifact.com/factchecks/2015/aug/07/georgia-department-economic-development/film-industrys-impact-georgia-economy-overstated/
John Kasich,"August 6, 2015","""I took the state of Ohio from an $8 billion hole … to a $2 billion surplus.""",mostly-true,comments at a GOP debate,National; Economy; State Budget,Louis Jacobson,"August 7, 2015",https://www.politifact.com/factchecks/2015/aug/07/john-kasich/kasich-i-took-state-ohio-8-billion-hole-2-billion-/
Hillary Clinton,"July 28, 2015","""The stock market does better when you have a Democratic president in the White House.""",mostly-true,town hall,National; Economy; Financial Regulation; History,Louis Jacobson,"August 4, 2015",https://www.politifact.com/factchecks/2015/aug/04/hillary-clinton/hillary-clinton-says-stock-market-has-done-better-/
Gerry Connolly,"July 9, 2015","""In 1960, we spent more than 3 percent of our GDP on infrastructure projects like the Interstate Highway. Today we spend less than 1 percent of our GDP on these vital investments.""",half-true,written statement.,Economy; Infrastructure; Transportation; Virginia,Sean Gorman,"August 3, 2015",https://www.politifact.com/factchecks/2015/aug/03/gerry-connolly/connolly-says-us-road-spending-based-gdp-one-third/
Donald Trump,"August 2, 2015","Under President Barack Obama, income levels and unemployment numbers ""are worse now than just about ever"" for African-Americans.",false,"interview on ABC ""This Week""",National; Economy,Louis Jacobson,"August 2, 2015",https://www.politifact.com/factchecks/2015/aug/02/donald-trump/donald-trump-black-income-unemployment-worse-now-j/
Bernie Sanders,"July 1, 2015","""The top one-tenth of 1 percent"" of Americans ""own almost as much wealth as the bottom 90 percent.""",mostly-true,speech,Economy; Income; Retirement; Social Security; Wealth; Wisconsin,Tom Kertscher,"July 29, 2015",https://www.politifact.com/factchecks/2015/jul/29/bernie-sanders/bernie-sanders-madison-claims-top-01-americans-hav/
Barack Obama,"July 21, 2015","""The economy, by every metric, is better than when I came into office.""",mostly-false,"interview with Jon Stewart of ""The Daily Show""",National; Economy; Jobs,Louis Jacobson,"July 28, 2015",https://www.politifact.com/factchecks/2015/jul/28/barack-obama/barack-obama-tells-jon-stewart-economy-every-metri/
Scott Walker,"July 21, 2015","Says under his leadership ""Wisconsin median household income"" is up 2.7%, while it is down 1.3% nationally under President Obama.",mostly-false,tweet,Economy; Income; Wisconsin,Sarah Hauer,"July 27, 2015",https://www.politifact.com/factchecks/2015/jul/27/scott-walker/scott-walker-says-under-his-leadership-incomes-are/
Jeff  Atwater,"July 13, 2015","""Although we have twice the population of Greece, the state of Florida employs three times fewer government employees.""",half-true,open letter to Floridians,Economy; Florida,Joshua Gillin,"July 22, 2015",https://www.politifact.com/factchecks/2015/jul/22/jeff-atwater/greece-employs-three-times-many-government-workers/
Hillary Clinton,"July 13, 2015","Says she ""called for addressing risks of derivatives, cracking down on subprime mortgages and improving financial oversight"" early on in the financial crisis.",true,remarks,National; Candidate Biography; Economy; Financial Regulation,Lauren Carroll,"July 15, 2015",https://www.politifact.com/factchecks/2015/jul/15/hillary-clinton/hillary-clinton-says-she-called-wall-street-regula/
Tim Lee,"June 30, 2015",Cobb County businesses have already been awarded contracts worth $250 million on construction of a new Braves stadium.,mostly-true,mass email,Georgia; Baseball; County Budget; Debt; Economy; Legal Issues,Nancy Badertscher,"July 14, 2015",https://www.politifact.com/factchecks/2015/jul/14/tim-lee/cobb-official-says-braves-stadium-awards-250-milli/
Bernie Sanders,"July 6, 2015","For African-Americans between the ages of 17 and 20, ""the real unemployment rate … is 51 percent.""",mostly-true,rally,National; Economy; Jobs; Race and Ethnicity,Louis Jacobson,"July 13, 2015",https://www.politifact.com/factchecks/2015/jul/13/bernie-sanders/bernie-sanders-says-real-unemployment-rate-african/
Bobby  Scott,"June 12, 2015","""The United States ranks second worst in income inequality across developed countries,"" after taxes and transfers.",mostly-true,written statement.,Economy; Income; Wealth; Virginia,Warren Fiske,"July 13, 2015",https://www.politifact.com/factchecks/2015/jul/13/bobby-scott/bobby-scott-says-us-no-2-income-disparity-among-de/
Carly Fiorina,"July 12, 2015","""We're destroying more businesses in the United States now than are being created for the first time in our history.""",half-true,"comments on ABC's ""This Week""",National; Economy; Small Business,Joshua Gillin,"July 12, 2015",https://www.politifact.com/factchecks/2015/jul/12/carly-fiorina/fiorina-us-destroying-more-businesses-it-creates-f/
American Bridge 21st Century,"July 1, 2015","Wisconsin’s economy has ""tanked"" under Gov. Scott Walker and ""so far in 2015 over 6,685 people have been laid off, already more than in all of 2014.""",false,website posting,Economy; Jobs; Wisconsin,James B. Nelson,"July 10, 2015",https://www.politifact.com/factchecks/2015/jul/10/american-bridge-21st-century/american-bridge-21st-century-says-layoffs-show-eco/
Todd Wilcox,"July 8, 2015","""More businesses are closing than are opening for the first time in our nation's history.""",half-true,campaign announcement,Economy; Florida,Joshua Gillin,"July 10, 2015",https://www.politifact.com/factchecks/2015/jul/10/todd-wilcox/senate-candidate-wilcox-says-more-businesses-closi/
Barack Obama,"July 2, 2015","""We've cut the deficit by two-thirds.""",mostly-true,speech,Debt; Deficit; Economy; Stimulus; Wisconsin,Tom Kertscher,"July 8, 2015",https://www.politifact.com/factchecks/2015/jul/08/barack-obama/wisconsin-visit-barack-obama-brags-he-reduced-fede/
Paul Krugman,"July 5, 2015","""Greece is not a big economy. It's about the size of metropolitan Miami.""",true,"interview on ABC's ""This Week with George Stephanopoulos""",Economy; Foreign Policy; PunditFact,Jon Greenberg,"July 6, 2015",https://www.politifact.com/factchecks/2015/jul/06/paul-krugman/yep-greece-and-miami-metro-have-about-same-gdp/
Bernie Sanders,"June 4, 2015","""The gap between the very rich and everyone else in America is wider today than at any time since the 1920s.""",mostly-true,post on Twitter,National; Economy; Income,Miles Adair,"June 18, 2015",https://www.politifact.com/factchecks/2015/jun/18/bernie-sanders/bernie-sanders-says-income-inequality-widest-1920s/
Donald Trump,"June 16, 2015","""When was the last time you saw a Chevrolet in Japan? It doesn’t exist, folks.""",mostly-false,his presidential announcement speech,National; Economy; Transportation,Katie Sanders,"June 17, 2015",https://www.politifact.com/factchecks/2015/jun/17/donald-trump/donald-trump-chevrolet-tokyo-japan-doesnt-exist/
Russ  Feingold,"June 5, 2015","""The United States still ranks 20th in the world in access to broadband -- over 50 percent below the best nations.""",half-true,speech at the state Democratic Party convention,Economy; Infrastructure; Technology; Wisconsin,Lucas Daprile,"June 17, 2015",https://www.politifact.com/factchecks/2015/jun/17/russ-feingold/russ-feingold-says-us-ranks-20th-access-broadband-/
Donald Trump,"June 16, 2015","""Our real unemployment is anywhere from 18 to 20 percent. Don't believe the 5.6. Don't believe it.""",false,his presidential announcement speech,National; Economy; Jobs,Louis Jacobson,"June 16, 2015",https://www.politifact.com/factchecks/2015/jun/16/donald-trump/donald-trump-says-real-unemployment-rate-18-20-per/
Donald Trump,"June 16, 2015","""The last quarter, it was just announced, our gross domestic product … was below zero. Who ever heard of this? It's never below zero.""",pants-fire,his presidential announcement speech,National; Economy; Jobs,Louis Jacobson,"June 16, 2015",https://www.politifact.com/factchecks/2015/jun/16/donald-trump/donald-trump-says-us-gdp-never-negative-ter/
Hunter Schwarz,"June 8, 2015","47 percent of Americans ""can’t pay for an unexpected $400 expense through savings or credit cards, without selling something or borrowing money.""",true,"""Washington Post"" article",Economy; Income; PunditFact,Jon Greenberg,"June 9, 2015",https://www.politifact.com/factchecks/2015/jun/09/hunter-schwarz/47-say-they-lack-ready-cash-pay-surprise-400-bill/
Rick Perry,"June 4, 2015","""In the last seven years of my tenure, Texas created 1.5 million new jobs. As a matter of fact, without Texas, America would have lost 400,000 jobs.""",mostly-true,his speech declaring his candidacy for president,Corrections and Updates; Economy; Jobs; States; Texas,W. Gardner Selby,"June 8, 2015",https://www.politifact.com/factchecks/2015/jun/08/rick-perry/rick-perry-says-texas-gained-15-million-jobs-over-/
Patricia Morgan,"May 27, 2015","The Convention Center ""was sold as a building that would never cost taxpayers a dime.""",mostly-true,news conference,Rhode Island; Deficit; Economy; History; State Budget,Mark  Reynolds,"June 7, 2015",https://www.politifact.com/factchecks/2015/jun/07/patricia-morgan/rep-morgan-says-convention-center-was-sold-pledge-/
Jeb Bush,"June 2, 2015","Says that during his eight years as Florida governor, ""we created 1.3 million net new jobs -- more jobs created than Texas.""",mostly-true,speech at Gov. Rick Scott's economic summit,Economy; Jobs; Florida,Amy Sherman,"June 3, 2015",https://www.politifact.com/factchecks/2015/jun/03/jeb-bush/jeb-bush-says-13-million-jobs-were-created-florida/
Martin O'Malley,"May 30, 2015","""Today in America, 70 percent of us are earning the same or less than we were 12 years ago, and this is the first time that that has happened this side of World War II.""",half-true,his presidential announcement speech,National; Economy; Income,Louis Jacobson,"June 2, 2015",https://www.politifact.com/factchecks/2015/jun/02/martin-omalley/martin-omalley-says-70-us-are-earning-same-or-less/
Marco Rubio,"June 2, 2015","""For the first time in 35 years, we have more businesses dying than we do starting.""",true,speech,National; Economy; Small Business,Louis Jacobson,"June 2, 2015",https://www.politifact.com/factchecks/2015/jun/02/marco-rubio/marco-rubio-says-first-time-35-years-we-have-more-/
Timothy Sheehy,"April 10, 2015","A 50-50 public-private split for paying for a new Milwaukee Bucks arena would ""be much better -- in terms of the portion of the public financing -- than most of the other arena projects done around the country.""",true,interview,Economy; Recreation; Sports; State Budget; Taxes; Wisconsin,Tom Kertscher,"May 29, 2015",https://www.politifact.com/factchecks/2015/may/29/timothy-sheehy/would-paying-half-cost-new-milwaukee-bucks-arena-b/
Facebook posts,"May 17, 2015","""During Obama's first five years as president, black unemployment increased 42 percent. During Reagan's presidency, black unemployment dropped 20 percent.""",pants-fire,meme on social media,National; Economy; History; Jobs; Race and Ethnicity,Louis Jacobson,"May 22, 2015",https://www.politifact.com/factchecks/2015/may/22/facebook-posts/was-ronald-reagans-record-black-unemployment-bette/
Hillary Clinton,"May 18, 2015","Hedge fund managers ""pay less in taxes than nurses and truck drivers.""",false,appearance,National; Economy; Income; Jobs; Taxes,Louis Jacobson,"May 20, 2015",https://www.politifact.com/factchecks/2015/may/20/hillary-clinton/hillary-clinton-says-hedge-fund-managers-pay-less-/
Bill Gates,"May 17, 2015","The ""highest economic growth decade was the 1960s. Income tax rates were 90 percent.""",mostly-true,"interview on CNN's ""Fareed Zakaria GPS""",Economy; Taxes; PunditFact,Jon Greenberg,"May 17, 2015",https://www.politifact.com/factchecks/2015/may/17/bill-gates/bill-gates-high-taxes-and-high-growth-can-co-exist/
Kathleen Sullivan,"April 29, 2015","""The proportion of Rhode Islanders entering substance abuse treatment primarily due to marijuana use has reached its highest point in 20 years.""",false,testimony before the House Judiciary Committee,Rhode Island; Consumer Safety; Criminal Justice; Drugs; Economy; History; Crime; Government Regulation; Public Health; Public Safety; Recreation; Regulation; Small Business; Taxes; Marijuana,Mark  Reynolds,"May 17, 2015",https://www.politifact.com/factchecks/2015/may/17/kathleen-sullivan/anti-marijuana-advocate-says-treatment-levels-have/
Thomas Perez,"May 7, 2015","Due to ""over-incarceration … in 1950, two out of three young black men were in the workforce. Today, it's one out of three black men are in the workforce.""",half-true,"interview on MSNBC's ""Morning Joe""",National; Criminal Justice; Economy; Jobs; Race and Ethnicity,Louis Jacobson,"May 15, 2015",https://www.politifact.com/factchecks/2015/may/15/thomas-perez/labor-secretary-tom-perez-discusses-incarcerations/
Maria Shriver,"May 10, 2015","""Two-thirds of American families rely on the mother's income to stay above the poverty level.""",mostly-false,"comments on NBC's ""Meet the Press""",Economy; Poverty; Women; PunditFact,Jon Greenberg,"May 11, 2015",https://www.politifact.com/factchecks/2015/may/11/maria-shriver/maria-shriver-2-american-families-rely-mothers-inc/
Carly Fiorina,"May 10, 2015","""We doubled the size of the company (Hewlett-Packard).""",mostly-true,"comments on NBC's ""Meet the Press""",National; Candidate Biography; Economy,Lauren Carroll,"May 10, 2015",https://www.politifact.com/factchecks/2015/may/10/carly-fiorina/carly-fiorina-fights-back-against-hp-layoff-claims/
Lincoln Chafee,"May 10, 2015","""We had the biggest drop of the rate of unemployment (in) all but 4 states.""",mostly-false,interview on CNN,Rhode Island; Economy; History; Jobs; Labor; States; Workers,Mark  Reynolds,"May 10, 2015",https://www.politifact.com/factchecks/2015/may/10/lincoln-chafee/lincoln-chafee-says-ri-governor-only-four-states-h/
John Taylor,"April 24, 2015","""The people of Tiverton have historically supported [gambling measures] at a rate higher than the rest of the state.""",true,"interview on WPRI-TV's ""Newsmakers.""",Rhode Island; Economy; Gambling; History; Polls and Public Opinion; Recreation; Tourism,C. Eugene Emery Jr.,"May 7, 2015",https://www.politifact.com/factchecks/2015/may/07/john-taylor-2/twin-river-chairman-john-taylor-says-tiverton-vote/
John Boehner,"May 3, 2015","""We spend more money on antacids than we do on politics.""",false,"comments on NBC's ""Meet the Press""",National; Campaign Finance; Economy,Jon Greenberg,"May 3, 2015",https://www.politifact.com/factchecks/2015/may/03/john-boehner/john-boehner-we-spend-more-money-antacids-we-do-po/
Jim Lampley,"May 2, 2015","The projected revenue from the Mayweather/Pacquiao fight is ""larger than the annual GDP of 29 different countries.""",pants-fire,comments before the Mayweather vs. Pacquiao fight,Economy; Sports; PunditFact,Lauren Carroll,"May 3, 2015",https://www.politifact.com/factchecks/2015/may/03/jim-lampley/truth-about-claim-mayweatherpacquiao-fight-outearn/
Scott Walker,"April 23, 2015","Minnesota’s ""advantage"" in economic growth has been having ""Republicans in charge of at least one part of government"" for all but two years, while Wisconsin Democrats ""for many years"" before 2011 controlled both legislative chambers and the governorship.",false,interview,Economy; History; Wisconsin,Dave Umhoefer,"April 29, 2015",https://www.politifact.com/factchecks/2015/apr/29/scott-walker/democrats-had-total-control-state-politics-many-ye/
Texas Organizing Project,"March 5, 2015","""The unemployment rate among blacks in Texas is 9.5% -- far more than double white unemployment -- and wages have fallen for black workers in Texas since 2000.""",true,press release,Economy; Education; Jobs; Texas,Alex Wilts,"April 23, 2015",https://www.politifact.com/factchecks/2015/apr/23/texas-organizing-project/group-black-texans-have-higher-unemployment-rate-w/
Elizabeth Roberts,"March 2, 2015","""More than 30 cents of every state tax dollar goes to Medicaid.""",true,presentation to the Reinventing Medicaid Working Group,Rhode Island; Debt; Disability; Economy; Families; Health Care; Medicaid; Poverty; State Budget; Taxes,C. Eugene Emery Jr.,"April 19, 2015",https://www.politifact.com/factchecks/2015/apr/19/elizabeth-roberts/ri-hhs-secretary-elizabeth-roberts-says-more-30-pe/
Jeb Bush,"April 14, 2015","""We are in the sixth year of recovery, and median income is below what it was at the start of the recovery.""",true,interview with the Pittsburgh Tribune-Review,National; Economy; Income,Louis Jacobson,"April 16, 2015",https://www.politifact.com/factchecks/2015/apr/16/jeb-bush/jeb-bush-correct-median-income-has-fallen-us-end-r/
Occupy Democrats,"March 31, 2015","Despite raising taxes on the wealthy and hiking the minimum wage, Minnesota ""is creating jobs at a record pace, unemployment is at a historic low, median income is skyrocketing, and (the) state has a billion-dollar surplus.""",half-true,meme on social media,National; Economy; Income; Jobs; State Budget,Louis Jacobson,"April 1, 2015",https://www.politifact.com/factchecks/2015/apr/01/occupy-democrats/meme-touts-mark-daytons-economic-successes-minneso/
Martin O'Malley,"March 29, 2015","In the United States, we’ve had ""12 years in a row of wages declining.""",half-true,"interview on ABC's ""This Week""",National; Economy; Jobs,Louis Jacobson,"March 31, 2015",https://www.politifact.com/factchecks/2015/mar/31/martin-omalley/martin-omalley-says-us-has-seen-falling-wages-12-s/
Gina Raimondo,"March 13, 2015","""Rhode Island has the second highest per enrollee (Medicaid) cost of any state in the country, which is 60 percent higher than the national average.""",mostly-true,television interview,Rhode Island; Economy; Federal Budget; Health Care; Medicaid; Poverty; Public Health; Regulation; State Budget; States; Taxes,C. Eugene Emery Jr.,"March 29, 2015",https://www.politifact.com/factchecks/2015/mar/29/gina-raimondo/gov-gina-raimondo-says-ris-medicaid-costs-enrollee/
Ted Cruz,"March 23, 2015","""Small businesses (are) going out of business in record numbers.""",false,speech at Liberty University,National; Economy; Small Business,Steve Contorno,"March 24, 2015",https://www.politifact.com/factchecks/2015/mar/24/ted-cruz/ted-cruz-small-business-are-going-out-business-rec/
David Simas,"March 18, 2015","Job growth in the United States is now at the ""fastest pace in this country's history.""",false,"interview on CNN's ""New Day""",National; Economy; Jobs,Louis Jacobson,"March 24, 2015",https://www.politifact.com/factchecks/2015/mar/24/david-simas/white-house-aide-says-job-growth-now-fastest-pace-/
Tyrone Brooks,"January 20, 2015",State lawmakers are spending taxpayer money for parking that billionaire Arthur Blank could build while paying some state employees so little they are on food stamps.,half-true,statement,Georgia; Economy; Poverty; Sports; State Budget; Transparency,Nancy Badertscher,"March 23, 2015",https://www.politifact.com/factchecks/2015/mar/23/tyrone-brooks/brooks-lacks-data-back-food-stamp-claim/
Donna Nesselbush,"March 6, 2015","""In an average grocery store, roughly 75 percent of processed foods contain genetically modified organisms, or GMOs.""",half-true,commentary,Environment; Agriculture; Animals; Rhode Island; Consumer Safety; Economy; Government Regulation; Public Health; Science; Technology,C. Eugene Emery Jr.,"March 22, 2015",https://www.politifact.com/factchecks/2015/mar/22/donna-nesselbush/sen-donna-nesselbush-three-quarters-processed-food/
Jim Webb,"March 15, 2015","""The stock market has almost tripled since April of 2009.""",mostly-true,"interview on ABC's ""This Week""",National; Economy; Financial Regulation,Louis Jacobson,"March 17, 2015",https://www.politifact.com/factchecks/2015/mar/17/jim-webb/james-webb-says-stock-market-has-tripled-value-200/
Lindsey Graham,"March 8, 2015","""The labor participation rate is at an all-time low.""",mostly-false,"comments on NBC's ""Meet the Press""",National; Economy; Jobs,Lauren Carroll,"March 8, 2015",https://www.politifact.com/factchecks/2015/mar/08/lindsey-graham/lindsey-graham-has-it-wrong-meet-press-labor-parti/
Gina Raimondo,"February 19, 2015","""Contrary to popular belief, we actually don’t have that many public employees…We are well below average in the number of public employees.’’",true,news conference,Rhode Island; Economy; Labor; State Budget; Workers,Katie Mulvaney,"March 8, 2015",https://www.politifact.com/factchecks/2015/mar/08/gina-raimondo/gov-gina-raimondo-says-ri-well-below-average-numbe/
Steven Frias,"February 24, 2015","""Research performed by economists has shown no consistent, positive impact on jobs, income or tax revenues arising from stadiums or sports franchises.""",true,newspaper commentary,Rhode Island; Baseball; Economy; Recreation; Sports,C. Eugene Emery Jr.,"March 7, 2015",https://www.politifact.com/factchecks/2015/mar/07/steven-frias/ri-gop-official-steven-frias-says-research-finds-n/
Scott Walker,"February 6, 2015","Six of the nation’s 10 wealthiest counties, ""according to median income, are in and around the Washington, D.C. area.""",true,speech,Economy; Federal Budget; Income; Population; Wealth; Wisconsin,Tom Kertscher,"March 2, 2015",https://www.politifact.com/factchecks/2015/mar/02/scott-walker/scott-walker-says-most-10-richest-counties-are-aro/
Gina Raimondo,"February 18, 2015","Rhode Island has invested less in tourism, economic development and economic development personnel than four nearby states.",mostly-false,presentation,Rhode Island; Economy; Jobs; Small Business; State Budget; States; Tourism; Workers; Taxes,C. Eugene Emery Jr.,"March 1, 2015",https://www.politifact.com/factchecks/2015/mar/01/gina-raimondo/gov-gina-raimondo-says-rhode-island-invests-less-e/
George Nee,"February 5, 2015","Rhode Island ""is one of the worst states"" for income equality.",mostly-false,testimony before R.I. House Labor Committee,Rhode Island; Economy; Income; Labor; Poverty; Unions,C. Eugene Emery Jr.,"February 22, 2015",https://www.politifact.com/factchecks/2015/feb/22/george-nee/ri-afl-cio-president-george-nee-says-state-one-wor/
Leonidas Raptakis,"February 5, 2015",The minimum wage has risen $2.35 in the last two years. That's 31 percent.,false,testimony before the House Committee on Labor,Rhode Island; Economy; Families; Income; Government Regulation; Poverty; Small Business; Workers,C. Eugene Emery Jr.,"February 16, 2015",https://www.politifact.com/factchecks/2015/feb/16/leonidas-raptakis/ri-sen-leonidas-raptakis-says-state-minimum-wage-r/
Maggie Hassan,"February 12, 2015",Our median household income in 2013 was the highest in the nation.,mostly-true,her budget address,New Hampshire; Census; Economy; Families,Casey  McDermott,"February 13, 2015",https://www.politifact.com/factchecks/2015/feb/13/maggie-hassan/maggie-hassan-says-nh-had-highest-median-income-us/
Lee May,"January 22, 2015","In the past year, DeKalb has ""attracted and retained more than 2,300 jobs.""",mostly-true,2015 State of the County address,Georgia; Economy; Jobs,April Hunt,"February 13, 2015",https://www.politifact.com/factchecks/2015/feb/13/lee-may/dekalb-jobs-claim-needs-some-refining/
Ted Cruz,"February 8, 2015","""92 million Americans aren't working.""",mostly-false,"interview on CNN's ""State of the Union""",National; Economy; Jobs,Louis Jacobson,"February 10, 2015",https://www.politifact.com/factchecks/2015/feb/10/ted-cruz/ted-cruz-says-92-million-americans-arent-working/
Nicholas Mattiello,"January 18, 2015","""There haven't been tax cuts for the rich"" in Rhode Island.",false,"interview on ""10 News Conference""",Rhode Island; Economy; History; Jobs; Poverty; State Budget; Wealth; Taxes,C. Eugene Emery Jr.,"February 8, 2015",https://www.politifact.com/factchecks/2015/feb/08/nicholas-mattiello/house-speaker-nicholas-mattiello-says-rhode-island/
Jeb Bush,"February 4, 2015","""Millions of people have given up looking for work altogether.""",mostly-true,speech,National; Economy,Louis Jacobson,"February 5, 2015",https://www.politifact.com/factchecks/2015/feb/05/jeb-bush/jeb-bush-says-millions-have-given-looking-work/
Nathan Deal,"January 14, 2015","""Since I took office, over 319,000 new private sector jobs have been created in Georgia with nearly 93,000 of those coming in the past 12 months.""",true,governor's State of the State address,Georgia; Economy; Jobs,April Hunt,"February 3, 2015",https://www.politifact.com/factchecks/2015/feb/03/nathan-deal/claims-about-job-creation-under-deal-accurate/
Rhode Island Center for Freedom and Prosperity,"January 10, 2015","""Common welfare programs give income of $43,330 or $20.83 an hour.""",mostly-false,tweet,Rhode Island; Children; Economy; Families; Federal Budget; Government Regulation; Health Care; Housing; Income; Medicaid; Poverty; Welfare; Women; Workers,C. Eugene Emery Jr.,"February 1, 2015",https://www.politifact.com/factchecks/2015/feb/01/rhode-island-center-freedom-and-prosperity/do-common-welfare-programs-pay-equivalent-2083-hou/
John Boehner,"January 25, 2015","The Affordable Care Act ""basically puts a penalty or a tax on employers for every new job they create.""",half-true,"interview on CBS' ""60 Minutes""",National; Economy; Health Care; Jobs; Taxes,Louis Jacobson,"January 29, 2015",https://www.politifact.com/factchecks/2015/jan/29/john-boehner/john-boehner-says-obamacare-puts-penalty-or-tax-em/
Terry Jeffrey,"January 21, 2015",There were more people on welfare than working in 2013.,false,column,Economy; Jobs; Poverty; Welfare; PunditFact,Louis Jacobson,"January 28, 2015",https://www.politifact.com/factchecks/2015/jan/28/terry-jeffrey/are-there-more-welfare-recipients-us-full-time-wor/
Keith Parker,"January 21, 2015","Only ""18 percent of jobs are accessible by transit for metro Atlanta residents. 33 percent for those living in the city.""",true,Twitter post,Georgia; Economy; Transportation,April Hunt,"January 28, 2015",https://www.politifact.com/factchecks/2015/jan/28/keith-parker/marta-official-correct-about-commuters-limited-opt/
Rick Perry,"January 26, 2015","The U.S. unemployment rate has ""been massaged, it’s been doctored.""",pants-fire,breakfast talk,Economy; Jobs; Texas,W. Gardner Selby,"January 26, 2015",https://www.politifact.com/factchecks/2015/jan/26/rick-perry/rick-perry-iowa-says-unemployment-rate-has-been-ma/
Nathan Deal,"January 13, 2015",Mercedes-Benz USA  moving its headquarters to Atlanta will create at least 800 jobs.,mostly-true,press release,Georgia; Economy; Jobs,April Hunt,"January 26, 2015",https://www.politifact.com/factchecks/2015/jan/26/nathan-deal/mercedes-move-will-create-jobs/
Andy Puzder,"January 13, 2015","""Obamacare has caused millions of full-time jobs to become part-time.""",half-true,op-ed,National; Economy; Health Care; Jobs,Louis Jacobson,"January 23, 2015",https://www.politifact.com/factchecks/2015/jan/23/andy-puzder/ceo-carls-jr-says-obamacare-has-caused-millions-fu/
Barack Obama,"January 7, 2015","""The auto companies have now repaid taxpayers every dime and more of what my administration invested in.""",mostly-false,speech,National; Economy; Federal Budget; Transportation,Steve Contorno,"January 22, 2015",https://www.politifact.com/factchecks/2015/jan/22/barack-obama/obama-says-automakers-have-paid-back-all-loans-it-/
Barack Obama,"January 20, 2015","The economy is ""creating jobs at the fastest pace since 1999.""",true,State of the Union address,National; Economy; Jobs,Louis Jacobson,"January 21, 2015",https://www.politifact.com/factchecks/2015/jan/21/barack-obama/barack-obama-says-us-economy-creating-jobs-fastest/
Barack Obama,"January 20, 2015","""Our unemployment rate is now lower than it was before the financial crisis.""",mostly-true,State of the Union address,National; Economy; Jobs,Louis Jacobson,"January 21, 2015",https://www.politifact.com/factchecks/2015/jan/21/barack-obama/barack-obama-says-unemployment-rate-now-lower-fina/
Barack Obama,"January 20, 2015","""Since 2010, America has put more people back to work than Europe, Japan, and all advanced economies combined.""",half-true,his 2015 State of the Union address,National; Economy,Lauren Carroll,"January 21, 2015",https://www.politifact.com/factchecks/2015/jan/21/barack-obama/obama-obama-2010-us-has-created-more-jobs-all-adva/
Barack Obama,"January 7, 2015","Over the past five years, the American automobile industry has ""created about 500,000 new jobs.""",true,speech,National; Economy; Jobs,Louis Jacobson,"January 20, 2015",https://www.politifact.com/factchecks/2015/jan/20/barack-obama/barack-obama-says-us-auto-industry-has-created-abo/
Barack Obama,"January 9, 2015","""Factories are opening their doors at the fastest pace in almost two decades.""",mostly-true,remarks,National; Economy,Lauren Carroll,"January 20, 2015",https://www.politifact.com/factchecks/2015/jan/20/barack-obama/obama-more-factories-opening-today-two-decades-ago/
Kevin Flynn,"November 25, 2014","""There’s nothing in the [RhodeMap RI] plan that takes away local government control and local zoning control.""",half-true,website story,Rhode Island; City Government; Economy; Government Regulation; Regulation; States,Katie Mulvaney,"January 16, 2015",https://www.politifact.com/factchecks/2015/jan/16/kevin-flynn/ri-planner-kevin-flynn-nothing-rhodemap-ri-plan-ta/
Nathan Deal,"January 14, 2015","""Georgia is now the eighth most populous state in the nation, moving from the number 10 position in just four years.""",mostly-true,governor's State of the State address,Georgia; Census; Economy,April Hunt,"January 16, 2015",https://www.politifact.com/factchecks/2015/jan/16/nathan-deal/little-numbers-right-point/
Bob Buckhorn,"January 15, 2015","Tampa Bay is ""leading the state in jobs creation.""",mostly-false,campaign ad,Economy; Jobs; Florida,Richard Danielson,"January 15, 2015",https://www.politifact.com/factchecks/2015/jan/15/bob-buckhorn/tampa-bay-area-leads-florida-job-creation-buckhorn/
Gwen Moore,"January 7, 2015","Says Mitch McConnell credits Republicans ""for recent economic improvements"" even though they took control of the Senate only ""days ago.""",mostly-true,tweet,Congress; Economy; Elections; Jobs; Wisconsin,Tom Kertscher,"January 14, 2015",https://www.politifact.com/factchecks/2015/jan/14/gwen-moore/us-rep-gwen-moore-ridicules-mitch-mcconnell-credit/
Mark Drewniak,"January 6, 2015",Mercedes said high taxes and the cost of doing business in New Jersey worked to Georgia’s advantage in landing the company's USA corporate headquarters.,true,a press interview,Georgia; Economy; Jobs,Nancy Badertscher,"January 14, 2015",https://www.politifact.com/factchecks/2015/jan/14/mark-drewniak/new-jerseys-taxes-cost-living-paid-georgia/
Elizabeth Warren,"January 7, 2015","""The average family not in the top 10 percent makes less money today than they were making a generation ago.""",mostly-true,speech at the AFL-CIO National Summit on Raising Wages,National; Economy; Income; Jobs; Labor,Lauren Carroll,"January 13, 2015",https://www.politifact.com/factchecks/2015/jan/13/elizabeth-warren/warren-average-family-bottom-90-percent-made-more-/
Peter Feigin,"January 6, 2015","The Milwaukee Bucks are ""actually younger than the Marquette team.""",false,speech,Economy; Education; Recreation; Sports; Wisconsin,James B. Nelson,"January 9, 2015",https://www.politifact.com/factchecks/2015/jan/09/peter-feigin/milwaukees-nba-team-younger-its-leading-college-ba/
Georgia Farm Bureau,"January 8, 2015","Agriculture contributes $71 billion to Georgia’s economy annually, making it the state’s largest industry.",mostly-true,statement on the Georgia Farm Bureau website,Georgia; Agriculture; Economy; State Budget,April Hunt,"January 9, 2015",https://www.politifact.com/factchecks/2015/jan/09/georgia-farm-bureau/71-billion-question-what-value-or-impact-agricultu/
Mitch McConnell,"January 7, 2015","A recent economic uptick appears to ""coincide"" with ""the expectation of a new Republican Congress.""",false,Senate floor speech,National; Economy; Jobs,Louis Jacobson,"January 8, 2015",https://www.politifact.com/factchecks/2015/jan/08/mitch-mcconnell/mitch-mcconnell-says-economic-uptick-coincides-exp/
Marco Rubio,,"""The reason why Cubans don't have access to 21st century telecommunications — like smart phones, like access to the Internet — is because it is illegal in Cuba.""",mostly-true,,National; Economy; Foreign Policy; Technology,Lauren Carroll,"December 19, 2014",https://www.politifact.com/factchecks/2014/dec/19/marco-rubio/marco-rubio-says-castros-not-embargo-reason-cubans/
Facebook posts,"December 5, 2014","""When (Barack Obama) took office, 2.3 million people were out of work. Five-plus years later, we have 5 million-plus out of work.""",pants-fire,meme on social media,National; Economy; Jobs,Louis Jacobson,"December 9, 2014",https://www.politifact.com/factchecks/2014/dec/09/facebook-posts/social-media-meme-says-number-unemployed-has-risen/
Gwen Moore,"November 11, 2014","""We've had the lowest health care inflation in history because of Obamacare.""",mostly-false,radio interview,Economy; Health Care; Medicaid; Medicare; Wisconsin,Tom Kertscher,"December 5, 2014",https://www.politifact.com/factchecks/2014/dec/05/gwen-moore/gwen-moore-says-obamacare-created-lowest-ever-infl/
Peter Morici,"December 7, 2014","Immigrants ""have captured all of the nearly 9 million jobs created since 2000.""",mostly-false,op-ed,Immigration; Economy; Jobs; PunditFact,Jon Greenberg,"December 2, 2014",https://www.politifact.com/factchecks/2014/dec/02/peter-morici/economist-immigrants-have-taken-all-new-jobs-creat/
Chuck Todd,"November 9, 2014",Wisconsin is below the national average in wage growth and job growth.,true,interview,Economy; Income; Jobs; Workers; Wisconsin,Tom Kertscher,"November 28, 2014",https://www.politifact.com/factchecks/2014/nov/28/chuck-todd/under-scott-walker-wisconsin-lags-us-wage-job-grow/
Jorge Elorza,"November 9, 2014","""Our median income here in Providence is the same as the median income in Mississippi.""",mostly-true,TV interview,Rhode Island; Economy; Income; Poverty,Katie Mulvaney,"November 27, 2014",https://www.politifact.com/factchecks/2014/nov/27/jorge-elorza/mayor-elect-jorge-elorza-says-providence-has-same-/
Anne Nolan,"November 12, 2014","""In Rhode Island, a recent study showed that among a group of people who had been homeless for a year or more, Medicaid costs averaged about $60,000 per person.""",false,Journal commentary,Rhode Island; Children; Economy; Families; Federal Budget; Health Care; Housing; Human Rights; Income; Medicaid; Poverty; Public Health; State Budget; Taxes; Urban; Veterans; Welfare; Women,C. Eugene Emery Jr.,"November 23, 2014",https://www.politifact.com/factchecks/2014/nov/23/anne-nolan/crossroads-head-anne-nolan-says-long-term-homeless/
Barack Obama,"November 16, 2014","""Over the last few years, we’ve put more people back to work than all the other advanced economies combined.""",half-true,press conference after the G20 summit,National; Economy; Jobs; Labor; Workers,Lauren Carroll,"November 18, 2014",https://www.politifact.com/factchecks/2014/nov/18/barack-obama/obama-us-has-put-more-people-back-work-all-other-a/
Bob Seger,"October 12, 2014","The proposed mine in northern Wisconsin would be built without any government oversight, and will be nine miles long.",false,interview,Environment; Economy; Jobs; Wisconsin,James B. Nelson,"November 10, 2014",https://www.politifact.com/factchecks/2014/nov/10/bob-seger/rock-singer-bob-seger-says-gogebic-mine-would-be-b/
Greta Van Susteren,"November 9, 2014","New Jersey has had ""seven credit downgrades"" since Chris Christie became governor.",mostly-true,"comments on ABC's ""This Week""",Economy; State Budget; States; PunditFact,Katie Sanders,"November 9, 2014",https://www.politifact.com/factchecks/2014/nov/09/greta-van-susteren/claim-new-jersey-has-had-7-credit-downgrades-chris/
Bill Clinton,"October 24, 2014","""One-hundred times as many people worked their way from poverty into the American middle class"" during his presidency compared to Ronald Reagan's presidency.",mostly-false,speech,Economy; Jobs; Poverty; Workers; Wisconsin,Tom Kertscher,"November 7, 2014",https://www.politifact.com/factchecks/2014/nov/07/bill-clinton/did-100-times-more-people-ascend-middle-class-unde/
Jeb Bush,"October 27, 2014","""Among the developed nations, we are the least economically and socially mobile country in the world.""",true,fundraising letter,Economy; Income; Labor; Florida,Joshua Gillin,"November 6, 2014",https://www.politifact.com/factchecks/2014/nov/06/jeb-bush/us-workers-least-mobile-developed-world-jeb-bush/
Ben Cardin,"November 2, 2014","""Every time we've increased the minimum wage, we've seen a growth in jobs.""",mostly-false,"interview on ""Fox News Sunday""",National; Economy; Income; Jobs; Labor; Small Business; Workers,Lauren Carroll,"November 6, 2014",https://www.politifact.com/factchecks/2014/nov/06/ben-cardin/does-raising-minimum-wage-result-job-growth/
David Cicilline,"October 26, 2014","""We have the third-lowest minimum wage … of developed countries.""",true,TV debate,Rhode Island; Debates; Economy; Income; Jobs; Labor; Workers,Alex Kuffner,"November 1, 2014",https://www.politifact.com/factchecks/2014/nov/01/david-cicilline/david-cicilline-says-us-has-third-lowest-minimum-w/
Dennis Richardson,"October 10, 2014","""Women and men both are making less when you adjust for inflation than when"" John Kitzhaber was first elected governor.",false,campaign debate,Oregon; Economy; Income,Dana Tims,"October 30, 2014",https://www.politifact.com/factchecks/2014/oct/30/dennis-richardson/are-oregonians-earning-less-now-when-john-kitzhabe/
Scott Walker,"October 22, 2014","Says his promise of 250,000 new private sector jobs was a ""big goal.""",mostly-true,campaign TV ad,Economy; Jobs; Wisconsin,Dave Umhoefer,"October 30, 2014",https://www.politifact.com/factchecks/2014/oct/30/scott-walker/scott-walker-says-his-250000-jobs-promise-was-big-/
Gina Raimondo,"October 7, 2014","""I fought 38 Studios from the beginning.""",mostly-false,television commercial,Rhode Island; Candidate Biography; Debates; Economy; History; Message Machine 2014; State Budget,C. Eugene Emery Jr.,"October 30, 2014",https://www.politifact.com/factchecks/2014/oct/30/gina-raimondo/gina-raimondo-says-she-battled-against-ill-fated-3/
Greater Wisconsin Committee,"October 27, 2014","""Scott Walker opposed a plan to help Wisconsin students refinance their student loans.""",false,TV ad,Debt; Economy; Education; Financial Regulation; Wisconsin,Tom Kertscher,"October 29, 2014",https://www.politifact.com/factchecks/2014/oct/29/greater-wisconsin-political-fund/did-scott-walker-oppose-proposal-refinancing-stude/
Ernest Almonte,"October 19, 2014","Seth Magaziner ""plans to spend billions more of your money.""",false,television commercial,Rhode Island; Debt; Deficit; Economy; Education; Jobs; Message Machine 2014; Negative Campaigning; Pensions; Small Business; State Budget; Unions; Taxes,C. Eugene Emery Jr.,"October 29, 2014",https://www.politifact.com/factchecks/2014/oct/29/ernest-almonte/ernest-almonte-claims-seth-magaziner-treasurer-pla/
Mary Burke,"October 24, 2014","Says Scott Walker ""gave $6 million in tax breaks to a corporation and told them that they can keep that money even if they lay off half their workforce.""",half-true,speech,Wisconsin; Economy; Infrastructure; Jobs; State Budget; Taxes; Workers,Tom Kertscher,"October 28, 2014",https://www.politifact.com/factchecks/2014/oct/28/mary-burke/mary-burke-says-scott-walker-deal-lets-company-kee/
Ernest Almonte,"October 5, 2014","""I was speaking out on pension reform almost 17 years ago.""",mostly-true,"interview on WLNE's ""On the Record""",Rhode Island; Candidate Biography; Debt; Deficit; Economy; Government Regulation; History; Labor; Pensions; Retirement; State Budget; Taxes; Unions; Wealth; Workers,C. Eugene Emery Jr.,"October 20, 2014",https://www.politifact.com/factchecks/2014/oct/20/ernest-almonte/treasurer-candidate-ernest-almonte-says-he-was-spe/
Mary Burke,"October 10, 2014","Under Scott Walker’s policies, ""the typical Wisconsin family has actually seen their real income drop by nearly $3,000 in the last four years.""",mostly-false,debate,Economy; Workers; Wisconsin,Dave Umhoefer,"October 17, 2014",https://www.politifact.com/factchecks/2014/oct/17/mary-burke/mary-burke-says-walker-fault-nearly-3000-drop-inco/
Scott Walker,"September 20, 2014","""More than 70,000"" job openings are listed on a state jobs website.",mostly-true,remarks during a campaign stop,Economy; Jobs; Workers; Wisconsin,Tom Kertscher,"October 17, 2014",https://www.politifact.com/factchecks/2014/oct/17/scott-walker/plenty-jobs-people-wisconsin-who-want-work-scott-w/
Rick Scott,"October 15, 2014","""3,000 teachers lost their jobs when (Crist) was governor.""",mostly-false,debate at Broward College,Economy; Education; Stimulus; Florida,Lauren Carroll,"October 16, 2014",https://www.politifact.com/factchecks/2014/oct/16/rick-scott/scott-says-3000-teachers-lost-jobs-under-crist/
Joni Ernst,"October 11, 2014","""Iowa has the fourth fastest-growing personal income in the United States, while nationally, the real wage has decreased over the past eight years that Congressman (Bruce) Braley has been there by 2.7 percent.""",mostly-false,debate,National; Economy; Workers,Louis Jacobson,"October 15, 2014",https://www.politifact.com/factchecks/2014/oct/15/joni-ernst/joni-ernst-praises-iowa-economy-compares-it-weak-u/
Charlie Crist,"October 14, 2014","Says Rick Scott changed his promise from 700,000 jobs created ""on top of what normal growth would be"" to just 700,000 jobs.",true,campaign ad,Economy; Jobs; Florida,Angie Drobnic Holan,"October 14, 2014",https://www.politifact.com/factchecks/2014/oct/14/charlie-crist/rick-scott-changed-terms-his-promise-create-700000/
American LeadHERship PAC,"October 8, 2014","""As mayor, [Allan Fung] raised taxes three times.""",mostly-true,TV commercial,Rhode Island; City Budget; Debt; Economy; History; Labor; Pensions; Retirement; Workers; Taxes,C. Eugene Emery Jr.,"October 14, 2014",https://www.politifact.com/factchecks/2014/oct/14/american-leadhership-pac/american-leadhership-ad-ignores-three-years-allan-/
Michelle Obama,"October 7, 2014","""The unemployment rate for young people is down from a 10.6 percent high in 2009 to 2.6 percent today.""",false,speech,Economy; Jobs; Workers; Wisconsin,Tom Kertscher,"October 12, 2014",https://www.politifact.com/factchecks/2014/oct/12/michelle-obama/unemployment-young-people-down-26-michelle-obama-s/
Allan Fung,"September 29, 2014","In the 38 Studios deal, ""Wall Street investors took a risk, and went bust.""",false,TV commercial,Bankruptcy; Rhode Island; Debt; Economy; History; Message Machine 2014; Negative Campaigning; State Budget; Taxes,C. Eugene Emery Jr.,"October 12, 2014",https://www.politifact.com/factchecks/2014/oct/12/allan-fung/allan-fung-claims-wall-street-investors-went-bust-/
Rick Scott,"October 10, 2014","""The CBO says if we raise the minimum wage the way Charlie (Crist) wants to do it, it would lose 500,000 jobs.""",half-true,gubernatorial debate,Economy; Jobs; Workers; Florida,Katie Sanders,"October 10, 2014",https://www.politifact.com/factchecks/2014/oct/10/rick-scott/would-raising-minimum-wage-cost-500000-jobs/
Charlie Crist,"October 10, 2014","If Florida had not taken the stimulus, it ""would have led to the firing of 20,000 teachers.""",mostly-true,gubernatorial debate,Economy; Education; Stimulus; Florida,Amy Sherman,"October 10, 2014",https://www.politifact.com/factchecks/2014/oct/10/charlie-crist/charlie-crist-says-debate-stimulus-saved-20000-tea/
Rick Scott,"October 10, 2014","""832,000 people lost their job while (Charlie Crist was) governor.""",half-true,gubernatorial debate,Economy; Jobs; Florida,Joshua Gillin,"October 10, 2014",https://www.politifact.com/factchecks/2014/oct/10/rick-scott/rick-scott-blames-charle-crist-832000-job-losses/
Barack Obama,"October 3, 2014","""The states that have raised the minimum wage (this year) have had faster job growth than the states that haven’t raised the minimum wage.""",half-true,speech,National; Economy; States; Workers,Louis Jacobson,"October 9, 2014",https://www.politifact.com/factchecks/2014/oct/09/barack-obama/barack-obama-says-states-raised-minimum-wages-have/
Thom Tillis,"October 7, 2014","In North Carolina, ""now we're near the national average"" for unemployment.",half-true,debate,National; Economy; States; Workers,Louis Jacobson,"October 8, 2014",https://www.politifact.com/factchecks/2014/oct/08/thom-tillis/thom-tillis-says-north-carolina-near-national-aver/
Nathan Deal,"September 15, 2014",The state’s overall revenues only returned this year to 2007 levels.,true,candidate forum,Georgia; Economy; State Budget,Nancy Badertscher,"October 8, 2014",https://www.politifact.com/factchecks/2014/oct/08/nathan-deal/deal-correct-revenue-recovery-was-long-time-coming/
Thom Tillis,"October 7, 2014","By voting for Obamacare, Sen. Kay Hagan ""voted to kill the equivalent of 2.5 million jobs.""",mostly-false,debate,National; Economy; Health Care; Workers,Louis Jacobson,"October 8, 2014",https://www.politifact.com/factchecks/2014/oct/08/thom-tillis/thom-tillis-says-kay-hagan-voted-kill-equivalent-2/
Barack Obama,"October 2, 2014","""When I took office, the deficit was nearly 10 percent of our economy. Today, it's approaching 3 percent.""",half-true,speech at Northwestern University,National; Deficit; Economy; Federal Budget,Louis Jacobson,"October 6, 2014",https://www.politifact.com/factchecks/2014/oct/06/barack-obama/barack-obama-says-deficit-fell-10-percent-gdp-3-pe/
Jorge Elorza,"September 30, 2014","""We have a retiree that is collecting a $17,000 paycheck a month . . . tax free.""",true,Providence Journal-WPRI debate,Rhode Island; Debates; Debt; Deficit; Disability; Economy; History; Labor; Legal Issues; Pensions; Public Safety; Retirement; Unions; Workers,C. Eugene Emery Jr.,"October 5, 2014",https://www.politifact.com/factchecks/2014/oct/05/jorge-elorza/jorge-elorza-says-providence-paying-17000-month-ta/
Republican Governors Association,"September 23, 2014","Mary ""Burke’s record: 130,000 fewer jobs.""",false,campaign TV ad,Economy; Jobs; Wisconsin,Dave Umhoefer,"October 3, 2014",https://www.politifact.com/factchecks/2014/oct/03/republican-governors-association/republican-ad-blames-mary-burke-loss-130000-jobs/
Mary Burke,"September 22, 2014","Under Scott Walker, ""right now, we’re 46th in the country in terms of new businesses started.""",mostly-true,interview,Economy; Jobs; Small Business; Wisconsin,Tom Kertscher,"September 29, 2014",https://www.politifact.com/factchecks/2014/sep/29/mary-burke/wisconsin-under-scott-walker-near-bottom-new-busin/
"Vincent ""Buddy"" Cianci","September 21, 2014","""In 2001 and '02 . . . we had the pension system funded at (the) 100% level in that year, and we did for two years at that point.""",false,"interview on WPRI-TV's ""Newsmakers.""",Rhode Island; Debt; Deficit; Economy; History; Labor; Legal Issues; Pensions; Unions; Workers,C. Eugene Emery Jr.,"September 28, 2014",https://www.politifact.com/factchecks/2014/sep/28/vincent-buddy-cianci/buddy-cianci-says-2001-and-02-when-he-was-providen/
Facebook posts,"September 26, 2014","Countries with a higher minimum wage than the United States’ $7.25 an hour include Denmark at $21, Australia at $15.81, Germany at $11 and France at $12.35.",half-true,Facebook meme,National; Economy; Workers,Louis Jacobson,"September 26, 2014",https://www.politifact.com/factchecks/2014/sep/26/facebook-posts/do-other-countries-have-higher-minimum-wage-united/
Catherine Taylor,"September 7, 2014","""Every time [the people from Newport Tent] work in a city or town they have a whole different set of permits that they have to get in order to pitch a tent.""",true,TV interview,Rhode Island; Economy; Government Regulation; Regulation; Small Business,Alex Kuffner,"September 25, 2014",https://www.politifact.com/factchecks/2014/sep/25/catherine-taylor/catherine-taylor-says-plethora-rules-tent-permits-/
Mary Burke,"September 10, 2014","Says Scott Walker's jobs agency gives financial incentives that lead ""Wisconsin companies to look at shipping jobs elsewhere. ... A company got $4.6 million in taxpayer money and actually reduced its jobs by 300 people.""",mostly-false,interview,Economy; Jobs; State Budget; Workers; Taxes; Wisconsin,Tom Kertscher,"September 19, 2014",https://www.politifact.com/factchecks/2014/sep/19/mary-burke/scott-walkers-jobs-agency-gives-incentives-lead-lo/
Scott Walker,"September 14, 2014","Since I took office, ""Wisconsin ranks 11th in the nation in total business establishment growth compared to 47th in the years Mary Burke was Commerce secretary.""",true,campaign news release,Economy; Small Business; Wisconsin,Dave Umhoefer,"September 17, 2014",https://www.politifact.com/factchecks/2014/sep/17/scott-walker/scott-walker-says-wisconsin-11th-business-establis/
Senate Majority PAC,"September 15, 2014","""New Hampshire has lost more jobs to China than any other state.""",half-true,campaign ad,New Hampshire; Economy,Louis Jacobson,"September 16, 2014",https://www.politifact.com/factchecks/2014/sep/16/senate-majority-pac/ad-targeting-scott-brown-says-new-hampshire-has-lo/
Rand Paul,"September 11, 2014","""Income inequality is worse in towns run by Democrat mayors than in towns run by Republican mayors.""",half-true,interview with NPR,National; City Government; Economy; Income,Louis Jacobson,"September 16, 2014",https://www.politifact.com/factchecks/2014/sep/16/rand-paul/rand-paul-says-income-inequality-worse-cities-demo/
Connie Stokes,"August 27, 2014","Women still do not get paid as much as men, even ""for the same work, period.""",half-true,fundraising email,Georgia; Economy; Women,April Hunt,"September 15, 2014",https://www.politifact.com/factchecks/2014/sep/15/connie-stokes/stokes-broadly-right-gender-pay-claim/
"Vincent ""Buddy"" Cianci","September 10, 2014","Jorge Elorza ""wants to impose a municipal income tax.""",false,radio interview,Rhode Island; City Budget; Deficit; Economy; Taxes,C. Eugene Emery Jr.,"September 12, 2014",https://www.politifact.com/factchecks/2014/sep/12/vincent-buddy-cianci/buddy-cianci-says-jorge-elorza-wants-impose-munici/
Barack Obama,"September 1, 2014","""We cut our deficits by more than half.""",true,speech,Deficit; Economy; Federal Budget; Wisconsin,Dave Umhoefer,"September 5, 2014",https://www.politifact.com/factchecks/2014/sep/05/barack-obama/obama-says-he-has-cut-national-deficit-half/
Greater Wisconsin Committee,"August 20, 2014","""Scott Walker gave Wisconsin job creation money to his cronies: corporate friends who contributed to his campaigns"" and got $570 million in job-development incentives",false,campaign TV ad,Campaign Finance; Economy; Elections; Wisconsin,Dave Umhoefer,"September 3, 2014",https://www.politifact.com/factchecks/2014/sep/03/greater-wisconsin-political-fund/greater-wisconsin-committee-says-walker-gave-570-m/
Larry Elder,"August 20, 2014","""If black America were a country, it’d be the 15th wealthiest nation in the world.""",false,comments on CNN,Corrections and Updates; Economy; Poverty; PunditFact,Derek Tsang,"September 2, 2014",https://www.politifact.com/factchecks/2014/sep/02/larry-elder/larry-elder-if-black-america-were-country-itd-be-1/
Mary Burke,"July 18, 2014","""Wisconsin’s dead last in Midwest job growth.""",true,campaign TV ad,Economy; Jobs; Message Machine 2014; Wisconsin,James B. Nelson,"August 31, 2014",https://www.politifact.com/factchecks/2014/aug/31/mary-burke/mary-burke-says-wisconsin-ranks-last-midwest-job-g/
Gina Raimondo,"August 26, 2014","""The pension fund in the city of Providence is only 30 percent funded, about the same level as when he [Taveras] took office.""",mostly-true,debate,Rhode Island; Debates; Debt; Deficit; Economy; Negative Campaigning; Pensions; Unions; Workers,C. Eugene Emery Jr.,"August 31, 2014",https://www.politifact.com/factchecks/2014/aug/31/gina-raimondo/gina-raimondo-says-providences-pension-fund-has-re/
Bloggers,"August 14, 2014","Wisconsin is ""dead last in income growth"" among midwestern states during Gov. Scott Walker’s term.",true,various blogs and Internet comments,Economy; Income; Workers; Wisconsin,Dave Umhoefer,"August 28, 2014",https://www.politifact.com/factchecks/2014/aug/28/blog-posting/bloggers-say-wisconsin-ranks-last-income-growth-/
Clay Pell,"August 26, 2014","""My campaign alone has created more jobs in the state of Rhode Island than Narragansett Beer.""",mostly-true,TV debate,Alcohol; Rhode Island; Debates; Economy; Jobs,Karen Lee  Ziner,"August 28, 2014",https://www.politifact.com/factchecks/2014/aug/28/clay-pell/clay-pell-says-his-campaign-has-created-more-ri-jo/
Herman Cain,"August 11, 2014","""Over the last 40 years, real wage growth has been flatlined because of the policies of the Federal Reserve ... It was all driven by the Federal Reserve.""",mostly-false,comments on Fox News Business,Economy; Workers; PunditFact,Linda Qiu,"August 26, 2014",https://www.politifact.com/factchecks/2014/aug/26/herman-cain/herman-cain-says-wages-flat-thanks-federal-reserve/
Gina Raimondo,"August 7, 2014","""Before I was state treasurer, my Rhode Island business helped create over 1,000 jobs.""",true,campaign ad,Rhode Island; Candidate Biography; Economy; Jobs; Message Machine 2014,Karen Lee  Ziner,"August 21, 2014",https://www.politifact.com/factchecks/2014/aug/21/gina-raimondo/gina-raimondo-says-her-former-company-helped-creat/
Freedom Partners,"August 6, 2014","Sen. Jeff Merkley ""voted six times for more debt.""",false,television ad,Oregon; Congress; Debt; Economy,Dana Tims,"August 15, 2014",https://www.politifact.com/factchecks/2014/aug/15/freedom-partners/did-sen-jeff-merkley-vote-six-times-more-debt/
Gary Lambert,"August 11, 2014","Says Marilinda Garcia supports ""$150 billion in new taxes.""",pants-fire,campaign mailer,New Hampshire; Economy; Taxes,Jim Haddadin,"August 15, 2014",https://www.politifact.com/factchecks/2014/aug/15/gary-lambert/gop-challenger-gary-lambert-says-rival-marilinda-g/
Scott Walker,"July 30, 2014","""Wisconsin is #1 in the Midwest for personal income growth over the year.""",true,tweet,Economy; Income; Jobs; Wisconsin,Dave Umhoefer,"August 14, 2014",https://www.politifact.com/factchecks/2014/aug/14/scott-walker/scott-walker-says-wisconsin-tops-its-neighbors-inc/
Cormick Lynch,"August 3, 2014","The cost of ""college education has gone up 1,200 percent since 1978.""",half-true,debate on WPRI's Newsmakers,Rhode Island; Children; Debt; Economy; Education,C. Eugene Emery Jr.,"August 10, 2014",https://www.politifact.com/factchecks/2014/aug/10/cormick-lynch/ri-congressional-candidate-cormick-lynch-says-educ/
D’Banj,"August 3, 2014","""The music industry is the biggest export from Africa after oil and gas.""",false,"comments on ABC's ""This Week""",Ebola; Economy; Foreign Policy; Pop Culture; PunditFact,Linda Qiu,"August 7, 2014",https://www.politifact.com/factchecks/2014/aug/07/dbanj/nigerias-bono-claims-music-one-africas-biggest-exp/
Rand Paul,"August 5, 2014","""It cost us more to shut the government down than to keep it open.""",true,speech,National; Congress; Deficit; Economy; Federal Budget,Lauren Carroll,"August 7, 2014",https://www.politifact.com/factchecks/2014/aug/07/rand-paul/rand-paul-rightly-says-government-shutdown-was-mor/
Dennis Richardson,"July 18, 2014","""It's been 17 years that we've had unemployment higher than the national average in Oregon.""",true,campaign debate,Oregon; Economy; Jobs,Dana Tims,"August 4, 2014",https://www.politifact.com/factchecks/2014/aug/04/dennis-richardson/has-oregons-unemployment-rate-been-above-national-/
Seth Magaziner,"July 13, 2014","Rhode Island's state pension system ""underperformed the median three out of the four years that Mr. [Frank] Caprio was in office.""",mostly-true,debate on WPRI-TV,Rhode Island; Candidate Biography; Economy; Pensions; Retirement; Workers,C. Eugene Emery Jr.,"August 3, 2014",https://www.politifact.com/factchecks/2014/aug/03/seth-magaziner/seth-magaziner-says-state-pension-investments-earn/
George Will,"July 27, 2014","Oregon’s ""three largest employers, and 13 of the top 25, are health care providers.""",false,syndicated column,Oregon; Economy; Health Care,Dana Tims,"July 31, 2014",https://www.politifact.com/factchecks/2014/jul/31/george-will/are-oregons-three-largest-employers-and-13-top-25-/
Rob Astorino,"July 25, 2014","The state of New York is the ""worst in the nation in economic recovery.""",false,"interview on ""Fox & Friends""",National; Economy; Jobs; States,Louis Jacobson,"July 28, 2014",https://www.politifact.com/factchecks/2014/jul/28/rob-astorino/rob-astorino-gop-challenger-andrew-cuomo-says-ny-h/
Lindsey Graham,"July 27, 2014","Russia ""has an economy the size of Italy.""",mostly-true,"comments on CNN's ""State of the Union""",National; Economy; Foreign Policy,Lauren Carroll,"July 27, 2014",https://www.politifact.com/factchecks/2014/jul/27/lindsey-graham/graham-russia-has-economy-size-italy/
John  Kitzhaber,"July 18, 2014","Oregon ""is the most trade-dependent state in the nation""",false,campaign debate,Oregon; Economy; Trade,Bill Adair,"July 25, 2014",https://www.politifact.com/factchecks/2014/jul/25/john-kitzhaber/oregon-most-trade-dependent-state-nation/
Barack Obama,"July 17, 2014","""We've recovered (from the recession) faster and come farther than almost any other advanced country on Earth.""",mostly-true,speech,National; Economy,Lauren Carroll,"July 23, 2014",https://www.politifact.com/factchecks/2014/jul/23/barack-obama/obama-us-has-recovered-recession-better-almost-eve/
Nan Rich,"July 11, 2014","""Tourism and retirees are the dominant economic engines in our state.""",mostly-true,speech to the Florida Press Association,Economy; Retirement; Tourism; Florida,Amy Sherman,"July 23, 2014",https://www.politifact.com/factchecks/2014/jul/23/nan-rich/nan-rich-says-tourism-and-retirees-dominate-florid/
Fresh Start PA,"July 15, 2014","Under Gov. Tom Corbett, ""Pennsylvania ranks 49th in job creation.""",mostly-true,campaign ad,National; Economy; Jobs; States,Louis Jacobson,"July 22, 2014",https://www.politifact.com/factchecks/2014/jul/22/fresh-start-pa/democratic-group-says-pennsylvania-49th-job-creati/
Hillary Clinton,"July 17, 2014","The number of jobs created and people lifted out of poverty during Bill Clinton’s presidency was ""a hundred times"" what it was under President Ronald Reagan.",false,"interview on PBS' ""The Charlie Rose Show""",National; Economy; History; Jobs; Poverty,Louis Jacobson,"July 21, 2014",https://www.politifact.com/factchecks/2014/jul/21/hillary-clinton/hillary-clinton-says-economic-stats-were-100-times/
Facebook posts,"July 18, 2014","Says former Federal Reserve Chairman Alan Greenspan said that ""if the workers are more insecure, that's very healthy for the society"" because ""they'll serve the masters gladly and passively.""",pants-fire,meme on social media,National; Economy; Labor; Workers,Louis Jacobson,"July 21, 2014",https://www.politifact.com/factchecks/2014/jul/21/facebook-posts/social-media-meme-says-alan-greenspan-said-insecur/
Republican Party of Florida,"July 8, 2014","Says Charlie Crist ""voted against raising the minimum wage.""",half-true,campaign commercial,Economy; Jobs; Florida,Joshua Gillin,"July 17, 2014",https://www.politifact.com/factchecks/2014/jul/17/republican-party-florida/charlie-crist-voted-against-minimum-wage-hike-flor/
Jack Kingston,"July 1, 2014","""Perdue mismanaged Pillowtex, and nearly 8,000 people got laid off.""",mostly-false,ad,Georgia; Economy,April Hunt,"July 16, 2014",https://www.politifact.com/factchecks/2014/jul/16/jack-kingston/pillowtex-accusations-overstate-point/
John DePetro,"July 7, 2014","""Although the governor doubled the beach fees . . . all the money, as we found out, is all going to an out-of-state company. The state isn't even getting the money for that.""",pants-fire,talk radio comment,Environment; Rhode Island; Economy; History; Pundits; Recreation; State Budget; Tourism,C. Eugene Emery Jr.,"July 14, 2014",https://www.politifact.com/factchecks/2014/jul/14/john-depetro/john-depetro-says-all-revenue-governors-beach-fee-/
Monica Wehby,"July 9, 2014","The 2011 Rebuild America Jobs Act ""would have cost the average American family $1,000 a year while making no significant impact to fix our infrastructure and roads.""",false,economic issues statement,Oregon; Economy; Jobs,Dana Tims,"July 11, 2014",https://www.politifact.com/factchecks/2014/jul/11/monica-wehby/would-rebuild-america-jobs-act-have-cost-average-a/
Jeff Merkley,"July 9, 2014","""I co-sponsored the Rebuild America Jobs Act"" for transportation and infrastructure.",false,economic issues statement,Oregon; Economy; Jobs,Dana Tims,"July 11, 2014",https://www.politifact.com/factchecks/2014/jul/11/jeff-merkley/did-us-sen-jeff-merkley-co-sponsor-rebuild-america/
Allan Fung,"June 26, 2014","Cranston's 2014-2015 ""budget funds 100 percent of the local police and fire pension and other retiree benefit costs.""",mostly-true,letter to taxpayers,Rhode Island; Economy; Income; Labor; Pensions; Unions; Workers; Taxes,C. Eugene Emery Jr.,"July 9, 2014",https://www.politifact.com/factchecks/2014/jul/09/allan-fung/does-mayor-allan-fungs-budget-cranston-cover-all-r/
Joe Zepecki,"June 23, 2014",The Wisconsin unemployment rate was higher than the U.S. rate during only three months when Mary Burke was state commerce secretary.,false,interview,Candidate Biography; Economy; Jobs; States; Wisconsin,Tom Kertscher,"July 6, 2014",https://www.politifact.com/factchecks/2014/jul/06/joe-zepecki/wisconsin-unemployment-rarely-above-us-when-mary-b/
John  Kitzhaber,"May 15, 2014","""Since the governor took office, Oregon’s unemployment rate has dropped to its lowest point in three years.""",half-true,website statement,Oregon; Economy; Jobs,Dana Tims,"July 2, 2014",https://www.politifact.com/factchecks/2014/jul/02/john-kitzhaber/under-gov-kitzhaber-has-oregons-unemployment-rate-/
Vicky Hartzler,"June 24, 2014","The Export-Import Bank ""doesn’t cost taxpayers anything.""",half-true,"""Roll Call"" interview",National; Congress; Corporations; Deficit; Economy; Federal Budget; Financial Regulation; Foreign Policy; Taxes,Lauren Carroll,"June 30, 2014",https://www.politifact.com/factchecks/2014/jun/30/vicky-hartzler/rep-hartzler-says-export-import-bank-free-taxpayer/
John Boehner,"June 25, 2014","""The nearly six-year delay in approving Keystone is costing Americans more than 100,000 jobs.""",false,"op-ed for ""USA Today""",National; Climate Change; Economy; Energy; Jobs,Steve Contorno,"June 26, 2014",https://www.politifact.com/factchecks/2014/jun/26/john-boehner/john-boehner-says-keystone-xl-pipeline-would-creat/
Rick Scott,"June 23, 2014","""Under Governor Crist, 3,000 teachers laid off.""",mostly-false,TV ad,Economy; Education; Jobs; Stimulus; Florida,Amy Sherman,"June 26, 2014",https://www.politifact.com/factchecks/2014/jun/26/rick-scott/scott-ad-blames-crist-3000-teachers-laid/
Georgia Restaurant Association,"June 25, 2014","The wages of about 60,562 state and local government employees would be affected if the minimum wage is increased to $10.10 in Georgia, for a combined cost to taxpayers of more than $164 million annually.",half-true,a study,Georgia; Economy,Nancy Badertscher,"June 25, 2014",https://www.politifact.com/factchecks/2014/jun/25/georgia-restaurant-association-georgia/benefits-minimum-wage-increase-debated/
Jack Reed,"May 1, 2014","The Senate proposal to restore emergency unemployment benefits for five months was ""fully paid for.""",mostly-false,Senate floor speeches and during a news conference,Rhode Island; Congress; Debt; Deficit; Economy; Federal Budget; Income; Jobs; Labor; Workers; Taxes,C. Eugene Emery Jr.,"June 22, 2014",https://www.politifact.com/factchecks/2014/jun/22/jack-reed/us-sen-jack-reed-says-proposal-restore-emergency-u/
Erin Lynch,"June 11, 2014","""The average age of the minimum wage worker is 35 years old.""",mostly-false,speech on the floor of the Rhode Island Senate,Rhode Island; Corporations; Economy; Income; Labor; Government Regulation; Poverty; States; Wealth; Workers,C. Eugene Emery Jr.,"June 20, 2014",https://www.politifact.com/factchecks/2014/jun/20/erin-lynch/sen-erin-lynch-says-35-average-age-people-earning-/
EMILY's List,"June 16, 2014","""Thom Tillis cut almost $500 million from education.""",half-true,television ad,National; Children; Congress; Economy; Education; Jobs; State Budget,Lauren Carroll,"June 19, 2014",https://www.politifact.com/factchecks/2014/jun/19/emilys-list/did-republican-senate-candidate-thom-tillis-cut-50/
Paul Ryan,"June 11, 2014","All 28 members of NATO have ""pledged to spend at least 2 percent of their economy on defense. But only three countries do -- Britain, Greece and us.""",mostly-true,speech,Economy; Iraq; Foreign Policy; Military; Wisconsin,Tom Kertscher,"June 19, 2014",https://www.politifact.com/factchecks/2014/jun/19/paul-ryan/only-3-natos-28-members-spend-what-they-promised-d/
Mary Burke,"June 18, 2014","""The typical Wisconsin worker makes $5,000 less each year than our neighbors in Minnesota"" under Gov. Scott Walker’s policies.",mostly-true,speech,Economy; Workers; Wisconsin,Dave Umhoefer,"June 18, 2014",https://www.politifact.com/factchecks/2014/jun/18/mary-burke/minnesota-tops-wisconsin-average-wages-5000-year-m/
Republican Party of Wisconsin,"May 30, 2014","Under Gov. Scott Walker, ""employer confidence now stands at 95 percent,"" compared to ""only 10 percent"" at the end of the ""Gov. Jim Doyle-Mary Burke administration.""",mostly-false,statement,Economy; Jobs; Polls and Public Opinion; Wisconsin,Tom Kertscher,"June 15, 2014",https://www.politifact.com/factchecks/2014/jun/15/republican-party-wisconsin/employer-confidence-sky-high-under-gov-scott-walke/
Jack Reed,"May 1, 2014","In the 1950s and 1960s, ""the minimum wage was such that it would lift you out of poverty.""",mostly-true,speech on the floor of the U.S. Senate,Rhode Island; Economy; History; Income; Poverty; Welfare,C. Eugene Emery Jr.,"June 15, 2014",https://www.politifact.com/factchecks/2014/jun/15/jack-reed/jack-reed-says-minimum-wage-1950s-and-1960s-would-/
Leticia Van de Putte,"June 1, 2014","Our ""trade with Mexico is $720 million a day; that’s our No. 1 trading partner.""",mostly-true,interview,Economy; Foreign Policy; Trade; Texas,W. Gardner Selby,"June 13, 2014",https://www.politifact.com/factchecks/2014/jun/13/leticia-van-de-putte/van-de-putte-affirming-texas-mexico-trade-ties-dra/
Hillary Clinton,"June 10, 2014","""By the time I left"" the State Department, ""economic growth was up and opium production was down"" in Afghanistan, while ""infant mortality declined"" and school enrollment rose by more than sevenfold.",mostly-true,"her book, ""Hard Choices""",National; Drugs; Economy; Education; Health Care; Foreign Policy; Public Health; Women,Louis Jacobson,"June 10, 2014",https://www.politifact.com/factchecks/2014/jun/10/hillary-clinton/new-book-hillary-clinton-touts-quality-life-advanc/
Ed  Gillespie,"June 2, 2014","The Chamber of Commerce says new carbon regulations will kill ""244,000 jobs a year"" and cost average families ""$1,200 a year.""",false,TV interview.,Environment; Climate Change; Economy; Regulation; Virginia,Warren Fiske,"June 9, 2014",https://www.politifact.com/factchecks/2014/jun/09/ed-gillespie/gillespie-says-epa-carbon-rules-will-kill-244000-j/
Katrina vanden Heuvel,"June 8, 2014","""Only one out of 10 minimum wage workers today are teen age or a young person.""",false,"comments on ABC's ""This Week""",Economy; PunditFact,Katie Sanders,"June 8, 2014",https://www.politifact.com/factchecks/2014/jun/08/katrina-vanden-heuvel/vanden-heuvel-1-out-10-minimum-wage-workers-today-/
Allan Fung,"June 2, 2014","Ken ""Block supports Obamacare.""",pants-fire,TV commercial,Rhode Island; Economy; Health Care; Message Machine 2014,C. Eugene Emery Jr.,"June 8, 2014",https://www.politifact.com/factchecks/2014/jun/08/allan-fung/gubernatorial-candidate-allan-fung-says-his-republ/
Alison Lundergan Grimes,"June 3, 2014","""Sen. McConnell says it's not his job to bring jobs to Kentucky.""",half-true,radio ad,National; Economy; Jobs; States,Lauren Carroll,"June 6, 2014",https://www.politifact.com/factchecks/2014/jun/06/alison-lundergan-grimes/alison-lundergan-grimes-charges-mitch-mcconnell-sa/
John Boehner,"June 2, 2014","New carbon regulations will increase electric bills by ""$17 billion every year"" and ""potentially put an average of 224,000 more people out of work every year.""",false,post on his website,Environment; National; Climate Change; Economy; Jobs; Government Regulation; Regulation,Steve Contorno,"June 2, 2014",https://www.politifact.com/factchecks/2014/jun/02/john-boehner/Boehner-says-Obama-climate-change-jobs-bills-costs/
Democratic National Committee,"May 29, 2014",Rick Perry doesn’t think there should be a federal minimum wage.,true,email blast,Economy; Federal Budget; State Budget; Texas,W. Gardner Selby,"May 30, 2014",https://www.politifact.com/factchecks/2014/may/30/democratic-national-committee/2014-rick-perry-saying-he-opposes-federal-governme/
Dawson Hodgson,"May 27, 2014","Peter Kilmartin voted for the 38 Studios loan guarantee and his State House job was to ""twist [legislator’s] arms to vote for deals like this.""",mostly-false,radio commercial,Bankruptcy; Rhode Island; Baseball; Economy; History; Jobs; Message Machine 2014; Negative Campaigning; State Budget,C. Eugene Emery Jr.,"May 30, 2014",https://www.politifact.com/factchecks/2014/may/30/dawson-hodgson/dawson-hodgson-says-peter-kilmartin-voted-38-studi/
Facebook posts,"May 27, 2014","""For every one job created under the Obama administration, 75 people went on food stamps.""",false,meme on social media,National; Economy; Jobs; Poverty,Louis Jacobson,"May 28, 2014",https://www.politifact.com/factchecks/2014/may/28/facebook-posts/social-media-meme-says-75-have-joined-food-stamp-r/
Angel Taveras,"May 12, 2014","I turned ""a $110 million deficit into a $1.6 million surplus for our city.""",mostly-false,fundraising letter,Rhode Island; Candidate Biography; City Budget; City Government; Debt; Deficit; Economy; History; Unions; Taxes,C. Eugene Emery Jr.,"May 25, 2014",https://www.politifact.com/factchecks/2014/may/25/angel-taveras/providence-mayor-angel-taveras-says-he-has-turned-/
Ted Cruz,"May 6, 2014","The Obama administration spent ""$205,075 in ‘stimulus’ funds to relocate a shrub that sells for $16.""",mostly-false,report,Economy; Stimulus; Texas,W. Gardner Selby,"May 23, 2014",https://www.politifact.com/factchecks/2014/may/23/ted-cruz/shrub-found-wild-during-california-highway-project/
Elizabeth Warren,"May 19, 2014","""Today, the five largest financial institutions are 38 percent bigger than they were back in 2008, when they were too big to fail.""",mostly-true,"interview on ""PBS Newshour""",National; Economy; Financial Regulation; Government Regulation,Steve Contorno,"May 22, 2014",https://www.politifact.com/factchecks/2014/may/22/elizabeth-warren/elizabeth-warren-says-top-five-banks-are-38-percen/
Robert Malin,"April 20, 2014","""Fifty percent of Americans will go hungry at some time in their lives.""",mostly-false,TV interview,Rhode Island; Economy; Poverty,Karen Lee  Ziner,"May 18, 2014",https://www.politifact.com/factchecks/2014/may/18/robert-malin/ri-anti-poverty-activist-says-fifty-percent-americ/
Jim Francesconi,"April 15, 2014","""Economic inequality in Multnomah County has a face -- and a name. It has 90,000 faces and names -- the number of county residents who are still unemployed, or underemployed, in the wake of the 2008 Wall Street crash.""",false,campaign website statement,Oregon; Economy; Jobs,Dana Tims,"May 16, 2014",https://www.politifact.com/factchecks/2014/may/16/jim-francesconi/does-multnomah-county-have-90000-people-who-are-un/
Ken Paxton,"May 11, 2014","Dan Branch ""once lobbied for the AFL-CIO.""",false,news story,Candidate Biography; Economy; Labor; Texas,W. Gardner Selby,"May 15, 2014",https://www.politifact.com/factchecks/2014/may/15/ken-paxton/dan-branch-registered-lobby-ohio-union-not-afl-cio/
Rick Santorum,"May 11, 2014","The CBO says that if you raise the minimum wage to $10.10 an hour, ""half a million people would lose their jobs.""",mostly-true,"comments on CNN's ""State of the Union.""",Economy; Jobs; PunditFact,Julie Kliegman,"May 11, 2014",https://www.politifact.com/factchecks/2014/may/11/rick-santorum/rick-santorum-minimum-wage-increase-would-cost-500/
Nicholas Mattiello,"April 6, 2014","The Pell bridge ""is a tourism bridge essentially and not a commuter bridge.""",false,television interview,Rhode Island; Economy; Infrastructure; Recreation; State Budget; Tourism,C. Eugene Emery Jr.,"May 11, 2014",https://www.politifact.com/factchecks/2014/may/11/nicholas-mattiello/rhode-island-house-speaker-nicholas-mattiello-says/
Charles Schumer,"May 5, 2014","If you work 40 hours a week at the proposed minimum wage of $10.10 an hour, ""you get out of poverty.""",half-true,interview on MSNBC,National; Children; Economy; Families; Jobs; Poverty,Louis Jacobson,"May 8, 2014",https://www.politifact.com/factchecks/2014/may/08/charles-schumer/does-1010-minimum-wage-get-you-out-poverty/
Charlie Crist,"April 25, 2014","Says Rick Scott’s record on jobs includes Florida ""ranked 2nd in the nation in long-term unemployment.""",half-true,post on his campaign website,Economy; Workers; Florida,Amy Sherman,"May 6, 2014",https://www.politifact.com/factchecks/2014/may/06/charlie-crist/charlie-crist-says-florida-no-2-long-term-unemploy/
Facebook posts,"May 1, 2014","""Every single one of the 41 Republican senators who just blocked a raise in the minimum wage will receive a $2,800 cost-of-living adjustment on January 1, 2015.""",half-true,meme shared on social media,National; Economy; Jobs,Louis Jacobson,"May 6, 2014",https://www.politifact.com/factchecks/2014/may/06/facebook-posts/social-media-meme-says-lawmakers-will-get-2800-rai/
Tom  Corbett,"April 30, 2014","""On (Tom) Wolf’s watch, taxes were high, killing 100,000 PA jobs.""",mostly-false,radio ad,National; Economy; Jobs; Taxes,Louis Jacobson,"May 2, 2014",https://www.politifact.com/factchecks/2014/may/02/tom-corbett/pa-gov-tom-corbett-attacks-democratic-rival-tom-wo/
Barack Obama,"April 26, 2014","""The average minimum wage worker is 35 years old.""",mostly-false,weekly address,National; Economy; Jobs,Louis Jacobson,"April 29, 2014",https://www.politifact.com/factchecks/2014/apr/29/barack-obama/barack-obama-says-average-minimum-wage-worker-35-y/
Eric Cantor,"April 22, 2014","Dave Brat ""worked on Democrat Gov. Tim Kaine’s Council of Economic Advisors while Kaine tried to raise our taxes by over $1 billion.""",mostly-true,TV ad.,Candidate Biography; Economy; State Budget; Taxes; Virginia,Nancy  Madsen,"April 28, 2014",https://www.politifact.com/factchecks/2014/apr/28/eric-cantor/eric-cantor-says-dave-brat-advised-served-economic/
Scott Walker,"April 16, 2014","""In 2013 we had the largest, the best, private sector job growth we’ve had in this state since the 1990s.""",mostly-true,radio interview,Economy; Jobs; Wisconsin,Dave Umhoefer,"April 27, 2014",https://www.politifact.com/factchecks/2014/apr/27/scott-walker/scott-walker-says-2013-job-growth-wisconsin-was-be/
Facebook posts,"April 25, 2014","""Over 300K home owner suicides attributed to foreclosures.""",pants-fire,meme shared on social media,National; Economy; Health Care; Housing; Public Health,Louis Jacobson,"April 25, 2014",https://www.politifact.com/factchecks/2014/apr/25/facebook-posts/social-media-meme-says-300000-suicides-are-attribu/
Mary Burke,"April 8, 2014","""In Wisconsin, a woman only earns 80 cents for every $1 a man earns.""",mostly-true,news release,Economy; Income; Jobs; Women; Wisconsin,Tom Kertscher,"April 23, 2014",https://www.politifact.com/factchecks/2014/apr/23/mary-burke/scott-walker-opponent-mary-burke-says-working-wisc/
Jason Carter,"April 8, 2014",Women are paid 77 cents for every $1 men get for the same work.,mostly-false,social media posts,Georgia; Economy; Women,Eric Stirgus,"April 21, 2014",https://www.politifact.com/factchecks/2014/apr/21/jason-carter/carters-pay-gap-claim-strays-track/
Seth Magaziner,"April 13, 2014","""In Rhode Island today, 25 percent of our households either don't have a bank account at all, or they have a bank account and they're still relying on high-cost financial services like payday loans, pawn shop check cashing and so on.""",true,appearance on “10 News Conference”,Rhode Island; Debt; Economy; Families; Financial Regulation; Income; Poverty; Wealth; Workers,C. Eugene Emery Jr.,"April 21, 2014",https://www.politifact.com/factchecks/2014/apr/21/seth-magaziner/treasurer-candidate-seth-magaziner-says-1-4-rhode-/
Michelle Nunn,"April 10, 2014","""On average, women make 77 cents for every dollar men make.""",mostly-true,statements,Georgia; Economy; Women,Eric Stirgus,"April 18, 2014",https://www.politifact.com/factchecks/2014/apr/18/michelle-nunn/nunn-avoids-slip-gender-pay-claim/
Mike Stenhouse,"April 2, 2014","""A grant for $5,000 [from the Governor’s Workforce Board] went to teach an employee at a company that makes ornamental business card holders how to use Facebook and Twitter.""",mostly-false,commentary,Rhode Island; Economy; Federal Budget; Small Business; State Budget; Workers; Taxes,C. Eugene Emery Jr.,"April 13, 2014",https://www.politifact.com/factchecks/2014/apr/13/mike-stenhouse/michael-stenhouse-says-outlandish-state-grant-5000/
Senate Majority PAC,"March 13, 2014","Says the Koch brothers want to ""protect tax cuts for companies that ship our jobs overseas.""",false,campaign ad,National; Congress; Economy; Jobs; Taxes,Steve Contorno,"April 11, 2014",https://www.politifact.com/factchecks/2014/apr/11/senate-majority-pac/senate-dem-group-claim-koch-brothers-support-tax-b/
National Partnership for Women & Families,"April 8, 2014","""Women in Oregon are paid 79 cents for every dollar paid to men. If the wage gap was eliminated, a working woman in Oregon would have enough money for 2,877 gallons of gas, 72 more weeks of food for her family or nearly 12 more months of rent.""",true,news release,Oregon; Economy; Families; Income,Dana Tims,"April 10, 2014",https://www.politifact.com/factchecks/2014/apr/10/national-partnership-women-families/would-eliminating-pay-gap-oregon-let-women-buy-287/
Eric Bolling,"April 8, 2014","""Of all the jobs President Obama claims to have created since he started, only 38.5 percent are women. So 61.5 percent have gone to men.""",half-true,"discussion on Fox News' ""The Five""",Economy; Jobs; Women; PunditFact,Louis Jacobson,"April 9, 2014",https://www.politifact.com/factchecks/2014/apr/09/eric-bolling/fox-news-eric-bolling-says-61-percent-new-jobs-und/
Jay Carney,"April 4, 2014","""Who will raising the minimum wage actually help? … More than half work full-time. The average worker is 35 years old.""",half-true,meme on Twitter,National; Economy; Jobs,Louis Jacobson,"April 8, 2014",https://www.politifact.com/factchecks/2014/apr/08/jay-carney/white-house-says-most-those-helped-its-minimum-wag/
Jerry Patterson,"March 30, 2014",Says he was the only statewide elected official to speak in favor of a federal guest worker plan at the 2012 Republican Party of Texas convention.,true,news story,Immigration; Economy; Workers; Texas,W. Gardner Selby,"April 8, 2014",https://www.politifact.com/factchecks/2014/apr/08/jerry-patterson/jerry-patterson-flew-solo-among-statewide-elected-/
Cokie Roberts,"March 31, 2014","""Two-thirds of the people who receive the minimum wage are female.""",mostly-true,"interview on NPR's ""Morning Edition""",Economy; Women; PunditFact,Katie Sanders,"April 2, 2014",https://www.politifact.com/factchecks/2014/apr/02/cokie-roberts/cokie-roberts-two-thirds-minimum-wage-earners-are-/
Mary Burke,"March 25, 2014","""Wisconsin wages are declining at double the rate of other states.""",pants-fire,jobs proposal,Economy; Income; Jobs; Wisconsin,Dave Umhoefer,"March 31, 2014",https://www.politifact.com/factchecks/2014/mar/31/mary-burke/mary-burke-says-wages-are-declining-wisconsin-doub/
Steven Rattner,"March 30, 2014","""Manufacturing wages today in America on a per-hour basis are actually a bit lower than average wages in the economy as a whole.""",mostly-true,"comments on ABC's ""This Week""",Economy; Jobs; Poverty; PunditFact,Katie Sanders,"March 30, 2014",https://www.politifact.com/factchecks/2014/mar/30/steven-rattner/rattner-manufacturing-wages-today-america-lower-av/
Mary Burke,"March 25, 2014","""Wisconsin now ranks among the top 10 states for out-migration.""",mostly-false,report,Economy; Jobs; Population; Wisconsin,Tom Kertscher,"March 30, 2014",https://www.politifact.com/factchecks/2014/mar/30/mary-burke/wisconsin-losing-residents-other-states-high-rate-/
Occupy Democrats,"December 26, 2013","""Nine out of the 10 poorest states are Red states.""",mostly-true,Facebook post,Rhode Island; Corrections and Updates; Economy; Elections; Income; Poverty; Wealth,C. Eugene Emery Jr.,"March 28, 2014",https://www.politifact.com/factchecks/2014/mar/28/occupy-democrats/pro-democrat-group-says-9-10-poorest-states-are-re/
Jeb Bush,"March 21, 2014","Florida's revenue ""is growing at a faster rate than almost any state in the country.""",mostly-false,public remarks,Economy; Taxes; Florida,Joshua Gillin,"March 26, 2014",https://www.politifact.com/factchecks/2014/mar/26/jeb-bush/floridas-revenue-growing-faster-rate-almost-any-st/
Allan Fung,"March 7, 2014","After hiring a campaign manager in 2006, ""I got this $100 and something fee ... for hazardous materials.""",mostly-false,radio interview,Rhode Island; Economy; Jobs,John Hill,"March 23, 2014",https://www.politifact.com/factchecks/2014/mar/23/allan-fung/allan-fung-says-he-had-pay-100-hazardous-materials/
Barbara  Sharief,"March 21, 2014","Broward County’s unemployment rate of 5.3 percent is ""the lowest in Florida.""",mostly-false,speech,Economy; Jobs; Florida,Louis Jacobson,"March 21, 2014",https://www.politifact.com/factchecks/2014/mar/21/barbara-sharief/mayor-barbara-sharief-says-broward-county-has-lowe/
Wendy Davis,"March 10, 2014","Women ""are still paid 82 cents for every dollar a man earns in Texas.""",mostly-true,tweet,Economy; Women; Workers; Texas,W. Gardner Selby,"March 20, 2014",https://www.politifact.com/factchecks/2014/mar/20/wendy-davis/wendy-davis-drawing-outdated-survey-slightly-overs/
Katrina vanden Heuvel,"March 16, 2014","""The majority support (raising) the minimum wage.""",true,"broadcast of ABC's ""This Week""",Economy; Elections; PunditFact,Jon Greenberg,"March 16, 2014",https://www.politifact.com/factchecks/2014/mar/16/katrina-vanden-heuvel/do-most-americans-favor-hike-minimum-wage/
Rob Portman,"March 8, 2014","""The average family (is) now bringing home $4,000 less than they did just five years ago.""",true,Republican weekly address,National; Economy; Families,Louis Jacobson,"March 12, 2014",https://www.politifact.com/factchecks/2014/mar/12/rob-portman/rob-portman-says-average-us-family-earning-4000-le/
Rick Perry,"March 7, 2014","""If you rent a U-Haul to move your company, it costs twice as much to go from San Francisco to Austin than the other way around, because you can’t find enough trucks to flee the Golden State.""",true,speech,Economy; States; Tourism; Transportation; Texas,W. Gardner Selby,"March 12, 2014",https://www.politifact.com/factchecks/2014/mar/12/rick-perry/rick-perry-correct-trucks-cost-half-much-rent-goin/
Charlie Crist,"March 9, 2014","The economic ""turnaround started at the end of my term.""",half-true,interview on CNN,Economy; Jobs; Florida,Amy Sherman,"March 11, 2014",https://www.politifact.com/factchecks/2014/mar/11/charlie-crist/charlie-crist-says-economic-turnaround-started-end/
Kenneth Block,"March 2, 2014","Under a bill before the legislature, ""you’d have to go to court to fire an employee.""",false,TV interview,Rhode Island; Economy; Jobs; Labor; Legal Issues,John Hill,"March 10, 2014",https://www.politifact.com/factchecks/2014/mar/10/kenneth-block/ken-block-says-under-bill-ri-legislature-youd-have/
Barack Obama,"March 5, 2014","""When I talk about (raising the) minimum wage ... half of Republicans agree with it.""",mostly-true,speech to the Democratic National Committee,National; Economy; Jobs; Polls and Public Opinion,Louis Jacobson,"March 7, 2014",https://www.politifact.com/factchecks/2014/mar/07/barack-obama/barack-obama-says-half-republicans-agree-minimum-w/
Mary Burke,"March 5, 2014","Under Scott Walker, Wisconsin ""unemployment's up"" from 4.8% to 6.2%",pants-fire,TV ad,Corporations; Economy; Jobs; Wisconsin,Tom Kertscher,"March 7, 2014",https://www.politifact.com/factchecks/2014/mar/07/mary-burke/democratic-challenger-mary-burke-says-wisconsin-un/
Republican Governors Association,"February 13, 2014","""(Mary) Burke was a senior member of the Doyle administration that left Wisconsin with 130,000 fewer jobs.""",mostly-false,campaign TV ad,Economy; Jobs; Wisconsin,Dave Umhoefer,"March 5, 2014",https://www.politifact.com/factchecks/2014/mar/05/republican-governors-association/republican-group-ties-wisconsin-job-loss-mary-burk/
John Kerry,"March 2, 2014","""The (Russian) ruble is already going down.""",mostly-true,"comments on CBS' ""Face the Nation""",National; Economy; Foreign Policy,Jon Greenberg,"March 2, 2014",https://www.politifact.com/factchecks/2014/mar/02/john-kerry/john-kerry-tells-cbs-viewers-russian-isolation-com/
Barack Obama,"February 27, 2014","""Fewer black and Latino men participate in the labor force, compared to young white men.""",mostly-true,event at the White House,National; Economy; Jobs; Race and Ethnicity,Louis Jacobson,"February 28, 2014",https://www.politifact.com/factchecks/2014/feb/28/barack-obama/barack-obama-says-fewer-black-latino-young-men-par/
Maxey Scherr,"January 23, 2014","""We have more women living in poverty in this state than almost anywhere else.""",mostly-true,interview,Economy; Population; Poverty; Texas,W. Gardner Selby,"February 27, 2014",https://www.politifact.com/factchecks/2014/feb/27/maxey-scherr/texas-among-top-slice-states-women-poverty-though-/
Bobby Jindal,"February 26, 2014","""Our economy (in Louisiana) has grown 50 percent faster than the national GDP, even since the national recession.""",mostly-true,"interview on MSNBC's ""Morning Joe""",National; Economy,Louis Jacobson,"February 27, 2014",https://www.politifact.com/factchecks/2014/feb/27/bobby-jindal/bobby-jindal-says-louisianas-growth-has-outpaced-n/
David Brooks,"February 23, 2014","""Chained CPI would save $1 trillion in the second decade off the federal budget debt,"" a report shows.",half-true,"comments on NBC's ""Meet the Press""",Economy; Federal Budget; Medicare; Social Security; PunditFact,Jon Greenberg,"February 23, 2014",https://www.politifact.com/factchecks/2014/feb/23/david-brooks/chained-cpi-and-what-it-means-federal-budget/
Barack Obama,"January 30, 2014","""Most folks’ wages haven’t gone up in over a decade.""",mostly-true,speech,Corporations; Economy; Income; Jobs; Workers; Wisconsin,Tom Kertscher,"February 23, 2014",https://www.politifact.com/factchecks/2014/feb/23/barack-obama/even-adjusting-inflation-most-americans-havent-see/
David Cicilline,"February 11, 2014","""According to one study, the minimum wage today is worth $2 less than in 1968.""",mostly-true,House floor speech,Rhode Island; Economy; Income; Jobs; Labor,C. Eugene Emery Jr.,"February 21, 2014",https://www.politifact.com/factchecks/2014/feb/21/david-cicilline/us-rep-david-cicilline-says-minimum-wage-worth-2-l/
Kasim Reed,"January 31, 2014","The annual gross domestic product of metro Atlanta is ""bigger than 28 states in the union.""",true,speech,Georgia; Economy,Eric Stirgus,"February 18, 2014",https://www.politifact.com/factchecks/2014/feb/18/kasim-reed/reed-metro-atlanta-financial-behemoth/
Steve Forbes,"February 16, 2014","""Two-thirds of the people who start out in minimum wage are above the minimum wage within a year.""",half-true,"comments on CNN's ""State of the Union""",Economy; Jobs; Poverty; PunditFact,Julie Kliegman,"February 16, 2014",https://www.politifact.com/factchecks/2014/feb/16/steve-forbes/steve-forbes-says-two-thirds-people-who-earn-minim/
Jonathan Boucher,"January 31, 2014","""The Republican leadership in the House has refused to address the issues that matter the most to Rhode Island, such as passing a jobs bill.""",pants-fire,Providence Journal commentary,Environment; Rhode Island; Climate Change; Congress; Economy; Energy; Jobs; Workers,C. Eugene Emery Jr.,"February 16, 2014",https://www.politifact.com/factchecks/2014/feb/16/jonathan-boucher/top-rhode-island-democrat-says-republicans-us-hous/
Republican Party of Wisconsin,"February 4, 2014","""The only time over the last 25 years when the state’s unemployment rate exceeded the U.S. average was when (Mary) Burke was commerce secretary.""",mostly-true,news release,Candidate Biography; Economy; Jobs; Labor; State Budget; Wisconsin,Tom Kertscher,"February 14, 2014",https://www.politifact.com/factchecks/2014/feb/14/republican-party-wisconsin/1988-wisconsin-unemployment-rate-greater-us-rate-o/
National Republican Congressional Committee,"February 12, 2014","""Nonpartisan government analysts say Obamacare will cost our economy up to 2.5 million jobs.""",mostly-false,television ad,National; Economy; Federal Budget; Health Care; Jobs,Steve Contorno,"February 14, 2014",https://www.politifact.com/factchecks/2014/feb/14/national-republican-congressional-committee/nrcc-says-congressional-budget-office-predicts-oba/
Mike Stenhouse,"January 27, 2014","Of minimum wage workers in Rhode Island ""only 14 percent serve as sole income earner for their family.""",true,news release,Rhode Island; Economy; Jobs,John Hill,"February 14, 2014",https://www.politifact.com/factchecks/2014/feb/14/mike-stenhouse/minimum-wage-workers-rhode-island-only-14-percent-/
Tammy Baldwin,"January 22, 2014","""Over 3 million Americans are employed in the growing green-collar workforce,"" which is more than the number ""of people working in the fossil fuel industry.""",true,news release,Environment; Economy; Energy; Jobs; Transportation; Wisconsin,Tom Kertscher,"February 14, 2014",https://www.politifact.com/factchecks/2014/feb/14/tammy-baldwin/expansive-definition-helps-green-jobs-outnumber-oi/
George Will,"February 9, 2014","""Social Security was advocated … in the 1930s as a way of getting people to quit working, because they thought we were confined to a permanent scarcity of jobs in this country.""",mostly-false,"roundtable discussion on ""Fox News Sunday""",Economy; History; Poverty; Social Security; Workers; PunditFact,Louis Jacobson,"February 11, 2014",https://www.politifact.com/factchecks/2014/feb/11/george-will/george-will-says-social-security-was-created-1930s/
Kasim Reed,"January 31, 2014","""Right now, we only keep 50 percent of Georgia Tech's graduates.""",mostly-true,speech,Georgia; Economy; Education; Jobs,Eric Stirgus,"February 11, 2014",https://www.politifact.com/factchecks/2014/feb/11/kasim-reed/mayor-working-keep-more-tech-grads/
Eric Cantor,"February 4, 2014","""The CBO’s latest report confirms what Republicans have been saying for years now. Under Obamacare, millions of hardworking Americans will lose their jobs.""",mostly-false,news release.,Economy; Health Care; Jobs; Virginia,Sean Gorman,"February 7, 2014",https://www.politifact.com/factchecks/2014/feb/07/eric-cantor/cantor-says-cbo-predicts-obamacare-will-cause-mill/
Gretchen Carlson,"February 4, 2014","""The CBO now says the president's health care law will cut the number of full-time jobs in the United States by 2.3 million by 2021.""",mostly-false,"broadcast of Fox News' ""The Real Story""",Economy; Health Care; Jobs; PunditFact,Jon Greenberg,"February 5, 2014",https://www.politifact.com/factchecks/2014/feb/05/gretchen-carlson/carlson-cbo-says-obamcare-will-cut-full-time-jobs-/
Lincoln Chafee,"January 15, 2014","""Since I took office in January 2011, we have created 11,100 Rhode Island-based jobs.""",half-true,his state of state speech,Rhode Island; Economy; Jobs,John Hill,"February 2, 2014",https://www.politifact.com/factchecks/2014/feb/02/lincoln-chafee/ri-gov-lincoln-chafee-says-his-administration-crea/
Terry McAuliffe,"January 13, 2014","Virginia is ""the No. 1 recipient of federal dollars.""",mostly-false,speech.,Economy; Federal Budget; State Budget; States; Virginia,Sean Gorman,"January 31, 2014",https://www.politifact.com/factchecks/2014/jan/31/terry-mcauliffe/mcauliffe-says-virginia-receives-most-federal-mone/
Rand Paul,"January 28, 2014","Says President Barack Obama ""spent nearly a trillion dollars on make-work government jobs.""",false,response to the State of the Union address,National; Economy; Federal Budget; Jobs; Stimulus,Louis Jacobson,"January 30, 2014",https://www.politifact.com/factchecks/2014/jan/30/rand-paul/rand-paul-says-barack-obama-spent-nearly-trillion-/
Barack Obama,"January 28, 2014","""For the first time in over a decade, business leaders around the world have declared that China is no longer the world’s No. 1 place to invest; America is.""",mostly-true,State of the Union address,National; Economy; Foreign Policy,Joshua Gillin,"January 29, 2014",https://www.politifact.com/factchecks/2014/jan/29/barack-obama/business-leaders-declared-china-no-longer-worlds-n/
Barack Obama,"January 28, 2014","""The federal minimum wage is worth about 20 percent less than it was when Ronald Reagan"" gave his first address to a joint session of Congress.",mostly-true,State of the Union address,National; Economy; History; Income; Workers,Steve Contorno,"January 29, 2014",https://www.politifact.com/factchecks/2014/jan/29/barack-obama/barack-obama-says-minimum-wage-was-higher-during-r/
Cathy McMorris Rodgers,"January 28, 2014","""Last month, more Americans stopped looking for a job than found one.""",half-true,Republican response to the State of the Union address,National; Economy; Jobs,Jon Greenberg,"January 29, 2014",https://www.politifact.com/factchecks/2014/jan/29/cathy-mcmorris-rodgers/rep-mcmorris-rodgers-says-more-people-stopped-look/
Barack Obama,"January 28, 2014","There is ""more oil produced at home than we buy from the rest of the world – the first time that’s happened in nearly 20 years.""",true,State of the Union address,National; Economy; Energy; Trade,Julie Kliegman,"January 29, 2014",https://www.politifact.com/factchecks/2014/jan/29/barack-obama/state-union-obama-says-us-produces-more-oil-it-buy/
Barack Obama,"January 28, 2014","During the past four years, ""average wages have barely budged.""",true,State of Union address,National; Economy; Jobs,Louis Jacobson,"January 29, 2014",https://www.politifact.com/factchecks/2014/jan/29/barack-obama/state-union-obama-says-over-past-four-years-averag/
Ted Cruz,"January 26, 2014","Under President Barack Obama, ""We’ve got the lowest labor force participation in over three decades, since 1978.""",mostly-true,"interview on CBS' ""Face the Nation""",National; Economy,Katie Sanders,"January 26, 2014",https://www.politifact.com/factchecks/2014/jan/26/ted-cruz/labor-force-participation-its-lowest-point-1978-sa/
Jason Carter,"January 15, 2014","The average Georgia family makes $6,000 less than the average family did 10 years ago when inflation is factored in.",true,speech,Georgia; Economy; Income,Nancy Badertscher,"January 23, 2014",https://www.politifact.com/factchecks/2014/jan/23/jason-carter/carter-target-family-income/
Steven King,"January 5, 2014","""We’ve had the private sector more than double the investment that was made by the public sector"" at Quonset Business Park.",true,TV interview,Rhode Island; Economy; Infrastructure; Jobs,John Hill,"January 22, 2014",https://www.politifact.com/factchecks/2014/jan/22/steven-king/steven-king-director-ris-quonset-business-park-say/
Nathan Deal,"January 15, 2014","""(M)ore Georgians have jobs than at any other time since October 2008.""",true,speech,Georgia; Economy; Jobs,Nancy Badertscher,"January 21, 2014",https://www.politifact.com/factchecks/2014/jan/21/nathan-deal/deal-says-more-working-georgia-financial-crisis/
Barack Obama,"January 16, 2014","""For the first time in nearly two decades, we produce more oil here in the United States than we buy from the rest of the world.""",true,speech at North Carolina State University,National; Economy; Energy; Trade,Julie Kliegman,"January 17, 2014",https://www.politifact.com/factchecks/2014/jan/17/barack-obama/obama-says-us-produces-more-oil-it-imports-first-t/
Andrea Tantaros,"January 15, 2014","During the lead-up to the American Revolutionary War, ""some guy in Boston got his head blown off because he tried to secretly raise the tax on tea.""",pants-fire,"comments on Fox News Channel's ""The Five""",Economy; History; PunditFact,Aaron Sharockman,"January 16, 2014",https://www.politifact.com/factchecks/2014/jan/16/andrea-tantaros/tantaros-says-americans-dont-know-their-history-th/
Rana Foroohar,"January 10, 2014","""The median male worker in this country has not seen a raise, inflation adjusted, for 30 years, basically.""",mostly-true,CNN interview,Economy; Jobs; Labor; Workers; PunditFact,Katie Sanders,"January 15, 2014",https://www.politifact.com/factchecks/2014/jan/15/rana-foroohar/times-rana-foroohar-says-median-male-worker-hasnt-/
Steve Southerland,"January 12, 2014","""If you have a job in this country, (there's a) 97 percent chance that you're not going to be in poverty.""",mostly-true,"interview on ""Fox News Sunday""",National; Economy; Poverty; Workers,Louis Jacobson,"January 14, 2014",https://www.politifact.com/factchecks/2014/jan/14/steve-southerland/rep-steve-southerland-r-fla-says-97-percent-those-/
U.S. Census Bureau,"January 7, 2014",Federal law requires residents to participate in the U.S. government’s American Community Survey.,mostly-true,mailing to Austin's Bob Cole,Census; Economy; Housing; Population; Texas,W. Gardner Selby,"January 9, 2014",https://www.politifact.com/factchecks/2014/jan/09/us-census-bureau/americans-must-answer-us-census-bureau-survey-law-/
Rand Paul,"January 5, 2014","""There are many studies that indicate"" that the longer people get unemployment insurance, ""it provides some disincentive to work.""",mostly-true,"interview on ABC's ""This Week with George Stephanopoulos""",National; Economy; Workers,Louis Jacobson,"January 9, 2014",https://www.politifact.com/factchecks/2014/jan/09/rand-paul/rand-paul-says-longer-people-get-unemployment-insu/
Gene Sperling,"January 5, 2014","""Our economy still has three people looking for every job (opening).""",true,"interview on CNN's ""State of the Union""",National; Economy; Jobs; Labor,Julie Kliegman,"January 7, 2014",https://www.politifact.com/factchecks/2014/jan/07/gene-sperling/there-are-3-unemployed-people-every-job-opening-ob/
Ian Bremmer,"January 4, 2014","""US: Change in Income, 2009-13. Top 1%: +31.4%. Bottom 99%: +0.4%.""",mostly-true,tweet,Economy; PunditFact,Louis Jacobson,"January 7, 2014",https://www.politifact.com/factchecks/2014/jan/07/ian-bremmer/ian-bremmer-says-top-1-percent-saw-incomes-go-34-p/
Teresa Ghilarducci,"December 15, 2013","""A quarter of our workers make $18,000 per year.""",half-true,"interview on MSNBC's ""Up""",Economy; Jobs; Poverty; Workers; PunditFact,Louis Jacobson,"December 23, 2013",https://www.politifact.com/factchecks/2013/dec/23/teresa-ghilarducci/economist-teresa-ghilarducci-says-quarter-us-worke/
Republican Party of Florida,"December 17, 2013","""Florida has experienced positive job growth for 39 consecutive months.""",mostly-false,Facebook post,Economy; Jobs; Florida,Amy Sherman,"December 19, 2013",https://www.politifact.com/factchecks/2013/dec/19/republican-party-florida/nod-rick-scott-republican-party-says-florida-had-3/
Steven Rattner,"December 16, 2013","The United States is ""behind many countries in Europe in terms of the ability of every kid in America to get ahead.""",mostly-true,"segment on MSNBC's ""Morning Joe""",Economy; PunditFact,Katie Sanders,"December 19, 2013",https://www.politifact.com/factchecks/2013/dec/19/steven-rattner/it-easier-obtain-american-dream-europe/
Ron Johnson,"December 5, 2013","Under President Obama’s health-care reforms, the premium for ""an average plan for a family didn't go down by $2,500 per year, it's gone up about $2,500 per year.""",half-true,interview,Corporations; Economy; Health Care; Public Health; Workers; Wisconsin,Tom Kertscher,"December 15, 2013",https://www.politifact.com/factchecks/2013/dec/15/ron-johnson/obamacare-health-insurance-premiums-havent-gone-do/
Barbara Lee,"December 4, 2013","""60 percent of people on food assistance are working.""",mostly-true,"episode of CNN's ""Crossfire""",National; Economy; Welfare,Julie Kliegman,"December 11, 2013",https://www.politifact.com/factchecks/2013/dec/11/barbara-lee/barbara-lee-says-60-percent-people-food-assistance/
Scott Walker,"November 19, 2013","""We are experiencing the worst economic recovery America has ever had.""",false,new book,Economy; Wisconsin,James B. Nelson,"December 11, 2013",https://www.politifact.com/factchecks/2013/dec/11/scott-walker/gov-scott-walker-says-current-economic-recovery-wo/
David Madland,"December 6, 2013","""The CBO just said if we cut this (unemployment benefits) extension, we will kill jobs, because those people who are looking for work won't have any money to spend.""",half-true,"broadcast of CNN's ""Crossfire""",Economy; Jobs; PunditFact,Jon Greenberg,"December 10, 2013",https://www.politifact.com/factchecks/2013/dec/10/david-madland/david-madland-cbo-says-jobless-aid-will-boost-econ/
James Carville,"December 8, 2013","""One-third of all bank tellers (are) on public assistance.""",mostly-true,"comments on ABC's ""This Week""",Economy; Financial Regulation; Poverty; Workers; PunditFact,Jon Greenberg,"December 8, 2013",https://www.politifact.com/factchecks/2013/dec/08/james-carville/james-carville-13-bank-tellers-are-public-assistan/
Rob Portman,"December 8, 2013","""About 2 percent of Americans get paid the minimum wage.""",mostly-true,"interview on ABC’s ""This Week""",National; Economy; Poverty; Workers,Louis Jacobson,"December 8, 2013",https://www.politifact.com/factchecks/2013/dec/08/rob-portman/rob-portman-says-about-2-percent-americans-get-pai/
One Wisconsin Now,"November 27, 2013","""The Walton family, which owns Wal-Mart, controls a fortune equal to the wealth of the bottom 42 percent of Americans combined.""",true,email,Corporations; Economy; Income; Labor; Wealth; Wisconsin,Tom Kertscher,"December 8, 2013",https://www.politifact.com/factchecks/2013/dec/08/one-wisconsin-now/just-how-wealthy-wal-mart-walton-family/
Facebook posts,"December 5, 2013","Says Vladimir Putin said, ""President Obama and his fellow Democrats are either idiots or deliberately trying to destroy their own economy.""",pants-fire,meme on the Internet,National; Economy; Foreign Policy,Lilly Maier,"December 5, 2013",https://www.politifact.com/factchecks/2013/dec/05/facebook-posts/facebook-meme-says-vladimir-putin-accused-barack-o/
Barack Obama,"December 4, 2013","The minimum wage ""in real terms right now is below where it was when Harry Truman was in office.""",half-true,speech at the Center for American Progress,National; Economy; History; Workers,Louis Jacobson,"December 4, 2013",https://www.politifact.com/factchecks/2013/dec/04/barack-obama/barack-obama-says-minimum-wage-higher-now-under-ha/
Robin Vos,"November 22, 2013","""The nine-day deer hunt contributes more than $1.3 billion in revenue to the state of Wisconsin.""",mostly-true,Facebook post,Economy; Sports; Guns; Wisconsin,Dave Umhoefer,"December 4, 2013",https://www.politifact.com/factchecks/2013/dec/04/robin-vos/vos-says-nine-day-deer-hunt-has-13-billion-impact/
Doonesbury,"December 1, 2013","""The economy bled $24 billion"" due to the government shutdown.",mostly-true,Doonesbury strip,Economy; Federal Budget; Health Care; PunditFact,Jon Greenberg,"December 3, 2013",https://www.politifact.com/factchecks/2013/dec/03/doonesbury/doonesbury-says-government-shutdown-took-24-billio/
Facebook posts,"November 20, 2013","""Since 1988, Congress has raised its own salary 15 times 'to reflect rising costs.' But raised the minimum wage only three times.""",mostly-false,Facebook posting,Rhode Island; Congress; Economy; History; Income; Jobs; Labor; Poverty; States; Workers,C. Eugene Emery Jr.,"December 2, 2013",https://www.politifact.com/factchecks/2013/dec/02/facebook-posts/facebook-group-says-congress-has-raised-minimum-wa/
Mike Tate,"November 17, 2013","Says Gov. Scott Walker has dropped Wisconsin ""to 45th in the nation in job growth prospects while campaigning for president out of state.""",mostly-false,fund-raising email,Economy; Elections; Jobs; Wisconsin,Tom Kertscher,"December 1, 2013",https://www.politifact.com/factchecks/2013/dec/01/mike-tate/scott-walker-responsible-wisconsins-low-and-droppi/
Joseph Henchman,"November 19, 2013","""Only 25 percent of what people buy is subject to Rhode Island’s sales tax.""",false,hearing testimony,Rhode Island; Economy; Taxes,John Hill,"December 1, 2013",https://www.politifact.com/factchecks/2013/dec/01/joseph-henchman/tax-foundation-official-says-only-25-percent-what-/
Mike Plant,"November 20, 2013","""No one in the country has ever built a brand new sports facility and created this kind of development at the same time.""",mostly-true,interview,Georgia; Economy; Sports,Eric Stirgus,"November 22, 2013",https://www.politifact.com/factchecks/2013/nov/22/mike-plant/braves-seek-home-run-cobb-plan/
Jan Schakowsky,"November 12, 2013","The United States ""has never been richer, if you look at per capita GDP.""",true,interview on MSNBC,National; Economy; Federal Budget; Taxes,Steve Contorno,"November 18, 2013",https://www.politifact.com/factchecks/2013/nov/18/jan-schakowsky/schakowsky-said-based-gdp-capita-united-states-has/
Kenneth Block,"November 8, 2013","Rhode Island's unemployment insurance system ""is the most expensive such system in the country.""",false,interview on Rhode Island Public Radio,Rhode Island; Economy; Government Regulation; Small Business; State Budget; States; Workers; Taxes,C. Eugene Emery Jr.,"November 17, 2013",https://www.politifact.com/factchecks/2013/nov/17/kenneth-block/ken-block-says-rhode-islands-unemployment-insuranc/
Ted Cruz,"November 8, 2013","""In the last four years, our economy has grown on average 0.9 percent a year.""",mostly-false,"interview on NBC's ""The Tonight Show with Jay Leno""",National; Economy,Louis Jacobson,"November 13, 2013",https://www.politifact.com/factchecks/2013/nov/13/ted-cruz/ted-cruz-says-us-has-averaged-09-percent-growth-ov/
Michael Mule',"November 4, 2013","""Georgia has lost 14 percent of its jobs paying more than $50,000 a year and added 15 percent to its Medicaid rolls during the recovery.""",half-true,interview,Georgia; Economy; Medicaid,Eric Stirgus,"November 13, 2013",https://www.politifact.com/factchecks/2013/nov/13/michael-mule/more-work-needed-georgia-economy-deal-rival-says/
Allan Fung,"November 4, 2013","""We have created new jobs here in Cranston -- more than 1,000.""",mostly-true,campaign speech,Rhode Island; City Government; Corporations; Economy; Jobs; Government Regulation; Regulation; Small Business; Workers,C. Eugene Emery Jr.,"November 10, 2013",https://www.politifact.com/factchecks/2013/nov/10/allan-fung/gubernatorial-candidate-mayor-allan-fung-says-his-/
Republican Party of Florida,"October 30, 2013","Says Alex Sink supported ""a $5.2 billion increase in Florida's debt.""",mostly-false,YouTube attack ad,Debt; Economy; Florida,Julie Kliegman,"November 7, 2013",https://www.politifact.com/factchecks/2013/nov/07/republican-party-florida/florida-gop-says-alex-sink-supported-52b-debt-incr/
Americans for Prosperity,"October 29, 2013","Says ""new mandates are already reducing full-time employment.""",mostly-false,television ad,National; Economy; Health Care; Jobs,Steve Contorno,"November 6, 2013",https://www.politifact.com/factchecks/2013/nov/06/americans-prosperity/conservative-group-says-mary-landrieu-backs-obamac/
Republican Party of Florida,"October 30, 2013","As CFO, Alex Sink oversaw ""a $27 billion loss in the state's pension fund.""",half-true,YouTube attack ad,Economy; Pensions; State Budget; Florida,Julie Kliegman,"November 1, 2013",https://www.politifact.com/factchecks/2013/nov/01/republican-party-florida/florida-gop-says-alex-sink-oversaw-27b-loss-pensio/
Scott Walker,"September 24, 2013","""Wisconsin ranks No. 2 in economic growth"", according to the Federal Reserve Bank of Philadelphia.",mostly-false,news release,Economy; Wisconsin,James B. Nelson,"November 1, 2013",https://www.politifact.com/factchecks/2013/nov/01/scott-walker/gov-scott-walker-cites-philadelphia-fed-say-wiscon/
Julie Parrish,"October 2, 2013","""West Linn has one of the highest per capita rates of home-based businesses in the United States.""",false,House floor speech,Oregon; Economy,Dana Tims,"October 31, 2013",https://www.politifact.com/factchecks/2013/oct/31/julie-parrish/west-linn-national-leader-number-home-businesses-p/
Barack Obama,"October 17, 2013","""Half of all CEOs say that the shutdown and the threat of shutdown set back their plans to hire over the next six months.""",mostly-true,public address,National; Economy; Small Business,Julie Kliegman,"October 21, 2013",https://www.politifact.com/factchecks/2013/oct/21/barack-obama/half-all-ceos-say-shutdown-hiring-setback-six-mont/
Mary Burke,"October 13, 2013","""We’re 49th in the United States in new businesses created.""",mostly-true,interview,Economy; Jobs; Wisconsin,Dave Umhoefer,"October 20, 2013",https://www.politifact.com/factchecks/2013/oct/20/mary-burke/mary-burke-says-wisconsin-second-last-business-for/
Louie Gohmert,"October 15, 2013","""We went from $160 billion deficit spending in (President George W.) Bush's last year to $1.6 trillion the following year.""",mostly-false,interview with Fox News,National; Debt; Deficit; Economy; Federal Budget,Louis Jacobson,"October 18, 2013",https://www.politifact.com/factchecks/2013/oct/18/louie-gohmert/louie-gohmert-says-deficit-ballooned-160-billion-1/
Hank Johnson,"October 18, 2013","Says ""by reducing chronic health care costs in the State of Georgia, we can reduce the $32.8 billion lost each year due to lack of productivity and economic costs.""",mostly-true,letter,Georgia; Economy; Health Care,Eric Stirgus,"October 18, 2013",https://www.politifact.com/factchecks/2013/oct/18/hank-johnson/johnson-target-about-health-productivity-cost-link/
Rick Kriseman,"October 15, 2013","""Since Mr. Foster's been mayor, we have less small businesses in the city of St. Petersburg.""",false,a mayoral forum,Economy; Small Business; Florida,Julie Kliegman,"October 17, 2013",https://www.politifact.com/factchecks/2013/oct/17/rick-kriseman/st-petersburg-mayoral-candidate-rick-kriseman-says/
Suzanne Bonamici,"October 12, 2013","Says ""nearly 30,000"" federal employees in Oregon were furloughed during the government shutdown.",false,opinion piece.,Oregon; Economy; Federal Budget; Jobs,Ian K. Kullgren,"October 17, 2013",https://www.politifact.com/factchecks/2013/oct/17/suzanne-bonamici/were-30000-oregonians-employed-federal-government-/
Charles Schumer,"October 6, 2013","Because of the 2011 debt ceiling fight, ""the stock market lost 2,000 points.""",mostly-true,"interview on ABC's ""This Week""",National; Economy,Louis Jacobson,"October 8, 2013",https://www.politifact.com/factchecks/2013/oct/08/charles-schumer/charles-schumer-says-dow-jones-lost-2000-points-af/
Ted Cruz,"September 24, 2013","""Every month, we get the reports from the Bureau of Labor Statistics that say even more people have given up looking for work.""",mostly-false,Senate floor speech on the Obamacare law,Economy; Health Care; Jobs; Texas,W. Gardner Selby,"October 8, 2013",https://www.politifact.com/factchecks/2013/oct/08/ted-cruz/cruz-claim-about-more-americans-giving-job-searche/
John Boehner,"October 6, 2013","""This year, the federal government will have more revenue than any year in the history of our country.""",half-true,"interview on ABC's ""This Week""",National; Economy; Federal Budget; Taxes,Louis Jacobson,"October 7, 2013",https://www.politifact.com/factchecks/2013/oct/07/john-boehner/john-boehner-says-us-will-have-record-revenues-yea/
Debbie Wasserman Schultz,"October 1, 2013","The shutdown is projected to result in ""$10 billion in costs to the economy per week.""",mostly-true,tweet,Economy; Federal Budget; Florida,Amy Sherman,"October 3, 2013",https://www.politifact.com/factchecks/2013/oct/03/debbie-wasserman-schultz/debbie-wasserman-schultz-says-federal-shutdown-10-/
Dan Gelber,"September 13, 2013","""For the last decade, Floridians’ salaries have shrunk substantially"" when adjusted for inflation.",mostly-true,op-ed,Economy; Jobs; Florida,Rochelle Koff,"October 1, 2013",https://www.politifact.com/factchecks/2013/oct/01/dan-gelber/dan-gelber-says-florida-paychecks-arent-going-far-/
Robert Reich,"September 22, 2013","Under economic sanctions, ""now Iran is suffering 30 percent inflation, 20 percent unemployment.""",mostly-true,roundtable on ABC’s “This Week”,National; Economy; Foreign Policy; Pundits,Becky Bowers,"September 27, 2013",https://www.politifact.com/factchecks/2013/sep/27/robert-reich/robert-reich-says-under-sanctions-iran-suffering-3/
Michael Turner,"April 22, 2012","Some ""20,000 Delphi salaried retirees lost up to 70 percent of their pensions"" as a result of ""political favoritism and backroom deals.""",half-true,news release,Ohio; Corporations; Economy; Financial Regulation; Pensions; Unions,Stephen Koff,"September 24, 2013",https://www.politifact.com/factchecks/2013/sep/24/michael-turner/mike-turner-says-delphi-retirees-lost-pensions-pol/
Stephanie Cutter,"September 18, 2013","""One out of 10 minimum-wage workers in the U.S. live in Texas.""",true,"episode of CNN's ""Crossfire""",Economy; Pundits; Workers; Texas,W. Gardner Selby,"September 20, 2013",https://www.politifact.com/factchecks/2013/sep/20/stephanie-cutter/crossfire-anchor-undershoots-texans-comprising-one/
Rick Perry,"September 18, 2013","""Ninety-five percent of all the wages in Texas are above minimum wage.""",mostly-true,"interview on CNN's ""Crossfire""",Economy; Workers; Texas,W. Gardner Selby,"September 20, 2013",https://www.politifact.com/factchecks/2013/sep/20/rick-perry/perry-claim-about-nearly-all-texas-workers-earning/
Barry Smitherman,"August 26, 2013","According to an article in the Economist magazine, Americans are ""guaranteed"" to live above the poverty line if they graduate from high school, keep their first job for over a year and get and stay married.",half-true,prepared remarks for speech to Texas Alliance for Life,Economy; Education; Jobs; Marriage; Texas,W. Gardner Selby,"September 18, 2013",https://www.politifact.com/factchecks/2013/sep/18/barry-smitherman/smitherman-partially-captures-virtual-guarantee-es/
John Currie,"September 9, 2013",Unemployment in Texas has risen over two percentage points with Rick Perry as governor.,half-true,guest blog post,Economy; Jobs; Texas,W. Gardner Selby,"September 17, 2013",https://www.politifact.com/factchecks/2013/sep/17/john-currie/garden-state-democrat-compares-texas-jobless-rates/
John Boehner,"September 12, 2013","According to the most recent jobs report, ""we've got more Americans leaving the workforce than we have finding jobs.""",half-true,press conference,National; Economy; Jobs,Louis Jacobson,"September 16, 2013",https://www.politifact.com/factchecks/2013/sep/16/john-boehner/john-boehner-says-more-americans-are-leaving-work-/
Joe Atkins,"August 29, 2013","""Minnesota is kicking butt relative to Wisconsin on everything from employment and job creation to school test scores, educated work force and a host of other factors and rankings""",half-true,interview,Economy; Education; Jobs; Government Regulation; Small Business; States; Taxes; Wisconsin,Tom Kertscher,"September 16, 2013",https://www.politifact.com/factchecks/2013/sep/16/joe-atkins/rebuffing-scott-walker-minnesota-lawmaker-says-his/
James O'Neil,"September 1, 2013","""Wind power is the most undependable form of renewable energy.""",false,"appearance on ""10 News Conference.""",Environment; Rhode Island; Economy; Energy; Science; Technology,C. Eugene Emery Jr.,"September 8, 2013",https://www.politifact.com/factchecks/2013/sep/08/james-oneil/offshore-wind-power-critic-james-oneil-says-wind-p/
Rick Scott,"August 30, 2013","""We will have the highest general revenue in state history next year. Conservative pro-growth policies work in our state.""",mostly-false,speech at the Americans for Prosperity Foundation summit,Economy; Taxes; Florida,Katie Sanders,"September 6, 2013",https://www.politifact.com/factchecks/2013/sep/06/rick-scott/rick-scott-says-next-years-record-tax-collections-/
Rick Perry,"August 21, 2013","""Every year, more than $40 million are leaving Missouri for the Lone Star State.""",half-true,radio ad,Economy; Texas,W. Gardner Selby,"August 30, 2013",https://www.politifact.com/factchecks/2013/aug/30/rick-perry/dollars-dont-walk-perry-claim-about-missouri-roote/
Jay Nixon,"August 27, 2013","Says that ""unlike Texas, Missouri has a perfect AAA credit rating.""",true,radio advertisement,Economy; State Budget; States; Texas,W. Gardner Selby,"August 30, 2013",https://www.politifact.com/factchecks/2013/aug/30/jay-nixon/give-missouri-governor-comparison-credit-ratings-m/
Nikki Haley,"August 26, 2013","South Carolina has ""the fastest-growing economy in the Southeast.""",mostly-true,event to launch her reelection bid,National; Economy; States,Louis Jacobson,"August 30, 2013",https://www.politifact.com/factchecks/2013/aug/30/nikki-haley/nikki-haley-says-south-carolina-has-had-fastest-gr/
Scott Walker,"July 29, 2013","Says that in his first two years, ""Wisconsin has seen its best two-year job growth in a decade.""",false,campaign press statement,Economy; Jobs; Wisconsin,Dave Umhoefer,"August 19, 2013",https://www.politifact.com/factchecks/2013/aug/19/scott-walker/scott-walker-says-best-two-year-job-growth-came-du/
Federation for American Immigration Reform,"August 5, 2013","""Unemployment has been on the rise throughout Wisconsin"" as Paul Ryan stepped up his advocacy of ""immigration increases.""",mostly-false,news release,Immigration; Economy; Jobs; Wisconsin,Dave Umhoefer,"August 9, 2013",https://www.politifact.com/factchecks/2013/aug/09/federation-american-immigration-reform/group-says-wisconsin-jobless-rate-was-rise-while-p/
Wendy Davis,"July 29, 2013","""Texas women make an average of $8,355 less per year than men doing the very same job.""",mostly-false,email blast.,Economy; Jobs; Women; Workers; Texas,Andra Lim,"August 7, 2013",https://www.politifact.com/factchecks/2013/aug/07/wendy-davis/wendy-davis-says-men-paid-more-8000-more-women-sam/
Alan Krueger,"August 2, 2013","""Since the Affordable Care Act passed, 90 percent of job growth has been in full-time positions.""",true,interview with Bloomberg television,National; Economy; Jobs; Workers,Louis Jacobson,"August 7, 2013",https://www.politifact.com/factchecks/2013/aug/07/alan-krueger/alan-krueger-top-economist-obama-says-most-new-job/
Susan Collins,"August 3, 2013","""This year, the overwhelming majority of new jobs are part time.""",true,response to the president's Saturday address,National; Economy; Jobs; Workers,Louis Jacobson,"August 7, 2013",https://www.politifact.com/factchecks/2013/aug/07/susan-collins/susan-collins-says-year-overwhelming-majority-new-/
Barack Obama,"July 30, 2013","""This year, we're off to our best private-sector jobs growth since 1999.""",mostly-true,speech,National; Economy; Jobs,Louis Jacobson,"August 2, 2013",https://www.politifact.com/factchecks/2013/aug/02/barack-obama/barack-obama-says-year-best-start-private-sector-j/
David Cicilline,"July 21, 2013","""The Congressional Budget Office, a nonpartisan office, did an analysis and said that passing comprehensive immigration reform will reduce the federal deficit by $200 billion over the next decade.""",true,"appearance on WPRI-TV's ""Newsmakers"" program",Rhode Island; Children; Congress; Debt; Deficit; Economy; Families; Immigration; Legal Issues; Taxes; Workers,C. Eugene Emery Jr.,"August 1, 2013",https://www.politifact.com/factchecks/2013/aug/01/david-cicilline/us-rep-david-cicilline-says-passing-senate-approve/
Barack Obama,"July 24, 2013","The minimum wage is ""lower right now than it was when Ronald Reagan took office.""",mostly-true,speech,National; Economy; History; Workers,Louis Jacobson,"July 31, 2013",https://www.politifact.com/factchecks/2013/jul/31/barack-obama/barack-obama-says-minimum-wage-pays-less-now-when-/
Bloggers,"July 23, 2013",Ninety million Americans either aren’t working or aren’t looking for work.,mostly-false,various Internet postings,National; Economy,Louis Jacobson,"July 30, 2013",https://www.politifact.com/factchecks/2013/jul/30/blog-posting/are-90-million-americans-not-working-or-looking-wo/
Marco Rubio,"July 25, 2013","Under Obamacare, ""75 percent of small businesses now say they are going to be forced to either fire workers or cut their hours.""",pants-fire,FoxNews.com op-ed,National; Economy; Health Care; Jobs; Small Business,Becky Bowers,"July 29, 2013",https://www.politifact.com/factchecks/2013/jul/29/marco-rubio/sen-marco-rubio-says-75-small-businesses-say-theyl/
Republican Party of Florida,"July 25, 2013","Rick Scott  ""invested $38 million in the Port of Jacksonville's vital Mile Point Project,"" which ""covered missing federal funds for the project.""",mostly-true,newspaper ad,Economy; Federal Budget; State Budget; Florida,Katie Sanders,"July 26, 2013",https://www.politifact.com/factchecks/2013/jul/26/republican-party-florida/republicans-greet-obama-ad-touting-lack-federal-mo/
Barack Obama,"July 24, 2013","""Our businesses have created nearly twice as many jobs in this recovery as they had at the same point in the last recovery, when there was no Obamacare.""",half-true,speech,National; Economy; Jobs,Louis Jacobson,"July 26, 2013",https://www.politifact.com/factchecks/2013/jul/26/barack-obama/barack-obama-says-businesses-have-created-nearly-t/
Barack Obama,"July 24, 2013","""The income of the top 1 percent nearly quadrupled from 1979 to 2007, but the typical family’s incomes barely budged.""",true,speech,National; Economy; Income,Louis Jacobson,"July 25, 2013",https://www.politifact.com/factchecks/2013/jul/25/barack-obama/barack-obama-says-top-1-percent-saw-incomes-quadru/
Roger Williams,,Says Obama policies contributed to gas prices rising from $1.89 in January 2009 to $3.51 today.,mostly-false,,Economy; Energy; Gas Prices; Texas,Sue Owen,"July 23, 2013",https://www.politifact.com/factchecks/2013/jul/23/roger-williams/says-obama-policies-contributed-raising-gas-prices/
Al Gore,"June 11, 2013","The ocean is now ""much more acidic . . . than it has been for many millions of years.""",half-true,keynote address,Environment; Animals; Rhode Island; Climate Change; Economy; Energy; History; Population; Public Health; Science; Weather,C. Eugene Emery Jr.,"July 22, 2013",https://www.politifact.com/factchecks/2013/jul/22/al-gore/al-gore-says-ocean-acidity-levels-havent-been-high/
Scott Walker,"July 10, 2013","""We’re importing about 10 percent of our milk supply. We’re America’s Dairyland, but yet we don’t have enough milk in this state to meet the demand for our cheesemakers.""",mostly-true,interview,Agriculture; Economy; States; Wisconsin,Tom Kertscher,"July 22, 2013",https://www.politifact.com/factchecks/2013/jul/22/scott-walker/americas-dairyland-needs-import-10-its-milk-gov-sc/
Sheldon Whitehouse,"June 12, 2013","The oceans ""have become 30 percent more acidic.""",mostly-true,speech on the floor of the U.S. Senate,Environment; Animals; Rhode Island; Climate Change; Economy; Energy; History; Public Health; Science; Weather,C. Eugene Emery Jr.,"July 21, 2013",https://www.politifact.com/factchecks/2013/jul/21/sheldon-whitehouse/us-sen-sheldon-whitehouse-says-oceans-are-30-perce/
Lincoln Chafee,"June 5, 2013","Farming is ""one of the fastest growing areas of our economy.""",mostly-false,newspaper story,Agriculture; Rhode Island; Economy,Gregory Smith,"July 18, 2013",https://www.politifact.com/factchecks/2013/jul/18/lincoln-chafee/governor-lincoln-chafee-says-farming-one-fastest-g/
Charlene Lima,"June 26, 2013","Economic Development Commission Executive Director Keith Stokes ""sent me a letter and he said the taxpayers will never be on the hook for these bonds"" for 38 Studios.",true,speech on the floor of the Rhode Island House,Bankruptcy; Rhode Island; Corporations; Debt; Economy; History; Jobs; State Budget; Taxes,C. Eugene Emery Jr.,"July 10, 2013",https://www.politifact.com/factchecks/2013/jul/10/charlene-lima/rhode-island-rep-charlene-lima-said-economic-devel/
Tim Ryan,"June 11, 2013","""If you are born poor in America, we rank ninth or tenth in our citizens’ ability to climb up through that ladder and get themselves into the middle class.""",mostly-true,House of Representatives floor speech,Ohio; Economy; Education; Income,Sabrina  Eaton,"June 26, 2013",https://www.politifact.com/factchecks/2013/jun/26/tim-ryan/rep-tim-ryan-says-united-states-ranks-behind-other/
Rick Scott,"June 24, 2013","Says Florida didn’t offer special incentives to Deutsche Bank, which announced it will add 300 jobs in Florida.",pants-fire,TV interview,Economy; Jobs; Florida,Katie Sanders,"June 25, 2013",https://www.politifact.com/factchecks/2013/jun/25/rick-scott/gov-rick-scott-sidesteps-question-about-incentives/
Scott Walker,"June 16, 2013","Says the success of his economic agenda is supported by the fact ""we went from unemployment at 9.2 percent when I decided to run for governor four years ago to two points lower.""",mostly-false,television interview,Economy; Jobs; Wisconsin,Dave Umhoefer,"June 16, 2013",https://www.politifact.com/factchecks/2013/jun/16/scott-walker/scott-walker-says-success-office-reflected-2-point/
Harold Metts,"June 6, 2013","""Rhode Island has a [inmate] recidivism rate of over 60 percent.""",mostly-true,speech on the floor of the Rhode Island Senate,Rhode Island; Criminal Justice; Economy; Crime,C. Eugene Emery Jr.,"June 16, 2013",https://www.politifact.com/factchecks/2013/jun/16/harold-metts/state-sen-harold-metts-says-more-60-percent-inmate/
Oregon Republican Party,"May 29, 2013","Says a group ""estimates that the annual cost to Oregon taxpayers for government services to illegal aliens, after any income tax revenue from them, is $1 billion.""",mostly-false,a press release,Immigration; Oregon; Economy; Education; State Budget; Workers; Taxes,Janie Har,"June 15, 2013",https://www.politifact.com/factchecks/2013/jun/15/oregon-republican-party/do-illegal-aliens-cost-oregon-1-billion-year/
Abel Collins,"June 2, 2013","""RIPTA has really some of the fullest buses for its transit agency size around the country.""",mostly-true,"interview on WJAR-TV's ""10 News Conference.""",Environment; Rhode Island; Economy; Energy; Infrastructure; State Budget; Transportation,C. Eugene Emery Jr.,"June 9, 2013",https://www.politifact.com/factchecks/2013/jun/09/abel-collins/sierra-clubs-abel-collins-says-rhode-island-public/
Bernie Sanders,"June 4, 2013","""Nearly 6 out of 10 believe that money and wealth should be more evenly distributed among a larger percentage of the people in the U.S.""",true,tweet,National; Economy; Income,Louis Jacobson,"June 6, 2013",https://www.politifact.com/factchecks/2013/jun/06/bernie-sanders/bernie-sanders-says-six-10-americans-say-wealth-sh/
Ted Cruz,"May 11, 2013","Says Americans ""invented ‘Pong,’ ‘Space Invaders’ and the iPhone.""",half-true,commencement address at Hillsdale College,Economy; Families; Patriotism; Science; Texas,W. Gardner Selby,"June 6, 2013",https://www.politifact.com/factchecks/2013/jun/06/ted-cruz/ted-cruz-says-americans-invented-pong-space-invade/
Gina Raimondo,"May 29, 2013","""The average student comes out of college hundreds of thousands of dollars in debt.""",false,interview with WJAR-TV,Rhode Island; Debt; Economy; Education,C. Eugene Emery Jr.,"June 6, 2013",https://www.politifact.com/factchecks/2013/jun/06/gina-raimondo/rhode-island-general-treasurer-gina-raimondo-says-/
Kasim Reed,"May 29, 2013",My office is about a 300-step walk to the governor's office.,mostly-true,leadership forum,Georgia; City Government; Economy,Janel Davis,"June 5, 2013",https://www.politifact.com/factchecks/2013/jun/05/kasim-reed/distance-between-deal-reed-can-be-measured-steps/
Frank Caprio,"May 19, 2013","Since Gina Raimondo took office, investment fees on the state's pension portfolio ""have gone up from about $12 million annually to about $50 million.""",half-true,"appearance on ""10 News Conference""",Rhode Island; Candidate Biography; Economy; Pensions; Retirement; Wealth; Workers,C. Eugene Emery Jr.,"June 2, 2013",https://www.politifact.com/factchecks/2013/jun/02/frank-caprio/ri-treasurer-candidate-frank-caprio-says-pension-i/
National Republican Congressional Committee,"May 23, 2013","Says 
""With nearly 75 percent of Americans supportive of the construction of the pipeline, Schrader needs to explain to Oregon families why he voted against this needed project.""",mostly-true,press release,Oregon; Climate Change; Congress; Economy; Energy; Environment; Regulation; Voting Record,Janie Har,"June 1, 2013",https://www.politifact.com/factchecks/2013/jun/01/national-republican-congressional-committee/did-kurt-schrader-vote-against-widely-supported-ke/
Charlie Smith,"May 6, 2013",The federal government could save $500 million annually by circulating $1 coins instead of $1 bills.,half-true,newspaper article,Georgia; Economy; Federal Budget,Janel Davis,"May 31, 2013",https://www.politifact.com/factchecks/2013/may/31/charlie-smith/too-much-value-placed-one-report-about-1-coins/
Rick Scott,"May 20, 2013","""We are already almost halfway to our 2010 goal of creating 700,000 new jobs in seven years.""",mostly-false,2013-14 veto message,Economy; Jobs; Florida,Katie Sanders,"May 20, 2013",https://www.politifact.com/factchecks/2013/may/20/rick-scott/gov-rick-scott-sticking-altered-700000-jobs-promis/
Barack Obama,"May 9, 2013","Says that according to a report, ""the tech sector now drives more than one-quarter of Austin’s economy.""",half-true,speech,Economy; Jobs; Texas,W. Gardner Selby,"May 17, 2013",https://www.politifact.com/factchecks/2013/may/17/barack-obama/barack-obama-says-austins-tech-sector-drives-more-/
Mike Foley,"April 23, 2013",Ohio’s lost more jobs in March than any other state in the nation.,mostly-true,news release,Ohio; Economy; Jobs,Robert Higgs,"May 13, 2013",https://www.politifact.com/factchecks/2013/may/13/mike-foley/state-rep-mike-foley-says-ohio-led-nation-job-loss/
Gilberto Hinojosa,"May 8, 2013","""The economy added more jobs during four years under Obama than it did in the entire eight years under George W. Bush.""",mostly-true,email blast.,Economy; Jobs; Texas,W. Gardner Selby,"May 9, 2013",https://www.politifact.com/factchecks/2013/may/09/gilberto-hinojosa/gilberto-hinojosa-says-nation-gained-more-jobs-oba/
Rick Perry,"May 9, 2013","""Over the last 10 years, Texas created 33 percent of the net new jobs nationwide.""",true,advertisement,Economy; Jobs; Texas,W. Gardner Selby,"May 9, 2013",https://www.politifact.com/factchecks/2013/may/09/rick-perry/rick-perry-says-texas-accounted-33-percent-nations/
Chris Clark,"April 30, 2013","In just six years, Georgia has dropped from first in the nation from a business-friendly legal climate to 24th.",mostly-false,meeting,Georgia; Economy; Legal Issues; Regulation,Eric Stirgus,"May 7, 2013",https://www.politifact.com/factchecks/2013/may/07/chris-clark/chamber-leader-errs-tort-reform-claim/
Ed FitzGerald,"April 24, 2013","""Just about everyone everywhere is spending more hours on the job, less time with their families, bringing home smaller and smaller paychecks, while they're paying more and more at the gas pump and the grocery stores.""",mostly-true,campaign speech,Ohio; Economy; Income; Jobs; Labor; Workers,Tom Feran,"May 3, 2013",https://www.politifact.com/factchecks/2013/may/03/ed-fitzgerald/ed-fitzgerald-says-people-are-working-longer-hours/
Jack Ohman,"April 25, 2013","Says the fertilizer plant that exploded in West, Texas,""had not been inspected by the state of Texas since 2006.""",false,column on an editorial cartoon.,Economy; Crime; Public Safety; Public Service; Texas,W. Gardner Selby,"May 1, 2013",https://www.politifact.com/factchecks/2013/may/01/jack-ohman/california-editorial-cartoonist-says-state-texas-l/
Texas State Employees Union,"April 1, 2013","""Most state employees did not receive any pay raise from 2009 to 2012.""",true,organization web page.,Economy; State Budget; Workers; Texas,W. Gardner Selby,"April 29, 2013",https://www.politifact.com/factchecks/2013/apr/29/texas-state-employees-union/employee-group-says-most-state-workers-did-not-fie/
Ron Johnson,"March 26, 2013","A recent study of a proposed cap-and-trade policy’s effect on Wisconsin consumers showed it could ""raise gasoline prices by 141 percent and electricity rates by 171 percent"" by 2030.",mostly-false,constituent email,Environment; Economy; Gas Prices; Wisconsin,Dave Umhoefer,"April 28, 2013",https://www.politifact.com/factchecks/2013/apr/28/ron-johnson/ron-johnson-says-recent-study-showed-wisconsin-gas/
Mark Johnson,"April 11, 2013","Says ""Every legislative district in the state has at least one craft brewery and countless home brewers.""",false,floor speech,Alcohol; Oregon; Economy,Yuxing Zheng,"April 27, 2013",https://www.politifact.com/factchecks/2013/apr/27/mark-johnson/there-craft-brewery-every-legislative-district-ore/
Gina Raimondo,"April 8, 2013","""Women make 77 cents for every dollar earned by men.""",half-true,tweet promoting Equal Pay Day,Rhode Island; Economy; Income; Poverty; Wealth; Women; Workers,C. Eugene Emery Jr.,"April 18, 2013",https://www.politifact.com/factchecks/2013/apr/18/gina-raimondo/ri-treasurer-gina-raimondo-repeats-oft-quoted-misl/
Jodie Laubenberg,"April 4, 2013","Says Texas state funds were spent on ""a TV series on spouses cheating on their wives, kind of glorifying the act of cheating.""",mostly-true,Texas House floor debate.,Economy; Marriage; Pop Culture; State Budget; Texas,W. Gardner Selby,"April 15, 2013",https://www.politifact.com/factchecks/2013/apr/15/jodie-laubenberg/jodie-laubenberg-says-state-money-supports-tv-show/
Ban the Box RI,"March 20, 2013","""In Rhode Island, 28 percent of adults released from state prisons are re-incarcerated within a year.""",true,video posted on YouTube,Rhode Island; Criminal Justice; Economy; Jobs; Legal Issues; Crime; Government Regulation; Public Safety; Privacy Issues,Michael  McKinney,"April 15, 2013",https://www.politifact.com/factchecks/2013/apr/15/ban-the-box-ri/video-says-28-percent-adults-released-rhode-island/
One New Jersey,"April 9, 2013","""Under Republican Chris Christie, New Jersey had the highest increase in unemployment in the country last year. Nearly 1 in 10 jobless. The worst unemployment in the region. Near the bottom in economic growth, yet Christie protected a tax cut for millionaires but vetoed a minimum wage hike.""",mostly-true,TV ad,New Jersey; Economy; Jobs; States,Caryn Shinske,"April 14, 2013",https://www.politifact.com/factchecks/2013/apr/14/one-new-jersey/new-anti-chris-christie-ad-democratic-group-mostly/
Cathy McMorris Rodgers,"April 10, 2013","""We have the fewest people employed in this country since 1979.""",half-true,interview with NPR,National; Economy; Labor,Louis Jacobson,"April 12, 2013",https://www.politifact.com/factchecks/2013/apr/12/cathy-mcmorris-rodgers/rep-cathy-mcmorris-rodgers-says-fewer-now-working-/
Jim Taricani,"March 24, 2013","""No one knows who bought the [38 Studios] bonds. And there was some language put in the bond offer that they must remain anonymous.""",half-true,"comment made on ""10 News Conference.""",Bankruptcy; Rhode Island; Corporations; Economy; Transparency,C. Eugene Emery Jr.,"April 8, 2013",https://www.politifact.com/factchecks/2013/apr/08/jim-taricani/jim-taricani-says-38-studios-bond-offer-promised-a/
Will Weatherford,"March 19, 2013","""Almost 1,000 people a day"" are moving to Florida ""because they are more free here than they are in some other states.""",mostly-false,Americans for Prosperity-Florida rally,Economy; Population; Florida,Katie Sanders,"April 2, 2013",https://www.politifact.com/factchecks/2013/apr/02/will-weatherford/will-weatherford-says-1000-people-day-move-florida/
Jim Jordan,"March 19, 2013","The national debt is ""larger than our entire annual economy.""",mostly-true,congressional hearing,Ohio; Debt; Economy,Sabrina  Eaton,"March 28, 2013",https://www.politifact.com/factchecks/2013/mar/28/jim-jordan/rep-jim-jordan-says-national-debt-larger-our-entir/
Sal Albanese,"March 24, 2013","An annual income of $500,000 ""in Manhattan, believe it or not, is middle class.""",false,joint mayoral candidates' appearance on MSNBC,National; Economy,Louis Jacobson,"March 27, 2013",https://www.politifact.com/factchecks/2013/mar/27/sal-albanese/does-earning-500000-manhattan-make-you-middle-clas/
Jeff Mullis,"March 6, 2013","Georgia loses ""millions of dollars of revenue because people go out of state to buy fireworks.""",mostly-true,meeting,Georgia; Economy; States,Eric Stirgus,"March 22, 2013",https://www.politifact.com/factchecks/2013/mar/22/jeff-mullis/lawmaker-says-georgia-loses-out-fireworks-revenue/
John Kasich,"March 15, 2013","""Under Gov. Kasich, Ohio wages have increased by $10.3 billion.""",true,tweet,Ohio; Economy; Jobs,Tom Feran,"March 21, 2013",https://www.politifact.com/factchecks/2013/mar/21/john-kasich/gov-john-kasich-says-ohio-wages-are-more-10-billio/
Marco Rubio,"March 14, 2013","""There are 3 million jobs available in America that are not filled because too many of our people don’t have the skills for those jobs.""",half-true,speech at the conservative CPAC conference,Economy; Jobs; Florida,Louis Jacobson,"March 14, 2013",https://www.politifact.com/factchecks/2013/mar/14/marco-rubio/marco-rubio-says-3-million-jobs-unfilled-due-lack-/
Ron Book,"March 6, 2013","""Super Bowl L by everybody's estimation is a $500 million economic impact to the state of Florida.""",false,state legislative committee hearing,Economy; Sports; Florida,Amy Sherman,"March 14, 2013",https://www.politifact.com/factchecks/2013/mar/14/ron-book/dolphins-lobbyist-says-super-bowl-50-everybodys-es/
Virginia Foxx,"March 12, 2013","""There are 3.6 million jobs sitting vacant, in part because there aren’t enough qualified applicants to fill them.""",mostly-true,House floor speech,National; Economy; Jobs,Louis Jacobson,"March 14, 2013",https://www.politifact.com/factchecks/2013/mar/14/virginia-foxx/rep-virginia-foxx-warns-mismatch-between-skills-av/
Eric Cantor,"February 5, 2013","""Over the last 20 years, the world has changed. It used to be that one could make a career out of working for one company. Today, the average worker stays at his or her job for barely four years.""",mostly-false,speech.,Economy; Jobs; Virginia,Nancy  Madsen,"March 12, 2013",https://www.politifact.com/factchecks/2013/mar/12/eric-cantor/cantor-says-job-longevity-has-decreased-during-las/
Rick Scott,"March 5, 2013","A ""legacy of taxing and borrowing … crippled the economy we inherited two years ago.""",false,his State of the State speech,Corrections and Updates; Economy; State Budget; Taxes; Florida,Louis Jacobson,"March 5, 2013",https://www.politifact.com/factchecks/2013/mar/05/rick-scott/rick-scott-blames-legacy-taxing-and-borrowing-poor/
Carolyn Medeiros,"February 18, 2013","""There's a tax credit of $2,400 to bond [former inmates] that an employer would get for hiring a convicted felon. There's a federal bonding program -- you can get $5,000 to $25,000 in federal money to hire a convicted felon. And there's federal grants for felons to set up their own small businesses.""",mostly-false,radio interview,Rhode Island; Civil Rights; Criminal Justice; Economy; Crime; Poverty; Public Safety; Workers,C. Eugene Emery Jr.,"March 3, 2013",https://www.politifact.com/factchecks/2013/mar/03/carolyn-medeiros/leader-alliance-safe-communities-says-employers-ca/
Kevin McCarthy,"February 25, 2013","Says the federal government is earning more tax revenue now ""than any other time.""",mostly-false,interview on Fox News,National; Economy; Federal Budget; Taxes,Becky Bowers,"February 28, 2013",https://www.politifact.com/factchecks/2013/feb/28/kevin-mccarthy/rep-kevin-mccarthy-says-federal-government-has-mor/
Gary Sasse,"February 10, 2013","Of six Rhode Island tax-credit programs worth about $35 million, ""three companies got 90 percent of that -- CVS and two companies not even located in the state of Rhode Island.""",true,appearance on 10 News Conference,Rhode Island; Corporations; Debt; Deficit; Economy; Small Business; State Budget; Taxes,C. Eugene Emery Jr.,"February 24, 2013",https://www.politifact.com/factchecks/2013/feb/24/gary-sasse/gary-sasse-says-90-percent-35-million-tax-credits-/
Sarah Eckhardt,"February 18, 2013",Says Travis County's unemployment rate is below the national average while its poverty rate exceeds the national average--and local poverty is rising.,mostly-true,email blast.,Corrections and Updates; Economy; Jobs; Poverty; Texas,W. Gardner Selby,"February 21, 2013",https://www.politifact.com/factchecks/2013/feb/21/sarah-eckhardt/sarah-eckhardt-says-unemployment-travis-county-low/
Bob Stacey,"November 26, 2012","Says ""If Oregon’s Legislature simply authorizes $450 million for the CRC, it will … leave Oregon holding the bag for a great deal more cost responsibility.""",false,a memo,Environment; Oregon; Debt; Economy; Infrastructure; State Budget; Transportation,Christian Gaston,"February 20, 2013",https://www.politifact.com/factchecks/2013/feb/20/bob-stacey/will-washington-leave-oregon-holding-bag-columbia-/
Marco Rubio,"February 12, 2013","""Our economy actually shrank during the last three months of 2012.""",true,Republican response to the State of the Union Address,Economy; Jobs; Florida,Louis Jacobson,"February 13, 2013",https://www.politifact.com/factchecks/2013/feb/13/marco-rubio/marco-rubio-says-us-economy-shrank-last-quarter-20/
Barack Obama,"February 12, 2013","""After shedding jobs for more than 10 years, our manufacturers have added about 500,000 jobs over the past three.""",true,State of the Union Address,National; Economy; Jobs,Louis Jacobson,"February 13, 2013",https://www.politifact.com/factchecks/2013/feb/13/barack-obama/barack-obama-says-us-has-created-half-million-manu/
Keith Faber,"January 7, 2013","""Ohio is doing better right now than the national average on all the (economic) numbers.""",half-true,newspaper interview,Ohio; Economy,Tom Feran,"February 4, 2013",https://www.politifact.com/factchecks/2013/feb/04/keith-faber/ohio-senate-president-keith-faber-says-all-ohios-e/
Rodney Frelinghuysen,"January 15, 2013","Says ""the area damaged by Hurricane Sandy represents roughly 10 percent of our nation's economy.""",mostly-true,speech on the House floor,New Jersey; Economy; Weather,Bill Wichert,"January 31, 2013",https://www.politifact.com/factchecks/2013/jan/31/rodney-frelinghuysen/hurricane-sandy-damaged-area-representing-about-10/
Sean Hannity,"January 20, 2013","Under President Barack Obama, ""8.3 (million) fewer Americans are working today than there were four years ago.""",false,his Fox News show,National; Economy; Jobs; Pundits,Louis Jacobson,"January 25, 2013",https://www.politifact.com/factchecks/2013/jan/25/sean-hannity/sean-hannity-says-under-president-barack-obama-83-/
Terry McAuliffe,"December 5, 2012","Says Virginia economic development officials ""decided they didn’t want to bid on"" his company's electric automobile plant.",false,news conference.,Candidate Biography; China; Economy; Energy; Virginia,Nancy  Madsen,"January 24, 2013",https://www.politifact.com/factchecks/2013/jan/24/terry-mcauliffe/terry-mcauliffe-says-virginia-officials-decided-no/
Ted Strickland,"January 8, 2013","Says Ohio’s economic recovery ""started in February 2010.""",mostly-true,news release,Ohio; Economy,Henry J.  Gomez,"January 24, 2013",https://www.politifact.com/factchecks/2013/jan/24/ted-strickland/ted-strickland-says-ohios-economic-turnaround-bega/
Scott Walker,"January 15, 2013","""Nearly a quarter of all adults in this state have some college credit without a degree.""",mostly-true,speech,Economy; Education; Jobs; Wisconsin,Dave Umhoefer,"January 21, 2013",https://www.politifact.com/factchecks/2013/jan/21/scott-walker/gov-scott-walker-says-nearly-quarter-wisconsin-adu/
Scott Walker,"January 4, 2013","""Thanks to Washington, nearly everyone will pay more in taxes in 2013. Somehow people think it's just the wealthy. It's not.""",half-true,tweet,Economy; Federal Budget; State Budget; Taxes; Wisconsin,Dave Umhoefer,"January 20, 2013",https://www.politifact.com/factchecks/2013/jan/20/scott-walker/gov-scott-walker-says-nearly-everyone-will-pay-mor/
Chris Christie,"January 8, 2013","""In total, we have added nearly 75,000 private sector jobs in New Jersey since we took office in January 2010.""",true,State of the State address,New Jersey; Economy; Jobs,Caryn Shinske,"January 20, 2013",https://www.politifact.com/factchecks/2013/jan/20/chris-christie/chris-christie-says-states-gained-75000-private-se/
Scott Walker,"January 15, 2013","Kohl’s Department Stores in 2012 ""announced the creation of 3,000 new jobs.""",half-true,speech,Corporations; Economy; Jobs; Wisconsin,Tom Kertscher,"January 19, 2013",https://www.politifact.com/factchecks/2013/jan/19/scott-walker/citing-his-accomplishments-gov-scott-walker-says-b/
Dawson Hodgson,"January 3, 2013","""The amount of money that we put into running our own state legislature is nearly as much as we put into the University of Rhode Island.""",false,radio interview,Rhode Island; Economy; Education; State Budget,Michael  McKinney,"January 13, 2013",https://www.politifact.com/factchecks/2013/jan/13/dawson-hodgson/rhode-island-sen-dawson-hodgson-says-state-spends-/
James Bennett,"January 1, 2013","""Our numbers are going up at the airport.""",pants-fire,Gov. Lincoln Chafee YouTube video,Rhode Island; Economy; Tourism; Transportation,C. Eugene Emery Jr.,"January 10, 2013",https://www.politifact.com/factchecks/2013/jan/10/james-bennett/providence-economic-development-director-james-ben/
Zell Miller,"December 11, 2012","""[T]he Georgia Dome has returned $10 billion in economic impact to the state of Georgia.""",false,op-ed,Georgia; Economy; Tourism,Eric Stirgus,"December 21, 2012",https://www.politifact.com/factchecks/2012/dec/21/zell-miller/stadium-claim-flagged-faulty-numbers/
Larry Kilgore,"November 23, 2012",Says Texas economy is about 30 percent larger than Australia’s.,false,New York Times news story,Economy; States; Texas,Sue Owen,"December 20, 2012",https://www.politifact.com/factchecks/2012/dec/20/larry-kilgore/larry-kilgore-says-texas-economy-about-30-percent-/
Texas secession petition,"November 9, 2012",Says Texas has the 15th largest economy in the world.,true,"White House's ""We the People"" petition web site",Economy; States; Texas,Sue Owen,"December 18, 2012",https://www.politifact.com/factchecks/2012/dec/18/texas-petition/secession-petition-says-texas-has-15th-largest-eco/
Mike Tate,"December 3, 2012","""Scott Walker has even removed the 250,000 jobs promise from his website.""",false,blog post,Economy; Jobs; Workers; Wisconsin,James B. Nelson,"December 17, 2012",https://www.politifact.com/factchecks/2012/dec/17/mike-tate/wisconsin-gov-scott-walker-erased-his-pledge-creat/
Lou Greenwald,"December 4, 2012","""Right now one of our highest job growth sectors is Leisure and Hospitality. We've added jobs that mostly fall within the restaurant and bar sector industry. These are not high-paying jobs, as the U.S. Department of Labor estimates this is an industry sector with the lowest average wages and the lowest proportion of its workforce earning minimum or subminimum wage jobs.""",mostly-true,press conference,New Jersey; Economy; Jobs; Labor,Caryn Shinske,"December 16, 2012",https://www.politifact.com/factchecks/2012/dec/16/lou-greenwald/lou-greenwald-says-low-paying-jobs-seeing-most-gro/
Barack Obama,"December 5, 2012","""If the House of Representatives fails to extend the middle-class tax cuts, 400,000 middle-class Rhode Island families will see their federal income taxes increase.""",false,report,Rhode Island; Economy; Families; Federal Budget; Income; Taxes,C. Eugene Emery Jr.,"December 16, 2012",https://www.politifact.com/factchecks/2012/dec/16/barack-obama/obama-says-fiscal-cliff-poses-risk-400000-middle-c/
Rick Scott,"December 11, 2012","Under Charlie Crist, Florida lost 825,000 jobs and the unemployment rate increased from 3.5 percent to 11.1 percent.",half-true,news conference,Economy; Jobs; Florida,Katie Sanders,"December 14, 2012",https://www.politifact.com/factchecks/2012/dec/14/rick-scott/rick-scott-says-floridas-economy-soured-under-char/
Dennis Kucinich,"November 27, 2012","""Fourteen million Americans' mortgages are greater than the value of their homes.""",true,speech on the House floor,Ohio; Economy; Housing,Tom Feran,"December 14, 2012",https://www.politifact.com/factchecks/2012/dec/14/dennis-kucinich/dennis-kucinich-says-mortgages-14-million-american/
Pew Environment Group,"December 11, 2012","""In recent years, menhaden numbers along our coast have plummeted by 90 percent.""",mostly-false,newspaper advertisement,Environment; Animals; Rhode Island; Economy; Regulation,C. Eugene Emery Jr.,"December 14, 2012",https://www.politifact.com/factchecks/2012/dec/14/pew-environment-group/pew-environment-group-says-atlantic-menhaden-popul/
John Kasich,"November 29, 2012","Agriculture ""is the strongest industry in Ohio.""",true,speech to the Ohio Farm Bureau,Agriculture; Ohio; Economy,Tom Feran,"December 12, 2012",https://www.politifact.com/factchecks/2012/dec/12/john-kasich/john-kasich-says-agriculture-strongest-industry-oh/
Lincoln Chafee,"December 1, 2012","""The five economic indicators that the federal government tracks - for the first time since August 2006 - were positive this October.""",true,newspaper interview,Rhode Island; Economy,John Hill,"December 9, 2012",https://www.politifact.com/factchecks/2012/dec/09/lincoln-chafee/rhode-island-governor-lincoln-chafee-says-five-eco/
Anne Goodman,"December 3, 2012","Says food stamp growth, while high, lagged the rise in unemployment.",true,interview with The Plain Dealer,Ohio; Economy; Poverty,Stephen Koff,"December 6, 2012",https://www.politifact.com/factchecks/2012/dec/06/anne-goodman/cleveland-food-bank-executive-anne-goodman-says-fo/
John  Kitzhaber,"December 3, 2012","Says that in 2011, Oregon had ""the second fastest growing economy in the nation.""",true,speech.,Oregon; Economy; Jobs,Ian K. Kullgren,"December 5, 2012",https://www.politifact.com/factchecks/2012/dec/05/john-kitzhaber/did-oregon-have-nations-second-fastest-growing-eco/
Pam Bondi,"November 28, 2012","""National studies are already showing the negative effects that the health care law is having on businesses and our economy. Businesses across the country are raising their prices … (or) cutting jobs as a result of the added cost.""",false,remarks to the Florida Chamber of Commerce,Economy; Health Care; Jobs; Workers; Florida,Angie Drobnic Holan,"November 30, 2012",https://www.politifact.com/factchecks/2012/nov/30/pam-bondi/pam-bondi-said-national-studies-show-businesses-ar/
Sheldon Whitehouse,"November 18, 2012","""We have more people working in clean and green energy than in oil and gas in this country.""",true,newspaper column,Environment; Rhode Island; Economy; Energy; Jobs; Labor; Technology,John Hill,"November 30, 2012",https://www.politifact.com/factchecks/2012/nov/30/sheldon-whitehouse/sen-sheldon-whitehouse-says-more-people-us-work-gr/
Jobs Ohio,"November 17, 2012","""In the past year alone, Ohio businesses have created more jobs than almost every other state in the country.""",true,television ad,Ohio; Economy; Jobs,Henry J.  Gomez,"November 29, 2012",https://www.politifact.com/factchecks/2012/nov/29/jobs-ohio/jobs-ohio-claims-buckeye-state-nearly-tops-new-job/
Ron Johnson,"October 10, 2012","Says President Barack Obama ""did not come into office with the economy in a free fall.""",half-true,television interview,Economy; Wisconsin,James B. Nelson,"November 26, 2012",https://www.politifact.com/factchecks/2012/nov/26/ron-johnson/sen-ron-johnson-says-economy-was-not-free-fall-whe/
Rob Portman,"November 9, 2012","Budget analysts say the looming tax hikes and spending cuts would  ""take us into a recession and kill jobs.""",true,newspaper interview,Ohio; Deficit; Economy; Federal Budget; Jobs,Stephen Koff,"November 15, 2012",https://www.politifact.com/factchecks/2012/nov/15/rob-portman/rob-portman-says-cbo-warns-trip-over-fiscal-cliff-/
People's Majority,"October 30, 2012","""Sheldon Whitehouse [got] a secret closed-door briefing, warning of the [2008 economic] crash.""",pants-fire,TV commercial,Bankruptcy; Rhode Island; Bush Administration; Candidate Biography; Congress; Corporations; Economy; Ethics; Financial Regulation; History; Legal Issues; Government Regulation; Message Machine 2012; Negative Campaigning,C. Eugene Emery Jr.,"November 3, 2012",https://www.politifact.com/factchecks/2012/nov/03/peoples-majority/super-pac-peoples-majority-says-us-sen-sheldon-whi/
Michael Moore,"November 2, 2012","Says during George W. Bush’s administration ""we were losing millions of jobs per month,"" while under Barack Obama we have ""three years of gaining hundreds of thousands of jobs per month.""",false,tweet,National; Economy; History; Jobs,Louis Jacobson,"November 2, 2012",https://www.politifact.com/factchecks/2012/nov/02/michael-moore/michael-moore-said-us-lost-millions-jobs-month-und/
Michael McCaul,"October 22, 2012","Says U.S. corporate tax rate is ""highest in the world at 35 percent.""",mostly-true,League of Women Voters guide for Texas and Austin voters,Economy; Federal Budget; Jobs; Taxes; Texas,Sue Owen,"November 1, 2012",https://www.politifact.com/factchecks/2012/nov/01/michael-mccaul/michael-mccaul-says-us-corporate-tax-rate-worlds-h/
Barry Hinckley,"October 24, 2012","Sheldon Whitehouse voted for a ""$525-billion tax increase on the middle class.""",pants-fire,television commercial,Rhode Island; Economy; Health Care; Message Machine 2012; Voting Record; Taxes,C. Eugene Emery Jr.,"November 1, 2012",https://www.politifact.com/factchecks/2012/nov/01/barry-hinckley/us-senate-candidate-barry-hinckley-says-incumbent-/
Sherrod Brown,"October 16, 2012","""There is no war on coal. Period. There are more coal jobs and more coal produced in Ohio than there were five years ago, in spite of the talking points and the yard signs.""",true,debate,Environment; Ohio; Economy; Energy; Jobs,Aaron Marshall,"October 31, 2012",https://www.politifact.com/factchecks/2012/oct/31/sherrod-brown/sherrod-brown-says-coal-jobs-and-coal-production-b/
Clint Eastwood,"October 24, 2012","""We borrow $4 billion every single day, much of it from China.""",half-true,a TV ad,National; China; Debt; Economy; Federal Budget; Foreign Policy; Message Machine 2012,Becky Bowers,"October 30, 2012",https://www.politifact.com/factchecks/2012/oct/30/clint-eastwood/clint-eastwood-says-ad-us-borrows-4-billion-day-mu/
Tim Kaine,"October 18, 2012","Bill Clinton presided over ""the biggest expansion of the American economy since World War II.""",mostly-true,debate.,Economy; Virginia,Nancy  Madsen,"October 29, 2012",https://www.politifact.com/factchecks/2012/oct/29/tim-kaine/tim-kaine-says-bill-clinton-presided-over-biggest-/
Mitt Romney,"October 22, 2012","""6,400 Ohioans ... lost manufacturing jobs in the month of September.""",mostly-true,news release,Ohio; Economy; Jobs,Stephen Koff,"October 26, 2012",https://www.politifact.com/factchecks/2012/oct/26/mitt-romney/mitt-romney-camp-says-6400-ohioans-lost-manufactur/
Ted Strickland,"October 17, 2012","Says Gov. John  Kasich incorrectly claimed Ohio’s economy was 38th in the nation when he took office. ""We were sixth in the nation in terms of economic job growth.""",false,interview on CNN,Ohio; Economy; Jobs,Sabrina  Eaton,"October 25, 2012",https://www.politifact.com/factchecks/2012/oct/25/ted-strickland/ted-strickland-claims-john-kasich-undersold-condit/
Diane Hurley,"October 14, 2012","""Connecticut's take on slot machines is 25 cents on the dollar. And the state's take on table games:  zero.""",true,"interview on ""10 News Conference""",Rhode Island; Economy; Gambling; State Budget,John Hill,"October 25, 2012",https://www.politifact.com/factchecks/2012/oct/25/diane-hurley/ceo-newport-grand-slot-parlor-says-connecticut-get/
Mitt Romney,"October 22, 2012","""Latin America’s economy is almost as big as the economy of China.""",half-true,third presidential debate,National; Economy; Foreign Policy,Louis Jacobson,"October 23, 2012",https://www.politifact.com/factchecks/2012/oct/23/mitt-romney/mitt-romney-says-latin-americas-economy-almost-big/
Barack Obama,"October 22, 2012","""Veterans’ unemployment is actually now lower than (the) general population. It was higher when I came into office.""",half-true,third presidential debate,National; Economy; Jobs; Veterans,Louis Jacobson,"October 23, 2012",https://www.politifact.com/factchecks/2012/oct/23/barack-obama/barack-obama-touts-his-record-improving-employment/
David Cicilline,"October 16, 2012","""There are more oil rigs in operation in the United States than the rest of the world combined.""",false,debate,Environment; Rhode Island; Corporations; Debt; Economy; Energy; Federal Budget; Gas Prices; Infrastructure; Government Regulation,C. Eugene Emery Jr.,"October 22, 2012",https://www.politifact.com/factchecks/2012/oct/22/david-cicilline/us-rep-david-cicilline-says-us-has-more-oil-rigs-o/
Crossroads GPS,"October 9, 2012","""Sherrod Brown supported President Obama's $453 billion tax increase.""",mostly-false,television ad,Ohio; Economy; Jobs; Message Machine 2012; Taxes,Tom Feran,"October 18, 2012",https://www.politifact.com/factchecks/2012/oct/18/crossroads-gps/crossroads-gps-says-sherrod-brown-backed-obamas-45/
Barack Obama,"October 16, 2012","Says his administration has created ""5 million jobs … over the last 30 months in the private sector alone.""",half-true,second presidential debate,National; Economy; Jobs,Louis Jacobson,"October 17, 2012",https://www.politifact.com/factchecks/2012/oct/17/barack-obama/barack-obama-says-his-administration-has-created-5/
Nathan Deal,"October 1, 2012","The  Georgia Department of Economic Development assisted with the creation of 28,776 jobs, an increase of 29 percent from last fiscal year, and $5.97 billion in investments, a 32 percent increase.",half-true,news release,Georgia; Economy; Jobs,Janel Davis,"October 16, 2012",https://www.politifact.com/factchecks/2012/oct/16/nathan-deal/gov-nathan-deal-touts-jobs-creation-investment/
James Langevin,"October 9, 2012","""Under the Obama administration, we are drilling and producing more domestic energy supplies than we ever had before.""",half-true,debate,Environment; Rhode Island; Economy; Energy,C. Eugene Emery Jr.,"October 16, 2012",https://www.politifact.com/factchecks/2012/oct/16/james-langevin/us-rep-james-langevin-says-more-energy-being-produ/
Coalition to Bring Jobs to R.I.,"October 5, 2012","""By voting to approve [Question 1], we can . . . save 900 jobs"" at Twin River.",mostly-false,TV commercial,Rhode Island; Economy; Gambling; Jobs; Message Machine 2012; State Budget; Workers,C. Eugene Emery Jr.,"October 14, 2012",https://www.politifact.com/factchecks/2012/oct/14/coalition-bring-jobs-ri/twin-river-linked-organization-says-approval-table/
Mitt Romney,"October 6, 2012","""Since President Obama took office, there are over 450,000 more unemployed women.""",half-true,campaign ad,National; Economy; Jobs; Message Machine 2012; Women,Louis Jacobson,"October 10, 2012",https://www.politifact.com/factchecks/2012/oct/10/mitt-romney/mitt-romney-ad-says-under-barack-obama-there-are-4/
American Crossroads,"October 2, 2012","President Barack Obama’s ""spending drove us $5 trillion deeper in debt.""",half-true,campaign commercial,National; Debt; Deficit; Economy; Federal Budget; Message Machine 2012,Louis Jacobson,"October 9, 2012",https://www.politifact.com/factchecks/2012/oct/09/american-crossroads/ad-says-barack-obamas-spending-drove-us-5-trillion/
American Crossroads,"October 2, 2012","""This is what President Obama said the jobless rate would be if we passed the stimulus: 5.6 percent.""",mostly-false,TV ad,National; Candidate Biography; Economy; Jobs; Message Machine 2012; Stimulus,Becky Bowers,"October 9, 2012",https://www.politifact.com/factchecks/2012/oct/09/american-crossroads/ad-says-barack-obama-promised-jobless-rate-would-b/
American Future Fund,"October 1, 2012","Under Barack Obama, the U.S. now has the ""lowest workforce since (President Jimmy) Carter.""",mostly-false,campaign ad,National; Economy; History; Jobs; Message Machine 2012,Louis Jacobson,"October 8, 2012",https://www.politifact.com/factchecks/2012/oct/08/american-future-fund/ad-says-workforce-smaller-under-barack-obama-any-t/
Joseph Kyrillos,"October 4, 2012",Says under U.S. Sen. Robert Menendez’s watch the nation’s unemployment rate and debt doubled and the federal budget deficit quadrupled.,half-true,debate on NJTV,New Jersey; Candidate Biography; Debt; Deficit; Economy; Jobs,Erin O'Neill,"October 7, 2012",https://www.politifact.com/factchecks/2012/oct/07/joseph-kyrillos/joe-kyrillos-pins-blame-robert-menendez-rising-nat/
Barry Hinckley,"October 24, 2012","U.S. Sen. Sheldon Whitehouse ""rewarded Wall Street executives with millions in bonuses.""",pants-fire,television commercial,Rhode Island; Economy; Health Care; Message Machine 2012; Voting Record; Taxes,C. Eugene Emery Jr.,"October 7, 2012",https://www.politifact.com/factchecks/2012/oct/07/barry-hinckley/us-senate-candidate-barry-hinckley-says-incumbent-/
John Kasich,"September 29, 2012","""We're up 123,000 jobs over the last year and three-quarters. We're actually, according to the Bureau of Labor statistics, down 500 ... auto jobs in Ohio.""",mostly-true,television interview,Ohio; Economy; Jobs,Tom Feran,"October 5, 2012",https://www.politifact.com/factchecks/2012/oct/05/john-kasich/while-ohio-123000-jobs-2011-auto-jobs-are-down-joh/
Workers' Voice,"September 17, 2012",Says Mitt Romney’s investments created zero jobs.,pants-fire,mailer,National; Candidate Biography; Corporations; Economy; Jobs; Message Machine 2012,Becky Bowers,"October 1, 2012",https://www.politifact.com/factchecks/2012/oct/01/workers-voice/union-backed-ad-says-romneys-investments-created-z/
Barack Obama,"September 23, 2012","""Over the last four years, the deficit has gone up, but 90 percent of that is as a consequence of"" President George W. Bush’s policies and the recession.",false,"interview on CBS' ""60 Minutes""",National; Debt; Deficit; Economy,Louis Jacobson,"September 27, 2012",https://www.politifact.com/factchecks/2012/sep/27/barack-obama/barack-obama-says-hes-responsible-just-10-percent-/
Jennifer Beck,"September 20, 2012","""We have more people working in the state of New Jersey today than we've ever had in our history.""",false,interview with NJToday,New Jersey; Economy; Jobs; States,Erin O'Neill,"September 27, 2012",https://www.politifact.com/factchecks/2012/sep/27/jennifer-beck/jennifer-beck-claims-more-people-are-working-new-j/
AFSCME,"September 4, 2012","Says Republican U.S. Senate candidate Tommy Thompson ""supports massive tax cuts for corporations that outsource Wisconsin jobs.""",half-true,TV ad,Economy; Jobs; Message Machine 2012; Taxes; Wisconsin,Dave Umhoefer,"September 26, 2012",https://www.politifact.com/factchecks/2012/sep/26/afscme/afscme-says-thompson-backs-big-tax-cuts-companies-/
Chris Devaney,"September 4, 2012","President Obama campaign surrogate Maryland Gov. Martin O’Malley ""acknowledged that we are not better off than we were four years ago.""",half-true,Tennessee Republican Party web site posting,Tennessee; Economy,Michael Collins,"September 21, 2012",https://www.politifact.com/factchecks/2012/sep/21/chris-devaney/tennessee-gop-chairman-says-obama-surrogate-admits/
Restore Our Future,"September 19, 2012","""Eight million Americans have dropped out of the work force since (Barack) Obama became president. ... The real unemployment rate is 19 percent.""",mostly-false,campaign ad,National; Economy; Jobs; Message Machine 2012,Louis Jacobson,"September 21, 2012",https://www.politifact.com/factchecks/2012/sep/21/restore-our-future/mitt-romney-aligned-group-says-real-unemployment-r/
Mitt Romney,"September 19, 2012","""Redistribution"" has ""never been a characteristic of America.""",pants-fire,remarks,National; Economy; Federal Budget; History; Taxes,Louis Jacobson,"September 20, 2012",https://www.politifact.com/factchecks/2012/sep/20/mitt-romney/mitt-romney-says-redistribution-has-never-been-cha/
Americans For Tax Reform,"September 19, 2012","""Since President Obama took office, over 88,000 Ohio workers have lost their jobs.""",half-true,election flier,Ohio; Debt; Deficit; Economy; Federal Budget; Stimulus,Tom Feran,"September 20, 2012",https://www.politifact.com/factchecks/2012/sep/20/americans-tax-reform/americans-tax-reform-claims-88000-ohioans-have-los/
Mitt Romney,"September 17, 2012","""Under Obama, families have lost over $4,000 a year in income.""",half-true,campaign ad,National; Economy; Income; Message Machine 2012,Molly Moorhead,"September 19, 2012",https://www.politifact.com/factchecks/2012/sep/19/mitt-romney/romney-ad-faults-obama-falling-incomes/
Mitt Romney,"May 17, 2012","Says President Obama promised ""he'd keep unemployment below 8 percent"" if the stimulus passed.",mostly-false,private campaign fundraiser,National; Economy,Molly Moorhead,"September 18, 2012",https://www.politifact.com/factchecks/2012/sep/18/mitt-romney/romney-repeats-claim-obama-promised-unemployment-w/
Rick Scott,"September 13, 2012",The significant drop in Florida’s unemployment rate is a good economic sign.,mostly-false,Enterprise Florida meeting,Economy; Florida,Toluse Olorunnipa,"September 17, 2012",https://www.politifact.com/factchecks/2012/sep/17/rick-scott/rick-scott-brags-about-floridas-declining-unemploy/
Rick Scott,"August 20, 2012","After hearing ""the frustrations parents and teachers have with the FCAT,"" next year ""we begin improving our testing system.""",half-true,television ad,Economy; Florida,Katie Sanders,"September 14, 2012",https://www.politifact.com/factchecks/2012/sep/14/rick-scott/rick-scott-touts-phase-out-fcat-tv-ad/
Julián Castro,"September 9, 2012","""We’re seeing now 30 straight months of private-sector job growth, 4.6 million jobs created.""",mostly-true,"interview on ""Meet the Press.""",Economy; Jobs; Texas,W. Gardner Selby,"September 10, 2012",https://www.politifact.com/factchecks/2012/sep/10/julian-castro/julian-castro-says-united-states-has-had-30-straig/
Rob Portman,"August 27, 2012","""We've got 7.2 percent unemployment (in Ohio), but when you include the folks who have stopped looking for work, it's actually over 10 percent.""",half-true,television interview,Ohio; Economy; Jobs,Tom Feran,"September 7, 2012",https://www.politifact.com/factchecks/2012/sep/07/rob-portman/rob-portman-says-ohios-jobless-rate-would-top-10-p/
David Cicilline,"September 4, 2012","""The auditor [for the city of Providence] was not locked out"" of access to the city's finances.",mostly-false,debate,Rhode Island; City Budget; City Government; Debt; Deficit; Economy; Legal Issues; Transparency,C. Eugene Emery Jr.,"September 7, 2012",https://www.politifact.com/factchecks/2012/sep/07/david-cicilline/u-s-rep-david-cicilline-says-when-he-was-mayor-pro/
Barack Obama,"September 6, 2012","""After a decade of decline, this country created over half a million manufacturing jobs in the last two and a half years.""",true,his acceptance speech at the Democratic National Convention,National; Economy; Jobs,Louis Jacobson,"September 7, 2012",https://www.politifact.com/factchecks/2012/sep/07/barack-obama/barack-obama-says-us-has-gained-half-million-ma/
Ted Strickland,"August 5, 2012","Ohio has ""created 45,000 new manufacturing jobs since 2010. And that's due in large part to the fact that the auto rescue has helped Ohio.""",half-true,"""Face the Nation"" interview",National; Economy; Jobs,Jon Greenberg,"September 6, 2012",https://www.politifact.com/factchecks/2012/sep/06/ted-strickland/strickland-credits-auto-rescue-ohio-manufacturing-/
Bill Clinton,"September 5, 2012","""In the last 29 months, our economy has produced about 4.5 million private-sector jobs.""",mostly-true,speech to the Democratic National Convention,National; Economy; Jobs,Louis Jacobson,"September 6, 2012",https://www.politifact.com/factchecks/2012/sep/06/bill-clinton/bill-clinton-says-45-million-jobs-have-been-create/
Choose: New Jersey,"July 30, 2012","""We have more scientists and engineers per square mile than anywhere in the world.""",true,advertisement,New Jersey; Economy; Jobs; Science; Workers,Caryn Shinske,"September 6, 2012",https://www.politifact.com/factchecks/2012/sep/06/choose-new-jersey/new-jersey-leads-world-number-scientists-engineers/
Bill Clinton,"September 5, 2012","""Since 1961 … our private economy has produced 66 million private-sector jobs. So what's the jobs score? Republicans 24 million, Democrats 42 (million).""",true,speech to the Democratic National Convention,National; Economy; History; Jobs,Louis Jacobson,"September 6, 2012",https://www.politifact.com/factchecks/2012/sep/06/bill-clinton/bill-clinton-says-democratic-presidents-top-republ/
Julián Castro,"September 4, 2012","Says Mitt Romney told university students in Ohio that to start a business, they should ""borrow money if you have to from your parents.""",true,keynote address to the Democratic National Convention,Economy; Small Business; Texas,W. Gardner Selby,"September 5, 2012",https://www.politifact.com/factchecks/2012/sep/05/julian-castro/julian-castro-says-mitt-romney-advised-college-stu/
Deval Patrick,"September 4, 2012","""By the time (Mitt Romney) left office, Massachusetts was 47th in the nation in job creation.""",half-true,speech at the Democratic National Convention,National; Economy; Jobs; States,Louis Jacobson,"September 5, 2012",https://www.politifact.com/factchecks/2012/sep/05/deval-patrick/did-mitt-romneys-massachusetts-rank-47th-job-creat/
Julián Castro,"September 4, 2012",Says Milken Institute rated San Antonio as nation’s top-performing local economy.,true,keynote address at Democratic National Convention.,Economy; Texas,Sue Owen,"September 5, 2012",https://www.politifact.com/factchecks/2012/sep/05/julian-castro/julian-castro-says-milken-institute-named-san-anto/
Anthony Gemma,"August 28, 2012",U.S. military uniforms are manufactured in China.,pants-fire,online debate,Rhode Island; China; Economy; Homeland Security; Foreign Policy; Military; Small Business; Trade,C. Eugene Emery Jr.,"September 2, 2012",https://www.politifact.com/factchecks/2012/sep/02/anthony-gemma/anthony-gemma-asks-why-us-military-uniforms-are-ma/
Mitt Romney,"August 30, 2012","Under the ""Obama economy ... utility bills are higher.""",half-true,his acceptance speech at the Republican National Convention,National; Economy,Louis Jacobson,"August 31, 2012",https://www.politifact.com/factchecks/2012/aug/31/mitt-romney/mitt-romney-says-utility-prices-have-risen-under-b/
Bob Buckhorn,"August 28, 2012","The unemployment rate is declining faster in Tampa ""than almost anywhere else.""",mostly-true,speech at the RNC,Economy; Jobs; Florida,Katie Sanders,"August 31, 2012",https://www.politifact.com/factchecks/2012/aug/31/bob-buckhorn/tampa-mayor-bob-buckhorn-touts-drop-unemployment-r/
John Cornyn,"August 21, 2012","Says that when Democrats controlled Congress and the White House, federal spending as a share of the Gross Domestic Product leapt from 18.2 percent in 2001 to 25.2 percent in 2009 -- the largest such increase in any eight-year period since World War II.",mostly-false,Facebook post.,Debt; Economy; Federal Budget; Voting Record; Texas,W. Gardner Selby,"August 31, 2012",https://www.politifact.com/factchecks/2012/aug/31/john-cornyn/john-cornyn-says-when-democrats-controlled-congres/
Nikki Haley,"August 28, 2012","Says ""President Obama and his National Labor Relations Board"" sued Boeing over its decision to open a plant in South Carolina.",half-true,speech at the Republican convention,National; Economy; Jobs; Regulation,Jon Greenberg,"August 30, 2012",https://www.politifact.com/factchecks/2012/aug/30/nikki-haley/haley-ties-obama-boeing-labor-dispute/
David Cicilline,"August 28, 2012","""When President Obama took office, we were losing 700,000 jobs a month. Now we've had job growth, I think, for 24 consecutive months.""",mostly-true,debate on WPRI.com,Rhode Island; Economy; Jobs,C. Eugene Emery Jr.,"August 30, 2012",https://www.politifact.com/factchecks/2012/aug/30/david-cicilline/us-rep-david-cicilline-says-united-states-has-been/
Scott Walker,"August 28, 2012","""Last month, 44 of the 50 states saw an increase in the unemployment rate.""",half-true,speech to the Republican National Convention,National; Economy; Jobs; States,Louis Jacobson,"August 29, 2012",https://www.politifact.com/factchecks/2012/aug/29/scott-walker/scott-walker-says-44-50-states-last-month-saw-unem/
Sher Valenzuela,"August 28, 2012","""A Gallup report recently said that nearly 50 percent of small business owners aren't hiring because of what they call ‘regulatory uncertainty.’""",half-true,speech at the Republican National Convention,National; Economy; Jobs; Government Regulation; Regulation; Small Business,Louis Jacobson,"August 29, 2012",https://www.politifact.com/factchecks/2012/aug/29/sher-valenzuela/sher-valenzuela-says-regulation-big-factor-holding/
Michele Bachmann,"August 27, 2012","""A report just came out that if we continue with President Obama's policies, we're looking at over 9 percent unemployment next year in the fourth quarter.""",false,Fox News interview,National; Economy; Federal Budget; Jobs,Becky Bowers,"August 29, 2012",https://www.politifact.com/factchecks/2012/aug/29/michele-bachmann/rep-michele-bachmann-claims-report-says-presidents/
Ted Cruz,"August 28, 2012",Says our national debt is greater than our gross domestic product.,half-true,his speech to the Republican National Convention,Debt; Economy; Texas,W. Gardner Selby,"August 29, 2012",https://www.politifact.com/factchecks/2012/aug/29/ted-cruz/ted-cruz-addressing-delegates-says-national-debt-e/
Paul Ryan,"August 27, 2012","""Household income in America has gone down for families an average of $4,000 in the last four years"" while it "" went up $5,000"" under Mitt Romney when he was governor of Massachusetts",false,speech,Economy; Federal Budget; Income; Wisconsin,Dave Umhoefer,"August 28, 2012",https://www.politifact.com/factchecks/2012/aug/28/paul-ryan/ryan-says-incomes-went-down-nationally-under-obama/
Stephanie Cutter,"August 22, 2012","In the past 27 months, President Barack Obama has created more private-sector jobs than ""in the Reagan recovery.""",false,"interview on MSNBC's ""Morning Joe""",National; Economy; History; Jobs,Louis Jacobson,"August 27, 2012",https://www.politifact.com/factchecks/2012/aug/27/stephanie-cutter/barack-obama-says-his-recovery-has-outpaced-ronald/
Barack Obama,"August 14, 2012","Says that as Massachusetts governor, Mitt Romney ""condemned coal-fired plants, saying they kill people.""",mostly-true,news release,Environment; Ohio; Economy; Energy,Stephen Koff,"August 23, 2012",https://www.politifact.com/factchecks/2012/aug/23/barack-obama/barack-obama-says-mitt-romney-condemned-coal-fired/
Gregory J. Costantino,"August 12, 2012","Rep. Peter Petrarca ""voted on two pieces of legislation that helped auto body shops ... and at that point I think there is a conflict of interest.""",mostly-true,television interview,Rhode Island; Economy; Ethics,Tom Mooney,"August 21, 2012",https://www.politifact.com/factchecks/2012/aug/21/gregory-j-costantino/challengers-claim-rep-petrarcas-voting-auto-body-b/
Barry Hinckley,"October 24, 2012","""Thirty percent of [Sheldon Whitehouse' campaign] money is coming from special interests.""",mostly-true,television commercial,Rhode Island; Economy; Health Care; Message Machine 2012; Voting Record; Taxes,C. Eugene Emery Jr.,"August 19, 2012",https://www.politifact.com/factchecks/2012/aug/19/barry-hinckley/us-senate-candidate-barry-hinckley-says-incumbent-/
Kinky Friedman,,"Says Texas is 1st in business climate, 49th in education.",half-true,,Economy; Education; Texas,Sue Owen,"August 17, 2012",https://www.politifact.com/factchecks/2012/aug/17/kinky-friedman/kinky-friedman-says-texas-1st-business-climate-49t/
Mitt Romney,"August 14, 2012","Claims Joe Biden said ""coal is more dangerous than terrorists.""",mostly-false,campaign speech,Environment; Ohio; Economy; Energy; Jobs,Tom Feran,"August 17, 2012",https://www.politifact.com/factchecks/2012/aug/17/mitt-romney/mitt-romney-says-joe-biden-once-claimed-coal-was-m/
Workers' Voice,"August 8, 2012",Says Josh Mandel bet against Ohio families,pants-fire,online ad,Ohio; Debt; Economy; Message Machine 2012,Stephen Koff,"August 14, 2012",https://www.politifact.com/factchecks/2012/aug/14/workers-voice/workers-voice-ad-says-josh-mandel-bet-against-ohio/
Mike Stenhouse,"July 29, 2012","Rhode Island has ""the most burdensome level of health-insurance mandates in the nation.""",half-true,commentary,Rhode Island; Economy; Health Care; Government Regulation; Public Health; States,C. Eugene Emery Jr.,"August 12, 2012",https://www.politifact.com/factchecks/2012/aug/12/mike-stenhouse/ri-center-freedom-and-prosperity-ceo-mike-stenhous/
Priorities USA Action,"August 7, 2012",Says Mitt Romney and Bain Capital are to blame in a woman’s premature death when they closed the plant where her husband worked.,false,campaign ad,National; Economy; Message Machine 2012,Jon Greenberg,"August 9, 2012",https://www.politifact.com/factchecks/2012/aug/09/priorities-usa-action/pro-obama-group-blames-romney-womans-death/
Allen West,"August 1, 2012","In June 2012 ""we actually had more people go on Social Security Disability [85,000] ... than the 80,000 jobs that were created.""",true,radio interview,Rhode Island; Economy; Jobs; Social Security,Tom Mooney,"August 9, 2012",https://www.politifact.com/factchecks/2012/aug/09/allen-west/us-rep-allen-west-d-fla-says-number-people-who-wen/
Mitt Romney,"August 5, 2012","""In June, jobless ranks were higher in nearly 90 percent of U.S. cities.""",mostly-false,campaign ad,National; Economy; Jobs; Message Machine 2012,Louis Jacobson,"August 8, 2012",https://www.politifact.com/factchecks/2012/aug/08/mitt-romney/mitt-romney-says-90-percent-cities-saw-unemploymen/
Sanford Bishop,"July 23, 2012","""There are close to 900,000 unemployed veterans in America right now.""",true,online video of an earlier speech,Georgia; Economy; Military; Veterans,Willoughby Mariano,"August 3, 2012",https://www.politifact.com/factchecks/2012/aug/03/sanford-bishop/congressman-nearly-900000-veterans-are-unemployed/
Republican Jewish Coalition,"June 18, 2012","""One out of every two kids who are graduating college right now can't find a job.""",mostly-true,campaign ad,National; Economy; Message Machine 2012,Louis Jacobson,"August 2, 2012",https://www.politifact.com/factchecks/2012/aug/02/republican-jewish-coalition/republican-jewish-coalition-says-half-recent-colle/
Sarah Palin,"July 27, 2012",Says 1 in 7 American families is on food stamps.,true,her speech at a rally for Ted Cruz,Economy; Pundits; Welfare; Texas,Sue Owen,"August 2, 2012",https://www.politifact.com/factchecks/2012/aug/02/sarah-palin/sarah-palin-says-1-7-american-families-food-stamps/
Mitt Romney,"August 1, 2012","""Under the Obama administration’s bailout of General Motors, Ohio dealerships were forced to close.""",half-true,campaign commercial,Ohio; Economy; Jobs; Message Machine 2012,Stephen Koff,"August 2, 2012",https://www.politifact.com/factchecks/2012/aug/02/mitt-romney/mitt-romney-ad-targets-obama-auto-bailouts-dealers/
Crossroads GPS,"July 13, 2012","President Obama has ""added $4 billion in debt every day.""",half-true,ad,Debt; Economy; Federal Budget; Message Machine 2012; Florida,Amy Sherman,"August 1, 2012",https://www.politifact.com/factchecks/2012/aug/01/crossroads-gps/crossroads-gps-pins-4-billion-day-debt-obama/
Julián Castro,"September 4, 2012",Says Milken Institute rated San Antonio as nation’s top-performing local economy.,true,keynote address at Democratic National Convention.,Economy; Texas,Sue Owen,"August 1, 2012",https://www.politifact.com/factchecks/2012/aug/01/julian-castro/julian-castro-says-milken-institute-named-san-anto/
Bernie Sanders,"July 22, 2012","""Today the Walton family of Walmart own more wealth than the bottom 40 percent of America.""",true,message on Twitter,National; Economy,Molly Moorhead,"July 31, 2012",https://www.politifact.com/factchecks/2012/jul/31/bernie-sanders/sanders-says-walmart-heirs-own-more-wealth-bottom-/
Patrick Kennedy,"July 13, 2012","""The largest number of bankruptcies in our country are really as a result of health care.""",half-true,radio interview,Bankruptcy; Rhode Island; Economy; Health Care,Edward Fitzpatrick,"July 29, 2012",https://www.politifact.com/factchecks/2012/jul/29/patrick-kennedy/former-us-rep-patrick-kennedy-says-most-bankruptci/
Jefferson Smith,"July 9, 2012","Says Minnesota has more Fortune 500 companies than Oregon and ""one of the most obvious differences is they've invested in their schools.""",mostly-true,school board testimony.,Oregon; Economy; Education,Ian K. Kullgren,"July 27, 2012",https://www.politifact.com/factchecks/2012/jul/27/jefferson-smith/has-oregon-lost-out-fortune-500-business-because-l/
Mike Dovilla,"July 27, 2012","""Mike Dovilla’s big ideas like expanding the Ohio Motion Picture Tax Credit, which helped bring films like ‘The Avengers’ to Cleveland, have helped make our state No. 1 in the Midwest for job creation.""",half-true,a campaign mailer,Ohio; Economy; Jobs,Joe Guillen,"July 27, 2012",https://www.politifact.com/factchecks/2012/jul/27/mike-dovilla/mike-dovilla-touts-his-big-ideas-reason-ohio-job-c/
Mitt Romney,"July 25, 2012","President Obama was saying success ""is the result of government,"" not ""hard-working people,"" when he said, ""If you've got a business, you didn't build that. Somebody else made that happen.""",false,introduction to a web video,National; Economy,Louis Jacobson,"July 26, 2012",https://www.politifact.com/factchecks/2012/jul/26/mitt-romney/putting-mitt-romneys-attacks-you-didnt-build-truth/
Priorities USA Action,"July 25, 2012","Says India ""gained jobs thanks to Romney.""",half-true,Web ad,National; Candidate Biography; Economy; Message Machine 2012,Molly Moorhead,"July 26, 2012",https://www.politifact.com/factchecks/2012/jul/26/priorities-usa-action/super-PAC-ad-mitt-romney-outsources-jobs-india/
Priorities USA Action,"July 25, 2012","""Thousands (in China) owe their jobs to Mitt Romney's companies.""",half-true,advertisement,National; Candidate Biography; Economy; Jobs; Foreign Policy; Message Machine 2012,Louis Jacobson,"July 25, 2012",https://www.politifact.com/factchecks/2012/jul/25/priorities-usa-action/pro-obama-super-pac-ad-says-thousands-chinese-work/
Woody Degan,"June 28, 2012","Gov. Bill Haslam is ""making our Economic Development department Sharia compliant"" by hiring a woman ""who specializes in Sharia compliance. That’s what her job is.""",pants-fire,an interview with The Commercial Appeal.,Tennessee; Economy; Religion,Richard Locker,"July 24, 2012",https://www.politifact.com/factchecks/2012/jul/24/woody-degan/candidate-vanderbilt-state-sharia/
Robert DiMuccio,"June 14, 2012","""Rhode Islanders pay among the highest auto repair bills in the nation.""",true,letter to policy holders,Rhode Island; Economy; Regulation; Small Business; States,C. Eugene Emery Jr.,"July 22, 2012",https://www.politifact.com/factchecks/2012/jul/22/robert-dimuccio/amica-insurance-president-robert-dimuccio-says-rho/
Republican National Committee,"July 19, 2012","Over the last six months, President Barack Obama has golfed 10 times and held 106 fundraisers, but his jobs council has never met.",true,web video,National; Campaign Finance; Economy; Jobs; Message Machine 2012; Sports,Louis Jacobson,"July 19, 2012",https://www.politifact.com/factchecks/2012/jul/19/republican-national-committee-republican/did-barack-obama-hold-100-plus-fundraisers-while-h/
Cascade Policy Institute,"July 5, 2012","Unemployment among Oregon high school graduates aged 18 to 20 increased more than 200 percent from 2008 to 2011, while the U.S. average increased only 30 percent.",half-true,website,Oregon; Economy; Jobs; Workers,Janie Har,"July 19, 2012",https://www.politifact.com/factchecks/2012/jul/19/cascade-policy-institute/has-unemployment-among-oregon-high-school-graduate/
Debbie Wasserman Schultz,"July 8, 2012","""Eighty out of 82 counties in Ohio ... have an auto manufacturing facility.""",mostly-true,"interview on ""Fox News Sunday""",Ohio; Economy; Jobs,Sabrina  Eaton,"July 18, 2012",https://www.politifact.com/factchecks/2012/jul/18/debbie-wasserman-schultz/debbie-wasserman-schultz-says-80-ohio-counties-hav/
Paul Ryan,"June 9, 2012","Says if labor force participation rate were the same as when Barack Obama became president, unemployment would be 11 percent.",true,his keynote address at the Republican Party of Texas convention,Economy; Jobs; Texas,Sue Owen,"July 17, 2012",https://www.politifact.com/factchecks/2012/jul/17/paul-ryan/paul-ryan-says-unemployment-would-be-11-percent-sa/
Bill Johnson,"June 5, 2012","""The state of Ohio has one of the lowest unemployment rates in the nation right now and is leading the pack in terms of job creation.""",mostly-false,telephone town hall meeting,Ohio; Economy; Jobs,Tom Feran,"July 16, 2012",https://www.politifact.com/factchecks/2012/jul/16/bill-johnson/bill-johnson-says-ohio/
Joseph Kyrillos,"July 11, 2012","""We are not producing jobs. We created 80,000 jobs last month. We don't talk about the jobs that we lost. The net of it all is that we lost jobs.""",false,interview on WNYC’s The Brian Lehrer Show,New Jersey; Economy; Jobs; Taxes,Erin O'Neill,"July 15, 2012",https://www.politifact.com/factchecks/2012/jul/15/joseph-kyrillos/joe-kyrillos-claims-united-states-not-producing-jo/
Charles Bass,"June 11, 2012","""America used to be the third easiest country to get established in a business. It's now number 17.""",mostly-false,speech after he filed to run for reelection at the New Hampshire Statehouse,New Hampshire; Economy,Maryalice Gill,"July 13, 2012",https://www.politifact.com/factchecks/2012/jul/13/charles-bass/it-getting-more-difficult-start-business-us-and-it/
Barack Obama,"July 3, 2012","""Mitt Romney's companies were pioneers in outsourcing U.S. jobs to low-wage countries.""",half-true,campaign commercial,National; Candidate Biography; Economy,Jon Greenberg,"July 13, 2012",https://www.politifact.com/factchecks/2012/jul/13/barack-obama/were-romneys-companies-pioneers-outsourcing/
Kelda Helen Roys,"July 9, 2012","Says she ""stood up to"" Gov. Scott Walker on tax cuts ""for wealthy corporations"" while her congressional opponent voted with Walker.",half-true,news conference remarks,Economy; Jobs; State Budget; Taxes; Wisconsin,Dave Umhoefer,"July 13, 2012",https://www.politifact.com/factchecks/2012/jul/13/kelda-helen-roys/roys-says-pocan-voted-walker-favor-tax-cuts-wealth/
John  Robitaille,"July 8, 2012","""Unemployment rate dropped in every state that elected a Republican gov. in 2010""",half-true,Tweet,Rhode Island; Economy; Jobs; States,Louis Jacobson,"July 11, 2012",https://www.politifact.com/factchecks/2012/jul/11/john-robitaille/former-ri-gubernatorial-candidate-john-robitaille-/
Mark Neumann,"June 13, 2012","If the U.S. didn't borrow $1.2 trillion every year ""to fund government operations,"" that money would be available ""for entrepreneurs and business people to put to work creating jobs and building and expanding their businesses.""",false,interview,Deficit; Economy; Federal Budget; Jobs; Wisconsin,Tom Kertscher,"July 8, 2012",https://www.politifact.com/factchecks/2012/jul/08/mark-neumann/uncle-sams-borrowing-leaves-less-businesses-gop-wi/
Bill Weimer,"June 26, 2012","""Fireworks have never been safer, and their use continues to increase each year.""",true,newspaper column,Ohio; Economy; Financial Regulation; Patriotism; Regulation,Tom Feran,"July 4, 2012",https://www.politifact.com/factchecks/2012/jul/04/bill-weimer/fireworks-executive-says-theyve-never-been-safer-a/
Barack Obama,"June 14, 2012","""Over the last few decades, the income of the top 1 percent grew by more than 275 percent -- to an average of $1.3 million a year.""",mostly-true,campaign speech,Ohio; Economy; Income; Wealth,Henry J.  Gomez,"June 28, 2012",https://www.politifact.com/factchecks/2012/jun/28/barack-obama/barack-obama-says-income-top-earners-275-percent-1/
Mitt Romney,"June 18, 2012","""The median income in America has dropped by 10 percent in the last four years.""",half-true,speech,Economy; Income; Jobs; Wisconsin,Dave Umhoefer,"June 27, 2012",https://www.politifact.com/factchecks/2012/jun/27/mitt-romney/romney-says-median-income-has-dropped-10-percent-l/
Jim Renacci,"June 12, 2012","Obama has ""racked up more debt than any president in history — over $5 trillion.""",half-true,online blog post,Ohio; Deficit; Economy; Federal Budget,Tom Feran,"June 27, 2012",https://www.politifact.com/factchecks/2012/jun/27/jim-renacci/jim-renacci-says-obama-has-racked-more-debt-any-ot/
American Crossroads,"June 13, 2012","""As Virginia lost over 65,000 jobs, (Tim) Kaine put partisan ambitions first"" by serving as DNC chairman during the last year of his governorship.",half-true,TV ad.,Economy; Jobs; Message Machine 2012; Virginia,Sean Gorman,"June 22, 2012",https://www.politifact.com/factchecks/2012/jun/22/american-crossroads/american-crossroads-says-virginia-lost-65000-jobs-/
Rob Portman,"June 14, 2012","Says that under President Obama, there’s been a substantial increase in federal government jobs.",false,conference call with reporters,Ohio; Economy; Jobs,Stephen Koff,"June 20, 2012",https://www.politifact.com/factchecks/2012/jun/20/rob-portman/rob-portman-says-there-has-been-substantial-increa/
Lou Greenwald,"June 6, 2012","""In 2011, NJ economy ranked 47th--at the bottom with Alabama, Mississippi & Wyoming. Under Christie, NJ is falling behind.""",mostly-true,tweet,New Jersey; Economy,Bill Wichert,"June 19, 2012",https://www.politifact.com/factchecks/2012/jun/19/lou-greenwald/chris-christie-targeted-democrats-over-new-jersey-/
Tennessee Democratic Party,"June 12, 2012","Says Mitt Romney has said ""we don't need 'more firemen, more policemen, more teachers.' """,mostly-true,press release.,Tennessee; Economy; Education; Jobs,Zack McMillin,"June 18, 2012",https://www.politifact.com/factchecks/2012/jun/18/tennessee-democratic-party/tennessee-democrats-accuse-romney-saying-more-cops/
Marsha Blackburn,,"Says her congressional district has 10,000 medical-device industry jobs and 1,000 will be lost because of health-care law tax.",mostly-false,,Tennessee; Economy; Health Care; Jobs; Taxes,Bartholomew Sullivan,"June 17, 2012",https://www.politifact.com/factchecks/2012/jun/17/marsha-blackburn/marsha-blackburn-says-health-care-law-will-lead-lo/
Josh Mandel,"May 23, 2012","Sherrod Brown ""gave huge bonuses to executives.""",pants-fire,campaign commercial,Ohio; Economy; Message Machine 2012; Stimulus; Voting Record,Tom Feran,"June 15, 2012",https://www.politifact.com/factchecks/2012/jun/15/josh-mandel/josh-mandel-campaign-says-sherrod-brown-gave-huge-/
Barack Obama,"June 4, 2012","When Mitt Romney was governor, Massachusetts lost 40,000 manufacturing jobs, a rate twice the national average, and fell to 47th in job creation, fourth from the bottom.",half-true,"campaign ad “We’ve heard it all before,” airing",New Hampshire; Economy; Jobs,Maryalice Gill,"June 14, 2012",https://www.politifact.com/factchecks/2012/jun/14/barack-obama/obama-attacks-romney-over-40000-lost-manufacturing/
Scott Walker,"June 6, 2012","""Overwhelming Democrat and Republican votes"" in 2011 for legislation in two special sessions on jobs demonstrated the bipartisan nature of the Wisconsin Legislature.",mostly-false,radio appearance,Bipartisanship; Economy; Jobs; Voting Record; Wisconsin,Dave Umhoefer,"June 13, 2012",https://www.politifact.com/factchecks/2012/jun/13/scott-walker/gov-scott-walker-says-he-got-overwhelming-bipartis/
John Kasich,"June 3, 2012","""Giving the facts:  73,000 jobs created ... since '11.  Do you know how many direct jobs in the auto industry?  1,800.""",mostly-true,"appearance on NBC's ""Meet the Press.""",Ohio; Economy; Jobs,Reginald Fields,"June 13, 2012",https://www.politifact.com/factchecks/2012/jun/13/john-kasich/john-kasich-downplays-role-auto-bailouts-ohios-eco/
Christopher Blazejewski,"June 5, 2012",Most tips left at Dunkin’ Donuts don’t go to employees.,false,debate on the House floor,Rhode Island; Economy; Jobs; Workers,C. Eugene Emery Jr.,"June 13, 2012",https://www.politifact.com/factchecks/2012/jun/13/christopher-blazejewski/rep-christopher-blazejewski-says-most-dunkin-donut/
Mitt Romney,"June 8, 2012","As governor of Massachusetts, ""Romney reduced unemployment to just 4.7 percent.""",half-true,campaign ad,National; Economy; History; Jobs; Message Machine 2012; States,Louis Jacobson,"June 11, 2012",https://www.politifact.com/factchecks/2012/jun/11/mitt-romney/mitt-romney-says-massachusetts-unemployment-hit-47/
Jeff Fitzgerald,"March 21, 2012","""Minnesota has passed and Indiana has passed"" right to work laws making union membership and dues optional",half-true,interview,Economy; Jobs; Labor; State Budget; Wisconsin,Dave Umhoefer,"June 11, 2012",https://www.politifact.com/factchecks/2012/jun/11/jeff-fitzgerald/rep-jeff-fitzgerald-says-minnesota-and-indiana-hav/
Diane Black,"June 1, 2012","The United States has experienced ""40 straight months of unemployment at 8 percent or higher.""",true,press release.,Tennessee; Economy; Jobs,Michael Collins,"June 11, 2012",https://www.politifact.com/factchecks/2012/jun/11/diane-black/tennessee-congresswoman-diane-black-says-jobless-r/
Wes Riddle,"October 22, 2011",Says combined inflation and unemployment rates in October 2011 were the highest since Ronald Reagan succeeded Jimmy Carter.,false,speech.,Economy; History; Jobs; Texas,W. Gardner Selby,"June 8, 2012",https://www.politifact.com/factchecks/2012/jun/08/wes-riddle/wes-riddle-says-misery-index-higher-october-2011-a/
Barack Obama,"June 4, 2012","""When Mitt Romney was governor, Massachusetts lost 40,000 manufacturing jobs, a rate twice the national average.""",half-true,television ad,National; Economy; History; Jobs; Message Machine 2012; States,Louis Jacobson,"June 8, 2012",https://www.politifact.com/factchecks/2012/jun/08/barack-obama/barack-obama-ad-says-manufacturing-jobs-fared-wors/
Eric Fehrnstrom,"June 3, 2012","Massachusetts under Gov. Mitt Romney initially ranked last among states in job growth, but by the end of his governorship, ""we were in the middle of the pack.""",half-true,"interview on ABC's ""This Week with George Stephanopoulos""",National; Economy; History; Jobs; States,Louis Jacobson,"June 5, 2012",https://www.politifact.com/factchecks/2012/jun/05/eric-fehrnstrom/mitt-romney-campaign-says-job-growth-massachusetts/
David Axelrod,"June 3, 2012","Under Gov. Mitt Romney, Massachusetts ranked ""47th in job creation.""",half-true,"interview on CBS' ""Face the Nation""",National; Economy; History; Jobs; States,Louis Jacobson,"June 5, 2012",https://www.politifact.com/factchecks/2012/jun/05/david-axelrod/david-axelrod-repeats-claim-massachusetts-under-mi/
Caroline Casagrande,"April 29, 2012","""Women have come through the recession worse off than men … the numbers bear that out. We went from a 7 percent unemployment rate for women when he (President Barack Obama) was elected to an 8.1 percent now.""",mostly-true,"interview on My9TV.com's ""New Jersey Now"" program",New Jersey; Economy; Jobs,Caryn Shinske,"June 4, 2012",https://www.politifact.com/factchecks/2012/jun/04/caroline-casagrande/caroline-casagrande-says-women-have-come-through-r/
Rodney Frelinghuysen,"May 25, 2012","""The U.S. is borrowing approximately $2.52 for every $1 of economic growth so far in 2012.""",true,e-mail newsletter,New Jersey; Deficit; Economy,Erin O'Neill,"June 3, 2012",https://www.politifact.com/factchecks/2012/jun/03/rodney-frelinghuysen/rodney-frelinghuysen-says-debt-rose-more-twice-fas/
Scott Walker,"May 31, 2012","The federal government ""reviewed and verified"" his administration’s numbers showing Wisconsin added 23,608 jobs in 2011.",half-true,debate,Economy; Jobs; Wisconsin,Dave Umhoefer,"June 1, 2012",https://www.politifact.com/factchecks/2012/jun/01/scott-walker/gov-scott-walker-says-federal-officials-verified-h/
Scott Walker,"May 31, 2012","Says Tom Barrett plans ""to spend $100 million on a trolley that goes barely two miles on the east side of Milwaukee.""",half-true,debate,City Government; Economy; Transportation; Wisconsin,Tom Kertscher,"June 1, 2012",https://www.politifact.com/factchecks/2012/jun/01/scott-walker/wisconsin-recall-scott-walker-says-tom-barrett-pla/
Joe Biden,"May 22, 2012","Says in the last six months of the Bush administration, the U.S. lost 3.5 million jobs, including 760,000 jobs during January 2009 alone.",mostly-true,speech at Keene State College,New Hampshire; Economy,Jake Berry,"June 1, 2012",https://www.politifact.com/factchecks/2012/jun/01/joe-biden/joe-biden-says-35-million-jobs-lost-during-bush-ad/
Dennis Algiere,"May 24, 2012","""The legislature was never given the opportunity to debate or vote on loaning $75 million to 38 Studios.""",true,letter to the editor,Rhode Island; Baseball; Corporations; Economy; Voting Record,Tom Mooney,"June 1, 2012",https://www.politifact.com/factchecks/2012/jun/01/dennis-algiere/ri-sen-algiere-says-legislators-never-got-chance-d/
Marcy Kaptur,"May 17, 2012","""The region I represent, both currently and in the future, has more automotive plants than the entire state of California.""",true,interview with C-SPAN,Ohio; Economy,Sabrina  Eaton,"May 29, 2012",https://www.politifact.com/factchecks/2012/may/29/marcy-kaptur/marcy-kaptur-says-her-district-makes-more-cars-all/
Bob Gibbs,"April 18, 2012","""Water transportation is the most fuel efficient, least polluting, safest, and least expensive means of moving cargo.""",true,committee hearing,Ohio; Economy; Transportation,Peter Krouse,"May 28, 2012",https://www.politifact.com/factchecks/2012/may/28/bob-gibbs/rep-bob-gibbs-touts-water-transportation-efficienc/
Crossroads GPS,"May 16, 2012",Says Obama broke his promise to help homeowners facing foreclosure.,mostly-true,television ad,National; Economy; Housing; Message Machine 2012,Molly Moorhead,"May 25, 2012",https://www.politifact.com/factchecks/2012/may/25/crossroads-gps/crossroads-ad-says-obama-has-failed-stem-foreclosu/
Sylvia Romo,"May 20, 2012","Lloyd Doggett ""made millions off companies like Bank of America while they took taxpayer bailout money.""",mostly-false,campaign mailer.,Candidate Biography; Economy; Financial Regulation; Texas,W. Gardner Selby,"May 25, 2012",https://www.politifact.com/factchecks/2012/may/25/sylvia-romo/sylvia-romo-says-lloyd-doggett-made-millions-compa/
Facebook posts,"May 22, 2012 in","Says Mitt Romney is wrong to claim that spending under Obama has ""accelerated at a pace without precedent in recent history,"" because it's actually risen ""slower than at any time in nearly 60 years.""",mostly-true,on the Internet,National; Corrections and Updates; Economy; Federal Budget; History; Stimulus,Louis Jacobson,"May 23, 2012",https://www.politifact.com/factchecks/2012/may/23/facebook-posts/viral-facebook-post-says-barack-obama-has-lowest-s/
Sherrod Brown,"May 14, 2012",Says Josh Mandel opposed federal loans to the auto industry.,false,email campaign statement,Ohio; Economy; Jobs; Negative Campaigning,Henry J.  Gomez,"May 18, 2012",https://www.politifact.com/factchecks/2012/may/18/sherrod-brown/sherrod-brown-campaign-says-josh-mandel-opposes-au/
Bob  Latta,"May 5, 2012","Says that President Obama promised that with the stimulus plan, ""unemployment would never go above 8 percent. He even said it would be 6 percent by now.""",mostly-false,email statement,Ohio; Economy; Jobs,Tom Feran,"May 17, 2012",https://www.politifact.com/factchecks/2012/may/17/bob-latta/bob-latta-says-obama-promised-stimulus-plan-would-/
Barack Obama,"May 8, 2012","""The only time government employment has gone down during a recession has been under me.""",false,speech,National; Economy; History; Jobs,Louis Jacobson,"May 10, 2012",https://www.politifact.com/factchecks/2012/may/10/barack-obama/barack-obama-says-government-job-losses-his-watch-/
National Republican Congressional Committee,"May 2, 2012","Says that Rep. Betty Sutton ""would rather riot with Occupy (Wall Street) than stand up for Ohio families.""",pants-fire,email statement,Ohio; Economy; Jobs; Poverty; Wealth,Henry J.  Gomez,"May 9, 2012",https://www.politifact.com/factchecks/2012/may/09/national-republican-congressional-committee/nrcc-says-betty-sutton-supports-occupy-wall-street/
Mitt Romney,"May 4, 2012","""We should be seeing numbers in the 500,000 jobs created per month. (Creating 115,000 jobs, the total from April 2012) is way, way, way off from what should happen in a normal recovery.""",half-true,"interview on ""Fox & Friends""",National; Economy; History; Jobs,Louis Jacobson,"May 7, 2012",https://www.politifact.com/factchecks/2012/may/07/mitt-romney/mitt-romney-says-500000-net-jobs-month-historicall/
Bob McDonnell,"April 21, 2012","The U.S. economy is ""recovering slower than Europe """,false,TV interview.,Economy; Virginia,Sean Gorman,"May 7, 2012",https://www.politifact.com/factchecks/2012/may/07/bob-mcdonnell/bob-mcdonnell-says-us-trails-europe-economic-recov/
Tom Barrett,"April 26, 2012","Says Gov. Scott Walker ""has caused Wisconsin to lose more jobs than any other state in the country.""",half-true,tweet,Economy; Jobs; Workers; Wisconsin,Tom Kertscher,"May 6, 2012",https://www.politifact.com/factchecks/2012/may/06/tom-barrett/dem-recall-candidate-tom-barrett-says-gop-wisconsi/
Sheldon Whitehouse,"April 16, 2012","""If you put the $47 billion in revenue (raised over 10 years by the Buffett rule) into infrastructure you could create 611,000 infrastructure jobs.""",false,speech on the floor of the U.S. Senate,Rhode Island; Economy; Federal Budget; Jobs; Transportation,C. Eugene Emery Jr.,"May 6, 2012",https://www.politifact.com/factchecks/2012/may/06/sheldon-whitehouse/sheldon-whitehouse-said-47-billion-raised-over-10-/
Mike Martinez,"April 19, 2012","""Over the history of Austin, it’s always gotten more expensive.""",mostly-false,"interview with Austin's KUT, 90.5 FM.",Economy; History; Texas,W. Gardner Selby,"May 3, 2012",https://www.politifact.com/factchecks/2012/may/03/mike-martinez/mike-martinez-says-austin-has-always-grown-more-ex/
Kathleen Falk,"April 17, 2012","Wisconsin women ""are paid 81 cents to the dollar of a man doing the same job.""",false,newspaper interview,Economy; Labor; Legal Issues; Women; Wisconsin,Tom Kertscher,"May 2, 2012",https://www.politifact.com/factchecks/2012/may/02/kathleen-falk/gubernatorial-hopeful-kathleen-falk-says-women-wis/
Sherrod Brown,"March 23, 2012","Says excessive speculation is pushing up oil prices and a recent report estimates it ""adds 56 cents to every gallon of gasoline siphoned from the pump.""",mostly-true,news release,Ohio; Economy; Energy,Peter Krouse,"May 2, 2012",https://www.politifact.com/factchecks/2012/may/02/sherrod-brown/sherrod-brown-says-excessive-oil-speculation-drivi/
Michael Turner,"April 23, 2012","Some ""20,000 Delphi salaried retirees lost up to 70 percent of their pensions"" as a result of ""political favoritism and backroom deals.""",mostly-false,statement supporting Mitt Romney,Ohio; Corporations; Economy,Stephen Koff,"April 30, 2012",https://www.politifact.com/factchecks/2012/apr/30/michael-turner/michael-turner-says-political-favoritism-and-backr/
National Republican Congressional Committee,"April 20, 2012","Gas prices have gone up 99 percent since Obama became president, ""the highest gas price increase since Carter.""",mostly-false,news release.,Rhode Island; Economy; Energy; Gas Prices,Alex Kuffner,"April 29, 2012",https://www.politifact.com/factchecks/2012/apr/29/national-republican-congressional-committee/national-republican-congressional-committee-says-g/
Rick Scott,"April 18, 2012","""About 230,000 people that were on unemployment when I took office are not on unemployment now.""",mostly-true,radio interview,Economy; Workers; Florida,Katie Sanders,"April 27, 2012",https://www.politifact.com/factchecks/2012/apr/27/rick-scott/gov-scott-says-230000-fewer-people-receive-unemplo/
Bill Haslam,"April 20, 2012","""Personal income is growing faster in Tennessee on average than any other state in the country.""",false,speech to Carter County Republican Party,Tennessee; Economy; Income,Tom Humphrey,"April 27, 2012",https://www.politifact.com/factchecks/2012/apr/27/bill-haslam/gov-haslam-says-tennessee-led-nation-income-growth/
Barry Hinckley,"April 21, 2012",President Obama gave Egypt's Muslim Brotherhood one and a half billion dollars.,false,interview on State of the State,Rhode Island; Deficit; Economy; Federal Budget; Human Rights; Israel; Foreign Policy,C. Eugene Emery Jr.,"April 27, 2012",https://www.politifact.com/factchecks/2012/apr/27/barry-hinckley/us-senate-candidate-barry-hinckley-says-obama-admi/
Mitt Romney,"April 24, 2012","In the ""Obama economy ... the youth unemployment rate is double the unemployment rate for all Americans.""",half-true,graphic posted on his website,National; Economy; Jobs,Louis Jacobson,"April 26, 2012",https://www.politifact.com/factchecks/2012/apr/26/mitt-romney/mitt-romney-says-youth-unemployment-rate-double-wh/
Barack Obama,"April 18, 2012","Under Republican economic policies, ""the typical American family saw their incomes fall by about 6 percent.""",half-true,speech,National; Economy; Families,Louis Jacobson,"April 26, 2012",https://www.politifact.com/factchecks/2012/apr/26/barack-obama/barack-obama-says-family-incomes-have-fallen-6-per/
Tavis Smiley,"April 22, 2012","""One out of two Americans … are living either in or near poverty. That means 150 million Americans, half of us.""",half-true,"interview on CBS' ""Face the Nation""",National; Economy; Poverty; Welfare,Louis Jacobson,"April 23, 2012",https://www.politifact.com/factchecks/2012/apr/23/tavis-smiley/tavis-smiley-says-one-out-two-americans-are-living/
Mitt Romney,"April 11, 2012","""The number of new businesses started per year has dropped by 100,000 during this president’s term.""",half-true,campaign speech,Rhode Island; Corporations; Economy; Elections; Jobs; Small Business,Alex Kuffner,"April 22, 2012",https://www.politifact.com/factchecks/2012/apr/22/mitt-romney/mitt-romney-says-annual-new-business-startups-have/
Mike Dovilla,"April 12, 2012","""Tourism accounts for 439,000 jobs in the state of Ohio, and visitors spend $36 billion annually.""",true,news release,Ohio; Economy; Jobs; Tourism,Joe Guillen,"April 20, 2012",https://www.politifact.com/factchecks/2012/apr/20/mike-dovilla/mike-dovilla-says-tourism-ohio-accounts-439000-job/
Tommy Thompson,"March 23, 2012","Every time the price of gasoline rises 1 cent, ""it's a billion dollars out of our economy that goes to Saudi Arabia.""",false,campaign speech,Corrections and Updates; Economy; Energy; Iraq; Wisconsin,Tom Kertscher,"April 19, 2012",https://www.politifact.com/factchecks/2012/apr/19/tommy-thompson/wisconsin-gop-senate-candidate-tommy-thompson-says/
Mike Dovilla,"March 13, 2012","Says President Obama's decision to not issue a permit for the Keystone XL pipeline meant ""we were denied the ability immediately to reduce prices at the pump.""",false,letter to the editor,Ohio; Climate Change; Economy; Energy; Gas Prices,Tom Feran,"April 17, 2012",https://www.politifact.com/factchecks/2012/apr/17/mike-dovilla/mike-dovilla-claims-obamas-refusal-allow-keystone-/
Lisa Tomasso,"April 5, 2012","""Rhode Island’s exports have increased by 53 percent in the last two years.""",true,news release.,Rhode Island; Economy; States; Trade,Alex Kuffner,"April 17, 2012",https://www.politifact.com/factchecks/2012/apr/17/lisa-tomasso/rhode-island-state-rep-lisa-tomasso-says-exports-o/
Barry Hinckley,"April 11, 2012","The ""Buffett rule"" ""raises virtually no money, maybe a day and a half of our borrowing per year.""",mostly-true,campaign event.,Rhode Island; Deficit; Economy; Federal Budget; Taxes,Alex Kuffner,"April 15, 2012",https://www.politifact.com/factchecks/2012/apr/15/barry-hinckley/republican-senate-candidate-barry-hinckley-says-bu/
Kathleen Falk,"April 9, 2012","""Together we added more jobs than any other area"" while I was Dane County executive.",half-true,television ad,County Budget; County Government; Economy; Jobs; Message Machine 2012; Wisconsin,Dave Umhoefer,"April 13, 2012",https://www.politifact.com/factchecks/2012/apr/13/kathleen-falk/democrat-kathleen-falk-says-under-her-leadership-d/
Republican Governors Association,"March 29, 2012","Says ""unemployment tripled"" in Dane County due to Kathleen Falk’s tax policies",half-true,television ad,County Budget; County Government; Economy; Jobs; Wisconsin,Dave Umhoefer,"April 12, 2012",https://www.politifact.com/factchecks/2012/apr/12/republican-governors-association/republican-governors-association-says-unemployment/
Republican Governors Association,"April 29, 2012","Mayor Tom Barrett’s policies drove unemployment up 27 percent in Milwaukee, pushing it to ""one of America’s 10 worst cities for unemployment.""",half-true,television ad,City Budget; Economy; Jobs; Wisconsin,Dave Umhoefer,"April 11, 2012",https://www.politifact.com/factchecks/2012/apr/11/republican-governors-association/republican-governors-association-says-mayor-tom-ba/
John Kasich,"April 2, 2012","""Our rainy day fund has gone from 89 cents to $240 million.""",true,interview with Fox News,Ohio; Economy; Jobs; State Budget,Tom Feran,"April 11, 2012",https://www.politifact.com/factchecks/2012/apr/11/john-kasich/gov-john-kasich-says-rainy-day-fund-has-grown-89-c/
David Dewhurst,"April 4, 2012","""6.4 million more Americans living in poverty under President Obama.""",half-true,online video,Economy; Poverty; Texas,Meghan Ashford-Grooms,"April 10, 2012",https://www.politifact.com/factchecks/2012/apr/10/david-dewhurst/david-dewhurst-says-poverty-ranks-64-million-under/
Joe Biden,"April 1, 2012","""General Motors is the largest corporation in the world again.""",false,“Face the Nation” interview,National; Corporations; Economy,Becky Bowers,"April 9, 2012",https://www.politifact.com/factchecks/2012/apr/09/joe-biden/vice-president-joe-biden-says-general-motors-large/
John Kasich,"April 2, 2012","""We were the No. 1 job creator in America in February and we are now the No. 4 job creator in the last year.""",true,interview with Fox News,Ohio; Economy; Jobs,Tom Feran,"April 5, 2012",https://www.politifact.com/factchecks/2012/apr/05/john-kasich/john-kasich-says-ohio-led-all-states-job-creation-/
Josh Mandel,"March 29, 2012","Sherrod Brown opposed blocking a new EPA emissions rule, ""despite acknowledging that the EPA's cap-and-trade regulations are ‘burdensome’ and could harm economic growth in Ohio.""",mostly-false,news release,Environment; Ohio; Economy; Jobs; Government Regulation,Stephen Koff,"April 5, 2012",https://www.politifact.com/factchecks/2012/apr/05/josh-mandel/josh-mandels-campaign-says-sherrod-brown-balked-st/
David Dewhurst,"April 4, 2012",Says Barack Obama has played over 90 rounds of golf as president.,true,online video ad.,Economy; Poverty; Recreation; Texas,W. Gardner Selby,"April 4, 2012",https://www.politifact.com/factchecks/2012/apr/04/david-dewhurst/david-dewhurst-says-barack-obama-has-played-over-9/
Rick Scott,"March 26, 2012","Says Barack Obama's health care law ""will be the biggest job-killer ever.""",false,"""Fox and Friends"" interview",Economy; Health Care; Jobs; Florida,Katie Sanders,"April 2, 2012",https://www.politifact.com/factchecks/2012/apr/02/rick-scott/rick-scott-calls-health-care-law-job-killer/
John Elkhay,"March 21, 2012","If Rhode Island raises the meal and beverage tax to 10 percent, it would be the ""fourth-highest in the nation.""",half-true,rally.,Rhode Island; City Budget; Economy; State Budget; Taxes,Alex Kuffner,"April 1, 2012",https://www.politifact.com/factchecks/2012/apr/01/john-elkhay/providence-restaurateur-john-elkhay-says-if-rhode-/
Bill Pascrell,"March 19, 2012",Says Congressman Steve Rothman voted against funding for President Barack Obama’s auto bailout and would have let automakers go bankrupt.,half-true,news release,New Jersey; Economy; Message Machine 2012,Bill Wichert,"March 29, 2012",https://www.politifact.com/factchecks/2012/mar/29/bill-pascrell/bill-pascrell-claims-steve-rothman-voted-against-f/
Tommy Thompson,"March 3, 2012","Says when he was governor, Wisconsin cut unemployment to 2.1 percent and the state’s unemployment rate was ""the lowest in the country for 40 consecutive months.""",false,speech,Economy; Jobs; Wisconsin,Dave Umhoefer,"March 26, 2012",https://www.politifact.com/factchecks/2012/mar/26/tommy-thompson/tommy-thompson-says-wisconsins-unemployment-rate-w/
John Boehner,"March 7, 2012","""New business startups are at the lowest levels in 30 years.""",true,news release,Ohio; Economy; Jobs,Tom Feran,"March 23, 2012",https://www.politifact.com/factchecks/2012/mar/23/john-boehner/us-house-speaker-john-boehner-says-new-business-st/
Barack Obama,"March 15, 2012","""(GM and Chrysler) repaid their loans.""",half-true,campaign video “The Road We’ve Traveled”,National; Candidate Biography; Corporations; Economy; Message Machine 2012; Stimulus,Becky Bowers,"March 21, 2012",https://www.politifact.com/factchecks/2012/mar/21/barack-obama/president-barack-obama-campaign-video-says-auto-co/
Barack Obama,"March 15, 2012","By the time Obama took office, ""The Bush administration had given the car companies $13 billion and the money was now gone.""",mostly-true,campaign video,National; Economy; Message Machine 2012,Molly Moorhead,"March 19, 2012",https://www.politifact.com/factchecks/2012/mar/19/barack-obama/obama-campaign-movie-says-auto-bailout-money-had-r/
Barry Hinckley,"March 12, 2012","""More than 27,000 Rhode Island jobs depend on trade with Canada.""",true,news release,Rhode Island; Economy; Energy,Edward Fitzpatrick,"March 18, 2012",https://www.politifact.com/factchecks/2012/mar/18/barry-hinckley/gop-senate-candidate-barry-hinckley-says-27000-rho/
Robert Jacquard,"March 6, 2012","""There are a lot of casinos across the country that have gone bankrupt.""",true,speech,Bankruptcy; Rhode Island; Economy; Gambling; State Budget; States,Alex Kuffner,"March 15, 2012",https://www.politifact.com/factchecks/2012/mar/15/robert-jacquard/rhode-island-state-rep-robert-b-jacquard-says-many/
Ohio Democratic Party,"March 13, 2012","There are ""850,000 Ohio jobs tied to the auto industry.""",true,news release,Ohio; Economy; Elections; Jobs,Henry J.  Gomez,"March 14, 2012",https://www.politifact.com/factchecks/2012/mar/14/ohio-democratic-party/ohio-democratic-party-touts-850000-buckeye-state-j/
Bob McDonnell,"February 24, 2012","""Seven out of the 10 states with the lowest unemployment rates (have) Republican governors … That approach that Republicans are using is working.""",half-true,debate.,Economy; Jobs; Virginia,Sean Gorman,"March 12, 2012",https://www.politifact.com/factchecks/2012/mar/12/bob-mcdonnell/mcdonnell-says-7-10-states-lowest-unemployment-rat/
Scott Walker,"February 25, 2012","Says 94 percent of Wisconsin employers think the state ""is heading in the right direction"" and a majority say they will ""grow their companies in 2012.""",half-true,interview,Economy; Jobs; Wisconsin,Dave Umhoefer,"March 11, 2012",https://www.politifact.com/factchecks/2012/mar/11/scott-walker/gov-scott-walker-says-94-percent-wisconsin-employe/
Rick Perry,"February 26, 2012","""A hundred percent of all the jobs lost during the recession have been reclaimed in Texas … while the nation is at about 36 percent.""",mostly-true,interview posted online by WFAA-TV,Economy; Jobs; Texas,Meghan Ashford-Grooms,"March 11, 2012",https://www.politifact.com/factchecks/2012/mar/11/rick-perry/rick-perry-says-texas-has-regained-all-jobs-it-los/
Stephen Laffey,"March 2, 2012",Giant companies like Toyota will not locate in a state that has not passed a right-to-work law,false,radio interview,Rhode Island; Corporations; Economy; Jobs; Labor; Unions,Edward Fitzpatrick,"March 11, 2012",https://www.politifact.com/factchecks/2012/mar/11/stephen-laffey/former-cranston-mayor-stephen-laffey-says-giant-co/
Gerry Connolly,"February 13, 2012","Says Obama has ""doubled the stock market from where we started when he was sworn into office""",mostly-false,TV interview,Bush Administration; Economy; Jobs; Stimulus; Virginia,Nancy  Madsen,"March 8, 2012",https://www.politifact.com/factchecks/2012/mar/08/gerry-connolly/rep-gerry-connolly-claims-stock-market-doubles-oba/
Charlotte Nash,"February 15, 2012","""[E]mployment in Gwinnett is up more than 3 percent over last year, and unemployment is the lowest of the five core metro counties.""",mostly-true,speech,Georgia; Economy; Jobs,Eric Stirgus,"March 5, 2012",https://www.politifact.com/factchecks/2012/mar/05/charlotte-nash/gwinnett-leaders-boast-employment-mostly-right/
Bill Haslam,"January 30, 2012","""In 2011, there were more than 28,000 new Tennessee jobs created and over $4 billion in capital investment. Our Jobs4TN plan is working.""",half-true,his State of the State address.,Tennessee; Economy; Jobs,Richard Locker,"March 4, 2012",https://www.politifact.com/factchecks/2012/mar/04/bill-haslam/gov-haslam-links-his-jobs-plan-states-improved-eco/
Eric Cantor,"March 16, 2012","President Obama pushed through the stimulus ""based on the promise of keeping unemployment under 8 percent.""",mostly-false,written statement.,Economy; Jobs; Stimulus; Virginia,Sean Gorman,"March 2, 2012",https://www.politifact.com/factchecks/2012/mar/02/eric-cantor/cantor-says-obama-promised-stimulus-would-keep-une/
Becky Moeller,"February 17, 2012",Says local Texas chambers of commerce were granted exemptions from paying property taxes on their headquarter properties.,true,press statement.,Congress; Drugs; Economy; Jobs; Texas,W. Gardner Selby,"March 1, 2012",https://www.politifact.com/factchecks/2012/mar/01/becky-moeller/becky-moeller-says-local-texas-chambers-commerce-w/
National Republican Congressional Committee,"January 25, 2012","""Since President Obama took full control of Washington,"" every day, 13,000 more people ""have been put on food stamps.""",half-true,advertisement,National; Economy; Message Machine 2012; Poverty,Louis Jacobson,"February 29, 2012",https://www.politifact.com/factchecks/2012/feb/29/national-republican-congressional-committee/nrcc-ad-blames-barack-obama-food-stamp-use-rising-/
Newt Gingrich,"February 10, 2012","""The biggest contribution"" behind a decrease in U.S. unemployment ""was 1.2 million people leaving the workforce""",false,radio interview,Georgia; Economy; Jobs,Willoughby Mariano,"February 29, 2012",https://www.politifact.com/factchecks/2012/feb/29/newt-gingrich/gingrich-main-reason-unemployment-decline-shrinkin/
National Republican Congressional Committee,"January 24, 2012","""Since President Obama took full control of Washington … every single day, more than 1,500 of our jobs have been lost.""",mostly-false,Web ad,National; Economy; Jobs; Message Machine 2012,Louis Jacobson,"February 28, 2012",https://www.politifact.com/factchecks/2012/feb/28/national-republican-congressional-committee/nrcc-ad-says-1500-jobs-lost-daily-barack-obama-too/
Marcy Kaptur,"February 15, 2012","""When Marcy Kaptur brought home $42 million for new manufacturing jobs, Dennis Kucinich voted 'no'.""",half-true,campaign commercial,Afghanistan; Ohio; Economy; Iraq; Jobs; Message Machine 2012,Tom Feran,"February 24, 2012",https://www.politifact.com/factchecks/2012/feb/24/marcy-kaptur/marcy-kaptur-claims-dennis-kucinich-voted-no-new-m/
Barack Obama,"February 15, 2012","""For the first time since 1990, American manufacturers are creating new jobs.""",false,speech at Milwaukee's Master Lock plant,Economy; Jobs; Wisconsin,Dave Umhoefer,"February 22, 2012",https://www.politifact.com/factchecks/2012/feb/22/barack-obama/president-barack-obama-says-american-manufacturers/
Nicholas Kettle,"January 27, 2012","""If you look at states that are right to work, they constantly do not have budget deficits and they have very good business climates.""",mostly-false,radio talk show,Rhode Island; Economy; Labor; States; Unions; Workers,Alex Kuffner,"February 19, 2012",https://www.politifact.com/factchecks/2012/feb/19/nicholas-kettle/rhode-island-state-sen-nicholas-kettle-says-states/
Rob Portman,"February 3, 2012",Says unemployment would be at 10 percent if people who have quit looking for work were included in federal labor force calculations.,half-true,news release,Ohio; Economy; Jobs,Sabrina  Eaton,"February 17, 2012",https://www.politifact.com/factchecks/2012/feb/17/rob-portman/rob-portman-says-unemployment-would-be-10-percent-/
Rick Scott,"February 11, 2012","Florida ""unemployment has dropped more than 2 percentage points, down from 12 percent to 9.9 percent, the second-largest drop in the nation.""",true,speech at the CPAC conference,Economy; Jobs; Florida,Angie Drobnic Holan,"February 16, 2012",https://www.politifact.com/factchecks/2012/feb/16/rick-scott/rick-scott-says-floridas-unemployment-rate-had-sec/
U.S. Chamber of Commerce,"February 8, 2012","Says the Congressional Budget Office said ""unemployment could top 9 percent in 2013""",mostly-false,video ad,National; Economy; Jobs; Message Machine 2012,Molly Moorhead,"February 15, 2012",https://www.politifact.com/factchecks/2012/feb/15/us-chamber-commerce/citing-Congressional-budget-office-chamber-ad-says/
Martin O'Malley,"February 5, 2012","Maryland is ""creating jobs at 2 ½ times the rate that Virginia is.""",false,TV interview.,Economy; Jobs; Virginia,Nancy  Madsen,"February 13, 2012",https://www.politifact.com/factchecks/2012/feb/13/martin-omalley/gov-omalley-says-maryland-creating-jobs-2-12-times/
Lincoln Chafee,"February 3, 2012","""The commercial property tax [in Providence] is second highest in the country behind Detroit.""",mostly-true,news show,Rhode Island; City Budget; Economy; Taxes,Alex Kuffner,"February 10, 2012",https://www.politifact.com/factchecks/2012/feb/10/lincoln-chafee/rhode-island-governor-lincoln-chafee-says-commerci/
Mitt Romney,"February 8, 2012","""Twenty-five or 24 million people"" are ""out of work or stopped looking for work.""",half-true,Atlanta campaign stop,Georgia; Economy; Jobs,Willoughby Mariano,"February 10, 2012",https://www.politifact.com/factchecks/2012/feb/10/mitt-romney/romney-revises-claim-about-unemployed/
Mitt Romney,"February 4, 2012","President Obama told people ""to skip coming here (Las Vegas) for conventions and meetings.""",mostly-false,stump speech,National; Economy; Tourism,Molly Moorhead,"February 8, 2012",https://www.politifact.com/factchecks/2012/feb/08/mitt-romney/mitt-romney-says-president-told-people-skip-vegas-/
Mitt Romney,"February 4, 2012","""If you take into account all the people who are struggling for work, or have just stopped looking, the real unemployment rate is over 15 percent.""",true,speech,National; Economy; Jobs,Louis Jacobson,"February 8, 2012",https://www.politifact.com/factchecks/2012/feb/08/mitt-romney/mitt-romney-says-broader-measure-national-unemploy/
One New Jersey,"January 26, 2012","Says New Jersey is ""down nearly 200,000 jobs from its pre-recession peak"" and with Gov. Chris Christie ""New Jersey has trailed the rest of America when it comes to unemployment"" for 12 consecutive months.",half-true,article posted on One New Jersey’s website,New Jersey; Economy; Jobs,Erin O'Neill,"February 7, 2012",https://www.politifact.com/factchecks/2012/feb/07/one-new-jersey/one-new-jersey-chris-christie-view-states-jobs-sit/
Chain email,"February 2, 2012","""If you sell your house after 2012 you will pay a 3.8 percent sales tax on it.""",pants-fire,message via the Internet,Rhode Island; Economy; Health Care; Housing; Income; Retirement; Taxes,C. Eugene Emery Jr.,"February 7, 2012",https://www.politifact.com/factchecks/2012/feb/07/chain-email/home-sales-tax-e-mail-surfaces-again/
Pete Hoekstra,"February 5, 2012","""Since ObamaCare and the stimulus passed, the unemployment rate in the U.S. has increased.""",false,website linked to a campaign ad,National; Corrections and Updates; Economy; Jobs; Message Machine 2012,Louis Jacobson,"February 6, 2012",https://www.politifact.com/factchecks/2012/feb/06/pete-koekstra/debbie-spend-it-now-ad-pete-hoekstra-errs-unemploy/
Joseph Trillo,"January 20, 2012","""We got [the Quonset Business Park] for free and we’re getting zero dollars out of it into the state coffers … other than the fact that it produces the jobs.""",half-true,debate,Rhode Island; Economy; Gambling; Jobs; State Budget; Taxes,Alex Kuffner,"February 3, 2012",https://www.politifact.com/factchecks/2012/feb/03/joseph-trillo/rhode-island-state-rep-joseph-trillo-says-quonset-/
Hank Johnson,"January 25, 2012","""Unemployment has fallen from 10 percent during the president’s first year in office to 8.5 percent today.""",half-true,press statement,Georgia; Economy,Willoughby Mariano,"February 1, 2012",https://www.politifact.com/factchecks/2012/feb/01/hank-johnson/spin-economy-data-leads-partisans-opposite-conclus/
Phil Gingrey,"January 25, 2012","Since President Barack Obama took office, ""2 million more Americans are out of work.""",half-true,press statement,Georgia; Economy,Willoughby Mariano,"February 1, 2012",https://www.politifact.com/factchecks/2012/feb/01/phil-gingrey/spin-jobs-data-leads-partisans-opposite-conclusion/
Casey Cagle,"January 19, 2012","Savannah is home to ""the fastest-growing port in the nation.""",mostly-true,speech,Georgia; Economy; Transportation,Eric Stirgus,"January 31, 2012",https://www.politifact.com/factchecks/2012/jan/31/casey-cagle/lt-gov-makes-big-claim-about-savannah-port/
Nathan Deal,"January 10, 2012",Siemens has been unable to fill approximately 200 skilled trade positions in metro Atlanta.,false,his State of the State address,Georgia; Economy; Education; Jobs,Willoughby Mariano,"January 30, 2012",https://www.politifact.com/factchecks/2012/jan/30/nathan-deal/deal-tech-company-needs-200-skilled-trade-workers/
Rick Santorum,"January 26, 2012","""In 2006, I went out and authored a letter with 24 other senators asking for major reform of Freddie and Fannie, warning of a meltdown and a bubble in the housing market.""",mostly-false,Republican presidential debate,National; Candidate Biography; Economy; Financial Regulation; Housing,Becky Bowers,"January 27, 2012",https://www.politifact.com/factchecks/2012/jan/27/rick-santorum/sen-rick-santorum-says-he-warned-meltdown-and-bubb/
John Kasich,"January 10, 2012",Says Ohio has 77 job training programs spread across 13 state agencies.,true,interview with The Plain Dealer,Ohio; Economy; Jobs,Reginald Fields,"January 27, 2012",https://www.politifact.com/factchecks/2012/jan/27/john-kasich/john-kasich-says-ohio-has-77-job-training-programs/
No Casinos,"January 19, 2012","Nevada is No. 1 in unemployment, violent crime, car theft, divorce, robberies and foreclosures.",mostly-true,television ad,Economy; Gambling; Crime; Florida,Amy Sherman,"January 26, 2012",https://www.politifact.com/factchecks/2012/jan/26/no-casinos/nevada-no-1-unemployment-violent-crime-car-theft-d/
Mitch Daniels,"January 24, 2012","""Nearly half of all persons under 30 did not go to work today.""",pants-fire,Republican response to the State of the Union address,National; Economy; Jobs,Louis Jacobson,"January 25, 2012",https://www.politifact.com/factchecks/2012/jan/25/mitch-daniels/mitch-daniels-says-nearly-half-all-persons-under-3/
Barack Obama,"January 24, 2012","""In the last 22 months, businesses have created more than 3 million jobs. Last year, they created the most jobs since 2005.""",mostly-true,State of the Union address,National; Corrections and Updates; Economy; Jobs,Louis Jacobson,"January 25, 2012",https://www.politifact.com/factchecks/2012/jan/25/barack-obama/have-private-sector-jobs-grown-22-months-best-annu/
Barack Obama,"January 24, 2012","""(After the auto bailout) General Motors is back on top as the world’s No. 1 automaker.""",half-true,State of the Union address,National; Economy; Jobs,Becky Bowers,"January 25, 2012",https://www.politifact.com/factchecks/2012/jan/25/barack-obama/Barack-Obama-bailout-GM-number-one/
Mitt Romney,"January 23, 2012","""The median income in this country has declined 10 percent in the last four years.""",half-true,Republican presidential debate,National; Economy,Louis Jacobson,"January 24, 2012",https://www.politifact.com/factchecks/2012/jan/24/mitt-romney/mitt-romney-says-us-median-income-has-declined-10-/
Rick Santorum,"January 23, 2012","Florida's economy ""became a bad economy ... because of a huge spike in oil prices in the summer of 2008.""",mostly-false,Republican presidential debate,National; Economy; Gas Prices; Housing; Oil Spill; Florida,Becky Bowers,"January 24, 2012",https://www.politifact.com/factchecks/2012/jan/24/rick-santorum/rick-santorum-says-2008-spike-oil-prices-caused-fl/
Mitt Romney,"January 23, 2012","""We have 25 million Americans out of work.""",half-true,Republican presidential debate,National; Economy; Jobs,Louis Jacobson,"January 24, 2012",https://www.politifact.com/factchecks/2012/jan/24/mitt-romney/mitt-romney-says-there-are-25-million-americans-ou/
Sherrod Brown,"January 18, 2012","""More than one in five of veterans aged 20 to 24 can’t find a job to support their family or to ease the transition to civilian life.""",mostly-true,news release,Ohio; Economy; Jobs; Military; Veterans,Tom Feran,"January 23, 2012",https://www.politifact.com/factchecks/2012/jan/23/sherrod-brown/sherrod-brown-says-unemployment-among-young-vets-t/
Dennis Kucinich,"December 15, 2011","""The top 10 most well-paid CEOs in America received a combined $770 million in 2010, while the average American worker’s wage rose just 2 percent.""",true,news release,Ohio; Corporations; Economy; Families; Income,Peter Krouse,"January 19, 2012",https://www.politifact.com/factchecks/2012/jan/19/dennis-kucinich/dennis-kucinich-says-combined-top-ceo-pay-topped-7/
Newt Gingrich,"January 16, 2012","""More people have been put on food stamps by Barack Obama than any president in American history.""",half-true,Republican presidential debate,National; Economy; Families; Welfare,Louis Jacobson,"January 17, 2012",https://www.politifact.com/factchecks/2012/jan/17/newt-gingrich/newt-gingrich-says-more-people-have-been-put-food-/
Mitt Romney,"January 16, 2012","""More Americans have lost their jobs under Barack Obama than any president in modern history.""",mostly-false,tweet,National; Economy; History; Jobs,Louis Jacobson,"January 17, 2012",https://www.politifact.com/factchecks/2012/jan/17/mitt-romney/mitt-romney-tweets-more-americans-have-lost-their-/
Ellyn Bogdanoff,"January 9, 2012","Tampa is ""the strip club capital of the world.""",false,hearing,Economy; Pop Culture; Florida,Angie Drobnic Holan,"January 13, 2012",https://www.politifact.com/factchecks/2012/jan/13/ellyn-bogdanoff/tampa-strip-club-capital-world/
Marcia Fudge,"December 15, 2011","""More than a quarter of mortgage borrowers are underwater, and 11 percent of all homes are vacant.""",half-true,speech,Ohio; Economy; Housing,Sabrina  Eaton,"January 12, 2012",https://www.politifact.com/factchecks/2012/jan/12/marcia-fudge/marcia-fudge-says-25-mortgage-borrowers-are-under-/
Jon Huntsman,"January 9, 2012","""What’s clear is (Romney) likes firing people.""",mostly-false,comments to reporters,National; Candidate Biography; Economy; Jobs,Louis Jacobson,"January 11, 2012",https://www.politifact.com/factchecks/2012/jan/11/jon-huntsman/jon-huntsman-accuses-mitt-romney-enjoying-firing-p/
Rick Scott,"January 10, 2012",Says the state tax burden per citizen in New York is twice as high as in Florida.,mostly-true,State of the State address,Economy; Taxes; Florida,Katie Sanders,"January 11, 2012",https://www.politifact.com/factchecks/2012/jan/11/rick-scott/scott-says-new-yorkers-pay-twice-much-floridians-s/
Rick Scott,"January 10, 2012","""In the past year, Floridians, not government, created almost 135,000 new private sector jobs. We netted more than 120,000 total jobs in the first 11 months of 2011; the third most of any state in the nation.""",mostly-true,his State of the State address,Economy; Jobs; Florida,Amy Sherman,"January 10, 2012",https://www.politifact.com/factchecks/2012/jan/10/rick-scott/rick-scott-says-floridas-job-growth-third-most-any/
Rick Scott,"January 10, 2012","""At my first ‘Let’s Get to Work Day’ … we sold out;"" more than 240 dozen doughnuts by 8:30 a.m.",mostly-false,his State of the State address,Candidate Biography; Economy; Jobs; Florida,Aaron Sharockman,"January 10, 2012",https://www.politifact.com/factchecks/2012/jan/10/rick-scott/rick-scott-talks-doughnuts-2012-state-state-addres/
Thomas Sgouros Jr.,"December 30, 2011","""[If] you apply for a job, the chances are 1 in 7 that you are going to be denied that job unfairly if everybody is forced to use E-Verify.""",false,"appearance on Rhode Island PBS's ""A Lively Experiment""",Immigration; Rhode Island; Economy; Jobs; Labor,C. Eugene Emery Jr.,"January 10, 2012",https://www.politifact.com/factchecks/2012/jan/10/thomas-sgouros-jr/columnist-thomas-sgouros-jr-says-federal-e-verify-/
Rob Portman,"December 17, 2011",Says federal spending has increased 21 percent over the past three years.,mostly-true,news release,Ohio; Deficit; Economy; Federal Budget,Tom Feran,"January 9, 2012",https://www.politifact.com/factchecks/2012/jan/09/rob-portman/senator-rob-portman-says-federal-spending-rose-21-/
Mitt Romney,"January 7, 2012",Says President Barack Obama has opened up no new trade relationships with other nations.,false,Republican presidential debate,National; Economy; Foreign Policy; New Hampshire 2012; Trade,Louis Jacobson,"January 8, 2012",https://www.politifact.com/factchecks/2012/jan/08/mitt-romney/mitt-romney-says-barack-obama-didnt-expand-us-trad/
Mitt Romney,"January 7, 2012","""We're only inches away from no longer being a free economy.""",pants-fire,Republican presidential debate,National; Economy; New Hampshire 2012; Regulation,Louis Jacobson,"January 8, 2012",https://www.politifact.com/factchecks/2012/jan/08/mitt-romney/mitt-romney-once-again-says-us-inches-away-no-long/
Jon Huntsman,"January 7, 2012","""I delivered a flat tax for my state. I took my state to No. 1 in job creation. With all due respect to what Rick Perry has said about Texas, we did a little bit better.""",half-true,Republican presidential debate,National; Economy; Jobs; New Hampshire 2012; States; Taxes,Louis Jacobson,"January 8, 2012",https://www.politifact.com/factchecks/2012/jan/08/jon-huntsman/huntsman-repeats-claim-he-signed-flat-tax-led-nati/
Matt  Wingard,"January 2, 2012","""Oregon’s per capita income is 9 percent below the national average and getting worse. This is a state that’s actually getting poorer.""",half-true,news story online,Oregon; Economy; Income; Jobs; Poverty; Workers,Janie Har,"January 6, 2012",https://www.politifact.com/factchecks/2012/jan/06/matt-wingard/oregons-capita-income-nine-percent-below-national-/
Mitt Romney,"December 28, 2011","""Our income, our GDP per capita, is almost 50 percent higher than (it is for) the average European.""",mostly-true,editorial board meeting with an Iowa newspaper,National; Economy,Louis Jacobson,"January 6, 2012",https://www.politifact.com/factchecks/2012/jan/06/mitt-romney/mitt-romney-says-us-income-almost-50-percent-highe/
John Kasich,"January 19, 2012","""We are now eighth in the nation in job creation . . . we are No. 1 in the Midwest.""",mostly-true,news conference,Ohio; Economy; Jobs,Aaron Marshall,"January 6, 2012",https://www.politifact.com/factchecks/2012/jan/06/john-kasich/john-kasich-says-ohio-no-8-job-creation-no-1-midwe/
Barack Obama,"January 3, 2012","Says he lived up to a 2008 promise when he ""closed corporate tax loopholes that were sending profits overseas.""",half-true,web video advertisement,National; Corporations; Economy; Message Machine 2012; Taxes,Louis Jacobson,"January 5, 2012",https://www.politifact.com/factchecks/2012/jan/05/barack-obama/barack-obama-reelection-video-says-he-closed-corpo/
Ron Paul,"January 3, 2012","Says a new national poll shows ""the majority of the American people believe we should have a gold standard"" for U.S. currency.",false,speech after the Iowa caucuses,Economy; Texas,Louis Jacobson,"January 4, 2012",https://www.politifact.com/factchecks/2012/jan/04/ron-paul/ron-paul-says-majority-americans-favors-gold-stand/
Rebecca Kleefisch,"December 18, 2011","Wisconsin’s monthly job reports have a ""margin of error"" of 75 percent and were ""way off"" in eight of first 10 months of 2011.",half-true,interview,Economy; Jobs; Labor; Wisconsin,Tom Kertscher,"January 4, 2012",https://www.politifact.com/factchecks/2012/jan/04/rebecca-kleefisch/preliminary-vs-revised-job-change-estimates-wiscon/
Jim Jordan,"November 30, 2011","""Eighty percent of all U.S. communities depend solely on trucks to deliver and supply the products sold in stores or ordered online.""",mostly-true,congressional hearing,Ohio; Economy; Government Regulation; Transportation,Tom Feran,"January 4, 2012",https://www.politifact.com/factchecks/2012/jan/04/jim-jordan/jim-jordan-says-truck-services-often-only-link-us-/
Eric Cantor,"November 25, 2011","Small businesses ""create 70 percent of the jobs in America.""",true,news release.,Economy; Jobs; Small Business; Virginia,Sean Gorman,"December 30, 2011",https://www.politifact.com/factchecks/2011/dec/30/eric-cantor/cantor-says-small-businesses-create-70-percent-us-/
Paul Broun,"December 13, 2011","""The latest unemployment numbers have shown that nearly 315,000 Americans have simply given up hope when it comes to finding a job.""",false,press release,Georgia; Economy; Jobs,Willoughby Mariano,"December 30, 2011",https://www.politifact.com/factchecks/2011/dec/30/paul-broun/broun-315000-americans-gave-looking-work/
Barry Hinckley,"December 4, 2011","""Our tax code is . . . 80,000 pages.""",false,"appearance on WPRI's ""Newsmakers"" program",Rhode Island; Economy; Government Regulation; Taxes,C. Eugene Emery Jr.,"December 27, 2011",https://www.politifact.com/factchecks/2011/dec/27/barry-hinckley/us-senate-candidate-barry-hinckley-says-nations-ta/
Cory Booker,"December 9, 2011","Says America spends ""over 17 percent of its GDP on health care costs when our closest competitor nations are spending about 12.""",true,speech,New Jersey; Economy; Health Care,Erin O'Neill,"December 25, 2011",https://www.politifact.com/factchecks/2011/dec/25/cory-booker/cory-booker-says-united-states-spends-more-17-perc/
Anne Nolan,"November 27, 2011","""We have one of the highest percentages per capita of nonprofits in this state of any state in the union.""",mostly-true,news show,Rhode Island; Economy; Poverty,Alex Kuffner,"December 25, 2011",https://www.politifact.com/factchecks/2011/dec/25/anne-nolan/esident-rhode-islands-largest-homeless-shelter-say/
National Republican Congressional Committee,"December 15, 2011","Says Joe Biden said Jon Corzine is ""the smartest guy that I know, in terms of the economy and on finance, I really mean this.""",true,web ad posted on YouTube,New Jersey; Economy; Message Machine 2012,Erin O'Neill,"December 22, 2011",https://www.politifact.com/factchecks/2011/dec/22/national-republican-congressional-committee/congressional-republican-group-claims-joe-biden-sa/
Theresa Price,"December 10, 2011","""Rhode Island is leading our nation in foreclosures.""",false,speech during a rally on homelessness,Bankruptcy; Rhode Island; Economy; Housing; Government Regulation; Poverty; States,C. Eugene Emery Jr.,"December 20, 2011",https://www.politifact.com/factchecks/2011/dec/20/theresa-price/rhode-island-activist-says-state-has-highest-rate-/
Michael Doherty,"December 9, 2011","""Following the catastrophic, cascading collapse of major investment banks on Wall Street in 2007.....Nobody was prosecuted, no hearings were held and no reforms were implemented.""",false,news release,New Jersey; Economy; Financial Regulation; Occupy Wall Street,Bill Wichert,"December 19, 2011",https://www.politifact.com/factchecks/2011/dec/19/michael-doherty/state-sen-mike-doherty-claims-financial-collapse-l/
Rush Holt,"December 6, 2011","Says in 1944 ""we were in debt more than twice as much as we are now.""",false,telephone town hall meeting,New Jersey; Deficit; Economy; Federal Budget,Erin O'Neill,"December 18, 2011",https://www.politifact.com/factchecks/2011/dec/18/rush-holt/rush-holt-says-1944-us-had-twice-much-debt-it-does/
Republican National Committee,"December 12, 2011","DNC chair Debbie Wasserman Schultz ""denied unemployment went up under Obama.""",mostly-false,email to reporters,Economy; Jobs; Florida,Katie Sanders,"December 15, 2011",https://www.politifact.com/factchecks/2011/dec/15/republican-national-committee-republican/did-dnc-chair-wasserman-schultz-deny-unemployment-/
Lloyd  Doggett,"December 8, 2011","Says that according to one economist, $1 of unemployment benefits boosts the economy by $1.61.",mostly-false,opinion article at HuffingtonPost.com,Economy; Jobs; Texas,Sue Owen,"December 15, 2011",https://www.politifact.com/factchecks/2011/dec/15/lloyd-doggett/doggett-says-1-extended-unemployment-benefits-will/
Ron Paul,"November 30, 2011","""The Fed created $15 trillion in the bailout process"" and $5 trillion went overseas.",mostly-false,house party,National; Economy; New Hampshire 2012,Jon Greenberg,"December 9, 2011",https://www.politifact.com/factchecks/2011/dec/09/ron-paul/did-fed-create-15-trillion-during-bailout-and-send/
Newt Gingrich,"December 5, 2011","""The only reason the unemployment rate is going down is because … twice as many people dropped out of the employment pool as the number of jobs were created.""",mostly-false,press conference,National; Economy; Jobs; Workers,Louis Jacobson,"December 6, 2011",https://www.politifact.com/factchecks/2011/dec/06/newt-gingrich/newt-gingrich-says-unemployment-only-dropped-becau/
Newt Gingrich,"December 5, 2011","President Barack Obama ""has now spent three years proving that he kills jobs in energy, he kills jobs in manufacturing.""",mostly-false,press conference,National; Economy; Energy; History; Jobs; Workers,Louis Jacobson,"December 6, 2011",https://www.politifact.com/factchecks/2011/dec/06/newt-gingrich/newt-gingrich-says-barack-obama-has-killed-jobs-en/
Eric Cantor,"November 14, 2011","The U.S. economy ""is three times as big as China's.""",mostly-true,news conference.,China; Economy; Virginia,Sean Gorman,"December 5, 2011",https://www.politifact.com/factchecks/2011/dec/05/eric-cantor/eric-cantor-says-us-economy-three-larger-chinas/
David Frum,"November 28, 2011","""Eighty percent of the net new jobs created in the state of Texas since 2009 went to the foreign-born.""",half-true,New York magazine article.,Economy; Jobs; Texas,W. Gardner Selby,"December 2, 2011",https://www.politifact.com/factchecks/2011/dec/02/david-frum/david-frum-says-foreign-born-individuals-filled-80/
Matt Mackowiak,"December 1, 2011",Says Barack Obama promised to halve the deficit in his first term.,true,opinion column.,Deficit; Economy; Texas,W. Gardner Selby,"December 2, 2011",https://www.politifact.com/factchecks/2011/dec/02/matt-mackowiak/Republican-consultant-Barack-Obama-promise-deficit/
Lisa Baldelli-Hunt,"November 17, 2011","""Eighty-five percent . . . of Rhode Island tax returns that were filed for the year 2010 . . . were from individuals who earned $30,000 or less.""",pants-fire,General Assembly debate on pension overhaul,Rhode Island; Economy; Pensions; Poverty; State Budget,C. Eugene Emery Jr.,"December 1, 2011",https://www.politifact.com/factchecks/2011/dec/01/lisa-baldelli-hunt/ri-rep-lisa-baldelli-hunt-says-tax-return-data-sho/
Democratic National Committee,"November 28, 2011",Says Mitt Romney has changed his position on supporting the TARP program.,false,Web ad,National; Economy; Message Machine 2012,Molly Moorhead,"November 30, 2011",https://www.politifact.com/factchecks/2011/nov/30/democratic-national-committee/mitt-romney-changes-position-tarp-dnc/
Republican National Committee,"November 30, 2011","In Pennsylvania, President Barack Obama’s policies have increased unemployment 19 percent, led to the loss of 37,900 manufacturing jobs, and left 189,000 more people in poverty.",half-true,Web video,National; Economy; Jobs; Message Machine 2012; Poverty; States,Louis Jacobson,"November 30, 2011",https://www.politifact.com/factchecks/2011/nov/30/republican-national-committee-republican/republican-national-committee-web-video-attacks-ba/
Rob Portman,"November 11, 2011","""We have the second highest corporate tax rate among our trading partners.""",mostly-true,Joint Select Committee on Deficit Reduction hearing,Ohio; Corporations; Deficit; Economy; Jobs; Taxes,Peter Krouse,"November 28, 2011",https://www.politifact.com/factchecks/2011/nov/28/rob-portman/sen-rob-portman-says-us-has-second-highest-corpora/
Steve Rothman,"November 2, 2011","""Currently it costs more than a penny for the U.S. Mint to make a one cent coin and more than a nickel to make the five cent piece.""",true,statement,New Jersey; Economy,Erin O'Neill,"November 24, 2011",https://www.politifact.com/factchecks/2011/nov/24/steve-rothman/steve-rothman-says-it-costs-more-make-penny-and-ni/
Rick Perry,"November 22, 2011","""When you sanction the Iranian central bank, that will shut down (Iran's) economy.""",half-true,CNN Republican presidential debate,Economy; Foreign Policy; Texas,W. Gardner Selby,"November 23, 2011",https://www.politifact.com/factchecks/2011/nov/23/rick-perry/rick-perry-united-states-sanction-iran/
Mitt Romney,"November 21, 2011","Says Barack Obama said, ""If we keep talking about the economy, we’re going to lose.""",pants-fire,television ad,National; Economy; Message Machine 2012,Louis Jacobson,"November 22, 2011",https://www.politifact.com/factchecks/2011/nov/22/mitt-romney/mitt-romney-says-obama-said-if-we-keep-talking-abo/
Maurice Thompson,"November 10, 2011","Says unemployment in Ohio ""is significantly higher than the unemployment rate in states which are not forced union states and it’s always been that way.""",false,news conference,Ohio; Economy; Labor; Unions,Aaron Marshall,"November 21, 2011",https://www.politifact.com/factchecks/2011/nov/21/maurice-thompson/ohio-unemployment-significantly-higher-right-work-/
Josh Mandel,"November 14, 2011","Says that Sen. Sherrod Brown is ""out there egging on a lot of these protesters who are spitting on policemen and going to the bathroom on policemen’s cars at these protests on Wall Street and other places.""",pants-fire,radio interview,Ohio; Civil Rights; Economy,Henry J.  Gomez,"November 18, 2011",https://www.politifact.com/factchecks/2011/nov/18/josh-mandel/josh-mandel-accuses-sherrod-brown-egging-protester/
Rick Perry,"November 16, 2011",Says President Barack Obama thinks Americans are lazy.,mostly-false,television ad,Economy; Message Machine 2012; Texas,Meghan Ashford-Grooms,"November 17, 2011",https://www.politifact.com/factchecks/2011/nov/17/rick-perry/rick-perry-says-barack-obama-thinks-americans-are-/
John Kasich,"November 25, 2011","""One-third of our college grads leave Ohio within three years.""",mostly-true,speech,Ohio; Economy; Education; Jobs,Reginald Fields,"November 17, 2011",https://www.politifact.com/factchecks/2011/nov/17/john-kasich/gov-john-kasich-says-one-third-ohios-college-grads/
Public Notice,"November 14, 2011","""41 cents out of every dollar (the U.S. spends) is borrowed from places like China.""",mostly-true,political ad,National; Economy; Federal Budget; Message Machine 2012,Angie Drobnic Holan,"November 16, 2011",https://www.politifact.com/factchecks/2011/nov/16/public-notice/drug-addict-tv-ad-says-us-borrows-41-cents-dollar/
Rick Scott,"November 14, 2011","The United States' regulations ""are among the most difficult in the world.""",false,press release,Environment; Economy; Health Care; Regulation; Florida,Amy Sherman,"November 16, 2011",https://www.politifact.com/factchecks/2011/nov/16/rick-scott/rick-scott-us-regulations-are-most-difficult-world/
Debbie Wasserman Schultz,"November 13, 2011","After losing 750,000 jobs a month before this administration, the U.S. economy under Barack Obama has had 20 straight months of growth, has added 2.8 million jobs in the private sector and added ""millions of jobs in manufacturing.""",half-true,"interview on NBC's ""Meet the Press""",National; Economy; Jobs,Louis Jacobson,"November 15, 2011",https://www.politifact.com/factchecks/2011/nov/15/debbie-wasserman-schultz/debbie-wasserman-schultz-says-obama-has-created-mi/
Rod Smith,"October 29, 2011","""Today 46 percent of all Floridians owe more on their home than it is worth.""",mostly-true,speech at Florida Democratic Party 2011 Convention,Economy; Housing; Florida,Katie Sanders,"November 8, 2011",https://www.politifact.com/factchecks/2011/nov/08/rod-smith/rod-smith-says-46-percent-florida-mortgages-are-un/
Betty Sutton,"October 25, 2011","""Every day in the United States, we are losing 15 factories.""",true,speech,Ohio; Economy; Jobs; Taxes,Sabrina  Eaton,"November 7, 2011",https://www.politifact.com/factchecks/2011/nov/07/betty-sutton/betty-sutton-says-average-15-us-factories-close-ea/
Lloyd  Doggett,"September 21, 2011",Says the main Central Texas food bank is delivering 50 percent more food to the poor than three years ago.,mostly-true,speech delivered to U.S. House of Representatives.,Economy; Poverty; Texas,Sue Owen,"November 1, 2011",https://www.politifact.com/factchecks/2011/nov/01/lloyd-doggett/lloyd-doggett-says-central-texas-food-bank-deliver/
Nina Turner,"October 24, 2011","""The collective net worth of Americans has taken a $5.5 trillion hit ... mainly due to plummeting home values.""",true,opinion column,Ohio; Economy; Housing,Henry J.  Gomez,"November 1, 2011",https://www.politifact.com/factchecks/2011/nov/01/nina-turner/nina-turner-says-plummeting-home-values-have-hamme/
Rick Perry,"October 11, 2011","Says that ""we brought CHI Manufacturing, that had business in China, back to"" Texas.",mostly-false,Blooomberg/Washington Post Republican presidential debate.,Economy; Jobs; Texas,W. Gardner Selby,"October 31, 2011",https://www.politifact.com/factchecks/2011/oct/31/rick-perry/rick-perry-says-we-brought-chi-manufacturing-had-b/
Rachel Maddow,"October 19, 2011","""A recent Department of Labor study guessed Wall Street fees cost a worker 28 percent of the value of your plan over the span of your career.""",mostly-false,segment on The Rachel Maddow Show,National; Economy; Pundits; Retirement,Molly Moorhead,"October 28, 2011",https://www.politifact.com/factchecks/2011/oct/28/rachel-maddow/rachel-maddow-says-wall-street-fees-claim-third-40/
Josh Mandel,"October 5, 2011","The STAR Ohio fund ""just received the highest possible credit rating one of these funds can receive.""",half-true,email to supporters,Ohio; Economy,Joe Guillen,"October 27, 2011",https://www.politifact.com/factchecks/2011/oct/27/josh-mandel/ohio-treasurer-josh-mandel-touts-investment-pools-/
Mitt Romney,"October 26, 2011","Says Texas unemployment is dire in various ways such as a doubling in the jobless rate during Rick Perry's governorship. Also, the Texas rate has increased faster than the national rate during Barack Obama's presidency.",half-true,press release.,Economy; Jobs; Texas,Meghan Ashford-Grooms,"October 27, 2011",https://www.politifact.com/factchecks/2011/oct/27/mitt-romney/mitt-romney-says-unemployment-texas-weakens-rick-p/
Steve LaTourette,"October 26, 2011","""For each $1 billion in infrastructure investment, 42,000 jobs are created.""",half-true,statement on his congressional website,Ohio; Economy; Infrastructure; Jobs,Stephen Koff,"October 26, 2011",https://www.politifact.com/factchecks/2011/oct/26/steve-latourette/us-rep-steve-latourette-says-infrastructure-invest/
Occupy Providence,"October 19, 2011","""Minimum wage = $16,000/year CEO-Goldman Sachs (Lloyd Blankfein) $16,000/Hour.""",false,protest sign,Rhode Island; Corporations; Deficit; Economy; Financial Regulation; Government Regulation; Occupy Wall Street; Taxes,Lynn Arditi,"October 26, 2011",https://www.politifact.com/factchecks/2011/oct/26/occupy-providence/occupy-providence-protester-says-goldman-sachs-ceo/
Facebook posts,"October 23, 2011","Congressional Republicans have introduced dozens of bills on social issues and other topics, but ""zero on job creation.""",pants-fire,Internet post,Abortion; National; Economy; Families; Labor; LGBTQ; Occupy Wall Street; Religion; Workers; Guns,Louis Jacobson,"October 25, 2011",https://www.politifact.com/factchecks/2011/oct/25/facebook-posts/blog-post-says-gop-has-sponsored-zero-job-creation/
Alan Grayson,"October 7, 2011","Says 24 million people in this country ""can't find a full-time job,"" 50 million ""can't see a doctor when they're sick,"" 47 million people need government help to feed themselves and 15 million families owe more than the value of their home.",true,"appearance on Bill Maher show on Oct. 7, 2011",Economy; Florida,Katie Sanders,"October 24, 2011",https://www.politifact.com/factchecks/2011/oct/24/alan-grayson/alan-graysons-defense-occupy-wall-street-impassion/
Josh Mandel,"September 28, 2011","""During Sherrod Brown’s past decade as a D.C. politician, more than one out of every four jobs that has left America, left from Ohio. ... Sherrod Brown will own these horrendous Ohio job numbers next year.""",half-true,news release,Economy; Jobs; Texas,Stephen Koff,"October 24, 2011",https://www.politifact.com/factchecks/2011/oct/24/josh-mandel/josh-mandel-campaign-says-sherrod-brown-owns-ohios/
Rick Perry,"October 18, 2011","""Our president has labeled Americans as soft.""",half-true,online video,Economy; Texas,Meghan Ashford-Grooms,"October 23, 2011",https://www.politifact.com/factchecks/2011/oct/23/rick-perry/rick-perry-says-barack-obama-labeled-americans-sof/
George Nee,"October 19, 2011","""This is the first time in our state, and one of the first times in the country, where benefit reductions . . . has happened to people who are retired.""",half-true,pension forum,Rhode Island; Bankruptcy; Deficit; Economy; Labor; Legal Issues; Pensions; Public Service; Retirement; State Budget; States; Taxes; Unions; Workers,C. Eugene Emery Jr.,"October 23, 2011",https://www.politifact.com/factchecks/2011/oct/23/george-nee/rhode-island-afl-cio-president-george-nee-says-red/
Sam Adams,"August 12, 2011",Says there's $4 billion in private investment along the streetcar.,mostly-false,a speech,Oregon; City Government; Economy; Transportation,Janie Har,"October 22, 2011",https://www.politifact.com/factchecks/2011/oct/22/sam-adams/mayor-sam-adamas-city-say-streetcar-attracted-4-bi/
Barack Obama,"October 18, 2011","Says his proposed payroll tax cut ""will mean an extra $1,500 in your pocket compared to if we do nothing.""",true,speech.,Economy; Jobs; Taxes; Virginia,Warren Fiske,"October 21, 2011",https://www.politifact.com/factchecks/2011/oct/21/barack-obama/obama-says-his-payroll-tax-cut-would-mean-1500-you/
Harry Reid,"October 19, 2011","With recent growth ""it is very clear that private-sector jobs have been doing fine.""",mostly-false,Senate floor speech,National; Economy; Jobs,Louis Jacobson,"October 20, 2011",https://www.politifact.com/factchecks/2011/oct/20/harry-reid/harry-reid-says-its-very-clear-private-sector-jobs/
Mitt Romney,"October 18, 2011","""Over the last several years, 40 percent (of) the jobs created in Texas were created for illegal aliens.""",half-true,Republican presidential debate,Immigration; National; Economy; Jobs,Louis Jacobson,"October 19, 2011",https://www.politifact.com/factchecks/2011/oct/19/mitt-romney/mitt-romney-hits-rick-perry-saying-40-percent-texa/
Tom  Kean Jr.,"October 7, 2011","Says Democrats raised taxes over 115 times in the past 10 years, ""making New Jersey increasingly unaffordable and chasing jobs to neighboring states.""",half-true,news release,New Jersey; Economy; Jobs; Taxes,Erin O'Neill,"October 16, 2011",https://www.politifact.com/factchecks/2011/oct/16/tom-kean-jr/tom-kean-jr-says-democratic-tax-hikes-chased-jobs-/
Peter  Palumbo,"October 5, 2011","""The Tax Foundation figures Rhode Island as the 10th highest state for state and local tax burden per capita in the country. We're the 6th worst in the country for the business tax index. We're the 3rd highest per capita in the country for all taxes.""",mostly-false,speech,Rhode Island; Economy; Small Business; Taxes,C. Eugene Emery Jr.,"October 14, 2011",https://www.politifact.com/factchecks/2011/oct/14/peter-palumbo/ri-rep-peter-palumbo-misses-marks-when-reporting-w/
Rick Santorum,"October 11, 2011","The poverty rate for families in which a husband and a wife work is 5 percent, but in families headed by one person … ""it's 30 percent today.""",half-true,Republican presidental primary debate,National; Economy; Marriage; New Hampshire 2012,Molly Moorhead,"October 13, 2011",https://www.politifact.com/factchecks/2011/oct/13/rick-santorum/rick-santorum/
John Boehner,"October 7, 2011","""Our unemployment rate has been higher than 8 percent for more than two-and-a-half years, far above what the Obama Administration promised with the 'stimulus.' """,mostly-false,news release,Ohio; Economy; Jobs; Stimulus,Tom Feran,"October 13, 2011",https://www.politifact.com/factchecks/2011/oct/13/john-boehner/john-boehner-says-obama-promised-stimulus-would-ke/
Jon Huntsman,"October 11, 2011","""I created a flat tax in the state of Utah. It took that state to the number-one position in terms of job creation.""",half-true,Republican presidential debate,National; Economy; New Hampshire 2012; States; Taxes,Louis Jacobson,"October 12, 2011",https://www.politifact.com/factchecks/2011/oct/12/jon-huntsman/jon-huntsman-touts-record-taxes-job-creation-new-h/
Mitt Romney,"October 11, 2011","In the early 1960s, all levels of government were ""consuming about 27 percent of the U.S. economy,"" a number that has risen to 37 percent today. With that trendline, ""we cease at some point to be a free economy.""",mostly-false,Republican presidential debate,National; Economy; Federal Budget; New Hampshire 2012; Regulation,Louis Jacobson,"October 12, 2011",https://www.politifact.com/factchecks/2011/oct/12/mitt-romney/mitt-romney-says-rising-government-share-threatens/
Occupied Wall Street Journal,"October 5, 2011","""More than 25 million Americans are unemployed. More than 50 million live without health insurance. Perhaps 100 million live in poverty.""",half-true,article,National; Economy; Health Care; Jobs; Occupy Wall Street; Poverty; Workers,Louis Jacobson,"October 11, 2011",https://www.politifact.com/factchecks/2011/oct/11/occupied-wall-street-journal/are-statistics-occupied-wall-street-journal-correc/
Facebook posts,"October 10, 2011",Say the ratio of CEO pay to average worker pay in the U.S. is 475 to 1.,false,"postings on Facebook, blogs, and social-media sites",National; Corporations; Economy; Labor; Occupy Wall Street; Workers,Louis Jacobson,"October 10, 2011",https://www.politifact.com/factchecks/2011/oct/10/facebook-posts/viral-facebook-post-ceo-worker-pay-ratio-has-obscu/
Barack Obama,"October 6, 2011","The Arab Spring … ""drove up gas prices.""",half-true,press conference at the White House,National; Economy; Energy; Foreign Policy,Louis Jacobson,"October 7, 2011",https://www.politifact.com/factchecks/2011/oct/07/barack-obama/barack-obama-says-arab-spring-sent-gas-prices-high/
Tim Ryan,"September 15, 2011","""We have a $2 trillion to $3 trillion infrastructure deficit. We’ve got work that needs to get done. We’ve got people that want to go to work.""",mostly-true,television interview,Ohio; Economy; Infrastructure; Jobs,Henry J.  Gomez,"October 6, 2011",https://www.politifact.com/factchecks/2011/oct/06/tim-ryan/tim-ryan-says-nation-needs-spend-2-3-million-get-i/
David Axelrod,"September 27, 2011","""The typical white male worker in this country is making in real terms what he was making in 1973"" and ""the average worker is making what they were making in 1996.""",mostly-true,speech to the New Hampshire Institute of Politics,National; Economy; New Hampshire 2012; Workers,John Gregg,"October 5, 2011",https://www.politifact.com/factchecks/2011/oct/05/david-axelrod/david-axelrod-says-typical-white-male-worker-earns/
Marcy Kaptur,"September 14, 2011","""Last year, Korea sold nearly half a million cars in our country. ... The United States, you know how much we sell to them? Six thousand. What kind of deal is that?""",mostly-true,speech,Ohio; Economy; Trade,Sabrina  Eaton,"October 4, 2011",https://www.politifact.com/factchecks/2011/oct/04/marcy-kaptur/marcy-kaptur-says-us-imported-500000-cars-south-ko/
John Kasich,"September 12, 2011","""We’re. . . keeping and creating jobs in our state. From American Greetings, to Wendy’s, to Diebold, we’ve gone to their doorsteps to keep jobs right here in Ohio.""",true,ad from the Republican Governors Association,Ohio; Economy; Jobs,Reginald Fields,"October 3, 2011",https://www.politifact.com/factchecks/2011/oct/03/john-kasich/gov-john-kasich-touts-contacts-companies-create-re/
Herman Cain,"September 15, 2011","""If our recovery were more typical of the postwar era . . . we would have 14 million more jobs today.""",mostly-true,op-ed,Georgia; Economy; Jobs,Willoughby Mariano,"October 3, 2011",https://www.politifact.com/factchecks/2011/oct/03/herman-cain/herman-cain-recovery-14-million-jobs-behind-typica/
Dennis Kucinich,"September 7, 2011","""The Fed created $1.2 trillion out of nothing, gave it to banks, and some of them foreign banks, so that they could stabilize their operations.""",true,television interview,Ohio; Economy; Financial Regulation,Peter Krouse,"September 28, 2011",https://www.politifact.com/factchecks/2011/sep/28/dennis-kucinich/rep-dennis-kucinich-says-fed-created-12-trillion-o/
John Boehner,"September 19, 2011","""We have 10,000 baby boomers retiring every day.""",true,television interview,Ohio; Deficit; Economy; Social Security,Sabrina  Eaton,"September 26, 2011",https://www.politifact.com/factchecks/2011/sep/26/john-boehner/house-speaker-john-boehner-says-10000-baby-boomers/
Herman Cain,"September 15, 2011","""This is the worst jobs recovery since the Great Depression.""",false,op-ed,Georgia; Economy,Willoughby Mariano,"September 26, 2011",https://www.politifact.com/factchecks/2011/sep/26/herman-cain/cain-jobs-recovery-worst-great-depression/
Rick Scott,"September 14, 2011",Says the Panhandle has had its highest-ever bed tax collections in 2011.,mostly-true,"interview on MSNBC's ""Morning Joe""",Economy; Oil Spill; Tourism; Florida,Amy Sherman,"September 23, 2011",https://www.politifact.com/factchecks/2011/sep/23/rick-scott/gov-scott-says-panhandle-set-bed-tax-record/
Gary Johnson,"September 22, 2011","""We're bankrupt.""",false,Republican presidential debate,National; Economy; Federal Budget,Becky Bowers,"September 23, 2011",https://www.politifact.com/factchecks/2011/sep/23/gary-johnson/gary-johnson-says-us-bankrupt/
Barbara  Boxer,"September 20, 2011","""Since 1995, the top 400 wealthiest families have seen their incomes go up 400 percent and their tax rates go down 40 percent.""",mostly-true,interview on MSNBC,National; Economy; Taxes,Louis Jacobson,"September 21, 2011",https://www.politifact.com/factchecks/2011/sep/21/barbara-boxer/barbara-boxer-says-400-richest-taxpayers-saw-incom/
Nancy Pelosi,"September 17, 2011",More private-sector jobs were created in the second year of the Obama administration than in the eight years of the Bush administration.,half-true,"interview on MSNBC's ""Up with Chris Hayes""",National; Economy; History; Jobs,Louis Jacobson,"September 20, 2011",https://www.politifact.com/factchecks/2011/sep/20/nancy-pelosi/nancy-pelosi-says-jobs-increased-faster-2010-8-yea/
Eric Cantor,"September 14, 2011","The jobs bill includes ""President Obama's tax on soup kitchens""",mostly-false,blog post,National; Economy; Jobs; Workers; Taxes,Louis Jacobson,"September 15, 2011",https://www.politifact.com/factchecks/2011/sep/15/eric-cantor/eric-cantor-blog-post-attacks-barack-obama-tax-sou/
Ron Paul,"September 12, 2011","""170,000 of the jobs"" created in Texas under Gov. Rick Perry ""were government jobs.""",half-true,Republican presidential debate,National; Economy; Jobs; State Budget; States; Workers,Louis Jacobson,"September 14, 2011",https://www.politifact.com/factchecks/2011/sep/14/ron-paul/ron-paul-says-under-rick-perry-government-jobs-gre/
Rick Perry,"September 12, 2011","""The first round of stimulus ... it created zero jobs.""",pants-fire,CNN/Tea Party Express debate,National; Economy; Jobs; Stimulus,Becky Bowers,"September 13, 2011",https://www.politifact.com/factchecks/2011/sep/13/rick-perry/rick-perry-says-2009-stimulus-created-zero-jobs/
Bob Buckhorn,"September 2, 2011","""One international flight a day in a wide-bodied jet ... one flight daily generates $150 million a year and approximately 2,300 jobs.""",half-true,an interview on WEDU-TV,Economy; Transportation; Florida,Becky Bowers,"September 12, 2011",https://www.politifact.com/factchecks/2011/sep/12/bob-buckhorn/bob-buckhorn-says-one-new-international-route-tia-/
John Kasich,"September 25, 2011","""Since the beginning of the year we've created a net increase of 45,000 jobs.""",mostly-false,television interview,Ohio; Economy; Jobs,Peter Krouse,"September 12, 2011",https://www.politifact.com/factchecks/2011/sep/12/john-kasich/gov-john-kasich-touts-administration-role-creating/
Newt Gingrich,"September 7, 2011","Ben Bernanke has been the most ""inflationary"" chairman in the history of the Federal Reserve.",mostly-false,debate,Georgia; Economy,Eric Stirgus,"September 12, 2011",https://www.politifact.com/factchecks/2011/sep/12/newt-gingrich/gingrich-bernankes-policies-inflationary-extreme-l/
Rick Perry,"September 7, 2011","""When you look at what we have done over the last decade, we created 1 million jobs in the state of Texas. At the same time, (the rest of) America lost 2.5 million.""",half-true,Republican presidential debate.,Economy; Jobs; Texas,W. Gardner Selby,"September 11, 2011",https://www.politifact.com/factchecks/2011/sep/11/rick-perry/rick-perry-says-due-what-weve-done-we-created-1-mi/
"Vincent ""Buddy"" Cianci","September 1, 2011","""Mike Trainor...still owes $250,000 to the state.""",mostly-true,talk show discussion,Bankruptcy; Rhode Island; Economy; Legal Issues,Lynn Arditi,"September 11, 2011",https://www.politifact.com/factchecks/2011/sep/11/vincent-buddy-cianci/cianci-says-chafee-staffer-michael-trainor-still-o/
Michele Bachmann,"September 7, 2011","""The day President Obama took office, gasoline was $1.79 a gallon.""",true,Republican presidential debate at the Reagan Presidential Library,National; Economy; Energy; Gas Prices,Louis Jacobson,"September 8, 2011",https://www.politifact.com/factchecks/2011/sep/08/michele-bachmann/michele-bachmann-says-gasoline-cost-179-gallon-whe/
Jon Huntsman,"September 7, 2011","Utah was ""the No. 1 job creator in this country during my years of service"" as governor, with a 5.9 percent increase in jobs.",half-true,Republican presidential debate at the Reagan Presidential Library,National; Economy; Jobs; States,Louis Jacobson,"September 8, 2011",https://www.politifact.com/factchecks/2011/sep/08/jon-huntsman/jon-huntsman-says-utah-was-no-1-job-creation-when-/
National Republican Senatorial Committee,"August 23, 2011","Sherrod Brown ""has stood side by side"" with President Barack Obama, presiding ""over the most rapid increase in the debt over the last 2.5 years"" and hurtling toward "" the worst jobs record in the modern era.""",half-true,news release,Ohio; Deficit; Economy; Jobs,Stephen Koff,"September 8, 2011",https://www.politifact.com/factchecks/2011/sep/08/national-republican-senatorial-committee/nrsc-blasts-brown-standing-obama-his-jobs-record-a/
Barack Obama,"September 5, 2011","A bipartisan payroll tax cut championed by the White House has meant that ""the average family has an extra $1,000 in their pocket"" this year.",mostly-true,Labor Day speech,National; Economy; Taxes,Louis Jacobson,"September 6, 2011",https://www.politifact.com/factchecks/2011/sep/06/barack-obama/barack-obama-says-payroll-tax-cut-has-boosted-aver/
Michele Bachmann,"August 26, 2011","President Barack Obama ""has virtually no one in his cabinet with private-sector experience.""",pants-fire,campaign event,National; Corporations; Economy,Louis Jacobson,"September 1, 2011",https://www.politifact.com/factchecks/2011/sep/01/michele-bachmann/bachmann-says-obama-has-virtually-no-one-his-cabin/
Robert Reich,"August 29, 2011","""The ratio of corporate profits to wages is now higher than at any time since just before the Great Depression.""",true,opinion column,National; Corporations; Economy; Jobs; Labor; Workers,Louis Jacobson,"September 1, 2011",https://www.politifact.com/factchecks/2011/sep/01/robert-reich/robert-reich-says-ratio-corporate-profits-wages-hi/
John Cornyn,"August 24, 2011","Congressional Budget Office ""says 8 (percent) unemployment till 2014!""",true,Twitter message.,Economy; Jobs; Texas,W. Gardner Selby,"August 31, 2011",https://www.politifact.com/factchecks/2011/aug/31/john-cornyn/john-cornyn-says-congressional-budget-office-says-/
Rick Perry,"August 13, 2011","Says the national debt and President Barack Obama's ""refusal to control spending led to our nation's credit rating being downgraded for the first time in history.""",half-true,campaign video on his website,Deficit; Economy; Federal Budget; Texas,Meghan Ashford-Grooms,"August 30, 2011",https://www.politifact.com/factchecks/2011/aug/30/rick-perry/rick-perry-says-national-debt-spending-under-obama/
Jim Petro,"August 11, 2011","Every 1 percent increase in the number of Ohioans with bachelor’s degrees ""means economic activity growing the next year and for each year thereafter (by) $2.5 billion dollars.""",mostly-true,speech at Ohio State University,Ohio; Economy; Education; Income,Aaron Marshall,"August 30, 2011",https://www.politifact.com/factchecks/2011/aug/30/jim-petro/chancellor-jim-petro-says-boosting-bachelors-degre/
Doreen Costa,"August 10, 2011","""The studies have shown us that [drug testing for welfare recipients] will be saving us money""",false,radio interview,Rhode Island; Children; Drugs; Economy; Families; Government Regulation; Poverty; State Budget; Florida; Marijuana,C. Eugene Emery Jr.,"August 26, 2011",https://www.politifact.com/factchecks/2011/aug/26/doreen-costa/rep-costa-says-drug-testing-welfare-recipients-wil/
Rob Portman,"July 19, 2011","""We rank below Ethiopia, I'm told, in terms of our exports per capita, well below any of the other developed countries we trade with, and well below China and (South) Korea.""",half-true,television interview,Ohio; Economy; Foreign Policy; Trade,Tom Feran,"August 25, 2011",https://www.politifact.com/factchecks/2011/aug/25/rob-portman/sen-rob-portman-says-us-export-values-capita-lag-e/
Donna Brazile,"August 21, 2011","""Over the last four years, 53 percent of black wealth has just disappeared.""",mostly-true,comment on 'This Week with Christiane Amanpour',National; Economy; Race and Ethnicity; Pundits; This Week - ABC News,Angie Drobnic Holan,"August 24, 2011",https://www.politifact.com/factchecks/2011/aug/24/donna-brazile/brazile-said-53-percent-black-wealth-has-disappear/
Mike Villarreal,"August 6, 2011","Says that before Rick Perry became governor, ""only 4 percent of our total labor force was a minimum wage job ... Today, that number has more than doubled (to) 9.5 percent.""",half-true,Texas Capitol rally.,Economy; Jobs; Texas,W. Gardner Selby,"August 24, 2011",https://www.politifact.com/factchecks/2011/aug/24/mike-villarreal/mike-villarreal-says-texans-earning-minimum-wage-m/
James Bennett,"August 15, 2011","Providence's port is ""200 miles closer to Europe than any other Eastern port.""",false,news conference,Rhode Island; Economy; Infrastructure; Trade; Transportation,C. Eugene Emery Jr.,"August 21, 2011",https://www.politifact.com/factchecks/2011/aug/21/james-bennett/incoming-economic-development-director-says-provid/
Mitt Romney,"August 8, 2011","Says he worked with the Democratic legislature to balance spending with revenues so that ""at the end of my four-year term, the rainy day fund was established at more than $2 billion.""",mostly-true,"speech to a Manchester, N.H. Rotary club",National; Economy; New Hampshire 2012; State Budget,Josh Rogers,"August 16, 2011",https://www.politifact.com/factchecks/2011/aug/16/mitt-romney/mitt-romney-said-governor-he-built-rainy-day-fund/
Mitt Romney,"August 11, 2011","Says that under President John F. Kennedy, ""government took up"" 27 percent of the economy, and today it ""consumes 37 percent.""",mostly-true,Republican debate,National; Economy; Federal Budget; History,Louis Jacobson,"August 12, 2011",https://www.politifact.com/factchecks/2011/aug/12/mitt-romney/romney-says-government-has-grown-27-percent-37-per/
Reince Priebus,"August 3, 2011","The Republican National Convention ""is a Super Bowl times four.""",false,comments made to reporters while,Economy; Elections; Tourism; Florida,Aaron Sharockman,"August 12, 2011",https://www.politifact.com/factchecks/2011/aug/12/reince-priebus/rnc-chairman-says-2012-gop-convention-super-bowl-t/
Mitt Romney,"August 11, 2011","""We're inches away from no longer having a free economy.""",pants-fire,Republican debate,National; Economy; Regulation,Louis Jacobson,"August 12, 2011",https://www.politifact.com/factchecks/2011/aug/12/mitt-romney/mitt-romney-gets-another-pants-fire-saying-were-in/
Ron Paul,"July 18, 2011","""In the '80s, Democrats promised spending cuts, but delivered only tax hikes.""",false,television campaign ad,National; Economy; New Hampshire 2012; Taxes,Maryalice Gill,"August 10, 2011",https://www.politifact.com/factchecks/2011/aug/10/ron-paul/ron-pau-ad-says-democrats-only-want-tax-increases/
Raul Labrador,"July 31, 2011",Tax increases under Michigan Gov. Jennifer Granholm led to state unemployment going from 6.8 percent to 15.3 percent.,mostly-false,"interview on NBC's ""Meet the Press""",National; Economy; Jobs; State Budget; States; Taxes,Louis Jacobson,"August 4, 2011",https://www.politifact.com/factchecks/2011/aug/04/raul-labrador/raul-labrador-says-tax-hike-led-spike-michigan-une/
Jennifer Granholm,"July 31, 2011","""I cut more as a percentage out of government than any state in the country this past decade. And where is Michigan in terms of its economic growth? Cutting did not result in economic growth.""",mostly-true,"interview on NBC's ""Meet the Press""",National; Deficit; Economy; States,Louis Jacobson,"August 4, 2011",https://www.politifact.com/factchecks/2011/aug/04/jennifer-granholm/jennifer-granholm-says-massive-government-cuts-mic/
Barry Hinckley,"July 24, 2011","""There's no money in Social Security.""",false,appearance on Channel 6,Rhode Island; Economy; Federal Budget; Social Security; Taxes,C. Eugene Emery Jr.,"August 4, 2011",https://www.politifact.com/factchecks/2011/aug/04/barry-hinckley/gop-senate-candidate-hinckley-says-there-no-money-/
Harry Reid,"August 2, 2011","There was a ""loss of eight million jobs during the Bush eight years.""",pants-fire,Senate floor speech,National; Economy; History; Jobs,Louis Jacobson,"August 3, 2011",https://www.politifact.com/factchecks/2011/aug/03/harry-reid/harry-reid-says-8-million-jobs-lost-during-george-/
Jon Husted,"July 18, 2011","""#Business formation is still on the rise in Ohio! So far in 2011 we’ve assisted w/ 44,443 new business filings.""",mostly-true,tweet on Twitter,Ohio; Corporations; Economy,Mark Naymik,"August 3, 2011",https://www.politifact.com/factchecks/2011/aug/03/jon-husted/ohio-secretary-state-jon-husted-touts-rise-new-bus/
Marco Rubio,"July 29, 2011","""If the debt ceiling is surpassed, our nation will not go into default as some suggest.""",half-true,e-mail,Economy; Federal Budget; Florida,Martha M. Hamilton,"August 2, 2011",https://www.politifact.com/factchecks/2011/aug/02/marco-rubio/rubio-says-if-debt-ceiling-was-surpassed-us-would-/
Dennis Kucinich,"July 15, 2011","""Social Security didn’t cause the debt crisis. Social Security had nothing to do with the debt crisis.""",mostly-true,speech,Ohio; Deficit; Economy; Social Security,Tom Feran,"August 2, 2011",https://www.politifact.com/factchecks/2011/aug/02/dennis-kucinich/rep-dennis-kucincih-says-social-security-didnt-cau/
John Kasich,"July 17, 2011","""Believe it or not, consumer spending is up over the last eight months.""",true,"appearance on ""Meet the Press""",Ohio; Economy,Reginald Fields,"August 1, 2011",https://www.politifact.com/factchecks/2011/aug/01/john-kasich/gov-john-kasich-says-consumer-spending-has-actally/
Tom Price,"July 24, 2011","""The U.S. won't default, because default means that you don't pay your creditors. And it takes about 10 percent of the money that's coming in right now"" to pay interest to bondholders.",false,"interview on CNN's ""State of the Union with Candy Crowley""",Georgia; Deficit; Economy,Louis Jacobson,"July 26, 2011",https://www.politifact.com/factchecks/2011/jul/26/tom-price/georgia-republican-tom-price-says-paying-debtholde/
Arianna Huffington,"July 24, 2011","""Most countries have no debt ceiling.""",mostly-true,"roundtable segment on ABC's ""This Week with Christiane Amanpour""",National; Deficit; Economy; Pundits; This Week - ABC News,Louis Jacobson,"July 25, 2011",https://www.politifact.com/factchecks/2011/jul/25/arianna-huffington/arianna-huffington-says-us-debt-ceiling-rules-are-/
Gina Raimondo,"July 10, 2011","""The average 401(k) in America of a person who's 60 years old is under $100,000.""",mostly-true,appearance on 10 News Conference,Rhode Island; Economy; Labor; Retirement,C. Eugene Emery Jr.,"July 24, 2011",https://www.politifact.com/factchecks/2011/jul/24/gina-raimondo/ri-treasurer-raimondo-says-60-year-olds-401ks-typi/
Kay Bailey Hutchison,"June 29, 2011","""The only growth sector that we’ve had in the last two years in America is government growth.""",false,interview with CNBC,Economy; Jobs; Texas,Meghan Ashford-Grooms,"July 22, 2011",https://www.politifact.com/factchecks/2011/jul/22/kay-bailey-hutchison/sen-hutchison-says-government-only-growth-sector-n/
John Kasich,"July 12, 2011","""We jumped 11 places since beginning this year in terms of being job-friendly.""",mostly-true,interview on Fox News,Ohio; Economy,Tom Feran,"July 21, 2011",https://www.politifact.com/factchecks/2011/jul/21/john-kasich/gov-john-kasich-touts-ohios-improvement-cnbc-busin/
Ocean State Policy Research Institute,"July 29, 2011","""Dubious taxpayer-funded"" stimulus spending -- Part II.",pants-fire,report,Rhode Island; Economy; Federal Budget; Stimulus,Richard Salit,"July 21, 2011",https://www.politifact.com/factchecks/2011/jul/21/ocean-state-policy-research-institute/watchdog-group-critical-stimulus-spending-publishe/
Bernie Sanders,"July 18, 2011","""Since 2000, nearly 12 million Americans have slipped out of the middle class and into poverty.""",half-true,tweet,National; Economy; Jobs; New Hampshire 2012; Poverty,Louis Jacobson,"July 20, 2011",https://www.politifact.com/factchecks/2011/jul/20/bernie-sanders/bernie-sanders-says-12-million-have-slipped-middle/
David Dewhurst,"July 5, 2011","Says President Barack Obama’s ""own economists say the stimulus cost $278K per job ‘created.’ """,false,Twitter message.,Economy; Jobs; Stimulus; Texas,Meghan Ashford-Grooms,"July 20, 2011",https://www.politifact.com/factchecks/2011/jul/20/david-dewhurst/david-dewhurst-says-presidents-economists-say-stim/
Grover Norquist,"July 13, 2011","""Every time we've cut the capital gains tax, the economy has grown. Whenever we raise the capital gains tax, it's been damaged.""",false,interview on CNN,National; Economy; Taxes,Angie Drobnic Holan,"July 19, 2011",https://www.politifact.com/factchecks/2011/jul/19/grover-norquist/grover-norquist-said-economy-has-grown-or-been-dam/
Marco Rubio,"July 17, 2011","""We have not had unemployment this high for this long since the Great Depression.""",mostly-true,"interview on CBS's ""Face the Nation""",Economy; Jobs; Florida,Katie Sanders,"July 19, 2011",https://www.politifact.com/factchecks/2011/jul/19/marco-rubio/us-sen-marco-rubio-says-unemployment-streak-worst-/
Marc Morial,"July 17, 2011","""The black unemployment rate (has) increased since the recovery has begun.""",true,"interview on NBC's ""Meet the Press""",National; Economy; Jobs; Workers,Louis Jacobson,"July 18, 2011",https://www.politifact.com/factchecks/2011/jul/18/marc-morial/marc-morial-says-black-unemployment-has-actually-w/
Bob McDonnell,"July 13, 2011",Ninety percent of the job growth in Virginia has been in the private sector.,true,TV interview.,Economy; Jobs; Virginia,Sean Gorman,"July 18, 2011",https://www.politifact.com/factchecks/2011/jul/18/bob-mcdonnell/mcdonnell-says-90-percent-virginias-job-growth-has/
Gary Johnson,"July 14, 2011","""New Mexico is the second Hollywood"" because of tax incentives for the film industry.",half-true,"interview with the 'New Hampshire Business Review""",National; Economy; New Hampshire 2012; Taxes,John Gregg,"July 15, 2011",https://www.politifact.com/factchecks/2011/jul/15/gary-johnson/gary-johnson-says-tax-breaks-made-new-mexico-secon/
Crossroads GPS,"July 14, 2011","""Our country's got this huge debt, and (President Barack) Obama says raise taxes and keep spending more.""",half-true,television ad,National; Deficit; Economy; Federal Budget; Taxes,Louis Jacobson,"July 14, 2011",https://www.politifact.com/factchecks/2011/jul/14/crossroads-gps/crossroads-gps-says-barack-obama-wants-raise-taxes/
Republican National Committee,"July 7, 2011","Since President Obama took office, ""2 million jobs. Gone.""",mostly-true,television commercial,Ohio; Economy; Jobs; Message Machine 2010,Mark Naymik,"July 13, 2011",https://www.politifact.com/factchecks/2011/jul/13/republican-national-committee-republican/republican-national-committees-ad-says-2-million-j/
Barack Obama,"July 11, 2011","""As we've seen that federal support for states diminish, you've seen the biggest job losses in the public sector -- teachers, police officers, firefighters losing their jobs.""",mostly-true,press conference,National; Economy; Jobs; Stimulus; Workers,Angie Drobnic Holan,"July 12, 2011",https://www.politifact.com/factchecks/2011/jul/12/barack-obama/obama-says-public-sector-job-losses-increasing-sti/
Sarah Palin,"July 10, 2011","Slim Jims ""just recently"" cost 99 cents but now cost $2.69.",false,"interview with ""Newsweek""",Agriculture; National; Economy,Louis Jacobson,"July 11, 2011",https://www.politifact.com/factchecks/2011/jul/11/sarah-palin/sarah-palin-says-price-slim-jims-has-risen-169-per/
Paul Krugman,"July 11, 2011","""There are actually half a million fewer government employees now than there were when (President Barack) Obama took office.""",true,"""New York Times"" column",National; Economy; Jobs; Pundits; Workers,Louis Jacobson,"July 11, 2011",https://www.politifact.com/factchecks/2011/jul/11/paul-krugman/paul-krugman-says-government-jobs-have-fallen-half/
George Allen,"July 2, 2011","""China owns more of our bonds than do Americans.""",false,TV interview.,China; Deficit; Economy; Virginia,Sean Gorman,"July 8, 2011",https://www.politifact.com/factchecks/2011/jul/08/george-allen/allen-says-china-owns-more-us-bonds-americans/
Barack Obama,"July 6, 2011","""Young veterans have a higher unemployment rate than people who didn’t serve.""",true,Twitter town hall,National; Economy; Jobs; Military; Veterans; Workers,Louis Jacobson,"July 7, 2011",https://www.politifact.com/factchecks/2011/jul/07/barack-obama/barack-obama-says-post-911-veterans-have-higher-un/
Barack Obama,"July 6, 2011","""We have provided at least 16 tax cuts to small businesses.""",mostly-true,Twitter town hall,National; Economy; Small Business; Taxes,Robert Farley,"July 7, 2011",https://www.politifact.com/factchecks/2011/jul/07/barack-obama/barack-obama-claims-credit-least-16-tax-cuts-small/
Lisa Hamler-Fugitt,"June 1, 2011","""Ohio currently ranks 50th out of all states in income growth.""",mostly-true,testimony before a House subcommittee,Ohio; Economy; Income,Tom Feran,"July 7, 2011",https://www.politifact.com/factchecks/2011/jul/07/lisa-hamler-fugitt/ohio-ranks-50th-income-growth-foodbank-leader-says/
Shaun  Donovan,"July 3, 2011","Housing prices dropped for the 30 months prior to Barack Obama taking office, ""and they have stabilized, they've been about flat since the president came in.""",half-true,"interview on CNN's ""State of the Union with Candy Crowley""",National; Economy; Housing,Louis Jacobson,"July 6, 2011",https://www.politifact.com/factchecks/2011/jul/06/shaun-donovan/hud-secretary-shaun-donovan-says-house-prices-stab/
Steve Case,"July 3, 2011","""Forty percent of the Fortune 500 were started either by immigrants or children of immigrants.""",half-true,interview on CNN,Immigration; National; Economy,Robert Farley,"July 6, 2011",https://www.politifact.com/factchecks/2011/jul/06/steve-case/steve-case-says-40-percent-fortune-500-were-starte/
Bob McDonnell,"June 25, 2011","""Under Gov. Rick Perry’s leadership [Texas] has created more jobs over the last decade than the rest of the states combined.""",mostly-false,op-ed.,Economy; Jobs; Virginia,Jacob Geiger,"July 6, 2011",https://www.politifact.com/factchecks/2011/jul/06/bob-mcdonnell/mcdonnell-says-texas-under-gov-perry-has-created-h/
Rob Portman,"June 16, 2011","A year since the ""Recovery Summer,"" there has been been ""a fall, winter and spring of no recovery.""",mostly-false,interview on the Fox Business Channel,Ohio; Economy,Stephen Koff,"July 5, 2011",https://www.politifact.com/factchecks/2011/jul/05/rob-portman/sen-rob-portman-says-year-recovery-summer-theres-s/
Richard Swett,"June 21, 2011","Says that in 2009, Jon Huntsman ""said that the Recovery Act wasn't large enough and as governor he asked for $14.4 billion in federal stimulus funds. Now he's saying that he never supported it.""",half-true,conference call with reporters.,National; Economy; New Hampshire 2012; Stimulus,Jake Berry,"July 3, 2011",https://www.politifact.com/factchecks/2011/jul/03/richard-swett/former-us-rep-richard-swett-says-huntsman-flip-flo/
Michele Bachmann,"June 27, 2011","Says President Barack Obama said that if he doesn’t turn the economy around after three years in office, he’ll be a one-term president.",mostly-true,several speeches and interviews,National; Economy,Louis Jacobson,"June 29, 2011",https://www.politifact.com/factchecks/2011/jun/29/michele-bachmann/michele-bachmann-uses-barack-obamas-one-term-presi/
Jim DeMint,"June 26, 2011","""We've got more revenue than we ever have.""",false,"interview on CNN's ""State of the Union with Candy Crowley""",National; Economy; Taxes,Louis Jacobson,"June 28, 2011",https://www.politifact.com/factchecks/2011/jun/28/jim-demint/jim-demint-says-federal-government-has-more-revenu/
Michele Bachmann,"June 1, 2011","""If you threw a barbecue yesterday for the Memorial weekend, it was 29 percent more expensive than last year because Barack Obama's policies have led to groceries going up 29 percent.""",false,interview on WKXL-AM,National; Economy; New Hampshire 2012,Jake Berry,"June 27, 2011",https://www.politifact.com/factchecks/2011/jun/27/michele-bachmann/michele-bachmann-says-food-prices-barbecues-29-per/
Harry Reid,"June 22, 2011","""Hispanic unemployment has been ticking down from an all-time high of 13.9 percent because of the policies we’ve implemented.""",mostly-false,"online chat with the ""Washington Post""",National; Economy; Jobs; Stimulus,Louis Jacobson,"June 27, 2011",https://www.politifact.com/factchecks/2011/jun/27/harry-reid/harry-reid-says-hispanic-unemployment-ticking-down/
Tom  Kean Jr.,"May 24, 2011","""The state’s tax burden has, according to census figures released today, cost our state another 190,000 residents in 2009.""",false,press release,New Jersey; Census; Economy; Taxes,Erin O'Neill,"June 27, 2011",https://www.politifact.com/factchecks/2011/jun/27/tom-kean-jr/state-sen-tom-kean-jr-says-new-jerseys-taxes-cause/
Rick Perry,"June 14, 2011","""Since June 2009, about 48 percent of all the jobs created in America were in Texas.""",half-true,cameo interview.,Economy; Jobs; Texas,W. Gardner Selby,"June 26, 2011",https://www.politifact.com/factchecks/2011/jun/26/rick-perry/rick-perry-says-texas-accounted-48-percent-us-jobs/
Better Austin Today,"June 18, 2011","""Under Randi Shade,"" Austin has ""had the highest cost of living of any large Texas city.""",mostly-false,campaign mailer.,Economy; Texas,W. Gardner Selby,"June 26, 2011",https://www.politifact.com/factchecks/2011/jun/26/better-austin-today-political-action-committee/political-group-says-austin-has-had-highest-cost-l/
Dennis Kucinich,"June 1, 2011","""Seventy of Ohio's 88 counties now have more than 25 percent of their residents eligible for emergency food.""",true,House committee hearing,Ohio; Economy; Families; Poverty,Tom Feran,"June 24, 2011",https://www.politifact.com/factchecks/2011/jun/24/dennis-kucinich/rep-dennis-kucinich-says-one-quarter-residents-qua/
Kim Guadagno,"May 11, 2011","After not having any foreign trade offices overseas for the past decade, New Jersey opened offices in Shanghai and London in the past six months, and has seen an 18 percent increase in exports.",false,radio interview on WNYC,New Jersey; Economy,Bill Wichert,"June 23, 2011",https://www.politifact.com/factchecks/2011/jun/23/kim-guadagno/lt-gov-kim-guadagno-says-foreign-trade-offices-sha/
David Axelrod,"June 19, 2011","When Mitt Romney was governor, Massachusetts ranked 47th out of 50 states in job creation.",half-true,CNN interview,National; Economy; Jobs,Robert Farley,"June 22, 2011",https://www.politifact.com/factchecks/2011/jun/22/david-axelrod/dems-say-when-mitt-romney-was-governor-massachuset/
National Republican Senatorial Committee,"June 3, 2011","""President Obama and liberal former DNC Chairman Tim Kaine’s $787 billion stimulus failed to create jobs.""",false,press release.,Deficit; Economy; Stimulus; Virginia,Jacob Geiger,"June 20, 2011",https://www.politifact.com/factchecks/2011/jun/20/national-republican-senatorial-committee/gop-senate-group-says-tim-kaines-stimulus-failed-c/
Chris Widener,"June 7, 2011","Says tax revenue was lower than expected in May and ""that's basically a clear indication the governor's counselors are probably right -- that we are still not out of the woods yet.""",mostly-false,remarks to reporters,Ohio; Economy; State Budget; Taxes,Aaron Marshall,"June 20, 2011",https://www.politifact.com/factchecks/2011/jun/20/chris-widener/state-sen-chris-widener-says-may-tax-revenue-dip-s/
Diane Allen,"May 9, 2011",Says Ocean Spray is moving its Bordentown processing facility to Pennsylvania largely because of costs associated with the Regional Greenhouse Gas Initiative.,false,press release,New Jersey; Cap and Trade; Climate Change; Economy,Bill Wichert,"June 20, 2011",https://www.politifact.com/factchecks/2011/jun/20/diane-allen/sen-diane-allen-blames-regional-greenhouse-gas-ini/
George Allen,"June 14, 2011","""The tax on job creating businesses is 35 percent in the United States, second worst in the entire world.""",mostly-true,speech.,Corporations; Economy; Jobs; Taxes; Virginia,Sean Gorman,"June 18, 2011",https://www.politifact.com/factchecks/2011/jun/18/george-allen/george-allen-says-us-corporate-tax-rate-second-hig/
John  Kitzhaber,"April 19, 2011","""Creating 25 jobs in Umatilla County has the same impact as 500 jobs in the metro region.""",mostly-true,press release,Oregon; Economy; Jobs,Ian K. Kullgren,"June 17, 2011",https://www.politifact.com/factchecks/2011/jun/17/john-kitzhaber/governor-compares-creating-25-jobs-rural-umatilla-/
Mitt Romney,"June 16, 2011","""This is the slowest job recovery since Hoover.""",false,appearance at a Tampa coffee shop,National; Economy; History; Jobs,Louis Jacobson,"June 16, 2011",https://www.politifact.com/factchecks/2011/jun/16/mitt-romney/mitt-romney-says-were-slowest-job-recovery-hoover/
Newt Gingrich,"June 13, 2011","If today's economy was rebounding at the rate of the ""Reagan recovery,"" it would have created the equivalent of 25 million new jobs and raised federal revenue by $800 billion a year.",half-true,Republican presidential debate,Georgia; Economy; Federal Budget; History; Jobs; Taxes,Louis Jacobson,"June 14, 2011",https://www.politifact.com/factchecks/2011/jun/14/newt-gingrich/newt-gingrich-touts-scale-reagan-recovery-new-hamp/
Michele Bachmann,"June 13, 2011","""The CBO, the Congressional Budget Office has said that Obamacare will kill 800,000 jobs.""",mostly-false,debate,National; Economy; Health Care,Angie Drobnic Holan,"June 14, 2011",https://www.politifact.com/factchecks/2011/jun/14/michele-bachmann/michele-bachmann-says-obamacare-will-kill-800000-j/
Reince Priebus,"June 12, 2011","""We have unemployment that rivals the Great Depression.""",false,"interview on NBC's ""Meet the Press""",National; Economy; Jobs,Louis Jacobson,"June 13, 2011",https://www.politifact.com/factchecks/2011/jun/13/reince-priebus/rnc-chair-reince-priebus-says-todays-long-term-une/
Paul Krugman,"June 9, 2011","""The average unemployed American has been out of work for almost 40 weeks.""",true,New York Times column,National; Economy; Jobs; Pundits,Louis Jacobson,"June 10, 2011",https://www.politifact.com/factchecks/2011/jun/10/paul-krugman/paul-krugman-says-average-unemployed-worker-has-be/
Kim Guadagno,"May 11, 2011",Says Panasonic stayed in New Jersey because of the Business Retention and Relocation Assistance Grant (BRRAG) program.,false,radio interview on WNYC's Brian Lehrer Show,New Jersey; Economy; Jobs; Taxes,Erin O'Neill,"June 10, 2011",https://www.politifact.com/factchecks/2011/jun/10/kim-guadagno/lt-gov-kim-guadagno-says-business-retention-and-re/
Brian Deese,"June 2, 2011","""We've seen 115,000 jobs created in the American auto industry since GM and Chrysler emerged from bankruptcy.""",half-true,telephone news conference,Ohio; Economy; Jobs,Stephen Koff,"June 9, 2011",https://www.politifact.com/factchecks/2011/jun/09/brian-deese/economics-adviser-brian-deese-says-auto-industry-h/
Austan Goolsbee,"June 5, 2011","""Over the last 15 months, we've added more than 2 million jobs in the private sector. That's far in excess of what it was in the comparable period after the last recession.""",mostly-true,"interview on ABC's ""This Week with Christiane Amanpour""",National; Economy; History; This Week - ABC News,Louis Jacobson,"June 6, 2011",https://www.politifact.com/factchecks/2011/jun/06/austan-goolsbee/austan-goolsbee-says-current-recovery-beats-job-cr/
Austan Goolsbee,"June 5, 2011","""Manufacturing is having its best employment year in almost 15 years.""",mostly-true,"interview on ABC's ""This Week with Christiane Amanpour""",National; Economy; History; This Week - ABC News,Louis Jacobson,"June 6, 2011",https://www.politifact.com/factchecks/2011/jun/06/austan-goolsbee/austan-goolsbee-says-manufacturing-jobs-growing-fa/
Mitt Romney,"June 2, 2011","""We are only inches away from ceasing to be a free market economy.""",pants-fire,speech announcing his presidential campaign,National; Economy; Regulation,Louis Jacobson,"June 2, 2011",https://www.politifact.com/factchecks/2011/jun/02/mitt-romney/mitt-romney-says-us-only-inches-away-ceasing-be-fr/
Adam Hasner,"May 23, 2011","""Obama-Nelson economic record: Job creation ... at slowest post-recession rate since Great Depression.""",mostly-true,tweet,Economy; Jobs; Florida,Amy Sherman,"May 30, 2011",https://www.politifact.com/factchecks/2011/may/30/adam-hasner/hasner-says-post-recession-job-creation-worst-grea/
Texas Public Policy Foundation,"April 25, 2011","Says that in the last five years, Texas ""created more jobs than all other states combined.""",half-true,television ad that ran through May 20,Economy; Jobs; Texas,Meghan Ashford-Grooms,"May 29, 2011",https://www.politifact.com/factchecks/2011/may/29/texas-public-policy-foundation/texas-public-policy-foundation-says-texas-created-/
Ward Armstrong,"May 23, 2011","Under Gov. Bob McDonnell, more jobs have been lost than created in Southside and Southwest Virginia.",false,news release.,Corrections and Updates; Economy; Jobs; Virginia,Sean Gorman,"May 28, 2011",https://www.politifact.com/factchecks/2011/may/28/ward-armstrong/armstrong-says-jobs-are-down-southside-and-southwe/
Rob Portman,"May 3, 2011","""The (health reform) legislation which Washington passed last year has made it more difficult to hire"" because it’s increased costs for employers.",mostly-false,press availability following a policy luncheon,Ohio; Economy; Health Care,Stephen Koff,"May 26, 2011",https://www.politifact.com/factchecks/2011/may/26/rob-portman/sen-rob-portman-says-health-care-reform-has-hamper/
Bob McDonnell,"May 20, 2011","For more than 30 years after World War II, there was a steady reduction in U.S. debt as a percentage of gross domestic product.",true,interview.,Deficit; Economy; Virginia,Sean Gorman,"May 25, 2011",https://www.politifact.com/factchecks/2011/may/25/bob-mcdonnell/gov-mcdonnell-says-us-debt-shrank-comparison-gdp-d/
Herman Cain,"May 21, 2011","The U.S. has ""47 million people on food stamps. That’s 14 million more than when the current occupant of the White House took over.""",mostly-true,speech announcing his presidential run,Georgia; Economy; Families,Willoughby Mariano,"May 24, 2011",https://www.politifact.com/factchecks/2011/may/24/herman-cain/cain-said-food-stamp-program-use-under-obama/
Amy Hanauer,"May 5, 2011","""To give a sense of how families are struggling, a record four out of every 10 school kids in Ohio now qualifies for subsidized lunch.""",true,at a rally at the Ohio Statehouse,Ohio; Children; Economy; Families; Poverty,Joe Guillen,"May 24, 2011",https://www.politifact.com/factchecks/2011/may/24/amy-hanauer/policy-matters-ohios-amy-hanauer-says-four-every-1/
Frank Wolf,"April 19, 2011","The U.S. has ""over $62 trillion in unfunded liabilities.""",mostly-false,news release.,Deficit; Economy; Federal Budget; Virginia,Wes Hester,"May 23, 2011",https://www.politifact.com/factchecks/2011/may/23/frank-wolf/rep-frank-wolf-says-us-has-over-62-trillion-unfund/
Nancy Pelosi,"May 16, 2011","""In the first year of the Obama administration, more jobs were created in the private sector than in the eight years of the Bush administration.""",false,interview with Bloomberg television,National; Economy; History,Louis Jacobson,"May 17, 2011",https://www.politifact.com/factchecks/2011/may/17/nancy-pelosi/nancy-pelosi-says-more-jobs-created-obamas-first-y/
Newt Gingrich,"May 15, 2011","President Barack Obama deserves to be called ""the most successful food stamp president in American history"" because ""47 million Americans are on food stamps.""",half-true,"interview on NBC's ""Meet the Press""",National; Economy; Families,Louis Jacobson,"May 16, 2011",https://www.politifact.com/factchecks/2011/may/16/newt-gingrich/newt-gingrich-defends-calling-barack-obama-food-st/
Randy Forbes,"May 5, 2011",Failure to raise the debt limit does not force a U.S. default on debt payments.,true,statement.,Deficit; Economy; Federal Budget; Virginia,Wes Hester,"May 16, 2011",https://www.politifact.com/factchecks/2011/may/16/randy-forbes/rep-randy-forbes-says-holding-line-debt-limit-does/
John Kasich,"May 10, 2011","""We're within 600 miles of 60 percent of America. We're in a perfect location.""",true,speech to the Ohio Chamber of Commerce,Ohio; Economy; Jobs,Tom Feran,"May 13, 2011",https://www.politifact.com/factchecks/2011/may/13/john-kasich/gov-john-kasich-says-60-percent-us-population-with/
Newt Gingrich,"May 11, 2011","""For four years, we balanced the budget and paid off $405 billion in debt.""",false,presidential campaign announcement video,National; Deficit; Economy; Federal Budget,Louis Jacobson,"May 12, 2011",https://www.politifact.com/factchecks/2011/may/12/newt-gingrich/newt-gingrich-inaccurate-budget-debt-claims-video-/
Barack Obama,"May 10, 2011","Under President Barack Obama, the United States has ""doubled our exports.""",false,speech,National; Economy; Trade,Louis Jacobson,"May 11, 2011",https://www.politifact.com/factchecks/2011/may/11/barack-obama/barack-obama-says-us-has-doubled-exports-during-hi/
John Boehner,"May 10, 2011","The Bush tax cuts ""created about 8 million jobs over the first 10 years that they were in existence. We've lost about 5 million of those jobs during this recession.""",false,"interview on NBC's ""Today"" show",National; Economy; History; Jobs; Taxes,Louis Jacobson,"May 11, 2011",https://www.politifact.com/factchecks/2011/may/11/john-boehner/john-boehner-says-bush-tax-cuts-created-8-million-/
Ron Paul,"May 5, 2011","""Prices are going up. Unemployment is continuing to go up.""",half-true,presidential debate,Economy; Jobs; Texas,Ciara O'Rourke,"May 6, 2011",https://www.politifact.com/factchecks/2011/may/06/ron-paul/us-rep-ron-paul-says-prices-are-increasing-and-une/
Arianna Huffington,"May 1, 2011","Says although the unemployment rate seems to be improving, it does not reflect real job creation -- it’s caused by a ""shrinking of the actual labor force.""",mostly-true,"roundtable segment on ABC's ""This Week with Christiane Amanpour""",National; Economy; Jobs; Pundits; This Week - ABC News,Louis Jacobson,"May 4, 2011",https://www.politifact.com/factchecks/2011/may/04/arianna-huffington/arianna-huffington-says-unemployment-gains-are-act/
Rob Portman,"April 26, 2011","Drilling for oil on the Outer Continental Shelf and in parts of Alaska will  ""immediately reduce our dangerous dependence on foreign oil.""",false,online column,Ohio; Economy; Energy,Stephen Koff,"May 4, 2011",https://www.politifact.com/factchecks/2011/may/04/rob-portman/sen-rob-portman-says-easing-access-drilling-would-/
Joe Biden,"April 19, 2011","""We have created more jobs in this last year than the Bush administration (did) in eight years.""",mostly-true,speech,Ohio; Economy; Jobs,Mark Naymik,"April 28, 2011",https://www.politifact.com/factchecks/2011/apr/28/joe-biden/vice-president-joe-biden-says-there-were-more-new-/
Mark Warner,"April 17, 2011","""Right now we are spending at an all-time high, close to 25 percent of our GDP [is] being spent on the federal government. But our revenues are at an almost all-time low of about 15 percent [of GDP].""",true,TV appearance.,Deficit; Economy; Federal Budget; Taxes; Virginia,Jacob Geiger,"April 22, 2011",https://www.politifact.com/factchecks/2011/apr/22/mark-warner/mark-warner-says-federal-spending-near-all-time-hi/
Joe Walsh,"April 17, 2011","""Every time we've cut taxes, revenues have gone up, the economy has grown.""",false,"interview on ""This Week with Christiane Amanpour""",National; Economy; Federal Budget; This Week - ABC News; Taxes,Angie Drobnic Holan,"April 19, 2011",https://www.politifact.com/factchecks/2011/apr/19/joe-walsh/rep-joe-walsh-said-every-time-weve-cut-taxes-reven/
Reince Priebus,"April 14, 2011","""Americans will pay more in taxes in 2011 than they will spend on groceries, clothing and shelter combined.""",half-true,fundraising e-mail,National; Economy; Taxes,Louis Jacobson,"April 18, 2011",https://www.politifact.com/factchecks/2011/apr/18/reince-priebus/reince-priebus-says-americans-pay-more-taxes-groce/
Barack Obama,"April 13, 2011","""In the last decade, the average income of the bottom 90 percent of all working Americans actually declined. The top 1 percent saw their income rise by an average of more than a quarter of a million dollars each.""",half-true,speech at George Washington University,National; Economy; Federal Budget,Robert Farley,"April 14, 2011",https://www.politifact.com/factchecks/2011/apr/14/barack-obama/obama-says-incomes-increased-more-250000-top-1-per/
Bob McDonnell,"March 26, 2011","""When I took office last year we faced historic budget deficits of $6 billion here in Virginia.  And we closed those deficits by cutting spending.""",mostly-false,speech.,Economy; State Budget; Virginia,Warren Fiske,"April 9, 2011",https://www.politifact.com/factchecks/2011/apr/09/bob-mcdonnell/bob-mcdonnell-says-he-cut-6-billion-virginias-budg/
Tim Kaine,"April 5, 2011","Virginia was named ""best managed state, best state for business and best state to raise a child"" while I was governor.",true,YouTube video,Children; Economy; Education; Elections; Small Business; Virginia,Jacob Geiger,"April 7, 2011",https://www.politifact.com/factchecks/2011/apr/07/tim-kaine/tim-kaine-says-virginia-named-best-managed-state-b/
Steve Moore,"April 1, 2011","The ratio of people working for the government and working in manufacturing today is ""an almost exact reversal of the situation in 1960.""",half-true,column,National; Economy; Federal Budget; History; Jobs; Labor,Louis Jacobson,"April 6, 2011",https://www.politifact.com/factchecks/2011/apr/06/steve-moore/steve-moore-says-ratio-people-working-government-m/
Reince Priebus,"April 5, 2011","""We’ve lost 26 million jobs … since (Obama’s) been president.""",pants-fire,"interview on NBC's ""Today"" show",National; Economy; History; Jobs,Louis Jacobson,"April 6, 2011",https://www.politifact.com/factchecks/2011/apr/06/reince-priebus/rnc-chair-reince-priebus-says-us-has-lost-26-milli/
George Will,"April 3, 2011","""We lost more jobs in this great recession than the last four recessions combined.""",true,"roundtable segment on ABC's ""This Week with Christiane Amanpour""",National; Economy; Jobs; Labor; This Week - ABC News,Louis Jacobson,"April 4, 2011",https://www.politifact.com/factchecks/2011/apr/04/george-will/george-will-says-most-recent-recession-killed-more/
Eric Cantor,"March 17, 2011","Discretionary spending has ""increased over 20-some percent in two years if you don’t include the stimulus. If you put in the stimulus, it’s over 80 percent.""",half-true,TV interview.,Economy; Federal Budget; Stimulus; Virginia,Warren Fiske,"April 1, 2011",https://www.politifact.com/factchecks/2011/apr/01/eric-cantor/eric-cantor-says-discretionary-spending-20-percent/
Babur Lateef,"March 26, 2011","Since Corey Stewart became chairman in November 2006, unemployment is up 150% and average home price sales are down $150,000.",half-true,YouTube video.,Economy; Housing; Jobs; Virginia,Jacob Geiger,"March 30, 2011",https://www.politifact.com/factchecks/2011/mar/30/babur-lateef/babur-lateef-says-unemployment-150-percent-corey-s/
Jon Brien,"March 22, 2011","Woonsocket needs a garbage-burning power plant because ""residents are paying through the nose for electricity that’s fueled by foreign oil, at prices that are skyrocketing.""",pants-fire,news release,Environment; Rhode Island; Economy; Energy,Peter Lord,"March 27, 2011",https://www.politifact.com/factchecks/2011/mar/27/jon-brien/rep-brien-says-woonsocket-needs-garbage-burning-po/
Paul Ryan,"March 18, 2011","""The Congressional Budget Office has this economic model where they measure the economy going forward, and they are now telling us that the entire economy crashes in the year 2037 because their computer simulation can't conceive of any way in which the U.S. economy can continue.""",half-true,private briefing to Members of Congress,National; Economy,Louis Jacobson,"March 21, 2011",https://www.politifact.com/factchecks/2011/mar/21/paul-ryan/paul-ryan-says-cbo-model-self-destructs-due-rising/
Organizing for America,"March 14, 2011","The GOP budget plan ""would cut nearly a million jobs.""",half-true,Tweet.,Economy; Federal Budget; Jobs; Virginia,Jacob Geiger,"March 21, 2011",https://www.politifact.com/factchecks/2011/mar/21/organizing-america/organizing-america-says-gop-budget-would-cut-1-mil/
Steve LaTourette,"March 4, 2011","""If you look at the jobs lost in the private sector as opposed to the job gains in the public sector, it's out of whack. The government's growing and the private economy's shrinking.""",half-true,newspaper interview,Ohio; Economy; Jobs,Tom Feran,"March 21, 2011",https://www.politifact.com/factchecks/2011/mar/21/steve-latourette/rep-steve-latourette-says-government-growing-while/
Betty Sutton,"March 3, 2011","""Lake Erie supports nearly 10 percent of Ohio's jobs and generates $750 million in state and local taxes.""",mostly-true,House committee hearing,Environment; Ohio; Economy; Federal Budget; Tourism,Tom Feran,"March 18, 2011",https://www.politifact.com/factchecks/2011/mar/18/betty-sutton/rep-betty-sutton-says-lake-erie-drives-jobs-tax-re/
Eric Cantor,"March 4, 2011","""Put simply, less government spending equals more private sector jobs.""",half-true,press release.,Economy; Federal Budget; Jobs; Stimulus; Virginia,Jacob Geiger,"March 16, 2011",https://www.politifact.com/factchecks/2011/mar/16/eric-cantor/eric-spending-says-less-government-spending-equals/
Barack Obama,"March 11, 2011","""Last year, American oil production reached its highest level since 2003.""",mostly-true,press conference,National; Economy; Energy; History,Louis Jacobson,"March 15, 2011",https://www.politifact.com/factchecks/2011/mar/15/barack-obama/barack-obama-says-us-oil-production-last-year-was-/
Patti Doyle,"March 2, 2011","At Twin River, ""we're more than competitive"" with nearby casinos in slot machine payouts.",mostly-true,radio interview,Rhode Island; Economy; Gambling,C. Eugene Emery Jr.,"March 13, 2011",https://www.politifact.com/factchecks/2011/mar/13/patti-doyle/twin-rivers-spokeswoman-says-its-slot-machine-payo/
Michael Moore,"March 5, 2011","""Just 400 Americans -- 400 -- have more wealth than half of all Americans combined.""",true,speech to protesters,Economy; Poverty; State Budget; Wisconsin,Tom Kertscher,"March 10, 2011",https://www.politifact.com/factchecks/2011/mar/10/michael-moore/michael-moore-says-400-americans-have-more-wealth-/
Mike Huckabee,"March 4, 2011","Says it’s a ""statistical reality that most single moms are very poor, under-educated, can't get a job, and if it weren't for government assistance, their kids would be starving to death.""",mostly-false,post on his PAC's website,National; Children; Economy; Education; Families; Health Care; Income; Jobs; Labor; Marriage; Poverty; Women; Workers,Louis Jacobson,"March 10, 2011",https://www.politifact.com/factchecks/2011/mar/10/mike-huckabee/mike-huckabee-says-single-moms-very-poor-under-edu/
Rick Scott,"February 28, 2011","""We know that every 85 visitors create one Florida job.""",true,press release touting a state tourism program,Economy; Jobs; Tourism; Florida,Laura  Figueroa,"March 10, 2011",https://www.politifact.com/factchecks/2011/mar/10/rick-scott/gov-rick-scott-says-every-85-tourists-one-job-crea/
John McCain,"March 6, 2011","Says iPads and iPhones ""are built in the United States of America.""",false,"interview on ABC's ""This Week with Christiane Amanpour""",National; Economy; This Week - ABC News; Trade,Louis Jacobson,"March 9, 2011",https://www.politifact.com/factchecks/2011/mar/09/john-mccain/john-mccain-errs-saying-ipads-iphones-are-made-us/
Rick Scott,"March 8, 2011","Bing Energy said it decided to move to Florida because of Gov. Rick Scott’s ""plan to eliminate the corporate tax.""",half-true,his State of the State speech,Economy; State Budget; Taxes; Florida,Angie Drobnic Holan,"March 9, 2011",https://www.politifact.com/factchecks/2011/mar/09/rick-scott/rick-scott-said-corporate-income-tax-fueled-Bing/
Travis Rowley,"February 22, 2011","""Last year it was discovered that Rhode Island's public employees ranked 4th in average pay, while the private sector ranked 23rd.""",half-true,web commentary,Rhode Island; Economy; Labor; Workers,C. Eugene Emery Jr.,"March 7, 2011",https://www.politifact.com/factchecks/2011/mar/07/travis-rowley/young-republican-chairman-says-rhode-islands-publi/
John Kasich,"February 22, 2011","""We have lost 600,000 jobs over the period of the last 10 years. Only Michigan and California have done worse.""",true,interview on CNN,Ohio; Economy; Jobs,Tom Feran,"March 4, 2011",https://www.politifact.com/factchecks/2011/mar/04/john-kasich/gov-john-kasich-says-only-california-and-michigan-/
Sherrod Brown,"February 22, 2011","""For every $10,000 invested in business incubators, up to nearly 70 local jobs are generated.""",true,newspaper column,Ohio; Economy; Jobs,James McCarty,"March 3, 2011",https://www.politifact.com/factchecks/2011/mar/03/sherrod-brown/sen-sherrod-brown-touts-business-incubators-job-cr/
Tim Kaine,"February 19, 2011","""We’ve now gained private sector jobs 12 months in a row.""",mostly-true,speech at the Jefferson-Jackson dinner.,Economy; Jobs; Virginia,Jacob Geiger,"March 2, 2011",https://www.politifact.com/factchecks/2011/mar/02/tim-kaine/weve-now-gained-private-sector-jobs-12-months-row/
Bill O'Reilly,"February 24, 2011 in","""The right-to-work states have much lower level of unemployment than the union states do.""",mostly-true,"on Fox News' ""The O'Reilly Factor""",National; Economy; Labor; Pundits; Workers,Louis Jacobson,"February 28, 2011",https://www.politifact.com/factchecks/2011/feb/28/bill-oreilly/bill-oreilly-says-unemployment-lower-right-work-st/
George Allen,"February 17, 2011","The stimulus bill ""promised to keep unemployment under 8%.""",mostly-false,press release.,Economy; Jobs; Stimulus; Virginia,Robert Farley,"February 28, 2011",https://www.politifact.com/factchecks/2011/feb/28/george-allen/george-allen-says-barack-obama-promised-stimulus-w/
Tim Kaine,"February 19, 2011","Under former President George W. Bush’s administration ""while the population in that period grew by 10 percent, the number of jobs in the nation grew by 1 percent.""",mostly-true,speech at the Jefferson-Jackson dinner.,Bush Administration; Economy; Jobs; Labor; Virginia,Sean Gorman,"February 26, 2011",https://www.politifact.com/factchecks/2011/feb/26/tim-kaine/tim-kaine-says-jobs-increased-1-percent-under-geor/
Garnet Coleman,"February 15, 2011","Says that in some Texas communities, ""our unemployment rate is still at 10 and 20 percent.""",half-true,press conference.,Economy; Jobs; Texas,W. Gardner Selby,"February 23, 2011",https://www.politifact.com/factchecks/2011/feb/23/garnet-coleman/garnet-coleman-says-unemployment-still-10-and-20-p/
William G. Batchelder,"February 4, 2011","""75 percent of the jobs created in the state of Ohio are created in small business. They are not created by huge corporations and those who are very wealthy.""",mostly-true,interview on WCPN 90.3 FM,Ohio; Economy; Jobs; Small Business,James McCarty,"February 21, 2011",https://www.politifact.com/factchecks/2011/feb/21/bill-batchelder/ohio-house-speaker-william-g-batchelder-says-small/
Chain email,"February 17, 2011",Welfare programs caused more long-term damage to Detroit than the atomic bomb caused to Hiroshima,pants-fire,chain e-mail,Rhode Island; Economy; Poverty; Urban,Peter Lord,"February 18, 2011",https://www.politifact.com/factchecks/2011/feb/18/chain-email/chain-e-mail-says-welfare-programs-caused-more-lon/
Mitch Daniels,"February 11, 2011","""Within a few years, we will be spending more on interest payments than on national security.""",false,speech to the Conservative Political Action Conference,National; Economy; Federal Budget,Lucas Graves,"February 17, 2011",https://www.politifact.com/factchecks/2011/feb/17/mitch-daniels/mitch-daniels-says-interest-debt-will-soon-exceed-/
Ocean State Policy Research Institute,"January 20, 2011","""The most significant driver of out-migration [from Rhode Island] is the estate tax.""",false,report,Rhode Island; Economy; State Budget; States; Taxes,C. Eugene Emery Jr.,"February 13, 2011",https://www.politifact.com/factchecks/2011/feb/13/ocean-state-policy-research-institute/ocean-state-policy-research-institute-says-rhode-i/
Mitt Romney,"February 11, 2011","""In the month of January, Canada created more new jobs than we did.""",true,speech to the Conservative Political Action Conference,National; Economy; Workers,Louis Jacobson,"February 11, 2011",https://www.politifact.com/factchecks/2011/feb/11/mitt-romney/mitt-romney-tells-cpac-canada-created-more-jobs-ja/
Mitt Romney,"February 11, 2011","""Today there are more men and women out of work in America than there are people working in Canada.""",false,speech to the Conservative Political Action Conference,National; Economy; Workers,Louis Jacobson,"February 11, 2011",https://www.politifact.com/factchecks/2011/feb/11/mitt-romney/mitt-romney-tells-cpac-more-are-out-work-us-employ/
Dwight Jones,"February 3, 2011","""Overall we currently have $981 million, almost a billion dollars in active development projects right here in the City of Richmond.""",mostly-false,his annual State of the City Address.,Economy; Virginia,Jacob Geiger,"February 11, 2011",https://www.politifact.com/factchecks/2011/feb/11/dwight-jones/richmond-mayor-dwight-jones-says-city-has-981-mill/
Jim Renacci,"January 4, 2011","""For [GM] to pay back everything it owes, it would have to sell its shares at $143 a share . . . where the highest value of a General Motors share ever was $43, $44, $46, whatever the dollars were . . .""",false,interview on WCPN 90.3 FM,Ohio; Economy; Federal Budget,Tom Feran,"February 9, 2011",https://www.politifact.com/factchecks/2011/feb/09/jim-renacci/rep-jim-renaccis-gm-stock-claim-crashes-accuracy/
Rand Paul,"February 4, 2011","Israel's per capita income ""is greater than probably three-fourths of the rest of the world.""",true,interview with ABC News,National; Economy; Israel; Foreign Policy,Angie Drobnic Holan,"February 4, 2011",https://www.politifact.com/factchecks/2011/feb/04/rand-paul/rand-paul-says-israels-capita-income-greater-proba/
Steve Moore,"February 2, 2011","In the 1980s, ""The lowest income people had the biggest gains.""",false,"HBO's ""Real Time with Bill Maher""",National; Economy; History; Income; Pundits; Taxes,Robert Farley,"February 3, 2011",https://www.politifact.com/factchecks/2011/feb/03/steve-moore/wall-street-journals-steve-moore-claims-low-income/
Rachel Maddow,"January 21, 2011","""From 1980 to 1990, the top 1 percent saw their income go up by roughly 80 percent"" while ""the median wage in the country over (the same) 10 years went up 3 percent.""",mostly-true,"HBO's ""Real Time with Bill Maher""",National; Economy; History; Income; Pundits; Taxes,Robert Farley,"February 3, 2011",https://www.politifact.com/factchecks/2011/feb/03/rachel-maddow/rachel-maddow-tanglles-wall-street-journals-steve-/
Rob Portman,"January 20, 2011","Says the United States does not ""trade as much as other developed nations.""",true,speech to the Toledo Regional Chamber of Commerce,Ohio; Economy; Trade,Stephen Koff,"February 1, 2011",https://www.politifact.com/factchecks/2011/feb/01/rob-portman/sen-rob-portman-says-us-trade-lags-behind-other-de/
Hank Johnson,"January 26, 2011","""The economy we preside over today is better than the one we inherited.""",mostly-false,online posting,Georgia; Economy,Eric Stirgus,"January 31, 2011",https://www.politifact.com/factchecks/2011/jan/31/hank-johnson/johnson-says-economy-better-obama-became-president/
David Dewhurst,"January 18, 2011","""Last year, out of the 500,000 (in) population growth we had in the state of Texas, about 250,000 of the 500,000 came to Texas... from the other 49 states.""",half-true,his inaugural address.,Immigration; Economy; Texas,W. Gardner Selby,"January 29, 2011",https://www.politifact.com/factchecks/2011/jan/29/david-dewhurst/david-dewhurst-says-last-year-250000-people-moved-/
Marcy Kaptur,"November 23, 2010","""Six institutions in our country now control two thirds of the capital.""",false,MSNBC interview,Ohio; Economy; Financial Regulation,Sabrina  Eaton,"January 28, 2011",https://www.politifact.com/factchecks/2011/jan/28/marcy-kaptur/rep-marcy-kaptur-critical-power-hands-few-banks/
Michele Bachmann,"January 25, 2011","""While the government grew, we lost more than 2 million jobs.""",half-true,rebuttal to the State of the Union address,National; Economy; Federal Budget; History,Louis Jacobson,"January 27, 2011",https://www.politifact.com/factchecks/2011/jan/27/michele-bachmann/michele-bachmann-state-union-rebuttal-says-govern/
Michele Bachmann,"January 25, 2011","""The White House promised us that all the spending would keep unemployment under 8 percent.""",mostly-false,response to the State of the Union,National; Economy; Stimulus,Robert Farley,"January 26, 2011",https://www.politifact.com/factchecks/2011/jan/26/michele-bachmann/rep-michele-bachmann-says-white-house-promised-sti/
Paul Ryan,"January 25, 2011","""The debt will soon eclipse our entire economy.""",true,response to the State of the Union address,National; Deficit; Economy; Federal Budget,Louis Jacobson,"January 26, 2011",https://www.politifact.com/factchecks/2011/jan/26/paul-ryan/paul-ryan-state-union-response-says-us-debt-will-s/
Barack Obama,"January 25, 2011","The United States has ""one of the highest corporate tax rates in the world.""",true,State of the Union address,National; Corporations; Economy; Taxes,Louis Jacobson,"January 26, 2011",https://www.politifact.com/factchecks/2011/jan/26/barack-obama/barack-obama-state-union-says-us-corporate-tax-rat/
Barack Obama,"January 25, 2011","""Two years after the worst recession most of us have ever known ... corporate profits are up.""",true,State of the Union address,National; Corporations; Economy,Louis Jacobson,"January 26, 2011",https://www.politifact.com/factchecks/2011/jan/26/barack-obama/barack-obama-state-union-says-corporate-profits-ar/
Bob McDonnell,"January 12, 2011","""It is estimated that every $100 million spent on construction generates 3,000 new jobs.""",mostly-false,State of the Commonwealth address,Economy; Jobs; Transportation; Virginia,Jacob Geiger,"January 22, 2011",https://www.politifact.com/factchecks/2011/jan/22/bob-mcdonnell/gov-bob-mcdonnell-claims-his-4-billion-transportat/
Mike Pence,"July 15, 2010","The financial regulatory bill ""will kill jobs.""",mostly-false,press release,National; Economy; Financial Regulation; Regulation,Louis Jacobson,"January 21, 2011",https://www.politifact.com/factchecks/2011/jan/21/mike-pence/mike-pence-says-dodd-frank-financial-regulation-bi/
Eric Cantor,"January 19, 2011","The health care law is ""job killing.""",false,bill introduced on the House floor.,National; Economy; Health Care,Robert Farley,"January 20, 2011",https://www.politifact.com/factchecks/2011/jan/20/eric-cantor/health-care-law-job-killer-evidence-falls-short/
Steve Southerland,"January 17, 2011","""92 percent"" of President Barack Obama's administration has ""never worked outside government.""",false,comments at the Liberty County Chamber of Commerce annual dinner.,Candidate Biography; Economy; Florida,Aaron Sharockman,"January 20, 2011",https://www.politifact.com/factchecks/2011/jan/20/steve-southerland/92-percent-obama-administration-has-no-private-sec/
Robert Flanders,"December 17, 2010","""Every dropout costs us $72,000 for the life of that person.""",half-true,economic forum,Rhode Island; Economy; Education; Taxes,C. Eugene Emery Jr.,"January 16, 2011",https://www.politifact.com/factchecks/2011/jan/16/robert-flanders/education-chairman-says-each-high-school-dropout-c/
Todd Staples,"December 29, 2010","""On average, Americans spend less than 10 percent of their disposable income on food. Compare that to folks in Mexico, who spend 22 percent, China, 28 percent and Russia, 37 percent.""",mostly-true,op-ed,Agriculture; China; Economy; Texas,,"January 15, 2011",https://www.politifact.com/factchecks/2011/jan/15/todd-staples/agriculture-commissioner-todd-staples-says-america/
Brent Larkin,"January 2, 2011","Says the 3C Corridor train would have taken  ""an hour and 15 minutes longer"" to carry passengers across Ohio ""than it would have taken on a New York Central train in 1935.""",true,newspaper column,Ohio; Economy; Jobs; Stimulus; Transportation,Tom Feran,"January 7, 2011",https://www.politifact.com/factchecks/2011/jan/07/brent-larkin/columnist-brent-larkins-claim-about-1935-steam-tra/
David Wyss,"December 13, 2010",State governments have little ability to stimulate job growth in the short run.,true,newspaper article,Georgia; Economy,Willoughby Mariano,"January 5, 2011",https://www.politifact.com/factchecks/2011/jan/05/david-wyss/economist-says-state-can-do-little-short-term-job-/
John Kasich,"December 14, 2010","""Ohio has lost more population than every other state in the country except for two.""",false,news conference,Ohio; Economy,Reginald Fields,"January 5, 2011",https://www.politifact.com/factchecks/2011/jan/05/john-kasich/ohio-gov-elect-john-kasichs-claim-population-losse/
Marie Ghazal,"December 17, 2010","""Rhode Island has the highest percentage of uninsured adults of any state in New England.""",mostly-true,commentary,Rhode Island; Economy; Health Care; Poverty,C. Eugene Emery Jr.,"January 4, 2011",https://www.politifact.com/factchecks/2011/jan/04/marie-ghazal/health-clinic-executive-says-rhode-island-has-high/
Ted Strickland,"December 20, 2010","""We are one of only two states to have eight consecutive months of declining unemployment. Twenty-one states had increased unemployment last month. Ours went down.""",true,interview with The Plain Dealer,Ohio; Economy; Jobs,Reginald Fields,"January 3, 2011",https://www.politifact.com/factchecks/2011/jan/03/ted-strickland/gov-ted-strickland-correct-about-improvements-ohio/
Chain email,"December 20, 2010",Unemployment and the housing and auto industry crises can be fixed by giving a million dollars to every worker over age 50 to retire.,pants-fire,message via the Internet,Rhode Island; Deficit; Economy; Housing; Jobs; Stimulus,C. Eugene Emery Jr.,"December 22, 2010",https://www.politifact.com/factchecks/2010/dec/22/chain-email/simple-solution-economic-crisis-would-cost-more-th/
Bumper Sticker,"December 20, 2010","""CEOs now earn 431 times what their workers earn.""",half-true,"Washington, D.C.",National; Corporations; Economy; Financial Regulation; Income; Workers,Martha M. Hamilton,"December 21, 2010",https://www.politifact.com/factchecks/2010/dec/21/bumper-sticker/bumper-sticker-says-ceos-make-431-times-what-their/
Robin Vos,"December 12, 2010","Right-to-work states ""have higher rates of income growth.""",half-true,television interview,Economy; Jobs; Wisconsin,Tom Kertscher,"December 17, 2010",https://www.politifact.com/factchecks/2010/dec/17/robin-vos/state-rep-robin-vos-says-right-work-states-have-hi/
Sherrod Brown,"December 9, 2010","The tax cut deal is giving ""$700 billion to millionaires and billionaires.""",false,CNN interview,Ohio; Deficit; Economy; Taxes,Stephen Koff,"December 15, 2010",https://www.politifact.com/factchecks/2010/dec/15/sherrod-brown/sen-sherrod-brown-overstates-amount-millionaires-a/
Matthew Dowd,"December 12, 2010","""Barack Obama is in an economy that's only worsened since he's been president of the United States.""",half-true,"interview on ABC's ""This Week with Christiane Amanpour""",National; Bankruptcy; Economy; History; Housing; Income; Pundits; This Week - ABC News; Workers,Louis Jacobson,"December 13, 2010",https://www.politifact.com/factchecks/2010/dec/13/matthew-dowd/matthew-dowd-says-economy-has-only-worsened-under-/
Mark Brodeur,"December 2, 2010",Rhode Island spends less than 10 percent of what the average state spends promoting tourism.,mostly-true,Providence Journal story,Rhode Island; Economy; State Budget; States; Taxes,C. Eugene Emery Jr.,"December 12, 2010",https://www.politifact.com/factchecks/2010/dec/12/mark-brodeur/tourism-director-says-rhode-island-spends-just-10-/
Bernie Sanders,"November 30, 2010","In 2007, ""the top 1 percent of all income earners in the United States made 23.5 percent of all income,"" which is ""more than the entire bottom 50 percent.""",true,Senate floor speech,National; Economy; Poverty; Workers,Louis Jacobson,"December 10, 2010",https://www.politifact.com/factchecks/2010/dec/10/bernie-sanders/bernie-sanders-viral-speech-says-top-1-percent-ear/
Mark Warner,"December 6, 2010",The national debt grew an estimated $15 billion last weekend.,true,floor speech.,Deficit; Economy; Virginia,Wes Hester,"December 9, 2010",https://www.politifact.com/factchecks/2010/dec/09/mark-warner/sen-mark-warner-estimates-national-debt-grew-15-bi/
Jim Zehringer,"November 16, 2010","""Ohio is losing over 700 family farms a year, some of them just to pay the inheritance tax.""",true,news conference,Agriculture; Ohio; Economy; Taxes,Joe Guillen,"December 9, 2010",https://www.politifact.com/factchecks/2010/dec/09/jim-zehringer/rep-jim-zehringer-point-comment-loss-family-farms-/
Rick Scott,"December 6, 2010",Says the military accounts for about 10 percent of Florida's economy.,true,press conference,Economy; Military; Florida,Aaron Sharockman,"December 7, 2010",https://www.politifact.com/factchecks/2010/dec/07/rick-scott/rick-scott-says-military-makes-nearly-10-percent-f/
Sherrod Brown,"November 30, 2010","""Understand, this is unemployment insurance. It’s not welfare, as a lot of my Republican colleagues like to suggest it is. You pay into it when you’re working. You get help when you’re not.""",mostly-true,MSNBC interview,Ohio; Deficit; Economy; Federal Budget; Jobs,Stephen Koff,"December 7, 2010",https://www.politifact.com/factchecks/2010/dec/07/sherrod-brown/brown-says-congress-needs-show-compassion-and-exte/
Harry Reid,"December 4, 2010","""The senior senator from Arizona (John McCain) said he couldn't support repealing 'don't ask, don't tell' because of the economy.""",half-true,Senate floor,National; Economy; LGBTQ; Military,Robert Farley,"December 6, 2010",https://www.politifact.com/factchecks/2010/dec/06/harry-reid/sen-harry-reid-says-sen-john-mccain-opposes-dont-a/
National Association of Manufacturers,"December 2, 2010","Says the CBO estimates that fully extending the Bush tax cuts would add 600,000-1.4 million jobs in 2011 and 900,000-2.7 million jobs in 2012.",half-true,statement,National; Economy; Taxes,Louis Jacobson,"December 3, 2010",https://www.politifact.com/factchecks/2010/dec/03/national-association-manufacturers/national-association-manufacturers-cites-cbo-suppo/
Todd Staples,"November 11, 2010","In ""the fall of 2009, only 21 percent of Texas high school graduates enrolled in a four-year public university.""",half-true,Web post.,Economy; Education; Texas,W. Gardner Selby,"December 3, 2010",https://www.politifact.com/factchecks/2010/dec/03/todd-staples/todd-staples-says-21-percent-2009-texas-high-schoo/
Glenn Beck,"November 22, 2010","""This town (Wilmington, Ohio) hasn’t taken any money from the government. They don’t want any money from the government.""",pants-fire,his radio broadcast,Ohio; Economy; Families; Jobs; Pundits,Mark Naymik,"December 3, 2010",https://www.politifact.com/factchecks/2010/dec/03/glenn-beck/glenn-beck-paints-beleaguered-wilmington-ohio-real/
Eric Cantor,"November 3, 2010",Letting the Bush tax cuts expire would raise taxes on small businesses.,mostly-false,TV interview.,Economy; Small Business; Taxes; Virginia,Warren Fiske,"November 26, 2010",https://www.politifact.com/factchecks/2010/nov/26/eric-cantor/eric-cantor-says-expiration-bush-tax-cuts-will-rai/
Virginia Tea Party Patriots,"November 15, 2010","Since the Fed was created in 1913, ""the U.S. Dollar has lost 98% of its purchasing power.""",half-true,letter to Congress.,Economy; Financial Regulation; Income; Virginia,Wes Hester,"November 24, 2010",https://www.politifact.com/factchecks/2010/nov/24/virginia-tea-party-patriots/virginia-tea-party-says-dollar-has-lost-98-percent/
Bobby  Scott,"November 16, 2010","The health care reform law ""reduces the deficit by nearly $1.2 trillion over the next two decades.""",half-true,a news release.,Deficit; Economy; Health Care; Virginia,Wes Hester,"November 23, 2010",https://www.politifact.com/factchecks/2010/nov/23/bobby-scott/bobby-scott-says-health-care-reform-may-cut-defici/
Sherrod Brown,"November 11, 2010","More than 10 years of free trade ""has brought a $2 billion per day trade deficit.""",mostly-true,news release,Ohio; Economy; Trade,Stephen Koff,"November 22, 2010",https://www.politifact.com/factchecks/2010/nov/22/sherrod-brown/sen-sherrod-brown-cites-daily-deficit-figure-price/
Sheldon Whitehouse,"September 27, 2010","""The law, right now, permits companies that close down American factories and offices and move those jobs overseas to take a tax deduction for the costs associated with moving the jobs to China or India or wherever.""",true,speech on the Senate floor.,Rhode Island; Economy; Jobs; Taxes,C. Eugene Emery Jr.,"November 21, 2010",https://www.politifact.com/factchecks/2010/nov/21/sheldon-whitehouse/whitehouse-says-companies-get-tax-break-moving-job/
Pari Sabety,"November 4, 2010","""The (Ohio) economy is on the mend. … It is in better shape than it was when we took office.""",half-true,presentation at a conference,Ohio; Economy; State Budget,Aaron Marshall,"November 19, 2010",https://www.politifact.com/factchecks/2010/nov/19/pari-sabety/state-budget-director-pari-sabety-says-ohios-econo/
Virginia Tea Party Patriots,"November 15, 2010","The dollar ""has fallen over 44% since Bernanke began pumping money into the system beginning back in 2002.""",half-true,letter to Congress.,Economy; Virginia,Wes Hester,"November 19, 2010",https://www.politifact.com/factchecks/2010/nov/19/virginia-tea-party-patriots/virginia-tea-party-says-dollar-has-fallen-44-perce/
Atlanta Sports Council,"October 1, 2000",The economic impact of Atlanta's 2000 Super Bowl was $292 million.,false,study,Georgia; Economy,Willoughby Mariano,"November 19, 2010",https://www.politifact.com/factchecks/2010/nov/19/atlanta-sports-council/2000-super-bowls-economic-impact-tallied-292-milli/
John Boehner,"November 10, 2010","""It’s gotten to a point where the average federal worker makes twice as much as the average private sector worker.""",false,news conference,Ohio; Economy; Federal Budget,Sabrina  Eaton,"November 18, 2010",https://www.politifact.com/factchecks/2010/nov/18/john-boehner/john-boehner-says-federal-workers-make-twice-much-/
Rick Perry,"November 4, 2010 in","""Since the first of the year, 153 businesses at last count had moved out of California to Texas.""",half-true,on an episode of Fox & Friends,Economy; Texas,Ciara O'Rourke,"November 18, 2010",https://www.politifact.com/factchecks/2010/nov/18/rick-perry/gov-rick-perry-says-153-businesses-have-moved-cali/
Rick Perry,"November 2, 2010","""The (federal) debt is growing by more than $4 billion a day.""",true,"""Fed Up! Our Fight to Save America from Washington""",Deficit; Economy; Federal Budget; Texas,Ciara O'Rourke,"November 17, 2010",https://www.politifact.com/factchecks/2010/nov/17/rick-perry/gov-rick-perry-says-national-debt-increasing-more-/
Marvin Pratt,"November 2, 2010","Milwaukee’s problems include ""52 percent black male unemployment.""",false,TV interview,Economy; Jobs; Wisconsin,Tom Kertscher,"November 17, 2010",https://www.politifact.com/factchecks/2010/nov/17/marvin-pratt/marvin-pratt-former-acting-mayor-milwaukee-says-bl/
Chain email,"October 7, 2010","The cap-and-trade bill before Congress ""prevents you from selling your home without the permission of the EPA administrator.""",pants-fire,e-mail and blog postings,Rhode Island; Cap and Trade; Climate Change; Economy; Energy,C. Eugene Emery Jr.,"November 17, 2010",https://www.politifact.com/factchecks/2010/nov/17/chain-email/chain-e-mail-claims-bill-requires-epa-permission-h/
Kent Conrad,"November 14, 2010","Federal spending is ""the highest it's been as a share of our economy in 60 years (and) revenue is the lowest it's been as a share of our economy in 60 years.""",true,"interview on ABC's ""This Week with Christiane Amanpour""",National; Economy; Federal Budget; This Week - ABC News; Taxes,Louis Jacobson,"November 15, 2010",https://www.politifact.com/factchecks/2010/nov/15/kent-conrad/kent-conrad-says-federal-spendings-share-gdp-60-ye/
Rand Paul,"November 14, 2010","""We now consume at the federal level 25 percent of the gross domestic product. Historically we were at 20 percent. So we've taken 5 percent away from the private sector.""",true,"interview on CBS' ""Face the Nation""",National; Economy; Federal Budget,Louis Jacobson,"November 15, 2010",https://www.politifact.com/factchecks/2010/nov/15/rand-paul/rand-paul-says-federal-spending-has-risen-25-perce/
Lincoln Chafee,"November 3, 2010","Experts say the property tax ""is the most harmful to economic growth and . . . the sales tax is least harmful.""",mostly-false,news conference,Rhode Island; Economy; Taxes,C. Eugene Emery Jr.,"November 14, 2010",https://www.politifact.com/factchecks/2010/nov/14/lincoln-chafee/chafee-quotes-experts-saying-sales-tax-increase-wo/
Kathie Glass,"October 19, 2010",Says over 25 percent of the Texas budget funds services to non-U.S. citizens.,pants-fire,debate.,Immigration; Economy; Texas,W. Gardner Selby,"November 12, 2010",https://www.politifact.com/factchecks/2010/nov/12/kathie-glass/kathie-glass-says-more-25-percent-state-budget-fun/
Chain email,"October 31, 2010","""Pres. Obama's finance team is recommending a . . . 1% tax on all transactions at any financial institution.""",pants-fire,message via the Internet,Rhode Island; Deficit; Economy; Taxes,C. Eugene Emery Jr.,"November 12, 2010",https://www.politifact.com/factchecks/2010/nov/12/chain-email/e-mail-claims-obamas-financial-team-wants-1-percen/
Rand Paul,"November 7, 2010","""The average federal employee makes $120,000 a year. The average private employee makes $60,000 a year.""",false,interview on ABC's This Week with Christiane Amanpour,National; Economy; Federal Budget; This Week - ABC News; Workers,Louis Jacobson,"November 11, 2010",https://www.politifact.com/factchecks/2010/nov/11/rand-paul/rand-paul-says-federal-workers-paid-120000-private/
Sarah Palin,"November 7, 2010","Grocery prices ""have risen significantly over the past year or so.""",mostly-false,prepared speech,Agriculture; National; Economy; History,Louis Jacobson,"November 10, 2010",https://www.politifact.com/factchecks/2010/nov/10/sarah-palin/whos-right-food-inflation-sarah-palin-or-wall-stre/
Tim Kaine,"October 24, 2010","When Obama took office ""the economy of the United States was actually shrinking for the first time in about 70 years.""",mostly-false,"interview on ""This Week.""",National; Economy; History; This Week - ABC News,Angie Drobnic Holan,"November 5, 2010",https://www.politifact.com/factchecks/2010/nov/05/tim-kaine/tim-kaine-economy-shrank-first-time/
Chris Gregoire,"November 21, 2010","Says Washington state has ""consistently ranked in the top five in the Forbes list of best states to do business — ahead of Texas.""",half-true,statement,Economy; Jobs; Texas,Ciara O'Rourke,"November 5, 2010",https://www.politifact.com/factchecks/2010/nov/05/chris-gregoire/washington-state-gov-chris-gregoire-says-washingto/
Mike Prendergast,"October 29, 2010","""Congresswoman Kathy Castor voted to spend $2.6 million to teach prostitutes in China to drink responsibly.""",pants-fire,campaign mailer,National; Economy; Health Care; Stimulus,Robert Farley,"November 1, 2010",https://www.politifact.com/factchecks/2010/nov/01/mike-prendergast/mike-prengergast-mailer-says-kathy-castor-voted-sp/
John Kasich,"October 14, 2010","""(John) Kasich was the architect who balanced the budget, cut spending, created a surplus, igniting record job creation.""",half-true,campaign video,Ohio; Economy; Federal Budget; Message Machine 2010,Tom Feran,"October 31, 2010",https://www.politifact.com/factchecks/2010/oct/31/john-kasich/john-kasich-touts-role-balancing-budget-creating-s/
Barack Obama,"October 30, 2010","""The Republican leader of the Senate said his main goal after this election is simply to win the next one.""",half-true,his weekly address,National; Bipartisanship; Economy,Robert Farley,"October 30, 2010",https://www.politifact.com/factchecks/2010/oct/30/barack-obama/president-barack-obama-claims-mitch-mcconnell-says/
Elizabeth Roberts,"October 28, 2010","She ""led the fight to stop health insurance rate hikes and saved Rhode Island families over $150 million.""",half-true,campaign commercial,Rhode Island; Economy; Health Care,C. Eugene Emery Jr.,"October 30, 2010",https://www.politifact.com/factchecks/2010/oct/30/elizabeth-roberts/printed-words-undercut-truthfulness-lt-gov-roberts/
Crossroads GPS,"October 25, 2010","""North Dakota's economy is reeling.""",pants-fire,campaign commerical,National; Economy; Message Machine 2010; States,Louis Jacobson,"October 29, 2010",https://www.politifact.com/factchecks/2010/oct/29/crossroads-gps/crossroads-gps-says-north-dakotas-economy-reeling-/
Bill White,"October 15, 2010","""Of those 850,000 (new Texas) jobs, most were public-sector jobs and minimum-wage jobs.""",mostly-false,interview,Economy; Jobs; Texas,Meghan Ashford-Grooms,"October 29, 2010",https://www.politifact.com/factchecks/2010/oct/29/bill-white/bill-white-says-most-texas-jobs-added-during-rick-/
Barack Obama,"October 27, 2010","Stabilizing the recent financial crisis ""will cost less than 1 percent of GDP,"" which is less than the 2.5 percent to fix the savings and loan crisis of the 1980s.",half-true,"interview on Comedy Central's ""Daily Show with Jon Stewart""",National; Bankruptcy; Economy; Federal Budget; Financial Regulation; Regulation,Louis Jacobson,"October 28, 2010",https://www.politifact.com/factchecks/2010/oct/28/barack-obama/barack-obama-says-current-financial-recovery-has-b/
Barack Obama,"October 27, 2010","""Most of the jobs that we lost were lost before the economic policies we put in place had any effect.""",true,"interview on ""The Daily Show with Jon Stewart""",National; Economy; Jobs; Stimulus,Martha M. Hamilton,"October 28, 2010",https://www.politifact.com/factchecks/2010/oct/28/barack-obama/obama-says-most-job-loss-occurred-his-economic-pol/
Jeff Brandes,"September 26, 2010","Company may close, ""all because government essentially says if they don't hire a lifeguard to watch their workers, they can't stay open.""",half-true,campaign video,Economy; Jobs; Legal Issues; Message Machine 2010; Small Business; Florida,David DeCamp,"October 28, 2010",https://www.politifact.com/factchecks/2010/oct/28/jeff-brandes/jeff-brandes-says-government-regulations-may-close/
Ted Strickland,"October 13, 2010","""Congressman Kasich wants to use our tax dollars to give secret bonuses to his corporate friends.""",pants-fire,campaign video,Ohio; Economy; Jobs; Message Machine 2010; State Budget; Transparency,Tom Feran,"October 28, 2010",https://www.politifact.com/factchecks/2010/oct/28/ted-strickland/strickland-claim-about-kasich-giving-secret-bonuse/
Donna Campbell,"October 19, 2010","Says Lloyd Doggett voted for the health care, stimulus and cap-and-trade bills.",true,ad,Cap and Trade; Climate Change; Economy; Health Care; Message Machine 2010; Texas,Ciara O'Rourke,"October 26, 2010",https://www.politifact.com/factchecks/2010/oct/26/donna-campbell/donna-campbell-says-rep-lloyd-doggett-voted-health/
Jim Renacci,"October 18, 2010","Since Rep. John Boccieri’s election, ""Ohio has lost 600,000 jobs"" and his district’s ""unemployment has doubled.""",pants-fire,debate,Ohio; Economy; Jobs,Stephen Koff,"October 26, 2010",https://www.politifact.com/factchecks/2010/oct/26/jim-renacci/gop-challenger-jim-renacci-joins-chorus-job-losses/
Nancy Pelosi,"October 21, 2010","""More private-sector jobs were created in the first eight months of 2010 than in the eight years of the Bush administration.""",half-true,"interview on MSNBC's ""Countdown with Keith Olbermann""",National; Economy; History,Louis Jacobson,"October 25, 2010",https://www.politifact.com/factchecks/2010/oct/25/nancy-pelosi/nancy-pelosi-says-more-private-sector-jobs-created/
Tom Perriello,"August 18, 2010","Says Robert Hurt ""supports the tax loopholes that send American jobs overseas.""",false,TV ad,Economy; Jobs; Message Machine 2010; Taxes; Virginia,Michael Martz,"October 25, 2010",https://www.politifact.com/factchecks/2010/oct/25/tom-perriello/perriello-hurt-taxpayer-pledge-loophole-overseas/
Glenn Nye,"August 12, 2010","Says he ""voted no on the Wall Street bailouts.""",mostly-false,TV ad,Economy; Financial Regulation; Message Machine 2010; Virginia,Warren Fiske,"October 25, 2010",https://www.politifact.com/factchecks/2010/oct/25/glenn-nye/glenn-nye-claims-he-voted-against-wall-street-bail/
Rick Perry,"October 13, 2010","""More Texans have new jobs today than the entire population of Fort Worth.""",true,ad,Economy; Jobs; Texas,Meghan Ashford-Grooms,"October 25, 2010",https://www.politifact.com/factchecks/2010/oct/25/rick-perry/gov-rick-perry-says-more-texans-have-new-jobs-popu/
Mark Kirk,"October 18, 2010","As state treasurer, Alexi Giannoulias ""lost $73 million in our kids’ college savings.""",half-true,TV ad,National; Economy; Education; Message Machine 2010,Robert Farley,"October 20, 2010",https://www.politifact.com/factchecks/2010/oct/20/mark-kirk/mark-kirk-campaign-ads-saya-alexi-giannoulias-lost/
Alexi Giannoulias,"October 15, 2010","""Mark Kirk: Lied about going to war. Opposed middle class tax cuts. And said unemployment’s not that big an issue.""",mostly-false,TV ad,National; Candidate Biography; Economy; Message Machine 2010; Military; Taxes,Robert Farley,"October 19, 2010",https://www.politifact.com/factchecks/2010/oct/19/alexi-giannoulias/alexi-giannoulias-attacks-mark-kirk-oon-issue-tax-/
Rob Portman,"October 4, 2010","""Under Lt. Gov. Lee Fisher, Ohio is 44th in the country in terms of getting money actually into worker retraining.""",false,debate,Ohio; Economy; Jobs,Stephen Koff,"October 18, 2010",https://www.politifact.com/factchecks/2010/oct/18/rob-portman/rob-portman-uses-old-stats-rap-lee-fisher-job-trai/
Kurt Schrader,"October 10, 2010",Says more Republicans than Democrats voted for the Wall Street bailouts.,false,radio show,Oregon; Economy; Financial Regulation,Ian K. Kullgren,"October 18, 2010",https://www.politifact.com/factchecks/2010/oct/18/kurt-schrader/kurt-schrader-says-more-republicans-democrats-vote/
Nathan Deal,"October 12, 2010","""Roy Barnes proclaimed Mexican workers good for Georgia.""",half-true,television ad,Georgia; Immigration; Economy,Eric Stirgus,"October 18, 2010",https://www.politifact.com/factchecks/2010/oct/18/nathan-deal/barnes-mexico-trip-sparks-new-round-attacks/
John  Kitzhaber,"October 12, 2010","John Kitzhaber created 128,000 new jobs while governor.",half-true,campaign mailer,Oregon; Economy,Janie Har,"October 16, 2010",https://www.politifact.com/factchecks/2010/oct/16/john-kitzhaber/john-kitzhaber-claims-credit-oregon-jobs-when-he-w/
Citizens for Lower Taxes and a Stronger Economy,"January 21, 2010","""Amendment 4 will reduce Florida’s economic output by $34 billion annually.""",mostly-false,"""No on 4!"" website",Economy; Elections; Florida Amendments; Florida,Laura  Figueroa,"October 15, 2010",https://www.politifact.com/factchecks/2010/oct/15/citizens-lower-taxes-and-stronger-economy/study-claims-amendment-4-will-cause-34-billion-imp/
Christine O'Donnell,"October 13, 2010","Chris Coons has ""Marxist beliefs.""",pants-fire,debate,National; Candidate Biography; Economy,Robert Farley,"October 14, 2010",https://www.politifact.com/factchecks/2010/oct/14/christine-odonnell/christine-odonnell-claims-chris-coons-has-marxist-/
Chris  Coons,"October 13, 2010",New Castle County's unemployment rate has not almost doubled in the last two years.,true,"televised debate, disputing a claim by Republican Christine O'Donnell",National; Economy,Louis Jacobson,"October 14, 2010",https://www.politifact.com/factchecks/2010/oct/14/chris-coons/debate-chris-coons-says-christine-odonnell-wrong-c/
Rob Cornilles,"October 12, 2010","Says David Wu has presided over ""137 months"" in which ""Oregon's unemployment rate has been above the national average.""",half-true,Oregonian's Voter Guide,Oregon; Economy,Dana Tims,"October 14, 2010",https://www.politifact.com/factchecks/2010/oct/14/rob-cornilles/rob-cornilles-attacks-david-wu-over-oregons-high-u/
Frank Caprio,"October 6, 2010","Says Lincoln Chafee ""settled a union strike by giving the teachers a 19-percent-raise.""",half-true,gubernatorial debate,Rhode Island; Economy; Education,C. Eugene Emery Jr.,"October 14, 2010",https://www.politifact.com/factchecks/2010/oct/14/frank-caprio/caprio-says-chafee-gave-warwick-teachers-19-percen/
Rick Perry,"September 15, 2010","""Houston suffered $1.7 billion in operating losses under Mayor Bill White.""",half-true,television ad,Economy; Message Machine 2010; Taxes; Texas,Meghan Ashford-Grooms,"October 13, 2010",https://www.politifact.com/factchecks/2010/oct/13/rick-perry/rick-perry-says-houston-had-17-billion-operating-l/
Rob Portman,"October 6, 2010","Since the stimulus package was passed, ""Ohio’s lost over 100,000 more jobs.""",true,television campaign ad,Ohio; Economy; Message Machine 2010; Stimulus,Stephen Koff,"October 11, 2010",https://www.politifact.com/factchecks/2010/oct/11/rob-portman/portman-uses-new-and-improved-number-job-losses-st/
Hank Gilbert,"September 24, 2010","Says the Texas Department of Agriculture seeks to purchase up to 300,000 promotional stress balls.",true,press release.,Economy; Health Care; Texas,W. Gardner Selby,"October 11, 2010",https://www.politifact.com/factchecks/2010/oct/11/hank-gilbert/hank-gilbert-says-texas-department-agriculture-cou/
Mark S. Zaccaria,"October 1, 2010","Says James Langevin voted to spend ""$3 billion for a jet engine no one wants.""",mostly-false,news release,Rhode Island; Economy; Federal Budget; Military; Voting Record,C. Eugene Emery Jr.,"October 10, 2010",https://www.politifact.com/factchecks/2010/oct/10/mark-zaccaria/zaccaria-says-langevin-voted-spend-3-billion-jet-e/
Lloyd  Doggett,"October 4, 2010","""I said no to these big bank bailouts.""",true,TV ad,Economy; Message Machine 2010; Voting Record; Texas,Ciara O'Rourke,"October 7, 2010",https://www.politifact.com/factchecks/2010/oct/07/lloyd-doggett/us-rep-lloyd-doggett-says-he-voted-against-bank-ba/
Adam Kinzinger,"September 21, 2010","""Since Debbie Halvorson has been in politics, Illinois has lost hundreds of thousands of jobs.""",half-true,campaign commercial,National; Economy; Message Machine 2010,Louis Jacobson,"October 7, 2010",https://www.politifact.com/factchecks/2010/oct/07/adam-kinzinger/adam-kinzinger-says-hundreds-thousands-illinois-jo/
Back to Basics,"October 5, 2010","Says ""the Texas unemployment rate has even grown more than the nation's as a whole.""",mostly-true,newspaper ad,Economy; States; Stimulus; Workers; Texas,Meghan Ashford-Grooms,"October 7, 2010",https://www.politifact.com/factchecks/2010/oct/07/back-basics/back-basics-pac-says-texas-jobless-rate-has-grown-/
John  Robitaille,"October 4, 2010","""Rhode Island has a very generous unemployment compensation rate compared to most other states.""",true,interview on WHJJ's Helen Glover Show,Rhode Island; Economy; States; Workers,C. Eugene Emery Jr.,"October 6, 2010",https://www.politifact.com/factchecks/2010/oct/06/john-robitaille/robitaille-says-rhode-islands-unemployment-compens/
American Crossroads,"September 22, 2010","Says Lee Fisher ""wanted a $1.1 billion tax increase which could have driven countless jobs out of state.""",half-true,election ad,Ohio; Economy; Message Machine 2010; Stimulus; Taxes,Tom Feran,"October 5, 2010",https://www.politifact.com/factchecks/2010/oct/05/american-crossroads/american-crossroads-attacks-lee-fisher-support-11-/
Rick Scott,"September 27, 2010","""Alex Sink funneled three quarters of a million dollars in no-bid contracts to Bank of America.""",mostly-false,TV ad.,Economy; Financial Regulation; Message Machine 2010; Florida,Aaron Sharockman,"October 5, 2010",https://www.politifact.com/factchecks/2010/oct/05/rick-scott/rick-scott-says-alex-sink-funneled-770k-her-former/
Kurt Schrader,"September 15, 2010","Says Scott Bruun supports ""cutting the Department of Commerce and eliminating NOAA.""",half-true,radio interview,Oregon; Economy,Ian K. Kullgren,"October 4, 2010",https://www.politifact.com/factchecks/2010/oct/04/kurt-schrader/kurt-schrader-says-scott-bruun-wants-cut-departmen/
Tammy Hall,"September 27, 2010","Jobs incentive program ""created over 1,200 high-wage jobs since 2009.""",false,campaign mailer,County Budget; Economy; Florida,Timothy Engstrom,"October 3, 2010",https://www.politifact.com/factchecks/2010/oct/03/tammy-hall/lee-commissioner-tammy-hall-says-jobs-program-brou/
Bill White,"September 27, 2010","Texas has ""a higher unemployment rate than neighboring states.""",mostly-true,e-mail,Economy; Texas,Ciara O'Rourke,"September 30, 2010",https://www.politifact.com/factchecks/2010/sep/30/bill-white/bill-white-says-texas-has-higher-unemployment-rate/
Jeff Merkley,"September 1, 2010","Says with the ongoing economic downturn, child abuse is on the rise.",mostly-true,press release,Oregon; Children; Economy; Families,Michelle Cole,"September 28, 2010",https://www.politifact.com/factchecks/2010/sep/28/jeff-merkley/jeff-merkley-says-economic-downturn-oregon-seeing-/
Steve Southerland,"September 17, 2010","""Over the past year ... our 16 counties have hemorrhaged more than 6,000 jobs with no apparent end in sight.""",false,press release.,Economy; Stimulus; Florida,Aaron Sharockman,"September 27, 2010",https://www.politifact.com/factchecks/2010/sep/27/steve-southerland/steve-southerland-says-allen-boyds-north-florida-d/
Rob Portman,"September 14, 2010","On Lee Fisher’s watch, ""almost nine out of 10"" jobs that Ohio lost were lost to other states, ""not to other countries.""",mostly-true,appearance at The Plain Dealer,Ohio; Economy,Stephen Koff,"September 27, 2010",https://www.politifact.com/factchecks/2010/sep/27/rob-portman/portman-raps-lee-fisher-and-administration-saying-/
Americans for Job Security,"September 23, 2010","Says Zack Space voted for budgets and debt, energy taxes and the stimulus, and ""we still lost more than 2.5 million jobs.""",half-true,campaign ad,National; Economy; Federal Budget; Message Machine 2010; Stimulus; Voting Record; Taxes,Angie Drobnic Holan,"September 27, 2010",https://www.politifact.com/factchecks/2010/sep/27/americans-job-security/americans-job-security-targets-zach-space-other-de/
Nancy Pelosi,"September 23, 2010","Says John Boehner ""admits 'we are not going to be any different than we’ve been' "" by returning to ""the same failed economic policies"" that ""wrecked our economy.""",pants-fire,blog post,National; Economy,Louis Jacobson,"September 24, 2010",https://www.politifact.com/factchecks/2010/sep/24/nancy-pelosi/nancy-pelosi-cites-john-boehner-saying-gop-plans-r/
Chris Dudley,"September 15, 2010","""Under Gov. Kitzhaber, unemployment rose 65 percent, state spending went up 57 percent and personal incomes declined compared to the rest of the country.""",half-true,speech,Oregon; Economy,Harry  Esteve,"September 24, 2010",https://www.politifact.com/factchecks/2010/sep/24/chris-dudley/chris-dudley-says-oregons-economy-tanked-john-kitz/
Rick Perry,"September 12, 2010","""We've created more than 850,000 jobs, more than all the other states combined.""",true,TV ad,Economy; Message Machine 2010; Texas,Ciara O'Rourke,"September 23, 2010",https://www.politifact.com/factchecks/2010/sep/23/rick-perry/gov-rick-perry-says-texas-has-created-more-850000-/
Republican Party of Florida,"September 21, 2010","State pension fund staffers ""lost billions. Then Sink gave them bonuses.""",mostly-false,television ad,Economy; Message Machine 2010; Retirement; Florida,Mary Ellen Klas,"September 23, 2010",https://www.politifact.com/factchecks/2010/sep/23/republican-party-florida/gop-says-alex-sink-gave-bonuses-state-pension-work/
Citizens for the Republic,"September 21, 2010","Children born today will carry a $30,000 share of the national debt.",true,campaign commercial,National; Bankruptcy; Economy; Federal Budget; History; Marriage; Message Machine 2010,Louis Jacobson,"September 23, 2010",https://www.politifact.com/factchecks/2010/sep/23/citizens-republic/mourning-america-ad-echoing-reagan-classic-gets-it/
Rob Portman,"September 13, 2010","""Under Lee Fisher Ohio has lost nearly 400,000 jobs.""",half-true,campaign video,Ohio; Economy; Message Machine 2010,Tom Feran,"September 23, 2010",https://www.politifact.com/factchecks/2010/sep/23/rob-portman/rob-portman-raps-lee-fisher-ohios-job-losses-while/
Barack Obama,"September 20, 2010","The Bush administration had been ""giving (auto companies) billions of dollars and just asking nothing in return.""",false,town hall meeting,National; Corporations; Economy; Transportation,Angie Drobnic Holan,"September 22, 2010",https://www.politifact.com/factchecks/2010/sep/22/barack-obama/obama-says-bush-administration-put-no-conditions-a/
AFL-CIO,"September 20, 2010","Marco Rubio ""opposes extending unemployment benefits.""",half-true,campaign mailer.,Economy; Florida,Aaron Sharockman,"September 22, 2010",https://www.politifact.com/factchecks/2010/sep/22/afl-cio/union-attacks-marco-rubio-over-unemployment-benefi/
Barack Obama,"September 20, 2010","""There's a big chunk of the country that thinks that I have been too soft on Wall Street.""",true,town hall meeting,National; Corporations; Economy; Regulation,Angie Drobnic Holan,"September 22, 2010",https://www.politifact.com/factchecks/2010/sep/22/barack-obama/obama-too-soft-wall-street-public-worries-about-wa/
Ted Strickland,"August 27, 2010","""Kasich’s trade deals cost Ohio thousands of jobs - 49,000 jobs to Mexico, 91,000 to China.""",false,campaign video,Ohio; Economy; Message Machine 2010; Trade,Tom Feran,"September 21, 2010",https://www.politifact.com/factchecks/2010/sep/21/ted-strickland/gov-ted-strickland-ties-ohios-job-losses-john-kasi/
Republican Governors Association,"September 14, 2010","Roy Barnes ""made Georgia dead last in education"" and Georgia ""led the nation in job losses.""",half-true,television ad,Georgia; Economy; Education; Message Machine 2010,Eric Stirgus,"September 21, 2010",https://www.politifact.com/factchecks/2010/sep/21/republican-governors-association/tv-ads-clash-barnes-record/
Rick Scott,"September 3, 2010","""The stimulus has not created one private sector job.""",pants-fire,meeting with reporters,Economy; Stimulus; Florida,Becky Bowers,"September 17, 2010",https://www.politifact.com/factchecks/2010/sep/17/rick-scott/rick-scott-says-stimulus-create-single-private-job/
J.B. Powell,"September 9, 2010","Horse racing could boost Georgia's economy by $1 billion a year and create 10,000 to 20,000 jobs.",mostly-false,news release,Georgia; Economy; Gambling,Eric Stirgus,"September 17, 2010",https://www.politifact.com/factchecks/2010/sep/17/jb-powell/candidate-says-georgia-could-cash-horse-racing/
Bill Flores,"September 26, 2010",Says he created more than 500 American jobs.,mostly-false,TV ad,Candidate Biography; Economy; Message Machine 2010; Texas,Ciara O'Rourke,"September 17, 2010",https://www.politifact.com/factchecks/2010/sep/17/bill-flores/bill-flores-says-he-created-more-500-us-jobs/
Patrick Lynch,"June 20, 2010","""Deepwater's own testimony . . . is they said they'll create six jobs.""",half-true,appearance on Newsmakers,Rhode Island; Economy; Energy,C. Eugene Emery Jr.,"September 17, 2010",https://www.politifact.com/factchecks/2010/sep/17/patrick-lynch/patrick-lynch-says-deepwater-winds-block-island-pr/
Rob Portman,"August 25, 2010","Says a ""Pro-Stimulus economist admits it is not working … """,pants-fire,posting on Facebook,Ohio; Economy; Stimulus,Robert Higgs,"September 16, 2010",https://www.politifact.com/factchecks/2010/sep/16/rob-portman/rob-portman-cites-remarks-pro-stimulus-economist-p/
John Dennis,"September 14, 2010","Taxpayers pay $18,000 a month for House Speaker Nancy Pelosi's district office in downtown San Francisco.",true,campaign commercial,National; Economy; Federal Budget; Message Machine 2010; Taxes,Robert Farley,"September 15, 2010",https://www.politifact.com/factchecks/2010/sep/15/john-dennis/gop-rival-says-taxpayers-pay-18000month-nancy-pelo/
Chet Edwards,"September 6, 2010","Says opponent Bill Flores helped run a company that laid off over 3,000 workers and paid off executives with millions.",false,TV ad.,Candidate Biography; Economy; Message Machine 2010; Texas,W. Gardner Selby,"September 15, 2010",https://www.politifact.com/factchecks/2010/sep/15/chet-edwards/chet-edwards-says-republican-challenger-bill-flore/
Ohio Democratic Party,"August 23, 2010","DeWine ""took $1.9 million from big banks,"" ""supported legislation that helped Bernie Madoff make millions"" and ""protected predatory lenders while families lost their homes.""",mostly-false,election ad,Ohio; Campaign Finance; Economy,Aaron Marshall,"September 14, 2010",https://www.politifact.com/factchecks/2010/sep/14/ohio-democratic-party/ohio-democratic-partys-charge-dewine-was-wall-stre/
Mickie Williams,"September 7, 2010","Clayton County has employed 1,300 people over the past seven months through the Neighborhood Stabilization Program.",half-true,presentation,Georgia; Economy; Housing,Eric Stirgus,"September 14, 2010",https://www.politifact.com/factchecks/2010/sep/14/mickie-williams/clayton-officials-say-housing-program-has-employed/
David Axelrod,"September 8, 2010","Says Texas U.S. Rep. Pete Sessions said the GOP's goal is to ""go back to the same exact policies that were in place before this president took office... policies that crashed the economy.""",mostly-false,interview,Bipartisanship; Economy; Texas,W. Gardner Selby,"September 14, 2010",https://www.politifact.com/factchecks/2010/sep/14/david-axelrod/david-axelrod-says-us-rep-pete-sessions-called-goi/
Barack Obama,"September 5, 2010","John Boehner said the jobs of ""teachers and nurses and police officers and firefighters"" are ""'government jobs' that weren't worth saving.""",mostly-false,speech on Labor Day,National; Economy; Education; States,Angie Drobnic Holan,"September 8, 2010",https://www.politifact.com/factchecks/2010/sep/08/barack-obama/obama-says-boehner-doesnt-think-jobs-teachers-poli/
Mary Jordan,"September 5, 2010","Likens Obama's predicament to 1982, saying, ""when Reagan just started out, (unemployment was at) exactly the same point. He was two years into his term. The unemployment was well over 10 percent, and it did come out of it.""",mostly-true,"roundtable discussion on ABC's ""This Week with Christiane Amanpour""",National; Economy; History; This Week - ABC News; Workers,Louis Jacobson,"September 7, 2010",https://www.politifact.com/factchecks/2010/sep/07/mary-jordan/how-similar-were-recessions-under-ronald-reagan-ba/
Kevin Boyce,"August 19, 2010","""Our most important work has been creating and retaining almost 55,000 Ohio jobs.""",pants-fire,campaign e-mail,Ohio; Economy,Joe Guillen,"September 7, 2010",https://www.politifact.com/factchecks/2010/sep/07/kevin-boyce/ohio-treasurer-kevin-boyce-takes-credit-creating-a/
John Loughlin,"August 20, 2010","After Ronald Reagan cut taxes in 1981 the U.S. enjoyed ""exponential growth.""",mostly-false,campaign commercial,Rhode Island; Economy; Federal Budget; History; Taxes,C. Eugene Emery Jr.,"September 5, 2010",https://www.politifact.com/factchecks/2010/sep/05/john-loughlin/loughlin-says-reagans-1981-tax-cuts-led-exponentia/
Michael McCaul,"July 19, 2010","Says the federal agency in charge of Medicare and Medicaid will disburse $803 billion in benefits this year, making ""it larger than all but 15 of the world's economies.""",half-true,e-mail,Economy; Health Care; Texas,Ciara O'Rourke,"September 4, 2010",https://www.politifact.com/factchecks/2010/sep/04/michael-mccaul/rep-michael-mccaul-says-cms-will-disburse-803-bill/
Rob Portman,"August 18, 2010","""More than half of our unemployed Ohioans have been out of work for six months or more.""",mostly-true,radio interview,Ohio; Economy,Stephen Koff,"September 2, 2010",https://www.politifact.com/factchecks/2010/sep/02/rob-portman/rob-portman-statement-unemployment-illustrates-how/
Donna Brazile,"August 29, 2010","""Forty-five percent of those who've been unemployed, they've been unemployed for six months or longer.""",mostly-true,"roundtable discussion on ABC's ""This Week with Christiane Amanpour""",National; Economy; Pundits; This Week - ABC News; Workers,Louis Jacobson,"August 31, 2010",https://www.politifact.com/factchecks/2010/aug/31/donna-brazile/donna-brazile-says-45-percent-unemployed-have-been/
"Kernan ""Kerry"" King","August 21, 2010","In Rhode Island ""there are 150 different pension plans for public workers.""",true,"interview on WPRI-TV's ""Newsmakers",Rhode Island; Economy; Public Service; Retirement; State Budget; Workers,C. Eugene Emery Jr.,"August 30, 2010",https://www.politifact.com/factchecks/2010/aug/30/kernan-kerry-king/king-says-rhode-islands-public-employees-have-150-/
Kenneth Block,"June 19, 2010","""(I) helped to invent a system that saved over a billion dollars on welfare.""",true,TV and Internet commercial,Rhode Island; Candidate Biography; Economy; Families; Federal Budget; Poverty,C. Eugene Emery Jr.,"August 29, 2010",https://www.politifact.com/factchecks/2010/aug/29/kenneth-block/block-says-system-he-helped-create-detect-welfare-/
Back to Basics,"August 24, 2010","Gov. Rick Perry ""has overseen the highest Texas unemployment in 22 years.""",half-true,newspaper ad,Economy; Texas,Meghan Ashford-Grooms,"August 28, 2010",https://www.politifact.com/factchecks/2010/aug/28/back-basics/back-basics-pac-says-gov-rick-perry-has-overseen-t/
Mark Tapscott,"August 23, 2010","""Obama’s stimulus, passed in his first month in office, will cost more than the entire Iraq War.""",mostly-false,opinion column,National; Economy; Iraq; Stimulus,Martha M. Hamilton,"August 25, 2010",https://www.politifact.com/factchecks/2010/aug/25/mark-tapscott/did-stimulus-cost-more-war-iraq/
Lee Fisher,"July 31, 2010","Rob Portman is ""the one who actually sucked the jobs out of the (Mahoning) Valley and sent them to China.""",false,campaign speech,Ohio; Economy,Stephen Koff,"August 25, 2010",https://www.politifact.com/factchecks/2010/aug/25/lee-fisher/lee-fisher-says-rob-portman-actually-sucked-jobs-o/
John Boehner,"August 24, 2010","""Since February 2009, the private sector has lost millions of jobs while the federal government has grown by hundreds of thousands of workers.""",half-true,speech at the City Club of Cleveland,Ohio; Economy; Stimulus,Stephen Koff,"August 24, 2010",https://www.politifact.com/factchecks/2010/aug/24/john-boehner/minority-leader-john-boehner-relies-temporary-cens/
Steve LaTourette,"July 6, 2010","""Since the president became the president, we have lost 3.3 million jobs in the private sector. But you know who's done OK and who's not complaining today? The public sector. We've gained 590,000 public sector jobs.""",half-true,speech,Ohio; Economy; Federal Budget,Stephen Koff,"August 18, 2010",https://www.politifact.com/factchecks/2010/aug/18/steve-latourette/rep-steve-latourette-says-stimulus-has-done-little/
John Kasich,"August 4, 2010","""We didn’t have a development director for over seven months.""",false,campaign speech,Ohio; Economy; State Budget,Reginald Fields,"August 17, 2010",https://www.politifact.com/factchecks/2010/aug/17/john-kasich/john-kasich-slams-gov-ted-strickland-leaving-job-c/
Laura Tyson,"August 15, 2010","""Unemployment for those with college educations is now 4.5 percent. Unemployment for those with more than a college education, below 4 percent.""",mostly-true,"interview on ABC's ""This Week with Christiane Amanpour''",National; Economy; Education; This Week - ABC News,Louis Jacobson,"August 17, 2010",https://www.politifact.com/factchecks/2010/aug/17/laura-tyson/laura-tyson-says-college-grads-have-just-45-percen/
Barack Obama,"August 9, 2010","""The unemployment rate for folks who've never gone to college is almost double what it is for those who have.""",true,speech at the University of Texas at Austin,Economy; Education; Texas,Ciara O'Rourke,"August 17, 2010",https://www.politifact.com/factchecks/2010/aug/17/barack-obama/president-barack-obama-says-unemployment-rate-thos/
Rachel Maddow,"August 6, 2010","""We know that tax cuts are remarkably un-stimulative when you compare them with different kinds of government spending.""",half-true,"""Rachel Maddow Show""",National; Economy; Pundits; Stimulus; Taxes,Lukas Pleva,"August 12, 2010",https://www.politifact.com/factchecks/2010/aug/12/rachel-maddow/maddow-claims-spending-more-stimulative-tax-cuts/
George Voinovich,"July 14, 2010","""Last year, we borrowed $1.4 trillion -- or 41 cents of every dollar we spent. Over half of this debt is held by foreign investors.""",true,speech,Ohio; Economy; Federal Budget,Stephen Koff,"August 10, 2010",https://www.politifact.com/factchecks/2010/aug/10/george-voinovich/sen-george-voinovich-critical-half-national-debt-h/
Pete Sessions,"July 30, 2010","""Over the time that President Obama has been in office, we have lost 2.5 million free
	enterprise system jobs, and, yet, 500,000 federal government jobs have been
	added.""",mostly-false,speech,Economy; Texas,W. Gardner Selby,"August 8, 2010",https://www.politifact.com/factchecks/2010/aug/08/pete-sessions/pete-sessions-federal-government-has-gained-500000/
Donald Carcieri,"July 27, 2010","Repealing the sales tax on boats in Rhode Island has spawned 2,000 companies, 7,000 jobs and close to $2 billion a year in sales activity.",half-true,"interview on Fox News' ""The Neil Cavuto Show,"" about U.S. Sen. John Kerry's boat",Rhode Island; Economy; States; Taxes,Cynthia Needham,"August 8, 2010",https://www.politifact.com/factchecks/2010/aug/08/donald-carcieri/carcieri-says-tax-repeal-spawned-new-business/
Sharron Angle,"July 21, 2010","""Harry Reid says he does more for Nevada. He's done more for unemployment. We were at 4.4 percent. Now we're at 14 percent. He's done more for the foreclosure rate. We have the highest foreclosure rate in the nation. He's done more for bankruptcy. We have the highest bankruptcy rate in the nation.""",half-true,campaign ad,National; Bankruptcy; Economy; Housing; Message Machine 2010,Erin Mershon,"August 5, 2010",https://www.politifact.com/factchecks/2010/aug/05/sharron-angle/sharron-angle-blames-harry-reid-nevada-economic-wo/
James Langevin,"July 12, 2010","""The Congressional Budget Office estimates that for every $1 we spend on unemployment benefits, $1.90 is put into our economy.""",half-true,online forum on ProJo.com,Rhode Island; Economy; Federal Budget; Stimulus; Taxes,C. Eugene Emery Jr.,"August 5, 2010",https://www.politifact.com/factchecks/2010/aug/05/james-langevin/langevin-says-each-dollar-spent-unemployment-benef/
Randy Neugebauer,"July 29, 2010","""Ninety-four percent of small businesses will face higher taxes under the Democrats' plan.""",pants-fire,Townhall.com guest blog post,National; Economy; Federal Budget; Taxes,Lukas Pleva,"August 4, 2010",https://www.politifact.com/factchecks/2010/aug/04/randy-neugebauer/lawmaker-claims-democrats-want-hit-small-businesse/
Ted Strickland,"July 17, 2010","""In 2009, the Small Business & Entrepreneurship Council ranked Ohio 11th in the nation and 1st in the Midwest for overall business climate.""",mostly-true,news release,Ohio; Economy; Small Business,Mark Naymik,"August 4, 2010",https://www.politifact.com/factchecks/2010/aug/04/ted-strickland/ted-strickland-boasts-ohios-small-business-climate/
John Boehner,"August 1, 2010","""This is the first time since the Depression that unemployment has stayed above 9 percent for two consecutive years.""",false,"interview on ""Fox News Sunday""",National; Economy; History,Louis Jacobson,"August 3, 2010",https://www.politifact.com/factchecks/2010/aug/03/john-boehner/john-boehner-says-unemployment-has-exceeded-9-perc/
Republican Governors Association,"July 21, 2010","""Ohio lost 400,000 jobs on his (Ted Strickland’s) watch.""",half-true,television campaign ad,Ohio; Economy; Jobs,Mark Naymik,"August 3, 2010",https://www.politifact.com/factchecks/2010/aug/03/republican-governors-association/republican-governors-association-says-ohio-lost-40/
George Will,"August 1, 2010","During the recession, ""the consumer in his native perversity has begun to save. The savings rate is now 6.2 percent.""",true,"roundtable discussion on ABC's ""This Week""",National; Economy; This Week - ABC News,Louis Jacobson,"August 2, 2010",https://www.politifact.com/factchecks/2010/aug/02/george-will/george-will-says-personal-saving-rate-has-increase/
Rob Portman,"July 6, 2010","A bill to cap carbon emissions ""could cost Ohio 100,000 jobs.""",mostly-false,television campaign ad,Ohio; Cap and Trade; Climate Change; Economy; Energy,Stephen Koff,"August 2, 2010",https://www.politifact.com/factchecks/2010/aug/02/rob-portman/portman-uses-outdated-context-claim-cap-and-trade-/
Lee Fisher,"July 13, 2010","""As President George W. Bush’s trade representative, Portman failed to address China’s currency manipulation, which was inflated to as much as 40 percent in 2006.""",mostly-false,news release,Ohio; Economy,Stephen Koff,"August 2, 2010",https://www.politifact.com/factchecks/2010/aug/02/lee-fisher/fisher-claim-portman-failed-address-china-currency/
Peter Kilmartin,"June 28, 2010","For every $1 spent on afterschool programs, ""we can save over $5, almost $6, in crime costs down the line.""",half-true,speech at the state Democratic convention,Rhode Island; Economy; Education; Crime; Poverty,C. Eugene Emery Jr.,"July 30, 2010",https://www.politifact.com/factchecks/2010/jul/30/peter-kilmartin/kilmartin-claims-1-spent-afterschool-programs-save/
Barack Obama,"July 22, 2010","The president's budget ""would take ... non-defense spending to its lowest level ... as a percentage of the economy since JFK.""",mostly-true,remarks at a bill signing,National; Economy; Federal Budget; Military,Louis Jacobson,"July 29, 2010",https://www.politifact.com/factchecks/2010/jul/29/barack-obama/barack-obama-says-his-budget-would-lower-non-defen/
Donna Brazile,"July 25, 2010","Over the last 10 years, incomes for the top 1 percent ""have grown."" Meanwhile, the bottom half of the country, ""they've seen their wages stagnate.""",true,"roundtable discussion on ABC's ""This Week""",National; Economy; Pundits; This Week - ABC News,Lukas Pleva,"July 29, 2010",https://www.politifact.com/factchecks/2010/jul/29/donna-brazile/brazile-claims-income-has-grown-top-1-percent-stag/
Rob Portman,"June 30, 2010","Since the Democrats’ stimulus went into effect last year, Ohio has lost about 150,000 Jobs.",half-true,news release,Ohio; Economy; Jobs; Stimulus,Mark Naymik,"July 28, 2010",https://www.politifact.com/factchecks/2010/jul/28/rob-portman/rob-portman-says-ohio-lost-150000-jobs-congress-pa/
David Gregory,"July 25, 2010","""25 percent of our economy is the financial sector.""",mostly-false,interview with Treasury Secretary Timothy Geithner on NBC's Meet the Press,National; Corporations; Economy; Financial Regulation; Pundits,Louis Jacobson,"July 28, 2010",https://www.politifact.com/factchecks/2010/jul/28/david-gregory/meet-press-david-gregory-says-financial-sector-equ/
Lee Fisher,"July 12, 2010","Rob Portman’s ""plan to tax, slash and privatize"" Social Security ""would devastate Ohioans.""",mostly-false,campaign statement,Ohio; Bush Administration; Economy; Trade,Stephen Koff,"July 28, 2010",https://www.politifact.com/factchecks/2010/jul/28/lee-fisher/fisher-campaign-claims-portmans-plan-tax-slash-and/
Lincoln Chafee,"July 27, 2010","""I remember one of [Curt Schilling's] teammates said he painted his sock, the bloody sock.""",false,a comment on the John DePetro Show,Rhode Island; Baseball; Economy; Pop Culture,Cynthia Needham,"July 27, 2010",https://www.politifact.com/factchecks/2010/jul/27/lincoln-chafee/chafee-says-schilling-faked-bloody-sock/
Marc Morial,"July 25, 2010",The Latino unemployment rate is higher than the white rate and the black rate is higher than the Latino rate.,true,"roundtable discussion on NBC's ""Meet the Press""",National; Economy; Race and Ethnicity; Workers,Louis Jacobson,"July 27, 2010",https://www.politifact.com/factchecks/2010/jul/27/marc-morial/marc-morial-correct-unemployment-rates-whites-blac/
Jeanne Shaheen,"July 20, 2010","""For every dollar we put in unemployment, it pays back about $1.60.""",half-true,MSNBC interview,National; Economy; Stimulus,Lukas Pleva,"July 27, 2010",https://www.politifact.com/factchecks/2010/jul/27/jeanne-shaheen/lawmaker-claims-unemployment-benefits-boost-econom/
Timothy Geithner,"July 25, 2010","""We've seen six months of positive job growth by the private sector.""",true,"ABC's ""This Week""",National; Economy; This Week - ABC News,Lukas Pleva,"July 27, 2010",https://www.politifact.com/factchecks/2010/jul/27/timothy-geithner/geithner-claims-us-had-six-months-positive-job-gro/
Ted Strickland,"July 6, 2010","""Ohio’s electricity rates are 10 percent below the national average.""",mostly-true,campaign speech,Ohio; Economy; Elections; Energy,Reginald Fields,"July 27, 2010",https://www.politifact.com/factchecks/2010/jul/27/ted-strickland/ohio-gov-ted-strickland-says-states-electricity-ra/
Rick Scott,"July 25, 2010","""My 7-step plan"" creates 700,000 jobs in 7 years.",mostly-true,campaign materials.,Economy; State Budget; Taxes; Florida,Aaron Sharockman,"July 26, 2010",https://www.politifact.com/factchecks/2010/jul/26/rick-scott/rick-scott-touts-7-7-7-plan-create-700000-jobs-sev/
Sherrod Brown,"July 14, 2010",Twenty-two million jobs were created during Clinton’s two terms but only 3 million during Bush’s.,true,interview with Rachel Maddow,Ohio; Bush Administration; Economy,Stephen Koff,"July 25, 2010",https://www.politifact.com/factchecks/2010/jul/25/sherrod-brown/sherrod-brown-touts-job-grown-during-clinton-presi/
Bob Gibbs,"July 21, 2010","""In the 18th Congressional District, 100% of electric generation comes from coal.""",true,statement posted to his website,Ohio; Cap and Trade; Climate Change; Economy; Energy,Robert Higgs,"July 24, 2010",https://www.politifact.com/factchecks/2010/jul/24/bob-gibbs/house-candidate-bob-gibbs-touts-coal-power-generat/
David Cicilline,"June 28, 2010","He has ""ushered in $3 billion in new investment.""",false,statement on Cicilline's website,Rhode Island; Candidate Biography; Economy,Cynthia Needham,"July 16, 2010",https://www.politifact.com/factchecks/2010/jul/16/david-cicilline/cicilline-says-he-ushered-3-billion-providence-dev/
John Boehner,"July 15, 2010","""Since February 2009, our economy has lost roughly 3 million private sector jobs while the federal government has grown by more than 400,000 jobs.""",half-true,op-ed,Ohio; Economy,Sabrina  Eaton,"July 15, 2010",https://www.politifact.com/factchecks/2010/jul/15/john-boehner/john-boehner-says-obama-has-presided-over-private-/
Joe Biden,"July 14, 2010","""We went from losing 3 million jobs in the last six months of the Bush Administration,"" adding almost 600,000 private sector jobs in the first six months of the year.",mostly-true,news conference,National; Economy,Louis Jacobson,"July 15, 2010",https://www.politifact.com/factchecks/2010/jul/15/joe-biden/joe-biden-lauds-obamas-job-creation-record/
Ed  Gillespie,"July 11, 2010","Under President George W. Bush, the U.S. had ""52 months of ... uninterrupted job creation"" and ""revenues were at an all-time high in 2007.""",mostly-true,appearance on NBC's Meet the Press,National; Economy; History; Taxes,Louis Jacobson,"July 14, 2010",https://www.politifact.com/factchecks/2010/jul/14/ed-gillespie/gillespie-touts-bush-record-taxes-job-creation/
John Cornyn,"July 1, 2010","""Sen. McConnell offered a fully paid two-month extension of unemployment insurance.""",true,conference call with Texas reporters,Economy; Federal Budget; Texas,Ciara O'Rourke,"July 11, 2010",https://www.politifact.com/factchecks/2010/jul/11/john-cornyn/mcconnell-proposed-extending-unemployment-benefits/
Stephen Archambault,"June 28, 2010","Blue Cross headquarters has ""a $30,000 granite table.""",pants-fire,speech at the state Democratic convention,Rhode Island; Corporations; Economy; Health Care,C. Eugene Emery Jr.,"July 11, 2010",https://www.politifact.com/factchecks/2010/jul/11/steve-archambault/archambault-says-blue-cross-headquarters-has-30000/
Mark Kirk,"June 30, 2010","""At his father's bank, Alexi made tens of millions in risky loans to convicted mobsters. Then, the bank collapsed.""",half-true,campaign video,National; Candidate Biography; Economy; Crime; Message Machine 2010,Robert Farley,"July 8, 2010",https://www.politifact.com/factchecks/2010/jul/08/mark-kirk/senate-candidate-mark-kirk-says-rival-gave-mobster/
Daniel Senor,"July 4, 2010","Japan's ""interest on its own debt"" is ""25 percent of its national budget""",false,ABC's 'This Week',National; Economy; This Week - ABC News,Lukas Pleva,"July 6, 2010",https://www.politifact.com/factchecks/2010/jul/06/daniel-senor/senor-inflates-japans-interest-payments/
Bill Clegg,"June 24, 2010","The U.S. deficit  ""increases at $3 million per second.""",false,candidate web page,Rhode Island; Economy; Federal Budget; Health Care,C. Eugene Emery Jr.,"July 2, 2010",https://www.politifact.com/factchecks/2010/jul/02/bill-clegg/clegg-claims-federal-deficit-growing-rate-3-millio/
Jeff Greene,"June 22, 2010","""If there were not derivatives, there would be no bank loans at all today.""",mostly-false,Democratic U.S. Senate debate against Rep. Kendrick Meek,Corporations; Economy; Financial Regulation; Florida,Lukas Pleva,"June 28, 2010",https://www.politifact.com/factchecks/2010/jun/28/jeff-greene/greene-claims-banks-need-derivatives-make-loans/
Jeff Greene,"June 22, 2010","""My opponent here has accepted money from Freddie Mac, Fannie Mae (and) hosted subprime mortgage seminars.""",half-true,public debate,Economy; Housing; Florida,Trenton Daniel,"June 25, 2010",https://www.politifact.com/factchecks/2010/jun/25/jeff-greene/greene-attacks-meek-role-subprime-market-mess/
Lincoln Chafee,"May 4, 2010","""Fifty-three percent of teens  in Central Falls are getting pregnant.""",false,candidate forum,Rhode Island; Children; Economy; Education; Families; Health Care; Women,C. Eugene Emery Jr.,"June 25, 2010",https://www.politifact.com/factchecks/2010/jun/25/lincoln-chafee/chafee-says-53-percent-teenagers-central-falls-are/
Frank Caprio,"June 10, 2010","""If every small  business in our state, on average, was able to create one new job we  would cut our unemployment rate in half.""",half-true,speeches and on his campaign website,Rhode Island; Economy; Small Business,Cynthia Needham,"June 25, 2010",https://www.politifact.com/factchecks/2010/jun/25/frank-caprio/caprio-says-ri-jobless-rate-could-be-cut-half-if-s/
Stuart Sternberg,"June 21, 2010","The Tampa Bay Rays' ""prices have been judged the most affordable in all of professional sports.""",mostly-true,press statement,Baseball; Economy; Florida,Aaron Sharockman,"June 24, 2010",https://www.politifact.com/factchecks/2010/jun/24/stuart-sternberg/tampa-bay-rays-owner-says-team-most-affordable-spo/
Hillsborough Area Regional Transit,"June 18, 2010",The addition of a 1 percent sales tax would cost a typical household in Hillsborough County approximately $12 a month.,mostly-true,brochure,Economy; Energy; Infrastructure; Transportation; Urban; Taxes; Florida,Janet Zink,"June 18, 2010",https://www.politifact.com/factchecks/2010/jun/18/hillsborough-area-rapid-transit-hart/brochure-estimates-financial-impact-hillsborough-t/
Debbie Wasserman Schultz,"May 26, 2010","""On the pace that we're on with job creation in the last four months ... we will have created more jobs in this year than in the entire Bush Presidency.""",half-true,interview on FOX.,Bush Administration; Economy; Florida,Aaron Sharockman,"June 18, 2010",https://www.politifact.com/factchecks/2010/jun/18/debbie-wasserman-schultz/debbie-wasserman-schultz-says-job-creation-2010-pa/
David Dewhurst,"June 9, 2010","Says the Republican  ""state convention is  actually larger than the Republican National  Convention.""",mostly-true,campaign video,Bipartisanship; Economy; Message Machine 2010; Texas,W. Gardner Selby,"June 17, 2010",https://www.politifact.com/factchecks/2010/jun/17/david-dewhurst/dewhurst-says-believe-it-or-not-republican-state-c/
Jerry Brown,"June 7, 2010","California's credit rating is ""the worst in the country.""",true,video on his campaign website,National; Economy; Message Machine 2010; State Budget,Alex Holt,"June 11, 2010",https://www.politifact.com/factchecks/2010/jun/11/jerry-brown/jerry-brown-says-californias-not-golden-state-when/
Roy Barnes,"May 21, 2010","When Roy Barnes was governor, ""Georgia created 235,000 jobs.""",half-true,campaign commercial,Georgia; Economy; Message Machine 2010,Willoughby Mariano,"June 5, 2010",https://www.politifact.com/factchecks/2010/jun/05/roy-barnes/chalkboard-job-figures-dont-add/
Nancy Pelosi,"June 4, 2010","""This year, we have added an average of 200,000 jobs per month, a majority in the private sector, a stark contrast to the Bush Administration record of losing an average of nearly 750,000 jobs per month in its last three months.""",half-true,news release,National; Economy,Louis Jacobson,"June 4, 2010",https://www.politifact.com/factchecks/2010/jun/04/nancy-pelosi/pelosi-touts-democratic-record-job-creation/
Mark Critz,"May 27, 2010","""The Democratic Congress has already taken significant steps to create jobs and jump-start the economy, resulting in the lowest tax rates in over 50 years and the creation of over 500,000 new jobs so far this year.""",half-true,speech on the House floor,National; Economy; Taxes,Louis Jacobson,"June 2, 2010",https://www.politifact.com/factchecks/2010/jun/02/mark-critz/critz-touts-democratic-role-low-taxes-job-creation/
Rick Scott,"May 25, 2010","Florida ranks ""45th out of 50 states'' for its regulatory climate for business.",half-true,speech to young Republicans,Corporations; Economy; Regulation; States; Florida,Louis Jacobson,"May 27, 2010",https://www.politifact.com/factchecks/2010/may/27/rick-scott/rick-scott-says-florida-has-high-regulatory-burden/
Lainey Melnick,"April 23, 2010","Says U.S. Rep. Lamar Smith supported the $700 billion  Wall Street bailout in 2008, ""but now he is standing in the way of  reforms that would assure these bailouts would never happen again.""",mostly-false,e-mail blast,Campaign Finance; Economy; Financial Regulation; Texas,W. Gardner Selby,"May 19, 2010",https://www.politifact.com/factchecks/2010/may/19/lainey-melnick/democrat-lainey-melnick-says-rep-lamar-smith-frien/
George Will,"May 9, 2010","Sen. Robert Bennett, R-Utah, cast votes for TARP, the stimulus, and an individual mandate for health care.",mostly-false,roundtable discussion on ABC's This Week,National; Economy; Financial Regulation; Health Care; Pundits,Louis Jacobson,"May 12, 2010",https://www.politifact.com/factchecks/2010/may/12/george-will/george-will-pegs-sen-bennetts-loss-votes-tarp-stim/
George Will,"May 9, 2010","Greece ""has a GDP the size of the Dallas-Fort Worth Metroplex.""",true,roundtable segment on ABC's This Week,National; Economy; Foreign Policy; Pundits,Louis Jacobson,"May 12, 2010",https://www.politifact.com/factchecks/2010/may/12/george-will/will-says-greeces-economy-same-size-dallas-fort-wo/
Ed Whitacre,"April 21, 2010","GM has ""repaid our government loan, in full, with interest, five years ahead of the original schedule.""",half-true,TV ad,National; Bankruptcy; Economy; Financial Regulation; Transportation,Robert Farley,"April 27, 2010",https://www.politifact.com/factchecks/2010/apr/27/ed-whitacre/ceo-says-gm-has-repaid-government-loans-full/
Sherrod Brown,"April 25, 2010","""Fifteen years ago, the assets of the six largest banks in this country totaled 17 percent of GDP ... The assets of the six largest banks in the United States today total 63 percent of GDP.""",true,"interview on ""This Week.""",National; Economy; Financial Regulation; Regulation; This Week - ABC News,Angie Drobnic Holan,"April 27, 2010",https://www.politifact.com/factchecks/2010/apr/27/sherrod-brown/six-largest-banks-getting-bigger-brown-said/
Sherrod Brown,"April 25, 2010","The financial services bill will end ""too-big-to-fail.""",mostly-false,interview on ABC's This Week,National; Consumer Safety; Economy; Financial Regulation; Regulation; This Week - ABC News,Louis Jacobson,"April 26, 2010",https://www.politifact.com/factchecks/2010/apr/26/sherrod-brown/sherrod-brown-says-financial-bill-will-end-too-big/
House Natural Resources Committee Republicans,"April 5, 2010","""Obama did not open new lands to offshore drilling – all of these areas were already open for drilling once Congress and President Bush lifted the moratorium in 2008. Instead, President Obama yesterday announced what areas he would CLOSE to offshore drilling.""",mostly-false,news release posted on his website.,Environment; National; Economy; Energy; Transportation; Florida,Catharine Richert,"April 23, 2010",https://www.politifact.com/factchecks/2010/apr/23/house-natural-resources-committee-republicans/obama-didnt-expand-offshore-drilling-boehner-says/
Paul Ryan,"March 31, 2010","In 2004, ""20 percent of U.S. households were getting about 75 percent of their income from the federal government. ... Another 20 percent were receiving almost 40 percent.""",mostly-false,speech to the Oklahoma Council of Public Affairs,National; Economy; Federal Budget; Medicare; Retirement; Social Security; Taxes,Catharine Richert,"April 21, 2010",https://www.politifact.com/factchecks/2010/apr/21/paul-ryan/paul-ryans-federal-dole-statistics-omit-important-/
Mitch McConnell,"April 14, 2010","New financial regulation ""actually guarantees future bailouts of Wall Street banks.""",false,press conference,National; Corporations; Economy; Financial Regulation; Regulation,Angie Drobnic Holan,"April 20, 2010",https://www.politifact.com/factchecks/2010/apr/20/mitch-mcconnell/bank-bailouts-not-bill-liquidation/
Bill Clinton,"April 18, 2010","Passage of Clinton budget bill in 1993 ""led to an enormous flowering of the economy in America.""",half-true,interview on ABC's This Week,National; Economy; Federal Budget; History; This Week - ABC News; Taxes,Louis Jacobson,"April 19, 2010",https://www.politifact.com/factchecks/2010/apr/19/bill-clinton/bill-clinton-takes-credit-flowering-economy-1990s/
Richard Shelby,"March 25, 2010","""The bill reported out of committee sets up a $50 billion slush fund that, while intended for resolving failing firms, is available for virtually any purpose that the treasury secretary sees fit.""",false,letter to Treasury Secretary Timothy Geithner,National; Bankruptcy; Corporations; Economy; Federal Budget; Financial Regulation; Taxes,Catharine Richert,"April 16, 2010",https://www.politifact.com/factchecks/2010/apr/16/richard-shelby/sen-richard-shelby-overlooks-safeguards-financial-/
Lindsey Graham,"March 24, 2010","""The average student will be spending $1,700 to $1,800 more during the life of their loan because of this surcharge.""",false,"appearance on the Fox News show ""On the Record"" with Greta Van Susteren",National; Economy; Education; Health Care,Catharine Richert,"March 30, 2010",https://www.politifact.com/factchecks/2010/mar/30/lindsey-graham/new-bill-doesnt-alter-interest-rate/
Marco Rubio,"March 28, 2010","""Since that famous day in February where the governor campaigned with  Barack Obama on behalf of the stimulus program, 211,000 Floridians have  lost their jobs.""",true,U.S. Senate primary debate on FOX News Sunday,Economy; Stimulus; Florida,Amy Hollyfield,"March 28, 2010",https://www.politifact.com/factchecks/2010/mar/28/marco-rubio/rubio-says-florida-has-lost-211000-jobs-crist-camp/
Barbara Cargill,"March 11, 2010","""The Federal Reserve system has presided over about a 95... percent decline in the U.S. dollar.""",mostly-false,State Board of Education meeting,Economy; Education; Texas,Ciara O'Rourke,"March 22, 2010",https://www.politifact.com/factchecks/2010/mar/22/barbara-cargill/barbara-cargill-says-federal-reserve-presided-over/
Annise Parker,"March 10, 2010","""For years now, we have spent more money than we have taken in.""",half-true,newspaper article,Economy; Texas,Ciara O'Rourke,"March 21, 2010",https://www.politifact.com/factchecks/2010/mar/21/annise-parker/annise-parker-says-years-houston-has-been-spending/
Citizens for Lower Taxes and a Stronger Economy,"March 10, 2010","Because of a local version of Amendment 4, ""the taxpayers of St. Pete Beach have had to pay hundreds of thousands in legal bills.""",true,Internet ad.,Economy; Florida Amendments; Taxes; Florida,Aaron Sharockman,"March 17, 2010",https://www.politifact.com/factchecks/2010/mar/17/citizens-lower-taxes-and-stronger-economy/voter-control-over-land-use-issues-has-cost-st-pet/
Charlie Crist,"February 17, 2010","Rubio admitted he ""would have accepted the stimulus money.""",mostly-true,news release,Economy; Florida,Lukas Pleva,"March 16, 2010",https://www.politifact.com/factchecks/2010/mar/16/charlie-crist/crist-says-rubio-has-said-he-would-have-accepted-s/
Virginia Foxx,"March 9, 2010","""The economy began its nose dive when Democrats took control of Congress in January 2007.""",pants-fire,speech on the House floor,National; Economy,Louis Jacobson,"March 15, 2010",https://www.politifact.com/factchecks/2010/mar/15/virginia-foxx/foxx-blames-recession-democratic-congressional-tak/
Charlie Justice,"December 18, 2009","""The Florida Legislature raised taxes and fees by almost $2 billion"" in the 2009 session.",true,news release,Economy; Taxes; Florida,Lee Logan,"March 8, 2010",https://www.politifact.com/factchecks/2010/mar/08/charlie-justice/charlie-justice-says-legislature-raised-2-billion-/
Nancy Pelosi,"February 25, 2010","The health care bill will ""create 4 million jobs, 400,000 jobs almost immediately.""",half-true,statement at the health care summit,National; Economy; Health Care,Catharine Richert,"March 8, 2010",https://www.politifact.com/factchecks/2010/mar/08/nancy-pelosi/pelosi-claims-health-care-reform-will-create-thous/
Bill White,"March 2, 2010","""There's almost 1 million Texans who are unemployed and that's an all-time record number in our state.""",true,speech,Economy; Texas,Ciara O'Rourke,"March 7, 2010",https://www.politifact.com/factchecks/2010/mar/07/bill-white/white-says-almost-1-million-people-are-unemployed-/
Bill White,"March 4, 2010","""Debt has almost doubled in Austin under Gov. Perry.""",true,speech,Economy; Texas,Ciara O'Rourke,"March 4, 2010",https://www.politifact.com/factchecks/2010/mar/04/bill-white/white-says-texas-debt-has-doubled-under-perry/
Kendrick Meek,"February 20, 2010","Florida ""has the second-highest foreclosure rate in the nation.""",mostly-true,statement on his Web site,Economy; Housing; Florida,Lukas Pleva,"March 2, 2010",https://www.politifact.com/factchecks/2010/mar/02/kendrick-meek/florida-home-foreclosure-rate-among-worst-us/
Rick Perry,"February 8, 2010","""I vetoed more than $3 billion in spending. Lawmakers and I cut taxes for 40,000 small businesses. Now Texas is No. 1 in job creation. The nation’s five best housing markets are right here in Texas. We balanced five state budgets and we cut state spending.""",half-true,TV advertisement.,Economy; Housing; State Budget; Texas,W. Gardner Selby,"February 25, 2010",https://www.politifact.com/factchecks/2010/feb/25/rick-perry/gov-perry-says-he-made-tough-decisions-including-3/
Farouk Shami,"February 9, 2010","""Mayor White has major stake in Barnett Shale production company.""",mostly-false,press release,Environment; Economy; Energy; Transparency; Texas,Meghan Ashford-Grooms,"February 22, 2010",https://www.politifact.com/factchecks/2010/feb/22/farouk-shami/shami-says-white-has-major-stake-barnett-shale-dri/
Farouk Shami,"February 8, 2010","""My opponent... lost 43,000 jobs in Houston since he took over; we are losing jobs.""",false,debate,Economy; Texas,Ciara O'Rourke,"February 18, 2010",https://www.politifact.com/factchecks/2010/feb/18/farouk-shami/shami-said-houston-lost-43000-jobs-while-white-was/
Bill White,"February 2, 2010","""As Houston's mayor, I helped our area lead the nation in job growth.""",false,questionnaire,Economy; Texas,Ciara O'Rourke,"February 18, 2010",https://www.politifact.com/factchecks/2010/feb/18/bill-white/white-says-houston-led-nation-job-growth/
Barack Obama,"February 17, 2010","""So far, the Recovery Act is responsible for the jobs of about 2 million Americans who would otherwise be unemployed. ... [And] the Recovery Act is on track to save or create another 1.5 million jobs in 2010.""",half-true,address at the Eisenhower Executive Office Building,National; Economy; Stimulus,Louis Jacobson,"February 18, 2010",https://www.politifact.com/factchecks/2010/feb/18/barack-obama/obama-says-stimulus-responsible-millions-jobs-save/
John Boehner,"February 11, 2010","Despite touting the economic stimulus as a great triumph, ""The very same report, however, notes that unemployment will average 10 percent for the rest of the year.""",mostly-true,press release,National; Economy; Stimulus,Robert Farley,"February 12, 2010",https://www.politifact.com/factchecks/2010/feb/12/john-boehner/boehner-says-stimulus-no-triumph-if-unemployment-s/
Jon Stewart,"February 3, 2010",One-third of the economic stimulus package was tax cuts.,mostly-true,interview with Bill O'Reilly,National; Economy; Pundits; Stimulus; Taxes,Catharine Richert,"February 10, 2010",https://www.politifact.com/factchecks/2010/feb/10/jon-stewart/stewart-claims-stimulus-bill-one-third-tax-cuts/
Sarah Palin,"February 6, 2010","Vice President Joe Biden's meeting ""with the transparency and accountability board . . . was closed to the public.""",false,speech to members of the Tea Party,National; Economy; Stimulus; Transparency,Catharine Richert,"February 9, 2010",https://www.politifact.com/factchecks/2010/feb/09/sarah-palin/palin-claims-biden-held-transparency-meeting-behin/
Farouk Shami,"February 8, 2010","Houston is ""the third-most toxic city in the United States of America.""",true,debate.,Environment; Economy; Energy; Texas,W. Gardner Selby,"February 9, 2010",https://www.politifact.com/factchecks/2010/feb/09/farouk-shami/farouk-shami-says-houston-no-3-toxicity-nation/
Debra Medina,"January 29, 2010","""The governor’s not taking his own fiscal advice. ... In the first fiscal quarter of this year, we’ve seen a 13.5 percent increase in spending, double-digit spending out of the executive branch in the State of Texas.""",half-true,Republican gubernatorial debate,Economy; State Budget; Texas,Meghan Ashford-Grooms,"February 8, 2010",https://www.politifact.com/factchecks/2010/feb/08/debra-medina/Me/
Judd Gregg,"February 2, 2010","""The law is very clear! 'The monies recouped from the TARP shall be paid into the general fund of the treasury for the reduction of the public debt.'""",true,Senate budget hearing,National; Economy,Catharine Richert,"February 5, 2010",https://www.politifact.com/factchecks/2010/feb/05/judd-gregg/gregg-claims-tarp-money-must-be-used-pay-down-defi/
Barack Obama,"February 2, 2010","Some Republicans who voted against the stimulus ""have been all too happy to claim credit for Recovery Act projects and the jobs those projects have produced. They come to the ribbon cuttings.""",true,town meeting,National; Economy; Federal Budget; Stimulus,Louis Jacobson,"February 5, 2010",https://www.politifact.com/factchecks/2010/feb/05/barack-obama/obama-criticizes-republicans-who-opposed-stimulus-/
Ron Paul,"January 27, 2010","""The money supply has doubled in the last year.""",mostly-false,article on his Web site RonPaul.com,National; Economy,Lukas Pleva,"February 5, 2010",https://www.politifact.com/factchecks/2010/feb/05/ron-paul/ron-paul-claims-money-supply-has-doubled/
Scott Brown,"January 31, 2010","""Federal employees are making twice as much as their private counterparts.""",false,interview with Barbara Walters,National; Economy,Catharine Richert,"February 3, 2010",https://www.politifact.com/factchecks/2010/feb/03/scott-brown/politifact-debut-brown-says-federal-jobs-pay-twice/
Rick Perry,"January 14, 2010","""We cut property taxes by one-third.""",mostly-false,Republican gubernatorial debate,Economy; Education; Taxes; Texas,Meghan Ashford-Grooms,"February 3, 2010",https://www.politifact.com/factchecks/2010/feb/03/rick-perry/perry-says-he-cut-property-taxes-one-third/
Barack Obama,"January 29, 2010","Obama came into office ""with a $1.3 trillion deficit before I had passed any law. ... We came in with $8 trillion worth of debt over the next decade.""",mostly-true,Republican retreat,National; Economy; Federal Budget,Angie Drobnic Holan,"January 29, 2010",https://www.politifact.com/factchecks/2010/jan/29/barack-obama/obama-inherited-deficits-bush-administration/
Democratic National Committee,"January 20, 2010","""Under (Rick Perry’s) watch as governor, over six million Texans have no health care coverage, including one million children, homeowners suffer from the highest insurance rates in the country, and college tuition has skyrocketed 136 percent.""",half-true,press release,Children; Economy; Education; Health Care; Texas,W. Gardner Selby,"January 29, 2010",https://www.politifact.com/factchecks/2010/jan/29/democratic-national-committee/national-democrats-say-gov-perry-has-watched-over-/
John Boehner,"January 27, 2010","""President Obama's proposed 'spending freeze' will only reduce the $42 trillion in government spending proposed between 2011 and 2020 by little more than one-half of 1 percent.""",true,blog post,National; Economy; Federal Budget,Robert Farley,"January 28, 2010",https://www.politifact.com/factchecks/2010/jan/28/john-boehner/boehner-claims-obamas-proposed-spending-freeze-wil/
Ronnie Earle,"January 18, 2010","""Inequality in Texas is steadily getting worse, with very few rich people, a great many poor people, and fewer and fewer in the middle.""",mostly-true,speech,Census; Economy; Families; Texas,W. Gardner Selby,"January 28, 2010",https://www.politifact.com/factchecks/2010/jan/28/ronnie-earle/ronnie-earle-says-income-gap-steadily-widening-tex/
Barack Obama,"January 27, 2010","""We cut taxes for 95 percent of working families.""",true,State of the Union speech,National; Economy; Stimulus; Workers; Taxes,Angie Drobnic Holan,"January 28, 2010",https://www.politifact.com/factchecks/2010/jan/28/barack-obama/tax-cut-95-percent-stimulus-made-it-so/
Barack Obama,"January 27, 2010","""At the beginning of the last decade ... America had a budget surplus of over $200 billion. By the time I took office, we had a one-year deficit of over $1 trillion and projected deficits of $8 trillion over the next decade.""",mostly-true,his State of the Union speech,National; Economy; Federal Budget,Catharine Richert,"January 28, 2010",https://www.politifact.com/factchecks/2010/jan/28/barack-obama/obama-claims-us-budget-went-surplus-deficit-ten-ye/
Barack Obama,"January 27, 2010","""Because of the steps we took, there are about 2 million Americans working right now who would otherwise be unemployed.""",half-true,his State of the Union address,National; Economy; Stimulus,Robert Farley,"January 28, 2010",https://www.politifact.com/factchecks/2010/jan/28/barack-obama/obama-claims-two-million-more-americans-would-be-u/
Rick Perry,"November 30, 2009","U.S. Sen. Kay Bailey Hutchison ""has voted nine separate times to raise the national debt ceiling.""",true,press release,Economy; Texas,W. Gardner Selby,"January 27, 2010",https://www.politifact.com/factchecks/2010/jan/27/rick-perry/us-sen-kay-bailey-hutchison-us-sen-kay-bailey-hutc/
Carolyn Maloney,"January 21, 2010","Democratic presidents ""have been considerably more effective at creating private-sector jobs.""",true,floor speech,National; Economy; History; Workers,Louis Jacobson,"January 25, 2010",https://www.politifact.com/factchecks/2010/jan/25/carolyn-maloney/congresswoman-says-democratic-presidents-create-mo/
Rick Perry,"January 14, 2010","""We lowered the business tax from 4 percent down to 1 percent.""",half-true,Republican gubernatorial debate,Corporations; Economy; Small Business; Taxes; Texas,Meghan Ashford-Grooms,"January 22, 2010",https://www.politifact.com/factchecks/2010/jan/22/rick-perry/perry-says-he-cut-business-tax/
Kay Bailey Hutchison,"January 14, 2010","""The largest tax increase that we have ever had in our state is yours – it is the business margins tax that you signed, governor.""",false,a Republican gubernatorial debate,Corporations; Economy; Small Business; Taxes; Texas,Meghan Ashford-Grooms,"January 22, 2010",https://www.politifact.com/factchecks/2010/jan/22/kay-bailey-hutchison/hutchison-says-revised-business-tax-created-states/
John Cornyn,"January 20, 2010","""The No. 1 issue that the American people care about is getting America back to work.""",true,televised interview,Economy; Health Care; Texas,W. Gardner Selby,"January 20, 2010",https://www.politifact.com/factchecks/2010/jan/20/john-cornyn/sen-john-cornyn-says-americans-rate-getting-back-w/
Linda Chavez-Thompson,"January 4, 2010","""Most Texans aren't millionaires.""",true,speech,Economy; Elections; Texas,W. Gardner Selby,"January 20, 2010",https://www.politifact.com/factchecks/2010/jan/20/linda-chavez-thompson/says-most-texans-arent-millionaires/
Glenn Beck,"January 15, 2010","Chile ranks third internationally in economic freedom, while the U.S. ranks 17th.",mostly-false,video blog post,National; Economy; Foreign Policy; Pundits,Louis Jacobson,"January 20, 2010",https://www.politifact.com/factchecks/2010/jan/20/glenn-beck/beck-says-chile-easily-tops-us-economic-freedom-ra/
Kay Bailey Hutchison,"January 14, 2010",Says Gov. Rick Perry was for Wall Street bailout before he was against it.,half-true,Jan. 14 GOP gubernatorial debate,Economy; Federal Budget; Texas,W. Gardner Selby,"January 16, 2010",https://www.politifact.com/factchecks/2010/jan/16/kay-bailey-hutchison/hutchison-says-perry-was-wall-street-bailout-he-wa/
Kay Bailey Hutchison,"January 14, 2010","""We definitely lost way more jobs in Texas this year than we gained — we lost 300,000 jobs in Texas alone this year.""",true,debate.,Economy; Texas,Ciara O'Rourke,"January 15, 2010",https://www.politifact.com/factchecks/2010/jan/15/kay-bailey-hutchison/hutchison-says-texas-lost-more-jobs-it-gained-2009/
Rick Perry,"January 15, 2009",Says approximately 70 percent of jobs created in the United States in November 2007-2008 were in Texas.,false,press release,Economy; Elections; Workers; Texas,W. Gardner Selby,"January 12, 2010",https://www.politifact.com/factchecks/2010/jan/12/rick-perry/perry-claims-texas-accounted-70-percent-new-jobs-2/
Lamar Smith,"December 15, 2009","""Illegal immigrants currently occupy 8 million jobs.""",mostly-true,a press release,Immigration; Economy; Texas,Meghan Ashford-Grooms,"January 12, 2010",https://www.politifact.com/factchecks/2010/jan/12/lamar-smith/rep-lamar-smith-says-immigrants-hold-8-million-job/
Farouk Shami,"November 23, 2009","Says he ""brought 1,200 jobs to Texas by moving his factories here from China.""",half-true,TV ad,Economy; Texas,Ciara O'Rourke,"January 12, 2010",https://www.politifact.com/factchecks/2010/jan/12/farouk-shami/shami-claims-hes-created-1200-jobs-texas-moving-hi/
Barack Obama,"December 9, 2009","""We've created or saved up to 1.6 million jobs, according to the CBO -- the Congressional Budget Office -- through the Recovery Act.""",half-true,speech,National; Economy; Stimulus,Robert Farley,"December 14, 2009",https://www.politifact.com/factchecks/2009/dec/14/barack-obama/obama-says-congressional-budget-office-found-econo/
Rush Limbaugh,"December 8, 2009","A recent drop in the unemployment rate is questionable because it was calculated ""over two days of the Thanksgiving week.""",false,his radio show,National; Economy; Pundits; Workers,Louis Jacobson,"December 10, 2009",https://www.politifact.com/factchecks/2009/dec/10/rush-limbaugh/limbaugh-says-unemployment-drop-was-skewed-thanksg/
Mike Pence,"December 8, 2009","""To use money from the TARP fund in the manner that is being discussed by the White House and congressional Democrats would be a violation of the law.""",half-true,speech on the House floor,National; Economy; Federal Budget; Stimulus,Robert Farley,"December 8, 2009",https://www.politifact.com/factchecks/2009/dec/08/mike-pence/pence-says-democrats-plan-spend-tarp-money-economi/
Barack Obama,"December 3, 2009","When Obama was interviewed by American reporters in Asia, ""Not one of them asked me about Asia. Not one of them asked me about the economy.""",false,comments at the White House,National; Economy; Foreign Policy,Angie Drobnic Holan,"December 7, 2009",https://www.politifact.com/factchecks/2009/dec/07/barack-obama/obama-said-reporters-didnt-ask-questions-issues-th/
Glenn Beck,"November 30, 2009","Less than 10 percent of Obama's Cabinet appointees ""have any experience in the private sector.""",false,statement on his show on Fox News Channel,National; Economy; Pundits,Louis Jacobson,"December 2, 2009",https://www.politifact.com/factchecks/2009/dec/02/glenn-beck/beck-says-less-10-percent-obama-cabinet-members-ha/
Jeff Miller,"November 19, 2009","""Although Democrats represent only 10 of Florida's 25 districts, their districts received 60 percent of the stimulus funds.""",mostly-false,newsletter,National; Economy; Stimulus; Workers,Angie Drobnic Holan,"November 24, 2009",https://www.politifact.com/factchecks/2009/nov/24/jeff-miller/recovery-gov-assigns-statewide-education-jobs-one/
Jeff Miller,"November 19, 2009","Recovery.gov listed congressional districts that ""do not exist.""",mostly-true,newsletter,National; Economy; Stimulus; Workers,Angie Drobnic Holan,"November 24, 2009",https://www.politifact.com/factchecks/2009/nov/24/jeff-miller/nonexistent-congressional-districts-recovery-gov/
Chain email,"November 19, 2009","Obama ""closed offshore tax safe havens.""",half-true,widely circulated e-mail,National; Economy; Foreign Policy,Robert Farley,"November 20, 2009",https://www.politifact.com/factchecks/2009/nov/20/chain-email/chain-e-mail-claims-obama-closed-offshore-tax-safe/
Recovery.gov,"November 17, 2009",52 jobs have been saved or created in Florida's 34th Congressional District.,mostly-false,data on its Web site,National; Economy; Stimulus,Angie Drobnic Holan,"November 19, 2009",https://www.politifact.com/factchecks/2009/nov/19/recoverygov/recoverygov-shows-jobs-congressional-districts-don/
Sarah Palin,"November 17, 2009","""Ronald Reagan faced an even worse recession"" than the current one.",false,"her book, Going Rogue",National; Economy; History,Louis Jacobson,"November 17, 2009",https://www.politifact.com/factchecks/2009/nov/17/sarah-palin/palin-claims-reagan-faced-worse-recession-obama/
Barack Obama,"November 6, 2009","""History tells us that job growth always lags behind economic growth.""",true,remarks from the White House,National; Economy,Robert Farley,"November 9, 2009",https://www.politifact.com/factchecks/2009/nov/09/barack-obama/obama-says-job-growth-always-lags-behind-economic-/
Charlie Crist,"November 4, 2009","""I didn't endorse"" the federal stimulus bill.",pants-fire,interview on CNN,Economy; Stimulus; Taxes; Florida,Aaron Sharockman,"November 5, 2009",https://www.politifact.com/factchecks/2009/nov/05/charlie-crist/charlie-crist-says-he-didnt-endorse-stimulus-bill/
Rush Limbaugh,"November 1, 2009","""That 3.5 percent (increase in the third quarter GDP) came from two things — government spending on Cash for Clunkers — they just moved fourth-quarter auto sales into the third quarter — and the first-time home buyer thing.""",half-true,Fox News Sunday,National; Economy; Pundits; Stimulus,Robert Farley,"November 3, 2009",https://www.politifact.com/factchecks/2009/nov/03/rush-limbaugh/rush-limbaugh-said-bump-gdp-due-cash-clunkers-and-/
Tom  McClintock,"October 27, 2009","Three presidents in the last century — Harding, Kennedy and Reagan — all cut taxes during recessions and produced ""rapid and dramatic economic recoveries,"" while two, Herbert Hoover and Barack Obama, did ""the opposite.""",false,speech on the House floor,National; Economy; Federal Budget; History; Taxes,Louis Jacobson,"November 2, 2009",https://www.politifact.com/factchecks/2009/nov/02/tom-mcclintock/california-republican-lumps-obama-hoover-his-appro/
The Freedom Project,"October 19, 2009","""Democrats rang up a $1.42 trillion budget deficit in 2009 — the single largest in American history.""",half-true,press release,National; Economy; Federal Budget,Catharine Richert,"October 22, 2009",https://www.politifact.com/factchecks/2009/oct/22/freedom-project/freedom-project-claims-deficit-biggest-history-and/
Lou Dobbs,"October 15, 2009 in","U.S. taxpayers paid $71,500 per job created by the stimulus bill.",mostly-true,on his television show,National; Economy; Pundits; Stimulus,Catharine Richert,"October 19, 2009",https://www.politifact.com/factchecks/2009/oct/19/lou-dobbs/Dobbs-claims-stimulus-jobs-cost-big-bucks/
Michael Moore,"October 2, 2009","During the Reagan administration, ""Millions of people were thrown out of work.""",mostly-false,"his movie ""Capitalism",National; Economy,Robert Farley,"October 8, 2009",https://www.politifact.com/factchecks/2009/oct/08/michael-moore/michael-moore-claims-his-movie-capitalism-during-r/
Michael Moore,"October 2, 2009","During the Reagan era, while productivity increased, ""wages for working people remained frozen.""",mostly-true,"his movie ""Capitalism",National; Economy,Robert Farley,"October 7, 2009",https://www.politifact.com/factchecks/2009/oct/07/michael-moore/michael-moore-claims-capitalism-during-reagan-year/
Cokie Roberts,"October 4, 2009","Forty percent of gross domestic product ""is state, local, or federal money.""",mostly-true,appearance on This Week with George Stephanopoulos,National; Economy; Federal Budget; Pundits,Louis Jacobson,"October 6, 2009",https://www.politifact.com/factchecks/2009/oct/06/cokie-roberts/cokie-roberts-says-government-accounts-40-percent-/
Michael Moore,"October 2, 2009",All the talk about socialism during the campaign made young people more interested in it by Election Day.,false,movie Capitalism,National; Economy,Louis Jacobson,"October 2, 2009",https://www.politifact.com/factchecks/2009/oct/02/michael-moore/michael-moore-says-young-people-are-increasingly-w/
Michael Moore,"September 29, 2009","""The richest 1 percent have more financial wealth than the bottom 95 percent combined.""",mostly-true,news conference,National; Economy; Poverty; Workers,Louis Jacobson,"October 1, 2009",https://www.politifact.com/factchecks/2009/oct/01/michael-moore/moore-says-top-1-percent-owns-more-financial-wealt/
Thomas Sowell,"September 8, 2009","The Obama administration ""was successful in rushing a massive spending bill through Congress in just two days — after which it sat on the president's desk for three days, while he was away on vacation.""",false,column,National; Economy; Health Care; Pundits,Ian Jannetta,"September 15, 2009",https://www.politifact.com/factchecks/2009/sep/15/thomas-sowell/sowell-claims-stimulus-was-rushed-through-congress/
George Will,"August 23, 2009","Most of the stimulus money will be spent ""not this year, not next year, but in 2011.""",mostly-false,interview on This Week with George Stephanopoulos,National; Economy; Pundits; Stimulus,Catharine Richert,"August 26, 2009",https://www.politifact.com/factchecks/2009/aug/26/george-will/george-will-claims-stimulus-money-will-be-spent-sl/
Michelle  Malkin,"August 2, 2009 in","A former Clinton administration official and other economists agree that ""if you keep extending these temporary unemployment benefits, you're just going to extend joblessness even more.""",half-true,on This Week with George Stephanopoulos,National; Economy; Pundits; Stimulus,Louis Jacobson,"August 4, 2009",https://www.politifact.com/factchecks/2009/aug/04/michelle-malkin/michelle-malkin-says-former-clinton-official-says-/
Steny Hoyer,"July 21, 2009",There were more job losses per month in the last three months under President Bush than in the past three months under President Obama.,mostly-true,statement on the House floor.,National; Economy; Stimulus,Louis Jacobson,"July 23, 2009",https://www.politifact.com/factchecks/2009/jul/23/steny-hoyer/rep-steny-hoyer-claims-there-were-more-job-losses-/
Barack Obama,"July 11, 2009","The stimulus ""has delivered $43 billion in tax relief to American working families and businesses""",half-true,his weekly radio address,National; Economy; Stimulus; Taxes,Catharine Richert,"July 22, 2009",https://www.politifact.com/factchecks/2009/jul/22/barack-obama/obama-overstates-tax-relief-individuals-and-busine/
Robert Bennett,"July 15, 2009",The Obama administration has spent millions of taxpayer dollars for roadside signs to tout the economic stimulus.,half-true,news release.,National; Economy; Stimulus; Transportation,Louis Jacobson,"July 17, 2009",https://www.politifact.com/factchecks/2009/jul/17/robert-bennett/bennett-says-stimulus-spending-too-much-road-signs/
Sarah Palin,"July 14, 2009","""Job losses are so certain under this new cap-and-tax plan that it includes a provision accommodating newly unemployed workers from the resulting dried-up energy sector, to the tune of $4.2 billion over eight years. So much for creating jobs.""",mostly-true,op-ed article,Environment; National; Cap and Trade; Climate Change; Economy; Energy,Catharine Richert,"July 16, 2009",https://www.politifact.com/factchecks/2009/jul/16/sarah-palin/palin-claims-cap-and-trade-bill-includes-42-billio/
Jon Kyl,"July 12, 2009","""Only about 6.8 percent of the (stimulus) money has actually been spent.""",mostly-true,interview on This Week with George Stephanopolous.,National; Economy; Stimulus,Louis Jacobson,"July 15, 2009",https://www.politifact.com/factchecks/2009/jul/15/jon-kyl/sen-jon-kyl-says-only-68-percent-stimulus-has-been/
Joe Biden,"July 9, 2009","""Across the country, $174 billion of the Recovery Act have been committed in its first 130 days.""",mostly-true,news release.,National; Economy; Federal Budget; Stimulus,Catharine Richert,"July 15, 2009",https://www.politifact.com/factchecks/2009/jul/15/joe-biden/vice-president-biden-correct-174-billion-stimulus-/
Eric Cantor,"July 8, 2009","""We were promised. The president said we would keep unemployment under 8.5 percent (if the stimulus passed).""",mostly-false,PBS interview.,National; Economy; Stimulus,Robert Farley,"July 9, 2009",https://www.politifact.com/factchecks/2009/jul/09/eric-cantor/Cantor-and-other-republicans-say-obama-promised-s/
John Boehner,"July 2, 2009","""In North Carolina, they used stimulus money to hire one new state worker. His job, apply for more stimulus funds from the taxpayers by the way of the federal government.""",false,Web ad,National; Economy; Stimulus,Robert Farley,"July 7, 2009",https://www.politifact.com/factchecks/2009/jul/07/john-boehner/boehner-claims-city-uses-stimulus-money-hire-someo/
John Boehner,"July 2, 2009","""In Wisconsin, the stimulus paid for a bridge to a bar called Rusty's Backwater Saloon. They've got great burgers, but no new jobs.""",mostly-false,Web ad,National; Economy; Stimulus,Robert Farley,"July 7, 2009",https://www.politifact.com/factchecks/2009/jul/07/john-boehner/boehner-ad-says-stimulus-paid-bridge-rustys/
Democratic National Committee,"July 2, 2009","Mitch McConnell opposed ""legislation to create and protect Kentucky jobs . . . help for the unemployed. . .  health care for Kentucky's children,"" and ""fair pay for women.""",mostly-false,television ad,National; Economy; Health Care; Workers,Angie Drobnic Holan,"July 6, 2009",https://www.politifact.com/factchecks/2009/jul/06/democratic-national-committee/mitch-mcconnell-dnc-ad-distorted/
Paul Krugman,"June 22, 2009","Even high estimates for an early draft of the health care plan are ""less than the $1.8 trillion cost of the Bush tax cuts.""",mostly-true,column,National; Economy; Health Care; Pundits; Taxes,Angie Drobnic Holan,"June 24, 2009",https://www.politifact.com/factchecks/2009/jun/24/paul-krugman/bush-tax-cuts-health-care-probably/
Barack Obama,"June 9, 2009","""In the first round of repayments""  from financial institutions that received TARP money, ""the government has actually turned a profit.""",true,statement at the White House,National; Economy,Robert Farley,"June 10, 2009",https://www.politifact.com/factchecks/2009/jun/10/barack-obama/obama-says-government-has-so-far-turned-profit-mon/
Newt Gingrich,"May 30, 2009","Inside the stimulus package ""is anti-Christian legislation that will stop churches from using public schools for meeting on Sundays, as well as Boy Scouts and student Bible study groups.""",pants-fire,e-mail,National; Economy; Religion; Stimulus,Robert Farley,"June 8, 2009",https://www.politifact.com/factchecks/2009/jun/08/newt-gingrich/stimulus-bill-wont-change-status-sunday-school/
John Boehner,"June 8, 2009","Says Vice President Joe Biden ""admits that the American people are being scammed"" with the economic stimulus package.",mostly-false,press release.,National; Economy; Stimulus,Catharine Richert,"June 8, 2009",https://www.politifact.com/factchecks/2009/jun/08/john-boehner/boehner-claims-biden-said-stimulus-scamming-americ/
Barack Obama,"May 27, 2009","In the 100 days since its passage, the economic stimulus has ""saved or created nearly 150,000 jobs.""",mostly-false,speech,National; Economy; Stimulus; Workers,Angie Drobnic Holan,"May 29, 2009",https://www.politifact.com/factchecks/2009/may/29/barack-obama/150000-jobs-created-or-saved-maybe/
Mark Sanford,"April 30, 2009","""Our government has now 'spent, lent, or committed' $12.8 trillion in its attempt to blunt the recession.""",true,commentary piece,National; Economy; Stimulus,Robert Farley,"May 15, 2009",https://www.politifact.com/factchecks/2009/may/15/mark-sanford/gov-sanford-cites-bloomberg-statistic-us-has-spent/
George Will,"March 24, 2009","""Congress shoveled $700 billion into the Troubled Assets Relief Program, $325 billion of which has been spent without purchasing any toxic assets.""",true,column published by the Washington Post and other news organizations.,National; Economy; Pundits,Bill Adair,"April 9, 2009",https://www.politifact.com/factchecks/2009/apr/09/george-will/columnist-will-correct-initial-tarp-money-did-not-/
Michele Bachmann,"March 25, 2009","""Secretary Geithner has left the option on the table"" of abandoning the dollar for a multinational currency.",false,press release.,National; Economy,Alexander Lane,"April 1, 2009",https://www.politifact.com/factchecks/2009/apr/01/michele-bachmann/defending-dollar-bachmann-distorts-geithners-comme/
Barack Obama,"March 22, 2009","""Warren (Buffett) still does support me.""",true,television interview,National; Economy,Alexander Lane,"March 23, 2009",https://www.politifact.com/factchecks/2009/mar/23/barack-obama/Warren-Buffett-still-backs-Obama/
Mike Pence,"March 17, 2009","""Tens of billions of dollars (from taxpayer-funded bailouts) ... flowed straight through AIG into the coffers of foreign corporations and foreign banks.""",true,TV interview,National; Economy,Robert Farley,"March 20, 2009",https://www.politifact.com/factchecks/2009/mar/20/mike-pence/tens-billions-aig-bailout-went-foreign-comanies/
National Republican Senatorial Committee,"March 18, 2009","""Senator Chris Dodd, chairman of the Senate Banking Committee, placed an amendment in the ‘stimulus’ bill that allowed for banks bailed out with taxpayer money — including AIG — to hand out huge bonuses.""",half-true,fundraising e-mail.,National; Economy,Alexander Lane,"March 20, 2009",https://www.politifact.com/factchecks/2009/mar/20/national-republican-senatorial-committee/Dodd-failed-to-halt-bailout-bonuses/
Elijah Cummings,"March 16, 2009","AIG ""said they were giving $57 million (in retention payments) to people who were being terminated.""",true,a TV interview,National; Economy,Robert Farley,"March 18, 2009",https://www.politifact.com/factchecks/2009/mar/18/elijah-cummings/AIG-retention-bonuses-employees-plans-to-terminate/
Ron Wyden,"March 17, 2009","""We had bipartisan legislation that got through the Senate"" that would have prevented bonuses like AIG's ""and then somehow mysteriously disappeared.""",mostly-true,interview on The Rachel Maddow Show,National; Corporations; Economy,Alexander Lane,"March 18, 2009",https://www.politifact.com/factchecks/2009/mar/18/ron-wyden/aig-bonus-wyden-snowe/
Christina Romer,"March 15, 2009","""Last week the Blue Chip Economic Indicators came out that surveys lots of private forecasters. Almost all of them are predicting a turnaround in the third quarter and positive growth in the fourth quarter.""",true,interview on Meet the Press.,National; Economy,Alexander Lane,"March 17, 2009",https://www.politifact.com/factchecks/2009/mar/17/christina-romer/yes-take-prediction-grain-salt/
Joe Biden,"March 5, 2009","""The average CEO makes $10,000 more every day ... than what the average worker makes every year.""",half-true,speech,National; Economy,Robert Farley,"March 6, 2009",https://www.politifact.com/factchecks/2009/mar/06/joe-biden/biden-points-out-disparities-between-ceo-and-avera/
Bobby Jindal,"February 22, 2009","Louisiana is turning down $100 million ""that would require  us to change our unemployment law, that would have actually raised taxes on  Louisiana businesses.""",mostly-true,"interview on ""Meet the Press.""",National; Economy; Stimulus; Taxes,Angie Drobnic Holan,"February 24, 2009",https://www.politifact.com/factchecks/2009/feb/24/bobby-jindal/jindal-unemployment-measure-stimulus/
Jim DeMint,"February 5, 2009","There is a provision in the economic stimulus plan that means that ""students cannot meet together in their dorms, if that dorm has been repaired with this federal money, and have a prayer group or a Bible study.""",false,speech on the Senate floor.,National; Economy; Education; Stimulus,Robert Farley,"February 13, 2009",https://www.politifact.com/factchecks/2009/feb/13/jim-demint/demint-stimulus-prayer-dorms-religion/
Michael Steele,"January 31, 2009","""You and I know that in the history of mankind and womankind, government — federal, state, local, or otherwise — has never created one job.""",pants-fire,speech to House Republicans,National; Economy; Stimulus,Angie Drobnic Holan,"February 10, 2009",https://www.politifact.com/factchecks/2009/feb/10/michael-steele/steele-government-never-created-job-opposite/
Pat Roberts,"February 5, 2009","The Congressional Budget Office ""estimates that only 15 percent of this stimulus package will be spent in 2009"" and only 37 percent in 2010.",mostly-false,remarks made,National; Economy; Stimulus,Angie Drobnic Holan,"February 9, 2009",https://www.politifact.com/factchecks/2009/feb/09/pat-roberts/choices-CBO-numbers-2009-2010/
Barack Obama,"February 3, 2009","On attacks by Republicans that various programs in the economic stimulus plan are not stimulative, ""If you add all that stuff up, it accounts for less than 1 percent of the overall package.""",half-true,interview with CBS News,National; Economy; Stimulus,Robert Farley,"February 9, 2009",https://www.politifact.com/factchecks/2009/feb/09/barack-obama/some-republican-attacks-relatively-small-others-no/
Fred Smith,"February 5, 2009","""The average bonus [on Wall Street] is about $100,000...The bonuses on Wall Street are down 44 percent.""",mostly-true,appearance on ABC's This Week,National; Economy,Alexander Lane,"February 6, 2009",https://www.politifact.com/factchecks/2009/feb/06/fred-smith/fedex-chair-delivers-perspective-bonuses/
Mike Pence,"February 3, 2009","The stimulus bill contains ""$20 million for the removal of small to medium-sized fish passage barriers"" and ""$25 million to rehabilitate off-roading trails for ATVs.""",true,speech,National; Economy; Federal Budget; Stimulus,Angie Drobnic Holan,"February 4, 2009",https://www.politifact.com/factchecks/2009/feb/04/mike-pence/stimulus-has-money-help-fish-roaders/
Robert Gibbs,"February 2, 2009","""There are no earmarks"" in the stimulus bill.",false,comment at the daily White House press briefing.,National; Economy; Stimulus,Bill Adair,"February 4, 2009",https://www.politifact.com/factchecks/2009/feb/04/robert-gibbs/stimulus-bill-includes-projects-some-consider-earm/
Mitch McConnell,"February 1, 2009","To give the proposed economic stimulus plan some perspective, ""if you started the day Jesus Christ was born and spent $1 million every day since then, you still wouldn’t have spent $1 trillion.""",true,"appearance on CBS's ""Face the Nation""",National; Economy; Stimulus,Robert Farley,"February 3, 2009",https://www.politifact.com/factchecks/2009/feb/03/mitch-mcconnell/stimulus-plan-more-million-day-jesus-christ-was-bo/
John Boehner,"January 26, 2009","""The (economic stimulus) legislation could open billions of taxpayer dollars to left-wing groups like the Association of Community Organizations for Reform Now (ACORN).""",mostly-false,news release,National; Economy,Robert Farley,"February 2, 2009",https://www.politifact.com/factchecks/2009/feb/02/john-boehner/theory-acorn-could-compete-some-home-rebuilding-mo/
Barack Obama,"January 9, 2009","""There is no disagreement that we need action by our government, a recovery plan that will help to jump-start the economy.""",false,news conference,National; Economy; Stimulus,Angie Drobnic Holan,"January 30, 2009",https://www.politifact.com/factchecks/2009/jan/30/barack-obama/some-economists-disagree-obama/
National Republican Congressional Committee,"January 28, 2009","""The House Democrats' so-called 'stimulus' has been stuffed with an astonishing $335 million to fund prevention programs of sexually transmitted diseases.""",mostly-true,news release,National; Economy; Stimulus,Robert Farley,"January 29, 2009",https://www.politifact.com/factchecks/2009/jan/29/national-republican-congressional-committee/std-spending-economic-stimulus-plan/
Eric Cantor,"January 23, 2009","""For every dollar (in the stimulus package) that is spent to help small businesses, $4 is being spent to help upkeep the grass on the lawns of Washington.""",false,interview on the Fox News Channel.,National; Economy; Stimulus,Robert Farley,"January 27, 2009",https://www.politifact.com/factchecks/2009/jan/27/eric-cantor/cantor-says-more-stimulus-washinton-grass-small-bu/
Eric Cantor,"January 23, 2009","The stimulus bill includes ""$300,000 for a sculpture garden in Miami.""",pants-fire,interview on the Fox News Channel.,National; Economy; Stimulus,Robert Farley,"January 27, 2009",https://www.politifact.com/factchecks/2009/jan/27/eric-cantor/does-stimulus-package-really-include-300000-sculpt/
Barack Obama,"January 24, 2009","""Our economy could fall $1 trillion short of its full capacity, which translates into more than $12,000 in lost income for a family of four.""",half-true,a weekly YouTube and radio address,National; Economy; Stimulus,Angie Drobnic Holan,"January 26, 2009",https://www.politifact.com/factchecks/2009/jan/26/barack-obama/obama-numbers-income-explanation/
Joe Barton,"January 22, 2009","Democrats have said that ""even one hearing (on the stimulus bill) would be one too many, and that we have a single day to approve these five complex propositions that will affect the lives of millions.""",true,statement at a committee meeting.,National; Economy; Stimulus,Robert Farley,"January 26, 2009",https://www.politifact.com/factchecks/2009/jan/26/joe-barton/Congress-getting-little-review-of-stimulus-bill/
Eric Cantor,"January 21, 2009","Says a Congressional Budget Office report on spending by House Democrats in the economic stimulus concluded it ""is just not stimulus. It won't help the economy grow.""",false,interview on the Fox News Channel.,National; Economy; Stimulus,Robert Farley,"January 23, 2009",https://www.politifact.com/factchecks/2009/jan/23/eric-cantor/Cantor-distorts-CBO-data/
Competitive Enterprise Institute,"January 14, 2009","""Geithner still didn't correct the same type of error for some years, even after the Internal Revenue Service flagged him for the failure to pay the taxes in other years.""",true,news release,National; Economy,Robert Farley,"January 16, 2009",https://www.politifact.com/factchecks/2009/jan/16/competitive-enterprise-institute/geithners-second-crack-squaring-taxes/
Barack Obama,"October 29, 2008",McCain called for less regulation 21 times just this year.,mostly-true,North Carolina,National; Economy,Alexander Lane,"October 29, 2008",https://www.politifact.com/factchecks/2008/oct/29/barack-obama/21-bottles-of-deregulation-on-the-wall/
Barack Obama,"October 9, 2008","""AIG executives ... (took) a junket for over $400,000. Twice.""",mostly-false,"Cincinnati, Ohio",National; Economy,Adriel Bettelheim,"October 14, 2008",https://www.politifact.com/factchecks/2008/oct/14/barack-obama/beating-a-retreat-on-a-lavish-retreat/
John McCain,"October 7, 2008","""The Democrats in the Senate and some members of Congress defended what Fannie and Freddie were doing. They resisted any change.""",half-true,"Nashville, Tenn.",National; Economy,Robert Farley,"October 13, 2008",https://www.politifact.com/factchecks/2008/oct/13/john-mccain/theres-plenty-of-bipartisan-blame-for-crisis/
Barack Obama,"October 7, 2008","On the economic crisis, ""the biggest problem in this whole process was the deregulation of the financial system.""",half-true,"Nashville, Tenn.",National; Economy,Robert Farley,"October 13, 2008",https://www.politifact.com/factchecks/2008/oct/13/barack-obama/lax-regulation-contributed-among-other-things/
Barack Obama,"October 7, 2008","""I wrote to Secretary Paulson, I wrote to Federal Reserve Chairman Bernanke [in March 2007], and told them this is something we have to deal with, and nobody did anything about it.""",half-true,debate,National; Economy,Robert Farley,"October 13, 2008",https://www.politifact.com/factchecks/2008/oct/13/barack-obama/2007-was-too-late-to-head-off-the-crisis/
John McCain,"October 7, 2008","On the economic troubles of 2008, ""really the match that lit this fire was Fannie Mae and Freddie Mac.""",half-true,"Nashville, Tenn.",National; Economy,Robert Farley,"October 13, 2008",https://www.politifact.com/factchecks/2008/oct/13/john-mccain/fannie-and-freddie-contributed-to-wider-problem/
John McCain,"October 7, 2008","A mortgage buyback plan is ""my proposal, it's not Sen. Obama's proposal, it's not President Bush's proposal.""",mostly-true,"Nashville, Tenn.",National; Economy,Robert Farley,"October 9, 2008",https://www.politifact.com/factchecks/2008/oct/09/john-mccain/the-idea-is-old-but-the-plan-is-mccains/
Barack Obama,"October 7, 2008","""Two years ago...I wrote to Secretary Paulson, I wrote to Federal Reserve Chairman Bernanke, and told them [subprime lending] is something we have to deal with.""",true,debate,National; Economy,Alexander Lane,"October 8, 2008",https://www.politifact.com/factchecks/2008/oct/08/barack-obama/obama-sounded-the-alarm-on-subprimes/
Joe Biden,"October 2, 2008","""John McCain said...in December he was surprised there was a subprime mortgage problem.""",mostly-true,St. Louis,National; Economy,Alexander Lane,"October 2, 2008",https://www.politifact.com/factchecks/2008/oct/02/joe-biden/biden-more-or-less-right-on-mccains-subprime-surpr/
John McCain,"September 30, 2008","""John McCain fought to rein in Fannie and Freddie...but Democrats blocked the reforms.""",half-true,advertisement,National; Economy,Alexander Lane,"September 30, 2008",https://www.politifact.com/factchecks/2008/sep/30/john-mccain/fannie-freddie-and-john-at-odds-in-2006/
John McCain,"September 26, 2008","House Republicans ""weren't part of the negotiations"" on the Wall Street bailout plan.",mostly-false,first presidential debate,National; Economy,Shawn Zeller,"September 26, 2008",https://www.politifact.com/factchecks/2008/sep/26/john-mccain/republicans-werent-shut-out/
Barack Obama,"September 24, 2008","""I introduced a bill that would’ve helped stop the multimillion-dollar bonus packages that CEOs grab on their way out.. (McCain) opposed that idea.""",mostly-false,speech,National; Economy,Adriel Bettelheim,"September 25, 2008",https://www.politifact.com/factchecks/2008/sep/25/barack-obama/mccain-never-talked-about-the-bill/
Barack Obama,"September 16, 2008","""In January, I outlined a plan to help revive our faltering economy, which formed the basis for a bipartisan stimulus package that passed the Congress.""",mostly-false,"Golden, Colo.",National; Economy; Stimulus,Adriel Bettelheim,"September 18, 2008",https://www.politifact.com/factchecks/2008/sep/18/barack-obama/congress-didnt-pass-obamas-economic-plan/
Barack Obama,"September 17, 2008","McCain economic adviser Phil Gramm is ""the architect of some of the deregulation in Washington that helped cause the mess on Wall Street.""",half-true,"Elko, Nev.",National; Economy,Angie Drobnic Holan,"September 17, 2008",https://www.politifact.com/factchecks/2008/sep/17/barack-obama/former-adviser-supported-deregulation/
John McCain,"September 16, 2008","""I said two years ago that the Fannie and Freddie thing was a very serious problem and we had to work on it.""",mostly-false,"interview on CNN's ""American Morning""",National; Economy; Housing; Regulation,Adriel Bettelheim,"September 17, 2008",https://www.politifact.com/factchecks/2008/sep/17/john-mccain/ringing-an-alarm-not-averting-a-crisis/
Barack Obama,"September 16, 2008",John McCain said last year he didn't know of a solution to the mortgage crisis.,true,"Golden, Colo.",National; Economy; Housing,Angie Drobnic Holan,"September 16, 2008",https://www.politifact.com/factchecks/2008/sep/16/barack-obama/mccain-said-he-had-confidence-in-paulson/
Barack Obama,"August 28, 2008","""The average American family"" saw income rise $7,500 under Bill Clinton and decline $2,000 under George Bush.",half-true,Denver,National; Economy,Angie Drobnic Holan,"September 8, 2008",https://www.politifact.com/factchecks/2008/sep/08/barack-obama/trend-is-right-but-numbers-are-wrong/
John McCain,"September 4, 2008","""My opponent promises to bring back old jobs by wishing away the global economy.""",false,"St. Paul, Minn.",National; Economy,Alexander Lane,"September 4, 2008",https://www.politifact.com/factchecks/2008/sep/04/john-mccain/obama-talks-often-about-the-global-economy/
Barack Obama,"August 1, 2008","""I have repeatedly said that many of the predatory loans that were made in the mortgage system did target African-American and Latino communities.""",true,town hall,National; Economy,Angie Drobnic Holan,"August 1, 2008",https://www.politifact.com/factchecks/2008/aug/01/barack-obama/obama-cites-ethnicity-in-mortgage-crisis/
Barack Obama,"July 12, 2008","""I have little doubt that we've moved into recession at this point.""",mostly-false,conversation with reporters aboard plane,National; Economy,Alexander Lane,"July 25, 2008",https://www.politifact.com/factchecks/2008/jul/25/barack-obama/he-probably-should-have-some-doubt-/
MoveOn.org,"April 5, 2008","John McCain, ""one of the richest people in a Senate filled with millionaires,"" says the solution to the housing crisis is for people to get a ""second job"" and ""skip their vacations.""",mostly-false,e-mail,National; Economy,Angie Drobnic Holan,"May 22, 2008",https://www.politifact.com/factchecks/2008/may/22/moveon/hes-rich-but-thats-not-his-housing-fix/
Hillary Clinton,"April 29, 2008","Hillary Clinton advocates ""a freeze on foreclosures. Barack Obama said no.""",true,a television ad,National; Economy,Angie Drobnic Holan,"May 1, 2008",https://www.politifact.com/factchecks/2008/may/01/hillary-clinton/clinton-and-obama-differ-on-freeze/
Hillary Clinton,"March 24, 2008","""A year ago, in March 2007, I called for immediate action to address abuses in the subprime market, and I laid out detailed concrete proposals for how to do so.""",true,speech at the University of Pennsylvania.,National; Economy,Bill Adair,"May 1, 2008",https://www.politifact.com/factchecks/2008/may/01/hillary-clinton/an-early-voice-on-foreclosures/
John McCain,"April 9, 2008","After Reagan took office, ""we didn't raise taxes and we didn't cut entitlements. What we did was we cut taxes.""",mostly-false,campaign event,National; Economy,Shawn Zeller,"April 18, 2008",https://www.politifact.com/factchecks/2008/apr/18/john-mccain/one-major-tax-cut-then-lots-of-raises/
Barack Obama,"April 14, 2008","""He's promising four more years of an administration that will push for the privatization of Social Security...""",false,"Associated Press Annual Meeting, Washington D.C.",National; Economy,Robert Farley,"April 16, 2008",https://www.politifact.com/factchecks/2008/apr/16/barack-obama/not-the-same-old-bush-plan/
Barack Obama,"April 16, 2008","The United States is ""seeing greater income inequality now than any time since the 1920s.""",true,Democratic debate,National; Economy,Wes Allison,"April 16, 2008",https://www.politifact.com/factchecks/2008/apr/16/barack-obama/income-inequality-is-on-the-rise/
Barack Obama,"February 19, 2008","""When we've got CEOs making more in 10 minutes than ordinary workers are making in a year ... then something is wrong.""",mostly-true,campaign rally,National; Economy,Amy Hollyfield,"February 28, 2008",https://www.politifact.com/factchecks/2008/feb/28/barack-obama/certainly-steve-jobs-is/
Hillary Clinton,"January 31, 2008","""I want to freeze interest rates for five years.""",half-true,"Los Angeles, Calif.",National; Economy,Angie Drobnic Holan,"February 26, 2008",https://www.politifact.com/factchecks/2008/feb/26/hillary-clinton/clinton-at-times-forgets-major-caveats/
Barack Obama,"February 13, 2008","""Hillary Clinton believed NAFTA was a 'boon' to our economy.""",false,flier sent to voters,National; Economy,Bill Adair,"February 25, 2008",https://www.politifact.com/factchecks/2008/feb/25/barack-obama/she-never-said-boon/
Barack Obama,"February 24, 2008","Clinton said ""great things about NAFTA until she started running for president.""",true,"Lorain, Ohio",National; Economy,Angie Drobnic Holan,"February 25, 2008",https://www.politifact.com/factchecks/2008/feb/25/barack-obama/clinton-has-changed-on-nafta/
Mitt Romney,"February 1, 2008","John McCain has said the economy is ""not his strong suit.""",true,Denver,National; Economy,Angie Drobnic Holan,"February 4, 2008",https://www.politifact.com/factchecks/2008/feb/04/mitt-romney/mccain-said-it/
Mitt Romney,"January 24, 2008","""Two-thirds of our economy is a consumer economy.""",true,"Boca Raton, Fla.",National; Economy,Angie Drobnic Holan,"January 30, 2008",https://www.politifact.com/factchecks/2008/jan/30/mitt-romney/americans-consume-a-lot-/
Bill Clinton,,"""The 1990s were a time of prosperity. We created more than 22-million new jobs, moved 8-million people out of poverty, and turned our economy around.""",true,,National; Economy,Robert Farley,"January 25, 2008",https://www.politifact.com/factchecks/2008/jan/25/bill-clinton/the-1990s-good-times/
Mike Huckabee,"January 24, 2008",Says he was the only Republican candidate at a prior debate who said lower-income workers were being hurt by the economy.,mostly-false,debate,National; Economy,Adriel Bettelheim,"January 24, 2008",https://www.politifact.com/factchecks/2008/jan/24/mike-huckabee/his-recollections-are-way-off/
Hillary Clinton,"November 19, 2007","""Thanks to President Bush's policies....The income gap is now higher than at any time since the Great Depression.""",half-true,"Knoxville, Iowa",National; Economy,Wes Allison,"December 15, 2007",https://www.politifact.com/factchecks/2007/dec/15/hillary-clinton/cant-blame-bush/
Hillary Clinton,"December 5, 2007","""Productivity has risen 18 percent ...yet wages have stayed flat... There are 5-million more people in poverty here in our country than there were in 2000.""",true,"New York, N.Y.",National; Economy,Wes Allison,"December 15, 2007",https://www.politifact.com/factchecks/2007/dec/15/hillary-clinton/the-ugly-truths/
Chain email,,An anonymous e-mail says that Hillary Clinton advocates communism.,pants-fire,,National; Economy,Angie Drobnic Holan,"December 12, 2007",https://www.politifact.com/factchecks/2007/dec/12/chain-email/hillarys-no-red-menace/
Rudy Giuliani,"October 9, 2007",''The leading Democratic candidate once said that the unfettered free market is the most destructive force in modern America.'',false,"Dearborn, Mich.",National; Economy,John Frank,"November 13, 2007",https://www.politifact.com/factchecks/2007/nov/13/rudy-giuliani/distorting-the-view/
John McCain,"October 9, 2007","""A lot of people don't know that 50,000 Americans now make their living off eBay.""",half-true,"Dearborn, Mich.",National; Economy,Janet Zink,"October 9, 2007",https://www.politifact.com/factchecks/2007/oct/09/john-mccain/going-going--probably-wrong/
Bill Richardson,"September 26, 2007","""Today New Mexico (has) the sixth-fastest growing economy.""",mostly-true,debate at Dartmouth College,National; Economy,Bill Adair,"September 27, 2007",https://www.politifact.com/factchecks/2007/sep/27/bill-richardson/not-exactly-but-close/
Hillary Clinton,"September 9, 2007","""About 40 percent of Hispanic homeowners have subprime mortgages.""",true,debate,National; Economy,Bill Adair,"September 10, 2007",https://www.politifact.com/factchecks/2007/sep/10/hillary-clinton/black-and-hispanic-homeowners-have-more-subprimes/
John Edwards,"June 21, 2007",An estimated 56 million Americans don't have bank accounts.,mostly-true,New York City.,National; Economy,Wes Allison,"August 23, 2007",https://www.politifact.com/factchecks/2007/aug/23/john-edwards/correct-but-he-uses-the-most-sensational-estimate/
Hillary Clinton,,"""Let's pay attention to kids who are not going to college, which ends up being about 60 percent of the kids... and get them trained for the jobs that are there. Because, you know, there are auto mechanic jobs paying $50,000, $60,000 that they can't get filled. There are airline mechanic jobs paying a lot of money that can't get filled."" Remarks at AFSCME forum 6/19/2007",true,,National; Economy,Matthew Waite,"August 21, 2007",https://www.politifact.com/factchecks/2007/aug/21/hillary-clinton/there-are-plenty-of-jobs-available-for-trained/
Hillary Clinton,"July 22, 2007","""Corporate profits are up, CEO pay is up, but average wages of Americans are flat.""",true,"Washington, DC",National; Economy,Bill Adair,"August 1, 2007",https://www.politifact.com/factchecks/2007/aug/01/hillary-clinton/an-accurate-summary-of-economic-stats/
John Edwards,"May 12, 2007","""We now have the greatest income inequality since the Great Depression.""",true,story by Reuters wire service.,National; Economy,Wes Allison,"June 12, 2007",https://www.politifact.com/factchecks/2007/jun/12/john-edwards/economists-find-large-income-gap/
