statement_originator,statement_date,statement,verdict,statement_source,tags,factchecker,factcheck_date,factcheck_analysis_link
Donald Trump,"January 5, 2026",The former U.S. childhood vaccine schedule called for babies to get “72 injections.”,false,graphic on Truth Social and Instagram,Children; Health Care; Public Health,Grace Abels,"January 15, 2026",https://www.politifact.com/factchecks/2026/jan/15/donald-trump/childhood-vaccine-schedule-injections-CDC-shots/
Robert F. Kennedy Jr.,"November 17, 2025",“We’re not cutting science. We’re not cutting research.”,pants-fire,remarks at George Washington University,Health Care; Public Health; Science,Madison Czopek,"November 20, 2025",https://www.politifact.com/factchecks/2025/nov/20/robert-f-kennedy-jr/medical-science-research-grant-funding-cuts-RFK/
Donald Trump,"November 16, 2025","Stock prices for health insurance companies are “up over 1,000% over a short period of time.”",half-true,remarks to reporters,Health Care,Louis Jacobson,"November 19, 2025",https://www.politifact.com/factchecks/2025/nov/19/donald-trump/health-insurance-company-stock-price-1000-percent/
Darren Soto,"October 13, 2025",Florida will be the “hardest hit” state in the country if enhanced Affordable Care Act subsidies expire.,mostly-true,X post,Health Care; Florida,Samantha Putterman,"October 20, 2025",https://www.politifact.com/factchecks/2025/oct/20/darren-soto/florida-aca-cost-increase-uninsured-highest/
Mike Johnson,"October 5, 2025","“As a condition for ending the Democrat shutdown, Democrats want hospitals (to be) paid MORE to treat illegal aliens than American citizens.”",false,X post,Immigration; National; Health Care,Maria Ramirez Uribe,"October 9, 2025",https://www.politifact.com/factchecks/2025/oct/09/mike-johnson/Shutdown-Medicaid-illegal-immigrants-Democrats/
Rick Scott,"October 2, 2025",Democrats shut down the government because they want “health care for illegal aliens and funding for free abortions.”,false,X post,Abortion; Federal Budget; Health Care; Florida,Samantha Putterman,"October 8, 2025",https://www.politifact.com/factchecks/2025/oct/08/rick-scott/democrats-shutdown-immigrants-health-abortion-aca/
X posts,"September 19, 2025","Thirty percent of U.S. medical residents are international medical graduates, and 10,000 of 43,000 residency spots are filled by H-1B visa holders.",half-true,X post,Immigration; National; Economy; Health Care; Labor,Maria Briceño,"October 2, 2025",https://www.politifact.com/factchecks/2025/oct/02/tweets/H-1B-visas-medical-residents-us-100000/
JD Vance,"September 28, 2025",“Democrats are threatening to shut down the entire government because they want to give hundreds of billions of dollars of health care benefits to illegal aliens.”,false,interview,Immigration; National; Health Care,Maria Ramirez Uribe,"October 1, 2025",https://www.politifact.com/factchecks/2025/oct/01/jd-vance/government-shutdown-Democrats-immigrant-healthcare/
Amy Klobuchar,"September 28, 2025","People with insurance through the Affordable Care Act will see a “75% increase in premiums starting Nov. 1” if enhanced subsidies are not extended, including “twice as much in the rural areas.”",mostly-true,"interview on CBS' ""Face the Nation""",Federal Budget; Health Care,Louis Jacobson,"September 30, 2025",https://www.politifact.com/factchecks/2025/sep/30/amy-klobuchar/expiring-aca-subsidies-rural-areas-double/
Donald Trump,"September 22, 2025",“There's no downside” to avoiding Tylenol or acetaminophen use while pregnant.,pants-fire,press conference,Autism; Families; Health Care; Women,Madison Czopek,"September 23, 2025",https://www.politifact.com/factchecks/2025/sep/23/donald-trump/president-donald-trump-said-theres-no-downside-to/
Katherine Clark,"September 12, 2025",“Republicans are spiking health insurance premiums by 75% for everyday Americans” if they don’t extend enhanced Affordable Care Act subsidies.,mostly-true,post on X,Corrections and Updates; Federal Budget; Health Care,Louis Jacobson,"September 17, 2025",https://www.politifact.com/factchecks/2025/sep/17/katherine-clark/aca-enhanced-subsidies-renewal-government-shutdown/
X posts,"August 16, 2025",“North Carolina has just approved a law permitting foreign doctors to practice without completing U.S. training or licensing exams.”,mostly-false,X post,Health Care; North Carolina,Paul Specht,"September 16, 2025",https://www.politifact.com/factchecks/2025/sep/16/tweets/does-new-north-carolina-law-allow-doctors-to-pract/
Robert F. Kennedy Jr.,"September 4, 2025",“Everybody can get” the COVID-19 vaccine.,mostly-false,Senate Finance Committee hearing,Health Care; Public Health; Coronavirus,Grace Abels,"September 4, 2025",https://www.politifact.com/factchecks/2025/sep/04/robert-f-kennedy-jr/robert-f-kennedy-jr-said-everybody-can-get-the-cov/
TikTok posts,"July 19, 2025",“The White House just announced that Trump only has four days left” because of his chronic venous insufficiency.,pants-fire,post on TikTok,National; Health Care,Madison Czopek,"July 21, 2025",https://www.politifact.com/factchecks/2025/jul/21/tiktok-posts/4-days-left-tiktoks-exaggerate-the-danger-of-presi/
Kevin Hassett,"July 6, 2025","A Congressional Budget Office estimate of people who stand to lose insurance from President Donald Trump’s tax and spending law said “about 5 million … have other insurance,” so “if they lose one (type of coverage), they're still insured.”",mostly-false,"interview with CBS News' ""Face the Nation""",Economy; Health Care; Medicaid,Louis Jacobson,"July 11, 2025",https://www.politifact.com/factchecks/2025/jul/11/kevin-hassett/medicaid-cuts-five-million-double-coverage/
John Thune,"May 30, 2025","“A lot of times, health care comes with a job.”",half-true,interview with KOTA,Health Care; Health Check,Arielle Zionts,"June 27, 2025",https://www.politifact.com/factchecks/2025/jun/27/john-thune/thune-says-health-care-often-comes-with-a-job-the/
Rick Scott,"June 8, 2025","Four million more people live in Florida, but New York gets $20 billion more for Medicaid, because it covers illegal immigrants and adults without chronic illness.",mostly-false,television interview,Immigration; Health Care; Medicaid; State Budget; Florida; New York,Jill Terreri Ramos,"June 22, 2025",https://www.politifact.com/factchecks/2025/jun/22/rick-scott/federal-funds-are-not-used-to-enroll-undocumented/
Donald Trump,"May 20, 2025","In the House bill, “we’re not changing Medicaid,” only cutting “waste, fraud and abuse.”",false,remarks to reporters,Congress; Federal Budget; Health Care; Medicaid,Louis Jacobson,"May 22, 2025",https://www.politifact.com/factchecks/2025/may/22/donald-trump/medicaid-waste-fraud-abuse-changes/
Robert F. Kennedy Jr.,"May 14, 2025","It’s “all true” that the measles vaccine wanes quickly, was never fully safety tested and contains fetal debris.",false,Senate testimony,Health Care; Public Health; Science; Health Check,Madison Czopek,"May 16, 2025",https://www.politifact.com/factchecks/2025/may/16/robert-f-kennedy-jr/measles-vaccine-safety-testing-immunity-fetal-debr/
Bernie Sanders,"May 12, 2025","“Republicans just unveiled their ‘big, beautiful bill,’ which will take Medicaid & health insurance away from 13.7 million Americans.”",half-true,post on X,Corrections and Updates; Health Care; Medicaid,Louis Jacobson,"May 16, 2025",https://www.politifact.com/factchecks/2025/may/16/bernie-sanders/medicaid-cut-house-republicans-trump/
Donald Trump,"May 11, 2025","Under a new executive order, prescription drug prices will be reduced “almost immediately.”",mostly-false,Truth Social post,Health Care,Louis Jacobson,"May 14, 2025",https://www.politifact.com/factchecks/2025/may/14/donald-trump/prescription-drug-price-cut-executive-order/
Nick LaLota,"March 4, 2025","“On Feb. 25, I voted yes on a budget resolution that protects Social Security, Medicare, and Medicaid while cutting some spending elsewhere.""",false,video message to constituents,Health Care; Medicaid; Health Check,Julie Appleby,"March 25, 2025",https://www.politifact.com/factchecks/2025/mar/25/nick-lalota/lalota-says-he-was-voting-to-protect-medicaid-othe/
Ro Khanna,"February 20, 2025",“Breaking news: The Trump administration just announced that Medicare will stop covering telehealth starting April 1. … We need to stand up to these Medicare cuts.”,half-true,TikTok video,Health Care; Medicare; Health Check,Suz Redfearn,"March 18, 2025",https://www.politifact.com/factchecks/2025/mar/18/ro-khanna/congressman-blames-trump-team-for-ending-telehealt/
A Better Wisconsin Together,"February 24, 2025",“71 out of 72 Wisconsin counties filed lawsuits against Purdue Pharma. Brad Schimel refused to join them.”,half-true,Social media ads,National; Health Care; Legal Issues; Wisconsin,Hope Karnopp,"March 11, 2025",https://www.politifact.com/factchecks/2025/mar/11/better-wisconsin-together/did-court-candidate-schimel-not-join-71-wisconsin/
Facebook posts,"February 19, 2025","A measles outbreak in Gaines County, Texas, was caused by “a public health initiative” to “distribute free measles vaccines.”",false,Facebook post,Health Care; Public Health; Facebook Fact-checks; Texas,Loreben Tuquero,"February 28, 2025",https://www.politifact.com/factchecks/2025/feb/28/facebook-posts/no-a-vaccine-campaign-did-not-cause-the-gaines-cou/
Ron Johnson,"November 17, 2024",“There's never been a placebo-controlled study on childhood vaccines.”,false,TV interview,National; Children; Drugs; Health Care; Public Health; Wisconsin,Madeline Heim,"January 2, 2025",https://www.politifact.com/factchecks/2025/jan/02/ron-johnson/yes-there-have-been-placebo-controlled-studies-on/
Facebook posts,"December 10, 2024","“The true nature of cancer is a parasite, hence why, Ivermectin, in conjunction with mebendazole, and (fenbendazole) is so effective.”",false,Facebook post,Health Care; Facebook Fact-checks; Coronavirus,Caleb McCullough,"December 30, 2024",https://www.politifact.com/factchecks/2024/dec/30/facebook-posts/no-cancer-is-not-a-parasite-and-ivermectin-cant-cu/
Instagram posts,"December 2, 2024",“New $40K AIDS cure is nearly 100% effective and requires two shots yearly.”,false,Instagram post,Health Care; Facebook Fact-checks,Marta Campabadal Graus,"December 11, 2024",https://www.politifact.com/factchecks/2024/dec/11/instagram-posts/this-drug-helps-manage-infections-and-prevent-aids/
Social Media,"December 7, 2024","“Brian Thompson, the CEO of UnitedHealthcare, was set to testify against Nancy Pelosi for insider trading.”",false,posts,Congress; Health Care; Facebook Fact-checks,Loreben Tuquero,"December 10, 2024",https://www.politifact.com/factchecks/2024/dec/10/social-media/no-proof-unitedhealthcare-ceo-was-set-to-testify-a/
Threads posts,"December 9, 2024","Elon Musk criticized the UnitedHealthcare CEO shooter on X, saying, “It’s disgusting how everyone is turning this guy into some kind of folk hero.”",false,Threads post,Fake news; Health Care; Crime,Sofia Ahmed,"December 10, 2024",https://www.politifact.com/factchecks/2024/dec/10/threads-posts/no-elon-musk-didnt-say-he-was-disgusted-about-ever/
Social Media,"December 6, 2024",UnitedHealthcare posted a job opening for a CEO 24 hours after its CEO was killed.,false,social media posts,Economy; Fake news; Health Care; Jobs,Sofia Ahmed,"December 9, 2024",https://www.politifact.com/factchecks/2024/dec/09/social-media/unitedhealthcare-did-not-advertise-for-a-new-ceo-a/
Threads posts,"November 6, 2024",“Abortion is never medically necessary in the last trimester. Literally never. They just do a C-section.”,false,Threads post,Abortion; Health Care; Women,Samantha Putterman,"November 11, 2024",https://www.politifact.com/factchecks/2024/nov/11/threads-posts/abortion-never-medically-necessary-late-in-pregnan/
Donald Trump,"October 31, 2024",“I never mentioned” wanting to end the Affordable Care Act.,pants-fire,social media post,Health Care,Louis Jacobson,"November 2, 2024",https://www.politifact.com/factchecks/2024/nov/02/donald-trump/donald-trumps-pants-on-fire-claim-that-he-never-me/
Kamala Harris,"October 29, 2024",Former President Donald Trump would “force states to monitor women's pregnancies.”,false,speech,Abortion; Health Care,Louis Jacobson,"November 1, 2024",https://www.politifact.com/factchecks/2024/nov/01/kamala-harris/kamala-harris-wrong-that-donald-trump-would-force/
Donald Trump,"August 30, 2024","""Right to Try"" experimental drug program saved ""thousands and thousands of lives.""",false,campaign speech,Elections; Health Care; Health Check,Jacob Gardenswartz,"October 31, 2024",https://www.politifact.com/factchecks/2024/oct/31/donald-trump/no-evidence-trumps-experimental-drug-program-for-t/
Kamala Harris,"September 27, 2024",Former President Donald Trump wants to take away the Affordable Care Act.,half-true,campaign ad,National; Health Care; Public Health; Ad Watch,Marta Campabadal Graus,"October 24, 2024",https://www.politifact.com/factchecks/2024/oct/24/kamala-harris/ad-watch-does-donald-trump-want-to-terminate-the-a/
JD Vance,"September 17, 2024",“We're bankrupting a lot of hospitals by forcing these hospitals  to provide care for people who don't have the legal right to be in our country.”,false,comments made at a campaign rally,Health Care; Public Health; Health Check,Sam Whitehead,"October 23, 2024",https://www.politifact.com/factchecks/2024/oct/23/jd-vance/vance-wrongly-blames-rural-hospital-closures-on-im/
Eric Hovde,"September 16, 2024","Says opponent Sen. Tammy Baldwin “gave our taxpayer money to a transgender-affirming clinic … that does it without even telling parents.""",false,Radio interview,Children; Families; Health Care; LGBTQ; Wisconsin,Madeline Heim,"October 3, 2024",https://www.politifact.com/factchecks/2024/oct/03/eric-hovde/no-wisconsin-sen-baldwin-did-not-give-federal-mone/
Tim Sheehy,"September 27, 2024","U.S. Sen. Jon Tester “voted to give taxpayer-funded health care to illegal immigrants.""",false,ad,Immigration; Health Care; 2024 Senate Elections,Louis Jacobson,"September 30, 2024",https://www.politifact.com/factchecks/2024/sep/30/tim-sheehy/in-montana-senate-race-tim-sheehy-airs-inaccurate/
Kamala Harris,"September 10, 2024",“Donald Trump said he was going to allow Medicare to negotiate drug prices. He never did. We did.”,true,ABC News presidential debate,Corrections and Updates; Health Care; Health Check,Jacob Gardenswartz,"September 30, 2024",https://www.politifact.com/factchecks/2024/sep/30/kamala-harris/trump-never-managed-to-implement-rx-drug-price-neg/
JD Vance,"September 10, 2024","“Communicable diseases like HIV and TB (tuberculosis) have skyrocketed” after Haitian migrants came to Springfield, Ohio.",mostly-false,interview,Immigration; Health Care; Public Health,Maria Ramirez Uribe,"September 26, 2024",https://www.politifact.com/factchecks/2024/sep/26/jd-vance/communicable-disease-rates-in-springfield-ohio-hav/
JD Vance,"September 15, 2024","Former President Donald Trump could have destroyed the Affordable Care Act, but “he chose to build upon (it).""",false,"""Meet the Press"" interview",Health Care; Health Check,Julie Appleby,"September 20, 2024",https://www.politifact.com/factchecks/2024/sep/20/jd-vance/vance-misleads-trump-tried-to-take-the-aca-down-no/
Jon Tester,"September 6, 2024",“Tim Sheehy told us his health care plan: ‘We need to return health care to pure privatization.’ That would eliminate Medicare.”,mostly-false,Facebook ad,Health Care; Medicare; 2024 Senate Elections,Louis Jacobson,"September 20, 2024",https://www.politifact.com/factchecks/2024/sep/20/jon-tester/in-montana-senate-race-jon-tester-exaggerates-tim/
Kamala Harris,"July 20, 2024",Donald Trump “took away protections against discrimination for LGBTQ patients under the Affordable Care Act.”,mostly-true,remarks at a fundraiser,National; Health Care; LGBTQ,Grace Abels,"September 9, 2024",https://www.politifact.com/factchecks/2024/sep/09/kamala-harris/mostly-true-trump-admin-reversed-lgbtq-protections/
Donald Trump,"August 30, 2024","“The transgender thing is incredible... your kid goes to school and comes home a few days later with an operation. The school decides what’s going to happen with your child.""",pants-fire,interview at a Moms for Liberty Conference,Education; Health Care; LGBTQ,Grace Abels,"September 5, 2024",https://www.politifact.com/factchecks/2024/sep/05/donald-trump/trumps-pants-on-fire-claim-that-schools-are-perfor/
Elizabeth Warren,"August 25, 2024","“JD Vance actually sent a letter last year to the Department of Justice saying, ‘enforce the Comstock Act.’”",true,interview,Abortion; Elections; Health Care; Women,Samantha Putterman,"August 30, 2024",https://www.politifact.com/factchecks/2024/aug/30/elizabeth-warren/jd-vance-joined-republican-letter-urging-doj-to-en/
Donald Trump,"July 26, 2024",Kamala Harris “wants to forcibly compel doctors and nurses against their will to give chemical castration drugs to young children.”,false,remarks at Turning Point USA summit,Health Care; LGBTQ,Grace Abels,"August 29, 2024",https://www.politifact.com/factchecks/2024/aug/29/donald-trump/trumps-false-claim-harris-wants-to-forcibly-compel/
Donald Trump,"July 24, 2024","“Vice President, Kamala Harris cast the tie-breaking vote to cut, as you know, Medicare by $273 billion. She cast a vote to cut Medicare.”",false,speech at a campaign rally,Health Care; Medicare; Health Check,Jacob Gardenswartz,"August 15, 2024",https://www.politifact.com/factchecks/2024/aug/15/donald-trump/haris-did-not-vote-to-cut-medicare-despite-trump-c/
Kamala Harris,"July 30, 2024",Donald Trump “intends to cut” Medicare.,mostly-false,rally,Elections; Health Care; Medicare,Louis Jacobson,"August 7, 2024",https://www.politifact.com/factchecks/2024/aug/07/kamala-harris/kamala-harris-says-donald-trump-intends-to-cut-med/
Tammy Baldwin,"July 23, 2024","Eric Hovde “wants to repeal the Affordable Care Act, and kick millions off their health insurance.”",true,Public appearance,National; Elections; Health Care; Wisconsin; 2024 Senate Elections,Hope Karnopp,"August 7, 2024",https://www.politifact.com/factchecks/2024/aug/07/tammy-baldwin/does-gop-senate-candidate-eric-hovde-want-to-repea/
Donald Trump,"July 24, 2024",Vice President Kamala Harris “endorsed free taxpayer-funded government health care for all illegal aliens.”,mostly-false,speech at a rally,Immigration; Health Care; Public Health; Health Check,Stephanie Armour,"July 31, 2024",https://www.politifact.com/factchecks/2024/jul/31/donald-trump/gop-charge-that-kamala-harris-backed-taxpayer-fund/
Kamala Harris,"July 18, 2024",Project 2025 calls for restricting “access to IVF and contraception.”,mostly-false,campaign event,National; Health Care; Women,Samantha Putterman,"July 24, 2024",https://www.politifact.com/factchecks/2024/jul/24/kamala-harris/fact-checking-kamala-harris-on-project-2025-limiti/
Instagram posts,"July 10, 2024",Switzerland banned mammograms.,false,Instagram post,Health Care; Women; Health Check; Facebook Fact-checks,Mia Penner,"July 16, 2024",https://www.politifact.com/factchecks/2024/jul/16/instagram-posts/no-switzerland-didnt-ban-mammograms/
Donald Trump,"June 8, 2024","Lower insulin prices were the work of the Trump administration, not “Crooked Joe Biden. He had NOTHING to do with it.”",false,Truth Social post,Health Care; Health Check,Jacob Gardenswartz,"July 12, 2024",https://www.politifact.com/factchecks/2024/jul/12/donald-trump/trump-wrong-in-claiming-full-credit-for-lowering-i/
Kamala Harris,"July 6, 2024","Black women in the U.S. are “three to four times more likely to die in connection with childbirth than other women.""",true,moderated conversation,National; Health Care; Women,Samantha Putterman,"July 11, 2024",https://www.politifact.com/factchecks/2024/jul/11/kamala-harris/kamala-harris-is-right-black-women-in-the-us-have/
Threads posts,"July 27, 2024",C-sections are coded as abortions in hospitals.,false,Threads post,Abortion; Health Care; Women,Samantha Putterman,"July 5, 2024",https://www.politifact.com/factchecks/2024/jul/05/threads-posts/no-c-sections-are-not-coded-as-abortions-in-hospit/
Democratic Legislative Campaign Committee,"June 5, 2024",Republican legislatures “have targeted birth control” and in Wisconsin “refused to schedule a vote on a bill that would have codified a right to birth control.”,half-true,News release,Health Care; Legal Issues; Women; Wisconsin,Hope Karnopp,"June 14, 2024",https://www.politifact.com/factchecks/2024/jun/14/democratic-legislative-campaign-committee/did-wisconsin-republicans-target-birth-control-and/
Joe Biden,"May 8, 2024","If the Affordable Care Act were terminated, “that would mean over a hundred million Americans will lose protections for preexisting conditions.”",mostly-true,Biden for President campaign ad,Health Care; Health Check,Jacob Gardenswartz,"June 12, 2024",https://www.politifact.com/factchecks/2024/jun/12/joe-biden/biden-mostly-right-on-how-obamacare-repeal-would-a/
Joe Biden,"May 19, 2024",Donald Trump wants to terminate the Affordable Care Act.,half-true,speech,National; Health Care; Public Health,Samantha Putterman,"June 3, 2024",https://www.politifact.com/factchecks/2024/jun/03/joe-biden/does-trump-want-to-repeal-the-aca-as-biden-says-tr/
Ron Johnson,"April 15, 2024","""Every Senate Democrat has voted to support unlimited abortions up to the moment of birth.”",false,Podcast,Abortion; Health Care; Legal Issues; Women; Wisconsin,D.L. Davis,"May 17, 2024",https://www.politifact.com/factchecks/2024/may/17/ron-johnson/johnson-falls-short-with-claim-on-democrats-backin/
Tammy Baldwin,"May 5, 2024","“When I worked on the Affordable Care Act, I wrote the amendment that allows all young people to stay on their parents’ health insurance until they turn 26. Overnight, millions of young Americans got health care.”",mostly-true,"X, formerly Twitter",National; Children; Health Care; Public Health; Wisconsin,Madeline Heim,"May 17, 2024",https://www.politifact.com/factchecks/2024/may/17/tammy-baldwin/yes-millions-of-young-americans-got-health-care-be/
Facebook posts,"May 11, 2024",“They are hiding the fact that Barbara O’Neill’s cousin was sentenced to life in prison for revealing these gatekept health secrets.”,false,video,Health Care; Facebook Fact-checks; Artificial intelligence,Kwasi Gyamfi Asiedu,"May 16, 2024",https://www.politifact.com/factchecks/2024/may/16/facebook-posts/no-proof-barbara-oneills-cousin-was-sentenced-to-l/
Paul Renner,"April 4, 2024","For health risk exceptions in Florida’s abortion amendment, “You're not even talking to a doctor to make that determination.”",false,interview,Abortion; Florida Amendments; Health Care; Florida,Maria Briceño,"May 10, 2024",https://www.politifact.com/factchecks/2024/may/10/paul-renner/florida-abortion-amendment-wouldnt-let-tattoo-arti/
Joe Biden,"May 1, 2024",Former President Donald Trump told Time magazine that “states should monitor women’s pregnancies and prosecute those who violate abortion bans.”,mostly-false,campaign event,Abortion; Health Care; Women,Samantha Putterman,"May 3, 2024",https://www.politifact.com/factchecks/2024/may/03/joe-biden/joe-bidens-misleading-version-of-what-trump-told-t/
Greg Steube,"April 14, 2024","Immigrants in the country illegally cost “Florida taxpayers $566 million for 54,000 hospital visits.”",mostly-false,X post,Immigration; Health Care; Florida,Maria Ramirez Uribe,"May 2, 2024",https://www.politifact.com/factchecks/2024/may/02/greg-steube/did-the-health-care-of-immigrants-illegally-in-the/
Kamala Harris,"May 1, 2024","In his Time magazine interview, Donald Trump “said states have the right to monitor pregnant women to enforce these bans, and states have the right to punish pregnant women for seeking out abortion care.”",mostly-true,speech,Abortion; National; Health Care; Florida,Louis Jacobson,"May 2, 2024",https://www.politifact.com/factchecks/2024/may/02/kamala-harris/did-trump-say-states-have-the-right-to-monitor-pun/
Ron DeSantis,"April 23, 2024","Florida’s Amendment 4 ""will mandate abortion until the moment of birth.”",false,news conference,Abortion; Florida Amendments; Health Care; Florida,Samantha Putterman,"April 30, 2024",https://www.politifact.com/factchecks/2024/apr/30/ron-desantis/no-a-florida-ballot-measure-wouldnt-mandate-aborti/
Facebook posts,"April 21, 2024",Megyn Kelly promoted the “exotic coffee method” for weight loss on “Megyn Kelly Today.”,false,Facebook post,Fake news; Health Care; Facebook Fact-checks,Sofia Ahmed,"April 25, 2024",https://www.politifact.com/factchecks/2024/apr/25/facebook-posts/altered-video-appears-to-show-megyn-kelly-promotin/
Facebook posts,"April 9, 2024",Dr. Mehmet Oz promoted a weight loss supplement that can be added to coffee.,pants-fire,Facebook post,Health Care; Facebook Fact-checks,Sofia Ahmed,"April 25, 2024",https://www.politifact.com/factchecks/2024/apr/25/facebook-posts/altered-video-shows-dr-oz-promoting-a-coffee-weigh/
Joe Biden,"April 9, 2024","Starting in 2025 ""no matter what your total bills are for prescription drugs,” Medicare Part D users will never pay “more than $2,000 a year, because some of these cancer drugs are 10(,000 to) 15,000 bucks a year.”",mostly-true,interview with Univision,National; Health Care; Medicare,Amy Sherman,"April 18, 2024",https://www.politifact.com/factchecks/2024/apr/18/joe-biden/bidens-statement-about-capping-prescription-costs/
Facebook posts,"April 6, 2024",Tennessee has become the first state in the U.S. to ban Bill Gates’ mRNA from being pumped into the food supply.,false,Facebook post,Tennessee; Drugs; Fake news; Food; Food Safety; Health Care; Facebook Fact-checks,Sofia Ahmed,"April 11, 2024",https://www.politifact.com/factchecks/2024/apr/11/facebook-posts/a-tennessee-bill-doesnt-ban-vaccines-from-being-pu/
Joe Biden,"March 19, 2024","Insulin for Medicare beneficiaries ""was costing 400 bucks a month on average. It now costs $35 a month.""",half-true,speech,National; Health Care; Medicare,Samantha Putterman,"April 2, 2024",https://www.politifact.com/factchecks/2024/apr/02/joe-biden/biden-is-right-about-35-insulin-cap-but-exaggerate/
Facebook posts,"March 22, 2024",There was an “attempt on the life” of Dr. Oz after he shared a blood pressure treatment.,false,Facebook posts,Consumer Safety; Fake news; Health Care; Facebook Fact-checks,Sofia Ahmed,"March 29, 2024",https://www.politifact.com/factchecks/2024/mar/29/facebook-posts/dr-oz-wasnt-attacked-on-tv-for-talking-about-a-new/
Joe Biden,"March 7, 2024",“We cut the federal deficit by $160 billion because Medicare will no longer have to pay those exorbitant prices to Big Pharma.”,half-true,his State of the Union address,National; Economy; Health Care; Medicare,Amy Sherman,"March 11, 2024",https://www.politifact.com/factchecks/2024/mar/11/joe-biden/biden-said-medicare-drug-price-negotiations-cut-th/
Amanda Nedweski,"January 22, 2024","""We have technology and medical advancements today that can tell you if you are pregnant the day after conception.""",false,Wisconsin Assembly,Health Care; Women; Wisconsin,Madeline Heim,"March 8, 2024",https://www.politifact.com/factchecks/2024/mar/08/amanda-nedweski/no-you-cant-tell-if-youre-pregnant-the-day-after-c/
Joe Biden,"February 22, 2024","If you went “anywhere in the world,” you could get a prescription filled for 40% to 60% less than it costs in the U.S.",mostly-true,a campaign reception,National; Health Care; Public Health,Samantha Putterman,"March 4, 2024",https://www.politifact.com/factchecks/2024/mar/04/joe-biden/for-the-most-part-the-us-pays-double-for-prescript/
Instagram posts,"February 22, 2024",“Study reveals Bill Gates’ Fake Meat causes ‘turbo cancers’ in humans.”,false,post on Instagram,Food; Health Care; Science; Health Check,Madison Czopek,"February 28, 2024",https://www.politifact.com/factchecks/2024/feb/28/instagram-posts/no-proof-a-study-found-lab-grown-meat-funded-by-bi/
Tammy Baldwin,"February 1, 2024",“Big drug companies charge as little as $7 for an inhaler overseas and nearly $500 for the exact same one here in the US.”,mostly-true,Facebook post,National; Drugs; Health Care; Medicare; Public Health; Wisconsin,D.L. Davis,"February 23, 2024",https://www.politifact.com/factchecks/2024/feb/23/tammy-baldwin/yes-the-price-of-an-inhaler-in-the-us-is-massively/
Instagram posts,"February 11, 2024","If a woman in Texas takes “abortion pills voluntarily,” she would be “charged with murder.”",false,Instagram post,Abortion; Health Care; Facebook Fact-checks; Texas,Jeff Cercone,"February 14, 2024",https://www.politifact.com/factchecks/2024/feb/14/instagram-posts/women-who-undergo-abortions-including-medication-a/
Robin Vos,"January 7, 2024",“The law in Wisconsin (on abortion time limit) is 20 weeks. That is way outside the international bounds.”,mostly-false,TV interview,Abortion; National; Health Care; Women; Wisconsin,D.L. Davis,"February 9, 2024",https://www.politifact.com/factchecks/2024/feb/09/robin-vos/wisconsins-20-week-limit-on-abortion-access-is-rea/
Kamala Harris,"January 29, 2024",Postpartum Medicaid coverage expanded from three states to 43 states because of the Biden administration.,true,interview with Univision Noticias,Health Care; Medicaid,Marta Campabadal Graus,"February 8, 2024",https://www.politifact.com/factchecks/2024/feb/08/kamala-harris/fact-checking-kamala-harris-did-the-biden-administ/
Instagram posts,"January 31, 2024",The Marburg virus has been implanted into people who were vaccinated and has nanotechnology that can be activated through 5G technology.,pants-fire,Instagram post,Health Care; Facebook Fact-checks; Coronavirus,Sofia Ahmed,"February 1, 2024",https://www.politifact.com/factchecks/2024/feb/01/instagram-posts/no-the-covid-19-vaccine-does-not-contain-a-marburg/
Instagram posts,"January 23, 2024",Oat milk “raises your blood sugar as much as drinking a Coke.”,false,Instagram post,Food; Health Care; Facebook Fact-checks,Sofia Ahmed,"January 31, 2024",https://www.politifact.com/factchecks/2024/jan/31/instagram-posts/no-oat-milk-does-not-raise-blood-sugar-as-fast-as/
Instagram posts,"January 16, 2024",Vaccines that are routinely given to children contain unsafe amounts of aluminum.,false,TikTok post,Children; Health Care; Facebook Fact-checks,Sofia Ahmed,"January 19, 2024",https://www.politifact.com/factchecks/2024/jan/19/instagram-posts/no-vaccines-do-not-contain-unsafe-amounts-of-alumi/
Facebook posts,"January 10, 2024","CNN reported that Dr. Ben Carson has discovered a natural cure for headaches, cholesterol levels and blood pressure symptoms.",false,image on Facebook,Health Care; Facebook Fact-checks,Katelyn Ferral,"January 12, 2024",https://www.politifact.com/factchecks/2024/jan/12/facebook-posts/this-cnn-headline-about-dr-ben-carson-is-fabricate/
Facebook posts,"January 4, 2024","A juice of carrots, cucumbers and garlic will ""restore perfect vision in seven days.”",false,reel on Facebook,Food; Health Care; Facebook Fact-checks,Katelyn Ferral,"January 12, 2024",https://www.politifact.com/factchecks/2024/jan/12/facebook-posts/no-this-cucumber-juice-recipe-wont-restore-vision/
Jill Billings,"November 14, 2023","“With school-based professional social workers, the recommendation is 400-to-1, and in Wisconsin, we’re almost triple that.”",true,Assembly floor speech,Children; Health Care; Public Health; Wisconsin,Tyler Katzenberger,"December 13, 2023",https://www.politifact.com/factchecks/2023/dec/13/jill-billings/is-it-true-wisconsin-youth-to-school-social-worker/
TikTok posts,"November 30, 2023",“Mysterious pneumonia” from China is now in Ohio.,false,TikTok video,Children; Health Care; Public Health,Jeff Cercone,"December 8, 2023",https://www.politifact.com/factchecks/2023/dec/08/tiktok-posts/no-mystery-about-or-link-between-pediatric-pneumon/
Instagram posts,"November 25, 2023","""You’re in danger” because the American Red Cross doesn’t label blood donations from donors vaccinated against COVID-19.",false,Instagram post,Health Care; Public Health; Facebook Fact-checks; Coronavirus,Jeff Cercone,"November 28, 2023",https://www.politifact.com/factchecks/2023/nov/28/instagram-posts/no-covid-19-vaccinated-blood-poses-no-risk-health/
Instagram posts,"November 10, 2023",Rise in U.S. infant mortality rate connected to COVID-19 vaccines.,false,Instagram post,Health Care; Public Health; Facebook Fact-checks; Coronavirus,Jeff Cercone,"November 15, 2023",https://www.politifact.com/factchecks/2023/nov/15/instagram-posts/infant-mortality-rates-up-for-first-time-in-20-yea/
Robin Vos,"October 12, 2023",“Kids who don’t even know what day it is or their colors can decide to permanently change themselves” through medical gender transition.,false,Assembly floor speech,Children; Health Care; LGBTQ; Wisconsin,Tyler Katzenberger,"November 15, 2023",https://www.politifact.com/factchecks/2023/nov/15/robin-vos/wis-lawmakers-claim-claim-that-young-children-can/
Protect Women Ohio,"October 30, 2023",Ohio’s Issue 1 “allows for abortion after viability for…financial reasons.”,false,video,Abortion; Ohio; Health Care; Legal Issues; Facebook Fact-checks,Grace Abels,"November 3, 2023",https://www.politifact.com/factchecks/2023/nov/03/protect-women-ohio/no-evidence-that-ohios-issue-1-would-allow-for-lat/
Vivek Ramaswamy,"October 13, 2023","""95% of over-the-counter pharmaceuticals"" in the U.S. come from China.",false,speech at the First,New Hampshire; China; Health Care; Public Health; Trade,Louis Jacobson,"October 26, 2023",https://www.politifact.com/factchecks/2023/oct/26/vivek-ramaswamy/vivek-ramaswamy-offers-dubious-figure-for-chin/
Opportunity Wisconsin,"September 14, 2023","""The repeal of Roe v. Wade has exacerbated the state’s OB-GYN shortage as residency programs report a decline in enrollment due to the inability of residents to receive training in-state.""",half-true,News release,Abortion; Health Care; Women; Wisconsin,Madeline Heim,"October 25, 2023",https://www.politifact.com/factchecks/2023/oct/25/opportunity-wisconsin/wisconsins-abortion-restrictions-may-have-role-in/
Gwen Moore,"August 23, 2023","Thanks to negotiating drug prices ""our seniors, instead of paying $500 a month for drugs, are paying no more than 35 cents.""",false,Public appearance,Health Care; Medicare; Social Security; Wisconsin,Ricardo Torres,"October 9, 2023",https://www.politifact.com/factchecks/2023/oct/09/gwen-moore/moores-claim-seniors-are-paying-no-more-than-35-ce/
Nikki Haley,"September 22, 2023","Joe Biden ""put 20 million people on Medicaid who aren’t even eligible, then stopped states from taking them off.""",false,speech,National; Families; Health Care; Medicaid,Samantha Putterman,"October 6, 2023",https://www.politifact.com/factchecks/2023/oct/06/nikki-haley/nikki-haleys-claim-that-joe-biden-added-20-million/
Instagram posts,"October 2, 2023","Flu shot ingredients include aborted human cell cultures, monkey kidney cells and antifreeze.",false,Instagram post,Health Care; Public Health; Facebook Fact-checks,Jeff Cercone,"October 6, 2023",https://www.politifact.com/factchecks/2023/oct/06/instagram-posts/social-media-post-misleads-about-flu-vaccine-ingre/
Donald Trump,"July 24, 2023","“Under ‘Crooked Joe’ Biden, there has been a catastrophic increase in shortages of essential medicines.”",false,campaign video,Health Care; Health Check,Michelle Andrews,"October 2, 2023",https://www.politifact.com/factchecks/2023/oct/02/donald-trump/trump-misplaced-blame-when-he-said-drug-shortages/
Instagram posts,"August 23, 2023","“Norway, Finland, Sweden, Holland, and the UK have now banned gender transition surgery for minors.”",mostly-false,social media post,Health Care; Foreign Policy; LGBTQ,Grace Abels,"September 6, 2023",https://www.politifact.com/factchecks/2023/sep/06/instagram-posts/gender-affirming-surgery-is-not-banned-for-minors/
Joe Biden,"August 29, 2023","“According to the Congressional Budget Office,” the Inflation Reduction Act “will save the federal government $160 billion over the next 10 years because Medicare will be paying less for the prescription drugs they’re making available to seniors.”",mostly-true,speech at the White House,Deficit; Federal Budget; Health Care; Medicare,Louis Jacobson,"August 31, 2023",https://www.politifact.com/factchecks/2023/aug/31/joe-biden/is-joe-biden-right-that-new-medicare-drug-law-will/
Citizens Against Government Waste,"August 7, 2023",A bill sponsored by U.S. Sen. Bernie Sanders would “increase government control” of pharmacy benefit managers and is a “radical health care takeover.”,mostly-false,political ad,Health Care; North Carolina,Paul Specht,"August 11, 2023",https://www.politifact.com/factchecks/2023/aug/11/citizens-against-government-waste/tv-ad-targeting-us-sen-ted-budd-misleads-north-car/
Facebook posts,"July 26, 2023","Doctors in the Netherlands “ordered” to euthanize “citizens with autism and other minor disabilities, even if the patient does not currently express any desire to die.""",false,Facebook post,Health Care; Facebook Fact-checks,Jeff Cercone,"July 28, 2023",https://www.politifact.com/factchecks/2023/jul/28/facebook-posts/facebook-video-distorts-netherlands-euthanasia-law/
Bernie Sanders,"July 19, 2023",“Tens of millions of Americans live in communities where they cannot find a doctor while others have to wait months to be seen.”,mostly-true,press release.,Health Care; Public Health; Health Check,Michelle Andrews,"July 28, 2023",https://www.politifact.com/factchecks/2023/jul/28/bernie-sanders/sen-bernie-sanders-says-millions-of-people-cant-fi/
David Wolfe,"July 11, 2023",“Stop getting mammograms immediately as they are outdated and dangerous!” Thermography “is a safer way to test for breast cancer!”,false,Facebook post,Health Care; Women; Health Check; Facebook Fact-checks,Madison Czopek,"July 17, 2023",https://www.politifact.com/factchecks/2023/jul/17/david-wolfe/experts-medical-groups-still-recommend-mammograms/
Instagram posts,"June 6, 2023",“Pfizer funneled $12 million to CNN anchor Anderson Cooper as part of a deal to promote mRNA COVID jabs to the American public.”,false,screenshot on Instagram,Health Care; Facebook Fact-checks; Coronavirus,Andy Nguyen,"June 16, 2023",https://www.politifact.com/factchecks/2023/jun/16/instagram-posts/no-pfizer-is-not-paying-anderson-cooper-12-million/
Ron Johnson,"April 24, 2023",The COVID vaccine “has been proven to have negative efficacy.”,false,Public appearance,Health Care; Public Health; Coronavirus; Wisconsin,Madeline Heim,"June 7, 2023",https://www.politifact.com/factchecks/2023/jun/07/ron-johnson/no-the-covid-vaccine-has-not-been-proven-to-have-n/
Al Franken,"May 17, 2023","""Americans will get $1.1 B in rebates from health insurance companies this year cuz of a provision I wrote in the ACA.”",mostly-true,tweet,Health Care; Health Check,Julie Appleby,"June 5, 2023",https://www.politifact.com/factchecks/2023/jun/05/al-franken/a-windfall-in-health-insurance-rebates-its-not-as/
Kelda Helen Roys,"April 26, 2023","Infertility is treated differently than other issues and ""often excluded from insurance coverage""",true,Twitter,National; Children; Families; Health Care; Wisconsin,D.L. Davis,"May 26, 2023",https://www.politifact.com/factchecks/2023/may/26/kelda-helen-roys/its-true-infertility-treatment-is-often-excluded-f/
Bernie Sanders,"April 30, 2023","""We pay by far the highest prices in the world for prescription drugs, in some cases 10 times more than the people of any other country.""",half-true,interview on CNN’s “State of the Union”,Drugs; Health Care; Public Health; Health Check,Michelle Andrews,"May 18, 2023",https://www.politifact.com/factchecks/2023/may/18/bernie-sanders/are-us-prescription-drug-prices-10-times-higher-th/
Mike Bost,"April 26, 2023","Addressing the impact of the House GOP debt-ceiling bill on veterans’ programs, ""I'm dead serious that we're not cutting veterans, and I mean it.""",mostly-false,House floor speech,Health Care; Veterans,Michael McAulliff,"May 9, 2023",https://www.politifact.com/factchecks/2023/may/09/mike-bost/republicans-vow-not-to-cut-veterans-benefits-but-t/
Mike Pence,"April 14, 2023","""In the 1960s, liberals emptied our psych wards.""",half-true,speech to the National Rifle Association,Health Care; Public Health; Guns,Louis Jacobson,"April 20, 2023",https://www.politifact.com/factchecks/2023/apr/20/mike-pence/mike-pence-said-liberals-emptied-mental-hospitals/
X posts,"April 18, 2023",Missouri’s attorney general has a website “where people can report trans individuals and the people who help them.”,mostly-true,Tweet,Corrections and Updates; Health Care; Legal Issues; LGBTQ; Missouri; Facebook Fact-checks,Grace Abels,"April 20, 2023",https://www.politifact.com/factchecks/2023/apr/20/tweets/yes-missouri-attorney-general-has-a-website-for-re/
National Republican Senatorial Committee,"February 21, 2023",“Tammy Baldwin wants to take away” Medicare and Social Security.,false,YouTube ad,Health Care; Medicare; Social Security; Workers; Wisconsin,Laura Schulte,"March 7, 2023",https://www.politifact.com/factchecks/2023/mar/07/national-republican-senatorial-committee/no-tammy-baldwin-isnt-trying-to-take-away-social-s/
Tom Cotton,"February 6, 2023","""It's President Biden who is proposing to cut Medicare Advantage.""",false,tweet,Health Care; Medicare; Health Check,Madison Czopek,"February 15, 2023",https://www.politifact.com/factchecks/2023/feb/15/tom-cotton/proposed-medicare-advantage-changes-cannot-accurat/
Robin Vos,"January 19, 2023","In Wisconsin, even multimillionaires can be on BadgerCare ""because we don't even ask people what their income level is to qualify for free health care.""",mostly-true,Speech,Health Care; Public Health; Wealth; Wisconsin,Madeline Heim,"February 9, 2023",https://www.politifact.com/factchecks/2023/feb/09/robin-vos/vos-mostly-right-claim-about-multimillionaires-bad/
Facebook posts,"January 9, 2023",President Joe Biden signed an executive order “making health insurance free for qualifying Americans.”,false,Facebook post,Health Care; Facebook Fact-checks,Ciara O'Rourke,"January 27, 2023",https://www.politifact.com/factchecks/2023/jan/27/facebook-posts/empty-promise-on-facebook-dangles-free-health-care/
Facebook posts,"January 18, 2023",“The average American has anywhere from 5 to 15 pounds” of stool stuck in their gut.,false,Facebook post,Health Care; Health Check; Facebook Fact-checks,Madison Czopek,"January 27, 2023",https://www.politifact.com/factchecks/2023/jan/27/facebook-posts/feeling-weighed-down-its-not-because-there-are-5-1/
Instagram posts,"January 9, 2023",“The World Health Organization has been working since 1974 on vaccines to create permanent sterility.”,false,video shared on Instagram,Health Care; Science; Facebook Fact-checks,Madison Czopek,"January 27, 2023",https://www.politifact.com/factchecks/2023/jan/27/instagram-posts/who-researched-vaccines-contraception-not-steriliz/
Instagram posts,"January 1, 2023",“All ‘gender affirming care’ for children is 100% experimental. There are zero long term studies on the effects the drugs and surgeries will have on them.”,mostly-false,image shared on Instagram,Health Care; LGBTQ; Facebook Fact-checks,Madison Czopek,"January 17, 2023",https://www.politifact.com/factchecks/2023/jan/17/instagram-posts/is-all-gender-affirming-care-for-children-experime/
Scott Walker,"January 1, 2023",“Every pro-life Governor up for election in November won – by a large margin.”,mostly-true,Twitter,Abortion; Elections; Health Care; States; Wisconsin,Madeline Heim,"January 13, 2023",https://www.politifact.com/factchecks/2023/jan/13/scott-walker/yes-governors-who-oppose-abortion-did-well-in-midt/
Instagram posts,"December 4, 2022",A “well-crafted garlic salve” can “heal any ailment of the lungs and respiratory system.”,false,video,Health Care; Facebook Fact-checks,Andy Nguyen,"December 16, 2022",https://www.politifact.com/factchecks/2022/dec/16/instagram-posts/no-garlic-salve-cannot-be-used-treat-rsv-croup-or/
Instagram posts,"December 10, 2022",The COVID-19 vaccines were linked to the deaths of 80 Canadian doctors.,false,video on Instagram,Health Care; Science; Coronavirus,Madison Czopek,"December 16, 2022",https://www.politifact.com/factchecks/2022/dec/16/instagram-posts/claims-80-canadian-doctors-died-because-covid-19-v/
Bernie Sanders,"December 11, 2022",“We have 85 million Americans who have no health insurance.”,half-true,interview on CNN,Health Care,Amy Sherman,"December 13, 2022",https://www.politifact.com/factchecks/2022/dec/13/bernie-sanders/bernie-sanders-said-85-million-americans-have-no-h/
Instagram posts,"December 4, 2022","“Since the COVID jabs were rolled out, at least 1.1 million Americans have 'died suddenly.'”",false,post,Health Care; Facebook Fact-checks; Coronavirus,Andy Nguyen,"December 9, 2022",https://www.politifact.com/factchecks/2022/dec/09/instagram-posts/no-11-million-americans-did-not-die-suddenly-becau/
Instagram posts,"December 5, 2022","Canada is ""allowing children to seek out medically assisted death.”",false,video,Health Care; Facebook Fact-checks,Jeff Cercone,"December 7, 2022",https://www.politifact.com/factchecks/2022/dec/07/instagram-posts/canadas-medical-assistance-in-dying-law-does-not-c/
Val Demings,"October 31, 2022","Sen. Marco Rubio ""helped write the law to raise prescription prices.""",mostly-true,campaign ad,Health Care; Medicare; Florida,Yacob Reyes,"November 7, 2022",https://www.politifact.com/factchecks/2022/nov/07/val-demings/val-demings-criticizes-rubios-move-to-repeal-laws/
Instagram posts,"October 19, 2022",The diphtheria vaccine is a “poison dart” with side effects worse than the symptoms of diphtheria.,false,post,Children; Health Care; Facebook Fact-checks,Andy Nguyen,"October 24, 2022",https://www.politifact.com/factchecks/2022/oct/24/instagram-posts/dtap-vaccine-safe-and-effective/
Tony Evers,"October 19, 2022","If a 12-year-old girl became pregnant because of rape or incest, ""Tim Michels would force her to deliver the baby.""",mostly-true,Campaign ad,Abortion; Children; Elections; Health Care; Wisconsin,Madeline Heim,"October 21, 2022",https://www.politifact.com/factchecks/2022/oct/21/tony-evers/evers-campaign-mostly-on-track-about-michels-oppos/
Tucker Carlson,"October 18, 2022","“The CDC is about to add the COVID vaccine to the childhood immunization schedule, which would make the vax mandatory for kids to attend school.”",mostly-false,tweet,Education; Families; Health Care; Public Health; Pundits; Coronavirus,Madison Czopek,"October 20, 2022",https://www.politifact.com/factchecks/2022/oct/20/tucker-carlson/cdc-committees-vote-did-not-make-covid-19-vaccines/
Raphael Warnock,"October 14, 2022",“Black women are 3 to 4 times more likely to die (from maternal mortality) even when they have the insurance and the income.”,mostly-true,debate,Georgia; Health Care; Race and Ethnicity; Public Health; Women,Louis Jacobson,"October 17, 2022",https://www.politifact.com/factchecks/2022/oct/17/raphael-warnock/black-white-disparity-maternal-mortality-big-rapha/
Instagram posts,"October 10, 2022",“Premature babies are at a much higher risk of injury from immunizations than full-term babies.”,false,post,Health Care; Facebook Fact-checks,Andy Nguyen,"October 13, 2022",https://www.politifact.com/factchecks/2022/oct/13/instagram-posts/instagram-post-misrepresents-findings-infant-vacci/
Facebook posts,"September 28, 2022","Parasite cleanses ""kill herpes by starving the parasites in the stomach.""",pants-fire,post,Health Care; Facebook Fact-checks,Andy Nguyen,"October 10, 2022",https://www.politifact.com/factchecks/2022/oct/10/facebook-posts/parasite-cleanses-are-ineffective-and-harmful/
Facebook posts,"September 29, 2022",California’s Senate Bill 107 means “your child can now be taken from your custody if you do not affirm gender-reassignment surgery.”,false,post,Health Care; LGBTQ; California; Facebook Fact-checks,Andy Nguyen,"October 10, 2022",https://www.politifact.com/factchecks/2022/oct/10/facebook-posts/new-california-law-transgender-youths-doesnt-remov/
Restoration PAC,"September 28, 2022","Says Mandela Barnes supports killing “preemies” – “infants born prior to 37 weeks of pregnancy""",pants-fire,Digital ad,Abortion; Elections; Health Care; Wisconsin,Madeline Heim,"October 4, 2022",https://www.politifact.com/factchecks/2022/oct/04/restoration-pac/no-mandela-barnes-doesnt-support-killing-babies-bo/
Facebook posts,"September 6, 2022",Soursop cures cancer.,false,post,Health Care; Facebook Fact-checks,Ciara O'Rourke,"September 27, 2022",https://www.politifact.com/factchecks/2022/sep/27/facebook-posts/fact-checking-claims-tree-fruit-soursop-cures-canc/
Elaine Luria,"September 14, 2022",“Jen Kiggans’ campaign confirmed today that she would support a national abortion ban.”,half-true,tweet.,Abortion; Health Care; Legal Issues; Virginia,Warren Fiske,"September 26, 2022",https://www.politifact.com/factchecks/2022/sep/26/elaine-luria/luria-stretches-kiggans-comment-15-week-us-abortio/
Mandela Barnes,"August 17, 2022",“Ron Johnson just came out in favor of a federal abortion ban.”,mostly-false,Twitter,Abortion; Health Care; Legal Issues; Wisconsin,Laura Schulte,"September 13, 2022",https://www.politifact.com/factchecks/2022/sep/13/mandela-barnes/challenger-barnes-vastly-overstates-case-suggestin/
National Republican Senatorial Committee,"August 24, 2022","Says Mandela Barnes ""supports stripping health care away from millions.""",false,News release,Health Care; Medicare; Public Health; Wisconsin,D.L. Davis,"September 6, 2022",https://www.politifact.com/factchecks/2022/sep/06/national-republican-senatorial-committee/no-despite-claim-barnes-does-not-back-stripping-he/
Facebook posts,"August 12, 2022",“Free health allowance is available at no cost.”,false,Facebook posts,National; Health Care; Facebook Fact-checks,Gabrielle Settles,"August 22, 2022",https://www.politifact.com/factchecks/2022/aug/22/facebook-posts/social-media-hoax-promises-cash-allowance-health-c/
Facebook posts,"August 7, 2022",The Inflation Reduction Act expanded free health insurance to Americans under 65.,false,Facebook post,Health Care; Facebook Fact-checks,Ciara O'Rourke,"August 19, 2022",https://www.politifact.com/factchecks/2022/aug/19/facebook-posts/no-inflation-reduction-act-didnt-expand-free-healt/
X posts,"August 11, 2022","""Boston Children’s Hospital is now offering 'gender-affirming hysterectomies' for young girls.""",false,tweet,Children; Health Care; Sexuality,Yacob Reyes,"August 12, 2022",https://www.politifact.com/factchecks/2022/aug/12/tweets/no-boston-childrens-hospital-doesnt-provide-hyster/
Ron DeSantis,"August 4, 2022","""They are literally chopping off the private parts of young kids.""",mostly-false,press conference,Health Care; Sexuality; Florida; Health Check,Yacob Reyes,"August 10, 2022",https://www.politifact.com/factchecks/2022/aug/10/ron-desantis/transition-related-surgery-limited-teens-not-young/
Power to the Patients,"April 19, 2022","About a federal hospital price transparency requirement, “Nobody’s enforcing that law.”",half-true,television ad,Health Care; Health Check,Julie Appleby,"August 9, 2022",https://www.politifact.com/factchecks/2022/aug/09/power-patients/rapper-fat-joe-says-no-one-making-sure-hospitals-p/
American Prosperity Alliance,"August 4, 2022",The Senate Democrats’ reconciliation bill “will strip $300 billion from Medicare.”,false,ad,Federal Budget; Health Care; Medicare,Louis Jacobson,"August 5, 2022",https://www.politifact.com/factchecks/2022/aug/05/american-prosperity-alliance/no-senate-bill-wont-strip-300-billion-medicare/
Instagram posts,"August 1, 2022",Suggests root canals are linked to breast cancer.,false,image,Health Care; Facebook Fact-checks,Monique Curet,"August 5, 2022",https://www.politifact.com/factchecks/2022/aug/05/instagram-posts/no-medical-evidence-root-canals-cause-cancer/
Rebecca Kleefisch,"July 24, 2022","""There is absolutely no reason why Wisconsin should be facing a worker shortage to the level we are when there are 123,000 more able-bodied childless adults on BadgerCare since the pandemic.""",mostly-false,Twitter,Health Care; Jobs; Legal Issues; Medicaid; Workers; Wisconsin,D.L. Davis,"August 2, 2022",https://www.politifact.com/factchecks/2022/aug/02/rebecca-kleefisch/kleefisch-mark-claim-linking-worker-shortage-and-m/
Blake Masters,"July 22, 2022",Sen. Mark Kelly “voted to legalize abortion up until the moment of birth.”,mostly-false,remarks at a Trump rally,Abortion; National; Health Care; Women; Arizona,Jon Greenberg,"August 1, 2022",https://www.politifact.com/factchecks/2022/aug/01/blake-masters/fact-checking-blake-masters-mark-kelly-voted-legal/
American Commitment,"July 10, 2022",Sen. Joe Manchin and AARP “support government price-setting schemes” to divert money from Medicare to “unrelated government programs or pad big insurers’ profits.”,false,advertisement,Health Care; Medicare; Health Check,Colleen DeGuzman,"July 25, 2022",https://www.politifact.com/factchecks/2022/jul/25/american-commitment/ad-targeting-manchin-aarp-misses-medicare-drug-pri/
Facebook posts,"July 2, 2019",Benadryl can be used to reduce swelling from rattlesnake bites.,false,Facebook post,Animals; Health Care; Facebook Fact-checks,Andy Nguyen,"July 20, 2022",https://www.politifact.com/factchecks/2022/jul/20/facebook-posts/benandryl-wont-relieve-swelling-rattlesnake-bites/
Facebook posts,"July 7, 2022",“Adults over 51 can receive $$$ in additional spending for groceries and expenses.”,false,Facebook post,Economy; Health Care; Medicare; Facebook Fact-checks,Andy Nguyen,"July 14, 2022",https://www.politifact.com/factchecks/2022/jul/14/facebook-posts/adults-older-51-wont-get-free-money-help-stave-inf/
Facebook posts,"December 31, 2017","""ADHD does not exist.""",false,video interview,Health Care; Race and Ethnicity; Public Health; Health Check; Facebook Fact-checks,Ellie Borst,"July 13, 2022",https://www.politifact.com/factchecks/2022/jul/13/facebook-posts/adhd-was-not-invented-disadvantage-black-children/
Bob Good,"July 9, 2022",“Ninety-two percent of abortions in Virginia take place before 15 weeks.”,mostly-true,anti-abortion rally.,Abortion; Health Care; Virginia,Warren Fiske,"July 12, 2022",https://www.politifact.com/factchecks/2022/jul/12/bob-good/virginia-975-abortions-occur-15-weeks-pregnancy-or/
Catherine Cortez Masto,"June 14, 2022","Adam Laxalt ""wants to restrict"" and ""worked to limit access to birth control.""",mostly-true,ad,Nevada; Health Care; Government Regulation; Women; Ad Watch,Tom Kertscher,"June 23, 2022",https://www.politifact.com/factchecks/2022/jun/23/catherine-cortez-masto/gop-nevada-senate-hopeful-adam-laxalt-backed-birth/
Catherine Cortez Masto,"June 14, 2022","Adam Laxalt ""supports eliminating Nevada's protections for legal abortions.""",half-true,ad,Abortion; Nevada; Health Care; Government Regulation; Women; Ad Watch,Tom Kertscher,"June 23, 2022",https://www.politifact.com/factchecks/2022/jun/23/catherine-cortez-masto/gop-senate-hopeful-adam-laxalt-open-tightening-abo/
Facebook posts,"June 5, 2022",Joe Biden approved a “new card” that “gives free health insurance to Americans” who are 25 and older.,false,Facebook post,Health Care; Facebook Fact-checks,Ciara O'Rourke,"June 10, 2022",https://www.politifact.com/factchecks/2022/jun/10/facebook-posts/sorry-free-health-insurance-americans-25-and-older/
Bloggers,"May 28, 2022","""Pfizer CEO says it’s their dream to reduce the population by 50% in 2023.”",pants-fire,Bitchute video,Health Care; Facebook Fact-checks,Jeff Cercone,"June 1, 2022",https://www.politifact.com/factchecks/2022/jun/01/blog-posting/video-pfizer-ceo-was-deceptively-edited-make-false/
Facebook posts,"May 15, 2022",“Due to the baby formula shortage Tricare will now pay to have it shipped directly to you.”,half-true,post,Children; Families; Health Care; Military; Facebook Fact-checks,Monique Curet,"May 18, 2022",https://www.politifact.com/factchecks/2022/may/18/facebook-posts/fact-checking-claim-about-military-families-tricar/
Kelda Helen Roys,"May 8, 2022","Because of U.S. Senate rules, Democrats need ""more than a majority ... to codify Roe vs. Wade.""",true,TV interview,Abortion; Health Care; Legal Issues; Wisconsin,D.L. Davis,"May 11, 2022",https://www.politifact.com/factchecks/2022/may/11/kelda-helen-roys/yes-democrats-do-need-more-majority-codify-roe-vs-/
Alexandria Ocasio-Cortez,"April 29, 2022","""In Texas, Republicans passed a law allowing rapists to sue their victims for getting an abortion.""",false,tweet,Abortion; Health Care; Women; Texas,Nusaiba Mizan,"May 9, 2022",https://www.politifact.com/factchecks/2022/may/09/alexandria-ocasio-cortez/texas-law-targets-abortion-providers-not-patients/
One America News,"April 12, 2022","""Pfizer tries to hide 2.4K full-time hires handling vax injuries.""",mostly-false,video,Health Care; Facebook Fact-checks; Coronavirus,Vivian Lam,"May 5, 2022",https://www.politifact.com/factchecks/2022/may/05/one-america-news/pfizer-did-not-hide-hiring-2400-people-handle-expe/
Tim Westley,"March 30, 2022","""We have (people detained by ICE) that have to be seen within 24 hours, while veterans are seen within months.",false,interview,Immigration; Border Security; Health Care; Public Health; Veterans; Texas,Nusaiba Mizan,"April 25, 2022",https://www.politifact.com/factchecks/2022/apr/25/tim-westley/health-care-systems-detained-migrants-veterans-are/
"""Watch The Water""","April 11, 2022","COVID-19 is a synthetic version of “snake venom” that evil forces are spreading through remdesivir, the COVID-19 vaccines and drinking water to “make you a hybrid of Satan.”",pants-fire,film,Animals; Drugs; Health Care; Public Health; Pundits; Facebook Fact-checks; PunditFact; Coronavirus,Bill McCarthy,"April 19, 2022",https://www.politifact.com/factchecks/2022/apr/19/watch-water/stew-peters-film-watch-water-ridiculously-claims-c/
Sarah Godlewski,"April 1, 2022","""Ron Johnson is trying to let insurance companies deny coverage to people with pre-existing conditions like cancer, depression, pregnancy, diabetes—or even COVID.”",mostly-false,Twitter,Health Care; Medicaid; Medicare; Public Health; Wisconsin,Madeline Heim,"April 15, 2022",https://www.politifact.com/factchecks/2022/apr/15/sarah-godlewski/godlewski-base-claim-johnsons-view-coverage-those-/
Tammy Baldwin,"March 16, 2022","""The price of insulin has been jacked up by Big Drug Corporations.”",half-true,Twitter,Health Care; Public Health; Wisconsin,D.L. Davis,"April 8, 2022",https://www.politifact.com/factchecks/2022/apr/08/tammy-baldwin/baldwin-pins-blame-high-insulin-prices-big-drug-co/
Facebook posts,"April 3, 2022",Sudden death in adults and Sudden Infant Death Syndrome are caused by vaccines.,false,post,Health Care; Facebook Fact-checks,Monique Curet,"April 6, 2022",https://www.politifact.com/factchecks/2022/apr/06/facebook-posts/vaccines-are-not-linked-sudden-death-any-age-group/
Ben Clark,"April 1, 2022","“The House voted to cap insulin prices to $35/month, just $420 each year! Richard Hudson voted NO.”",false,campaign newsletter,Health Care; North Carolina,Paul Specht,"April 4, 2022",https://www.politifact.com/factchecks/2022/apr/04/ben-clark/nc-democrat-falsely-claims-republican-richard-huds/
Rebecca Kleefisch,"March 9, 2022","Says Gov. Tony Evers gave $2.4 million in COVID relief money to Planned Parenthood affiliates throughout Wisconsin “to bail them out and fund abortions.""",mostly-false,Campaign email,Health Care; Public Health; Coronavirus; Wisconsin,Madeline Heim,"March 25, 2022",https://www.politifact.com/factchecks/2022/mar/25/rebecca-kleefisch/yes-evers-gave-covid-relief-money-planned-parentho/
Bloggers,"March 1, 2022","The drug labels for the Pfizer COVID-19 vaccine “were blank when they should have contained all these diseases and adverse events"" listed in a confidential report.",false,video,Health Care; Public Health; Facebook Fact-checks; Coronavirus,Vivian Lam,"March 23, 2022",https://www.politifact.com/factchecks/2022/mar/23/blog-posting/fact-checking-false-claims-pfizers-covid-19-vaccin/
Sarah Godlewski,"February 18, 2022","""Here in Wisconsin, prescription drug costs grew at a pace of nearly twice as much as the average Wisconsinite's income from 2015-2019.""",mostly-true,Campaign statement,Drugs; Economy; Health Care; Wisconsin,D.L. Davis,"March 8, 2022",https://www.politifact.com/factchecks/2022/mar/08/sarah-godlewski/claim-prescription-drug-costs-have-grown-nearly-tw/
Joe Biden,"February 10, 2022",“Millions of hardworking Americans will no longer have to worry about unexpected medical bills.”,mostly-true,speech,Health Care; Health Check,Victoria Knight,"March 1, 2022",https://www.politifact.com/factchecks/2022/mar/01/joe-biden/bidens-blanket-statement-no-more-surprise-billing-/
Facebook posts,"February 6, 2022","""According to Congress, travel nurses need a pay cap.”",false,Facebook post,Congress; Corrections and Updates; Health Care; Coronavirus,Jeff Cercone,"February 16, 2022",https://www.politifact.com/factchecks/2022/feb/16/facebook-posts/congress-has-not-proposed-cap-travel-nurse-pay-ask/
Infowars,"February 5, 2022","""Study proves children’s hearts destroyed by COVID vaccine.""",false,InfoWars video,Health Care; Public Health; Facebook Fact-checks; Coronavirus,Vivian Lam,"February 15, 2022",https://www.politifact.com/factchecks/2022/feb/15/infowars/children-are-far-higher-risk-myocarditis-covid-19-/
Facebook posts,"January 26, 2022","A molecule found in a Himalayan fungus ""kills cancer cells with 40 times potency.""",half-true,Facebook post,Drugs; Health Care; Facebook Fact-checks,Andy Nguyen,"February 15, 2022",https://www.politifact.com/factchecks/2022/feb/15/facebook-posts/himalayan-caterpillar-fungus-not-quite-miracle-can/
Facebook posts,"February 7, 2022","""Biden and most Democrats want to cap insulin prices at $35 per month. All 50 Republicans in the Senate are opposed to it.”",mostly-false,Facebook post,Congress; Health Care; Facebook Fact-checks,Jeff Cercone,"February 10, 2022",https://www.politifact.com/factchecks/2022/feb/10/facebook-posts/republicans-opposed-build-back-better-whole-not-ne/
Joe Biden,"January 27, 2022","Thanks to the American Rescue Plan’s changes to the Affordable Care Act, “four out of five consumers (are) finding quality coverage for under $10 a month.”",mostly-false,statement,Health Care,Louis Jacobson,"February 2, 2022",https://www.politifact.com/factchecks/2022/feb/02/joe-biden/joe-biden-overstates-statistics-affordable-care/
Facebook posts,"January 23, 2022","American taxpayer dollars provide “free housing, free medical, free state identification” to immigrants in the country illegally.",false,Facebook post,Immigration; Health Care; Housing; Facebook Fact-checks,Madison Czopek,"January 31, 2022",https://www.politifact.com/factchecks/2022/jan/31/facebook-posts/fact-checking-claim-about-immigrants-eligibility-a/
Ronny Jackson,"January 16, 2022","""In 2022, illegal immigrants will have MORE FREEDOMS and easier access to healthcare and ballot boxes than most Americans... Just think about that.""",pants-fire,tweet,Immigration; Border Security; Elections; Health Care; Texas,Nusaiba Mizan,"January 31, 2022",https://www.politifact.com/factchecks/2022/jan/31/ronny-jackson/ronny-jackson-wrong-unauthorized-immigrant-access-/
Donald Trump,"January 15, 2022","“In New York state, if you’re white, you have to go to the back of the line to get medical help.”",pants-fire,speech,Health Care; Public Health; Coronavirus; New York,Jill Terreri Ramos,"January 27, 2022",https://www.politifact.com/factchecks/2022/jan/27/donald-trump/no-new-york-has-not-delayed-covid-19-treatment-whi/
Instagram posts,"December 12, 2021","""Blue Cross Blue Shield pays your doctor a $40,000 bonus for fully vaccinating at least 100 patients under the age of two.""",false,Instagram post,Health Care; Public Health,Vivian Lam,"January 19, 2022",https://www.politifact.com/factchecks/2022/jan/19/instagram-posts/no-blue-cross-blue-shield-physicians-arent-paid-bo/
Facebook posts,"December 23, 2021",Pfizer made $37 billion in profit in its last quarter.,false,Facebook posts,Health Care; Public Health,Becca Schimmel,"January 7, 2022",https://www.politifact.com/factchecks/2022/jan/07/facebook-posts/no-pfizer-did-not-report-37-billion-profit-its-lat/
Facebook posts,"December 5, 2021","“Dr. Ugur Sahin, CEO of BioNTech and inventor of the BIO N TECH Pfizer jab, refuses to take the jab for safety reasons.”",false,Twitter posts,Health Care,Becca Schimmel,"December 20, 2021",https://www.politifact.com/factchecks/2021/dec/20/facebook-posts/no-biontech-ceo-ugur-sahin-didnt-refuse-covid-19-v/
Ron Johnson,"December 8, 2021","Around the world, people who exercise their ""health autonomy"" and don't get vaccinated are being put ""basically into internment camps.""",pants-fire,Radio interview,Health Care; Public Health; Coronavirus; Wisconsin,Madeline Heim,"December 13, 2021",https://www.politifact.com/factchecks/2021/dec/13/ron-johnson/johnson-falsely-says-unvaccinated-people-around-wo/
Bloggers,"November 22, 2021","The COVID-19 vaccines ""suppress the immune system"" and make people more susceptible to HIV, shingles and herpes.",false,video,Health Care; Facebook Fact-checks; Coronavirus,Andy Nguyen,"December 10, 2021",https://www.politifact.com/factchecks/2021/dec/10/blog-posting/no-getting-covid-19-vaccine-wont-weaken-your-immun/
Rick Scott,"December 7, 2021",The Build Back Better Act “includes $34.5 billion in cuts” for charity care funding to hospitals.,half-true,press release,National; Health Care; Medicaid; Florida,Jon Greenberg,"December 10, 2021",https://www.politifact.com/factchecks/2021/dec/10/rick-scott/scotts-hospital-funding-cut-claim-ignores-new-subs/
Community Oncology Alliance,"November 29, 2021","""An independent analysis shows that payments for cancer care will be slashed by close to 45% causing cancer clinics to close and massively raising your healthcare costs.”",half-true,radio ad,Congress; Health Care; Health Check,Julie Appleby,"December 7, 2021",https://www.politifact.com/factchecks/2021/dec/07/community-oncology-alliance/oncology-doctors-say-build-back-better-act-will-hu/
Bloggers,"November 16, 2021",Athletes are collapsing with heart-related issues due to the COVID-19 vaccines,false,video,Health Care; Public Health; Sports; Facebook Fact-checks; Coronavirus,Kayla Steinberg,"December 1, 2021",https://www.politifact.com/factchecks/2021/dec/01/blog-posting/theres-no-proof-covid-19-vaccines-are-causing-heal/
Rick Scott,"November 16, 2021",An increase in Medicare Part B premiums means “America’s seniors are paying the price for Biden’s inflation crisis.”,mostly-false,press release headline,Corrections and Updates; Health Care; Medicare; Florida; Health Check,Phil Galewitz,"November 23, 2021",https://www.politifact.com/factchecks/2021/nov/23/rick-scott/florida-sen-rick-scott-base-claim-medicare-premium/
Facebook posts,"October 22, 2021",President Joe Biden will “control health care costs by slapping a 95% tax on prescription drugs.”,false,Facebook post,Health Care; Public Health; Facebook Fact-checks,Andy Nguyen,"November 22, 2021",https://www.politifact.com/factchecks/2021/nov/22/facebook-posts/no-president-biden-wont-slap-95-tax-prescription-d/
Instagram posts,"October 25, 2021","Children who receive COVID-19 vaccinations ""will be walking factories of spike proteins"" that will ""undoubtedly cause illnesses to spread like wildfire in schools.""",false,viral text,Children; Health Care; Coronavirus,Vivian Lam,"November 2, 2021",https://www.politifact.com/factchecks/2021/nov/02/instagram-posts/unvaccinated-children-are-more-likely-catch-and-sp/
Kelda Helen Roys,"September 28, 2021",Says gubernatorial candidate Rebecca Kleefisch “worked with Scott Walker to sign five abortion restrictions into law that took away services and threatened doctors with prison time for providing safe and legal abortions.”,true,Email,Health Care; Women; Wisconsin,Madeline Heim,"November 2, 2021",https://www.politifact.com/factchecks/2021/nov/02/kelda-helen-roys/yes-five-abortion-restrictions-took-away-services-/
Jeff Jackson,"October 11, 2021",“The five most-endangered hospitals in the country are all in (North Carolina).”,mostly-false,candidate forum,Health Care; North Carolina,Paul Specht,"October 20, 2021",https://www.politifact.com/factchecks/2021/oct/20/jeff-jackson/senate-candidate-wrongly-says-nc-hospitals-are-mos/
Ron Johnson,"October 4, 2021",“We do not have an approved (COVID) vaccine in America … the Pfizer vaccine available in the U.S. is not FDA approved.”,false,TV interview,Health Care; Public Health; Coronavirus; Wisconsin,Allison Garfield,"October 5, 2021",https://www.politifact.com/factchecks/2021/oct/05/ron-johnson/johnson-incorrectly-claims-there-are-no-approved-c/
Bernie Sanders,"October 3, 2021","""The pharmaceutical industry has 1,400 lobbyists on Capitol Hill right now trying to stop"" Medicare drug price negotiation.",half-true,"interview on NBC's ""Meet the Press""",Campaign Finance; Congress; Health Care; Medicare,Louis Jacobson,"October 5, 2021",https://www.politifact.com/factchecks/2021/oct/05/bernie-sanders/bernie-sanders-pharma-lobbying-pushback/
60 Plus Association,"September 20, 2021",Insurance companies and Washington bureaucrats “are working together to swipe $500 billion from Medicare to pay for Pelosi and Schumer’s out-of-control spending spree.”,false,commercial shown on television and online,Health Care; Medicare; Health Check,Victoria Knight,"September 28, 2021",https://www.politifact.com/factchecks/2021/sep/28/60-plus-association/ads-charge-drug-price-haggling-swipe-500-billion/
Occupy Democrats,"September 1, 2021 in","Texas “ranks 50th in baby wellness checks, ranks 50th in clinical care for infants, ranks 50th in uninsured women, ranks 43rd in maternal mortality, ranks 44th in school funding per child, and ranks 46th in child hunger.”",half-true,on social media,Abortion; Children; Education; Food; Health Care; Women; Texas,Louis Jacobson,"September 8, 2021",https://www.politifact.com/factchecks/2021/sep/08/occupy-democrats/post-critical-texas-health-rankings-half-correct/
Pramila Jayapal,"August 30, 2021","“The average hospital stay for a case of COVID-19 costs about $17,064. The vaccine is free.”",mostly-true,Instagram post,Health Care; Public Health; Coronavirus,Miriam Valverde,"September 2, 2021",https://www.politifact.com/factchecks/2021/sep/02/pramila-jayapal/whats-average-cost-covid-19-hospital-stay/
Instagram posts,"August 4, 2021",A six-month study from Pfizer shows that its vaccine “reduces severe COVID symptoms/hospitalizations by .1%.”,mostly-false,Instagram post,Health Care; Public Health; Facebook Fact-checks; Coronavirus,Andy Nguyen,"August 17, 2021",https://www.politifact.com/factchecks/2021/aug/17/instagram-posts/instagram-post-incorrectly-interprets-pfizer-vacci/
Gwen Moore,"August 3, 2021","“324,000 pregnant people experience domestic violence during their pregnancy.”",true,Twitter,Children; Health Care; Public Health; Women; Wisconsin,Madeline Heim,"August 13, 2021",https://www.politifact.com/factchecks/2021/aug/13/gwen-moore/yes-about-324000-americans-year-experience-domesti/
Erin Marie Olszewski,"August 2, 2021",“It’s not unusual for hospitals to sit at max or near max capacity on any given day.”,half-true,Instagram post,Health Care; Public Health; Facebook Fact-checks; Coronavirus,Madison Czopek,"August 11, 2021",https://www.politifact.com/factchecks/2021/aug/11/erin-marie-olszewski/its-common-hospitals-be-full-covid-19-adds-unusual/
Facebook posts,"August 1, 2021","""They didn't allow"" Simone Biles ""to take her ADHD medication.""",false,Facebook post,Drugs; Health Care; Sports; Facebook Fact-checks,Tom Kertscher,"August 2, 2021",https://www.politifact.com/factchecks/2021/aug/02/facebook-posts/no-evidence-olympics-barred-gymnast-simone-biles-u/
Facebook posts,"July 18, 2021",Ethylene oxide used in COVID-19 testing swabs “literally changes the structure of the building blocks of your own body.”,false,Facebook post,Health Care; Public Health; Facebook Fact-checks; Coronavirus,Andy Nguyen,"July 29, 2021",https://www.politifact.com/factchecks/2021/jul/29/facebook-posts/covid-19-testing-swabs-wont-change-your-dna-contra/
Terri Bryant,"July 13, 2021","“You may be 55 years old in [Illinois] and a citizen and not eligible for Medicaid. But if you are an undocumented immigrant and 55 or older, you’re eligible for Medicaid.”",false,radio interview,Immigration; Health Care; Medicaid; Illinois,Kiannah Sepeda-Miller,"July 20, 2021",https://www.politifact.com/factchecks/2021/jul/20/terri-bryant/downstate-senator-wrong-medicaid-eligibility-illin/
Jon Erpenbach,"June 15, 2021",“Wisconsin is 49th in public health spending.”,half-true,Twitter,Federal Budget; Health Care; State Budget; Wisconsin,Madeline Heim,"July 9, 2021",https://www.politifact.com/factchecks/2021/jul/09/jon-erpenbach/wisconsin-ranks-near-last-federal-money-received-p/
Derrick Van Orden,"June 12, 2021",Says Joe Biden “will force Americans to pay for abortion — on demand — up to birth.”,mostly-false,Twitter,Abortion; Health Care; Legal Issues; Wisconsin,Madeline Heim,"June 30, 2021",https://www.politifact.com/factchecks/2021/jun/30/derrick-van-orden/van-orden-mischaracterizes-what-dropping-hyde-amen/
Facebook posts,"June 15, 2021",“The unvaccinated have escaped every single strain or 'variant’” of SARS-CoV-2.,false,Facebook post,Health Care; Facebook Fact-checks; Coronavirus,Andy Nguyen,"June 22, 2021",https://www.politifact.com/factchecks/2021/jun/22/facebook-posts/unvaccinated-people-havent-escaped-covid-19-varian/
Facebook posts,"June 2, 2021","Emails show that Fauci knew ""hydroxychloroquine worked [and] emailed friends about it being effective.""",false,Facebook post,Health Care; Facebook Fact-checks; Coronavirus,Andy Nguyen,"June 15, 2021",https://www.politifact.com/factchecks/2021/jun/15/facebook-posts/no-faucis-emails-dont-prove-he-knew-hydroxychloroq/
Kamala Harris,"June 1, 2021","""Sadly during the course of the pandemic one-third of our small businesses have closed.""",mostly-true,interview on MSNBC,Economy; Health Care; Small Business; California,Chris Nichols,"June 7, 2021",https://www.politifact.com/factchecks/2021/jun/07/kamala-harris/kamala-harris-claimed-one-third-small-businesses-c/
Hal Turner Radio Show,"May 20, 2021","People with the COVID-19 vaccine are being ""tracked in real time via 5G cellular, and all that data can be hacked into to track you.""",pants-fire,blog post,Health Care; Public Health; Facebook Fact-checks; Coronavirus,Andy Nguyen,"May 28, 2021",https://www.politifact.com/factchecks/2021/may/28/hal-turner-radio-show/no-video-doesnt-prove-covid-19-vaccines-allow-peop/
Instagram posts,"May 16, 2021","The Moderna vaccine contains an ingredient that is “for research use only, not meant for human or veterinary use.”",false,Instagram post,Health Care; Facebook Fact-checks; Coronavirus,Andy Nguyen,"May 21, 2021",https://www.politifact.com/factchecks/2021/may/21/instagram-posts/no-moderna-vaccine-does-not-contain-ingredient-s-r/
Xavier Becerra,"May 12, 2021","""There is no law that deals specifically with the term ‘partial-birth abortion.’”",false,testimony before a House subcommittee,Abortion; Health Care; Legal Issues; Health Check,Louis Jacobson,"May 19, 2021",https://www.politifact.com/factchecks/2021/may/19/xavier-becerra/xavier-becerra-wrong-no-law-deals-partial-birth-ab/
Joe Biden,"May 3, 2021","For vaccine rates among Americans 65 and older, “there’s virtually no difference between white, Black, Hispanic, Asian American.”",false,remarks on the American Families Plan,Corrections and Updates; Health Care; Health Check; Coronavirus,Victoria Knight,"May 11, 2021",https://www.politifact.com/factchecks/2021/may/11/joe-biden/biden-boasts-about-equitable-senior-covid-19-vacci/
Jon Erpenbach,"March 21, 2021","""There’s no strings attached to that money that we’d be getting as an incentive to expand Medicaid.""",half-true,TV interview,National; Health Care; Medicaid; Wisconsin,Madeline Heim,"May 7, 2021",https://www.politifact.com/factchecks/2021/may/07/jon-erpenbach/erpenbach-overstates-claim-there-are-no-strings-at/
Mark Born,"March 21, 2021",“Private insurance gives … better coverage” than people would get under a Medicaid expansion.,false,TV appearance,Health Care; Medicaid; Public Health; Wisconsin,Eric Litke,"April 21, 2021",https://www.politifact.com/factchecks/2021/apr/21/mark-born/no-private-insurance-doesnt-provide-better-coverag/
Janet Bewley,"March 28, 2021",Says Republican lawmakers delayed COVID-19 testing,mostly-false,TV interview,Health Care; Coronavirus; Wisconsin,Eric Litke,"April 16, 2021",https://www.politifact.com/factchecks/2021/apr/16/janet-bewley/wisconsin-lawmaker-overreaches-claim-republicans-d/
Facebook posts,"April 6, 2021",Says the “1986 Vaccine protection act” resulted in “the biggest jump in shots” for children because it gave drug manufacturers “exemption for responsibility of killing people.”,false,Facebook image post,Health Care; Public Health,Andy Nguyen,"April 13, 2021",https://www.politifact.com/factchecks/2021/apr/13/facebook-posts/1986-law-did-not-lead-cdc-recommend-more-child-vac/
Tammy Baldwin,"March 23, 2021","""Over the past decade, drug prices have risen at three times the rate of inflation.""",half-true,News release,National; Corporations; Drugs; Health Care; Wisconsin,Haley BeMiller,"April 7, 2021",https://www.politifact.com/factchecks/2021/apr/07/tammy-baldwin/us-sen-tammy-baldwin-generally-right-drug-price-hi/
James Edming,"March 23, 2021",“You can’t tell me they can (develop a safe vaccine) in eight to 10 months. Or a year. It takes more time than that.”,pants-fire,speech,Health Care; Coronavirus; Wisconsin,Eric Litke,"March 26, 2021",https://www.politifact.com/factchecks/2021/mar/26/james-edming/yes-vaccines-are-safe-despite-quick-timeline/
Gavin Newsom,"March 9, 2021","“California’s [COVID-19] death rate has remained one of the lowest per capita in the nation: 134 deaths per 100,000, compared to 158 nationally, 153 in Texas and 247 in New York.”",half-true,State of the State Address,Health Care; Public Health; States; California; New York; Texas,Chris Nichols,"March 10, 2021",https://www.politifact.com/factchecks/2021/mar/10/gavin-newsom/does-california-have-one-lowest-covid-19-death-rat/
Ron Kim,"February 18, 2021","Says Gov. Andrew Cuomo ""issued a legal blanket immunity, and snuck that into our budget, giving these facilities essentially a license to kill, a get-out-of-jail free card.”",half-true,radio interview,Health Care; Coronavirus; New York,Jill Terreri Ramos,"March 6, 2021",https://www.politifact.com/factchecks/2021/mar/06/ron-kim/new-york-nursing-homes-not-blanket-immunity-close/
Scott Fitzgerald,"February 27, 2021",“More than 91% of the spending in this $1.9 trillion package is not used for pandemic relief.”,mostly-false,press release,Health Care; Public Health; Coronavirus; Wisconsin,Eric Litke,"March 1, 2021",https://www.politifact.com/factchecks/2021/mar/01/scott-fitzgerald/fitzgerald-overstates-claim-pork-covid-19-relief-b/
Xavier Becerra,"February 24, 2021",“I have never sued a nun — any nuns.”,half-true,statements at a confirmation hearing,Health Care; Legal Issues; Religion; Women; California,Louis Jacobson,"February 26, 2021",https://www.politifact.com/factchecks/2021/feb/26/xavier-becerra/did-hhs-nominee-xavier-becerra-sue-nuns/
Facebook posts,"February 12, 2021",Insulin prices rose “with the swipe of (Joe Biden’s) pen.”,false,Facebook post,Health Care; Medicaid; Medicare; Facebook Fact-checks,Bill McCarthy,"February 25, 2021",https://www.politifact.com/factchecks/2021/feb/25/facebook-posts/facebook-posts-blaming-biden-insulin-prices-miss-m/
Chuck Grassley,"January 14, 2021","Insulin prices have ""gone THRU THE ROOF for patients/taxpayers bc of manufacturer, health plan & PBM biz practices.""",true,tweet,Corrections and Updates; Drugs; Health Care; Iowa,Madison Black,"February 2, 2021",https://www.politifact.com/factchecks/2021/feb/02/chuck-grassley/why-are-insulin-prices-going-chuck-grassley-explai/
Facebook posts,"October 10, 2019","Congressional benefits include “free health care, outrageous retirement packages, 67 paid holidays, three weeks paid vacation, unlimited paid sick days.”",mostly-false,Facebook post,Congress; Health Care; Retirement; Facebook Fact-checks,Bill McCarthy,"February 1, 2021",https://www.politifact.com/factchecks/2021/feb/01/facebook-posts/facebook-post-misleads-congressional-health-care-b/
Facebook posts,"January 1, 2021",There are “absolutely no patients” at Los Angeles hospital considered the center of region's COVID-19 surge.,pants-fire,Facebook post,Health Care; Public Health; California; Facebook Fact-checks,Chris Nichols,"January 6, 2021",https://www.politifact.com/factchecks/2021/jan/06/facebook-posts/yes-la-hospitals-were-packed-covid-19-patients-con/
James Gallagher,"December 3, 2020",“Government imposed lockdowns do NOT reduce [COVID-19] cases or stop spikes.”,false,tweet,Economy; Health Care; Government Regulation; Public Health; Small Business; California,Chris Nichols,"December 16, 2020",https://www.politifact.com/factchecks/2020/dec/16/james-gallagher/yes-government-shutdowns-help-slow-covid-19-when-c/
Rick Scott,"November 16, 2020",Says Charles Schumer supports “putting everybody on the Medicare system. He wants the Green New Deal … reduce funding for the police.”,false,television interview,Congress; Health Care; Medicare; Public Safety; Florida; New York,Jill Terreri Ramos,"December 4, 2020",https://www.politifact.com/factchecks/2020/dec/04/rick-scott/scotts-claims-about-schumer-lack-evidence/
Kelly Loeffler,"November 13, 2020","Says her health care plan would ""ensure Americans with preexisting conditions are protected.""",false,proposal,Georgia; Health Care,Tom Kertscher,"November 30, 2020",https://www.politifact.com/factchecks/2020/nov/30/kelly-loeffler/no-proof-kelly-loeffler-will-ensure-protections-pr/
Kim Reynolds,"November 10, 2020","""If you can’t get a test through Test Iowa, there are multiple other sites: your doctor, your clinics, your pharmacies, the stroke detection clinic centers.""",mostly-true,press conference,Health Care; Coronavirus; Iowa,Brooklyn Draisey,"November 18, 2020",https://www.politifact.com/factchecks/2020/nov/18/kim-reynolds/fact-checking-how-accessible-covid-19-tests-are-io/
Alexandria Ocasio-Cortez,"November 7, 2020",“Every single swing-seat House Democrat who endorsed #MedicareForAll won re-election or is on track to win re-election. Every. Single. One.”,mostly-true,Tweet,Congress; Health Care; Medicare; New York,Jill Terreri Ramos,"November 17, 2020",https://www.politifact.com/factchecks/2020/nov/17/alexandria-ocasio-cortez/medicare-all-supporters-win-swing-districts/
Donald Trump,"October 28, 2020","“Joe Biden and Kamala Harris’ government-run health care plan…  could lead to hospitals being closed, put Medicare coverage at risk, and give benefits to illegal immigrants.”",mostly-false,TV ad,National; Health Care,Amy Sherman,"November 1, 2020",https://www.politifact.com/factchecks/2020/nov/01/donald-trump/trumps-misleading-attack-bidens-health-care-plan/
Sam Brown Petsonk,"September 14, 2020","A lawsuit against the Affordable Care Act backed by West Virginia Attorney General Patrick Morrisey “would eliminate health care for over 800,000 West Virginians.”",mostly-false,tweet,West Virginia; Health Care,Dijonee Davis,"November 1, 2020",https://www.politifact.com/factchecks/2020/nov/01/sam-brown-petsonk/how-many-west-virginians-would-lose-coverage-if-la/
Theresa Greenfield,"October 22, 2020","Says Joni Ernst ""supports the lawsuit that's headed to the Supreme Court that will” repeal the Affordable Care Act.",half-true,tweet,National; Health Care; Supreme Court; Iowa,Caleb McCullough,"October 31, 2020",https://www.politifact.com/factchecks/2020/oct/31/theresa-greenfield/greenfield-attacks-ernst-aca-lawsuit-position-refl/
Nicole Galloway,"September 26, 2020","""Mike Parson opposes protections for pre-existing conditions.”",mostly-true,campaign ad,Health Care; Missouri,William Skipworth,"October 30, 2020",https://www.politifact.com/factchecks/2020/oct/30/nicole-galloway/does-gov-parson-actually-oppose-protections-preexi/
Chris Jacobs,"October 21, 2020","""I am for protecting pre-existing conditions. … I actually co-sponsored legislation to do just that.""",mostly-true,debate,Health Care; New York,Jill Terreri Ramos,"October 30, 2020",https://www.politifact.com/factchecks/2020/oct/30/chris-jacobs/pre-existing-conditions-jacobs-claim-needs-context/
Jill Schupp,"September 16, 2020","Says U.S. Rep. Ann Wagner “voted five times against protecting pre-existing conditions.""",mostly-true,Facebook post,Health Care; Missouri,Noah Crider,"October 29, 2020",https://www.politifact.com/factchecks/2020/oct/29/jill-schupp/did-ann-wagner-vote-repeal-pre-existing-conditions/
Jon Hoadley,"October 13, 2020",Upton “voted a dozen times to kick thousands of Michigan families off their health insurance and eliminate protections for preexisting conditions”,mostly-true,TV ad,Health Care; Michigan,Clara Hendrickson,"October 28, 2020",https://www.politifact.com/factchecks/2020/oct/28/jon-hoadley/upton-voted-dozen-times-support-repealing-affordab/
Ron Johnson,"October 21, 2020","""Generally the deaths are still pretty flat because we've flattened the curve.”",mostly-false,presentation,Health Care; Public Health; Coronavirus; Wisconsin,Haley BeMiller,"October 23, 2020",https://www.politifact.com/factchecks/2020/oct/23/ron-johnson/us-sen-ron-johnson-confuses-and-misses-claim-about/
Joe Biden,"October 9, 2020","Says Donald Trump “is pushing to slash Medicare benefits.""",half-true, TV campaign ad,Health Care; Medicare; Health Check,Stephanie Stapleton,"October 23, 2020",https://www.politifact.com/factchecks/2020/oct/23/joe-biden/bidens-claim-about-trump-slashing-medicare-benefit/
Nicole Galloway,"October 4, 2020","Says ""Gov. Parson’s administration purged 100,000 kids from Medicaid rolls.""",mostly-true,Facebook post,Children; Health Care; Medicaid; Missouri,William Skipworth,"October 23, 2020",https://www.politifact.com/factchecks/2020/oct/23/nicole-galloway/parson-administration-did-remove-100000-kids-medic/
Donald Trump,"October 22, 2020","“They have 180 million people, families under what he wants to do, which will basically be socialized medicine — you won’t even have a choice — they want to terminate 180 million plans.”",pants-fire,comments during the last presidential debate,Health Care; Health Check,Victoria Knight,"October 23, 2020",https://www.politifact.com/factchecks/2020/oct/23/donald-trump/trumps-misguided-claim-bidens-health-plan-will-ter/
AFSCME,"October 7, 2020","Says ""David Schweikert took over $120,000 from the drug industry and voted against legislation to lower prescription drug prices.""",mostly-true,Facebook ad,National; Health Care; Arizona,Jon Greenberg,"October 19, 2020",https://www.politifact.com/factchecks/2020/oct/19/afscme/arizona-house-race-attack-ad-zeroes-prescription-d/
Donald Trump,"September 30, 2020",Says Joe Biden is a socialist.,false,rally,National; Economy; Health Care; Medicare; Florida,Amy Sherman,"October 15, 2020",https://www.politifact.com/factchecks/2020/oct/15/donald-trump/trumps-false-claim-biden-socialist/
Tommy Tuberville,"October 8, 2020","Says Doug Jones ""has voted to spend our tax dollars on late-term abortions"" and ""supports abortion up until birth.""",false,ad,Abortion; Federal Budget; Health Care,Tom Kertscher,"October 14, 2020",https://www.politifact.com/factchecks/2020/oct/14/tommy-tuberville/tommy-tuberville-wrong-twice-attack-alabama-sen-do/
Facebook posts,"August 14, 2020",“Kamala Harris Tried to Put Pro-Lifers in Jail Who Exposed Planned Parenthood Selling Baby Parts”,false,headline,Abortion; Criminal Justice; Health Care; Crime; California,Chris Nichols,"October 13, 2020",https://www.politifact.com/factchecks/2020/oct/13/facebook-posts/social-media-posts-push-false-claims-about-kamala-/
Mike Pence,"October 7, 2020",Says Joe Biden and Kamala Harris support abortion “up to the moment of birth.”,false,debate,Abortion; Debates; Health Care,Miriam Valverde,"October 9, 2020",https://www.politifact.com/factchecks/2020/oct/09/mike-pence/fact-checking-pences-claim-democrats-and-abortion-/
Matthew Rosendale,"September 22, 2020","Says he ""fights for everyone with a preexisting condition.”",mostly-false,campaign ad,Health Care; Health Check,Alex Sakariassen,"October 6, 2020",https://www.politifact.com/factchecks/2020/oct/06/matthew-rosendale/fighting-patient-protections-while-attacking-aca-h/
Joe Biden,"September 29, 2020",“There's 100 million people that have preexisting conditions.”,mostly-true,comments during the first presidential debate,Health Care; Health Check,Victoria Knight,"October 1, 2020",https://www.politifact.com/factchecks/2020/oct/01/joe-biden/bidens-definitely-ballpark-how-many-people-have-pr/
Brit  Hume,"September 29, 2020",“I don’t think there’s any doubt (Joe) Biden’s senile.”,false,Fox News interview,Debates; Health Care; PunditFact,Miriam Valverde,"October 1, 2020",https://www.politifact.com/factchecks/2020/oct/01/brit-hume/geriatrics-experts-say-brit-humes-claim-joe-biden-/
Joe Biden,"September 27, 2020","Says Amy Coney Barrett “has a written track record, disagreeing adamantly with the Supreme Court’s decision to uphold the ACA. In fact, she publicly criticized Chief Justice Roberts’ opinion upholding the law eight years ago.”",mostly-true,speech,Health Care; Supreme Court,Angie Drobnic Holan,"September 28, 2020",https://www.politifact.com/factchecks/2020/sep/28/joe-biden/amy-coney-barrett-supreme-court-and-affordable-car/
Michael Burgess,"September 19, 2020",“In the last 10 years less than half of adults in the U.S. received a flu shot.”,true,tweet,Health Care; Texas,Madlin Mekelburg,"September 25, 2020",https://www.politifact.com/factchecks/2020/sep/25/michael-burgess/how-many-adults-get-flu-shots-each-year/
Donald Trump,"September 16, 2020",Says Joe Biden “tried to cut Social Security and Medicare for decades. … Now Biden’s promising your benefits to illegal immigrants.”,mostly-false,campaign ad,Immigration; Health Care; Medicare; Social Security,Miriam Valverde,"September 24, 2020",https://www.politifact.com/factchecks/2020/sep/24/donald-trump/donald-trump-ad-distorts-bidens-record-social-secu/
Cal Cunningham,"September 14, 2020",Says Thom Tillis has been “blocking his own party’s efforts to reduce the cost of prescription drugs.”,half-true,debate,Health Care; North Carolina,Paul Specht,"September 24, 2020",https://www.politifact.com/factchecks/2020/sep/24/cal-cunningham/cunningham-half-right-about-tillis-role-prescripti/
Cory Gardner,"September 15, 2020",Says he authored legislation “to guarantee coverage to people with pre-existing conditions -- no matter what happens to Obamacare.”,false,tweet,Colorado; Health Care; Health Check,Julie Appleby,"September 18, 2020",https://www.politifact.com/factchecks/2020/sep/18/cory-gardner/gardners-bill-has-more-do-politics-preexisting-con/
Mun Choi,"August 28, 2020",“The number of ICU beds is larger in Boone County by a factor of three” compared to Orange County for the University of North Carolina.,false,press conference,Education; Health Care; Missouri; Coronavirus,Simone Esters,"September 16, 2020",https://www.politifact.com/factchecks/2020/sep/16/mun-choi/mun-chois-numbers-are-when-it-comes-icu-beds-aroun/
Tony Evers,"September 15, 2020",“Wisconsin is one of the nine states with the highest rate of infection per capita.”,mostly-true,media briefing,Health Care; Public Health; Coronavirus; Wisconsin,Eric Litke,"September 16, 2020",https://www.politifact.com/factchecks/2020/sep/16/tony-evers/wisconsin-trending-poorly-covid-19-cases-evers-sta/
Lucy McBath,"September 9, 2020","Says Karen Handel voted with Donald Trump, ""gutting health care for millions, supporting horrific child separation policies"" and for ""abortion bans.""",half-true,ad,Abortion; Georgia; Immigration; Border Security; Health Care,Tom Kertscher,"September 14, 2020",https://www.politifact.com/factchecks/2020/sep/14/lucy-mcbath/tying-trump-backer-karen-handel-trump-lucy-mcbath-/
Donald Trump,"September 10, 2020",Says Joe Biden “will destroy your protections for pre-existing conditions.”,pants-fire,speech,Health Care,Miriam Valverde,"September 11, 2020",https://www.politifact.com/factchecks/2020/sep/11/donald-trump/donald-trumps-ridiculous-claim-about-joe-biden-and/
Democratic Congressional Campaign Committee,"August 26, 2020",Nick Freitas “supports a plan letting insurance companies deny coverage for preexisting conditions like asthma or diabetes.”,true,TV ad.,Health Care; Voting Record; Virginia,Warren Fiske,"September 3, 2020",https://www.politifact.com/factchecks/2020/sep/03/democratic-congressional-campaign-committee/freitas-has-backed-plans-undercut-coverage-preexis/
David Perdue,"August 18, 2020",Says his policy is that “health insurance should always cover preexisting conditions. For anyone. Period.”,false,campaign ad,Georgia; National; Health Care,Jon Greenberg,"September 3, 2020",https://www.politifact.com/factchecks/2020/sep/03/david-perdue/georgia-sen-perdues-record-preexisting-conditions-/
Ryan Holets,"August 25, 2020",“Drug overdose deaths decreased in 2018 for the first time in 30 years.”,mostly-true,a speech at the Republican National Convention,Drugs; Health Care; Health Check,Julie Appleby,"August 27, 2020",https://www.politifact.com/factchecks/2020/aug/27/ryan-holets/drug-overdose-deaths-declined-2018-theres-more-sto/
Carol Miller,"July 30, 2020","“In West Virginia alone, overdoses have increased by 50% during the #COVID-19 pandemic.”",mostly-true,tweet,West Virginia; Drugs; Health Care; Coronavirus,Patrick Orsagos,"August 19, 2020",https://www.politifact.com/factchecks/2020/aug/19/carol-miller/have-overdoses-wva-increased-50-during-pandemic/
Facebook posts,"August 14, 2020","“As of the last 24 hours this is the protocol regarding masks: Masks should only be used by healthcare workers, caretakers or by people who are sick with symptoms like fever and cough.”",false,post on Facebook,Health Care; Public Health; Health Check; Facebook Fact-checks; Coronavirus,Aaron Sharockman,"August 18, 2020",https://www.politifact.com/factchecks/2020/aug/18/facebook-posts/facebook-posts-labels-months-old-image-mask-policy/
Facebook posts,"August 2, 2020","Says Anthony Fauci, Bill Gates, George Soros and Jeffrey Epstein are connected with Moderna, Inc., and its efforts to create the coronavirus vaccine.",pants-fire,post on Facebook,Drugs; Health Care; Facebook Fact-checks; Coronavirus,Patrick Orsagos,"August 13, 2020",https://www.politifact.com/factchecks/2020/aug/13/facebook-posts/conspiracy-about-moderna-gates-epstein-fauci-and-s/
Bryan Steil,"July 30, 2020",“3.8% of Wisconsin’s coronavirus funding has been spent.”,half-true,tweet,Federal Budget; Health Care; Coronavirus; Wisconsin,Haley BeMiller,"August 7, 2020",https://www.politifact.com/factchecks/2020/aug/07/bryan-steil/gop-lawmaker-only-tells-part-story-claim-wisconsin/
Charles Schumer,"July 28, 2020","“You know what’s in this bill? No medical malpractice suits until 2024, even if they’re not COVID related.”",mostly-false,MSNBC interview,Health Care; Legal Issues; Public Health; Coronavirus,Miriam Valverde,"August 3, 2020",https://www.politifact.com/factchecks/2020/aug/03/charles-schumer/fact-checking-chuck-schumers-claim-republican-bill/
Eric Esshaki,"July 10, 2020","Says Haley Stevens’ plan for “socialized medicine” would “eliminate 100,000 doctors and nurses.”",mostly-false,campaign ad,Health Care; Health Check; Michigan,Clara Hendrickson,"August 3, 2020",https://www.politifact.com/factchecks/2020/aug/03/eric-esshaki/esshaki-campaign-misrepresents-haley-stevens-stanc/
Donald Trump,"July 25, 2020","Under an executive order, “expensive insulin went from big dollars to virtual pennies … especially (for) our seniors.”",mostly-false,tweet,National; Drugs; Health Care,Jon Greenberg,"August 3, 2020",https://www.politifact.com/factchecks/2020/aug/03/donald-trump/trump-inflates-insulin-help-seniors/
M.J. Hegar,"July 22, 2020","Says 1 in 5 Texans did not have health insurance coverage before the pandemic, and now “nearly 1 in 3 Texans under the age of 65 don’t have access to health care insurance.”",true,speech,Health Care; Coronavirus; Texas,Madlin Mekelburg,"July 30, 2020",https://www.politifact.com/factchecks/2020/jul/30/mj-hegar/how-many-texans-cant-access-health-insurance-cover/
Sean Hannity,"July 21, 2020",The Trump administration has had “zero unfulfilled equipment and supply requests from state governors.”,false,episode of his TV show,Health Care; Public Health; Pundits; States; PunditFact; Coronavirus,Bill McCarthy,"July 27, 2020",https://www.politifact.com/factchecks/2020/jul/27/sean-hannity/no-trump-administration-hasnt-fulfilled-every-stat/
Public Citizen,"June 29, 2020","“Taxpayers spent $70,000,000 to develop this drug ( remdesivir).""",true,tweet,Drugs; Health Care; Coronavirus; Wisconsin,Madeline Heim,"July 23, 2020",https://www.politifact.com/factchecks/2020/jul/23/public-citizen/yes-taxpayers-have-sunk-least-70-million-developin/
Mike Gallagher,"June 25, 2020","""The average family in America forks over more of their hard-earned income to their local hospital than to the IRS.”",true,TV interview,Health Care; Taxes; Wisconsin,Madeline Heim,"July 22, 2020",https://www.politifact.com/factchecks/2020/jul/22/mike-gallagher/yes-average-american-family-pays-more-hospital-exp/
Alex Azar,"July 9, 2020","“First off, it’s in statute already in HIPAA that preexisting conditions are covered.”",mostly-false,comments made during a virtual summit sponsored by The Hill newspaper,Health Care; Health Check,Julie Rovner,"July 14, 2020",https://www.politifact.com/factchecks/2020/jul/14/alex-azar/azar-says-federal-law-had-preexisting-conditions-c/
Facebook posts,"July 6, 2020",“The spot where they are ‘getting a sample’ for the COVID-19 test is called your Blood-Brain Barrier.”,pants-fire,post on Facebook,Health Care; Public Health; Facebook Fact-checks,Madison Czopek,"July 8, 2020",https://www.politifact.com/factchecks/2020/jul/08/facebook-posts/no-covid-19-test-not-go-near-blood-brain-barrie/
Tim Carpenter,"May 23, 2020","Republicans didn't ""increase state funding for nursing homes in the last budget.""",false,Twitter,Health Care; States; Wisconsin,Madeline Heim,"July 6, 2020",https://www.politifact.com/factchecks/2020/jul/06/tim-carpenter/yes-wisconsin-republicans-did-increase-state-fundi/
Rashida Tlaib,"June 4, 2020","“Detroit spent $294 million on police last year, and $9 million on health.”",mostly-true,tweet,Health Care; Public Health; Michigan,Clara Hendrickson,"June 16, 2020",https://www.politifact.com/factchecks/2020/jun/16/rashida-tlaib/fact-checking-rep-tlaibs-claim-detroits-police-hea/
Facebook posts,"June 4, 2020","“N95 masks block few, if any” COVID-19 particles due to their size.",pants-fire,Facebook post,Health Care; Public Health; Coronavirus; Wisconsin,Eric Litke,"June 15, 2020",https://www.politifact.com/factchecks/2020/jun/15/facebook-posts/claim-n95-masks-cant-stop-covid-19-particles-due-s/
Planned Parenthood,"March 4, 2020","""If Roe is overturned, Wisconsin has a law on the books that would immediately make abortion a crime.”",true,news release,Health Care; Legal Issues; Wisconsin,Madeline Heim,"June 11, 2020",https://www.politifact.com/factchecks/2020/jun/11/planned-parenthood/yes-if-federal-abortion-law-were-overturned-wiscon/
Joe Biden,"May 21, 2020",Says President Donald Trump “took more than a month to allocate Congress’ emergency funding to tribes — and only did so after tribes sued.”,mostly-true,statement,Economy; Health Care; Public Health; Coronavirus,Miriam Valverde,"June 1, 2020",https://www.politifact.com/factchecks/2020/jun/01/joe-biden/fact-checking-joe-bidens-claim-trump-delayed-8-bil/
Tom Tiffany,"May 26, 2020","Says the state “health secretary says don't go to hospitals or clinics, now the tourism secretary says don't recreate.”",mostly-false,tweet,Health Care; States; Coronavirus; Wisconsin,Laura Schulte,"May 28, 2020",https://www.politifact.com/factchecks/2020/may/28/tom-tiffany/tiffany-wrong-claim-officials-dont-want-wisconsini/
Vicky Hartzler,"May 7, 2020","""Right now, China controls 80% of all ingredients and raw materials going into our generic prescription drugs.""",mostly-false,letter to the president,Health Care; Foreign Policy; Missouri,Anna Peterson,"May 28, 2020",https://www.politifact.com/factchecks/2020/may/28/vicky-hartzler/its-unclear-how-many-ingredients-raw-materials-are/
Iowa Democratic Party,"April 21, 2020","Says Joni Ernst ""claims she ‘pushed for’ new funding for hospitals and COVID-19 testing after opposing It for weeks.”",half-true,online statement,Federal Budget; Health Care; Public Health; Coronavirus; Iowa,Sarah Watson,"May 21, 2020",https://www.politifact.com/factchecks/2020/may/21/iowa-democratic-party/did-joni-ernst-flip-her-position-health-care-fundi/
Wisconsin state Senate Democrats,"May 8, 2020","Says GOP state Sen. Patrick Testin is responsible for lost $25M in federal funding, because he refused “to do his job.”",mostly-false,news release,Health Care; Public Health; States; Wisconsin,Haley BeMiller,"May 20, 2020",https://www.politifact.com/factchecks/2020/may/20/wisconsin-state-senate-democrats/gop-state-sen-patrick-testin-blame-25m-lost-corona/
Janel Brandtjen,"May 12, 2020",Says Gov Tony Evers’ administration deemed dentists non-essential,false,tweet,Health Care; Public Health; Coronavirus; Wisconsin,Nusaiba Mizan,"May 15, 2020",https://www.politifact.com/factchecks/2020/may/15/janel-brandtjen/yes-dentists-were-essential-under-wisconsins-safer/
Jeff Shipley,"April 28, 2020","Young people ""have a greater chance of being killed by the HPV vaccine than COVID-19.”",pants-fire,Tweet,Health Care; Public Health; Coronavirus; Iowa,Rylee Wilson,"May 12, 2020",https://www.politifact.com/factchecks/2020/may/12/jeff-shipley/covid-19-vs-hpv-vaccine-covid-more-deadly/
Tom  McClintock,"April 29, 2020","“The flu killed 80,000 Americans last year according to the CDC.”",mostly-false,interview on CapRadio's Insight program.,Economy; Health Care; Public Health; California,Chris Nichols,"May 5, 2020",https://www.politifact.com/factchecks/2020/may/05/tom-mcclintock/tom-mcclintock-claimed-flu-killed-80000-americans-/
Facebook posts,"April 21, 2020",Homeless people are immune to COVID-19,pants-fire,Facebook post,Health Care; Public Health; Wisconsin,Laura Schulte,"May 1, 2020",https://www.politifact.com/factchecks/2020/may/01/facebook-posts/no-homeless-people-are-not-immune-catching-covid-1/
Tony Evers,"April 21, 2020","Says Wisconsin measures have ""prevented the death of at least 300 Wisconsinites, and perhaps as many as 1,400 lives.""",mostly-true,Facebook post,Health Care; Public Health; Coronavirus; Wisconsin,Eric Litke,"May 1, 2020",https://www.politifact.com/factchecks/2020/may/01/tony-evers/has-safer-home-wisconsin-saved-300-lives/
Facebook posts,"April 26, 2020",COVID-19 is “here to stay” and “we need to accept that and be prepared to deal with COVID long term.”,mostly-true,Facebook post,Health Care; Public Health; Coronavirus; Wisconsin,Eric Litke,"April 29, 2020",https://www.politifact.com/factchecks/2020/apr/29/facebook-posts/experts-say-covid-19-may-well-be-here-stay-even-af/
Andrew Cuomo,"April 12, 2020","“Some states, like Montana and Nebraska, are getting more than $300,000 in federal stimulus money per reported COVID-19 case. New York is the hardest-hit state and yet we are getting only about $12,000 per case.”",mostly-true,tweet,Federal Budget; Health Care; Medicare; Public Health; State Budget; States; Coronavirus; New York,Meghan Hall,"April 29, 2020",https://www.politifact.com/factchecks/2020/apr/29/andrew-cuomo/what-gov-cuomo-got-right-about-disparity-between-s/
Jamie Nadler,"April 14, 2020",“Small trials” to test convalescent plasma therapy for coronavirus patients “seem to have had some degree of success.”,true,newspaper interview,Health Care; Public Health; Coronavirus; New York,Jaren Holmes,"April 29, 2020",https://www.politifact.com/factchecks/2020/apr/29/jamie-nadler/convalescent-plasma-therapy-showing-promise-agains/
Chris Larson,"April 23, 2020",Says the April 22 jump in COVID-19 cases was related to the election.,false,Facebook post,Elections; Health Care; Public Health; Coronavirus; Wisconsin,Eric Litke,"April 24, 2020",https://www.politifact.com/factchecks/2020/apr/24/chris-larson/chris-larson-has-no-basis-connect-spike-new-corona/
Wisconsin Republican Legislative leaders,"April 20, 2020",“We are currently using only around 20% of our testing capacity.”,half-true,news release,Health Care; States; Wisconsin,Eric Litke,"April 24, 2020",https://www.politifact.com/factchecks/2020/apr/24/wisconsin-republican-legislative-leaders/wisconsin-weeks-using-anywhere-near-listed-coronav/
Wisconsin Republican Legislative leaders,"April 21, 2020",Wisconsin is “clearly seeing a decline in COVID infections”,mostly-false,joint statement,Health Care; Public Health; Coronavirus; Wisconsin,Eric Litke,"April 21, 2020",https://www.politifact.com/factchecks/2020/apr/21/wisconsin-republican-legislative-leaders/no-wisconsin-not-clearly-seeing-decline-covid-case/
Facebook posts,"April 17, 2020",Says Wisconsin’s in-person election has caused a “surge” in new coronavirus cases,false,Facebook post,Health Care; Public Health; Coronavirus; Wisconsin,Eric Litke,"April 21, 2020",https://www.politifact.com/factchecks/2020/apr/21/facebook-posts/no-proof-yet-post-election-surge-coronavirus-cases/
Barack Obama,"April 14, 2020","Republicans “have shown themselves willing to cut millions off their health insurance and eliminate preexisting condition protections for millions more, even in the middle of this public health crisis.""",true,his online video endorsement of Joe Biden for president,Health Care; Public Health; Health Check; Coronavirus,Shefali Luthra,"April 16, 2020",https://www.politifact.com/factchecks/2020/apr/16/barack-obama/obama-gops-stance-preexisting-conditions-base-espe/
Public Citizen,"April 4, 2020","Says 3.5 million U.S. citizens lost their employer-tied health insurance in March, while zero lost their coverage in 20 other large nations combined.",mostly-true,tweet,Health Care; Jobs; Wisconsin,Madeline Heim,"April 16, 2020",https://www.politifact.com/factchecks/2020/apr/16/public-citizen/yes-millions-us-have-lost-job-related-health-insur/
Facebook posts,"March 28, 2020",Pictures and reports of “empty hospitals” prove COVID-19 spread is “fake crisis for real government planned agendas.”,false,Facebook post,Health Care; Public Health; Facebook Fact-checks; Coronavirus,Tom Kertscher,"April 3, 2020",https://www.politifact.com/factchecks/2020/apr/03/facebook-posts/hospital-beds-being-kept-empty-prepare-covid-influ/
Facebook posts,"March 31, 2020","“On February 7, the WHO warned about the limited stock of PPE. That same day, the Trump administration announced it was sending 18 tons of masks, gowns and respirators to China.”",true,Facebook post,National; China; Health Care; Public Health; Facebook Fact-checks; Coronavirus,Bill McCarthy,"April 2, 2020",https://www.politifact.com/factchecks/2020/apr/02/facebook-posts/yes-us-shipped-donated-personal-protective-equipme/
Donald Trump,"March 26, 2020","Speaking of his restriction on travel from China, “I had (Joe) Biden calling me xenophobic. … He called me a racist, because of the fact that he felt it was a racist thing to stop people from China coming in.”",mostly-false,Hannity show interview,China; Health Care; Public Health; Coronavirus,Miriam Valverde,"March 27, 2020",https://www.politifact.com/factchecks/2020/mar/27/donald-trump/fact-checking-whether-biden-called-trump-xenophobi/
Facebook posts,"March 15, 2020","“So Oscar Health, the company tapped by Trump to profit from covid tests, is a Kushner company. Imagine that, profits over national safety.”",half-true,Facebook post,Ethics; Health Care; Public Health; Facebook Fact-checks; Coronavirus,Bill McCarthy,"March 23, 2020",https://www.politifact.com/factchecks/2020/mar/23/facebook-posts/what-kushner-linked-company-has-do-coronavirus-tes/
Sean Hannity,"March 16, 2020","“Now, as it stands, our health care system has adequate ventilators, ICU beds, medical professionals.”",mostly-false,TV segment,Health Care; Public Health; Pundits; PunditFact; Coronavirus,Bill McCarthy,"March 18, 2020",https://www.politifact.com/factchecks/2020/mar/18/sean-hannity/hannity-wrong-health-care-system-ready-coronavirus/
Bloggers,"March 12, 2020",“The CDC can detain anyone with a fever — indefinitely. … Vaccination (is) a way people could get out of detention.”,false,post on the internet,Health Care; Public Health; Coronavirus,Louis Jacobson,"March 16, 2020",https://www.politifact.com/factchecks/2020/mar/16/blog-posting/clarifying-whats-accurate-and-not-claims-about-qua/
Donald Trump,"March 12, 2020","Says Joe Biden “was in charge of the H1N1 Swine Flu epidemic which killed thousands of people. The response was one of the worst on record. Our response is one of the best, with fast action of border closings & a 78% Approval Rating, the highest on record. His was lowest!""",mostly-false,tweet,Health Care; Public Health; Coronavirus,Miriam Valverde,"March 15, 2020",https://www.politifact.com/factchecks/2020/mar/15/donald-trump/fact-checking-trumps-attacks-obama-biden-swine-flu/
Facebook posts,"July 14, 2018","A post comparing two construction workers — “Joe legal” and “Jose illegal” — says “Jose” pays no taxes yet gets free medical care, food stamps, welfare, and 'head of the class' priority for his children in applying for college.",false,posts on the Internet,Immigration; Education; Health Care; Race and Ethnicity; Poverty; Workers; Facebook Fact-checks,Louis Jacobson,"March 13, 2020",https://www.politifact.com/factchecks/2020/mar/13/facebook-posts/post-comparing-joe-legal-and-jose-illegal-rife-ina/
Nancy Pelosi,"March 12, 2020","Of the Trump administration’s European travel restrictions that exempt the U.K.: “Well, you can just get into the Chunnel, and you’ll be in the U.K.”",half-true,press conference,Corrections and Updates; Health Care; Public Health; Coronavirus,Miriam Valverde,"March 12, 2020",https://www.politifact.com/factchecks/2020/mar/12/nancy-pelosi/can-europeans-get-around-trump-travel-ban-going-en/
Donald Trump,"March 11, 2020",The health insurance industry has “agreed to waive all co-payments for coronavirus treatments.”,false,White House speech,Health Care; Coronavirus,Shefali Luthra,"March 12, 2020",https://www.politifact.com/factchecks/2020/mar/12/donald-trump/trump-wrongly-said-health-insurance-companies-will/
Donald Trump,"March 6, 2020",“Anybody that wants a test (for the coronavirus) can get a test.”,pants-fire,remarks to reporters,Health Care; Public Health; Health Check; Coronavirus,Miriam Valverde,"March 11, 2020",https://www.politifact.com/factchecks/2020/mar/11/donald-trump/donald-trumps-wrong-claim-anybody-can-get-tested-c/
Facebook posts,"February 28, 2020",“Every election year has a disease” ... SARS in 2004; avian flu in 2008; swine flu in 2010; MERS in 2012; Ebola in 2014 and 2018; Zika in 2016 and the coronavirus in 2020.,false,posts on social media,National; Elections; Health Care; Health Check; Facebook Fact-checks; Coronavirus,Emily Venezky,"March 11, 2020",https://www.politifact.com/factchecks/2020/mar/11/facebook-posts/no-connection-between-us-national-elections-and-in/
Facebook posts,"March 9, 2020",“Joe Biden just told @Lawrence that as president he would veto Medicare for All if it passed both houses and came to his desk.”,half-true,interview on MSNBC,Health Care; Facebook Fact-checks,Amy Sherman,"March 10, 2020",https://www.politifact.com/factchecks/2020/mar/10/facebook-posts/when-biden-was-asked-if-he-would-veto-medicare-all/
Republican National Committee,"March 5, 2020","On key issues including taxes, health care, the Green New Deal, abortion, and guns, there is “no daylight between” Bernie Sanders and Joe Biden.",half-true,mass email,Abortion; Environment; Immigration; Criminal Justice; Education; Health Care; Taxes; Guns,Louis Jacobson,"March 10, 2020",https://www.politifact.com/factchecks/2020/mar/10/republican-national-committee-republican/there-no-daylight-between-joe-biden-and-bernie-san/
Mike Pence,"March 4, 2020","“With regard to the cost, let me be very clear: HHS has designated the coronavirus test as an essential health benefit.  That means, by definition, it's covered in the private health insurance of every American, as well as covered by Medicare and Medicaid.""",half-true,a press briefing,National; Health Care; Health Check; Coronavirus,Julie Appleby,"March 6, 2020",https://www.politifact.com/factchecks/2020/mar/06/mike-pence/pences-statement-about-insurance-coverage-coronavi/
Mike Pence,"February 29, 2020","Speaking of an HIV outbreak in Indiana during his time as governor, says “we immediately deployed health resources.”",half-true,press conference,Health Care; Public Health,Miriam Valverde,"March 5, 2020",https://www.politifact.com/factchecks/2020/mar/05/mike-pence/fact-checking-pences-defense-response-indiana-hiv-/
Gwen Moore,"December 11, 2019","""Prescription drug companies are charging Americans prices that are on average 4x higher than what's charged in other countries.""",mostly-true,tweet,Drugs; Health Care; Wisconsin,Mica Soellner,"March 5, 2020",https://www.politifact.com/factchecks/2020/mar/05/gwen-moore/wisconsin-us-rep-moore-target-prescription-drug-co/
Bloggers,"February 24, 2020","""Cuba has a lung cancer vaccine we in the US had no access to because we sanctioned Cuba.”",half-true,post on Facebook,National; Elections; Health Care; Facebook Fact-checks,Jon Greenberg,"March 4, 2020",https://www.politifact.com/factchecks/2020/mar/04/blog-posting/sanders-supporters-said-sanctions-blocked-access-c/
Cal Cunningham,"February 5, 2020","Says Sen. Thom Tillis voted to ""take away"" coverage for people with pre-existing conditions.",mostly-true,campaign ad,Corrections and Updates; Health Care; Voting Record; North Carolina,Paul Specht,"March 2, 2020",https://www.politifact.com/factchecks/2020/mar/02/cal-cunningham/cunningham-says-tills-voted-take-away-coverage-pre/
Facebook posts,"November 15, 2019",“If you have the Flu… get these two items… Sambucol (and) Oscillococcinum… in 48 hours you will feel better. In 72 hours you will be almost symptom-free.”,mostly-false,Facebook post,Drugs; Health Care; Public Health; Health Check; Facebook Fact-checks; Coronavirus,Emily Venezky,"February 27, 2020",https://www.politifact.com/factchecks/2020/feb/27/facebook-posts/homeopathic-supplements-are-not-proven-treat-flu/
Joe Biden,"February 23, 2020","Says Bernie Sanders “opposed Obamacare, didn't like the fact we didn't push a single-payer option.”",mostly-false,MSNBC interview,Health Care; Public Health,Miriam Valverde,"February 27, 2020",https://www.politifact.com/factchecks/2020/feb/27/joe-biden/joe-biden-leaves-out-key-facts-claim-bernie-sander/
Pete Buttigieg,"February 22, 2020","Says Bernie Sanders would “go beyond reform and reorder the economy in ways most Democrats — let alone most Americans — don’t support.""",mostly-false,speech,Environment; Economy; Energy; Families; Financial Regulation; Health Care; Jobs; Workers; Vermont,Louis Jacobson,"February 25, 2020",https://www.politifact.com/factchecks/2020/feb/25/pete-buttigieg/polls-show-most-democrats-many-americans-back-key-/
Daniel Lipinski,"February 14, 2020",Says the Affordable Care Act “took money out of the Medicare trust fund.”,half-true,TV interview,Health Care; Medicare; Illinois,Kiannah Sepeda-Miller,"February 23, 2020",https://www.politifact.com/factchecks/2020/feb/23/daniel-lipinski/lipinski-revives-gop-talking-point-aca-medicare-ch/
Facebook posts,"February 20, 2020","“Bernie Sanders wants free health care for all and was asked how he would pay for it. His answer was raise taxes to 52% on anybody making over $29,000 per year.”",false,image,Health Care; Taxes; Facebook Fact-checks,Daniel Funke,"February 21, 2020",https://www.politifact.com/factchecks/2020/feb/21/facebook-posts/viral-post-criticizes-sanders-math-health-care-tax/
Elizabeth Warren,"February 19, 2020","""Amy, I looked online at your (health care) plan. It’s two paragraphs.""",false,debate,Health Care,Louis Jacobson,"February 21, 2020",https://www.politifact.com/factchecks/2020/feb/21/elizabeth-warren/elizabeth-warren-wrong-say-amy-klobuchars-health-p/
Michael Bloomberg,"February 13, 2020",Says “black babies die at rates twice as high as white babies because of a lack of access to affordable health care.”,mostly-true,rally,Children; Families; Health Care; Women; Texas,Madlin Mekelburg,"February 20, 2020",https://www.politifact.com/factchecks/2020/feb/20/michael-bloomberg/checking-bloomberg-houston-infant-mortality/
Pete Buttigieg,"February 19, 2020","The budget hole in Bernie Sanders’ plans “is bigger than the size of the entire economy of the United States.""",half-true,Democratic debate,Health Care; Taxes,Jon Greenberg,"February 20, 2020",https://www.politifact.com/factchecks/2020/feb/20/pete-buttigieg/buttigiegs-bad-math-exaggerates-budget-gap-sanders/
Bernie Sanders,"February 7, 2020",“Pete Buttigieg is a favorite candidate of Wall Street and the health care industry.”,half-true,campaign talking points issued days before the New Hampshire primary,Campaign Finance; Health Care; Health Check,Victoria Knight,"February 19, 2020",https://www.politifact.com/factchecks/2020/feb/19/bernie-sanders/sanders-claim-buttigieg-favorite-health-care-indus/
Donald Trump,"February 4, 2020","""Our new (health care) plans are up to 60% less expensive and better"" than Obamacare.",mostly-false,his State of the Union address to Congress,Health Care; Health Check,Julie Appleby,"February 10, 2020",https://www.politifact.com/factchecks/2020/feb/10/donald-trump/better-other-plans-or-better-nothing-trumps-claim-/
Donald Trump,"February 4, 2020","“Over 130 legislators in this chamber have endorsed legislation that would bankrupt our nation by providing free taxpayer-funded health care to millions of illegal aliens, forcing taxpayers to subsidize free care for anyone in the world who unlawfully crosses our borders.""",half-true,his State of the Union,Health Care; Health Check,Shefali Luthra,"February 5, 2020",https://www.politifact.com/factchecks/2020/feb/05/donald-trump/bankrupt-strong-word/
Donald Trump,"February 4, 2020","Last year, ""for the first time in 51 years, the cost of prescription drugs actually went down.""",mostly-false,his State of the Union,Drugs; Health Care; Health Check,Shefali Luthra,"February 5, 2020",https://www.politifact.com/factchecks/2020/feb/05/donald-trump/donald-trump-said-drug-prices-are-down-his-state-u/
Phil Scott,,"“In 2018, the providers the state paid through the ACO reduced the amount of money spent on healthcare services by $7.7 million.”",half-true,,Health Care; Vermont,Katie Jickling,"February 3, 2020",https://www.politifact.com/factchecks/2020/feb/03/phil-scott/phil-scott-said-onecare-vermont-saved-77-million-l/
Elizabeth Warren,"January 26, 2020","""The president of the United States already has the legal authority to reduce the price of many commonly used prescription drugs.""",true,comments made while campaigning,Health Care; Health Check,Victoria Knight,"January 29, 2020",https://www.politifact.com/factchecks/2020/jan/29/elizabeth-warren/warren-right-presidents-have-power-address-drug-pr/
Bloggers,"December 12, 2018","""FDA finally admits dental fillings are toxic.""",mostly-false,Facebook post,Health Care; Facebook Fact-checks,Ciara O'Rourke,"January 29, 2020",https://www.politifact.com/factchecks/2020/jan/29/blog-posting/fda-has-warned-mercury-teeth-fillings-could-harm-s/
Michael Bloomberg,"January 1, 2020","""Mayor Bloomberg helped lower the number of uninsured by 40 percent, covering 700,000 more New Yorkers""",true,television ad,City Government; Health Care; New York,Jill Terreri Ramos,"January 28, 2020",https://www.politifact.com/factchecks/2020/jan/28/michael-bloomberg/bloomberg-highlights-his-efforts-connect-new-yorke/
Better Future Michigan,"December 16, 2019","Says Gary Peters ""supports ‘Medicare for All,’ siding with radical liberals.""",false,television advertisement.,Health Care; Health Check,Victoria Knight,"January 27, 2020",https://www.politifact.com/factchecks/2020/jan/27/better-future-michigan/attack-ad-claims-michigan-sen-gary-peters-supports/
Bernie Sanders,"January 14, 2020","""We end the $100 billion a year that the health care industry makes.""",true,"comments about his ""Medicare for All"" plan during the January Democratic presidential debate.",Health Care; Health Check,Shefali Luthra,"January 15, 2020",https://www.politifact.com/factchecks/2020/jan/15/bernie-sanders/sanders-medicare-all-plan-targets-health-industrys/
Donald Trump,"January 13, 2020","""I was the person who saved Pre-Existing Conditions in your healthcare.""",pants-fire,tweet.,Health Care; Health Check,Shefali Luthra,"January 15, 2020",https://www.politifact.com/factchecks/2020/jan/15/donald-trump/trumps-claim-he-saved-pre-ex-conditions-part-fanta/
Sean Casten,"December 11, 2019","""From 2000 to 2016, every major drug that was introduced came out of"" National Institutes of Health funding.",half-true,Facebook livestream appearance,Health Care; Illinois,Kiannah Sepeda-Miller,"December 22, 2019",https://www.politifact.com/factchecks/2019/dec/22/sean-casten/casten-partly-right-about-federal-contribution-new/
Michael McCaul,"December 11, 2019","""80% of children born in developing countries die of cancer each year.""",mostly-false,tweet,Health Care; Public Health; Texas,Madlin Mekelburg,"December 20, 2019",https://www.politifact.com/factchecks/2019/dec/20/michael-mccaul/mortality-rate-childhood-cancer-mccaul-texas/
Elizabeth Warren,"December 19, 2019","""Last year, 36 million Americans didn’t have a prescription filled because they couldn’t afford it.""",true,comments made during the December Democratic presidential primary debate.,Health Care; Health Check,Shefali Luthra,"December 20, 2019",https://www.politifact.com/factchecks/2019/dec/20/elizabeth-warren/warrens-argument-millions-cant-afford-their-rx-dru/
Andrew Yang,"December 19, 2019","""If you're a black woman, you're 320% more likely to die from complications in childbirth.""",true,comments during the December Democratic presidential primary debate.,Health Care; Health Check,Victoria Knight,"December 20, 2019",https://www.politifact.com/factchecks/2019/dec/20/andrew-yang/yang-cites-maternal-mortality-stats-talk-about-rac/
Joe Biden,"December 13, 2019","""I (found) the Republican votes for the Recovery Act, Obamacare, help us from falling into a Great Depression.""",mostly-false,rally,National; Candidate Biography; Economy; Health Care,Jon Greenberg,"December 18, 2019",https://www.politifact.com/factchecks/2019/dec/18/joe-biden/joe-biden-says-he-got-republicans-vote-obamacare-a/
Facebook posts,"December 3, 2019","""Male birth control testing stopped after men’s testicles start exploding in India.""",pants-fire,Facebook post,Health Care; Facebook Fact-checks,Ciara O'Rourke,"December 17, 2019",https://www.politifact.com/factchecks/2019/dec/17/facebook-posts/story-about-mens-testicles-exploding-after-male-bi/
Pharmaceutical Research and Manfacturers of America,"November 27, 2019","""Speaker Pelosi's drug pricing plan would siphon $1 trillion or more from biopharmaceutical innovators over the next 10 years. CBO's preliminary estimate found this bill ‘would result in lower spending on research and development and thus reduce the introduction of new drugs.’""",mostly-false,ad,Health Care; Health Check,Shefali Luthra,"December 5, 2019",https://www.politifact.com/factchecks/2019/dec/05/pharmaceutical-research-and-manfacturers-america/pharmas-take-pelosi-drug-pricing-bill-fair-warning/
Joe Biden,"November 20, 2019","""The fact is that right now the vast majority of Democrats do not support Medicare for All.""",mostly-false,comments made during the November Democratic presidential primary debate.,Health Care; Health Check,Victoria Knight,"November 26, 2019",https://www.politifact.com/factchecks/2019/nov/26/joe-biden/did-joe-biden-overstate-democratic-voters-oppositi/
Amy Klobuchar,"November 20, 2019","""Over 70% of the people support Roe v. Wade. Over 90% of the people support funding for Planned Parenthood and making sure women can get the health care they need.""",half-true,comments at Democratic debate,Abortion; Health Care; Health Check,Shefali Luthra,"November 21, 2019",https://www.politifact.com/factchecks/2019/nov/21/amy-klobuchar/klobuchar-leans-support-roe-v-wade-planned-parenth/
Joe Biden,"November 20, 2019","""160 million people like their private insurance.""",half-true,comments during the November Democratic presidential primary debate.,Health Care; Health Check,Shefali Luthra,"November 21, 2019",https://www.politifact.com/factchecks/2019/nov/21/joe-biden/do-160-million-americans-like-their-health-insur/
Nicole Galloway,"October 12, 2019","""Missouri has one of the highest rates of uninsured children in the country.""",half-true,mass email,Children; Health Care; Missouri,Caitlyn Rosen,"November 16, 2019",https://www.politifact.com/factchecks/2019/nov/16/nicole-galloway/claim-missouri-among-highest-rates-uninsured-child/
Elizabeth Warren,"November 4, 2019","""If we make no changes over the next 10 years, Americans will reach into their pockets and pay out about $11 trillion on insurance premiums, copays, deductibles and uncovered medical expenses.""",true,an Instagram post,Health Care; Health Check,Shefali Luthra,"November 12, 2019",https://www.politifact.com/factchecks/2019/nov/12/elizabeth-warren/warren-says-out-pocket-health-spending-will-total-/
Cindi Castilla,"October 30, 2019","Texas lawmakers ""left children able to be sterilized and mutilated at any point in their life"" by failing to adopt a law prohibiting minors from undergoing medical or surgical gender transitions.",mostly-false,press conference,Health Care; Public Health; Texas,Madlin Mekelburg,"November 11, 2019",https://www.politifact.com/factchecks/2019/nov/11/cindi-castilla/what-does-law-say-about-children-and-sex-reassignm/
Joe Gruters,"November 6, 2019","""All the Democrats on the entire stage — every Democratic candidate said they want to give free health care to illegals.""",mostly-false,Tampa Bay Times forum,Immigration; Health Care; Florida,Amy Sherman,"November 8, 2019",https://www.politifact.com/factchecks/2019/nov/08/joe-gruters/florida-gop-chair-wrongly-says-every-democrat-deba/
Mark Pocan,"August 19, 2019","""In WI, over 79% of Title X patients rely on Planned Parenthood for their basic health care.""",mostly-true,tweet,Abortion; Health Care; Public Health; Women; Wisconsin,Mica Soellner,"November 8, 2019",https://www.politifact.com/factchecks/2019/nov/08/mark-pocan/wisconsin-democrats-claim-about-reliance-planned-p/
Facebook posts,"August 4, 2019","""People with pre-existing mental health conditions have access to firearms and not health care.""",half-true,Facebook post,Health Care; Facebook Fact-checks; Guns,Ciara O'Rourke,"November 7, 2019",https://www.politifact.com/factchecks/2019/nov/07/facebook-posts/Facebook-post-mischaracterizes-mental-health-guns/
Jerome Adams,"August 30, 2019","""Marijuana has a unique impact on the developing brain. It can prime your brain for addiction to other substances.""",half-true,remarks at a substance abuse conference.,Health Care; Public Health; Health Check,Shefali Luthra,"November 5, 2019",https://www.politifact.com/factchecks/2019/nov/05/jerome-adams/surgeon-general-pot-has-unique-impact-developing-b/
Ryan Fournier,"October 20, 2019","""Starting January 1, 2020, California will tax legal citizens if they don’t have health insurance. Why? The state needs to come up with $98,000,000 to pay for free health insurance for illegal aliens.""",half-true,tweet,Immigration; Health Care; Homeland Security; Facebook Fact-checks,Miriam Valverde,"October 30, 2019",https://www.politifact.com/factchecks/2019/oct/30/ryan-fournier/fact-checking-claim-about-california-health-care-m/
Association of Mature American Citizens,"August 29, 2019","AARP backed ""federal funding for Planned Parenthood.""",false,Facebook ad,Abortion; National; Health Care,Ciara O'Rourke,"October 22, 2019",https://www.politifact.com/factchecks/2019/oct/22/association-mature-american-citizens/online-ads-claiming-aarp-backed-federal-funding-pl/
Joe Biden,"October 15, 2019","""For people making between $50,000 and $75,000 a year, their taxes are going up about $5,000 because the fact is, they will pay more in new taxes"" for Medicare for All.",mostly-false,comments during the October Democratic primary debate.,Health Care; Health Check,Shefali Luthra,"October 16, 2019",https://www.politifact.com/factchecks/2019/oct/16/joe-biden/bidens-claim-medicare-all-tax-hikes-rests-flaky-an/
Elizabeth Warren,"October 15, 2019","""Back when I was studying it, two out of three families that ended up in bankruptcy after a serious medical problem had health insurance.""",mostly-true,comments made during the Oct. 15 Democratic presidential primary debate,Health Care; Health Check,Shefali Luthra,"October 16, 2019",https://www.politifact.com/factchecks/2019/oct/16/elizabeth-warren/warren-wades-debate-health-care-costs-and-bankrupt/
Pete Buttigieg,"October 15, 2019","Americans ""say that what they want is a choice"" to join a single-payer system like Medicare rather than ending private insurance.",true,Democratic presidential debate,National; Health Care; Polls and Public Opinion,Louis Jacobson,"October 16, 2019",https://www.politifact.com/factchecks/2019/oct/16/pete-buttigieg/refereeing-pete-buttigieg-elizabeth-warren-medicar/
Rodman Debra,"September 20, 2019","Siobhan Dunnavant ""wrote the Republican bill that would let insurance companies deny coverage for pre-existing conditions.""",false,TV ad.,Health Care; Regulation; Voting Record; Virginia,Warren Fiske,"October 1, 2019",https://www.politifact.com/factchecks/2019/oct/01/rodman-debra/rodman-misstates-dunnavants-short-term-health-insu/
Rick Scott,"September 11, 2019","When Rick Scott was governor, Florida ""invested record funding in HIV/AIDS prevention.""",mostly-false,statement to The Guardian,Health Care; Public Health; State Budget; Florida,Amy Sherman,"September 20, 2019",https://www.politifact.com/factchecks/2019/sep/20/rick-scott/florida-sen-rick-scott-misleads-about-record-fundi/
Tim Hugo,"September 10, 2019","Dan Helmer ""believes in abolishing our private insurance system.""",mostly-false,campaign mailer.,Health Care; Medicare; Virginia,Warren Fiske,"September 18, 2019",https://www.politifact.com/factchecks/2019/sep/18/tim-hugo/tim-hugo-misstates-dan-helmers-position-private-he/
Christy Harrison,"August 26, 2019","""We have a host of issues associated with high B.M.I.s. But correlation doesn’t prove causation, and there’s a significant body of research showing that weight stigma and weight cycling can explain most if not all of the associations we see between higher weights and poor health outcomes.""",mostly-false,recent New York Times column,Health Care; Public Health; Health Check,Julie Appleby,"September 17, 2019",https://www.politifact.com/factchecks/2019/sep/17/christy-harrison/obesity-stigma-and-yo-yo-dieting-not-bmi-behind-ch/
Bernie Sanders,"September 12, 2019","""Was it 150 million people on private insurance? 50 million of those people lose their private insurance every year when they quit their jobs, or they go unemployed, or their employer changes their insurance policy.""",mostly-false,comments during the Democratic presidential primary debate,Health Care; Health Check,Emmarie Huetteman,"September 13, 2019",https://www.politifact.com/factchecks/2019/sep/13/bernie-sanders/do-50-million-people-really-lose-health-coverage-e/
Julián Castro,"September 12, 2019","""The difference between what I support and what you support, Vice President Biden, is that you require them to opt in (to a Medicare public option), and I would not require them to opt in. … They would automatically be enrolled. That’s a big difference. … Are you forgetting what you said two minutes ago?""",mostly-false,Democratic presidential debate,National; Health Care,Louis Jacobson,"September 13, 2019",https://www.politifact.com/factchecks/2019/sep/13/julian-castro/julian-castro-attack-joe-bidens-health-plan-falls-/
Dan McCready,"August 28, 2019","Says Dan Bishop ""took the only vote from either party — the only vote — against pharmacists being able to tell people about lower-cost drugs.""",half-true,debate on WBTV,Health Care; North Carolina,Julianna Rennie,"September 3, 2019",https://www.politifact.com/factchecks/2019/sep/03/dan-mccready/nc-congressional-race-mccready-says-bishop-was-lon/
Dan McCready,"August 8, 2019","Says ""Dan Bishop doubles down on removing coverage for people with pre-existing conditions. Under his sham ‘association health plans,’ insurance companies don't have to pay for medications for pre-existing conditions.""",half-true,tweet,Health Care; North Carolina,Paul Specht,"August 23, 2019",https://www.politifact.com/factchecks/2019/aug/23/dan-mccready/mccready-tells-half-story-about-bishops-health-bil/
Elizabeth Warren,"July 11, 2019","""The law says that mental health must be treated the same as physical health,"" but coverage by health insurers is unequal.",true,public forum,Health Care; Wisconsin,Mica Soellner,"August 20, 2019",https://www.politifact.com/factchecks/2019/aug/20/elizabeth-warren/warren-makes-point-disparities-insurance-coverage-/
Mark Cuban,"August 15, 2019","Says ""wealthy people in Canada donate to hospitals"" to get better health care treatment.",mostly-false,tweet,Health Care; Wealth; PunditFact,Bill McCarthy,"August 19, 2019",https://www.politifact.com/factchecks/2019/aug/19/mark-cuban/do-wealthy-canadians-donate-hospitals-get-better-t/
Tammy Baldwin,"June 24, 2019","""More Americans are uninsured today than when (President Donald) Trump took office.""",true,tweet,Health Care; Public Health; Wisconsin,D.L. Davis,"August 13, 2019",https://www.politifact.com/factchecks/2019/aug/13/tammy-baldwin/us-sen-baldwin-right-more-americans-are-without-he/
Physicians for Fair Coverage,"July 15, 2019","""What Congress is considering would cut money that vulnerable patients rely on the most. That means seniors, children and Americans who rely on Medicaid would be hurt. … Tell Congress we can end surprise billing without shredding the safety net.""",false,national commercial,Health Care; Public Health; Health Check,Rachel Bluth,"August 7, 2019",https://www.politifact.com/factchecks/2019/aug/07/physicians-fair-coverage/doctors-argue-plans-remedy-surprise-medical-bills-/
Donald Trump,"July 31, 2019","Says the Democratic presidential candidates ""support giving illegal immigrants free health care at our expense.""",mostly-false,re-election campaign ad,Immigration; National; Health Care; Homeland Security,Miriam Valverde,"August 1, 2019",https://www.politifact.com/factchecks/2019/aug/01/donald-trump/fact-checking-trump-ad-democrats-health-care-immig/
Amy Klobuchar,"July 15, 2019","""There are, literally, two pharmaceutical lobbyists for every member of Congress.""",mostly-true,comments made at an AARP-sponsored Democratic presidential primary candidate forum,Health Care; Health Check,Julie Appleby,"July 26, 2019",https://www.politifact.com/factchecks/2019/jul/26/amy-klobuchar/klobuchar-says-there-are-enough-drug-lobbyists-dc-/
Bernie Sanders,"July 17, 2019","With Medicare for All, ""study after study has shown that ... the average middle-class families will save $3,000 each and every year on their health care bills.""",mostly-false,speech at George Washington University,National; Health Care; Medicare; Taxes,Jon Greenberg,"July 22, 2019",https://www.politifact.com/factchecks/2019/jul/22/bernie-sanders/do-studies-show-middle-class-families-would-save-3/
North Carolina Healthcare Association,"July 7, 2019","Says the changes to the State Health Plan ""will DENY North Carolina state employees, retirees, and their families of in-network access to critical healthcare services.""",half-true,a paid advertisement,Health Care; North Carolina,Elizabeth Thompson,"July 20, 2019",https://www.politifact.com/factchecks/2019/jul/20/north-carolina-healthcare-association/do-state-health-plan-changes-deny-state-employees-/
Americans For Tax Reform,"May 6, 2019","""The Department of Health and Human Services is considering a plan to adopt socialist price controls from foreign countries.""",mostly-false,televised ad by the Americans for Tax Reform,Health Care; Health Check,Shefali Luthra,"July 19, 2019",https://www.politifact.com/factchecks/2019/jul/19/americans-tax-reform/conservative-group-paints-trumps-drug-pricing-expe/
Rick Scott,"July 8, 2019","""Americans are traveling to Canada to pay 12 times less for insulin than they would here in the US.""",half-true,tweet,Health Care; Florida,Jon Greenberg,"July 11, 2019",https://www.politifact.com/factchecks/2019/jul/11/rick-scott/rick-scott-overshoots-how-much-more-insulin-costs-/
Joe Biden,"July 8, 2019","""We made parity between mental health and physical health. It was a fundamental breakthrough in how we thought about how things should work.""",mostly-true,TV interview with CNN's Chris Cuomo,Health Care; Health Check,Shefali Luthra,"July 11, 2019",https://www.politifact.com/factchecks/2019/jul/11/joe-biden/bidens-claim-aca-was-breakthrough-mental-health-pa/
Jess McIntosh,"June 30, 2019","""Fifty percent of Republicans are in favor of Medicare for All.""",mostly-false,TV panel,Health Care; Medicare; Polls and Public Opinion; PunditFact,Bill McCarthy,"July 2, 2019",https://www.politifact.com/factchecks/2019/jul/02/jess-mcintosh/cnn-panelist-misses-mark-gop-support-medicare-all/
Donald Trump,"June 26, 2019","Says Cory Booker has accepted over $400,000 from the pharmaceutical industry during his political career.",mostly-true,tweet from the Trump campaign,National; Campaign Finance; Health Care,Jon Greenberg,"July 2, 2019",https://www.politifact.com/factchecks/2019/jul/02/donald-trump/cory-booker-and-drug-maker-campaign-cash-numbers/
Bill de Blasio,"June 26, 2019","""It matters that we nominate a candidate who saw the destruction wrought by a broken health care system and gave people universal health care. … These things really matter. And these are the things that I've done in New York.""",mostly-false,comments made during the first Democratic presidential primary debate,Health Care; Health Check,Emmarie Huetteman,"June 27, 2019",https://www.politifact.com/factchecks/2019/jun/27/bill-de-blasio/universal-health-care-new-yorkers-not-exactly/
John Delaney,"June 26, 2019","""If you go to every hospital in this country and you ask them one question, which is, ‘How would it have been for you last year if every one of your bills were paid at the Medicare rate?’ Every single hospital administrator said they would close.""",false,comments made during the first Democratic presidential primary debate,Health Care; Health Check,Shefali Luthra,"June 27, 2019",https://www.politifact.com/factchecks/2019/jun/27/john-delaney/delaneys-debate-claim-medicare-all-will-shutter-ho/
Scott Walker,"May 30, 2019","""Wisconsin is a Top 10 state for health care coverage.""",true,tweet,Health Care; Wisconsin,Eric Litke,"June 25, 2019",https://www.politifact.com/factchecks/2019/jun/25/scott-walker/wisconsin-top-10-state-health-care-coverage/
Bernie Sanders,"June 20, 2019","""30,000 Americans a year die waiting for health care because of the cost.""",half-true,tweet,Health Care; Health Check,Shefali Luthra,"June 24, 2019",https://www.politifact.com/factchecks/2019/jun/24/bernie-sanders/fuzzy-math-fuels-sanders-claim-cost-barriers-healt/
Mark Pocan,"April 30, 2019","""The United States is the ONLY industrialized country without universal healthcare.""",true,tweet,Health Care; Medicaid; Medicare; Wisconsin,D.L. Davis,"June 21, 2019",https://www.politifact.com/factchecks/2019/jun/21/mark-pocan/universal-health-care-diagnosis-mark/
Seth Moulton,"June 2, 2019","""The VA negotiates prescription drug prices. Medicare doesn't do that.""",true,CNN town hall,National; Health Care,Stefanie Pousoulides,"June 7, 2019",https://www.politifact.com/factchecks/2019/jun/07/seth-moulton/seth-moulton-correct-prescription-drug-prices-can-/
Joe Biden,"May 28, 2019","""The current school psychologist to student ratio in this country is roughly 1,400 to 1, while experts say it should be at most 700 to 1.""",mostly-true,position paper released at a town hall meeting,Health Care; Health Check,Shefali Luthra,"June 5, 2019",https://www.politifact.com/factchecks/2019/jun/05/joe-biden/biden-highlights-nations-lack-school-psychologists/
Donald Trump,"May 22, 2019","""Drug prices are coming down, first time in 51 years because of my administration.""",mostly-false,speech at the White House,National; Drugs; Health Care,Shefali Luthra,"May 22, 2019",https://www.politifact.com/factchecks/2019/may/22/donald-trump/fact-checking-donald-trumps-claim-drug-prices-are-/
Kirsten Gillibrand,"May 10, 2019","""I actually in 2005 ran on Medicare for all.""",true,campaign stop,Health Care; New York,Jill Terreri Ramos,"May 22, 2019",https://www.politifact.com/factchecks/2019/may/22/kirsten-gillibrand/gillibrand-points-early-support-medicare-all/
Chris  Coons,"May 14, 2019","Obamacare granted ""the protection against preexisting condition discrimination that extended to more than 150 million Americans, folks who get their health insurance through their employer.""",half-true,"interview on MSNBC's ""Morning Joe.""",Health Care; Health Check,Julie Rovner,"May 21, 2019",https://www.politifact.com/factchecks/2019/may/21/chris-coons/did-affordable-care-act-create-preexisting-conditi/
Donald Trump,"May 9, 2019","""We will always protect patients with pre-existing conditions, very importantly.""",false,comments delivered during a White House event on surprise medical bills,Health Care; Health Check,Shefali Luthra,"May 16, 2019",https://www.politifact.com/factchecks/2019/may/16/donald-trump/trumps-talk-preexisting-conditions-doesnt-match-hi/
Eric Swalwell,"May 8, 2019","""The so-called ‘heartbeat’ law outlaws abortion before most women even know that they're pregnant. This is one of the most restrictive anti-abortion laws in our country.""",mostly-true,posted on Twitter,Abortion; Health Care; Health Check,Shefali Luthra,"May 13, 2019",https://www.politifact.com/factchecks/2019/may/13/eric-swalwell/eric-swalwells-tweet-about-georgias-new-abortion-r/
Joe Manchin,"April 17, 2019","""Nearly 20 million Americans ... have gained health insurance since (the Affordable Care Act) passed in 2010.""",mostly-true,tweet,West Virginia; Health Care,Garrett Spikes,"May 10, 2019",https://www.politifact.com/factchecks/2019/may/10/joe-manchin/have-20-million-americans-gained-health-insurance-/
Bernie Sanders,"April 30, 2019","""One out of five Americans cannot afford the cost of prescription drugs.""",mostly-true,interview on CNN,National; Health Care,Jon Greenberg,"May 6, 2019",https://www.politifact.com/factchecks/2019/may/06/bernie-sanders/sanders-1-out-5-cant-afford-prescription-drugs/
Cory Booker,"April 29, 2019","""We now have longitudinal data that shows that children born around Superfund sites have dramatically higher rates of birth defects, dramatically higher rates of autism.""",mostly-true,cable TV news interview.,Environment; Autism; Health Care; Public Health; Health Check,Shefali Luthra,"May 1, 2019",https://www.politifact.com/factchecks/2019/may/01/cory-booker/bookers-argument-environmental-justice-stays-withi/
Bloggers,"April 29, 2019","""Before 1973 it was illegal in the U.S. to profit off of health care.""",false,Facebook post,Health Care; Facebook Fact-checks,John Kruzel,"May 1, 2019",https://www.politifact.com/factchecks/2019/may/01/blog-posting/no-it-was-not-illegal-profit-us-healthcare-nixon-e/
Facebook posts,"April 22, 2019",Says Mitch McConnell was cured of polio when he was a child by government-funded care and now he’s trying to take that same care away from millions of Americans,false,Facebook post,Health Care; History; Facebook Fact-checks,Samantha Putterman,"April 29, 2019",https://www.politifact.com/factchecks/2019/apr/29/facebook-posts/no-mitch-mcconnell-was-not-cured-polio-child-becau/
Tim Ryan,"April 11, 2019","""Half the country today has either diabetes or prediabetes.""",mostly-true,town hall,National; Health Care; Public Health,Miriam Valverde,"April 29, 2019",https://www.politifact.com/factchecks/2019/apr/29/tim-ryan/does-half-population-have-diabetes-or-prediabetes-/
Kamala Harris,"April 22, 2019","""One out of 4 diabetes patients in our country cannot afford their insulin.""",mostly-true,CNN town hall event,Health Care; Public Health; Health Check,Shefali Luthra,"April 26, 2019",https://www.politifact.com/factchecks/2019/apr/26/kamala-harris/high-cost-insulin-keeping-diabetics-taking-their-m/
Amy Klobuchar,"April 22, 2019","""Big pharmaceuticals pay off — they literally pay off — generics to keep the prices and the competition off the market.""",true,CNN town hall event for Democratic presidential candidates,Corrections and Updates; Health Care; Health Check,Emmarie Huetteman,"April 25, 2019",https://www.politifact.com/factchecks/2019/apr/25/amy-klobuchar/klobuchar-wants-stop-drugmakers-bad-practice-keeps/
Gavin Newsom,"April 17, 2019",California is leading the nation in holding drug companies accountable and fighting prescription drug prices.,half-true,news release,Health Care; Health Check,Samantha Young,"April 25, 2019",https://www.politifact.com/factchecks/2019/apr/25/gavin-newsom/newsom-california-leads-prescription-drugs/
The Partnership for Safe Medicines,"April 18, 2019","Florida state senators ""are pushing a new government program that allows prescription drugs from China without FDA inspection.""",false,TV ad,Drugs; Health Care; Florida,Amy Sherman,"April 25, 2019",https://www.politifact.com/factchecks/2019/apr/25/partnership-safe-medicines/tv-ad-misleads-florida-plan-import-drugs-canada/
John Delaney,"April 13, 2019","""Most of home care is paid by government programs.""",mostly-true,Tweet,National; Health Care; Medicaid; Medicare,Yanqi Xu,"April 25, 2019",https://www.politifact.com/factchecks/2019/apr/25/john-delaney/most-home-care-government-funded/
Dave Griffith,"February 12, 2019","""Every county in the state of Texas has a veterans court.""",false,hearing,Health Care; Legal Issues; Veterans; Missouri,Gaëlle Fournier,"April 25, 2019",https://www.politifact.com/factchecks/2019/apr/25/dave-griffith/does-texas-have-veterans-treatment-court-each-coun/
Joe Manchin,"March 18, 2019","""It is estimated that more than 20 veterans die by suicide every day.""",mostly-true,press release,West Virginia; Health Care; Public Health; Veterans,Garrett Spikes,"April 24, 2019",https://www.politifact.com/factchecks/2019/apr/24/joe-manchin/do-more-20-veterans-die-suicide-every-day/
Beto O'Rourke,"April 16, 2019","""Disparities in infant mortality between white America and black America (are) greater today, in 2019,  than in the year 1850...""",mostly-true,speech.,Children; Health Care; Public Health; Women; Virginia,Warren Fiske,"April 23, 2019",https://www.politifact.com/factchecks/2019/apr/23/beto-orourke/la-di-dah/
West Virginia Democratic Party,"April 1, 2019","The Affordable Care Act ""provided over 200,000 West Virginians with health care coverage.""",true,tweet,West Virginia; Health Care,Catherine Harrington,"April 17, 2019",https://www.politifact.com/factchecks/2019/apr/17/west-virginia-democratic-party/has-affordable-care-act-given-200000-plus-west-vir/
Shelia Stubbs,"March 12, 2019","""Wisconsin (has) the highest infant mortality rate for black babies nationwide.""",true,public forum,Children; Families; Health Care; Race and Ethnicity; Women; Wisconsin,D.L. Davis,"April 16, 2019",https://www.politifact.com/factchecks/2019/apr/16/shelia-stubbs/state-rep-stubbs-hits-target-claim-wisconsins-blac/
Joe Biden,"April 11, 2019","""People show up in the emergency room with a sprained ankle, 25 percent get an opioid prescription.""",mostly-true,panel at the University of Pennsylvania,National; Drugs; Health Care,Amy Sherman,"April 16, 2019",https://www.politifact.com/factchecks/2019/apr/16/joe-biden/joe-biden-cites-study-found-25-percent-ankle-sprai/
Mick Mulvaney,"April 7, 2019","""Drug prices in this country actually came down last year for the first time in 50 years. That’s because Donald Trump’s president.""",mostly-false,a interview during Fox News Sunday,Health Care; Health Check,Shefali Luthra,"April 15, 2019",https://www.politifact.com/factchecks/2019/apr/15/mick-mulvaney/mulvaney-trump-brought-down-drug-prices-first-time/
John Hickenlooper,"March 31, 2019","""We got to almost universal coverage in health care in Colorado.""",mostly-true,an interview on MSNBC,National; Health Care,Julianna Rennie,"April 11, 2019",https://www.politifact.com/factchecks/2019/apr/11/john-hickenlooper/hickenlooper-expanded-medicaid-created-state-run-m/
Mick Mulvaney,"March 31, 2019","""Every single (health care) plan that this White House has ever put forward since Donald Trump was elected covered pre-existing conditions.""",mostly-false,"interview on ABC News' ""This Week""",National; Health Care,Jon Greenberg,"April 1, 2019",https://www.politifact.com/factchecks/2019/apr/01/mick-mulvaney/republican-pre-existing-protections-leave-some-vul/
John Bucy III,"March 27, 2019","""Right now, 1 in 4 Texas women of reproductive age are uninsured, totaling 1.5 million Texas women.""",true,Texas House,Corrections and Updates; Health Care; Texas,Madlin Mekelburg,"March 29, 2019",https://www.politifact.com/factchecks/2019/mar/29/john-bucy-iii/about-1-4-texas-women-reproductive-age-dont-have-h/
Julián Castro,"March 26, 2019","Says Donald Trump’s health care policies have ""left millions more Americans uninsured since he took office.""",half-true,tweet,National; Health Care,Jon Greenberg,"March 28, 2019",https://www.politifact.com/factchecks/2019/mar/28/julian-castro/rise-uninsured-under-trump-tops-1-million-beware-e/
Julián Castro,"March 12, 2019","Says President Donald Trump’s fiscal year 2020 budget ""slashes investments in health care to pay for tax cuts to billionaires.""",half-true,tweet,Economy; Health Care; Medicaid; Medicare; Texas,Miriam Valverde,"March 20, 2019",https://www.politifact.com/factchecks/2019/mar/20/julian-castro/fact-checking-julian-castros-claim-about-trump-202/
Tulsi Gabbard,"March 10, 2019","""We pay far more for health care than any other country in the world, yet we have far worse outcomes than any other country in the world.""",mostly-true,town hall,National; Health Care; Public Health,Tom Kertscher,"March 18, 2019",https://www.politifact.com/factchecks/2019/mar/18/tulsi-gabbard/yes-americans-spend-ton-health-care-worst-outcomes/
Kirsten Gillibrand,"February 25, 2019","""Almost every day another 9/11 survivor or responder dies from a 9/11-related cancer.""",mostly-false,a news conference,Health Care; Terrorism; New York,Jill Terreri Ramos,"March 9, 2019",https://www.politifact.com/factchecks/2019/mar/09/kirsten-gillibrand/gillibrand-highlights-911-cancer-deaths/
Bernie Sanders,"February 25, 2019","Says President Donald Trump ""came forth with a budget — a trillion dollar cut in Medicaid, $500 billion to Medicare, and $72 billion for the Social Security Disability Fund.""",half-true,CNN town hall event,National; Disability; Health Care; Medicaid; Medicare,Jon Greenberg,"March 6, 2019",https://www.politifact.com/factchecks/2019/mar/06/bernie-sanders/sanders-attacks-trump-cuts-medicaid-medicar/
Facebook posts,"February 26, 2019",Says the WIC program was created by the Black Panthers to help feed single mothers and children in their communities.,false,Facebook posts,Children; Food; Health Care; History; Facebook Fact-checks,Samantha Putterman,"March 5, 2019",https://www.politifact.com/factchecks/2019/mar/05/facebook-posts/no-black-panthers-did-not-create-wic-program/
Kirsten Gillibrand,"February 7, 2019","""A black woman in New York City is 12 times more likely to die in childbirth than a white woman.""",mostly-true,tweet,Health Care; Public Health; New York,Jill Terreri Ramos,"March 2, 2019",https://www.politifact.com/factchecks/2019/mar/02/kirsten-gillibrand/gillibrand-raises-issue-racial-disparity-maternal-/
Bernie Sanders,"February 25, 2019","""We have a president who wanted to throw 32 million people off of the health care they had.""",half-true,CNN town hall event,National; Health Care,Jon Greenberg,"February 28, 2019",https://www.politifact.com/factchecks/2019/feb/28/bernie-sanders/sanders-trump-wanted-cut-health-care-32-million/
Amy Klobuchar,"February 18, 2019","Prescription drugs ""are nearly 20 percent of our health care costs now when you include hospital prescription drugs.""",mostly-true,town hall,National; Drugs; Health Care,Tom Kertscher,"February 22, 2019",https://www.politifact.com/factchecks/2019/feb/22/amy-klobuchar/20-health-costs-are-prescription-drugs-presidentia/
Bernie Sanders,"February 19, 2019","""In Canada, for a number of decades, they have provided quality care to all people without out-of-pocket expenses. You go in for cancer therapy, you don't take out your wallet.""",half-true,interview on CBS This Morning,National; Health Care,Jon Greenberg,"February 22, 2019",https://www.politifact.com/factchecks/2019/feb/22/bernie-sanders/sanders-skips-canada-out-pocket-health/
Cory Gardner,"February 14, 2019","Says Kamala Harris said, ""We will take their (health) insurance away.""",half-true,interview,National; Health Care; Medicare,Tom Kertscher,"February 21, 2019",https://www.politifact.com/factchecks/2019/feb/21/cory-gardner/did-2020-presidential-candidate-kamala-harris-say-/
Cory Booker,"February 4, 2019","""Even the (Congressional Budget Office) says if you lower Medicare to allow 50 year olds to get into it, you can not only save the government money, but you can lower premiums for all Americans.""",false,interview on CBS This Morning,National; Health Care,Jon Greenberg,"February 8, 2019",https://www.politifact.com/factchecks/2019/feb/08/cory-booker/medicare-booker-cites-non-existent-cbo-study/
Patrick Morrisey,"January 6, 2019","Obamacare premiums ""have gone up 160 percent in West Virginia in 4 yrs.""",mostly-true,Facebook post,West Virginia; Health Care,Garrett Spikes,"February 7, 2019",https://www.politifact.com/factchecks/2019/feb/07/patrick-morrisey/did-obamacare-premiums-rise-160-percent-west-virgi/
Alexandria Ocasio-Cortez,"February 5, 2019","""70 percent of Americans believe in improved and expanded Medicare for All.""",half-true,interview on MSNBC,Health Care; New York,Jon Greenberg,"February 6, 2019",https://www.politifact.com/factchecks/2019/feb/06/alexandria-ocasio-cortez/ocasio-cortez-70-support-medicare-all/
José Oliva,"January 30, 2019","Health care is the ""No. 1 reason for bankruptcy.""",half-true,AP legislative day,Bankruptcy; Health Care; Florida,Amy Sherman,"January 31, 2019",https://www.politifact.com/factchecks/2019/jan/31/jose-oliva/health-care-top-reason-bankruptcies-florida-gop-le/
Maria Cantwell,"January 23, 2019","""7 million more Americans are uninsured now than when President Trump was elected.""",half-true,tweet,National; Health Care,Louis Jacobson,"January 25, 2019",https://www.politifact.com/factchecks/2019/jan/25/maria-cantwell/have-7-million-americans-become-uninsured-2016/
Bloggers,"December 22, 2018","""October 2013, Obama shut down the government for 16 days to force Obamacare.""",half-true,Facebook post,Immigration; Health Care; Facebook Fact-checks,Jon Greenberg,"January 2, 2019",https://www.politifact.com/factchecks/2019/jan/02/blog-posting/obama-2013-and-trump-2018-are-shutdowns-same/
Alberta Darling,"December 5, 2018","""Democrats flip flop on pre-existing conditions.""",false,news release,Health Care; Public Health; Wisconsin,Tom Kertscher,"December 18, 2018",https://www.politifact.com/factchecks/2018/dec/18/alberta-darling/did-wisconsin-democrats-flip-flop-pre-existing-con/
Amy Klobuchar,"December 3, 2018","""After a decade of progress, the rate of uninsured children is now rising.""",mostly-true,tweet,National; Health Care,Jon Greenberg,"December 5, 2018",https://www.politifact.com/factchecks/2018/dec/05/amy-klobuchar/amy-klobuchar-number-rate-children-without-insuran/
Alexandria Ocasio-Cortez,"December 2, 2018","""$21T in Pentagon accounting errors. Medicare for All costs ~$32T. That means 66% of Medicare for All could have been funded already by the Pentagon.""",false,tweet,National; Federal Budget; Health Care; Medicare; Military,Louis Jacobson,"December 3, 2018",https://www.politifact.com/factchecks/2018/dec/03/alexandria-ocasio-cortez/alexandria-ocasio-cortez-wrong-scale-pentagon-acco/
Dale Kooyenga,"November 7, 2018","Wisconsin has ""the number one health care system in the country. Everyone in poverty now has health care""",half-true,radio interview,Health Care; Medicaid; Medicare; Public Health; Wisconsin,D.L. Davis,"November 30, 2018",https://www.politifact.com/factchecks/2018/nov/30/dale-kooyenga/state-rep-dale-kooyenga-close-ranking-falters-ever/
Tammy Baldwin,"September 14, 2018","Says as a Schedule 1 drug, marijuana carries a designation that means it ""should not be researched""",mostly-false,radio interview,Drugs; Health Care; Marijuana; Wisconsin,Eric Litke,"November 21, 2018",https://www.politifact.com/factchecks/2018/nov/21/tammy-baldwin/us-sen-tammy-baldwin-strikes-out-marijuana-researc/
Gwen Moore,"November 8, 2018","""We have lost over $1 billion in not taking the Medicaid expansion money, only to insure fewer people.""",mostly-true,TV interview,Health Care; Medicaid; Medicare; Public Health; Wisconsin,Eric Litke,"November 20, 2018",https://www.politifact.com/factchecks/2018/nov/20/gwen-moore/us-rep-gwen-moore-correctly-says-fewer-are-insured/
Richard Ojeda,"October 24, 2018","""We have lost more lives in the last two years"" due to opioids ""than all of the lives lost during the Vietnam War.""",true,video posted to Facebook,West Virginia; Drugs; Health Care; Military,Douglas Soule,"November 15, 2018",https://www.politifact.com/factchecks/2018/nov/15/richard-ojeda/have-more-died-opioids-two-years-vietnam-war/
Tammy Baldwin,"September 14, 2018","Says VA doctors are ""censored from being able to talk to their patients"" about marijuana, even in states where it is legal for medicinal use",mostly-false,radio interview,Drugs; Health Care; Veterans; Marijuana; Wisconsin,Eric Litke,"November 9, 2018",https://www.politifact.com/factchecks/2018/nov/09/tammy-baldwin/us-sen-tammy-baldwins-claim-va-doctors-are-censore/
Phil Scott,"October 10, 2018","""We had a waiting list in Chittenden County when I came into office of about 700. ... We opened a new treatment hub in St. Albans, and it reduced that number to zero.""",half-true,campaign debate,Drugs; Health Care; Vermont,Lola  Duffort,"November 8, 2018",https://www.politifact.com/factchecks/2018/nov/08/phil-scott/vermonts-governor-inflating-his-record-when-it-com/
Claire McCaskill,"October 25, 2018","""The Collins-Nelson bill will not protect pre-existing conditions. It has nothing to do with pre-existing conditions.""",mostly-false,debate,Health Care; Missouri,Dylan Sherman,"November 5, 2018",https://www.politifact.com/factchecks/2018/nov/05/claire-mccaskill/checking-claire-mccaskill-gops-plan-pre-existing-c/
House Majority PAC,"October 26, 2018","Says Ohio U.S. Rep. Steve Chabot ""voted to cut health care for kids, affecting up to half the families at Cincinnati’s own Children’s Hospital.""",half-true,TV ad,National; Children; Health Care; Medicaid,Samantha Putterman,"November 5, 2018",https://www.politifact.com/factchecks/2018/nov/05/house-majority-pac/did-steve-chabot-vote-take-health-care-away-kids/
Mike Braun,"October 30, 2018",Says he didn't support the lawsuit to repeal the Affordable Care Act.,mostly-false,debate,National; Health Care,Dror Sharon,"November 5, 2018",https://www.politifact.com/factchecks/2018/nov/05/mike-braun/does-mike-braun-support-lawsuit-end-obamacare/
Democratic Congressional Campaign Committee,"October 30, 2018","Says New York Rep. John Faso ""cast the deciding vote"" to try to kill health care protections provided by Obamacare.",mostly-false,campaign ad,National; Health Care,Stephen Koff,"November 5, 2018",https://www.politifact.com/factchecks/2018/nov/05/democratic-congressional-campaign-committee/whos-blame-almost-killing-obamacare-democrats-poin/
Mark Harris,,"""Liberal Democrats"" who back Dan McCready ""cut $716 BILLION from Medicare to fund their healthcare scheme: Obamacare.""",mostly-false,,Health Care; North Carolina,Rashaan Ayesh,"November 3, 2018",https://www.politifact.com/factchecks/2018/nov/03/mark-harris-nc/republican-says-democrats-cut-billions-medicare-le/
Tony Evers,"November 1, 2018","Says Walker ""wants to get rid of"" students’ ability to stay on their parents’ health insurance.",false,public forum,Families; Health Care; Wisconsin,Eric Litke,"November 2, 2018",https://www.politifact.com/factchecks/2018/nov/02/tony-evers/tony-evers-claim-against-scott-walker-student-heal/
Donald Trump,"October 26, 2018","""The Democrat plan would just obliterate Medicare and terminate Medicare Advantage ... seniors who have been paying for this for years (and) will not be taken care of anymore.""",false,campaign rally,National; Health Care; Medicare,Manuela Tobias,"November 2, 2018",https://www.politifact.com/factchecks/2018/nov/02/donald-trump/medicare-all-expands-medicare-does-not-obliterate-/
Tammy Baldwin,"September 26, 2018","Says that after the overdose death of a Tomah VA veteran, she ""brought both parties together to help pass a law"" to ""make the VA accountable and also to stop the overprescribing of"" opioids.",mostly-true,campaign ad,Health Care; Veterans; Wisconsin,D.L. Davis,"November 2, 2018",https://www.politifact.com/factchecks/2018/nov/02/tammy-baldwin/baldwin-bipartisan-bill-claim-scores-comes-caveat/
Heidi Heitkamp,"October 28, 2018","""President Donald Trump even referred to one of (Kevin) Cramer’s health care repeal bills as 'mean' because the bill gutted protections for North Dakotans with preexisting conditions.""",mostly-true,op-ed,National; Health Care,Dror Sharon,"November 1, 2018",https://www.politifact.com/factchecks/2018/nov/01/heidi-heitkamp/did-donald-trump-call-republican-health-care-plan-/
Kevin Cramer,"October 26, 2018","""Protections on pre-existing conditions have been there since the 1970s.""",false,U.S. Senate debate,National; Health Care,Manuela Tobias,"November 1, 2018",https://www.politifact.com/factchecks/2018/nov/01/kevin-cramer/no-protections-pre-existing-conditions-have-not-ex/
Jon Tester,"October 10, 2018","""Matt Rosendale supports plans that don’t have to cover (pre-existing conditions).""",true,an ad,National; Health Care,John Kruzel,"October 31, 2018",https://www.politifact.com/factchecks/2018/oct/31/jon-tester/montanas-matt-rosendale-supports-plans-dont-cover-/
Linda Coleman,"October 26, 2018","""Seniors can be charged five times what anybody else is charged for health care for pre-existing conditions"" under the Republican health care bill.",mostly-false,town hall,Health Care; Medicare; North Carolina,Bill McCarthy,"October 30, 2018",https://www.politifact.com/factchecks/2018/oct/30/linda-coleman/linda-colemans-comments-seniors-and-health-care-ex/
Martha McSally,"October 24, 2018","Says she’s ""leading the fight"" to ""force insurance companies to cover pre-existing conditions.""",mostly-false,campaign ad,Health Care; Arizona,Miriam Valverde,"October 30, 2018",https://www.politifact.com/factchecks/2018/oct/30/martha-mcsally/fact-checking-martha-mcsally-pre-existing-conditio/
John Culberson,"October 25, 2018","Says Texas Democrat Lizzie Pannill Fletcher contradicted herself on her health care position by saying ""we need universal health care.""",false,TV ad,National; Health Care,Samantha Putterman,"October 30, 2018",https://www.politifact.com/factchecks/2018/oct/30/john-culberson/lizzie-fletcher-does-not-want-government-funded-un/
Ricardo Lara,"October 24, 2018","As California's Insurance Commissioner, ""Steve Poizner pledged to block immigrant children from ever getting MediCal health insurance.""",half-true,full-page newspaper ads,Immigration; Health Care; California,Chris Nichols,"October 30, 2018",https://www.politifact.com/factchecks/2018/oct/30/ricardo-lara/fact-checking-immigration-claim-california-insuran/
Troy Balderson,"October 20, 2018","""A lot of people are still dealing with lack of access to health care. There are counties out there, in my former Senate district, that didn’t have doctors and providers.""",half-true,television interview,National; Health Care,Stephen Koff,"October 30, 2018",https://www.politifact.com/factchecks/2018/oct/30/troy-balderson/ohio-troy-balderson-brings-seldom-mentioned-health/
Linda Coleman,,"""George Holding has voted 13 times to deny Kevin, and the 300,000 people like him in the 2nd Congressional District, coverage"" for their pre-existing conditions.",mostly-true,,Health Care; North Carolina,Rashaan Ayesh,"October 29, 2018",https://www.politifact.com/factchecks/2018/oct/29/linda-coleman/holding-voted-quite-consistently-healthcare-bills/
Peter Roskam,"October 22, 2018","Says the Washington Post fact-checked a charge he opposed pre-existing condition protections for health insurance ""and gave that Four Pinocchios.""",pants-fire,debate appearance,Health Care; Illinois,Kiannah Sepeda-Miller,"October 28, 2018",https://www.politifact.com/factchecks/2018/oct/28/peter-roskam/roskam-fibs-about-facts-and-fact-checks-his-health/
George Holding,"October 22, 2018","""Obamacare raised premiums by 100 percent and after that 91 percent of the people were covered, but we’re all paying 100 percent more.""",false,debate,Health Care; North Carolina,Bill McCarthy,"October 26, 2018",https://www.politifact.com/factchecks/2018/oct/26/george-holding/holding-misleads-obamacare-premium-increase-during/
Leah Vukmir,"October 19, 2018","Says Tammy Baldwin’s ""Medicare for All"" plan means senior citizens would ""no longer have"" Medicare.",mostly-false,debate,Health Care; Medicare; Public Health; Wisconsin,Tom Kertscher,"October 26, 2018",https://www.politifact.com/factchecks/2018/oct/26/leah-vukmir/leah-vukmirs-attack-tammy-baldwin-ignores-medicare/
Bloggers,,"If you get a flu shot, you're ""poisoning yourself.""",pants-fire,,Fake news; Health Care; Public Health; Facebook Fact-checks,C. Eugene Emery Jr.,"October 25, 2018",https://www.politifact.com/factchecks/2018/oct/25/blog-posting/bloggers-poison-truth-claim-about-flu-shot-dangers/
Donald Trump,"October 12, 2018","Says a recent opioid bill that reached his desk had ""very little Democrat support.""",pants-fire,rally,National; Health Care; Public Health,Louis Jacobson,"October 24, 2018",https://www.politifact.com/factchecks/2018/oct/24/donald-trump/donald-trump-wrong-opioid-bill-didnt-get-much-demo/
North Carolina Republican Party,"October 23, 2018","Democrats pledged to ""force all North Carolinians into a single-payer health insurance scheme"" that would cost $72 billion.",false,ad campaign,Health Care; North Carolina,Paul Specht,"October 23, 2018",https://www.politifact.com/factchecks/2018/oct/23/north-carolina-republican-party/nc-gop-falsely-ties-dozens-democrats-single-payer-/
Sydney Batch,"October 23, 2018","John Adcock and Republicans’ plan for health care ""would get rid of coverage altogether for thousands of families and raise premiums on the rest of us.""",false,TV ad,Health Care; North Carolina,Paul Specht,"October 23, 2018",https://www.politifact.com/factchecks/2018/oct/23/sydney-batch/democrat-falsely-links-newly-appointed-republican-/
Joe Manchin,"August 23, 2018","""Black lung cases are at a 25-year high.""",true,news release,West Virginia; Energy; Health Care; Public Health,Douglas Soule,"October 23, 2018",https://www.politifact.com/factchecks/2018/oct/23/joe-manchin/are-black-lung-cases-25-year-high/
VoteVets.org,"October 12, 2018","Says Rick Scott’s ""hospital company stole millions, defrauding the military’s health care program.""",true,ad,Health Care; Legal Issues; Florida,Amy Sherman,"October 23, 2018",https://www.politifact.com/factchecks/2018/oct/23/votevetsorg/rick-scotts-companys-fraud-focus-attack-veterans-g/
Dave Brat,"October 11, 2018","Abigail Spanberger ""wants a tax increase of $32 trillion - that’s with a `T,’ to pay for her socialist health care plan.""",false,Facebook post.,Health Care; Taxes; Virginia,Warren Fiske,"October 23, 2018",https://www.politifact.com/factchecks/2018/oct/23/dave-brat/brat-misstates-spanbergers-stance-medicare-all/
Kathy Manning,"October 9, 2018","Says Ted Budd ""voted to gut protections for pre-existing conditions … letting insurance companies deny coverage for (necessary) treatment.""",half-true,television ad,Health Care; North Carolina,Bill McCarthy,"October 22, 2018",https://www.politifact.com/factchecks/2018/oct/22/kathy-manning/fact-checking-kathy-mannings-ad-ted-budd-and-pre-e/
Tony Evers,"October 9, 2018","""Wisconsin pays 50% more than Minnesota for the same health care.""",mostly-false,TV ad,Health Care; Public Health; Wisconsin,Tom Kertscher,"October 22, 2018",https://www.politifact.com/factchecks/2018/oct/22/tony-evers/attack-scott-walker-tony-evers-misleads-claiming-h/
Democratic Senatorial Campaign Committee,"October 16, 2018","Says Dean Heller ""broke that promise"" to protect expanded Medicaid.",half-true,attack ad,National; Health Care,Jon Greenberg,"October 19, 2018",https://www.politifact.com/factchecks/2018/oct/19/democratic-senatorial-campaign-committee/did-nevadas-dean-heller-break-his-promise-protect-/
Arizona Democratic Party,"October 4, 2018","Says Rep. Martha McSally ""has repeatedly tried to limit women’s access to birth control, and she even cosponsored a bill to make contraception more expensive for women.""",half-true,website,Health Care; Women; Arizona,Miriam Valverde,"October 19, 2018",https://www.politifact.com/factchecks/2018/oct/19/arizona-democratic-party/it-true-martha-mcsally-backed-bill-make-birth-cont/
Tony Evers,"October 10, 2018","Says Scott Walker supports ""a health care plan that would gut protections for pre-existing conditions.""",mostly-true,campaign video,Health Care; Public Health; Wisconsin,Tom Kertscher,"October 18, 2018",https://www.politifact.com/factchecks/2018/oct/18/tony-evers/scott-walker-says-he-would-cover-pre-existing-cond/
Andrew Gillum,"September 26, 2018","""In Congress, Ron DeSantis demanded that any new health law eliminate protections for people with pre-existing conditions.""",half-true,ad,Health Care; Florida,Amy Sherman,"October 18, 2018",https://www.politifact.com/factchecks/2018/oct/18/andrew-gillum/fact-checking-attack-ron-desantis-about-pre-existi/
Andrew Gillum,"September 26, 2018","""When (Ron DeSantis) was asked what cancer patients should do without health insurance, DeSantis said 'show up to the emergency room.'""",half-true,ad,Health Care; Florida,Amy Sherman,"October 18, 2018",https://www.politifact.com/factchecks/2018/oct/18/andrew-gillum/florida-democrats-say-ron-desantis-wants-send-canc/
House Majority PAC,"October 9, 2018","Says U.S. Rep. Mimi Walters ""took $213,000 from insurance interests"" and that she supported a plan that ""strips protections for people with pre-existing conditions and slaps an age tax on older Californians.""",half-true,TV ad,Health Care; California,Samantha Putterman,"October 16, 2018",https://www.politifact.com/factchecks/2018/oct/16/house-majority-pac/did-mimi-walters-get-over-200000-insurance-industr/
National Republican Congressional Committee,"October 9, 2018","Says Washington’s Kim Schrier has a plan to eliminate employer-provided health coverage, double income taxes and put your care ""in the hands of government bureaucrats.""",mostly-false,campaign ad,National; Health Care,Stephen Koff,"October 11, 2018",https://www.politifact.com/factchecks/2018/oct/11/national-republican-congressional-committee/washingtons-kim-schrier-no-bernie-sanders-nor-her-/
Abigail Spanberger,"September 28, 2018","Says Dave Brat ""voted against protecting pre-existing conditions.""",half-true,TV ad.,Health Care; Voting Record; Virginia,Warren Fiske,"October 11, 2018",https://www.politifact.com/factchecks/2018/oct/11/abigail-spanberger/spanberger-ad-exaggerates-brats-vote-pre-existing-/
VoteVets.org,"September 27, 2018","Says Minnesota congressional candidate Jim Hagedorn supports a plan that would take away health care for 340,000 veterans, with 17,000 in Minnesota possibly losing coverage.",half-true,campaign ad,National; Health Care,Stephen Koff,"October 11, 2018",https://www.politifact.com/factchecks/2018/oct/11/votevetsorg/veterans-group-says-jim-hagedorns-health-care-posi/
Joe Donnelly,"October 8, 2018","""At (Mike Braun’s) company, the deductible on his health care is $10,000.""",mostly-true,Indiana Senate debate,National; Health Care,Manuela Tobias,"October 11, 2018",https://www.politifact.com/factchecks/2018/oct/11/joe-donnelly/mike-braun-health-care-10000-deductibles/
Tom Malinowski,"October 3, 2018","Says New Jersey Rep. Leonard Lance voted repeatedly ""to let insurance companies charge more to people aged 50 and over.""",half-true,campaign ad,National; Health Care,Stephen Koff,"October 9, 2018",https://www.politifact.com/factchecks/2018/oct/09/tom-malinowski/age-claim-new-jersey-leaves-out-something-importan/
Tammy Baldwin,"September 20, 2018","""2.4 million people in Wisconsin have pre-existing conditions"" and Leah Vukmir supports letting insurance companies ""deny coverage to people with pre-existing conditions.""",half-true,TV ad,Corporations; Health Care; Public Health; Wisconsin,Tom Kertscher,"October 8, 2018",https://www.politifact.com/factchecks/2018/oct/08/tammy-baldwin/does-leah-vukmir-support-letting-insurers-deny-cov/
National Republican Congressional Committee,"September 15, 2018",Says that Minnesota Democratic congressional candidate Dean Phillips doesn’t offer health insurance for his employees.,mostly-false,TV ad,National; Health Care,Samantha Putterman,"October 8, 2018",https://www.politifact.com/factchecks/2018/oct/08/national-republican-congressional-committee/attack-ad-falsely-claims-dean-phillips-doesnt-prov/
Donald Trump,"October 4, 2018","""Some of the Democrats have been talking about ending (coverage for) pre-existing conditions.""",pants-fire,rally,National; Corrections and Updates; Health Care,Louis Jacobson,"October 5, 2018",https://www.politifact.com/factchecks/2018/oct/05/donald-trump/donald-trumps-pants-fire-claim-about-democrats-pre/
Maine Democratic Party,"October 1, 2018","Says Bruce Poliquin ""voted to strip 117,000 Mainers of their insurance.""",half-true,mailer,National; Health Care,Samantha Putterman,"October 5, 2018",https://www.politifact.com/factchecks/2018/oct/05/maine-democratic-party/did-bruce-poliquin-vote-strip-117000-people-health/
Richard Cordray,"September 25, 2018","Says ""Mike DeWine wanted to allow insurance companies to refuse to pay for pre-existing conditions.""",half-true,ad,Ohio; Congress; Health Care,Amy Sherman,"October 4, 2018",https://www.politifact.com/factchecks/2018/oct/04/richard-cordray/does-ohios-mike-dewine-want-get-rid-pre-existing-c/
Antonio Delgado,"September 12, 2018","Says U.S. Rep. John Faso ""voted for an age tax on seniors.""",mostly-false,TV ad,Health Care; New York,Samantha Putterman,"October 3, 2018",https://www.politifact.com/factchecks/2018/oct/03/antonio-delgado/antonio-delgado-misleads-claiming-john-faso-voted-/
D. Cole Phelps,"September 1, 2018","""Health care premiums in North Carolina are now among the five highest states in the country.""",mostly-false,Facebook post,Health Care; North Carolina,Paul Specht,"October 2, 2018",https://www.politifact.com/factchecks/2018/oct/02/d-cole-phelps/does-nc-have-5th-highest-health-insurance-premiums/
Steve West,"September 27, 2018","""PHARMACEUTICAL COMPANIES that manufacture vaccines have IMMUNITY FROM PROSECUTION!""",mostly-false,page on his campaign website,Health Care; Legal Issues; Public Health; Missouri,Dylan Sherman,"September 27, 2018",https://www.politifact.com/factchecks/2018/sep/27/steve-west/missouri-house-candidate-misses-mark-vaccine-prote/
Mike Bishop,"September 21, 2018",Says Elissa Slotkin’s plan is to take Medicare away from current senior recipients.,false,TV ad,National; Health Care; Medicare,Samantha Putterman,"September 26, 2018",https://www.politifact.com/factchecks/2018/sep/26/mike-bishop/no-elissa-slotkin-does-not-support-plan-would-take/
Lizzie Pannill Fletcher,"September 19, 2018","Says ""Texas U.S. Rep John Culberson voted to let insurance companies charge people 50 and over five times more than younger people.""",half-true,campaign ad,National; Health Care,Stephen Koff,"September 24, 2018",https://www.politifact.com/factchecks/2018/sep/24/lizzie-pannill-fletcher/texass-fletcher-tries-hit-culberson-obamacare/
Senate Leadership Fund,"September 18, 2018","Says Tennessee Senate candidate Phil Bredesen ""supports single-payer health care.""",mostly-false,television ad,National; Health Care,Jon Greenberg,"September 20, 2018",https://www.politifact.com/factchecks/2018/sep/20/senate-leadership-fund/gop-super-pac-wrongly-says-democrat-bredesen-suppo/
Josh Hawley,"August 20, 2018","Since 2009, ""millions of Americans have lost their health care plans.""",mostly-false,op-ed for the Springfield News-Leader,Health Care; Missouri,Ryan Hanrahan,"September 20, 2018",https://www.politifact.com/factchecks/2018/sep/20/josh-hawley/hawleys-claim-lost-health-care-plans-has-it-upside/
Kyrsten Sinema,"September 8, 2018","Says she voted to stop a new ""age tax"" under which ""Arizonans age 50 & over could be charged 5 times more for their health care.""",half-true,tweet,Health Care; Arizona,Miriam Valverde,"September 19, 2018",https://www.politifact.com/factchecks/2018/sep/19/kyrsten-sinema/fact-checking-kyrsten-sinemas-claim-about-age-tax-/
Andrew Gillum,"September 2, 2018","Says there is a report ""that showed that, should we move to cover more people to a Medicare for All system, we could actually save the system trillions over an extended period of time.""",half-true,"interview on CNN's ""State of the Union""",Federal Budget; Health Care; Florida,Louis Jacobson,"September 18, 2018",https://www.politifact.com/factchecks/2018/sep/18/andrew-gillum/fact-checking-andrew-gillum-cost-medicare-all/
Donald Trump,"September 13, 2018","Says 3,000 people ""did not die"" in two hurricanes that hit Puerto Rico. That death toll estimate was ""done by Democrats.""",false,tweets,National; Health Care; Natural Disasters; Weather,Amy Sherman,"September 18, 2018",https://www.politifact.com/factchecks/2018/sep/18/donald-trump/trump-lacks-proof-puerto-rico-hurricane-death-toll/
House Majority PAC,"September 12, 2018","Says Dino Rossi ""stripped"" health care ""from 45,000 children.""",mostly-true,campaign ad,National; Children; Health Care,Manuela Tobias,"September 18, 2018",https://www.politifact.com/factchecks/2018/sep/18/house-majority-pac/dino-rossi-take-away-coverage-45000-children/
Tammy Baldwin,"September 10, 2018","Says Leah Vukmir was ""just about the only legislator who stood with the insurance companies"" and ""voted against oral chemotherapy.""",mostly-true,TV ad,Corporations; Health Care; Public Health; Wisconsin,Tom Kertscher,"September 14, 2018",https://www.politifact.com/factchecks/2018/sep/14/tammy-baldwin/insurers-leah-vukmir-opposed-wisconsin-law-forcing/
Claire McCaskill,"August 23, 2018","Says a Josh Hawley lawsuit ""would take away important prescription drug coverage for seniors through Medicare and end all of the consumer protections under the ACA.""",true,op-ed for the Springfield News-Leader,Health Care; Missouri,Hannah Archambault,"September 13, 2018",https://www.politifact.com/factchecks/2018/sep/13/claire-mccaskill/mccaskills-right-hawleys-lawsuit-would-end-afforda/
Florida Democratic Party,"September 5, 2018","""Nearly 7 million Floridians have pre-existing conditions — but Rick Scott and Florida Republicans wants to take away their health care coverage by ending the Affordable Care Act.""",half-true,tweet,Health Care; Florida,Louis Jacobson,"September 12, 2018",https://www.politifact.com/factchecks/2018/sep/12/florida-democratic-party/fact-checking-rick-scott-and-risk-pre-existing-con/
Aftab Pureval,"August 28, 2018","Says Steve Chabot ""voted to strip insurance protections for pre-existing conditions.""",mostly-true,campaign ad,Ohio; Health Care,Stephen Koff,"September 12, 2018",https://www.politifact.com/factchecks/2018/sep/12/aftab-pureval/chabots-votes-contradict-his-health-care-talk/
Tony Evers,"August 27, 2018","Says Scott Walker refused federal funds and ""Wisconsin families now pay nearly 50% more than Minnesotans for the same health care.""",mostly-false,TV ad,Health Care; Medicaid; Wisconsin,Eric Litke,"September 7, 2018",https://www.politifact.com/factchecks/2018/sep/07/tony-evers/evers-base-attacking-walker-health-care/
Heidi Heitkamp,"August 16, 2018","Says Kevin Cramer voted to let insurance companies go back to denying coverage for 300,000 North Dakotans with pre-existing conditions.",half-true,campaign ad,National; Health Care,Manuela Tobias,"August 24, 2018",https://www.politifact.com/factchecks/2018/aug/24/heidi-heitkamp/kevin-cramers-votes-pre-existing-conditions/
Joe Donnelly,"August 13, 2018",Says Mike Braun has supported two proposals and a lawsuit to end coverage for people with pre-existing conditions.,mostly-true,Twitter video,National; Health Care,Manuela Tobias,"August 20, 2018",https://www.politifact.com/factchecks/2018/aug/20/joe-donnelly/mike-braun-end-coverage-pre-existing-conditions/
Tammy Baldwin,"June 26, 2018","Says the Trump administration ""has banned the CDC even using the word ‘transgender.’ """,false,public forum,Federal Budget; Health Care; Public Health; Sexuality; Wisconsin,D.L. Davis,"August 17, 2018",https://www.politifact.com/factchecks/2018/aug/17/tammy-baldwin/sen-tammy-baldwins-claim-about-trump-administratio/
Marsha Blackburn,"August 8, 2018","""Hospitals are closing in rural America because they don't have access to high-speed internet.""",false,speech to farmers,National; Health Care; Infrastructure; Technology,Jon Greenberg,"August 15, 2018",https://www.politifact.com/factchecks/2018/aug/15/marsha-blackburn/blackburn-broadband-lack-closed-rural-hospitals-it/
Peter Roskam,"July 1, 2018","Says Sean Casten supports ""doubling premiums"" and ""cutting current health care plans.""",pants-fire,a Facebook ad,Health Care; Illinois,Kiannah Sepeda-Miller,"August 12, 2018",https://www.politifact.com/factchecks/2018/aug/12/peter-roskam/roskam-makes-absurd-claims-about-democratic-challe/
Kevin Cramer,"July 31, 2018","""I've always voted for keeping the government open. I’ve never cast a vote to shut down the government.""",mostly-false,radio interview,National; Federal Budget; Health Care; Voting Record,Manuela Tobias,"August 6, 2018",https://www.politifact.com/factchecks/2018/aug/06/kevin-cramer/kevin-cramer-distorts-shutdown-record/
Bernie Sanders,"July 30, 2018","Says the Koch Brothers sponsored ""a study that shows that Medicare for All would save the American people $2 trillion over a 10-year period.""",half-true,video,National; Federal Budget; Health Care; Medicare,Louis Jacobson,"August 3, 2018",https://www.politifact.com/factchecks/2018/aug/03/bernie-sanders/did-conservative-study-show-big-savings-bernie-san/
Missouri Democratic Party,"July 17, 2018","If a lawsuit backed by Josh Hawley succeeds, ""nearly 2.5 million Missourians with pre-existing conditions could lose their health care coverage.""",half-true,tweet,National; Health Care; Legal Issues,Louis Jacobson,"July 26, 2018",https://www.politifact.com/factchecks/2018/jul/26/missouri-democratic-party/would-25-million-missourians-lose-health-coverage-/
Kelda Helen Roys,"July 19, 2018","""In Wisconsin, abortion is still a crime.""",mostly-false,TV ad,Wisconsin; Abortion; Health Care; Legal Issues; States; Supreme Court; Women,Tom Kertscher,"July 25, 2018",https://www.politifact.com/factchecks/2018/jul/25/kelda-helen-roys/governor-hopeful-kelda-roys-claim-abortion-crime-w/
Patrick Morrisey,"July 17, 2018","Says Joe Manchin said ""yes to repealing Obamacare. He lied.""",mostly-false,ad,National; Health Care,Louis Jacobson,"July 24, 2018",https://www.politifact.com/factchecks/2018/jul/24/patrick-morrisey/did-joe-manchin-say-yes-repealing-obamacare-oppone/
Demand Justice,"July 12, 2018","Says Brett Kavanaugh ""refused to uphold key patient protections in the past.""",half-true,television ad,National; Health Care; Supreme Court,Jon Greenberg,"July 18, 2018",https://www.politifact.com/factchecks/2018/jul/18/demand-justice/pro-aca-group-court-pick-kavanaugh-refused-uphold-/
Andrew Napolitano,"July 10, 2018","Says Brett Kavanaugh is ""pro-Obamacare.""",mostly-false,"interview on ""Fox and Friends.""",Health Care; Supreme Court; PunditFact,Jon Greenberg,"July 11, 2018",https://www.politifact.com/factchecks/2018/jul/11/andrew-napolitano/napolitano-court-pick-kavanaugh-pro-obamacare-he/
For Our Future PAC,"July 2, 2018","""Repealing the Affordable Care Act — and with it, Ohio’s Medicaid expansion — could cost Ohio more than 81,000 jobs, jeopardize nearly 1 million Ohioans’ health care coverage, and leave more than 220,000 Ohioans with mental illness or substance use disorders without insurance.""",half-true,website,Ohio; Health Care; Medicaid,Amy Sherman,"July 10, 2018",https://www.politifact.com/factchecks/2018/jul/10/our-future-pac/ohio-governors-race-liberal-pac-exaggerates-impact/
Mandy Cohen,"June 26, 2018",Indiana expanded Medicaid when Mike Pence was governor,mostly-true,speech,Health Care; Medicaid; North Carolina,Paul Specht,"July 9, 2018",https://www.politifact.com/factchecks/2018/jul/09/mandy-cohen/nc-democrat-right-about-mike-pence-expanding-medic/
Joe Manchin,"June 22, 2018","""Pat Morrisey joined a federal lawsuit to allow insurance companies to deny coverage for people with pre-existing conditions.""",mostly-true,tweet,National; Health Care; Legal Issues,Louis Jacobson,"June 26, 2018",https://www.politifact.com/factchecks/2018/jun/26/joe-manchin/did-patrick-morrisey-join-lawsuit-allow-insurers-d/
AFSCME,"June 6, 2018","Says Republican gubernatorial candidate Adam Laxalt ""tried to cut a deal with big pharma"" in a lawsuit.",false,attack ad,National; Elections; Health Care; Legal Issues,Jon Greenberg,"June 25, 2018",https://www.politifact.com/factchecks/2018/jun/25/afscme/ad-falsely-accuses-nevadas-gop-governor-candidate-/
Dana Wachs,"April 11, 2018","Says Scott Walker ""has turned down $1 billion of Medicaid money over the course of his tenure.""",mostly-true,interview,Federal Budget; Health Care; Income; Medicaid; Poverty; Wisconsin,Tom Kertscher,"June 15, 2018",https://www.politifact.com/factchecks/2018/jun/15/dana-wachs/how-scott-walkers-rejection-medicaid-expansion-und/
Lupe Valdez,"May 7, 2018","""After Texas cut"" its ""two-year family planning budget by $73 million, one in four clinics closed their doors.""",mostly-true,online survey,Health Care; State Budget; Women; Texas,W. Gardner Selby,"June 14, 2018",https://www.politifact.com/factchecks/2018/jun/14/lupe-valdez/lupe-valdez-says-1-4-texas-clinics-closed-after-la/
Jacky Rosen,"June 8, 2018","Says Dean Heller helped ""craft a partisan repeal bill that also would have slashed coverage protections for people with pre-existing conditions.""",half-true,campaign press release,National; Corrections and Updates; Health Care,Jon Greenberg,"June 13, 2018",https://www.politifact.com/factchecks/2018/jun/13/jacky-rosen/did-nevadas-heller-back-bill-cut-pre-existing-cond/
Protect Our Care,"May 28, 2018","Republican ""sabotage"" cost 3.2 million people coverage in 2017.",half-true,web image,National; Corrections and Updates; Health Care,Jon Greenberg,"June 1, 2018",https://www.politifact.com/factchecks/2018/jun/01/protect-our-care/did-republican-sabotage-cost-32-million-their-heal/
Lupe Valdez,"May 23, 2018","""One in six Texans don’t have health care. We’re the most uninsured state in the U.S.""",mostly-true,New York Times news story,Health Care; Texas,W. Gardner Selby,"May 31, 2018",https://www.politifact.com/factchecks/2018/may/31/lupe-valdez/lupe-valdez-1-6-Texans-lack-health-care-uninsured-/
Patrick Morrisey,"May 11, 2018","Says Joe Manchin displayed an ""unwillingness to change the failed Obamacare.""",half-true,radio interview,National; Health Care,Louis Jacobson,"May 15, 2018",https://www.politifact.com/factchecks/2018/may/15/patrick-morrisey/patrick-morrisey-says-joe-manchin-wont-budge-obama/
Sherrod Brown,"April 9, 2018","""Right now in Ohio 200,000 people are getting opioid treatment because they have insurance under the Affordable Care Act.""",mostly-true,speech to the City Club of Cleveland,Ohio; Drugs; Health Care,Amy Sherman,"April 20, 2018",https://www.politifact.com/factchecks/2018/apr/20/sherrod-brown/sherrod-brown-credits-obamacare-helping-pay-opioid/
Florida Democratic Party,"April 17, 2018","""X marks the spot at every HCA location where (Gov. Rick Scott) probably defrauded taxpayers.""",mostly-true,tweet,Health Care; Florida,Allison Graves,"April 19, 2018",https://www.politifact.com/factchecks/2018/apr/19/florida-democratic-party/florida-democrats-slam-rick-scott-defrauding-peopl/
Evan Jenkins,"April 9, 2018","""In Congress, (Patrick) Morrisey wrote the health care law giving free health care to illegals.""",mostly-false,campaign ad,Immigration; National; Health Care,Louis Jacobson,"April 18, 2018",https://www.politifact.com/factchecks/2018/apr/18/evan-jenkins/what-role-did-patrick-morrisey-have-writing-health/
Evan Jenkins,"March 20, 2018","West Virginia ""has the highest overdose death rate in the nation.""",true,press release,National; Health Care; Public Health,Louis Jacobson,"March 23, 2018",https://www.politifact.com/factchecks/2018/mar/23/evan-jenkins/does-west-virginia-lead-nation-overdose-drug-death/
Meddaily,"February 28, 2018","The flu shot is ""designed to spread cancer.""",pants-fire,headline,Fake news; Health Care; PunditFact,Amy Sherman,"March 9, 2018",https://www.politifact.com/factchecks/2018/mar/09/meddaily/no-flu-shot-was-not-designed-spread-cancer/
Antonio  Villaraigosa,"March 5, 2018","California’s single-payer healthcare proposal would ""force seniors off of Medicare.""",half-true,news release,Health Care; Medicare; State Budget; States; The 2018 California Governor's Race; California,Chris Nichols,"March 8, 2018",https://www.politifact.com/factchecks/2018/mar/08/antonio-villaraigosa/villaraigosas-claim-sb-562-will-force-seniors-medi/
Donald Trump,"February 5, 2018","""The Democrats are pushing for Universal HealthCare while thousands of people are marching in the UK because their U system is going broke and not working.""",mostly-false,tweet,National; Health Care; Public Health,Mica Soellner,"February 8, 2018",https://www.politifact.com/factchecks/2018/feb/08/donald-trump/donald-trump-wrongly-suggests-british-dont-love-th/
Nancy Pelosi,"January 18, 2018","Reauthorizing the Children’s Health Insurance Program ""for six years saves $1 billion"" and doing it for 10 years saves $6 billion.",true,press conference,National; Children; Health Care,Louis Jacobson,"January 24, 2018",https://www.politifact.com/factchecks/2018/jan/24/nancy-pelosi/nancy-pelosi-correct-renewing-kids-health-program-/
Cora Faith Walker,"November 9, 2017","""The average life expectancy for African Americans in Saint Louis and Saint Louis County varies by as much as 18 years compared to the white population, with nearly half of all African-American kids under the age of 18 living in poverty.""",mostly-true,guest commentary,Health Care; Race and Ethnicity; Public Health; Missouri,Emily  Sanderson,"December 25, 2017",https://www.politifact.com/factchecks/2017/dec/25/cora-faith-walker/Cora-Faith-Walker-mostly-right-on-life-expectancy/
Claire McCaskill,"November 22, 2017","""Fentanyl is now killing more Americans than heroin or any other opioid.""",half-true,press release,Drugs; Health Care; Public Health; Missouri,Tateanna  McCaskill,"December 22, 2017",https://www.politifact.com/factchecks/2017/dec/22/claire-mccaskill/mccaskill-overreaches-fentanyl-figures/
Donald Trump,"December 20, 2017","""We essentially repealed Obamacare because we got rid of the individual mandate ... and that was a primary source of funding of Obamacare.""",false,speech,National; Health Care,Jon Greenberg,"December 21, 2017",https://www.politifact.com/factchecks/2017/dec/21/donald-trump/trump-wrongly-says-end-mandate-essentially-obamaca/
truthcommand.com,"November 21, 2017","""Now it’s official: FDA announced that vaccines are causing autism.""",pants-fire,article on a website,Autism; Children; Fake news; Health Care; PunditFact,Amy Sherman,"December 19, 2017",https://www.politifact.com/factchecks/2017/dec/19/truthcommandcom/no-fda-didnt-hide-information-linking-vaccine-auti/
Roy Blunt,"October 13, 2017","Missouri ""is leading the country when it comes to improving services for mental and behavioral health. Innovation is happening right here.""",mostly-true,speech,Health Care; Missouri,Carolina Vargas,"December 15, 2017",https://www.politifact.com/factchecks/2017/dec/15/roy-blunt/sen-roy-blunt-mostly-right-about-health-care-progr/
Shared This,"November 28, 2017","A Colgate toothpaste is subject to ""recall.""",false,article on a website,Fake news; Health Care; PunditFact,Amy Sherman,"December 12, 2017",https://www.politifact.com/factchecks/2017/dec/12/shared/story-misleads-about-fd-triclosan-and-toothpaste/
Nancy Pelosi,"November 27, 2017","The GOP tax plan ""Sabotages the health care of 13 MILLION Americans.""",half-true,tweet from her team's political account,Health Care; Taxes; California,Chris Nichols,"November 29, 2017",https://www.politifact.com/factchecks/2017/nov/29/nancy-pelosi/pelosis-problematic-claim-gop-tax-plan-sabotages-h/
Tim Scott,"November 26, 2017","""If you don't pay income taxes ... you'll have more money"" under the Republican tax plan.",false,"interview on ABC's ""This Week""",National; Health Care; Taxes,Louis Jacobson,"November 29, 2017",https://www.politifact.com/factchecks/2017/nov/29/tim-scott/if-you-pay-no-taxes-will-you-end-more-money-under-/
Mike Collier,"October 31, 2017","""Earlier this year, Dan Patrick and Republican leadership snatched millions of dollars in benefits from retired teachers.""",half-true,email blast,Education; Health Care; State Budget; Workers; Texas,W. Gardner Selby,"November 18, 2017",https://www.politifact.com/factchecks/2017/nov/18/mike-collier/mike-collier-leaves-out-context-claim-dan-patrick-/
John Thune,"November 15, 2017","""80 percent of the (individual mandate) tax falls on those who make $50,000 a year or less.""",mostly-true,interview on Fox News,National; Health Care; Taxes,Jon Greenberg,"November 17, 2017",https://www.politifact.com/factchecks/2017/nov/17/john-thune/sen-thune-individual-mandate-fine-falls-mainly-peo/
Andrew Cuomo,"November 14, 2017","Congressional Republicans ""want to take health care from millions of Americans in order to pay for"" a tax bill.",half-true,tweet,Health Care; Taxes; New York,Dan Clark,"November 16, 2017",https://www.politifact.com/factchecks/2017/nov/16/andrew-cuomo/what-impact-will-eliminating-individual-mandate-ha/
Donald Trump,"November 13, 2017","Says the individual mandate is ""highly unpopular.""",half-true,tweet,National; Health Care; Taxes,Jon Greenberg,"November 14, 2017",https://www.politifact.com/factchecks/2017/nov/14/donald-trump/how-unpopular-obamacare-individual-mandate/
Barack Obama,"November 1, 2017","""Eight in 10 people this year can find plans for $75 a month or less.""",half-true,video,National; Health Care,Manuela Tobias,"November 6, 2017",https://www.politifact.com/factchecks/2017/nov/06/barack-obama/can-eight-10-people-get-health-coverage-under-75-n/
Florida Agency for Health Care Administration,"October 25, 2017","""Under Gov. (Rick) Scott’s leadership, Florida has had much success in lowering the rate of uninsured children.""",half-true,news release,Health Care; Florida,Allison Graves,"November 2, 2017",https://www.politifact.com/factchecks/2017/nov/02/florida-agency-health-care-administration/ahca-oversells-gov-scotts-role-reducing-number-uni/
Doug Jones,"September 27, 2017","Says Roy Moore ""has advocated getting the federal government out of health care altogether, which means doing away with Medicaid, which means doing away with Medicare.""",false,interview,National; Health Care; Medicaid; Medicare,John Kruzel,"October 26, 2017",https://www.politifact.com/factchecks/2017/oct/26/doug-jones/does-roy-moore-want-end-medicaid-and-medicare-his-/
Donald Trump,"October 18, 2017","Insurance companies ""have made a fortune with Obamacare.""",false,tweet,National; Health Care,Jon Greenberg,"October 23, 2017",https://www.politifact.com/factchecks/2017/oct/23/donald-trump/trump-says-insurers-made-fortune-obamacare-they-di/
Eric  Greitens,"August 13, 2017","""Seventy-three percent of our veterans are graduating from drug courts. By contrast, I think most of the people in the very good drug court program — the graduation rate’s like 53, 55 percent. The point of that is that drug courts are working for veterans.""",mostly-true,Facebook live video,Health Care; Legal Issues; Public Health; Veterans; Missouri,Emily  Sanderson,"October 21, 2017",https://www.politifact.com/factchecks/2017/oct/21/eric-greitens/greitens-mostly-right-veterans-treatment-court-gra/
Donald Trump,"October 16, 2017","""The cost-sharing reductions (were) a gift (that) they gave the insurance companies.""",mostly-false,White House cabinet meeting,National; Health Care,Jon Greenberg,"October 18, 2017",https://www.politifact.com/factchecks/2017/oct/18/donald-trump/trump-mislabels-obamacare-subsidy-gift-insurers/
Ohioans Against Deceptive Rx Ballot Issue,"May 23, 2017","""A California health care CEO is promising to reduce our prescription drug costs.""",mostly-false,campaign ad,Ohio; Drugs; Health Care,Manuela Tobias,"October 13, 2017",https://www.politifact.com/factchecks/2017/oct/13/ohioans-against-deceptive-rx-ballot-issue/ad-opposing-ohio-issue-2-wrongly-portrays-proponen/
Ohio Taxpayers for Lower Drug Prices,"August 29, 2017","An Ohio ballot issue would address the fact that ""we’ve gone from paying about $100 for Epipens to over $600 ... We don’t have a choice but to pay it and the drug companies know it.""",mostly-false,campaign video,Ohio; Health Care,Manuela Tobias,"October 13, 2017",https://www.politifact.com/factchecks/2017/oct/13/ohio-taxpayers-lower-drug-prices/ohio-issue-2-ballot-initiative-proponents-overstat/
Bruce Rauner,"September 28, 2017","""I personally am pro-choice. I always have been. And I made no qualms about that when I was elected governor.""",true,press conference,Abortion; Health Care; Medicaid; Illinois,Matt Dietrich,"October 10, 2017",https://www.politifact.com/factchecks/2017/oct/10/bruce-rauner/rauner-consistent-start-his-pro-choice-views/
Charles Schumer,"October 4, 2017","""The Republicans are proposing to pay for their giant tax cut to the rich by gutting Medicare and Medicaid.""",half-true,Senate floor speech,National; Health Care; Medicaid; Medicare; Taxes,Louis Jacobson,"October 6, 2017",https://www.politifact.com/factchecks/2017/oct/06/charles-schumer/are-republicans-paying-tax-cuts-reductions-medicar/
John Cornyn,"September 22, 2017","Says that under the Obamacare law, health insurance ""premiums have increased by more than 105 percent since"" 2013.",mostly-true,letter to a constituent,Health Care; Texas,W. Gardner Selby,"October 4, 2017",https://www.politifact.com/factchecks/2017/oct/04/john-cornyn/john-cornyn-says-obamacare-premiums-more-doubled-f/
Michael Bloomberg,"September 18, 2017","""The soda tax can make a difference by reducing consumption of unhealthy soda pop and sugary beverages.""",mostly-true,website,Health Care; Medicaid; Public Health; Taxes; Illinois,Matt Dietrich,"October 2, 2017",https://www.politifact.com/factchecks/2017/oct/02/michael-bloomberg/cook-county-soda-tax-should-make-dent-consumption/
Ron Johnson,"September 25, 2017","""California, New York and Massachusetts, they represent about 20 percent of the population, they get close to 36 percent of Obamacare funding. It's just simply inequitable.""",mostly-false,interview,Federal Budget; Health Care; Medicaid; Public Health; Wisconsin,Tom Kertscher,"September 29, 2017",https://www.politifact.com/factchecks/2017/sep/29/ron-johnson/obamacare-funding-given-states-unfairly-says-repea/
Donald Trump,"September 27, 2017","""We have one senator who’s a ‘yes’ vote ... but he’s in the hospital. And he’s a ‘yes’ vote. So we can’t do it by Friday. So we have the votes"" to pass a health care bill.",false,interview,National; Congress; Health Care,John Kruzel,"September 28, 2017",https://www.politifact.com/factchecks/2017/sep/28/donald-trump/donald-trump-wrongly-blames-hospitalized-senator-g/
Feministing,"June 21, 2017","""Missouri Votes to Let Employers Fire People Who Use Birth Control.""",pants-fire,web post,Health Care; Legal Issues; Women; Workers; Missouri,Emma Diltz,"September 27, 2017",https://www.politifact.com/factchecks/2017/sep/27/feministing/column-feministing-website-about-abortion-law-pant/
Ron Johnson,"September 20, 2017","The GOP’s health bill will protect people with pre-existing conditions ""every bit as well as Obamacare did.""",false,interview,Health Care; Government Regulation; Public Health; Wisconsin,Tom Kertscher,"September 22, 2017",https://www.politifact.com/factchecks/2017/sep/22/ron-johnson/graham-cassidy-gop-alternative-obamacare-weakens-p/
Donald Trump,"September 21, 2017","The Graham-Cassidy health care bill does ""include coverage of pre-existing conditions.""",mostly-false,tweet,National; Health Care,Jon Greenberg,"September 21, 2017",https://www.politifact.com/factchecks/2017/sep/21/donald-trump/trumps-misleading-claim-pre-existing-protections/
Bill Cassidy,"September 20, 2017","Under the Graham-Cassidy health insurance bill, in ""states like Maine, Virginia, Florida, Missouri, there will be billions more dollars to provide health insurance coverage for those in those states who have been passed by by Obamacare.""",mostly-false,interview on CNN,National; Health Care,Louis Jacobson,"September 20, 2017",https://www.politifact.com/factchecks/2017/sep/20/bill-cassidy/bill-cassidy-offers-misleading-defense-face-jimmy-/
Bernie Sanders,"September 17, 2017","""Private insurance companies in this country spend between 12 and 18 percent on administration costs. The cost of administering the Medicare program, a very popular program that works well for our seniors, is 2 percent. We can save approximately $500 billion a year just in administration costs.""",half-true,interview,National; Health Care; Medicare,Manuela Tobias,"September 20, 2017",https://www.politifact.com/factchecks/2017/sep/20/bernie-sanders/comparing-administrative-costs-private-insurance-a/
Sean Duffy,"September 14, 2017","Vermont had to ""scrap"" its single-payer health insurance program because it was ""going bankrupt.""",false,Facebook Live town hall,Health Care; Government Regulation; Public Health; Wisconsin,Tom Kertscher,"September 20, 2017",https://www.politifact.com/factchecks/2017/sep/20/sean-duffy/vermont-single-payer-was-scrapped-because-it-was-g/
Karen Handel,"August 30, 2017","""The Affordable Care Act is the single largest tax increase in my lifetime.""",false,telephone town hall,Georgia; Corrections and Updates; Health Care; Taxes,Jon Greenberg,"September 11, 2017",https://www.politifact.com/factchecks/2017/sep/11/karen-handel/handel-wrong-size-obamacare-taxes/
Paul Ryan,"August 21, 2017","""We’ve got dozens of counties around America that have zero insurers left.""",pants-fire,CNN town hall broadcast,National; Health Care,Jon Greenberg,"August 24, 2017",https://www.politifact.com/factchecks/2017/aug/24/paul-ryan/ryan-way-obamacare-county-insurance-stat-cnn-town-/
Sean Patrick Maloney,"August 3, 2017","""Most people on Medicaid are kids, or seniors, or the disabled.""",mostly-true,radio interview,Health Care; Medicaid; New York,Dan Clark,"August 23, 2017",https://www.politifact.com/factchecks/2017/aug/23/sean-patrick-maloney/most-people-medicaid-are-children-seniors-or-have-/
Alex Castellanos,"August 20, 2017","""(For) white working-class America, death rates among white men are up 20 percent.""",mostly-false,comments on ABC's 'This Week',Health Care; Workers; PunditFact,Joshua Gillin,"August 20, 2017",https://www.politifact.com/factchecks/2017/aug/20/alex-castellanos/death-rates-white-men-20-percent-gop-strategist-sa/
Florida Democratic Legislative Campaign Committee,"August 10, 2017","Says Jose Felix Diaz supports President Donald Trump's ""plan to slash Medicare, charge older Americans an age tax and cut coverage for pre-existing conditions.""",mostly-false,TV ad,Health Care; Florida,Amy Sherman,"August 14, 2017",https://www.politifact.com/factchecks/2017/aug/14/florida-democratic-legislative-campaign-committee/democrats-mislead-attack-linking-florida-senate-ca/
Stacey Evans,"August 5, 2017","There are""thousands of Georgia workers that are misclassified as independent contractors,"" who lose benefits, including health care.",mostly-true,statement sent to the Atlanta Journal Constitution,Georgia; Health Care; Labor,Jon Greenberg,"August 10, 2017",https://www.politifact.com/factchecks/2017/aug/10/stacey-evans/are-georgia-firms-cheating-1000s-workers-out-healt/
Mike Gallagher,"July 9, 2017","""We’re spending 18 percent of our GDP on healthcare while the average among industrialized countries is closer to 8 percent.""",mostly-true,TV interview,Economy; Health Care; Public Health; Wisconsin,Devi Shastri,"August 9, 2017",https://www.politifact.com/factchecks/2017/aug/09/mike-gallagher/mike-gallagher-target-claim-health-care-costs-us-v/
Sean Duffy,"July 20, 2017","""You have almost half the counties in America that have one provider or no provider for insurance"" on the Obamacare exchanges.",mostly-false,interview,Health Care; Government Regulation; Public Health; Wisconsin,Tom Kertscher,"August 4, 2017",https://www.politifact.com/factchecks/2017/aug/04/sean-duffy/nearly-half-counties-have-no-providers-or-one-heal/
David Perdue,"July 28, 2017","Because of the failure to pass a repeal bill, ""Obamacare remains the law of the land ... This means more than 300,000 Georgians below the poverty line will still not have access to the insurance Obamacare promised.""",half-true,statement,Georgia; Health Care,Louis Jacobson,"August 3, 2017",https://www.politifact.com/factchecks/2017/aug/03/david-perdue/gop-senator-david-perdue-blames-obamacare-leaving-/
J.K. Rowling,"July 28, 2017","Says Donald Trump was seen ""looking deliberately over a disabled child's head, ignoring his outstretched hand.""",pants-fire,tweet,After the Fact; Health Care; PunditFact,Joshua Gillin,"July 31, 2017",https://www.politifact.com/factchecks/2017/jul/31/jk-rowling/jk-rowling-falsely-accuses-trump-not-shaking-disab/
Marco Rubio,"July 20, 2017","""In order to sell insurance in Florida there are over 40 separate individual conditions that must be covered. ... far beyond the essential health benefits included in Obamacare.""",mostly-false,Facebook live speech,Health Care; States; Florida; Ask PolitiFact,Amy Sherman,"July 27, 2017",https://www.politifact.com/factchecks/2017/jul/27/marco-rubio/marco-rubio-says-florida-mandates-coverage-more-co/
Eric Schneiderman,"July 17, 2017","""We have been able to cut New York’s uninsured rate in half since 2013 from 10 percent to 5 percent of our population.""",true,"speech at Mount Sinai, Icahn School of Medicine",Health Care; New York,Dan Clark,"July 24, 2017",https://www.politifact.com/factchecks/2017/jul/24/eric-schneiderman/how-has-obamacare-lowered-new-yorks-uninsured-rate/
Kellyanne Conway,"July 22, 2017","Just 6 percent of Americans say Russia is the country’s most important issue, yet the story receives ""75 percent of the coverage"" in the media.",mostly-false,Fox News interview,Immigration; National; Economy; Health Care; Jobs; Foreign Policy,Manuela Tobias,"July 23, 2017",https://www.politifact.com/factchecks/2017/jul/23/kellyanne-conway/does-russia-take-75-percent-media-coverage/
Kevin McCarthy,"July 11, 2017","""More people, almost twice as many, pay the penalty or take the waiver than signed up for (Obamacare).""",false,interview with Fox Business,Health Care; Public Health; Taxes; California,Chris Nichols,"July 21, 2017",https://www.politifact.com/factchecks/2017/jul/21/kevin-mccarthy/kevin-mccarthys-false-claim-obamacare-sign-ups/
John Faso,"July 15, 2017","""We now have about one-third of New York’s population on Medicaid.""",true,article,Health Care; Medicaid; Taxes; New York,Dan Clark,"July 21, 2017",https://www.politifact.com/factchecks/2017/jul/21/john-faso/one-three-people-new-york-are-medicaid/
National Republican Senatorial Committee,"July 5, 2017","""Elizabeth Warren doesn't think Obamacare goes far enough: ‘The next step is single payer.' Does Sen. Nelson agree? He has in the past ... Sen. Nelson votes with Warren 90 percent of the time.""",mostly-false,Facebook ad,Health Care; Florida,Amy Sherman,"July 19, 2017",https://www.politifact.com/factchecks/2017/jul/19/national-republican-senatorial-committee/republicans-mislead-ad-linking-bill-nelson-elizabe/
Ron Johnson,"June 4, 2017","""In the ‘40s, 68 cents of every health care dollar was actually paid for by the patient, today it’s only 11 cents.""",mostly-true,television interview,Health Care; Wisconsin,D.L. Davis,"July 19, 2017",https://www.politifact.com/factchecks/2017/jul/19/ron-johnson/johnson-mostly-target-claim-out-pocket-health-cost/
Elizabeth Warren,"July 13, 2017","""One in three people who’s receiving treatment for (opioid) drug problems gets some help from Medicaid to pay for that.""",mostly-true,video,National; Health Care; Medicaid,Manuela Tobias,"July 18, 2017",https://www.politifact.com/factchecks/2017/jul/18/elizabeth-warren/are-third-people-drug-problems-medicaid-elizabeth-/
Mike Pence,"July 14, 2017","In Ohio, due to Medicaid expansion, ""nearly 60,000 disabled citizens are stuck on waiting lists ... leaving them without the care they need for months or even years.""",false,speech to the National Governors Association,National; Health Care,Jon Greenberg,"July 17, 2017",https://www.politifact.com/factchecks/2017/jul/17/mike-pence/pence-falsely-ties-medicaid-expansion-disability-w/
Stacey Evans,"June 12, 2017","""I helped win one of the biggest private lawsuits against Medicare fraud in history. The government declined to pursue the case, so my firm did, and we recovered $324 million for taxpayers.""",true,campaign video,Georgia; Health Care; Medicare,Manuela Tobias,"July 14, 2017",https://www.politifact.com/factchecks/2017/jul/14/stacey-evans/did-stacey-evans-help-win-one-biggest-private-laws/
Pat Toomey,"July 10, 2017","Medicaid ""is contributing to 70 percent of our budget deficit right now. It’s the one that is in our lap because of Obamacare.""",mostly-false,Morning Joe,National; Corrections and Updates; Deficit; Health Care,Manuela Tobias,"July 12, 2017",https://www.politifact.com/factchecks/2017/jul/12/pat-toomey/medicaid-driving-budget-deficit-pat-toomey-said/
Bob Casey,"July 5, 2017",The GOP health care proposal would slash more than $135 million in federal funding available to PA schools.,false,tweet,Health Care; Pennsylvania,Anna Orso,"July 11, 2017",https://www.politifact.com/factchecks/2017/jul/11/bob-casey/trumpcare-fight-casey-overstates-gops-potential-me/
Chris Murphy,"June 26, 2017","Says because of Donald Trump, ""the IRS decided to stop enforcing the individual mandate that was the underpinning of the ACA. That has resulted in insurance companies all across the country jacking their rates up, explicitly because they don't believe that healthy people will buy insurance.""",mostly-false,video,National; Health Care; Taxes,Manuela Tobias,"July 10, 2017",https://www.politifact.com/factchecks/2017/jul/10/chris-murphy/donald-trump-responsible-rising-health-insurance-p/
Marc Short,"July 2, 2017","7 million people the Congressional Budget Office says won't have health insurance coverage under the Senate health care bill ""don't exist.""",half-true,"episode of ""Fox News Sunday""",National; Health Care,Lauren Carroll,"July 5, 2017",https://www.politifact.com/factchecks/2017/jul/05/marc-short/cbo-counted-7-million-people-who-dont-exist-says-w/
Marco Rubio,"June 28, 2017","""There is no reason for anybody to be losing any of their current benefits under Medicaid.""",mostly-false,Facebook live speech,Health Care; Medicaid; Florida,Jon Greenberg,"June 30, 2017",https://www.politifact.com/factchecks/2017/jun/30/marco-rubio/marco-rubio-wrong-conclude-senate-bill-wont-lead-m/
Shawn Thierry,"June 7, 2017","""Texas mothers are dying during childbirth at the highest rates in the nation.""",mostly-true,press release,Health Care; Women; Texas,W. Gardner Selby,"June 29, 2017",https://www.politifact.com/factchecks/2017/jun/29/shawn-thierry/shawn-thierry-says-texas-leads-nation-mothers-dyin/
Sean Spicer,"June 28, 2017","""28.2 million Americans are still waiting under Obamacare and remain uninsured!""",half-true,a tweet,National; Health Care,Manuela Tobias,"June 28, 2017",https://www.politifact.com/factchecks/2017/jun/28/sean-spicer/sean-spicer-tweets-misleading-obamacare-statistic/
Michael Needham,"June 25, 2017","""Actually, on some procedures, you're more likely to die if you're on Medicaid than if you're uninsured.""",mostly-false,interview on Fox News Sunday,Health Care; Medicaid; Florida,Amy Sherman,"June 28, 2017",https://www.politifact.com/factchecks/2017/jun/28/michael-needham/are-medicaid-patients-more-likely-die-uninsured-he/
Newt Gingrich,"June 27, 2017","Under the House health care bill, Medicaid spending ""actually goes up 20 percent over the next 10 years.""",half-true,appearance on 'Fox & Friends',Health Care; Medicaid; PunditFact,Joshua Gillin,"June 28, 2017",https://www.politifact.com/factchecks/2017/jun/28/newt-gingrich/gingrich-misleads-point-house-bill-grows-medicaid-/
Paul Ryan,"June 27, 2017","Says the CBO said ""it's not that people are getting pushed off a plan; it's that people will choose not to buy something they don't like or want.""",mostly-false,interview with Fox News,National; Health Care,Jon Greenberg,"June 28, 2017",https://www.politifact.com/factchecks/2017/jun/28/paul-ryan/paul-ryan-wrong-most-22-million-uninsured-would-be/
Tammy Baldwin,"June 2, 2017","Says Donald Trump ""wants to kick thousands of kids off of BadgerCare.""",half-true,speech,Children; Federal Budget; Health Care; Medicaid; Public Health; Wisconsin,Tom Kertscher,"June 28, 2017",https://www.politifact.com/factchecks/2017/jun/28/tammy-baldwin/tammy-baldwins-half-true-claim-donald-trump-wants-/
Donald Trump,"June 26, 2017","""When Obamacare was signed into law, CBO estimated that 23 million people would be covered in Obamacare’s exchanges in 2017. They were off by more than 100 percent. Only 10.3 million people are covered by Obamacare.""",half-true,a tweet,National; Corrections and Updates; Health Care,Manuela Tobias,"June 27, 2017",https://www.politifact.com/factchecks/2017/jun/27/donald-trump/white-house-criticism-cbo-analysis-misleading/
Bernie Sanders,"June 25, 2017","""When you throw 23 million people off of health insurance -- people with cancer, people with heart disease, people with diabetes -- thousands of people will die. … This is study after study making this point.""",mostly-true,"interview on ""Meet the Press""",National; Health Care,Louis Jacobson,"June 27, 2017",https://www.politifact.com/factchecks/2017/jun/27/bernie-sanders/bernie-sanders-projection-thousands-added-deaths-g/
Pat Toomey,"June 25, 2017","""Remember, Obamacare created a new category of eligibility. Working-age, able-bodied adults with no dependents for the first time became eligible for Medicaid if their income is below 138 percent of the poverty level. We’re going to continue that eligibility. No one loses coverage.""",half-true,"On ""Face The Nation""",Health Care; Medicaid; Pennsylvania,Mark Dent,"June 27, 2017",https://www.politifact.com/factchecks/2017/jun/27/pat-toomey/toomey-conflates-two-things-latest-health-care-cla/
Kellyanne Conway,"June 25, 2017","There ""are not cuts to Medicaid"" in the GOP health care proposals.",mostly-false,"interview on ABC's ""This Week with George Stephanopoulos""",National; Health Care,Jon Greenberg,"June 26, 2017",https://www.politifact.com/factchecks/2017/jun/26/kellyanne-conway/does-senate-health-care-bill-cut-medicaid/
Barack Obama,"June 22, 2017","The Senate bill ""hands enormous tax cuts to the rich and to the drug and insurance industries, paid for by cutting health care for everybody else.""",mostly-true,Facebook post,National; Health Care; Taxes,John Kruzel,"June 26, 2017",https://www.politifact.com/factchecks/2017/jun/26/barack-obama/obama-blasts-gop-senate-bill-tax-cut-rich-health-c/
Kellyanne Conway,"June 25, 2017","""If you became a Medicaid recipient through the Obamacare expansion, you are grandfathered in.""",mostly-false,appearance on ABC's 'This Week',Health Care; Medicaid; PunditFact,Joshua Gillin,"June 25, 2017",https://www.politifact.com/factchecks/2017/jun/25/kellyanne-conway/house-health-care-bill-allows-some-stay-medicaid-n/
John Faso,"June 1, 2017","A waiver in the American Health Care Act ""doesn’t apply to things like maternity coverage.""",false,radio town hall,Health Care; New York,Dan Clark,"June 22, 2017",https://www.politifact.com/factchecks/2017/jun/22/john-faso/maternity-care-coverage-could-be-lost-through-stat/
Donald Trump,"June 21, 2017",Obamacare has led to fewer health insurance options for millions of Americans.,mostly-false,White House tweet,National; Health Care,Jon Greenberg,"June 21, 2017",https://www.politifact.com/factchecks/2017/jun/21/donald-trump/white-house-tweet-wrongly-says-obamacare-led-fewer/
Donald Trump,"June 13, 2017","""Obamacare premiums have doubled"" in Wisconsin.",half-true,speech,Health Care; Government Regulation; Public Health; Wisconsin,Tom Kertscher,"June 15, 2017",https://www.politifact.com/factchecks/2017/jun/15/donald-trump/donald-trumps-claim-about-obamacare-premiums-doubl/
Bernie Sanders,"June 13, 2017","Says Senate deliberations on the Affordable Care Act in 2009 and 2010 included hundreds of hours of debate and more than 100 Republican amendments, compared with zero for the American Health Care Act this year.",half-true,tweet,National; Health Care,Louis Jacobson,"June 14, 2017",https://www.politifact.com/factchecks/2017/jun/14/bernie-sanders/bernie-sanders-tweet-exaggerates-lack-input-senate/
Donald Trump,"June 13, 2017","""Two million more people just dropped out of Obamacare. It is in a death spiral.""",mostly-false,tweet,National; Health Care,Jon Greenberg,"June 14, 2017",https://www.politifact.com/factchecks/2017/jun/14/donald-trump/trump-wrongly-ties-flawed-obamacare-data-death-spi/
Jon Ossoff,"June 8, 2017","The House Republican health care bill ""guts protections against massive price hikes for Georgians with pre-existing conditions.""",half-true,debate,Georgia; Health Care,Jon Greenberg,"June 13, 2017",https://www.politifact.com/factchecks/2017/jun/13/jon-ossoff/ossoff-gop-health-plan-guts-protections-pre-existi/
Maram Museitif,"May 24, 2017","Says Arabic ""is the third most-common language in Austin.""",false,as quoted,Census; City Government; Health Care; Public Health; Texas,W. Gardner Selby,"June 5, 2017",https://www.politifact.com/factchecks/2017/jun/05/maram-museitif/city-austin-appointee-says-arabic-third-most-commo/
Chris King,"May 25, 2017","Says a Congressional Budget Office report found low-income seniors in Florida will face ""800 percent premium increases"" under the American Health Care Act.",half-true,press release,Health Care; Florida,Amy Sherman,"June 2, 2017",https://www.politifact.com/factchecks/2017/jun/02/chris-king/does-ahca-increase-health-care-premiums-low-income/
James Lankford,"May 24, 2017","""This year, a majority of states are seeing premiums and costs double"" under Obamacare.",false,Facebook post,National; Health Care,Louis Jacobson,"May 25, 2017",https://www.politifact.com/factchecks/2017/may/25/james-lankford/did-obamacare-premiums-double-most-states-year-no/
American Action Network,"May 23, 2017","Under the American Health Care Act ""people with pre-existing conditions are protected.""",mostly-false,ad,Health Care; Florida,Amy Sherman,"May 24, 2017",https://www.politifact.com/factchecks/2017/may/24/american-action-network/conservative-groups-ad-misleads-about-pre-existing/
Paul Ryan,"May 7, 2017","Before Obamacare, Wisconsin’s ""high-risk pool"" for health insurance ""had eight or nine"" plans to choose from, people ""could go to any doctor or any hospital they wanted, and their premiums and co-pays were cheaper than they are under Obamacare today.""",half-true,interview,Health Care; Public Health; Wisconsin,Tom Kertscher,"May 19, 2017",https://www.politifact.com/factchecks/2017/may/19/paul-ryan/paul-ryans-claim-wisconsin-being-model-covering-pe/
Mary González,"May 11, 2017","An ""abortion procedure is actually safer than a vasectomy.""",mostly-true,House debate of House Bill 2962,Abortion; Corrections and Updates; Health Care; Texas,W. Gardner Selby,"May 17, 2017",https://www.politifact.com/factchecks/2017/may/17/mary-gonzalez/mary-gonzalez-says-abortions-safer-vasectomies/
Richard Blumenthal,"May 9, 2017","""What does Trumpcare do? Yank tax credits away from veterans unlike any other American.""",half-true,press conference,National; Health Care; Veterans,Lauren Carroll,"May 15, 2017",https://www.politifact.com/factchecks/2017/may/15/richard-blumenthal/gop-health-care-bill-yanks-tax-credits-away-vetera/
Glenn Grothman,"April 30, 2017","""Planned Parenthood is the biggest abortion provider in the country.""",true,town hall meeting,Abortion; Corrections and Updates; Health Care; Public Health; Women; Wisconsin,Dave Umhoefer,"May 15, 2017",https://www.politifact.com/factchecks/2017/may/15/glenn-grothman/glenn-grothman-says-planned-parenthood-leading-abo/
Sean Duffy,"May 9, 2017",The Republican replacement for Obamacare does not give massive tax cuts to wealthy Americans.,false,interview,Health Care; Income; Public Health; Wealth; Taxes; Wisconsin,Tom Kertscher,"May 12, 2017",https://www.politifact.com/factchecks/2017/may/12/sean-duffy/republican-replacement-obamacare-does-not-contain-/
Rod  Blum,"May 8, 2017","""If you’re getting your insurance through (your employer), nothing changes"" under Trumpcare.",half-true,town hall meeting with voters,National; Health Care,Jon Greenberg,"May 11, 2017",https://www.politifact.com/factchecks/2017/may/11/rod-blum/iowa-gops-blum-gets-it-wrong-acha-effect-employer-/
Bill Zedler,"April 25, 2017","Says a federal program that collects reported side-effects of vaccinations doesn’t accept possible outcomes extending to road accidents, heart attacks or suicides.",false,his responses to a physician testifying before the Texas House Committee on Public Health,Health Care; Public Health; Texas,W. Gardner Selby,"May 11, 2017",https://www.politifact.com/factchecks/2017/may/11/bill-zedler/bill-zedler-insists-program-doesnt-collect-wide-ra/
Save My Care,"May 8, 2017","U.S. Rep. Carlos Curbelo voted for a health care bill that will let insurance companies ""charge five times more for people over 50.""",half-true,digital ad,Congress; Health Care; Florida,Amy Sherman,"May 11, 2017",https://www.politifact.com/factchecks/2017/may/11/save-my-care/gop-health-care-bill-charges-five-times-more-peopl/
Ted Budd,,"Says if the AHCA replaces Obamacare it will ""significantly reduce insurance premiums in"" North Carolina.",half-true,,Families; Health Care; Medicaid; Public Health; North Carolina,Will Doran,"May 10, 2017",https://www.politifact.com/factchecks/2017/may/10/ted-budd/what-will-happen-north-carolina-premiums-if-ahca-r/
Claire McCaskill,"March 28, 2017","""We have 5 percent of world population. 80 percent of opioids.""",false,tweet,Drugs; Health Care; Public Health; Missouri,Gary  Garrison,"May 10, 2017",https://www.politifact.com/factchecks/2017/may/10/claire-mccaskill/mccaskill-cites-long-disproven-figure-opioid-use/
Barry Loudermilk,"May 4, 2017","In the House Republican health care bill, ""we’re expanding women’s access to health services by redirecting Planned Parenthood dollars to community health centers, which vastly outnumber Planned Parenthood clinics.""",mostly-false,email to constituents,Abortion; Georgia; Corrections and Updates; Health Care; Women,Louis Jacobson,"May 9, 2017",https://www.politifact.com/factchecks/2017/may/09/barry-loudermilk/would-gop-bill-expand-womens-health-care-curbing-p/
Kevin McCarthy,"May 4, 2017","""Nobody on Medicaid"" will have their benefits taken away.",false,CNN,National; Health Care; Medicaid,John Kruzel,"May 9, 2017",https://www.politifact.com/factchecks/2017/may/09/kevin-mccarthy/would-republican-health-care-bill-take-away-anyone/
Judy Chu,"May 4, 2017","The GOP health bill ""would once again allow being a rape or domestic violence victim to be a pre-existing condition.""",mostly-false,press release,Congress; Health Care; Legal Issues; Crime; Public Health; Public Safety; Women; California,Chris Nichols,"May 9, 2017",https://www.politifact.com/factchecks/2017/may/09/judy-chu/rape-pre-existing-condition-under-gop-bill-calif-c/
Gwen Moore,"May 4, 2017","""Under ‘Trumpcare,’"" domestic violence and sexual assault ""could be considered pre-existing conditions.""",mostly-false,news release,Health Care; Legal Issues; Crime; Public Health; Women; Wisconsin,Tom Kertscher,"May 9, 2017",https://www.politifact.com/factchecks/2017/may/09/gwen-moore/sexual-assault-domestic-violence-themselves-are-no/
Tom Price,"May 7, 2017","""We have got 20 million folks out there across this land who have told the federal government, ‘Phooey, nonsense, I’m not going to participate in your program, because it doesn’t do what I need done.’ """,mostly-false,interview on CNN's State of the Union,Health Care; Florida,Amy Sherman,"May 8, 2017",https://www.politifact.com/factchecks/2017/may/08/tom-price/tom-price-misleads-obamacare-tax-penalty/
Raul Labrador,"May 5, 2017","""Nobody dies because they don’t have access to health care.""",pants-fire,town hall event,National; Health Care,Louis Jacobson,"May 8, 2017",https://www.politifact.com/factchecks/2017/may/08/raul-labrador/raul-labradors-claim-no-one-dies-lack-health-care-/
Bloggers,"May 4, 2017","Under the House Republican health plan, sexual assault is a pre-existing condition.",mostly-false,blog headlines,National; Health Care; Crime; Public Health; Women,Lauren Carroll,"May 5, 2017",https://www.politifact.com/factchecks/2017/may/05/blog-posting/headlines-say-gop-bill-makes-sexual-assault-pre-ex/
Americas PAC,"April 27, 2017","Says Tammy Baldwin was told by a whistleblower about ""overmedicated veterans,"" she made ""deadly mistakes"" and ""three veterans died"" at the Tomah VA hospital.",false,radio ad,Drugs; Health Care; Public Health; Veterans; Wisconsin,Tom Kertscher,"May 5, 2017",https://www.politifact.com/factchecks/2017/may/05/americas-pac/super-pac-attack-blaming-tammy-baldwin-deaths-3-ve/
Donald Trump,"April 30, 2017","""Dems want billions to go to Insurance Companies to bail out donors""",false,Twitter,National; Campaign Finance; Congress; Health Care,John Kruzel,"May 4, 2017",https://www.politifact.com/factchecks/2017/may/04/donald-trump/trumps-false-claim-dems-want-billions-go-insurance/
Robert Pittenger,"May 2, 2017","Says the Republican plan to replace Obamacare, ""absolutely does not eliminate protections for pre-existing conditions.""",mostly-false,written statement,Families; Health Care; Public Health; Regulation; States; North Carolina,Will Doran,"May 4, 2017",https://www.politifact.com/factchecks/2017/may/04/robert-pittenger/does-new-version-ahca-protect-coverage-pre-existin/
Jimmy Kimmel,"May 1, 2017","""President Trump last month proposed a $6 billion cut in funding to the National Institutes of Health. And thank God our congressmen made a deal last night to not go along with that. They actually increased funding by $2 billion.""",mostly-true,monologue on his show,Federal Budget; Health Care; Science; PunditFact,Louis Jacobson,"May 3, 2017",https://www.politifact.com/factchecks/2017/may/03/jimmy-kimmel/jimmy-kimmel-largely-right-about-cuts-additions-ni/
Margaret Hoover,"May 2, 2017","Regarding the surgery that saved Jimmy Kimmel's son, ""Medicaid has stopped providing this kind of service.""",false,discussion on CNN,Children; Health Care; PunditFact,Louis Jacobson,"May 2, 2017",https://www.politifact.com/factchecks/2017/may/02/margaret-hoover/cnns-margaret-hoover-corrects-claim-kimmel-surgery/
Donald Trump,"April 30, 2017","Says of the GOP health care proposal, ""pre-existing conditions are in the bill.""",mostly-false,interview,Health Care; Government Regulation; Medicaid; Medicare; Florida,Amy Sherman,"May 1, 2017",https://www.politifact.com/factchecks/2017/may/01/donald-trump/does-new-version-ahca-still-cover-pre-existing-con/
Club for Growth,"April 15, 2017","The conservative proposal to replace the Affordable Care Act ""lowers premiums by giving New York the freedom to end Obamacare’s costly and ridiculous rules.""",mostly-false,ad aired on radio and television,Health Care; New York,Dan Clark,"April 22, 2017",https://www.politifact.com/factchecks/2017/apr/22/club-growth/new-conservative-health-care-proposal-would-have-l/
Vicky Hartzler,"March 14, 2017","""For too long, Obamacare has caused high premiums and dismal coverage. ... Under Obamacare premiums in job-based coverage have increased by $3,775""",mostly-false,tweet,Health Care; Missouri,Gary  Garrison,"April 13, 2017",https://www.politifact.com/factchecks/2017/apr/13/vicky-hartzler/rep-hartzler-misses-trend-insurance-premiums/
Michael Kearns,"April 11, 2017","There were ""76 deaths in three years"" at the Buffalo Psychiatric Center",pants-fire,press conference,Health Care; New York,Dan Clark,"April 12, 2017",https://www.politifact.com/factchecks/2017/apr/12/michael-kearns/how-many-patients-have-died-buffalo-psychiatric-ce/
Donna Campbell,"March 22, 2017","""Seven out of ten doctors are not taking any new Medicaid patients as lower reimbursement rates make it cost-prohibitive.""",mostly-false,email blast after meeting with President Trump,Health Care; Medicaid; Texas,W. Gardner Selby,"April 7, 2017",https://www.politifact.com/factchecks/2017/apr/07/donna-campbell/donna-campbell-says-due-low-rates-70-percent-physi/
Chris Collins,"March 16, 2017","In New York state, ""you cannot charge an older person even one dollar more than a younger person"" for health insurance.",true,CNN town hall,Health Care; New York,Dan Clark,"March 31, 2017",https://www.politifact.com/factchecks/2017/mar/31/chris-collins/new-york-law-prohibits-higher-health-insurance-pre/
John Cornyn,"March 9, 2017","Texas ""spent close to a third of its budget on Medicaid last year, a third of all state spending.""",mostly-true,U.S. Senate floor speech,Health Care; Medicaid; State Budget; Texas,W. Gardner Selby,"March 28, 2017",https://www.politifact.com/factchecks/2017/mar/28/john-cornyn/john-cornyn-Texas-Medicaid-spending-counts-state-f/
Hugh Hewitt,"March 26, 2017","Obamacare ""is in a death spiral.""",false,"comments on ""Meet the Press""",Health Care; PunditFact,Allison Graves,"March 26, 2017",https://www.politifact.com/factchecks/2017/mar/26/hugh-hewitt/obamacare-death-spiral/
Carolyn Maloney,"March 16, 2017","""More than half of Planned Parenthood facilities are in rural or medically underserved areas.""",true,remarks on the House floor,Abortion; National; Health Care; Public Health; Women,Sarah Waychoff,"March 24, 2017",https://www.politifact.com/factchecks/2017/mar/24/carolyn-maloney/ny-rep-maloney-most-planned-parenthood-clinics-are/
David Price,"March 22, 2017","""Under the Republican health care repeal proposal North Carolina faces the 2nd highest premium increase in the nation. North Carolina residents will face an average cost increase of over $7,500.""",half-true,report from his Congressional office,Congress; Health Care; States; North Carolina; Taxes,Will Doran,"March 24, 2017",https://www.politifact.com/factchecks/2017/mar/24/david-price/price-right-north-carolina-would-have-nations-seco/
Barack Obama,"March 23, 2017","""The vast majority of marketplace enrollees have experienced no average premium hike at all.""",mostly-true,statement on the 7th anniversary of the Affordable Care Act,National; Health Care,Jon Greenberg,"March 23, 2017",https://www.politifact.com/factchecks/2017/mar/23/barack-obama/obama-no-premium-hike-vast-majority-covered-govern/
Ron Johnson,"March 21, 2017","The GOP’s Obamacare replacement would reduce subsidies that help lower-income people buy health insurance, but also ""expand the entitlement"" by giving subsidies to higher-income people ""that Obamacare never helped.""",true,interview,Health Care; Income; Taxes; Wisconsin,Tom Kertscher,"March 23, 2017",https://www.politifact.com/factchecks/2017/mar/23/ron-johnson/gop-obamacare-replacement-cuts-aid-lower-income-pe/
Mike Pence,"March 19, 2017","Says President Donald Trump’s proposal to allow Americans to buy health insurance across state lines would make it the same as ""the way you buy car insurance"" today.",false,remarks,National; Health Care; Government Regulation,Louis Jacobson,"March 23, 2017",https://www.politifact.com/factchecks/2017/mar/23/mike-pence/discussing-health-care-mike-pence-wrong-about/
Chris Murphy,"March 16, 2017","""In year No. 1, 14 million Americans lose coverage,"" according to the CBO.",mostly-true,press conference,National; Health Care,John Kruzel,"March 22, 2017",https://www.politifact.com/factchecks/2017/mar/22/chris-murphy/house-gop-health-care-bill-would-cause-14-million-/
Mark Pocan,"March 20, 2017","Under ""Trumpcare,"" the Republican replacement for Obamacare, ""$600 billion worth of tax breaks will go to the wealthiest in this country.""",half-true,video,Health Care; Income; Wealth; Taxes; Wisconsin,Tom Kertscher,"March 21, 2017",https://www.politifact.com/factchecks/2017/mar/21/mark-pocan/americas-wealthiest-get-600-billion-tax-breaks-rep/
Jack Kingston,"March 12, 2017","""I remember years ago looking at a CBO report that in 1964 predicted that Medicare would cost $9 billion 10 years later. And I think it was already over $100 billion at that point.""",false,interview on CNN,Georgia; Congress; Federal Budget; Health Care,Sarah Waychoff,"March 20, 2017",https://www.politifact.com/factchecks/2017/mar/20/jack-kingston/did-cbo-exist-1964-no/
Luis Gutierrez,"March 12, 2017","""2009-2010, let's remember, hundreds of Republican amendments were adopted in the ACA.""",half-true,CNN's State of the Union,National; Bipartisanship; Congress; Health Care,Gabrielle Healy,"March 16, 2017",https://www.politifact.com/factchecks/2017/mar/16/luis-gutierrez/rep-gutierrez-says-hundreds-republican-amendments-/
Kathleen Sebelius,"March 12, 2017","Blue Cross Blue Shield ended ""2016 open enrollment with 1 million members in the Florida marketplace.""",mostly-true,interview on Meet the Press,Health Care; Florida,Amy Sherman,"March 15, 2017",https://www.politifact.com/factchecks/2017/mar/15/kathleen-sebelius/florida-blue-ended-2016-1-million-members-obamacar/
Rosemary Laird,"March 14, 2017","""Currently, half a million Floridians have Alzheimer’s disease, and in less than 10 years, a 40 percent growth rate means that another 200,000 Floridians will develop this devastating illness.""",mostly-true,Florida Senate committee hearing,Disability; Health Care; Retirement; Florida,Louis Jacobson,"March 14, 2017",https://www.politifact.com/factchecks/2017/mar/14/rosemary-laird/do-half-million-people-florida-have-alzheimers-dis/
Mick Mulvaney,"March 13, 2017","The House Republican health care ""plan doesn't get rid of Medicaid expansion.""",mostly-false,press conference,National; Health Care; Medicaid; Public Health,Lauren Carroll,"March 14, 2017",https://www.politifact.com/factchecks/2017/mar/14/mick-mulvaney/mick-mulvaneys-misleading-claim-house-gop-health-c/
Paul Ryan,"March 13, 2017","A report from the nonpartisan Congressional Budget Office ""confirms that the American Health Care Act will lower premiums.""",half-true,news release,Corporations; Federal Budget; Health Care; Medicaid; Wisconsin,Tom Kertscher,"March 14, 2017",https://www.politifact.com/factchecks/2017/mar/14/paul-ryan/paul-ryans-partially-accurate-claim-republican-rep/
Donald Trump,"March 13, 2017","""One-third of the counties — think of it, one-third — only have one insurer left"" on the Affordable Care Act exchanges.",true,listening session on health care,National; Health Care,Lauren Carroll,"March 13, 2017",https://www.politifact.com/factchecks/2017/mar/13/donald-trump/donald-trump-one-third-counties-have-only-one-insu/
Tammy Baldwin,"March 8, 2017","""‘TrumpCare’ would allow insurance execs to personally make millions off your health care.""",mostly-false,tweet,Corporations; Health Care; Income; Taxes; Wisconsin,Tom Kertscher,"March 13, 2017",https://www.politifact.com/factchecks/2017/mar/13/tammy-baldwin/would-trumpcare-gop-replacement-obamacare-allow-in/
Tom Price,"March 12, 2017","""The number of individuals who actually got coverage through the exchange who didn't have coverage before, or who weren't eligible for Medicaid before is relatively small. So we've turned things upside down completely for 3 million, or 4 million, or 5 million individuals.""",false,"interview on ""Meet the Press""",National; Health Care,Aaron Sharockman,"March 12, 2017",https://www.politifact.com/factchecks/2017/mar/12/tom-price/tom-price-undercounts-obamacare-impact-getting-mor/
Mick Mulvaney,"March 12, 2017","""If the CBO was right about Obamacare to begin with, there'd be 8 million more people on Obamacare today than there actually are. … Sometimes we ask them to do stuff that they're not capable of doing.""",half-true,"segment on ABC's ""This Week""",National; Health Care,Allison Graves,"March 12, 2017",https://www.politifact.com/factchecks/2017/mar/12/mick-mulvaney/fact-checking-white-house-attack-nonpartisan-cbos-/
Caleb Rowden,"January 20, 2017","""And this would be the first year, if everything holds true, we will spend over $10 billion of our state budget on Medicaid out of the $28 billion budget.""",mostly-true,statement at a legislative breakfast,Health Care; Medicaid; Public Health; Missouri,Austin Hough,"March 12, 2017",https://www.politifact.com/factchecks/2017/mar/12/caleb-rowden/rowden-mostly-right-about-medicaid-costs/
Donna Howard,"February 27, 2017","Says condoms ""used to be tax-exempt here in Texas.""",true,Facebook Live interview with Austin bureau reporters for the Dallas Morning News,Health Care; Sexuality; Taxes; Texas,W. Gardner Selby,"March 10, 2017",https://www.politifact.com/factchecks/2017/mar/10/donna-howard/donna-howard-says-condoms-used-be-tax-exempt-texas/
Tom Price,"March 7, 2017","The Obama administration said ""they were going to be able to drive folks away from one of the most expensive areas for the provision of health care, and that is the emergency rooms. In fact, they did just the opposite.""",mostly-true,press briefing,National; Health Care,Louis Jacobson,"March 10, 2017",https://www.politifact.com/factchecks/2017/mar/10/tom-price/hhs-chief-tom-price-correct-er-use-obamacare/
Gavin Newsom,"March 7, 2017","""Cost of iPhone: $399
- Cost of healthcare for 1 year: $10,345
- Hearing @jasoninthehouse compare the 2 as if they are the same: priceless""",mostly-true,tweet,Health Care; Technology; The 2018 California Governor's Race; California,Chris Nichols,"March 10, 2017",https://www.politifact.com/factchecks/2017/mar/10/gavin-newsom/debate-over-iphone-vs-health-care-costs-gavin-news/
Bernie Sanders,"March 8, 2017","The GOP health care plan gives ""$275 billion in tax breaks for the top 2 percent, people earning $250,000 a year or more.""",mostly-true,"interview on MSNBC's ""All In With Chis Hayes""",National; Health Care; Taxes,Jon Greenberg,"March 9, 2017",https://www.politifact.com/factchecks/2017/mar/09/bernie-sanders/sanders-gop-health-care-plan-gives-wealthiest-275-/
Greg Walden,"March 7, 2017","Under the Affordable Care Act, ""some people were gaming the system"" by paying ""for nine months of insurance, get 12 -- the other three for free.""",mostly-false,oress conference,National; Health Care,Louis Jacobson,"March 8, 2017",https://www.politifact.com/factchecks/2017/mar/08/greg-walden/are-americans-gaming-system-get-cheaper-obamacare-/
Social Media,"March 6, 2017","""It's important to pay attention to the Russian spy drama, but let's not ignore the fact that the following (10) bills have been introduced"" in the House.",mostly-true,social media posts,Abortion; Environment; Immigration; Education; Health Care; Foreign Policy; Workers; PunditFact,Louis Jacobson,"March 7, 2017",https://www.politifact.com/factchecks/2017/mar/07/social-media/social-media-post-pending-gop-bills-largely-accura/
Citizen Action of Wisconsin,"February 28, 2017","Says ""people who come to"" their dissent actions ""get a ‘cease and desist’ letter"" from Ron Johnson's office.",false,website posting,Civil Rights; Health Care; Polls and Public Opinion; Wisconsin,Tom Kertscher,"March 2, 2017",https://www.politifact.com/factchecks/2017/mar/02/citizen-action-wisconsin/group-falsely-claims-gop-sen-ron-johnson-sends-cea/
Thomas Perez,"March 1, 2017","""The primary financing mechanism of the Affordable Care Act is a tax on wealthy people.""",half-true,"interview on CNN's ""New Day""",National; Health Care; Taxes,Jon Greenberg,"March 1, 2017",https://www.politifact.com/factchecks/2017/mar/01/thomas-perez/taxes-wealthy-pay-obamacare-dncs-perez-overshoots/
Donald Trump,"February 28, 2017","""Obamacare premiums nationwide have increased by double and triple digits.""",half-true,speech,National; Health Care,Joshua Gillin,"March 1, 2017",https://www.politifact.com/factchecks/2017/mar/01/donald-trump/fact-checking-donald-trumps-claim-about-soaring-ob/
"Reps.  Keith Rothfus, Mike Kelly and Bill Shuster","February 19, 2017","""Obamacare covers 24 million fewer people than it was expected to, and the projected price tag has more than doubled at $2 trillion.""",mostly-false,op-ed,Health Care; Pennsylvania,Anna Orso,"February 24, 2017",https://www.politifact.com/factchecks/2017/feb/24/reps-keith-rothfus-mike-kelly-and-bill-shuster/bad-math-behind-3-pa-gop-congressmens-obamacare-cl/
Sean Duffy,"January 24, 2017","""Abortion providers like Planned Parenthood do little other than provide abortions.""",pants-fire,news release,Abortion; Health Care; Wisconsin,Jonathan Anderson,"February 24, 2017",https://www.politifact.com/factchecks/2017/feb/24/sean-duffy/sean-duffys-base-claim-about-planned-parenthood-an/
Roy Blunt,"January 11, 2017","""This year, 97 Missouri counties have only one insurer participating in the Obamacare exchanges. Last year, every Missouri county had at least two insurance options. In addition, most Missourians will see an increase in their premiums, with some facing an increase upward of 40 percent""",half-true,press release,Health Care; Missouri,Gary  Garrison,"February 22, 2017",https://www.politifact.com/factchecks/2017/feb/22/roy-blunt/roy-blunt-leaves-out-context-missouris-health-insu/
Bernie Sanders,"February 13, 2017","""Before the Affordable Care Act, (West Virginia’s) uninsured rate for people 64 to 19 was 29 percent. Today, it is 9 percent.""",mostly-true,interview with MSNBC's Chris Hayes,National; Health Care,Louis Jacobson,"February 14, 2017",https://www.politifact.com/factchecks/2017/feb/14/bernie-sanders/wva-uninsured-rate-has-declined-not-fast-bernie-sa/
Tammy Baldwin,"January 6, 2017","Says Republicans are ""organizing to take people’s health care away.""",mostly-false,interview,Health Care; Wisconsin,Jonathan Anderson,"February 8, 2017",https://www.politifact.com/factchecks/2017/feb/08/tammy-baldwin/tammy-baldwin-republicans-are-organizing-take-peop/
Paul Ryan,"January 5, 2017","Obamacare is ""hurting people right now"" with premium increases of up to 116 percent.",mostly-true,news conference,Health Care; Wisconsin,Eric Litke,"February 3, 2017",https://www.politifact.com/factchecks/2017/feb/03/paul-ryan/testing-paul-ryan-claim-obamacare-premium-increase/
Paul Ryan,"January 5, 2017","""Obamacare has failed.""",mostly-false,press briefing,Children; Families; Federal Budget; Health Care; Government Regulation; Medicaid; Public Health; Wisconsin,Tom Kertscher,"February 1, 2017",https://www.politifact.com/factchecks/2017/feb/01/paul-ryan/paul-ryans-damning-claim-affordable-care-act-obama/
Claire McCaskill,"January 23, 2017","""Not one dime of the tax cut that they are going to enact with the repeal of Obamacare will go to people who make under $200,000.""",mostly-false,"interview on MSNBC's ""Morning Joe""",National; Health Care; Taxes,Louis Jacobson,"January 26, 2017",https://www.politifact.com/factchecks/2017/jan/26/claire-mccaskill/claire-mccaskill-overstates-tax-impacts-repealing-/
Mark Pocan,"January 11, 2017","Says Betsy DeVos and her family ""have donated extensively to groups which promote the idea that students who identify as LGBT must undergo 'conversion' therapy.""",mostly-false,letter,Education; Health Care; LGBTQ; Sexuality; Wisconsin,Tom Kertscher,"January 25, 2017",https://www.politifact.com/factchecks/2017/jan/25/mark-pocan/betsy-devos-backs-groups-say-lgbt-students-must-ge/
George Takei,"January 20, 2017","""The White House removed its climate change web page. And the healthcare, civil rights and LGBT sections.""",mostly-true,Tweet,Civil Rights; Climate Change; Health Care; LGBTQ; Technology; PunditFact,Lauren Carroll,"January 23, 2017",https://www.politifact.com/factchecks/2017/jan/23/george-takei/george-takei-says-white-house-removed-pages-about-/
Roy Cooper,"January 19, 2017","Says North Carolinians are ""already paying for"" Medicaid expansion, even though the state hasn’t expanded Medicaid.",mostly-true,speech to business leaders,Health Care; Medicaid; Poverty; States; North Carolina; Taxes,Will Doran,"January 19, 2017",https://www.politifact.com/factchecks/2017/jan/19/roy-cooper/nc-gov-roy-cooper-medicaid-expansion-north-carolin/
Jerry Brown,"January 13, 2017","The uninsured rate in California reached ""a historic low of 7.4 percent in 2016.""",true,letter,Health Care; California,Chris Nichols,"January 19, 2017",https://www.politifact.com/factchecks/2017/jan/19/jerry-brown/true-californias-uninsured-rate-has-hit-historic-l/
The Other 98%,"January 17, 2017","Thirteen Democratic senators ""voted against cheaper medicines"" and took millions from ""big pharma since 2011.""",mostly-false,viral image on the Internet,National; Campaign Finance; Health Care,Louis Jacobson,"January 18, 2017",https://www.politifact.com/factchecks/2017/jan/18/other-98/viral-image-about-democratic-senators-and-big-phar/
Carlos Guillermo Smith,"January 10, 2017","""Florida is ranked 50th in the nation for mental health care funding.""",mostly-true,press conference,Health Care; Florida; Guns,Amy Sherman,"January 18, 2017",https://www.politifact.com/factchecks/2017/jan/18/carlos-guillermo-smith/after-fort-lauderdale-airport-shooting-legislator-/
Paul Ryan,"January 12, 2017","Obamacare ""is in what the actuaries call a death spiral.""",false,media briefing,Health Care; Wisconsin,Eric Litke,"January 18, 2017",https://www.politifact.com/factchecks/2017/jan/18/paul-ryan/paul-ryan-wrongly-claims-actuaries-have-determined/
Tammy Baldwin,"January 5, 2017","The federal government is prohibited ""from negotiating lower prescription drug prices for our senior citizens.""",true,tweet,Drugs; Health Care; Government Regulation; Medicare; Wisconsin,Tom Kertscher,"January 17, 2017",https://www.politifact.com/factchecks/2017/jan/17/tammy-baldwin/tammy-baldwin-federal-government-prohibited-negoti/
Rand Paul,"January 15, 2017","""The vast majority of people that got insurance under President Obama's Obamacare, the Affordable Care Act, got it through Medicaid.""",half-true,"interview on CNN's ""State of the Union""",National; Health Care; Medicaid; Poverty,Jon Greenberg,"January 15, 2017",https://www.politifact.com/factchecks/2017/jan/15/rand-paul/medicaid-expansion-drove-health-insurance-coverage/
Keith Ellison,"January 5, 2017","""House GOP rules package bars CBO from counting spikes in deficit spending spurred by an ACA repeal.""",false,tweet,National; Deficit; Federal Budget; Health Care,Louis Jacobson,"January 12, 2017",https://www.politifact.com/factchecks/2017/jan/12/keith-ellison/keith-ellison-wrong-cbo-cant-analyze-cost-obamacar/
Mitch McConnell,"January 9, 2017","""About 8 out of 10 favor changing Obamacare significantly or replacing it altogether.""",mostly-true,op-ed on FoxNews.com,National; Health Care; Polls and Public Opinion,Louis Jacobson,"January 10, 2017",https://www.politifact.com/factchecks/2017/jan/10/mitch-mcconnell/mitch-mcconnell-says-favor-changing-Obamacare/
Mike Pence,"January 4, 2017","Under Obamacare, ""American families have seen an increase in premiums of $5,000.""",half-true,comments to reporters on Capitol Hill,National; Health Care,Louis Jacobson,"January 9, 2017",https://www.politifact.com/factchecks/2017/jan/09/mike-pence/mike-pence-says-under-obamacare-american-families-/
Bloggers,"November 25, 2016",Says Vicks VapoRub caused a child’s death.,false,blog post,Global News Service; Children; Fake news; Health Care,Jon Greenberg,"January 6, 2017",https://www.politifact.com/factchecks/2017/jan/06/blog-posting/parenting-blog-falsely-claims-vicks-vaporub-was-fa/
Paul Ryan,"November 10, 2016","""Because of Obamacare, Medicare is going broke.""",pants-fire,interview,Bankruptcy; Federal Budget; Health Care; Medicare; Wisconsin,Tom Kertscher,"December 23, 2016",https://www.politifact.com/factchecks/2016/dec/23/paul-ryan/repeal-and-replace-works-paul-ryan-says-obamacare-/
If You Only News,"December 4, 2016","""Emboldened by election, Texas Republicans kill Medicaid funding for kids with disabilities.""",pants-fire,news-entertainment web post,Health Care; State Budget; States; Texas,W. Gardner Selby,"December 21, 2016",https://www.politifact.com/factchecks/2016/dec/21/if-you-only-news/news-entertainment-service-incorrectly-says-texas-/
Ron Johnson,"October 14, 2016","Under Obamacare, ""premiums have doubled and tripled"" in Wisconsin.",mostly-true,debate,Health Care; Wisconsin,Eric Litke,"December 13, 2016",https://www.politifact.com/factchecks/2016/dec/13/ron-johnson/testing-ron-johnson-claim-under-obamacare-premiums/
Winning Democrats,"December 1, 2016","""Trump’s Health Secretary Pick Wants a Medicare Phaseout by Summer 2017.""",false,article,Health Care; Medicare; PunditFact,Allison Graves,"December 7, 2016",https://www.politifact.com/factchecks/2016/dec/07/winning-democrats/no-trumps-health-secretary-pick-tom-price-doesnt-w/
Rick Scott,"November 30, 2016","Obamacare ""was invented by liberal academic theorists.""",mostly-false,op-ed,Health Care; Florida,Amy Sherman,"December 5, 2016",https://www.politifact.com/factchecks/2016/dec/05/rick-scott/rick-scott-misleads-about-inventors-obamacare-igno/
James Quintero,"October 10, 2016","Says that when San Francisco banned plastic grocery bags, ""you saw the number of instances of people going to the ER with things like salmonella and other related illnesses"" spike.",mostly-false,panel discussion at SXSW Eco,Environment; Health Care; Public Health; Texas,W. Gardner Selby,"November 23, 2016",https://www.politifact.com/factchecks/2016/nov/23/james-quintero/james-quintero-says-salmonella-and-other-illnesses/
Paul Ryan,"November 9, 2016","Obamacare ""is not a popular law.""",mostly-true,news conference,Health Care; Government Regulation; Polls and Public Opinion; Wisconsin,Tom Kertscher,"November 17, 2016",https://www.politifact.com/factchecks/2016/nov/17/paul-ryan/donald-trump-and-paul-ryan-threatening-repeal-and-/
Donald Trump,"November 3, 2016","""It's just been announced that the residents of Florida are going to experience a massive, double-digit premium hike.""",half-true,campaign speech,Health Care; Regulation; Florida,Joshua Gillin,"November 7, 2016",https://www.politifact.com/factchecks/2016/nov/07/donald-trump/trump-misses-details-when-saying-florida-insurance/
U.S. Chamber of Commerce,"October 28, 2016","Says Russ Feingold said that with Obamacare, ""we could keep our doctors and our plans, it was rated as the Lie of the Year.""",true,ad,Candidate Biography; Health Care; Government Regulation; Wisconsin,Tom Kertscher,"November 4, 2016",https://www.politifact.com/factchecks/2016/nov/04/us-chamber-commerce/did-wisconsin-us-senate-candidate-russ-feingold-st/
Donald Trump,"October 30, 2016","Says Nevadans will have a ""double-digit hike in their Obamacare premiums for the year"" and ""10 of Nevada’s 16 counties will only have one Obamacare...exchange insurer""",mostly-true,campaign speech.,Nevada; Health Care,Riley Snyder,"November 4, 2016",https://www.politifact.com/factchecks/2016/nov/04/donald-trump/trump-says-nevadans-will-see-massive-hike-health-c/
Ron Johnson,"October 14, 2016","""Prior to Obamacare here in Wisconsin, 95 percent of Wisconsinites were covered by insurance. After Obamacare, 95 percent of Wisconsinites were covered by insurance. It hasn’t had an impact.""",false,U.S. Senate debate,Health Care; Wisconsin,Eric Litke,"November 4, 2016",https://www.politifact.com/factchecks/2016/nov/04/ron-johnson/debunking-ron-johnson-claim-obamacare-had-no-impac/
Donald Trump,"November 1, 2016","""In many instances, (people's) health care costs are more than their mortgage costs or their rent, which, by the way, is a first in American history.""",mostly-false,speech,National; Economy; Health Care; History; Government Regulation; Regulation,C. Eugene Emery Jr.,"November 2, 2016",https://www.politifact.com/factchecks/2016/nov/02/donald-trump/average-donald-trump-comparison-health-care-housin/
Elise Stefanik,"October 6, 2016","When asked about bills in Congress important to the North Country, Derrick responded ‘I just don’t know enough about it.’",mostly-false,television ad,Health Care; New York,Dan Clark,"November 1, 2016",https://www.politifact.com/factchecks/2016/nov/01/elise-stefanik/stefanik-ad-takes-derricks-comments-out-context/
Debbie Wasserman Schultz,"October 25, 2016","""It's four or five states where the number of insurance options have narrowed"" under the Affordable Care Act.",false,interview on CNN,Health Care; Florida,Louis Jacobson,"October 26, 2016",https://www.politifact.com/factchecks/2016/oct/26/debbie-wasserman-schultz/debbie-wasserman-schultz-incorrectly-says-only-4-o/
Marco Rubio,"October 17, 2016","""In about three weeks over a half million Floridians are going to lose their coverage again"" through Obamacare.",half-true,U.S. Senate debate,Health Care; Florida,Amy Sherman,"October 18, 2016",https://www.politifact.com/factchecks/2016/oct/18/marco-rubio/marco-rubio-misleads-about-floridians-who-will-los/
Donald Trump,"October 9, 2016","Says Hillary Clinton ""wants to go to a single-payer plan"" for health care",false,presidential debate,National; Health Care,C. Eugene Emery Jr.,"October 10, 2016",https://www.politifact.com/factchecks/2016/oct/10/donald-trump/donald-trump-wrongly-says-hillary-clinton-wants-go/
Hillary Clinton,"October 9, 2016","""Right now we are at 90 percent health insurance covered. That's the highest we've ever been in our country.""",true,second 2016 presidential debate,National; Health Care,Louis Jacobson,"October 10, 2016",https://www.politifact.com/factchecks/2016/oct/10/hillary-clinton/hillary-clinton-says-90-percent-health/
Colin Van Ostern,"August 16, 2016","As a result of Chris Sununu’s vote against a Planned Parenthood contract, ""nearly 3,000 fewer"" women and families statewide accessed health care for birth control, cancer screenings and annual exams.",mostly-false,speech,Abortion; New Hampshire; Health Care; Voting Record,Ella  Nilsen,"October 6, 2016",https://www.politifact.com/factchecks/2016/oct/06/colin-van-ostern/colin-van-ostern-says-rejection-planned-parenthood/
Mike Pence,"October 4, 2016","Says Hillary Clinton and Tim Kaine ""want to expand (Obamacare) into a single-payer program.""",mostly-false,2016 Vice Presidential debate,National; Drugs; Health Care; History,C. Eugene Emery Jr.,"October 5, 2016",https://www.politifact.com/factchecks/2016/oct/05/mike-pence/mike-pence-says-hillary-clinton-want-turn-obamacar/
John McCain,"September 6, 2016","Says Ann Kirkpatrick walked out ""on constituents when questioned"" on the Affordable Care Act.",half-true,political advertisement,Health Care; Arizona,Anthony Cave,"September 21, 2016",https://www.politifact.com/factchecks/2016/sep/21/john-mccain/john-mccain-claims-democratic-challenger-walked-ou/
Americans for Prosperity,"September 14, 2016","""300,000 Floridians have lost their health insurance"" as a result of Obamacare.",false,campaign ad,Health Care; Florida,Louis Jacobson,"September 19, 2016",https://www.politifact.com/factchecks/2016/sep/19/americans-prosperity/ad-hitting-patrick-murphy-revives-zombie-statistic/
Colin Van Ostern,"September 6, 2016","""I cast the deciding vote extending Medicaid health care coverage to 50,000 of our fellow citizens,""",mostly-false,debate,New Hampshire; Candidate Biography; Health Care; Voting Record,Allie Morris,"September 8, 2016",https://www.politifact.com/factchecks/2016/sep/08/colin-van-ostern/was-colin-van-ostern-deciding-vote-medicaid-expans/
NARAL Pro-Choice America,"September 6, 2016","""Marco Rubio voted against funding health clinics that provide critical care during this public health emergency (Zika).""",mostly-false,TV ad,Abortion; Congress; Health Care; Florida,Amy Sherman,"September 8, 2016",https://www.politifact.com/factchecks/2016/sep/08/naral-pro-choice/naral-misleads-attack-marco-rubio-about-zika-fundi/
Hillary Clinton,"September 7, 2016","Says Donald Trump supports ""an agenda out there"" to privatize the Veterans Affairs health care system.",mostly-false,NBC Commander-In-Chief Forum,National; Health Care; Veterans,C. Eugene Emery Jr.,"September 8, 2016",https://www.politifact.com/factchecks/2016/sep/08/hillary-clinton/hillary-clinton-says-donald-trump-supports-privati/
Donald Trump,"August 31, 2016","Says ""Hillary Clinton has pledged amnesty in her first 100 days, and her plan will provide Obamacare, Social Security, and Medicare for illegal immigrants, breaking the federal budget.""",mostly-false,speech,Immigration; National; Children; Debt; Deficit; Economy; Families; Federal Budget; Health Care; History; Homeland Security; Jobs; Legal Issues; Medicaid; Medicare; Retirement; Social Security,C. Eugene Emery Jr.,"September 2, 2016",https://www.politifact.com/factchecks/2016/sep/02/donald-trump/donald-trump-strays-key-facts-hillary-clinton-amne/
End Citizens United,"August 22, 2016","Says U.S. Rep. Bruce Poliquin voted to ""force seniors to pay more for prescription drugs.""",half-true,campaign ad,National; Candidate Biography; Congress; Drugs; Health Care; History; Medicare; Voting Record,C. Eugene Emery Jr.,"August 30, 2016",https://www.politifact.com/factchecks/2016/aug/30/end-citizens-united/pac-ad-say-bruce-poliquin-voted-force-seniors-pay-/
Joaquin Castro,"August 10, 2016","Says the director of an anti-abortion group receiving a Texas grant to provide women’s health services ""believes HIV can be spread through the sewer system.""",mostly-true,tweet about Carol Everett of the Heidi Group,Health Care; Public Health; Texas,W. Gardner Selby,"August 17, 2016",https://www.politifact.com/factchecks/2016/aug/17/joaquin-castro/joaquin-castro-says-conservative-activist-believes/
Baker Harrell,"August 15, 2016","""Seventy percent of all Texans are overweight or obese.""",mostly-true,interview with the Texas Tribune,Children; Health Care; Public Health; Texas,W. Gardner Selby,"August 17, 2016",https://www.politifact.com/factchecks/2016/aug/17/baker-harrell/advocate-70-percent-texans-overweight-or-obese/
Howard Dean,"July 26, 2016","""Mike Pence voted against expanding the Children’s Health Insurance program, which Hillary helped to start.""",mostly-true,a speech at the Democratic National Convention,National; Federal Budget; Health Care; Medicaid; Medicare; Poverty; Public Health,Taylor Leighton,"August 8, 2016",https://www.politifact.com/factchecks/2016/aug/08/howard-dean/howard-dean-largely-right-mike-pences-health-polic/
Bill Clinton,"July 26, 2016","Says Hillary Clinton helped ""get done"" the Children's Health Insurance Program.",mostly-true,speech at the Democratic convention,Health Care; Florida,Alan Gathright,"July 27, 2016",https://www.politifact.com/factchecks/2016/jul/27/bill-clinton/bill-clinton-says-hillary-clinton-helped-get-done-/
Tim Kaine,"July 11, 2016","Says ""Donald Trump is a guy who has called for privatization"" of the Veterans Administration.",mostly-false,interview on MSNBC,National; Health Care; Veterans,Linda Qiu,"July 25, 2016",https://www.politifact.com/factchecks/2016/jul/25/tim-kaine/does-donald-trump-want-privatize-va/
Donald Trump Jr.,"July 19, 2016","Says Hillary Clinton is proposing ""destroying Medicare for seniors.""",false,speech at the Republican National Convention,National; Health Care; Medicare,Louis Jacobson,"July 20, 2016",https://www.politifact.com/factchecks/2016/jul/20/donald-trump-jr/donald-trump-jr-wrong-hillary-clinton-proposing-de/
Drew Brees,"June 12, 2016","""Do you know what the second sport with the most concussions is? Women’s soccer… And the third most dangerous sport? Cheerleading.""",half-true,as quoted,Health Care; Sports; Women; Texas,W. Gardner Selby,"July 15, 2016",https://www.politifact.com/factchecks/2016/jul/15/drew-brees/drew-brees-says-womens-soccer-cheerleading-pose-co/
Bill Mitchell,"April 20, 2016","""Over the last six years, the state of Illinois spent about $320 million on illegal immigrants.""",true,speech,Immigration; Health Care; Illinois,Joseph Cariz,"July 14, 2016",https://www.politifact.com/factchecks/2016/jul/14/bill-mitchell/illinois-spent-millions-covering-illegals/
Donald Trump,"July 11, 2016","""A shocking 20 veterans are committing suicide each and every day, especially our older veterans.""",true,speech,Health Care; Veterans; Virginia,Sean Gorman,"July 14, 2016",https://www.politifact.com/factchecks/2016/jul/14/donald-trump/donald-trump-correctly-says-20-veterans-commit-sui/
Carlos Beruff,"July 6, 2016","""The folks in Washington"" are ""already forcing you to buy government health care.""",mostly-false,campaign ad,Health Care; Florida,Allison Graves,"July 12, 2016",https://www.politifact.com/factchecks/2016/jul/12/carlos-beruff/are-you-being-forced-government-health-care-nope/
David A. Clarke Jr.,"June 13, 2016","""Doctors kill about 250,000 people a year in botched surgeries.""",false,speech,Health Care; Public Health; Public Safety; Wisconsin,Tom Kertscher,"June 29, 2016",https://www.politifact.com/factchecks/2016/jun/29/david-clarke-jr/do-250000-americans-die-every-year-because-mistake/
Donald Trump,"June 18, 2016","""Because of Obamacare, you have so many part-time jobs.""",false,Phoenix rally,Health Care; Arizona,Anthony Cave,"June 22, 2016",https://www.politifact.com/factchecks/2016/jun/22/donald-trump/donald-trump-wrongly-claims-there-are-more-part-ti/
John McCain,"May 17, 2016","""30,000 Arizonans may have no choice"" on Affordable Care Act coverage.",mostly-true,campaign advertisement,Health Care; Arizona,Anthony Cave,"June 11, 2016",https://www.politifact.com/factchecks/2016/jun/11/john-mccain/mccain-ad-claims-arizonans-affordable-care-act/
Paul Ryan,"April 27, 2016","""Under (Obamacare), you can’t reward a person for better behavior. You can’t have incentives to be healthier.""",half-true,town hall at Georgetown University Institute of Politics and Public Service,Health Care; Wisconsin,Eric Litke,"June 8, 2016",https://www.politifact.com/factchecks/2016/jun/08/paul-ryan/does-obamacare-ban-incentives-healthy-living/
Donald Trump,"May 31, 2016","""We're losing thousands of (veterans) waiting on line"" because they can't get speedy health care from the Veterans Administration.",half-true,news conference,National; Health Care; Veterans,C. Eugene Emery Jr.,"June 1, 2016",https://www.politifact.com/factchecks/2016/jun/01/donald-trump/donald-trump-thousands-veterans-die-waiting-treatm/
Rob Portman,"May 17, 2016","Ohio is ""probably top five in the country, sadly, in terms of heroin overdoses. It’s now exceeded car accidents as the No. 1 cause of death in Ohio.""",half-true,radio interview,Ohio; Drugs; Health Care,Nadia Pflaum,"May 23, 2016",https://www.politifact.com/factchecks/2016/may/23/rob-portman/portman-drug-overdoses-exceeded-car-accidents-no-1/
Vicki Saporta,"May 9, 2016","""There are more than twice as many (crisis pregnancy centers) as there are legitimate abortion providers in the United States.""",half-true,"episode of ""Full Frontal with Samantha Bee""",Abortion; Families; Health Care; Government Regulation; Public Health; Public Safety; Religion; Science; State Budget; Women; PunditFact,C. Eugene Emery Jr.,"May 17, 2016",https://www.politifact.com/factchecks/2016/may/17/vicki-saporta/tallies-are-too-sketchy-say-anti-abortion-centers-/
Joe Biden,"April 29, 2016","""In the United States alone we lose more than 3,000 people a day to cancer.""",false,speech at the Vatican,National; Health Care; Public Health; Science,Louis Jacobson,"May 9, 2016",https://www.politifact.com/factchecks/2016/may/09/joe-biden/joe-biden-misstates-daily-deaths-united-states-can/
Hillary Clinton,"May 3, 2016","Says Donald Trump promised to repeal Obamacare, build a wall, ban Muslims, and more.",mostly-true,Clinton campaign tweet,Abortion; Immigration; National; Health Care; Human Rights; Islam; Foreign Policy; Religion; Terrorism; Guns,Jon Greenberg,"May 5, 2016",https://www.politifact.com/factchecks/2016/may/05/hillary-clinton/clinton-video-lists-8-promises-trump-presidency/
Joe Biden,"May 2, 2016","Cervical cancer in Africa is ""fully preventable with basic education, screening and vaccines.""",mostly-true,post on Medium,Global News Service; Health Care; Foreign Policy; Public Health,Jon Greenberg,"May 5, 2016",https://www.politifact.com/factchecks/2016/may/05/joe-biden/biden-says-cervical-cancertotally-preventable-afri/
Colorado Health Institute,"April 8, 2016",ColoradoCare would have higher revenues than McDonald’s.,mostly-true,analysis report,Colorado; Elections; Health Care,Alan Gathright,"May 4, 2016",https://www.politifact.com/factchecks/2016/may/04/colorado-health-institute/report-says-coloradocare-would-have-higher-revenue/
Jerry Jones,"March 22, 2016","Says it’s ""absurd"" to say there’s enough data to establish a link between playing football and Chronic Traumatic Encephalopathy.",pants-fire,remarks to reporters at NFL annual meeting,Health Care; Science; Sports; Texas,W. Gardner Selby,"April 22, 2016",https://www.politifact.com/factchecks/2016/apr/22/jerry-jones/pants-fire-jerry-jones-says-absurd-firmly-link-foo/
Jack Falanagan,"March 10, 2016","Says New Hampshire’s second congressional district includes two counties where ""almost 5 percent if not more"" of residents are enrolled in the state’s expanded Medicaid program.",true,speech,New Hampshire; Bipartisanship; Health Care; Medicaid,Clay Wirestone,"April 15, 2016",https://www.politifact.com/factchecks/2016/apr/15/jack-falanagan/republican-candidate-congress-cites-higher-average/
Tom Price,"March 28, 2016","A study ""from the Massachusetts Institute of Technology, Harvard, and Dartmouth concluded that Medicaid’s value to its beneficiaries is significantly lower than the actual cost of the program.""",half-true,Medium post,Georgia; Health Care; Medicaid,Louis Jacobson,"April 8, 2016",https://www.politifact.com/factchecks/2016/apr/08/tom-price/bid-restructure-medciaid-does-rep-tom-price-get-co/
Rick Scott's Starbucks heckler,"April 5, 2016","Says Rick Scott ""cut Medicaid"" so people can't ""get Obamacare.""",half-true,confrontation with Rick Scott at Starbucks,Health Care; Medicaid; Florida,Joshua Gillin,"April 6, 2016",https://www.politifact.com/factchecks/2016/apr/06/rick-scotts-starbucks-heckler/starbucks-heckler-claims-rick-scott-cut-medicaid-p/
Barack Obama,"March 23, 2016","The ""rate of uninsured Americans (is) 8.8 percent.""",half-true,Medium post,National; Health Care,Louis Jacobson,"April 5, 2016",https://www.politifact.com/factchecks/2016/apr/05/barack-obama/barack-obama-jumps-gun-us-uninsured-rate-then-reve/
Coalition To Save  Memorial Hospital Birthing Center,"March 13, 2016","""This unit is the only one in the state that strives to implement the principles of Mother-Friendly care as outlined by the national Coalition for Improving Maternity Services Mother-Friendly Childbirth Initiative.""",false,statement,Rhode Island; Health Care,Jacqueline  Tempera,"March 27, 2016",https://www.politifact.com/factchecks/2016/mar/27/coalition-save-memorial-hospital-birthing-center-p/memorial-not-alone-mother-friendly-births/
Joe Pitts,"March 10, 2016","""According to the Centers for Disease Control and Prevention (CDC), about 120 Americans on average die from a drug overdose every day. Overall, drug overdose deaths now outnumber deaths from firearms.""",true,Medium post,National; Drugs; Health Care; Public Health; Guns,Louis Jacobson,"March 21, 2016",https://www.politifact.com/factchecks/2016/mar/21/joe-pitts/rep-joe-pitts-says-120-americans-die-daily-overdos/
Club for Growth,"March 17, 2016","Says Donald Trump promised ""to take care of everybody (through government-run healthcare and) the government's going to pay for it.""",false,political ad,National; Drugs; Economy; Federal Budget; Health Care; Poverty; Public Health,C. Eugene Emery Jr.,"March 21, 2016",https://www.politifact.com/factchecks/2016/mar/21/club-growth/club-growth-claim-ignores-key-points-donald-trumps/
Keep the Promise 1 PAC,"February 17, 2016",Says Donald Trump said the government is going to pay for everybody to have health care.,false,attack ad,National; Health Care,Jon Greenberg,"March 9, 2016",https://www.politifact.com/factchecks/2016/mar/09/keep-promise-1-pac/pro-cruz-pac-wrongly-says-trump-wants-government-r/
Chris Koster,"January 20, 2016","""A single mother of two can’t qualify for basic healthcare through Medicaid if she makes more than $3,504 dollars a year.""",mostly-true,tweet,Health Care; Missouri,Katie Moeller,"March 7, 2016",https://www.politifact.com/factchecks/2016/mar/07/chris-koster/koster-doesnt-exaggerate-income-threshold-qualify-/
Chris  Hani Baragwanath Hospital,"February 29, 2016","The Chris Hani Baragwanath in South Africa is ""the world’s third-biggest hospital.""",half-true,page on the hospital's website,Global News Service; Health Care; Public Health,Jon Greenberg,"February 29, 2016",https://www.politifact.com/factchecks/2016/feb/29/chris-hani-baragwanath-hospital/no-soweto-hospital-not-third-largest-world/
Ted Cruz,"February 25, 2016","""A couple of debates ago, (Donald Trump) said if you don’t support socialized health care, you’re heartless.""",pants-fire,Republican debate,National; Health Care,Jon Greenberg,"February 26, 2016",https://www.politifact.com/factchecks/2016/feb/26/ted-cruz/cruz-invents-trump-statement-socialized-medicine/
Marco Rubio,"February 25, 2016","""When they passed Obamacare, they put a bailout fund in Obamacare. … We led the effort and wiped out that bailout fund.""",mostly-false,comments during the Houston GOP debate,National; Health Care,Joshua Gillin,"February 26, 2016",https://www.politifact.com/factchecks/2016/feb/26/marco-rubio/rubio-we-wiped-out-obamacare-bailout-fund-insuranc/
Samir Chachoua,"January 29, 2016","Says he cured Charlie Sheen and the island of Comoros of HIV with ""milk from goats, which had arthritis.""",pants-fire,"comments on ""Real Time with Bill Maher""",Global News Service; Health Care; Public Health; Science,Linda Qiu,"February 23, 2016",https://www.politifact.com/factchecks/2016/feb/23/samir-chachoua/no-arthritic-goat-milk-cannot-cure-hiv/
Donald Trump,"February 21, 2016","With Obamacare, ""You have no options .. you can't get competitive bidding.""",mostly-false,"interview on ""Meet the Press""",National; Health Care,Jon Greenberg,"February 21, 2016",https://www.politifact.com/factchecks/2016/feb/21/donald-trump/trump-wrongly-says-obamacare-has-no-options-compet/
Hillary Clinton,"February 15, 2016","Says Hillary Clinton won ""health care for 8 million children.""",mostly-true,TV ad,Colorado; Health Care; Public Health,Alan Gathright,"February 17, 2016",https://www.politifact.com/factchecks/2016/feb/17/hillary-clinton/hillary-clinton-wrong-sanders-claim/
John Kasich,"February 13, 2016","""When Jeb (Bush) was governor, his first four years as governor, his Medicaid program grew twice as fast as mine.""",mostly-true,Republican debate,National; Health Care; State Budget,Jon Greenberg,"February 15, 2016",https://www.politifact.com/factchecks/2016/feb/15/john-kasich/kasich-medicaid-spending-rose-twice-fast-under-jeb/
Jonathan Stickland,"February 10, 2016","Scott Fisher ""tried to expand Obamacare in Texas and even voted for an official resolution to force 1 million Texans into Obamacare.""",pants-fire,TV ad,Candidate Biography; Federal Budget; Health Care; Public Health; Texas,W. Gardner Selby,"February 12, 2016",https://www.politifact.com/factchecks/2016/feb/12/jonathan-stickland/jonathan-stickland-makes-pants-fire-claim-about-sc/
Bernie Sanders,"February 11, 2016","""In America, we pay, by far, the highest prices in the world for prescription drugs.""",mostly-true,PBS Democratic debate,National; Economy; Health Care,C. Eugene Emery Jr.,"February 12, 2016",https://www.politifact.com/factchecks/2016/feb/12/bernie-sanders/bernie-sanders-has-correct-diagnosis-us-prescripti/
Ted Cruz,"January 31, 2016","""Donald Trump and Hillary Clinton and Bernie Sanders have the identical position on health care, which is they want to put the government in charge of you and your doctor.""",false,"comments on ""Meet the Press""",National; Health Care,Linda Qiu,"January 31, 2016",https://www.politifact.com/factchecks/2016/jan/31/ted-cruz/ted-cruzs-false-claim-trump-clinton-and-sanders-ha/
Ted Cruz,"January 28, 2016","Obamacare ""is the biggest job-killer in this country -- millions of Americans have lost their jobs, have been forced into part-time work.""",pants-fire,comments during the Iowa Republican presidential debate,National; Health Care,Jon Greenberg,"January 29, 2016",https://www.politifact.com/factchecks/2016/jan/29/ted-cruz/ted-cruzs-pants-fire-claim-health-care-law-nations/
John Cortes,"January 13, 2016","""Anyone can die of a toothache.""",true,House Health Innovation Subcommittee meeting,Health Care; Medicaid; Florida,Joshua Gillin,"January 26, 2016",https://www.politifact.com/factchecks/2016/jan/26/john-cortes/ignoring-toothache-really-could-potentially-kill-y/
Ted Cruz,"January 21, 2016","""Blue Cross Blue Shield cancelled all their individual (health care) policies in the state of Texas, effective Dec. 31.""",pants-fire,New Hampshire appearance,Corrections and Updates; Health Care; Texas,W. Gardner Selby,"January 22, 2016",https://www.politifact.com/factchecks/2016/jan/22/ted-cruz/ted-cruz-ridiculously-says-blue-cross-blue-shield-/
Bernie Sanders,"January 17, 2016","""I helped write"" the Affordable Care Act.",mostly-false,comments during the South Carolina Democratic presidential debate,National; Corrections and Updates; Health Care,Louis Jacobson,"January 18, 2016",https://www.politifact.com/factchecks/2016/jan/18/bernie-sanders/fact-checking-bernie-sanders-claim-he-helped-write/
Hillary Clinton,"January 17, 2016","""We now have driven (health care) costs down to the lowest they've been in 50 years.""",false,comments during the South Carolina Democratic presidential debate,National; Health Care,C. Eugene Emery Jr.,"January 18, 2016",https://www.politifact.com/factchecks/2016/jan/18/hillary-clinton/hillary-clinton-we-now-have-driven-costs-down-tgo-/
Chelsea Clinton,"January 12, 2016","Says Bernie Sanders’ health care plan would ""empower Republican governors to take away Medicaid, to take away health insurance for low-income and middle-income working Americans.""",mostly-false,campaign event for Hillary Clinton,National; Health Care,Lauren Carroll,"January 14, 2016",https://www.politifact.com/factchecks/2016/jan/14/chelsea-clinton/chelsea-clinton-mischaracterizes-bernie-sanders-he/
Jeb Bush,"January 4, 2016","""As governor of Florida, I used a combination of strategies to help reduce heroin use among youth in Florida by approximately 50 percent.""",half-true,column posted on Medium,National; Drugs; Health Care; Public Health,Louis Jacobson,"January 13, 2016",https://www.politifact.com/factchecks/2016/jan/13/jeb-bush/jeb-bush-says-governor-he-helped-reduce-youth-hero/
Barack Obama,"January 12, 2016","""Our businesses have created jobs every single month since (Obamacare) became law.""",true,his State of the Union speech,National; Economy; Health Care; Jobs,Lauren Carroll,"January 13, 2016",https://www.politifact.com/factchecks/2016/jan/13/barack-obama/business-has-created-jobs-every-month-obamacare-be/
Scott Walker,"December 3, 2015","""Here in Wisconsin, we've put in previous budgets more money into mental health services than any governor has in the last 25 years.""",true,interview,Health Care; Public Health; State Budget; Terrorism; Wisconsin,Tom Kertscher,"December 23, 2015",https://www.politifact.com/factchecks/2015/dec/23/scott-walker/scott-walker-says-he-put-more-funds-mental-health-/
Paul Ryan,"December 20, 2015","The Affordable Care Act is ""making families pay double-digit premium increases.""",half-true,comments on 'Meet the Press',National; Health Care,Linda Qiu,"December 20, 2015",https://www.politifact.com/factchecks/2015/dec/20/paul-ryan/paul-ryans-shaky-claim-obamacare-making-families-p/
Bernie Sanders,"December 19, 2015","The United States spends ""almost three times per capita what they spend in the U.K."" on health care and ""50 percent more than they pay in France.""",true,Dec. 19 Democratic presidential debate,National; Health Care,Jon Greenberg,"December 20, 2015",https://www.politifact.com/factchecks/2015/dec/20/bernie-sanders/fact-checking-bernie-sanders-claim-us-spends-three/
Marco Rubio,"December 1, 2015","""Last year, I stopped an Obamacare bailout and saved taxpayers $2.5 billion.""",mostly-false,tweet,Federal Budget; Health Care; Taxes; Florida,Joshua Gillin,"December 7, 2015",https://www.politifact.com/factchecks/2015/dec/07/marco-rubio/rubio-says-he-prevented-25-billion-obamacare-bailo/
Heather Moore,"November 17, 2015","""Each vegan spares more than 100 animals every year.""",mostly-false,Providence Journal commentary,Agriculture; Animals; Rhode Island; Food Safety; Health Care,Mark  Reynolds,"December 6, 2015",https://www.politifact.com/factchecks/2015/dec/06/heather-moore/vegan-leaves-real-meat-claim-untouched/
Hillary Clinton,"December 1, 2015","""Ted Cruz tried to ban contraception"" five times.",mostly-false,post on her campaign website,Abortion; National; Health Care,Louis Jacobson,"December 2, 2015",https://www.politifact.com/factchecks/2015/dec/02/hillary-clinton/hillary-clintons-exaggerated-claim-ted-cruz-tried-/
Bill Maher,"October 2, 2015","""15 years ago, cancer drugs cost an average of $10,000 a year. Now it’s $10,000 a month.""",mostly-true,"episode of HBO's ""Real Time with Bill Maher""",Health Care; PunditFact,Lauren Carroll,"December 2, 2015",https://www.politifact.com/factchecks/2015/dec/02/bill-maher/bill-maher-cancer-drugs-cost-10000-month/
Ron Johnson,"November 5, 2015","""Probably less than 4 percent"" of Wisconsin residents ""are enjoying the subsidies"" from Obamacare.",true,radio interview,Health Care; Wisconsin,Sarah Hauer,"December 2, 2015",https://www.politifact.com/factchecks/2015/dec/02/ron-johnson/ron-johnson-probably-less-4-percent-wisconsin-resi/
Russ  Feingold,"November 12, 2015","""Ron Johnson said specifically that he hopes the first steps occur to privatize the"" Veterans Administration.",half-true,interview,Health Care; Public Health; Veterans; Wisconsin,Tom Kertscher,"November 27, 2015",https://www.politifact.com/factchecks/2015/nov/27/russ-feingold/us-sen-ron-johnson-wants-take-first-steps-privatiz/
Wendy Davis,"September 21, 2015","After the Texas cutoff of aid to women’s health care services including Planned Parenthood clinics, ""over 150,000… women lost the only health care they had. Our Medicaid birth rate shot up. It cost taxpayers over $130 million in one year alone in extra Medicaid birth costs.""",mostly-false,appearance on MSNBC’s “The Last Word with Lawrence O’Donnell”,Corrections and Updates; Health Care; Public Health; Women; Texas,Andy East,"November 24, 2015",https://www.politifact.com/factchecks/2015/nov/24/wendy-davis/wendy-davis-says-texas-lawmakers-cut-150000-women-/
Neil Cavuto,"November 12, 2015",Taking all the money of the top 1 percent wouldn’t keep Medicare going for three years.,mostly-false,"broadcast of ""Cavuto Coast to Coast"" on Fox Business Network",Education; Health Care; Taxes; PunditFact,Jon Greenberg,"November 19, 2015",https://www.politifact.com/factchecks/2015/nov/19/neil-cavuto/foxs-cavuto-stacks-medicare-spending-against-wealt/
Viral media reports,"November 9, 2015",Drinking champagne could help prevent Alzheimer’s and other forms of dementia.,false,social media and,Georgia; Alcohol; Health Care; Medicare,Nancy Badertscher,"November 17, 2015",https://www.politifact.com/factchecks/2015/nov/17/viral-media-reports/heres-toast-some-very-bad-information-booze-and-de/
Bernie Sanders,"November 14, 2015","The United States is ""the only major country on earth that doesn't guarantee health care to all people as a right, not a privilege.""",half-true,Democratic presidential debate,National; Health Care,Jon Greenberg,"November 15, 2015",https://www.politifact.com/factchecks/2015/nov/15/bernie-sanders/bernie-sanders-says-us-only-major-country-doesnt-g/
Carly Fiorina,"November 10, 2015","""Obamacare isn't helping anyone.""",pants-fire,Republican presidential debate,National; Health Care,Louis Jacobson,"November 11, 2015",https://www.politifact.com/factchecks/2015/nov/11/carly-fiorina/carly-fiorina-says-obamacare-isnt-helping-anyone/
Ezekiel Emanuel,"November 3, 2015","Obamacare insurance cooperative failures ""should be expected"" because they're like any business, and ""when you start businesses in America, at the fifth year, half of the businesses have closed.""",half-true,"discussion on MSNBC's ""Up with Steve Kornacki""",Health Care; PunditFact,Jon Greenberg,"November 10, 2015",https://www.politifact.com/factchecks/2015/nov/10/ezekiel-emanuel/did-obamacare-insurance-co-ops-fail-faster-average/
Donald Trump,"October 31, 2015","On the VA: ""Over 300,000 veterans have died waiting for care.""",mostly-false,speech.,Health Care; Veterans; Virginia,Warren Fiske,"November 9, 2015",https://www.politifact.com/factchecks/2015/nov/09/donald-trump/trump-says-300000-veterans-dies-waiting-va-care/
Centers for Disease Control,"October 22, 2015",Georgia has the highest flu activity in the country.,mostly-true,map,Georgia; Drugs; Health Care; Public Health; States,Nancy Badertscher,"October 26, 2015",https://www.politifact.com/factchecks/2015/oct/26/centers-disease-control/georgia-briefly-tops-chart-flu-reports/
Donald Trump,"October 25, 2015","Because of Obamacare ""people’s premiums ... are going up 35, 45, 55 percent.""",half-true,"comments on ABC's ""This Week""",National; Health Care,Linda Qiu,"October 25, 2015",https://www.politifact.com/factchecks/2015/oct/25/donald-trump/trump-obamacare-health-care-premiums-going-35-45-5/
Dan Patrick,"October 19, 2015","Planned Parenthood is ""nothing more than a referral service. … They don’t do anything except profit from killing babies and then selling body parts of those aborted babies.""",pants-fire,interview with Neil Cavuto of Fox News,Abortion; Health Care; Public Health; State Budget; Texas,W. Gardner Selby,"October 22, 2015",https://www.politifact.com/factchecks/2015/oct/22/dan-patrick/dan-patrick-says-planned-parenthood-does-nothing-p/
Elton John,"October 13, 2015","HIV/AIDS is ""dramatically on the rise in the U.S. South.""",mostly-true,CNN,Georgia; Health Care; LGBTQ; States,Nancy Badertscher,"October 19, 2015",https://www.politifact.com/factchecks/2015/oct/19/elton-john/elton-john-right-south-focus-hiv-alarm/
Gwen Moore,"September 29, 2015","""60 percent of all Americans do not want to see Planned Parenthood defunded.""",true,speech,Abortion; Federal Budget; Health Care; Polls and Public Opinion; Public Health; Women; Wisconsin,Tom Kertscher,"October 14, 2015",https://www.politifact.com/factchecks/2015/oct/14/gwen-moore/six-10-americans-back-federal-money-planned-parent/
Sean Duffy,"September 18, 2015","""Millions of dollars are spent by Planned Parenthood to elect Democrats to the House of Representatives and the Senate.""",mostly-true,speech,Abortion; Campaign Finance; Elections; Federal Budget; Health Care; Women; Wisconsin,Tom Kertscher,"October 8, 2015",https://www.politifact.com/factchecks/2015/oct/08/sean-duffy/planned-parenthood-spends-millions-elect-democrats/
Ora Houston,"September 8, 2015","""HIV/AIDS among women is skyrocketing in Austin.""",false,Austin City Council meeting about the city budget,City Budget; City Government; Health Care; Public Health; Women; Texas,Mary Ann Roser,"October 2, 2015",https://www.politifact.com/factchecks/2015/oct/02/ora-houston/ora-houston-incorrectly-says-hivaids-skyrocketing-/
Scott Walker,"September 1, 2015","Obamacare doesn’t require members of Congress ""to abide by the same rules that all of the other Americans do.""",false,television interview,Health Care; Wisconsin,Sarah Hauer,"September 28, 2015",https://www.politifact.com/factchecks/2015/sep/28/scott-walker/scott-walker-obamacare-doesnt-require-members-cong/
Caleb Rowden,"August 21, 2015","""#GradInsurance debacle is a DIRECT result of #ObamaCare. #MIZZOU has to break the law to do the right thing.""",half-true,tweet,Education; Health Care; Missouri,Daniela Sirtori-Cortina,"September 25, 2015",https://www.politifact.com/factchecks/2015/sep/25/caleb-rowden/columbia-lawmaker-says-mizzou-broke-obamacare-law-/
Martin Shkreli,"September 21, 2015","""Daraprim is still underpriced, relative to its peers.""",false,comments on Bloomberg TV,Corrections and Updates; Health Care; Public Health; PunditFact,Linda Qiu,"September 24, 2015",https://www.politifact.com/factchecks/2015/sep/24/martin-shkreli/fact-checking-martin-shkrelis-claim-daraprim-under/
Mary Mannix,"September 16, 2015","""Just about half of rural hospitals operate in the red in Virginia. They operate at a loss.""",true,news conference.,Health Care; Virginia,Sean Gorman,"September 22, 2015",https://www.politifact.com/factchecks/2015/sep/22/mary-mannix/mary-mannix-says-about-half-virginias-rural-hospit/
Reid Ribble,"September 8, 2015","Says Donald Trump ""wants to replace"" Obamacare ""with a single-payer system.""",half-true,interview,Health Care; Public Health; Wisconsin,Tom Kertscher,"September 11, 2015",https://www.politifact.com/factchecks/2015/sep/11/reid-ribble/donald-trump-wants-replace-obamacare-single-payer-/
Joe Pojman,"July 28, 2015","""The State of Texas is funding … women’s health services at historically high levels; they just increased their level another $50 million for the next two years.""",true,addressing a rally outside the Texas Capitol,Abortion; Health Care; State Budget; Women; Texas,W. Gardner Selby,"September 4, 2015",https://www.politifact.com/factchecks/2015/sep/04/joe-pojman/anti-abortion-leader-says-texas-funding-womens-hea/
Hillary Clinton,"September 1, 2015","""Twenty-three million Americans suffer from addiction, but only 1 in 10 get treatment.""",mostly-true,op-ed,National; Drugs; Health Care; Public Health,Louis Jacobson,"September 4, 2015",https://www.politifact.com/factchecks/2015/sep/04/hillary-clinton/hillary-clinton-says-23-million-americans-suffer-a/
Scott Walker,"August 18, 2015","Says he ""turned down a Medicaid expansion under Obamacare,"" but because of actions he took, for the first time in Wisconsin's history ""everyone living in poverty is covered under Medicaid.""",mostly-true,speech,Health Care; Medicaid; Poverty; Public Health; State Budget; Wisconsin,Tom Kertscher,"September 2, 2015",https://www.politifact.com/factchecks/2015/sep/02/scott-walker/scott-walker-says-he-covered-everyone-poverty-medi/
Dan Gecker,"August 18, 2015","""Of the 25 wealthiest nations, we're the only one that doesn't provide basic health coverage.""",true,candidates' forum.,Health Care; Virginia,Sean Gorman,"September 1, 2015",https://www.politifact.com/factchecks/2015/sep/01/dan-gecker/dan-gecker-says-us-only-wealth-nation-without-univ/
Bobby Jindal,"August 18, 2015","Says Scott Walker's plan to replace Obamacare ""is a new entitlement"" program for ""every single American human being from the time they are born right up until they grow old and become eligible for Medicare.""",half-true,statement,Federal Budget; Health Care; Welfare; Taxes; Wisconsin,Tom Kertscher,"August 26, 2015",https://www.politifact.com/factchecks/2015/aug/26/bobby-jindal/scott-walkers-obamacare-replacement-new-entitlemen/
Rhode Island Center for Freedom and Prosperity,"July 30, 2015","""Rhode Island will become just the second state to mandate the vaccine … and the only state to do so by regulatory fiat, without public debate, and without consideration from the elected representatives of the people.""",half-true,news release,Rhode Island; Health Care; Government Regulation,Mark  Reynolds,"August 23, 2015",https://www.politifact.com/factchecks/2015/aug/23/rhode-island-center-freedom-and-prosperity/ri-center-prosperity-freedoms-rails-against-regula/
Bernie Sanders,"August 16, 2015","""We spend almost twice as much per capita on health care as do the people of any other country.""",false,"interview on ""Meet the Press""",National; Health Care,Will Cabaniss,"August 16, 2015",https://www.politifact.com/factchecks/2015/aug/16/bernie-sanders/bernie-sanders-repeats-flawed-claim-about-us-healt/
Hillary Clinton,"July 31, 2015","""African-American children are 500 percent more likely to die from asthma than white kids.""",true,speech to the National Urban League,National; Children; Health Care; Race and Ethnicity; Public Health,Christian Belanger,"August 11, 2015",https://www.politifact.com/factchecks/2015/aug/11/hillary-clinton/clinton-accurately-says-black-children-asthma-have/
Hillary Clinton,"August 3, 2015","Says Scott Walker's defunding of Planned Parenthood ""left women across the state stranded with nowhere else to turn"" for cancer screenings, breast exams and birth control.",half-true,video,Abortion; Families; Health Care; Public Health; Sexuality; State Budget; Women; Wisconsin,Tom Kertscher,"August 7, 2015",https://www.politifact.com/factchecks/2015/aug/07/hillary-clinton/scott-walker-left-women-stranded-defunding-planned/
Mike Huckabee,"August 6, 2015","""$700 billion was robbed (from Medicare) to pay for Obamacare.""",half-true,first Republican debate,National; Federal Budget; Health Care; Medicare,Linda Qiu,"August 7, 2015",https://www.politifact.com/factchecks/2015/aug/07/mike-huckabee/obamacare-robbed-medicare-700-billion-says-huckabe/
Scott Walker,"July 26, 2015","""Since I took office, Wisconsin now has the 2nd highest health care quality ranking in the country.""",half-true,statement on Twitter,Health Care; Wisconsin,Sarah Hauer,"August 5, 2015",https://www.politifact.com/factchecks/2015/aug/05/scott-walker/scott-walker-says-he-took-office-wisconsin-has-ran/
Rick Perry,"August 2, 2015",Says Donald Trump is for a single-payer health care system.,half-true,"interview on ""Fox News Sunday""",National; Health Care,Linda Qiu,"August 2, 2015",https://www.politifact.com/factchecks/2015/aug/02/rick-perry/donald-trump-still-single-payer-health-care/
Harry Reid,"July 29, 2015","Planned Parenthood is ""the only health care that a significant number of women get. About 30 percent of women, that's their health care.""",pants-fire,Senate floor speech,Abortion; National; Health Care; Women,Louis Jacobson,"July 31, 2015",https://www.politifact.com/factchecks/2015/jul/31/harry-reid/harry-reid-says-30-women-rely-only-planned-parenth/
Scott Walker,"July 15, 2015","If women seeking an abortion see their ultrasound, ""the odds are pretty high they're going to keep the baby.""",mostly-false,interview,Abortion; Children; Health Care; Public Health; Technology; Women; Wisconsin,Tom Kertscher,"July 22, 2015",https://www.politifact.com/factchecks/2015/jul/22/scott-walker/if-they-see-their-ultrasound-most-women-seeking-ab/
Donald Trump,"July 11, 2015","""The $5 billion website for Obamacare … never worked. Still doesn't work.""",false,speech,National; Health Care,Louis Jacobson,"July 14, 2015",https://www.politifact.com/factchecks/2015/jul/14/donald-trump/donald-trump-says-5-billion-website-obamacare-neve/
Donna Howard,"June 25, 2015","Texas has ""the nation's highest rate and highest number of uninsured.""",mostly-true,press release,Health Care; State Budget; States; Texas,W. Gardner Selby,"July 1, 2015",https://www.politifact.com/factchecks/2015/jul/01/donna-howard/donna-howard-says-texas-no-1-uninsured-residents-a/
Barack Obama,"June 25, 2015","""By one leading measure, what business owners pay out in wages and salaries is now finally growing faster than what they spend on health insurance"" for the first time in 17 years.",mostly-true,speech about the Affordable Care Act.,National; Health Care; Labor,Linda Qiu,"June 30, 2015",https://www.politifact.com/factchecks/2015/jun/30/barack-obama/are-wages-finally-growing-faster-health-insurance-/
Bernie Sanders,"June 28, 2015","""We are the only major country on Earth that doesn't guarantee health care to all people as a right.""",half-true,"comments on ABC's ""This Week""",National; Health Care,Jon Greenberg,"June 29, 2015",https://www.politifact.com/factchecks/2015/jun/29/bernie-sanders/bernie-sanders-us-only-major-country-doesnt-guaran/
Chain email,"June 24, 2015","""Under the Affordable Care Act, anyone on Medicare who is admitted to a hospital for observation will be responsible for the bill. Medicare won't pay a cent.""",pants-fire,chain email,National; Health Care; Medicare,Louis Jacobson,"June 25, 2015",https://www.politifact.com/factchecks/2015/jun/25/chain-email/chain-email-says-medicare-wont-pay-observational-s/
NARAL Pro-Choice America,"June 18, 2015","Says Scott Walker ""said that forcing women facing abortion to get invasive ultrasounds was 'just a cool thing.'""",mostly-false,TV ad,Abortion; Health Care; Government Regulation; Public Health; Women; Wisconsin,Tom Kertscher,"June 24, 2015",https://www.politifact.com/factchecks/2015/jun/24/naral-pro-choice/did-scott-walker-say-forced-vaginal-ultrasounds-ar/
Jeb Bush,"June 15, 2015","""The party in the White House"" is responsible for ""a massive tax increase on the middle class.""",mostly-false,speech launching his 2016 campaign,National; Health Care; Taxes,Lauren Carroll,"June 23, 2015",https://www.politifact.com/factchecks/2015/jun/23/jeb-bush/jeb-bush-obama-caused-massive-tax-increase-middle-/
Al Sharpton,"May 29, 2015","The Texas Senate ""approved a bill to put a special label on the insurance cards of anyone who bought a plan through Obamacare"" that includes the letter ""S"" for subsidy.",mostly-false,"broadcast of MSNBC's ""PoliticsNation""",Health Care; PunditFact,Jon Greenberg,"June 3, 2015",https://www.politifact.com/factchecks/2015/jun/03/al-sharpton/sharpton-texas-lawmakers-want-insurance-cards-carr/
Sarah Silverman,"May 22, 2015","Says Sen. Rand Paul, R-Ky., has stated that supporting the ""right to health care ... means you believe in slavery.""",true,social media post,Health Care; PunditFact,Louis Jacobson,"May 27, 2015",https://www.politifact.com/factchecks/2015/may/27/sarah-silverman/did-rand-paul-equate-right-health-care-slavery/
Ron Johnson,"May 19, 2015","Says Democratic challenger Russ Feingold ""was the deciding vote on Obamacare.""",mostly-false,interview,Candidate Biography; Health Care; Public Health; Wisconsin,Tom Kertscher,"May 27, 2015",https://www.politifact.com/factchecks/2015/may/27/ron-johnson/russ-feingold-cast-deciding-vote-pave-way-obamacar/
Children's Defense Fund-Texas,"April 28, 2015","""In the last 24 months, 10 rural Texas hospitals have been forced to shut their doors because state leaders"" chose not to expand Medicaid.",mostly-false,press release,Corrections and Updates; Health Care; Public Health; State Budget; Texas,W. Gardner Selby,"May 15, 2015",https://www.politifact.com/factchecks/2015/may/15/childrens-defense-fund-texas/childrens-defense-fund-texas-says-texas-failure-ex/
Ron Fournier,"May 10, 2015","Says Mike Huckabee appeared in diabetes infomercials to endorse ""cures and treatments that no health agency supports.""",true,"pundit panel on ""Face the Nation""",Candidate Biography; Health Care; Science; PunditFact,Katie Sanders,"May 13, 2015",https://www.politifact.com/factchecks/2015/may/13/ron-fournier/mike-huckabee-and-diabetes-cure-he-endorsed-no-hea/
Rick Scott,"May 6, 2015","""The families that are covered through the Low Income Pool is a different group of individuals than are covered by Obamacare.""",mostly-false,interview,Health Care; Medicaid; State Budget; Florida,Joshua Gillin,"May 11, 2015",https://www.politifact.com/factchecks/2015/may/11/rick-scott/patients-who-use-lip-are-different-medicaid-expans/
Steve Crisafulli,"April 28, 2015","""If we choose Obamacare expansion, 600,000 will lose eligibility for their subsidies, of which 257,000 would be forced into Medicaid.""",mostly-true,op-ed,Health Care; Medicaid; State Budget; Florida,Joshua Gillin,"April 30, 2015",https://www.politifact.com/factchecks/2015/apr/30/steve-crisafulli/crisafulli-says-257000-would-be-forced-medicaid-un/
Ben Carson,"April 6, 2015","""We spent twice as much per capita for health care in this country as the next closest nation.""",mostly-false,speech,New Hampshire; Health Care,Nick Reid,"April 30, 2015",https://www.politifact.com/factchecks/2015/apr/30/ben-carson/ben-carson-says-us-spending-health-care-double-nex/
Joe Morrissey,"March 25, 2015","""Rosalyn Dance voted against President Obama’s Medicaid expansion.""",mostly-false,campaign flier.,Health Care; State Budget; Voting Record; Virginia,Sean Gorman,"April 23, 2015",https://www.politifact.com/factchecks/2015/apr/23/joe-morrissey/joe-morrissey-says-rosalyn-dance-opposed-medicaid-/
Richard Corcoran,"April 16, 2015","""Medicaid patients were 97 percent more likely to die than those with private insurance.""",mostly-false,email to constituents,Health Care; Medicaid; State Budget; Florida,Joshua Gillin,"April 22, 2015",https://www.politifact.com/factchecks/2015/apr/22/richard-corcoran/medicaid-recipients-97-percent-more-likely-die-pri/
Evan Bayh,"April 2, 2015","""The fastest-growing part of the Pentagon’s budget are health care expenses.""",true,interview,New Hampshire; Health Care; Military,Clay Wirestone,"April 21, 2015",https://www.politifact.com/factchecks/2015/apr/21/evan-bayh/former-senator-evan-bayh-says-fastest-growing-defe/
Elizabeth Roberts,"March 2, 2015","""More than 30 cents of every state tax dollar goes to Medicaid.""",true,presentation to the Reinventing Medicaid Working Group,Rhode Island; Debt; Disability; Economy; Families; Health Care; Medicaid; Poverty; State Budget; Taxes,C. Eugene Emery Jr.,"April 19, 2015",https://www.politifact.com/factchecks/2015/apr/19/elizabeth-roberts/ri-hhs-secretary-elizabeth-roberts-says-more-30-pe/
Dave Brat,"March 17, 2015","Repealing Obamacare saves ""our nation more than $2 trillion.""",false,written statement.,Debt; Health Care; Virginia,Warren Fiske,"April 13, 2015",https://www.politifact.com/factchecks/2015/apr/13/dave-brat/brat-says-obamacare-repeal-would-save-nation-2-tri/
Scott Walker,"March 23, 2015","Under Barack Obama, ""the average cost of family health care premiums has increased by $4,154.""",mostly-false,tweet,Children; Families; Health Care; Government Regulation; Wisconsin,Tom Kertscher,"April 7, 2015",https://www.politifact.com/factchecks/2015/apr/07/scott-walker/scott-walker-sees-big-rise-health-insurance-premiu/
Barack Obama,"March 25, 2015","The Affordable Care Act is ""a major reason why we’ve seen 50,000 fewer preventable patient deaths in hospitals.""",mostly-true,speech,National; Health Care; Public Health,Louis Jacobson,"March 31, 2015",https://www.politifact.com/factchecks/2015/mar/31/barack-obama/barack-obama-says-health-care-law-has-led-50000-/
Gina Raimondo,"March 13, 2015","""Rhode Island has the second highest per enrollee (Medicaid) cost of any state in the country, which is 60 percent higher than the national average.""",mostly-true,television interview,Rhode Island; Economy; Federal Budget; Health Care; Medicaid; Poverty; Public Health; Regulation; State Budget; States; Taxes,C. Eugene Emery Jr.,"March 29, 2015",https://www.politifact.com/factchecks/2015/mar/29/gina-raimondo/gov-gina-raimondo-says-ris-medicaid-costs-enrollee/
National Republican Senatorial Committee,"March 23, 2015","U.S. Rep. Patrick Murphy ""voted to allow members of Congress to receive taxpayer-funded health care for life.""",pants-fire,statement on a website,Congress; Health Care; Florida,Amy Sherman,"March 25, 2015",https://www.politifact.com/factchecks/2015/mar/25/national-republican-senatorial-committee/patrick-murphy-voted-free-lifetime-health-care-con/
Phil Robertson,"February 27, 2015","According to the CDC, ""110 million Americans now have a sexually transmitted illness.""",mostly-false,speech at the CPAC conference,Health Care; Public Health; PunditFact,Louis Jacobson,"March 4, 2015",https://www.politifact.com/factchecks/2015/mar/04/phil-robertson/phil-robertson-duck-dynasty-says-110-million-ameri/
NaturalNews.com,"February 5, 2015","The measles vaccine has killed 108 people in the last decade, while no one has died of measles.",false,story making the rounds on social media,Georgia; Health Care; Public Health,April Hunt,"March 3, 2015",https://www.politifact.com/factchecks/2015/mar/03/naturalnewscom/vaccine-claim-misinterprets-data/
Bishop Thomas Tobin,"January 22, 2015","""Abortions account for 94 percent of the services provided for pregnant women by Planned Parenthood.""",false,newspaper column,Abortion; Rhode Island; Health Care; Human Rights; Religion; Women,Katie Mulvaney,"March 2, 2015",https://www.politifact.com/factchecks/2015/mar/02/thomas-tobin/ri-bishop-thomas-tobin-says-abortions-make-94-plan/
John Boehner,"March 1, 2015","Says President Barack Obama made ""unilateral changes"" to Obamacare ""38 times.""",half-true,"comments on CBS' ""Face the Nation""",National; Health Care,Lauren Carroll,"March 1, 2015",https://www.politifact.com/factchecks/2015/mar/01/john-boehner/boehner-obama-has-taken-unilateral-action-health-c/
Texas Democratic Party,"February 12, 2015","More than 1 million Texans live without affordable health care because Rick Perry failed to ""partner with the Legislature to find a Texas solution to closing the coverage gap.""",mostly-true,press release,Corrections and Updates; Health Care; Texas,W. Gardner Selby,"March 1, 2015",https://www.politifact.com/factchecks/2015/mar/01/texas-democratic-party/texas-democrats-say-rick-perry-left-more-1-million/
Jonah Goldberg,"February 13, 2015","Homeopathy, acupuncture and aromatherapy ""have been given elevated legitimacy under the Affordable Care Act.""",half-true,column,Corrections and Updates; Health Care; PunditFact,Louis Jacobson,"February 24, 2015",https://www.politifact.com/factchecks/2015/feb/24/jonah-goldberg/did-aca-give-elevated-legitimacy-alternative-medic/
Marjorie Sanfilippo,"February 16, 2015","""200,000 students attempt suicide every year on college campuses.""",half-true,Florida Senate criminal justice committee hearing,Education; Health Care; Public Health; Florida; Guns,Amy Sherman,"February 20, 2015",https://www.politifact.com/factchecks/2015/feb/20/marjorie-sanfilippo/florida-legislature-weighs-allowing-guns-college-c/
Rick Perry,"February 5, 2014","""When I came into office, our vaccination rate in Texas was 65 percent. When I left two weeks ago, it was 95 percent.""",false,interview with the Texas Tribune and Washington Post.,Corrections and Updates; Health Care; Public Health; Texas,W. Gardner Selby,"February 12, 2015",https://www.politifact.com/factchecks/2015/feb/12/rick-perry/rick-perry-texas-vaccination-rates-rose-65-per/
Katty Kay,"February 8, 2015","""There are countries in Africa where they have higher vaccination rates than here in the United States.""",true,"comments on NBC's ""Meet the Press""",Health Care; Public Health; PunditFact,Katie Sanders,"February 8, 2015",https://www.politifact.com/factchecks/2015/feb/08/katty-kay/katty-kay-countries-africa-have-higher-vaccination/
Elizabeth Cohen,"February 2, 2015","""If someone is in a room that has measles and leaves and you walk in two hours later, you could get measles from that person.""",true,interview with Anderson Cooper,Health Care; Public Health; PunditFact,Katie Sanders,"February 4, 2015",https://www.politifact.com/factchecks/2015/feb/04/elizabeth-cohen/can-you-really-catch-measles-2-hours-after-infecte/
Celine Gounder,"February 3, 2015","""Measles is one of the most common causes of child blindness worldwide.""",true,interview on CNN,Health Care; Public Health; PunditFact,Katie Sanders,"February 4, 2015",https://www.politifact.com/factchecks/2015/feb/04/celine-gounder/measles-leading-cause-blindness-around-world/
Bob Sears,"February 2, 2015","""Every year in the United States between 3,000 and 4,500 severe vaccine reactions are reported to the Centers for Disease Control. Not mild reactions. Severe reactions that land somebody in the hospital, the intensive care unit or cause a permanent disability or death.""",mostly-false,interview on CNN,Health Care; Public Health; PunditFact,Aaron Sharockman,"February 3, 2015",https://www.politifact.com/factchecks/2015/feb/03/bob-sears/what-cdc-statistics-say-about-vaccine-illnesses-in/
Barbara Comstock,"January 22, 2015","""Did you know under President Obama family health care premiums have increased $4,154 on the average?""",mostly-false,tweet.,Health Care; Virginia,Warren Fiske,"February 2, 2015",https://www.politifact.com/factchecks/2015/feb/02/barbara-comstock/comstock-says-family-health-policies-have-increase/
Richard Besser,"February 1, 2015","""It used to be that the only children at school who weren't vaccinated were those who had true medical"" conditions. ""Now there are 19 states that allow personal belief exemptions.""",half-true,"comments on ABC's ""This Week""",Health Care; Public Health; PunditFact,Katie Sanders,"February 1, 2015",https://www.politifact.com/factchecks/2015/feb/01/richard-besser/abc-expert-19-states-now-allow-personal-exemption-/
Rhode Island Center for Freedom and Prosperity,"January 10, 2015","""Common welfare programs give income of $43,330 or $20.83 an hour.""",mostly-false,tweet,Rhode Island; Children; Economy; Families; Federal Budget; Government Regulation; Health Care; Housing; Income; Medicaid; Poverty; Welfare; Women; Workers,C. Eugene Emery Jr.,"February 1, 2015",https://www.politifact.com/factchecks/2015/feb/01/rhode-island-center-freedom-and-prosperity/do-common-welfare-programs-pay-equivalent-2083-hou/
John Boehner,"January 25, 2015","The Affordable Care Act ""basically puts a penalty or a tax on employers for every new job they create.""",half-true,"interview on CBS' ""60 Minutes""",National; Economy; Health Care; Jobs; Taxes,Louis Jacobson,"January 29, 2015",https://www.politifact.com/factchecks/2015/jan/29/john-boehner/john-boehner-says-obamacare-puts-penalty-or-tax-em/
Florida Chamber of Commerce,"January 13, 2015","""Insured Floridians pay about $2,000 for every hospital stay to cover the cost of the uninsured.""",half-true,report on health care costs,Health Care; Medicaid; Florida,Joshua Gillin,"January 28, 2015",https://www.politifact.com/factchecks/2015/jan/28/florida-chamber-commerce/insured-people-pay-about-2000-uninsured-hospital-s/
Stuart Varney,"January 27, 2015","""It will cost $50,000 per enrollee in Obamacare over the next 10 years.""",false,"interview on Fox News' ""America's Newsroom""",Health Care; Taxes; PunditFact,Jon Greenberg,"January 28, 2015",https://www.politifact.com/factchecks/2015/jan/28/stuart-varney/will-aca-cost-50000-enrollee/
Andy Puzder,"January 13, 2015","""Obamacare has caused millions of full-time jobs to become part-time.""",half-true,op-ed,National; Economy; Health Care; Jobs,Louis Jacobson,"January 23, 2015",https://www.politifact.com/factchecks/2015/jan/23/andy-puzder/ceo-carls-jr-says-obamacare-has-caused-millions-fu/
Chain email,"January 1, 2015","New tax increases that went into effect on Jan. 1, 2015, ""all passed under the Affordable Care Act, aka Obamacare.""",pants-fire,chain email,National; Health Care; Medicare; Taxes,Louis Jacobson,"January 5, 2015",https://www.politifact.com/factchecks/2015/jan/05/chain-email/what-will-happen-taxes-january-2015-chain-email-wr/
Ron Johnson,"December 11, 2014","Two-thirds of the federal budget is ""permanent law ... it's permanently appropriated.""",mostly-true,interview,Debt; Federal Budget; Health Care; Medicaid; Medicare; Social Security; Wisconsin,Tom Kertscher,"December 19, 2014",https://www.politifact.com/factchecks/2014/dec/19/ron-johnson/most-federal-spending-permanently-appropriated-wis/
Glenn Grothman,"November 30, 2014","""A single parent with a couple kids can easily get $35,000 a year"" in public assistance in Wisconsin.",mostly-false,interview,Children; Education; Health Care; Housing; Public Health; Welfare; Wisconsin,Tom Kertscher,"December 12, 2014",https://www.politifact.com/factchecks/2014/dec/12/glenn-grothman/can-single-mother-wisconsin-easily-get-35000-year-/
Allen Peake,"December 3, 2014","Unlike marijuana, medical cannabis oil cannot get you high.",true,press conference at the Georgia State Capitol,Georgia; Health Care; States; Marijuana,April Hunt,"December 9, 2014",https://www.politifact.com/factchecks/2014/dec/09/allen-peake/weeding-out-different-effects-cannabis-oil-and-mar/
Gwen Moore,"November 11, 2014","""We've had the lowest health care inflation in history because of Obamacare.""",mostly-false,radio interview,Economy; Health Care; Medicaid; Medicare; Wisconsin,Tom Kertscher,"December 5, 2014",https://www.politifact.com/factchecks/2014/dec/05/gwen-moore/gwen-moore-says-obamacare-created-lowest-ever-infl/
Charles Schumer,"November 25, 2014","In 2010, uninsured voters made up ""about 5 percent of the electorate.""",true,remarks at the National Press Club,National; Congress; Health Care,Lauren Carroll,"December 4, 2014",https://www.politifact.com/factchecks/2014/dec/04/charles-schumer/uninsured-vote-low-rates-charles-schumer/
Anne Nolan,"November 12, 2014","""In Rhode Island, a recent study showed that among a group of people who had been homeless for a year or more, Medicaid costs averaged about $60,000 per person.""",false,Journal commentary,Rhode Island; Children; Economy; Families; Federal Budget; Health Care; Housing; Human Rights; Income; Medicaid; Poverty; Public Health; State Budget; Taxes; Urban; Veterans; Welfare; Women,C. Eugene Emery Jr.,"November 23, 2014",https://www.politifact.com/factchecks/2014/nov/23/anne-nolan/crossroads-head-anne-nolan-says-long-term-homeless/
Ted Cruz,"November 19, 2014","In the 2014 elections, ""the American people overwhelmingly said we don't want Obamacare … and we don't want amnesty.""",false,interview on Fox News,Immigration; National; Health Care; Polls and Public Opinion,Louis Jacobson,"November 21, 2014",https://www.politifact.com/factchecks/2014/nov/21/ted-cruz/ted-cruz-says-2014-elections-voters-made-clear-the/
Barack Obama,"November 16, 2014","Says Jonathan Gruber was ""some adviser who never worked on our staff.""",mostly-false,"Brisbane, Australia, for the G20 summit",National; Health Care,Steve Contorno,"November 19, 2014",https://www.politifact.com/factchecks/2014/nov/19/barack-obama/barack-obama-says-mit-professor-jonathan-gruber-wa/
Dana Loesch,"November 13, 2014","""4.7 million people have lost their insurance in 32 states"" due to Obamacare.",mostly-false,"interview on MSNBC's ""The Ed Show""",Health Care; PunditFact,Jon Greenberg,"November 18, 2014",https://www.politifact.com/factchecks/2014/nov/18/dana-loesch/conservative-talker-loesch-says-47-million-people-/
Ed Schultz,"November 13, 2014","Repeal of Obamacare would ""take away health care for 10.3 million Americans"" who have received coverage since Oct. 1, 2013.",mostly-true,"broadcast of MSNBC's ""The Ed Show""",Corrections and Updates; Health Care; PunditFact,Jon Greenberg,"November 18, 2014",https://www.politifact.com/factchecks/2014/nov/18/ed-schultz/schultz-103-million-people-would-lose-insurance-ob/
Nancy Pelosi,"November 13, 2014","""I don't know who (Jonathan Gruber) is.""",false,news conference,National; Health Care,Louis Jacobson,"November 13, 2014",https://www.politifact.com/factchecks/2014/nov/13/nancy-pelosi/nancy-pelosi-says-she-doesnt-know-who-jonathan-gru/
AmericanNews.com,"September 2, 2014","""According to recent reports, a group of death panels organized under Obamacare ordered their first execution.""",pants-fire,article,National; Health Care,Lauren Burns,"November 11, 2014",https://www.politifact.com/factchecks/2014/nov/11/americannewscom/first-execution-under-obamacare-death-panels-pants/
Sean Hannity,"November 5, 2014","Every new Republican member of the U.S. Senate said they ""will vote to repeal and replace Obamacare.""",mostly-true,"broadcast of ""Hannity"" on Fox News",Health Care; PunditFact,Jon Greenberg,"November 10, 2014",https://www.politifact.com/factchecks/2014/nov/10/sean-hannity/hannity-every-new-gop-senator-wants-repealreplace-/
Chain email,"October 30, 2014","""Over 214,000 doctors opt out of Obamacare exchanges.""",false,chain email,National; Health Care,Steve Contorno,"November 6, 2014",https://www.politifact.com/factchecks/2014/nov/06/chain-email/chain-email-claims-214000-doctors-refuse-take-pati/
Herman Cain,"November 3, 2014","""More people are losing their insurance (due to Obamacare) than are becoming newly insured.""",false,blog post,Health Care; PunditFact,Louis Jacobson,"November 4, 2014",https://www.politifact.com/factchecks/2014/nov/04/herman-cain/herman-cain-says-more-losing-insurance-through-oba/
American Crossroads,"October 28, 2014","As a result of Obamacare, ""California seniors face benefit cuts of over $1,700.""",false,campaign ad,National; Federal Budget; Health Care; Medicare; Message Machine 2014,Lauren Carroll,"October 31, 2014",https://www.politifact.com/factchecks/2014/oct/31/american-crossroads/rove-pac-says-obamacare-cuts-1700-medicare-benefit/
James Carr,"September 20, 2014","""Before World War II, very few people actually had health insurance.""",true,interview,Health Care; Public Health; Virginia,Sean Gorman,"October 30, 2014",https://www.politifact.com/factchecks/2014/oct/30/james-carr/carr-says-prior-wwii-very-few-people-had-health-in/
Charlie Crist,"October 27, 2014","""Rick Scott vetoed funding for 30 Florida rape crisis centers. Scott said the centers weren’t needed.""",mostly-false,TV ad,Health Care; State Budget; Women; Florida,Amy Sherman,"October 28, 2014",https://www.politifact.com/factchecks/2014/oct/28/charlie-crist/charlie-crist-attacks-rick-scotts-rape-crisis-cent/
Darrell Issa,"October 26, 2014","Says Thomas Eric Duncan came into the United States ""with an elevated temperature.""",false,"comments on CNN's ""State of the Union""",National; Ebola; Health Care; Public Health; Transportation,Lauren Carroll,"October 26, 2014",https://www.politifact.com/factchecks/2014/oct/26/darrell-issa/did-ebola-victim-thomas-eric-duncan-enter-united-s/
Charlie Crist,"October 21, 2014",Says property insurance rates are going up because Rick Scott signed a bill preventing the state from regulating insurance.,false,gubernatorial debate,Health Care; Housing; Florida,Joshua Gillin,"October 24, 2014",https://www.politifact.com/factchecks/2014/oct/24/charlie-crist/scott-signed-bill-preventing-state-regulating-prop/
EMILY's List,"October 21, 2014","Says Scott Walker is ""forcing some women to undergo a transvaginal probe to get an abortion.""",half-true,TV ad,Abortion; Health Care; Message Machine 2014; Public Health; Technology; Women; Wisconsin,Tom Kertscher,"October 24, 2014",https://www.politifact.com/factchecks/2014/oct/24/emilys-list/scott-walker-forces-some-women-get-transvaginal-ul/
Ted Cruz,"October 19, 2014","""Obama, instead of nominating a health professional, he nominated someone who is an anti-gun activist (for surgeon general).""",false,interview on CNN,National; Congress; Corrections and Updates; Ebola; Health Care; Public Health; Guns,Lauren Carroll,"October 23, 2014",https://www.politifact.com/factchecks/2014/oct/23/ted-cruz/cruz-obamas-surgeon-general-pick-not-health-profes/
Rick Scott,"October 21, 2014",Says Charlie Crist could have expanded Medicaid after the health care law passed but didn't.,mostly-false,gubernatorial debate,Health Care; Medicaid; Florida,Joshua Gillin,"October 22, 2014",https://www.politifact.com/factchecks/2014/oct/22/rick-scott/rick-scott-says-charlie-crist-could-have-expanded-/
Chain email,"October 21, 2014","The Affordable Care Act says that ""at age 76 when you most need it most, you are not eligible for cancer treatment. …  Cancer hospital will ration care according to the patient's age.""",pants-fire,chain email,National; Health Care,Lauren Burns,"October 21, 2014",https://www.politifact.com/factchecks/2014/oct/21/chain-email/five-years-chain-email-about-cancer-treatment-rati/
John  Kitzhaber,"October 20, 2014","""Ninety-five percent of Oregonians now have health insurance coverage, tens of thousands for the very first time.""",true,campaign debate,Oregon; Health Care,Dana Tims,"October 20, 2014",https://www.politifact.com/factchecks/2014/oct/20/john-kitzhaber/do-95-percent-oregonians-now-have-health-insurance/
Cory Gardner,"October 15, 2014","The CDC is ""spending money on things like jazzercise, urban gardening and massage therapy"" that could be redirected to Ebola.",mostly-false,debate,National; Ebola; Health Care; Public Health,Louis Jacobson,"October 20, 2014",https://www.politifact.com/factchecks/2014/oct/20/cory-gardner/amid-ebola-cases-cory-gardner-blasts-cdc-spending-/
Tavis Smiley,"October 19, 2014","""This (Ebola) is not as bad as SARS was in 2003.""",mostly-false,"comments on ABC's ""This Week""",Ebola; Health Care; Public Health; PunditFact,Lauren Carroll,"October 19, 2014",https://www.politifact.com/factchecks/2014/oct/19/tavis-smiley/tavis-smiley-says-ebola-outbreak-not-bad-sars-outb/
George Will,"October 19, 2014","Some doctors say Ebola can be transmitted through the air by ""a sneeze or some cough.""",false,"comments on ""Fox News Sunday""",Ebola; Health Care; Public Health; PunditFact,Jon Greenberg,"October 19, 2014",https://www.politifact.com/factchecks/2014/oct/19/george-will/george-will-claims-sneeze-cough-spread-ebola/
The Rhode Island Catholic,"October 2, 2014",Almost every state has offered an insurance plan on its health exchange that does not cover abortion.,true,newspaper editorial,Abortion; Rhode Island; Health Care; Women,Alex Kuffner,"October 17, 2014",https://www.politifact.com/factchecks/2014/oct/17/Rhode_Island_Catholic/catholic-paper-says-ri-health-exchange-one-few-us-/
Tom Cotton,"October 14, 2014","Under my platform, ""I will make no changes to the current (Medicare) system for current retirees and anyone approaching retirement.""",false,debate,National; Health Care; Medicare; Retirement,Louis Jacobson,"October 16, 2014",https://www.politifact.com/factchecks/2014/oct/16/tom-cotton/tom-cotton-says-he-wouldnt-back-changes-those-medi/
Wendy Davis,"September 17, 2014","""Weeks after accepting a quarter-million-dollar campaign contribution"" from a hospital board chairman, Greg Abbott went to court against victims of a drug-taking neurosurgeon.",mostly-true,TV ad,Campaign Finance; Health Care; Legal Issues; Texas,W. Gardner Selby,"October 15, 2014",https://www.politifact.com/factchecks/2014/oct/15/wendy-davis/wendy-davis-says-greg-abbott-fielded-250000-donati/
John McCain,"October 12, 2014","""We were told there would never be a case of Ebola in the United States.""",false,"comments on CNN's ""State of the Union""",National; Ebola; Health Care; Military; Public Health; Public Safety,Lauren Carroll,"October 12, 2014",https://www.politifact.com/factchecks/2014/oct/12/john-mccain/mccain-we-were-told-thered-be-no-ebola-united-stat/
Jeanne Shaheen,"September 29, 2014",Says Scott Brown co-sponsored legislation to let employers deny women coverage for mammograms.,mostly-false,news release,New Hampshire; Health Care; Legal Issues; Women,Louis Jacobson,"October 10, 2014",https://www.politifact.com/factchecks/2014/oct/10/jeanne-shaheen/jeanne-shaheen-says-scott-brown-backed-bill-let-em/
Jeanne Shaheen,"September 29, 2014","Says Scott Brown ""co-sponsored legislation to let employers deny women coverage for birth control.""",true,news release,New Hampshire; Health Care; Legal Issues; Women,Louis Jacobson,"October 10, 2014",https://www.politifact.com/factchecks/2014/oct/10/jeanne-shaheen/jeanne-shahee-says-scott-brown-backed-measure-let-/
Pat Roberts,"October 1, 2014","""20,000 Kansans lost their health insurance because of (Obamacare).""",false,Web video,National; Health Care; Message Machine 2014,Lauren Carroll,"October 9, 2014",https://www.politifact.com/factchecks/2014/oct/09/pat-roberts/pat-roberts-obamacare-killed-insurance-20000-kansa/
Barack Obama,"October 2, 2014","The cost of ""health care is now the single-biggest factor driving down"" the federal budget deficit.",mostly-true,speech at Northwestern University,National; Deficit; Federal Budget; Health Care,Lauren Carroll,"October 8, 2014",https://www.politifact.com/factchecks/2014/oct/08/barack-obama/obama-health-care-driving-down-deficit/
Democratic Congressional Campaign Committee,"September 30, 2014","Says U.S. Rep. Steve Southerland ""voted himself health care for life.""",pants-fire,campaign commercial,Elections; Health Care; Florida,Joshua Gillin,"October 8, 2014",https://www.politifact.com/factchecks/2014/oct/08/democratic-congressional-campaign-committee/democrats-accuse-southerland-seeking-health-care-l/
Thom Tillis,"October 7, 2014","By voting for Obamacare, Sen. Kay Hagan ""voted to kill the equivalent of 2.5 million jobs.""",mostly-false,debate,National; Economy; Health Care; Workers,Louis Jacobson,"October 8, 2014",https://www.politifact.com/factchecks/2014/oct/08/thom-tillis/thom-tillis-says-kay-hagan-voted-kill-equivalent-2/
Charlie Crist,"October 1, 2014","Says Rick Scott signed ""laws requiring mandatory ultrasounds and restricting access to abortion even in cases of rape or incest.""",mostly-true,TV ad,Abortion; Health Care; Women; Florida,Amy Sherman,"October 7, 2014",https://www.politifact.com/factchecks/2014/oct/07/charlie-crist/charlie-crist-rick-scott-signed-laws-ultrasounds-a/
Democratic Party of Virginia,"September 16, 2014","""Hospitals have already begun layoffs, a direct result of Republican inaction"" on Medicaid expansion.",half-true,news release.,Health Care; Medicaid; State Budget; Virginia,Nancy  Madsen,"October 6, 2014",https://www.politifact.com/factchecks/2014/oct/06/democratic-party-virginia/va-democrats-say-hospital-layoffs-are-direct-resul/
Dan Patrick,"September 29, 2014","Leticia Van de Putte ""voted to give illegal immigrants in this country free health care--not emergency health care but total free health care.""",false,debate,Immigration; Health Care; Public Health; Texas,W. Gardner Selby,"October 2, 2014",https://www.politifact.com/factchecks/2014/oct/02/dan-patrick/contrary-dan-patrick-claim-van-de-putte-didnt-vote/
Georgians Together,"September 23, 2014","David Perdue ""proposes rolling back the clock on women’s health care.""",half-true,television attack ad,Georgia; Health Care,Nancy Badertscher,"October 1, 2014",https://www.politifact.com/factchecks/2014/oct/01/georgians-together/pac-ad-misleading-/
Republican Party of Florida,"September 23, 2014",Health insurance costs for Floridians are up 30 percent or more.,mostly-false,TV ad,Health Care; Florida,Amy Sherman,"September 29, 2014",https://www.politifact.com/factchecks/2014/sep/29/republican-party-florida/health-insurance-costs-are-skyrocketing-under-obam/
Ed  Gillespie,"September 9, 2014","Says Mark Warner told PolitiFact National's ""Lie of the Year"" in 2013.",false,TV ad.,Health Care; Message Machine 2014; Virginia,Warren Fiske,"September 28, 2014",https://www.politifact.com/factchecks/2014/sep/28/ed-gillespie/gillespie/
Scott Walker,"September 18, 2014","Says opponent Mary Burke says she ""supports Obamacare unequivocally and wants to expand it.""",half-true,TV ad,Federal Budget; Health Care; Medicaid; Wisconsin,Tom Kertscher,"September 23, 2014",https://www.politifact.com/factchecks/2014/sep/23/scott-walker/mary-burke-supports-obamacare-unequivocally-and-wa/
Lois Frankel,"September 12, 2014","Recently Rick Scott ""closed 30 women’s health care centers across the state.""",pants-fire,fundraising email,Health Care; State Budget; Women; Florida,Amy Sherman,"September 18, 2014",https://www.politifact.com/factchecks/2014/sep/18/lois-frankel/lois-frankel-says-rick-scott-closed-30-womens-heal/
Charlie Crist,"September 9, 2014","Says Rick Scott ""thinks employers should be able to deny women coverage for birth control.""",mostly-true,TV ad,Abortion; Health Care; Government Regulation; Supreme Court; Women; Florida,Amy Sherman,"September 11, 2014",https://www.politifact.com/factchecks/2014/sep/11/charlie-crist/charlie-crist-says-rick-scott-supports-employers-d/
National Republican Senatorial Committee,"September 4, 2014","Says cuts to Medicare affect people who have already ""paid in. We paid for it.""",mostly-false,campaign ad,National; Federal Budget; Health Care; Medicare,Louis Jacobson,"September 9, 2014",https://www.politifact.com/factchecks/2014/sep/09/national-republican-senatorial-committee/how-much-have-medicare-beneficiaries-paid-system/
National Republican Senatorial Committee,"September 4, 2014","Says Democratic Senate candidate ""Bruce Braley voted to cut $700 billion from Medicare to support Obamacare.""",half-true,campaign ad,National; Federal Budget; Health Care; Medicare; Message Machine 2014,Louis Jacobson,"September 9, 2014",https://www.politifact.com/factchecks/2014/sep/09/national-republican-senatorial-committee/gop-ad-says-bruce-braley-voted-cut-700-billion-med/
Cory Gardner,"September 2, 2014","Says on contraception, his plan is ""cheaper and easier for you"" than Sen. Mark Udall’s",mostly-false,campaign ad,National; Health Care; Message Machine 2014; Women,Steve Contorno,"September 8, 2014",https://www.politifact.com/factchecks/2014/sep/08/cory-gardner/cory-gardner-says-his-plan-contraceptives-namely-p/
Ed  Gillespie,"August 25, 2014","Obamacare ""cuts seniors’ Medicare.""",mostly-false,campaign email.,Health Care; Medicare; Virginia,Sean Gorman,"September 8, 2014",https://www.politifact.com/factchecks/2014/sep/08/ed-gillespie/gillespie-says-obamacare-cuts-seniors-medicare/
Bloggers,"August 28, 2014","""Over 73% of all donations raised (from the ALS Ice Bucket Challenge) are going to fundraising, overhead, executive salaries, and external donations.""",pants-fire,blog posts,National; Disability; Health Care,Louis Jacobson,"September 2, 2014",https://www.politifact.com/factchecks/2014/sep/02/blog-posting/bloggers-incorrectly-blast-als-ice-bucket-challeng/
Wendy Davis,"August 23, 2014","Greg Abbott was ""charged with overseeing the state cancer research fund. But he let his wealthiest donors take tens of millions of taxpayer dollars without proper oversight. They showered Abbott with gifts and free vacations.""",half-true,TV ad,Ethics; Health Care; Public Health; State Budget; Texas,W. Gardner Selby,"August 31, 2014",https://www.politifact.com/factchecks/2014/aug/31/wendy-davis/wendy-davis-says-greg-abbott-let-millions-taxpayer/
Drug Free America,"August 20, 2014","Under a proposed medical marijuana amendment in Florida, ""you don't get refills -- you get it forever.""",mostly-false,"""Tampa Bay Times"" editorial meeting",Florida Amendments; Health Care; Florida; Marijuana,Joshua Gillin,"August 28, 2014",https://www.politifact.com/factchecks/2014/aug/28/drug-free-america/medical-marijuana-amendment-allows-patient-get-it-/
Brad Schimel,"August 15, 2014","Heroin and prescription opioids are ""the number one cause of accidental or preventable death in Wisconsin.""",false,interview,Drugs; Health Care; Crime; Public Health; Wisconsin,Tom Kertscher,"August 27, 2014",https://www.politifact.com/factchecks/2014/aug/27/brad-schimel/top-cause-preventable-deaths-heroin-prescription-o/
Republican Party of Florida,"August 6, 2014","Obamacare ""prevents (Florida) from regulating insurance.""",pants-fire,Facebook Q&A with Charlie Crist,Health Care; Regulation; Florida,Joshua Gillin,"August 20, 2014",https://www.politifact.com/factchecks/2014/aug/20/republican-party-florida/obamacare-wont-let-florida-regulate-health-insuran/
Scott Walker,"July 21, 2014","Says his ""Act 10 reforms"" have ""saved the taxpayers some $3 billion.""",mostly-true,news article,City Government; County Government; Health Care; Pensions; State Budget; Taxes; Wisconsin,Tom Kertscher,"August 20, 2014",https://www.politifact.com/factchecks/2014/aug/20/scott-walker/scott-walker-says-union-reform-law-brought-massive/
Mark S. Zaccaria,"August 3, 2014","Sen. Jack Reed ""cast the deciding vote in the Senate for the Affordable Care Act.""",mostly-false,"interview on ""10 News Conference.""",Rhode Island; Congress; Health Care; History; Public Health; Voting Record,C. Eugene Emery Jr.,"August 17, 2014",https://www.politifact.com/factchecks/2014/aug/17/mark-zaccaria/mark-zaccaria-says-sen-jack-reed-cast-deciding-vot/
Don't Let Florida Go To Pot,"August 5, 2014 in","""25 percent of all drug-related fatal vehicle accidents in the U.S. involve marijuana.""",half-true,on their website,Drugs; Health Care; Florida,Joshua Gillin,"August 5, 2014",https://www.politifact.com/factchecks/2014/aug/05/dont-let-florida-go-pot/medical-marijuana-opponents-say-drug-often-involve/
Ed  Gillespie,"July 26, 2014","""This administration is slashing the Navy to pay for more Obamacare.""",pants-fire,debate.,Health Care; Message Machine 2014; Military; Virginia,Nancy  Madsen,"August 3, 2014",https://www.politifact.com/factchecks/2014/aug/03/ed-gillespie/ed-gillespie-says-white-house-cutting-navy-pay-oba/
George Will,"July 27, 2014","Oregon’s ""three largest employers, and 13 of the top 25, are health care providers.""",false,syndicated column,Oregon; Economy; Health Care,Dana Tims,"July 31, 2014",https://www.politifact.com/factchecks/2014/jul/31/george-will/are-oregons-three-largest-employers-and-13-top-25-/
Ed MacDougall,"July 26, 2014","Says U.S. House candidate Carlos Curbelo ""opposes the repeal of Obamacare.""",mostly-false,radio ad,Health Care; Florida,Amy Sherman,"July 31, 2014",https://www.politifact.com/factchecks/2014/jul/31/ed-macdougall/carlos-curbelo-opposes-repeal-obamacare-says-attac/
Bryan Fischer,"July 18, 2014","""We know how to stop AIDS: persuade men not to have sex with men.""",pants-fire,"his ""Focal Point"" radio show",Health Care; LGBTQ; PunditFact,Katie Sanders,"July 30, 2014",https://www.politifact.com/factchecks/2014/jul/30/bryan-fischer/american-family-association-radio-host-says-aids-c/
Tom Cotton,"July 25, 2014","Says Mark Pryor ""continues to insist"" that Obamacare is ""an amazing success.""",mostly-false,campaign email,National; Health Care,Lauren Carroll,"July 29, 2014",https://www.politifact.com/factchecks/2014/jul/29/tom-cotton/tom-cotton-says-mark-pryor-continues-insist-obamac/
Richard Saslaw,"July 11, 2014","Governing magazine has ""estimated that in the states that don’t expand Medicaid, a minimum, they said of 40 percent of rural hospitals will close in those states...""",false,TV interview.,Health Care; Virginia,Sean Gorman,"July 25, 2014",https://www.politifact.com/factchecks/2014/jul/25/richard-saslaw/saslaw-says-40-percent-rural-hospitals-will-close-/
Debbie Wasserman Schultz,"July 22, 2014",The U.S. Court of Appeals for the Fourth Circuit compared the health care law to buying a pepperoni and ham pizza from Domino's or Pizza Hut.,mostly-true,interview with a Las Vegas news network,National; Health Care,Steve Contorno,"July 24, 2014",https://www.politifact.com/factchecks/2014/jul/24/debbie-wasserman-schultz/dnc-chair-says-fourth-circuit-court-used-pizza-ana/
Debbie Wasserman Schultz,"July 22, 2014","""There were 36 states where Republicans who were in charge refused to implement a state (health insurance) exchange.""",mostly-false,interview with a Las Vegas news network,National; Health Care; Supreme Court,Molly O'Connor,"July 24, 2014",https://www.politifact.com/factchecks/2014/jul/24/debbie-wasserman-schultz/debbie-wasserman-schultz-says-gop-governors-blocke/
Mitch McConnell,"July 17, 2014","Says a new report shows the ""devastating tax hikes (in the health care law) will have on middle-class Kentuckians.""",mostly-false,press release,National; Health Care; Taxes,Steve Contorno,"July 23, 2014",https://www.politifact.com/factchecks/2014/jul/23/mitch-mcconnell/mitch-mcconnell-claims-devastating-tax-increase-mi/
Barbara Comstock,"July 7, 2014","Obamacare ""already has caused millions of hardworking Virginians to lose their health insurance.""",false,web post.,Health Care; Virginia,Sean Gorman,"July 20, 2014",https://www.politifact.com/factchecks/2014/jul/20/barbara-comstock/barbara-comstock-said-millions-virginians-lost-ins/
Phil Gingrey,"July 7, 2014","Amid the ""crisis at our southern border,"" there are ""reports of illegal migrants carrying deadly diseases such as … Ebola virus.""",pants-fire,letter to the Centers for Disease Control and Prevention,Immigration; National; Ebola; Health Care; Public Health,Louis Jacobson,"July 18, 2014",https://www.politifact.com/factchecks/2014/jul/18/phil-gingrey/rep-phil-gingrey-says-migrants-may-be-bringing-ebo/
Donna Edwards,"July 13, 2014","""74 percent of Republicans support the Affordable Care Act.""",false,"roundtable discussion on CNN's ""State of the Union""",National; Health Care; Polls and Public Opinion,Louis Jacobson,"July 14, 2014",https://www.politifact.com/factchecks/2014/jul/14/donna-edwards/democratic-rep-donna-edwards-says-74-republicans-s/
Nancy Pelosi,"July 10, 2014","The U.S. Supreme Court is ""five guys who start determining what contraceptions are legal.""",false,press conference,National; Health Care; Sexuality; Women,Louis Jacobson,"July 11, 2014",https://www.politifact.com/factchecks/2014/jul/11/nancy-pelosi/nancy-pelosi-says-supreme-court-five-guys-who-star/
Alison Lundergan Grimes,"July 10, 2014","Says Mitch McConnell voted to raise Medicare costs for a current Kentucky senior by $6,000.",false,campaign ad,National; Federal Budget; Health Care; Medicare,Steve Contorno,"July 10, 2014",https://www.politifact.com/factchecks/2014/jul/10/alison-lundergan-grimes/did-mitch-mcconnell-vote-raise-seniors-medicare-co/
Mitch McConnell,"July 9, 2014","Says Alison Lundergan Grimes ""supports Obamacare, which cuts $700 billion from seniors’ Medicare.""",half-true,YouTube video,National; Health Care; Medicare,Lauren Carroll,"July 10, 2014",https://www.politifact.com/factchecks/2014/jul/10/mitch-mcconnell/mcconnell-opponent-alison-lundergan-grimes-support/
Charlie Crist,"July 2, 2014","""Expanding Medicaid would create 63k jobs.""",half-true,tweet,Health Care; Medicaid; Poverty; Florida,Amy Sherman,"July 9, 2014",https://www.politifact.com/factchecks/2014/jul/09/charlie-crist/not-expanding-medicaid-florida-missing-out-63800-j/
Reince Priebus,"July 7, 2014","""Thanks to #ObamaCare, average E.R. wait in California is 5 hours.""",false,tweet,National; Health Care,Louis Jacobson,"July 8, 2014",https://www.politifact.com/factchecks/2014/jul/08/reince-priebus/rnc-chair-reince-priebus-thanks-barack-obama-five-/
Donny Deutsch,"July 1, 2014","""13 percent of Americans, the lowest ever, are without health care.""",half-true,"comments on MSNBC's ""Morning Joe""",Health Care; Polls and Public Opinion; Public Health; PunditFact,Linda Qiu,"July 8, 2014",https://www.politifact.com/factchecks/2014/jul/08/donny-deutsch/uninsured-rate-lowest-ever-donny-deutsch-claims/
Newt Gingrich,"July 6, 2014","Says Hillary Clinton's health care plan from the 1990s ""had a broader provision in favor of corporate right to back out"" of providing contraceptive coverage than the one created by the Hobby Lobby Supreme Court decision.",false,"interview on ABC's ""This Week""",Abortion; Congress; Corporations; Health Care; Religion; Sexuality; Supreme Court; PunditFact,Lauren Carroll,"July 8, 2014",https://www.politifact.com/factchecks/2014/jul/08/newt-gingrich/gingrich-hillary-clintons-health-plan-had-broad-re/
Hillary Clinton,"June 30, 2014","""A salesclerk at Hobby Lobby who needs contraception … is not going to get that service through her employer’s health care plan because her employer doesn’t think she should be using contraception.""",mostly-false,interview at the Aspen Ideas Festival,Abortion; National; Health Care; Legal Issues; Women,Louis Jacobson,"July 3, 2014",https://www.politifact.com/factchecks/2014/jul/03/hillary-clinton/hillary-clinton-says-hobby-lobby-salesclerk-not-go/
Ruth Bader Ginsburg,"June 30, 2014","""Women of childbearing age spend 68 percent more in out-of-pocket health care costs than men.""",mostly-true,dissenting opinion,National; Health Care; Women,Louis Jacobson,"July 2, 2014",https://www.politifact.com/factchecks/2014/jul/02/ruth-bader-ginsburg/ruth-bader-ginsburg-dissent-says-women-pay-68-perc/
Sally Kohn,"June 30, 2014","""Hobby Lobby provided this (birth control) coverage before they decided to drop it to file suit.""",mostly-true,segment on CNN,Health Care; Supreme Court; PunditFact,Katie Sanders,"July 1, 2014",https://www.politifact.com/factchecks/2014/jul/01/sally-kohn/did-hobby-lobby-once-provide-birth-control-coverag/
Debbie Wasserman Schultz,"June 30, 2014","""Nearly 60 percent of women who use birth control do so for more than just family planning.""",mostly-true,statement to the media,Health Care; Supreme Court; Women; Florida,Amy Sherman,"June 30, 2014",https://www.politifact.com/factchecks/2014/jun/30/debbie-wasserman-schultz/after-supreme-court-hobby-lobby-decision-wasserman/
Dave Marsden,"June 14, 2014","After Massachusetts passed a mandatory health insurance law ""their mortality rate went down...it saved lives.""",mostly-true,radio interview.,Health Care; Medicaid; Virginia,Sean Gorman,"June 27, 2014",https://www.politifact.com/factchecks/2014/jun/27/dave-marsden/marsden-says-massachusetts-health-reforms-lowered-/
Washington Examiner,"June 9, 2014",U.S. Senate candidate Michelle Nunn has avoided taking a stand on Obamacare.,half-true,opinion piece,Georgia; Health Care,Nancy Badertscher,"June 27, 2014",https://www.politifact.com/factchecks/2014/jun/27/washington-examiner/nunn-cautious-not-mum-obamacare/
Republican Governors Association,"May 29, 2014",Jason Carter supports using Georgia tax dollars to promote Obamacare,mostly-false,a television ad,Georgia; Health Care,April Hunt,"June 11, 2014",https://www.politifact.com/factchecks/2014/jun/11/republican-governors-association/gop-misfires-carter-claim/
Hillary Clinton,"June 10, 2014","""By the time I left"" the State Department, ""economic growth was up and opium production was down"" in Afghanistan, while ""infant mortality declined"" and school enrollment rose by more than sevenfold.",mostly-true,"her book, ""Hard Choices""",National; Drugs; Economy; Education; Health Care; Foreign Policy; Public Health; Women,Louis Jacobson,"June 10, 2014",https://www.politifact.com/factchecks/2014/jun/10/hillary-clinton/new-book-hillary-clinton-touts-quality-life-advanc/
Allan Fung,"June 2, 2014","Ken ""Block supports Obamacare.""",pants-fire,TV commercial,Rhode Island; Economy; Health Care; Message Machine 2014,C. Eugene Emery Jr.,"June 8, 2014",https://www.politifact.com/factchecks/2014/jun/08/allan-fung/gubernatorial-candidate-allan-fung-says-his-republ/
David Scott,"May 27, 2014","""We’ve got an average of 5,600 soldiers committing suicide. That’s about 20 a day.""",half-true,WABE,Georgia; Health Care; Veterans,April Hunt,"June 6, 2014",https://www.politifact.com/factchecks/2014/jun/06/david-scott/not-all-veteran-suicides-can-be-tied-va-care/
Paul Ryan,"May 5, 2014","Medicare is ""going broke. The trust fund goes bankrupt in 2026.""",mostly-false,remarks at a forum,Federal Budget; Health Care; Medicare; Retirement; Taxes; Wisconsin,Tom Kertscher,"June 5, 2014",https://www.politifact.com/factchecks/2014/jun/05/paul-ryan/paul-ryan-says-medicare-going-bankrupt/
Dave Brat,"May 9, 2014","Eric Cantor ""voted to fully fund Obamacare in October.""",mostly-false,radio ad.,Health Care; Voting Record; Virginia,Sean Gorman,"June 2, 2014",https://www.politifact.com/factchecks/2014/jun/02/dave-brat/dave-brat-says-eric-cantor-voted-fully-fund-obamac/
Texas Right to Life,"May 14, 2014","In Texas, ""a faceless hospital panel can deny life-sustaining care, giving you only 10 days to find another facility for your mother, dad, or young child, even if the patient is conscious.""",half-true,video ad,Corrections and Updates; Health Care; Legal Issues; Texas,W. Gardner Selby,"May 30, 2014",https://www.politifact.com/factchecks/2014/may/30/texas-right-life/texas-law-gives-hospital-panels-sway-over-cutting-/
Jeff Merkley,"May 28, 2014","""400,000 Oregonians have gained access to health care"" through the Affordable Care Act.",half-true,interview,Oregon; Health Care,Dana Tims,"May 30, 2014",https://www.politifact.com/factchecks/2014/may/30/jeff-merkley/did-400000-oregonians-gain-access-health-care-unde/
Don't Let Florida Go To Pot,"May 20, 2014","""Less than 5 percent of registered users in states allowing medical marijuana have cancer or AIDS.""",mostly-true,group's website,Health Care; Florida; Marijuana,Joshua Gillin,"May 29, 2014",https://www.politifact.com/factchecks/2014/may/29/dont-let-florida-go-pot/less-5-percent-registered-users-states-allowing-me/
Charlie Crist,"May 23, 2014","41,200 veterans in Florida ""don’t have health care because Scott didn’t expand Medicaid.""",half-true,tweet,Health Care; Medicaid; Veterans; Florida,Amy Sherman,"May 28, 2014",https://www.politifact.com/factchecks/2014/may/28/charlie-crist/charlie-crist-says-veterans-lack-health-care-due-r/
Monica Wehby,"May 21, 2014","""Jeff Merkley was the deciding vote on Obamacare, which in Oregon has been an unmitigated disaster.""",false,campaign news release,Oregon; Health Care,Dana Tims,"May 23, 2014",https://www.politifact.com/factchecks/2014/may/23/monica-wehby/was-jeff-merkley-deciding-vote-obamacare/
Democratic Party of Virginia,"March 26, 2014","In 2007, Ed Gillespie ""was paid $300,000 to be the frontman for a coalition that made the individual mandate the centerpiece of its health reform plan.""",mostly-false,news release.,Health Care; Message Machine 2014; Virginia,Sean Gorman,"May 23, 2014",https://www.politifact.com/factchecks/2014/may/23/democratic-party-virginia/virginia-democrats-say-gillespie-was-paid-300000-l/
Don't Let Florida Go To Pot,"May 20, 2014","A proposed amendment ""allows a teenager to get a recommendation for medical marijuana without the consent of a parent.""",half-true,group's website,Health Care; Florida; Marijuana,Joshua Gillin,"May 22, 2014",https://www.politifact.com/factchecks/2014/may/22/dont-let-florida-go-pot/medical-marijuana-amendment-allows-teenager-get-re/
Kimberly Guilfoyle,"May 21, 2014","Obamacare is ""one big fat VA system.""",pants-fire,"broadcast of ""The Five"" on Fox News",Health Care; Veterans; PunditFact,Jon Greenberg,"May 22, 2014",https://www.politifact.com/factchecks/2014/may/22/kimberly-guilfoyle/guilfoyle-obamacare-one-big-fat-va/
Katrina vanden Heuvel,"May 18, 2014","""Congress has cut funding, has slashed funding, for veterans' benefits over these last years.""",false,"discussion on CBS' ""Face the Nation""",Federal Budget; Health Care; Veterans; PunditFact,Louis Jacobson,"May 21, 2014",https://www.politifact.com/factchecks/2014/may/21/katrina-vanden-heuvel/katrina-vanden-heuvel-says-congress-has-slashed-fu/
Bobby Jindal,"May 13, 2014",Says Hillary Clinton opposed an individual mandate and favored an employer mandate back in 1993.,mostly-true,op-ed for Politico Magazine,National; Health Care; Public Health,Steve Contorno,"May 21, 2014",https://www.politifact.com/factchecks/2014/may/21/bobby-jindal/was-hillary-clinton-against-individual-mandate-dur/
Hillary Clinton,"May 16, 2014","""Canadian middle class incomes are now higher than in the United States. They are working fewer hours for more pay, … living longer on average, and facing less income inequality.""",mostly-true,speech at the New America Foundation,National; Health Care; Income; Labor,Louis Jacobson,"May 20, 2014",https://www.politifact.com/factchecks/2014/may/20/hillary-clinton/hillary-clinton-says-united-states-falling-behind-/
Russ Fulcher,"May 14, 2014","""Idaho was the only Republican-led state in the nation that chose to partner with President Obama"" by creating a state-based marketplace under the Affordable Care Act.",false,gubernatorial debate,National; Health Care,Louis Jacobson,"May 19, 2014",https://www.politifact.com/factchecks/2014/may/19/russ-fulcher/idaho-debate-went-viral-challenger-misfires-obamac/
Dan Patrick,"April 28, 2014","Under David Dewhurst’s leadership, the Texas ""Senate passed an expansion of in-state tuition and free health care to illegal immigrants.""",false,TV ad,Immigration; Education; Health Care; Voting Record; Texas,W. Gardner Selby,"May 15, 2014",https://www.politifact.com/factchecks/2014/may/15/dan-patrick/dan-patrick-misinterprets-texas-senate-votes-measu/
Chain email,"May 14, 2014","""No Republicans voted for"" recent hikes in the income tax, payroll tax, capital gains tax, dividend tax and estate tax. ""These taxes were all passed under … Obamacare.""",pants-fire,chain email,National; Health Care; Taxes,Louis Jacobson,"May 14, 2014",https://www.politifact.com/factchecks/2014/may/14/chain-email/chain-email-overstates-tax-increases-incorrectly-s/
Ralph Nader,"May 7, 2014","A majority of Americans ""since Harry Truman days"" support single-payer health insurance, or ""full Medicare for all.""",false,radio interview,Federal Budget; Health Care; History; Medicare; Polls and Public Opinion; Public Health; Wisconsin,Tom Kertscher,"May 14, 2014",https://www.politifact.com/factchecks/2014/may/14/ralph-nader/70-years-most-americans-have-supported-single-paye/
Sean Duffy,"May 3, 2014","""Explosive growth in Medicare"" is the reason federal deficit spending is predicted to top $1 trillion again after falling to $600 billion annually.",half-true,interview,Federal Budget; Health Care; Medicare; Wisconsin,Dave Umhoefer,"May 11, 2014",https://www.politifact.com/factchecks/2014/may/11/sean-duffy/sean-duffy-says-explosive-growth-medicare-will-cau/
Hillary Clinton,"May 6, 2014","""A small majority of Americans don’t think they like the Affordable Care Act, but a large majority of Americans don’t want to do away with the protections that are in the Affordable Care Act.""",mostly-true,keynote speech,National; Health Care; Polls and Public Opinion,Julie Kliegman,"May 7, 2014",https://www.politifact.com/factchecks/2014/may/07/hillary-clinton/hillary-clinton-says-people-dont-health-care-law-i/
Scott Walker,"May 15, 2014","Under his leadership, more people in Wisconsin ""have access to health care.""",half-true,ad,Health Care; Medicaid; Message Machine 2014; Poverty; Public Health; Wisconsin,Tom Kertscher,"May 7, 2014",https://www.politifact.com/factchecks/2014/may/07/scott-walker/despite-gov-scott-walkers-opposition-obamacare-do-/
Rand Paul,"May 2, 2014","""For every Kentuckian that has enrolled in Obamacare, 40 have been dropped from their coverage.""",pants-fire,newsletter,National; Corrections and Updates; Health Care,Louis Jacobson,"May 5, 2014",https://www.politifact.com/factchecks/2014/may/05/rand-paul/rand-paul-says-40-times-more-kentuckians-have-gott/
Americans for Prosperity,"April 23, 2014","""Health care premiums up 90 percent in New Hampshire.""",false,ad,New Hampshire; Health Care,Bradford Randall,"May 1, 2014",https://www.politifact.com/factchecks/2014/may/01/americans-prosperity/afp-says-health-care-premiums-90-percent-new-hamps/
Facebook posts,"April 25, 2014","""Over 300K home owner suicides attributed to foreclosures.""",pants-fire,meme shared on social media,National; Economy; Health Care; Housing; Public Health,Louis Jacobson,"April 25, 2014",https://www.politifact.com/factchecks/2014/apr/25/facebook-posts/social-media-meme-says-300000-suicides-are-attribu/
Mike McFadden,"April 17, 2014","Says Al Franken ""voted to exempt himself and Congress from enrolling in (the Affordable Care Act marketplaces).""",false,TV ad,National; Health Care; Voting Record,Julie Kliegman,"April 24, 2014",https://www.politifact.com/factchecks/2014/apr/24/mike-mcfadden/gop-challenger-says-al-franken-voted-exempt-himsel/
Kay  Hagan,"April 17, 2014","Says North Carolina Republican Senate candidate Thom Tillis ""called Obamacare ‘a great idea.’ """,mostly-false,radio ad,National; Health Care,Louis Jacobson,"April 22, 2014",https://www.politifact.com/factchecks/2014/apr/22/kay-hagan/kay-hagan-says-gop-rival-thom-tillis-called-obamac/
Democratic National Committee,"April 20, 2014","""One thing that is much more unpopular than the Affordable Care Act is repealing the Affordable Care Act.""",mostly-true,"interview on CNN's ""State of the Union.""",National; Congress; Health Care; Polls and Public Opinion,Steve Contorno,"April 21, 2014",https://www.politifact.com/factchecks/2014/apr/21/democratic-national-committee/which-more-unpopular-obamacare-or-repealing-obamac/
Donald Trump,"April 18, 2014","""ObamaCare enrollment lie: Obama counts an enrollee as a web user putting a plan in ‘their online shopping carts.’""",false,tweet,Health Care; PunditFact,Jon Greenberg,"April 21, 2014",https://www.politifact.com/factchecks/2014/apr/21/donald-trump/trump-putting-plan-online-shopping-cart-all-it-tak/
Michael Solomon,"April 3, 2014","""Pregnant women who stand for five to six hours at a time increase their risk of pre-term pregnancy by 80 percent.""",mostly-false,news release,Rhode Island; Families; Health Care; Government Regulation; Public Health; Science; Women; Workers,C. Eugene Emery Jr.,"April 20, 2014",https://www.politifact.com/factchecks/2014/apr/20/michael-solomon/providence-city-council-president-michael-solomon-/
Cory Gardner,"March 31, 2014","Says Mark Udall ""decided Obamacare. ... He passed Obamacare with his vote.""",mostly-false,interview on Fox News,National; Health Care; Voting Record,Tim Ryan,"April 15, 2014",https://www.politifact.com/factchecks/2014/apr/15/cory-gardner/colorado-senate-race-cory-gardner-says-mark-udall-/
James Carville,"April 13, 2014",The insurance risk corridors aren't going broke like Republicans predicted.,mostly-false,"comments on ABC's ""This Week""",Health Care; PunditFact,Jon Greenberg,"April 13, 2014",https://www.politifact.com/factchecks/2014/apr/13/james-carville/carville-insurance-risk-corridors-arent-going-brok/
Laura Ingraham,"April 13, 2014","Obamacare is ""costing 2 million jobs.""",mostly-false,"comments on ABC's ""This Week""",Health Care; Jobs; PunditFact,Katie Sanders,"April 13, 2014",https://www.politifact.com/factchecks/2014/apr/13/laura-ingraham/ingraham-obamacare-costing-2-million-jobs/
Freedom Partners,"April 8, 2014","Says Bruce Braley took ""tens of thousands from his friends in the health insurance industry"" and gave them ""special favors"" by voting for Obamacare.",pants-fire,campaign ad,National; Campaign Finance; Health Care,Louis Jacobson,"April 11, 2014",https://www.politifact.com/factchecks/2014/apr/11/freedom-partners/freedom-partners-ad-accuses-rep-bruce-braley-givin/
John E. Sununu,"April 6, 2014","The health care law reduces ""the number of uninsured in America by 3 percent for how much money? $2 trillion.""",false,"panel on ""Meet the Press""",Federal Budget; Health Care; PunditFact,Katie Sanders,"April 10, 2014",https://www.politifact.com/factchecks/2014/apr/10/john-e-sununu/john-sununu-says-just-14-million-americans-insured/
Senate Majority PAC,"March 28, 2014","""Before Congress, (Tom) Cotton got paid handsomely working for insurance companies and corporate interests.""",false,TV ad,National; Candidate Biography; Corporations; Health Care,Julie Kliegman,"April 9, 2014",https://www.politifact.com/factchecks/2014/apr/09/senate-majority-pac/democratic-pac-says-tom-cotton-got-paid-handsomely/
Rick Scott,"April 3, 2014","""Seniors enrolled in Medicare Advantage are going to see an average premium increase between $50 and $90 per month.""",mostly-false,"an ""El Nuevo Herald"" editorial",Health Care; Medicare; Florida,Joshua Gillin,"April 9, 2014",https://www.politifact.com/factchecks/2014/apr/09/rick-scott/obamacare-will-force-average-premium-increase-betw/
Republican Party of Florida,"April 1, 2014","Says Charlie Crist supports ""cuts to the Medicare Advantage program.""",false,Facebook post,Health Care; Medicare; Florida,Amy Sherman,"April 9, 2014",https://www.politifact.com/factchecks/2014/apr/09/republican-party-florida/charlie-crist-supports-medicare-advantage-cuts-rep/
Terry McAuliffe,"March 27, 2014","Says the Medicaid fraud rate in Virginia was ""fact-checked"" and found to be ""0.47 percent.""",false,radio interview.,Health Care; Medicaid; Virginia,Sean Gorman,"April 8, 2014",https://www.politifact.com/factchecks/2014/apr/08/terry-mcauliffe/mcauliffe-says-medicaid-fraud-rate-virginia-047-pe/
Barack Obama,"April 1, 2014","""More than 3 million young adults ... have gained insurance under (the Affordable Care Act) by staying on their family’s plan.""",half-true,public address,National; Health Care,Julie Kliegman,"April 7, 2014",https://www.politifact.com/factchecks/2014/apr/07/barack-obama/obama-says-more-3-million-young-adults-got-health-/
Michael McCaul,"April 6, 2014","""When people enter the service, there’s not a mental health evaluation.""",true,"comments on ""Fox News Sunday""",National; Health Care; Military,Steve Contorno,"April 6, 2014",https://www.politifact.com/factchecks/2014/apr/06/michael-mccaul/mccaul-when-people-enter-service-theres-not-mental/
Liz Cheney,"April 6, 2014","""The numbers of people that support Obamacare and like it have been steadily dropping.""",false,"comments on ""Fox News Sunday""",Health Care; Polls and Public Opinion; PunditFact,Katie Sanders,"April 6, 2014",https://www.politifact.com/factchecks/2014/apr/06/liz-cheney/liz-cheney-people-support-obamacare-have-been-stea/
Scott Walker,"April 1, 2014","A poll taken ""a few months ago"" found ""70 percent approval or higher"" for the Act 10 collective bargaining law.",false,interview,City Government; County Government; Education; Health Care; Pensions; Polls and Public Opinion; State Budget; Unions; Taxes; Wisconsin,Tom Kertscher,"April 6, 2014",https://www.politifact.com/factchecks/2014/apr/06/scott-walker/scott-walker-says-recent-wisconsin-poll-shows-70-a/
Charles Krauthammer,"April 1, 2014","""If you want out of the individual mandate... all you have to do now is tick off the box that says 'hardship' and you're out.""",mostly-false,"interview on ""The O'Reilly Factor""",Health Care; PunditFact,Katie Sanders,"April 4, 2014",https://www.politifact.com/factchecks/2014/apr/04/charles-krauthammer/charles-krauthammer-anyone-can-get-out-individual-/
Marco Rubio,"April 1, 2014","Says the goal of the Affordable Care Act was to get 30 million people insured, but it only got 7 million.",mostly-false,interview on Fox's 'Hannity',National; Health Care,Julie Kliegman,"April 4, 2014",https://www.politifact.com/factchecks/2014/apr/04/marco-rubio/rubio-says-health-care-law-fell-short-goal-30-mill/
Charlie Crist,"March 31, 2014","""Rick Scott wants to take us back to the days of insurance companies denying coverage for pre-existing conditions.""",mostly-true,online video,Health Care; Florida,Amy Sherman,"April 4, 2014",https://www.politifact.com/factchecks/2014/apr/04/charlie-crist/rick-scott-opposes-health-care-law-so-he-wants-go-/
Organizing for Action,"March 26, 2014","A Koch brothers group is ""going to college campuses, giving away free booze to try to bribe young folks out of getting health insurance.""",half-true,fundraising email,National; Alcohol; Health Care,Julie Kliegman,"April 1, 2014",https://www.politifact.com/factchecks/2014/apr/01/organizing-action/organizing-action-says-koch-brothers-group-used-bo/
Terry McAuliffe,"February 26, 2014","If the legislature refuses to expand Medicaid, ""27 states are going to get our money – Virginia taxpayer money – into their states to provide health care for their citizens, paid for by us.""",mostly-false,radio interview.,Health Care; Medicaid; Taxes; Virginia,Nancy  Madsen,"March 31, 2014",https://www.politifact.com/factchecks/2014/mar/31/terry-mcauliffe/mcauliffe-says-legislatures-refusal-expand-medicai/
Jack Kingston,"March 31, 2014","""There are still more people uninsured today than when Obama was elected president.""",half-true,interview,Georgia; Health Care,Eric Stirgus,"March 31, 2014",https://www.politifact.com/factchecks/2014/mar/31/jack-kingston/kingstons-claim-about-number-uninsured-has-some-me/
Ed Schultz,"March 24, 2014","Health insurance and medical costs ""are going down because of Obamacare.""",mostly-false,"broadcast of ""The Ed Show""",Elections; Health Care; PunditFact,Jon Greenberg,"March 28, 2014",https://www.politifact.com/factchecks/2014/mar/28/ed-schultz/ed-schultz-obamacare-driving-costs-down/
Barbara  Boxer,"March 25, 2014","""Women take birth control, more than half of them, as a medication for other conditions.""",half-true,"interview on MSNBC's ""Jansing & Co.""",Abortion; National; Health Care; Sexuality,Julie Kliegman,"March 26, 2014",https://www.politifact.com/factchecks/2014/mar/26/barbara-boxer/barbara-boxer-says-more-half-women-use-birth-contr/
Rich Lowry,"March 23, 2014","Most of the people who have signed up through the Obamacare exchanges ""already had insurance.""",mostly-false,"broadcast of NBC's ""Meet the Press""",Health Care; PunditFact,Jon Greenberg,"March 26, 2014",https://www.politifact.com/factchecks/2014/mar/26/rich-lowry/were-most-obamacare-sign-ups-people-who-had-insura/
Marco Rubio,"March 23, 2014","""Americans increasingly want (the Affordable Care Act) to be repealed.""",mostly-false,video to supporters,National; Health Care; Polls and Public Opinion,Julie Kliegman,"March 25, 2014",https://www.politifact.com/factchecks/2014/mar/25/marco-rubio/marco-rubio-said-americans-increasingly-want-healt/
Rick Scott,"March 24, 2014","""Obamacare will drive 2.5 million Americans out of the workforce.""",mostly-false,television ad from Let's Get to Work,Health Care; Jobs; Florida,Amy Sherman,"March 25, 2014",https://www.politifact.com/factchecks/2014/mar/25/rick-scott/cbo-report-describes-obamacare-jobs-killer-rick-sc/
Rick Scott,"March 24, 2014","Because of the federal health care law, ""300,000 health plans canceled"" in Florida.",mostly-false,television ad from Let's Get to Work,Health Care; Florida,Amy Sherman,"March 25, 2014",https://www.politifact.com/factchecks/2014/mar/25/rick-scott/while-charlie-crist-says-obamacare-great-it-has-le/
Kathleen Sebelius,"March 11, 2014",Says some Georgians can get health insurance for $105 a month.,mostly-true,Atlanta press conference,Georgia; Health Care,Nancy Badertscher,"March 25, 2014",https://www.politifact.com/factchecks/2014/mar/25/kathleen-sebelius/low-cost-insurance-available-subsidies/
Kathleen Sebelius,"March 18, 2014","On HealthCare.Gov, Texan Mark Sullivan ""found a good"" health insurance ""plan that includes dental, for less than $80 a month.""",mostly-false,oped column,Corrections and Updates; Health Care; Texas,W. Gardner Selby,"March 24, 2014",https://www.politifact.com/factchecks/2014/mar/24/kathleen-sebelius/kathleen-sebelius-obamacare-understates-costs/
Jimmie Massie,"March 12, 2014","In Virginia’s Medicaid program, ""approximately 30 percent, or $2.7 billion a year, is lost to waste, fraud and inefficiencies.""",mostly-false,Facebook post.,Health Care; Medicaid; Virginia,Sean Gorman,"March 23, 2014",https://www.politifact.com/factchecks/2014/mar/23/jimmy-massie/jimmy-massie-says-30-percent-virginias-medicaid-sp/
Americans for Prosperity,"March 17, 2014","Millions of Americans are ""paying more and getting less"" under Obamacare.",false,political ad,National; Health Care,Steve Contorno,"March 20, 2014",https://www.politifact.com/factchecks/2014/mar/20/americans-prosperity/americans-prosperity-claims-people-are-getting-les/
John Boehner,"March 13, 2014","The United States has seen ""a net loss of people with health insurance"" because of Obamacare.",false,press conference,National; Health Care; Medicaid; Public Health,Steve Contorno,"March 18, 2014",https://www.politifact.com/factchecks/2014/mar/18/john-boehner/john-boehner-says-more-people-are-uninsured-obamac/
Paul Broun,"March 18, 2014","Says his Patient OPTION Act is the only Republican plan ""that completely repeals Obamacare and it takes the federal bureaucrat out of decisions for you.""",mostly-false,candidate forum,Georgia; Health Care,Eric Stirgus,"March 14, 2014",https://www.politifact.com/factchecks/2014/mar/14/paul-broun/does-candidates-obamacare-repeal-plan-take-bureauc/
John Morgan,"February 24, 2014","Says Cathy Jordan was ""arrested"" and dragged out of her home by ""a SWAT team of hooligans"" for using medical marijuana.",mostly-false,medical marijuana debate at the University of Tampa,Drugs; Health Care; Crime; Florida; Marijuana,Joshua Gillin,"March 13, 2014",https://www.politifact.com/factchecks/2014/mar/13/john-morgan/john-morgan-says-swat-team-hooligans-arrested-medi/
Barack Obama,"March 11, 2014","""Most young Americans right now, they’re not covered"" by health insurance.",false,"Funnyordie.com ""Between Two Ferns"" interview with Zach Galifianakis",National; Health Care,Louis Jacobson,"March 11, 2014",https://www.politifact.com/factchecks/2014/mar/11/barack-obama/between-two-ferns-interview-barack-obama-says-most/
Allen Peake,"March 3, 2014",Every child in Colorado who has been given medical marijuana for treatment for seizures has had diminished seizure activity.,half-true,meeting,Georgia; Children; Health Care; Marijuana,Eric Stirgus,"March 11, 2014",https://www.politifact.com/factchecks/2014/mar/11/allen-peake/lawmaker-studies-show-medical-marijuana-reduces-se/
Will Weatherford,"February 27, 2014","About half the people who would qualify for Medicaid expansion in Florida ""can buy a health care plan for $30 a month"" on the federal health care exchange.",half-true,"interview with the ""Tampa Bay Times""",Health Care; Medicaid; Florida,Steve Contorno,"March 7, 2014",https://www.politifact.com/factchecks/2014/mar/07/will-weatherford/will-weatherford-says-about-half-people-eligible-m/
Mark Pryor,"February 5, 2014","Says Tom Cotton’s vote in Congress to change Medicare ""will increase out-of-pocket expenses for every senior in Arkansas.""",mostly-false,campaign ad,National; Health Care; Medicare; Retirement,Julie Kliegman,"February 28, 2014",https://www.politifact.com/factchecks/2014/feb/28/mark-pryor/pryor-ad-warns-every-senior-arkansas-will-see-incr/
Scott Walker,"February 23, 2014","""Federal government reneging"" on Medicaid payments to Wisconsin caused about $240 million in extra costs in the 2013-’15 state budget.",false,TV interview,Federal Budget; Health Care; Medicaid; State Budget; Wisconsin,Dave Umhoefer,"February 28, 2014",https://www.politifact.com/factchecks/2014/feb/28/scott-walker/scott-walker-says-federal-government-reneged-medic/
Texas Liberty PAC,"February 22, 2014","Says Lamar Smith ""sponsored the bill that funded Obamacare.""",false,sign spotted outside a polling place,Federal Budget; Health Care; Space; Texas,W. Gardner Selby,"February 27, 2014",https://www.politifact.com/factchecks/2014/feb/27/texas-liberty-pac/legislative-maneuver-continue-government-spending-/
Facebook posts,"January 16, 2014","Says Nancy Pelosi said, ""Waiting long hours in the emergency room will allow you to make new friends!""",pants-fire,Facebook posts,National; Health Care,Julie Kliegman,"February 26, 2014",https://www.politifact.com/factchecks/2014/feb/26/facebook-posts/facebook-posts-say-pelosi-supports-longer-er-wait-/
Barack Obama,"February 20, 2014","""We’ve got close to 7 million Americans who have access to health care for the first time because of Medicaid expansion.""",false,speech to Democratic governors,National; Health Care; Medicaid,Louis Jacobson,"February 25, 2014",https://www.politifact.com/factchecks/2014/feb/25/barack-obama/barack-obama-says-medicaid-expansion-has-brought-h/
Americans for Prosperity Georgia chapter,"February 17, 2014","""Obamacare will mean 2.1 million fewer jobs by 2021.""",half-true,article,Georgia; Health Care,Eric Stirgus,"February 24, 2014",https://www.politifact.com/factchecks/2014/feb/24/americans-prosperity-georgia-chapter/details-reveal-distinction-obamacare-jobs-claim/
Don Gaetz,"February 13, 2014","The medical marijuana ballot initiative ""doesn’t require a physician writing a prescription"" and can be for conditions like ""having a back that needs to be scratched.""",half-true,"""Florida Face to Face"" interview",Florida Amendments; Health Care; Florida; Marijuana,Joshua Gillin,"February 21, 2014",https://www.politifact.com/factchecks/2014/feb/21/don-gaetz/don-gaetz-says-doctors-wont-have-write-prescriptio/
Terry McAuliffe,"January 13, 2014","""Seventy percent of all uninsured live in households in which at least one person is working.""",true,speech.,Families; Health Care; Workers; Virginia,Nancy  Madsen,"February 17, 2014",https://www.politifact.com/factchecks/2014/feb/17/terry-mcauliffe/mcauliffe-says-70-percent-medically-uninsured-live/
National Republican Congressional Committee,"February 12, 2014","Obamacare includes a ""$700 billion cut from Medicare for seniors.""",half-true,television ad,National; Elections; Health Care; Medicare,Steve Contorno,"February 14, 2014",https://www.politifact.com/factchecks/2014/feb/14/national-republican-congressional-committee/nrcc-says-obamacare-cuts-money-medicare-and-senior/
National Republican Congressional Committee,"February 12, 2014","""Nonpartisan government analysts say Obamacare will cost our economy up to 2.5 million jobs.""",mostly-false,television ad,National; Economy; Federal Budget; Health Care; Jobs,Steve Contorno,"February 14, 2014",https://www.politifact.com/factchecks/2014/feb/14/national-republican-congressional-committee/nrcc-says-congressional-budget-office-predicts-oba/
National Republican Congressional Committee,"February 12, 2014","""300,000 Floridians will lose their current health plans"" because of Obamacare, a plan Alex Sink supports.",half-true,television ad,National; Health Care,Angie Drobnic Holan,"February 14, 2014",https://www.politifact.com/factchecks/2014/feb/14/national-republican-congressional-committee/300000-florida-lose-health-plans-more-story/
Patriot Majority USA,"February 12, 2014","Says North Carolina Republican Senate candidate Thom Tillis ""supports a plan that would end Medicare as we know it.""",mostly-false,campaign ad,National; Federal Budget; Health Care; Medicare,Louis Jacobson,"February 14, 2014",https://www.politifact.com/factchecks/2014/feb/14/patriot-majority-usa/demcratic-group-says-nc-republican-senate-hopeful-/
Patriot Majority USA,"February 12, 2014","North Carolina Republican Senate candidate Thom Tillis would let insurance companies ""deny coverage for pre-existing conditions.""",mostly-true,campaign ad,National; Health Care,Louis Jacobson,"February 13, 2014",https://www.politifact.com/factchecks/2014/feb/13/patriot-majority-usa/pro-democratic-group-says-north-carolina-senate-ca/
Chris Stirewalt,"February 11, 2014","Businesses ""will be required to certify to the IRS – under penalty of perjury – that Obamacare was not a motivating factor"" for cutting staff.",half-true,"daily summary of news ""Fox News First""",Health Care; Jobs; PunditFact,Jon Greenberg,"February 13, 2014",https://www.politifact.com/factchecks/2014/feb/13/chris-stirewalt/foxs-stirewalt-new-rules-force-firms-deny-obamacar/
Charlie Crist,"February 7, 2014","""Six people in Florida die as a result of (not expanding Medicaid) every day.""",half-true,"interview on MSNBC's ""The Daily Rundown.""",Health Care; Medicaid; Poverty; Florida,Amy Sherman,"February 12, 2014",https://www.politifact.com/factchecks/2014/feb/12/charlie-crist/charlie-crist-says-six-floridians-die-day-due-lack/
Clay Aiken,"February 5, 2014",Says Rep. Renee Ellmers voted for the government shutdown 21 times.,half-true,YouTube campaign announcement,National; Congress; Health Care,Julie Kliegman,"February 12, 2014",https://www.politifact.com/factchecks/2014/feb/12/clay-aiken/clay-aiken-says-gop-legislator-voted-21-times-shut/
Eric Cantor,"February 4, 2014","""The CBO’s latest report confirms what Republicans have been saying for years now. Under Obamacare, millions of hardworking Americans will lose their jobs.""",mostly-false,news release.,Economy; Health Care; Jobs; Virginia,Sean Gorman,"February 7, 2014",https://www.politifact.com/factchecks/2014/feb/07/eric-cantor/cantor-says-cbo-predicts-obamacare-will-cause-mill/
Mr. Conservative,"January 29, 2014","""According to (Barack) Obama’s newest unconstitutionally enacted law, health care professionals are now required to violate HIPAA privacy laws and submit medical data to the government,"" which is ""then used as justification for gun confiscation.""",false,blog post,National; Health Care; Privacy Issues; Guns,Louis Jacobson,"February 6, 2014",https://www.politifact.com/factchecks/2014/feb/06/mr-conservative/conservative-website-says-barack-obama-signed-law-/
Monica Wehby,"January 10, 2014","Some businesses in Oregon ""are having to shrink back their businesses as a result of the law.""",true,town meeting,Oregon; Corrections and Updates; Health Care,Dana Tims,"February 6, 2014",https://www.politifact.com/factchecks/2014/feb/06/monica-wehby/are-people-having-shrink-back-their-businesses-bec/
Ann Coulter,"February 2, 2014","A friend’s sister ""died from Obamacare"" because Blue Shield ""completely just pulled out of California.""",pants-fire,"interview on ""Fox & Friends Weekend""",Health Care; PunditFact,Katie Sanders,"February 5, 2014",https://www.politifact.com/factchecks/2014/feb/05/ann-coulter/ann-coulter-says-friends-sister-died/
John Boehner,"February 4, 2014","Says President Barack Obama’s health care law is ""expected to destroy 2.3 million jobs.""",mostly-false,tweet,National; Health Care,Louis Jacobson,"February 5, 2014",https://www.politifact.com/factchecks/2014/feb/05/john-boehner/john-boehner-says-obamacare-expected-destroy-23-mi/
Gretchen Carlson,"February 4, 2014","""The CBO now says the president's health care law will cut the number of full-time jobs in the United States by 2.3 million by 2021.""",mostly-false,"broadcast of Fox News' ""The Real Story""",Economy; Health Care; Jobs; PunditFact,Jon Greenberg,"February 5, 2014",https://www.politifact.com/factchecks/2014/feb/05/gretchen-carlson/carlson-cbo-says-obamcare-will-cut-full-time-jobs-/
Tom Harkin,"January 29, 2014","Cuba has ""a lower child mortality rate than ours. Their life expectancy is now greater than ours.""",half-true,press conference,National; Children; Health Care; Foreign Policy; Public Health,Louis Jacobson,"January 31, 2014",https://www.politifact.com/factchecks/2014/jan/31/tom-harkin/sen-tom-harkin-says-cuba-has-lower-child-mortality/
Rand Paul,"January 26, 2014","""Over half of the young people"" in medical, dental and law schools are women.",false,interview with CNN,National; Education; Health Care; Legal Issues; Women,Steve Contorno,"January 28, 2014",https://www.politifact.com/factchecks/2014/jan/28/rand-paul/rand-paul-says-more-half-students-medical-dental-a/
Ed  Gillespie,"January 21, 2014","""Obamacare passed by just one vote in the Senate. It wouldn’t have passed without Mark Warner’s vote.""",mostly-true,web ad.,Health Care; Voting Record; Virginia,Warren Fiske,"January 27, 2014",https://www.politifact.com/factchecks/2014/jan/27/ed-gillespie/gillespie-says-obamacare-wouldnt-have-passed-witho/
National Republican Senatorial Committee,"January 9, 2014",Volunteer firefighters and communities they serve in Georgia and elsewhere are being devastated by Obamacare.,half-true,press release,Georgia; Health Care,Nancy Badertscher,"January 27, 2014",https://www.politifact.com/factchecks/2014/jan/27/national-republican-senatorial-committee/obamacare-fears-spill-over-public-safety-arena/
Patty Murray,"January 22, 2014","In the past three years, state legislatures have ""enacted more of these restrictions (on abortion) than in the previous 10 years combined.""",true,online statement,Abortion; National; Health Care; Women,Julie Kliegman,"January 24, 2014",https://www.politifact.com/factchecks/2014/jan/24/patty-murray/more-state-abortion-restrictions-were-enacted-last/
Louie Gohmert,"January 23, 2014","""Forty years ago, hardly anybody in the country had health insurance.""",pants-fire,interview on Fox News,National; Health Care,Louis Jacobson,"January 24, 2014",https://www.politifact.com/factchecks/2014/jan/24/louie-gohmert/texas-rep-louie-gohmert-says-40-years-ago-hardly-a/
Ted Cruz,"January 10, 2014","Obama unilaterally announced he was delaying employer mandate ""through a blog post by a mid-level bureaucrat at the Department of Treasury.""",mostly-true,speech at a Texas Public Policy Foundation forum,Corrections and Updates; Health Care; Legal Issues; Taxes; Texas,Sue Owen,"January 16, 2014",https://www.politifact.com/factchecks/2014/jan/16/ted-cruz/blog-posts-broke-news-administration-was-delaying-/
Charles Krauthammer,"January 2, 2014","Buried in the Affordable Care Act is ""a huge government bailout.""",half-true,"""Washington Post"" op-ed",Health Care; PunditFact,Jon Greenberg,"January 13, 2014",https://www.politifact.com/factchecks/2014/jan/13/charles-krauthammer/krauthammer-obamacare-has-hidden-insurance-company/
Marco Rubio,"January 12, 2014","""Under Obamacare, when you turn Medicaid over to the states ... the money will be available up front for the expansion for a few years. Then, the money will go away.""",mostly-false,"comments on CBS' ""Face the Nation""",National; Health Care,Katie Sanders,"January 13, 2014",https://www.politifact.com/factchecks/2014/jan/13/marco-rubio/marco-rubio-says-medicaid-expansion-money-will-go-/
Mitt Romney,"January 5, 2014","The federal health care law tells ""the American people precisely what type of coverage they have to have.""",half-true,"comments on Fox's ""Fox News Sunday""",Health Care; PunditFact,Steve Contorno,"January 5, 2014",https://www.politifact.com/factchecks/2014/jan/05/mitt-romney/mitt-romney-obamacare-tells-people-precisely-what-/
Gene Sperling,"January 5, 2014","The Obama administration offered ""no magic number"" of people that needed to sign up for health care on the marketplaces.",mostly-false,"interview on NBC's ""Meet the Press""",National; Health Care,Katie Sanders,"January 5, 2014",https://www.politifact.com/factchecks/2014/jan/05/gene-sperling/obama-economic-adviser-gene-sperling-says-theres-n/
Carol Shea-Porter,"December 10, 2013","""Granite Staters who hold individual policies from Anthem...can indeed renew their policies and keep their current doctors and hospitals"" in 2014.",true,press release,New Hampshire; Health Care,Kaitlin Mulhere,"January 3, 2014",https://www.politifact.com/factchecks/2014/jan/03/carol-shea-porter/carol-shea-porter-says-people-nh-can-keep-their-cu/
Michael Moore,"January 1, 2014","Because of the health care law, ""by 2017, we will be funneling over $100 billion annually to private insurance companies.""",mostly-true,"""New York Times"" op-ed",Health Care; PunditFact,Jon Greenberg,"January 3, 2014",https://www.politifact.com/factchecks/2014/jan/03/michael-moore/michael-moore-obamacare-sends-over-100-billion-ins/
Tom Graves,"December 19, 2013","""More Americans believe the moon landing was fake than believe Obamacare is affordable.""",half-true,Tweet,Georgia; Health Care,Eric Stirgus,"January 3, 2014",https://www.politifact.com/factchecks/2014/jan/03/tom-graves/graves-compares-obamacare-affordability-belief-fak/
Bloggers,"November 23, 2013","""Obamacare Medical Codes Confirm: Execution by Beheading To Be Implemented in America.""",pants-fire,blog posts,National; Health Care; Legal Issues; Public Health,Louis Jacobson,"January 2, 2014",https://www.politifact.com/factchecks/2014/jan/02/blog-posting/bloggers-say-obamacare-coding-system-could-usher-b/
Thom Hartmann,"December 12, 2013","Republican state lawmakers ""are refusing to give the people of their own states their own tax dollars back in the form of (expanded) Medicaid.""",mostly-true,"broadcast of ""The Big Picture""",Health Care; Taxes; PunditFact,Jon Greenberg,"December 31, 2013",https://www.politifact.com/factchecks/2013/dec/31/thom-hartmann/hartmann-not-expanding-medicaid-shortchanges-state/
David Jolly,"December 13, 2013","""Kathleen Peters refuses to ‘take a stand’ to repeal Obamacare.""",mostly-false,David Jolly,Health Care; Florida,Joshua Gillin,"December 27, 2013",https://www.politifact.com/factchecks/2013/dec/27/david-jolly/david-jolly-says-kathleen-peters-wont-take-stand-r/
George Will,"December 22, 2013","""Most of the (Affordable Care Act) has already in some sense been waived or otherwise suspended.""",mostly-false,"comments on ""Fox News Sunday""",Health Care; PunditFact,Jon Greenberg,"December 22, 2013",https://www.politifact.com/factchecks/2013/dec/22/george-will/george-will-says-most-health-care-law-has-been-wai/
Pete Sessions,"December 15, 2013","Federal law for Obamacare navigators ""does not bar — or even require screening for — convicted felons, including individuals convicted of identity theft or fraud.""",half-true,oped column,Criminal Justice; Health Care; Crime; Texas,W. Gardner Selby,"December 20, 2013",https://www.politifact.com/factchecks/2013/dec/20/pete-sessions/obamacare-law-didnt-mandate-background-checks-navi/
Republican National Committee,"December 14, 2013","""The latest Quinnipiac poll found that nearly six-in-ten Americans oppose ObamaCare -- 30% support the law and 57% oppose it.""",half-true,Facebook post,National; Health Care; Polls and Public Opinion,Louis Jacobson,"December 19, 2013",https://www.politifact.com/factchecks/2013/dec/19/republican-national-committee-republican/rnc-posts-wrong-poll-figure-obama-support-quickly-/
Kathleen Sebelius,"December 15, 2013","""Texas has the highest rate of uninsured in the nation. ... And there are more uninsured children in Texas than in any other state.""",true,opinion column,Health Care; Texas,Sue Owen,"December 19, 2013",https://www.politifact.com/factchecks/2013/dec/19/kathleen-sebelius/texas-has-highest-uninsured-rate-and-most-uninsure/
Peter Orszag,"December 15, 2013","""Medicare costs have slowed down dramatically. In fact, the first two months of this fiscal year, Medicare costs were down even in nominal terms relative to the previous year.""",true,"interview on CNN's ""State of the Union""",Federal Budget; Health Care; Medicare; PunditFact,Louis Jacobson,"December 18, 2013",https://www.politifact.com/factchecks/2013/dec/18/peter-orszag/peter-orszag-says-medicare-spending-has-actually-f/
Charlie Crist,"December 13, 2013",Says Marco Rubio endorsed Obamacare for his own family.,mostly-false,op-ed,National; Health Care,Julie Kliegman,"December 18, 2013",https://www.politifact.com/factchecks/2013/dec/18/charlie-crist/marco-rubio-endorsed-obamacare-his-family-charlie-/
Chris Matthews,"December 16, 2013","""Every dollar spent in the new Obamacare system ... goes to private-sector insurance companies.""",half-true,"broadcast of ""Hardball""",Health Care; PunditFact,Jon Greenberg,"December 18, 2013",https://www.politifact.com/factchecks/2013/dec/18/chris-matthews/matthews-every-dollar-obamacare-goes-private-insur/
Pam Bondi,"October 24, 2013","Florida’s proposed medical marijuana amendment ""would make Florida one of the most lenient medical-marijuana states, allowing use for limitless ‘other conditions’ specified by any physician.""",mostly-true,initial brief to the Florida Supreme Court,Drugs; Health Care; States; Florida; Marijuana,Joshua Gillin,"December 17, 2013",https://www.politifact.com/factchecks/2013/dec/17/pam-bondi/pam-bondi-says-amendment-would-make-florida-one-mo/
Pam Bondi,"October 24, 2013","""Whether the Amendment passes or not, the medical use of marijuana is a federal criminal offense.""",true,initial brief to the Florida Supreme Court,Criminal Justice; Drugs; Health Care; States; Florida; Marijuana,Joshua Gillin,"December 17, 2013",https://www.politifact.com/factchecks/2013/dec/17/pam-bondi/pam-bondi-says-medical-marijuana-illegal-under-fed/
Ron Johnson,"December 5, 2013","Under President Obama’s health-care reforms, the premium for ""an average plan for a family didn't go down by $2,500 per year, it's gone up about $2,500 per year.""",half-true,interview,Corporations; Economy; Health Care; Public Health; Workers; Wisconsin,Tom Kertscher,"December 15, 2013",https://www.politifact.com/factchecks/2013/dec/15/ron-johnson/obamacare-health-insurance-premiums-havent-gone-do/
Generation Opportunity,"December 10, 2013","""Obamacare could force thousands of volunteer fire stations to cut service or close entirely!""",half-true,Facebook post,National; Corrections and Updates; Health Care; Public Safety,Steve Contorno,"December 13, 2013",https://www.politifact.com/factchecks/2013/dec/13/generation-opportunity/will-affordable-care-act-close-down-volunteer-fire/
Senate Conservatives Fund,"December 9, 2013","""John Cornyn has voted to increase the debt, raise taxes, bail out Wall Street banks and fund Obamacare.""",half-true,as quoted by Politico,Corrections and Updates; Debt; Financial Regulation; Health Care; Taxes; Texas,W. Gardner Selby,"December 12, 2013",https://www.politifact.com/factchecks/2013/dec/12/senate-conservatives-fund/cornyn-backed-wall-street-bailout-and-law-hiking-t/
Rush Limbaugh,"December 6, 2013","""Obamacare is going to increase the divorce rate.""",false,segment on his radio show,Health Care; Marriage; PunditFact,Katie Sanders,"December 11, 2013",https://www.politifact.com/factchecks/2013/dec/11/rush-limbaugh/rush-limbaugh-says-obamacare-will-cause-increase-d/
Doctors for a Healthy Georgia,"December 2, 2013","""Defensive medicine costs Georgia up to $14 billion a year.""",half-true,its website,Georgia; Health Care; Legal Issues,Eric Stirgus,"December 11, 2013",https://www.politifact.com/factchecks/2013/dec/11/doctors-healthy-georgia/estimates-vary-cost-defensive-medicine/
Paul Broun,"December 5, 2013","""(U.S. Rep. Jack Kingston) voted to fund (Obamacare).""",mostly-false,video,Georgia; Health Care,Eric Stirgus,"December 10, 2013",https://www.politifact.com/factchecks/2013/dec/10/paul-broun/broun-video-doesnt-tell-whole-story/
Heritage Foundation,"December 5, 2013","""FACT: Repealing Obamacare would be easier than repealing Prohibition.""",half-true,tweet,National; Health Care,Lilly Maier,"December 9, 2013",https://www.politifact.com/factchecks/2013/dec/09/heritage-foundation/heritage-foundation-tweet-says-repealing-obamacare/
Scott Walker,"November 27, 2013","Even after collective bargaining reforms, most Wisconsin public employees ""are still paying about 12 to 13 percent"" of their health insurance premiums, while most state residents who work in the private sector ""pay 20 to 25 percent.""",mostly-true,interview,Health Care; State Budget; Unions; Wisconsin,Tom Kertscher,"December 9, 2013",https://www.politifact.com/factchecks/2013/dec/09/scott-walker/most-public-employees-wisconsin-now-pay-12-13-thei/
Cover Oregon,"November 25, 2013","""For the cost of $5 vanilla soy latte a day, you can get a sweet health insurance plan to match.""",half-true,Internet ad campaign,Oregon; Health Care,Dana Tims,"December 6, 2013",https://www.politifact.com/factchecks/2013/dec/06/cover-oregon/can-health-insurance-plans-be-purchased-cost-5-van/
Ted Poe,"October 24, 2013","Obamacare medical device tax ""has led to the loss of thousands of jobs"" in U.S.",half-true,email to a constituent,Health Care; Jobs; Texas,Sue Owen,"December 6, 2013",https://www.politifact.com/factchecks/2013/dec/06/ted-poe/medical-device-makers-attribute-layoffs-partly-oba/
Ezekiel Emanuel,"December 1, 2013","It's a good sign for Obamacare that in California, ""the proportion of kids who are signing up is the proportion of kids in the population.""",half-true,"interview on NBC's ""Meet the Press""",Health Care; PunditFact,Katie Sanders,"December 5, 2013",https://www.politifact.com/factchecks/2013/dec/05/ezekiel-emanuel/ezekiel-emanuel-says-california-kids-are-signing-h/
James Capretta,"December 1, 2013","Obamacare is a ""massive, massive income redistribution"" with ""$250 billion a year in Medicaid expansion (and) in the subsidy structure that's basically being paid for by people on Medicare, through Medicare cuts, and a lot of tax increases.""",half-true,"broadcast of ""Fox News Sunday""",Health Care; Taxes; PunditFact,Jon Greenberg,"December 5, 2013",https://www.politifact.com/factchecks/2013/dec/05/james-capretta/capretta-says-obamacare-massive-income-redistribut/
Jeb Bush,"November 27, 2013","""Why would our president close the embassy to the Vatican? Hopefully, it is not retribution for Catholic organizations opposing Obamacare.""",pants-fire,tweet,Health Care; Foreign Policy; Religion; Florida,Amy Sherman,"December 4, 2013",https://www.politifact.com/factchecks/2013/dec/04/jeb-bush/jeb-bush-says-obama-closing-embassy-vatican/
Timothy Dolan,"December 1, 2013","""We, the bishops of the United States -- can you believe it -- in 1919 came out for more affordable, more comprehensive, more universal health care.""",true,"interview on NBC's ""Meet the Press""",National; Health Care; Religion; Sexuality,Julie Kliegman,"December 4, 2013",https://www.politifact.com/factchecks/2013/dec/04/timothy-dolan/us-bishops-have-supported-universal-health-care-19/
Allen West,"December 2, 2013","""Back door gun control is in full effect in the United States"" due to ""Obama’s Environmental Protection Agency.""",pants-fire,blog on his website,Environment; Health Care; Public Health; Florida; Guns,Amy Sherman,"December 3, 2013",https://www.politifact.com/factchecks/2013/dec/03/allen-west/allen-west-blames-obamas-epa-closing-smelter-evide/
Doonesbury,"December 1, 2013","""The economy bled $24 billion"" due to the government shutdown.",mostly-true,Doonesbury strip,Economy; Federal Budget; Health Care; PunditFact,Jon Greenberg,"December 3, 2013",https://www.politifact.com/factchecks/2013/dec/03/doonesbury/doonesbury-says-government-shutdown-took-24-billio/
Lynn Westmoreland,"November 14, 2013","""Only 536 Georgians are signed up for Obamacare while 400,000 in the state lost their health insurance.""",half-true,tweet,Georgia; Health Care,Eric Stirgus,"November 27, 2013",https://www.politifact.com/factchecks/2013/nov/27/lynn-westmoreland/congressman-seeks-clean-bill-health-obamacare-cove/
Ron Johnson,"November 17, 2013","""Republicans have proposed dozens of (health care) solutions designed to help control costs and improve quality.""",half-true,weekly Republican address,National; Health Care,Steve Contorno,"November 26, 2013",https://www.politifact.com/factchecks/2013/nov/26/ron-johnson/johnson-said-republicans-have-proposed-dozens-solu/
Donna Brazile,"November 19, 2013","Republican ideas on health care don’t give people ""an option to even enroll in something that they can afford.""",mostly-true,broadcast of CNN's Situation Room,Health Care; PunditFact,Jon Greenberg,"November 26, 2013",https://www.politifact.com/factchecks/2013/nov/26/donna-brazile/brazile-says-gop-lacks-plan-help-working-poor-get-/
Grady Judd,"November 19, 2013","Florida’s proposed amendment for medical marijuana would allow ""people who alleged minor ailments such as muscle spasms, neck pain, back pain and even menstrual cramps (to qualify) for government-sanctioned pot-smoking.""",mostly-true,"""Sun-Sentinel"" editorial",Drugs; Health Care; Florida; Marijuana,Julie Kliegman,"November 25, 2013",https://www.politifact.com/factchecks/2013/nov/25/grady-judd/medical-marijuana-easy-get-under-proposed-florida-/
Ken Cuccinelli,"November 18, 2013","Mark Warner cast ""the tiebreaking vote"" to pass Obamacare.",mostly-false,interview.,Health Care; Voting Record; Virginia,Sean Gorman,"November 25, 2013",https://www.politifact.com/factchecks/2013/nov/25/ken-cuccinelli/cuccinelli-says-warner-cast-tiebreaking-vote-obama/
Sarah Palin,"November 24, 2013","The Affordable Care Act alters the ""sensible doctor-patient-relationship-centered health care program ... we see today.""",false,"comments on Fox's ""Fox News Sunday""",Health Care; PunditFact,Steve Contorno,"November 24, 2013",https://www.politifact.com/factchecks/2013/nov/24/sarah-palin/sarah-palin-says-fewer-people-will-be-covered-sens/
Mike Huckabee,"November 18, 2013","""You've got more people wanting to go moose hunting in New Hampshire than want Obamacare.""",half-true,comments on “The Mike Huckabee Show”,New Hampshire; Health Care,Jim Haddadin,"November 22, 2013",https://www.politifact.com/factchecks/2013/nov/22/mike-huckabee/mike-huckabee-says-more-people-want-hunt-moose-new/
David Axelrod,"November 21, 2013","""8.5 million Americans have gotten rebate checks because their insurance companies were spending too much money on executive bonuses and administrative costs and not enough on health care.""",mostly-true,"interview on MSNBC's ""Morning Joe""",Health Care; PunditFact,Katie Sanders,"November 21, 2013",https://www.politifact.com/factchecks/2013/nov/21/david-axelrod/david-axelrod-says-85-million-americans-received-r/
Debbie Wasserman Schultz,"November 13, 2013","""500,000 people have signed up for #Obamacare.""",half-true,a post on Twitter,National; Health Care; Medicaid,Steve Contorno,"November 20, 2013",https://www.politifact.com/factchecks/2013/nov/20/debbie-wasserman-schultz/wasserman-schultz-tweets-half-million-people-signe/
Tom Cotton,"November 13, 2013","Says Mark Pryor ""cut Medicare to pay for Obamacare.""",half-true,campaign ad,National; Health Care; Medicare,Julie Kliegman,"November 19, 2013",https://www.politifact.com/factchecks/2013/nov/19/tom-cotton/sen-mark-pryor-cut-medicare-pay-obamacare-says-rep/
Herman Cain,"November 15, 2013","Says Thomas Jefferson said, ""You might be able to fool the people for awhile, and they may go astray, but sooner or later the American people are going to wake up and they will correct the course.""",half-true,video on Cain TV,Health Care; History; PunditFact,Jon Greenberg,"November 19, 2013",https://www.politifact.com/factchecks/2013/nov/19/herman-cain/herman-cain-changes-jefferson-quotation/
Jim Rubens,"November 4, 2013","""In Jeanne Shaheen, New Hampshire has a Senator who was the deciding vote to pass Obamacare.""",mostly-false,email,New Hampshire; Health Care; Voting Record,Jim Haddadin,"November 19, 2013",https://www.politifact.com/factchecks/2013/nov/19/jim-rubens/jim-rubens-claims-us-senator-jeanne-shaheen-d-nh-w/
Facebook posts,"November 3, 2013","Medicare Part D ""was far more expensive than the Affordable Care Act and unlike"" the act, ""was never budgeted.""",mostly-true,image shared on Facebook,Congress; Federal Budget; Health Care; Texas,Sue Owen,"November 18, 2013",https://www.politifact.com/factchecks/2013/nov/18/facebook-posts/obamacare-law-was-funded-and-expected-save-billion/
Nancy Pelosi,"November 17, 2013",Says the number of Democrats who voted for the GOP measure allowing health plan renewals is close to the number who voted on GOP bills to delay mandates on employers and individuals.,half-true,"interview on NBC's ""Meet the Press""",National; Congress; Health Care,Katie Sanders,"November 17, 2013",https://www.politifact.com/factchecks/2013/nov/17/nancy-pelosi/nancy-pelosi-says-39-democrats-who-joined-gop-bill/
Nancy Pelosi,"November 17, 2013","""The (health care) law does not demand that all of these cancellations go out.""",mostly-false,"interview on NBC's ""Meet the Press""",National; Health Care,Jon Greenberg,"November 17, 2013",https://www.politifact.com/factchecks/2013/nov/17/nancy-pelosi/pelosi-health-care-law-doesnt-require-insurance-co/
Ellen Qualls,"November 12, 2013","Obamacare ""was the Republican plan in the early '90s.""",half-true,comments on Fox News Channel,Health Care; PunditFact,Jon Greenberg,"November 15, 2013",https://www.politifact.com/factchecks/2013/nov/15/ellen-qualls/aca-gop-health-care-plan-1993/
Chris Christie,"November 10, 2013","""Given how expansive our program already was,"" expanding Medicaid in New Jersey due to Obamacare ""was a relatively small expansion.""",mostly-true,"interview on ABC's ""This Week""",National; Corrections and Updates; Health Care; Medicaid; State Budget,Julie Kliegman,"November 14, 2013",https://www.politifact.com/factchecks/2013/nov/14/chris-christie/new-jersey-medicaid-expansion-was-small-given-alre/
Jeff Merkley,"November 4, 2013",Says the Affordable Care Act has already reduced the number of uninsured in Oregon by 10 percent.,true,newspaper article.,Oregon; Health Care; Public Health,Ian K. Kullgren,"November 13, 2013",https://www.politifact.com/factchecks/2013/nov/13/jeff-merkley/has-new-health-care-law-helped-oregon-reduce-numbe/
Sean Hannity,"November 11, 2013","""In July 2010 the government said small businesses -- 60 percent -- will lose their health care, 45 percent of big business and a large percentage of individual health.""",false,comments on Fox News Channel,Health Care; PunditFact,Jon Greenberg,"November 13, 2013",https://www.politifact.com/factchecks/2013/nov/13/sean-hannity/hannity-says-government-predicted-massive-loss-hea/
Steve Israel,"November 6, 2013","""Things went wrong with the Medicare prescription D plan that George Bush rolled out.""",true,interview on MSNBC,National; Health Care; Medicare; Retirement; Technology,Steve Contorno,"November 13, 2013",https://www.politifact.com/factchecks/2013/nov/13/steve-israel/medicare-part-d-and-obamacare-health-care-gov/
Jay Leno,"November 8, 2013","""Social Security took seven years before anybody got the first check.""",mostly-false,"broadcast of the ""Tonight Show""",Corrections and Updates; Health Care; Social Security; PunditFact,Jon Greenberg,"November 12, 2013",https://www.politifact.com/factchecks/2013/nov/12/jay-leno/leno-says-social-security-took-7-years-issue-its-f/
Scott Brown,"November 11, 2013","""They delayed my swearing-in here in Massachusetts for a couple weeks so they could ram (the health care law) through.""",false,Fox News interview,Health Care; PunditFact,Katie Sanders,"November 12, 2013",https://www.politifact.com/factchecks/2013/nov/12/scott-brown/scott-brown-says-opponents-delayed-his-swearing-pa/
Barack Obama,"November 6, 2013","""A million people … could get health insurance right away"" if Texas expanded Medicaid under Obamacare.",true,remarks at a Dallas synagogue,Health Care; Medicaid; Texas,Sue Owen,"November 8, 2013",https://www.politifact.com/factchecks/2013/nov/08/barack-obama/more-million-texans-would-become-medicaid-eligible/
Steve Leslie,"October 29, 2013","The University of Texas is starting ""the first medical school at a major Tier One"" university ""in the last 50 years.""",mostly-true,remarks at an Austin town hall about the Dell Medical School,Education; Health Care; Public Health; Texas,W. Gardner Selby,"November 8, 2013",https://www.politifact.com/factchecks/2013/nov/08/steve-leslie/one-measure-ut-opening-first-medical-school-top-ti/
Americans for Prosperity,"October 29, 2013","Says Kay Hagan ""supports waivers for friends of Obama and special treatment for Congress and their staffs.""",false,YouTube ad,National; Health Care,Julie Kliegman,"November 7, 2013",https://www.politifact.com/factchecks/2013/nov/07/americans-prosperity/americans-prosperity-says-sen-kay-hagan-supports-o/
Americans for Prosperity,"October 29, 2013","Says ""new mandates are already reducing full-time employment.""",mostly-false,television ad,National; Economy; Health Care; Jobs,Steve Contorno,"November 6, 2013",https://www.politifact.com/factchecks/2013/nov/06/americans-prosperity/conservative-group-says-mary-landrieu-backs-obamac/
Glenn Beck,"November 4, 2013","Says Barack Obama ""knew half of the population of the United States would lose their health insurance.""",pants-fire,broadcast of the Glenn Beck Show,Health Care; PunditFact,Jon Greenberg,"November 6, 2013",https://www.politifact.com/factchecks/2013/nov/06/glenn-beck/beck-says-obama-knew-50-americans-would-lose-healt/
Barack Obama,"November 4, 2013","""What we said was, you can keep (your plan) if it hasn’t changed since the law passed.""",pants-fire,speech to Organizing for Action,National; Health Care,Louis Jacobson,"November 6, 2013",https://www.politifact.com/factchecks/2013/nov/06/barack-obama/barack-obama-says-what-hed-said-was-you-could-keep/
Branko Radulovacki,"October 14, 2013","I am the only U.S. Senate candidate who spoke out against bombing Syria, and who challenged Georgia’s governor and insurance commissioner over obstruction to the Affordable Care Act.",false,email,Georgia; Health Care; Foreign Policy,Janel Davis,"November 5, 2013",https://www.politifact.com/factchecks/2013/nov/05/branko-radulovacki/senate-candidates-use-only-hits-snag/
Rush Limbaugh,"October 30, 2013","""If your plan is the result of collective bargaining, no subsequent changes by anybody -- insurance companies, Obamacare -- can force your grandfathered policy to change.""",mostly-false,comments on his radio show,Health Care; Unions; PunditFact,Katie Sanders,"November 4, 2013",https://www.politifact.com/factchecks/2013/nov/04/rush-limbaugh/rush-limbaughs-errant-attack-unions-grandfathered-/
Barack Obama,"October 30, 2013","Due to Obamacare, Arkansas ""has covered almost 14 percent of its uninsured already.""",mostly-true,speech,National; Health Care; States,Louis Jacobson,"November 4, 2013",https://www.politifact.com/factchecks/2013/nov/04/barack-obama/barack-obama-says-arkansas-has-covered-almost-14-p/
Dana Perino,"October 31, 2013","""The insurance industry is actually run by mostly Democrats.""",false,"comments on Fox News Channel's ""The Five.""",Health Care; PunditFact,Aaron Sharockman,"November 4, 2013",https://www.politifact.com/factchecks/2013/nov/04/dana-perino/fncs-dana-perino-says-health-insurance-industry-ru/
Van Jones,"November 3, 2013","""Only 14 percent of Americans were able to keep these individual market plans for two years"" before Obamacare became law.",half-true,"panel on ABC's ""This Week""",Health Care; PunditFact,Katie Sanders,"November 3, 2013",https://www.politifact.com/factchecks/2013/nov/03/van-jones/amid-swarm-canceled-policies-van-jones-says-indivi/
Scott Brown,"November 3, 2013",The federal health care law raises taxes and cuts Medicare.,mostly-true,"comments on ""Fox News Sunday""",Health Care; Medicare; Taxes; PunditFact,Steve Contorno,"November 3, 2013",https://www.politifact.com/factchecks/2013/nov/03/scott-brown/health-care-law-raises-taxes-and-cuts-medicare-say/
Ezekiel Emanuel,"November 3, 2013","""The insurance companies are making that choice (to cancel or change policies), not the president.""",mostly-false,"""Fox News Sunday"" interview",Corrections and Updates; Health Care; PunditFact,Julie Kliegman,"November 3, 2013",https://www.politifact.com/factchecks/2013/nov/03/ezekiel-emanuel/ezekiel-emanuel-says-insurance-companies-canceling/
Jan Crawford,"November 3, 2013","""On day one, six people were able to sign up"" for health insurance through the federal marketplace.",mostly-true,"comments on CBS' ""Face the Nation""",Health Care; PunditFact,Jon Greenberg,"November 3, 2013",https://www.politifact.com/factchecks/2013/nov/03/jan-crawford/cbss-crawford-says-6-people-signed-obamacares-firs/
Mitt Romney,"November 3, 2013","""Health insurance is more expensive in Massachusetts than anywhere else in the country.""",mostly-true,"comments on NBC's ""Meet the Press""",National; Health Care; States,Louis Jacobson,"November 3, 2013",https://www.politifact.com/factchecks/2013/nov/03/mitt-romney/mitt-romney-says-health-insurance-more-expensive-m/
Rachel Maddow,"October 28, 2013","""Rand Paul’s speech ... on 'Gattaca' was totally ripped off of Wikipedia.""",true,comments on her TV show,Candidate Biography; Health Care; Pundits; PunditFact,Steve Contorno,"November 1, 2013",https://www.politifact.com/factchecks/2013/nov/01/rachel-maddow/rachel-maddow-says-rand-pauls-gattaca-speech-was-t/
Suzanne Somers,"November 28, 2013","""Even after Obamacare is fully implemented, there still will be tens of millions of people not covered.""",true,column,Health Care; PunditFact,Louis Jacobson,"November 1, 2013",https://www.politifact.com/factchecks/2013/nov/01/suzanne-somers/suzanne-somers-says-even-obamacare-tens-millions-w/
Kathleen Sebelius,"October 30, 2013","""If I have affordable coverage in my workplace, I'm not eligible to go into the marketplace. ... It’s illegal.""",pants-fire,testimony before Congress,National; Health Care,Steve Contorno,"October 30, 2013",https://www.politifact.com/factchecks/2013/oct/30/kathleen-sebelius/sebelius-says-she-not-eligible-exchange-because-i-/
Valerie Jarrett,"October 28, 2013","""FACT: Nothing in #Obamacare forces people out of their health plans.""",false,tweet,National; Health Care,Louis Jacobson,"October 30, 2013",https://www.politifact.com/factchecks/2013/oct/30/valerie-jarrett/valerie-jarrett-says-nothing-obamacare-forces-peop/
David Axelrod,"October 28, 2013","""The vast majority of people in this country are keeping their (health insurance) plan.""",mostly-true,"comments on MSNBC's ""Morning Joe""",National; Health Care; Pundits,Jon Greenberg,"October 29, 2013",https://www.politifact.com/factchecks/2013/oct/29/david-axelrod/david-axelrod-says-vast-majority-americans-will-ke/
Joe Barton,"October 24, 2013","""Hidden"" in the healthcare.gov code is language that means users ""waive any reasonable right to privacy of your personal information.""",false,Fox News interview,National; Health Care; Technology; Privacy Issues,Julie Kliegman,"October 29, 2013",https://www.politifact.com/factchecks/2013/oct/29/joe-barton/healthcaregov-users-waive-any-reasonable-right-pri/
John  Fleming,"October 27, 2013","In Massachusetts, ""half of the primary care doctors are not accepting new patients.""",true,"discussion on CNN's ""State of the Union""",National; Health Care,Louis Jacobson,"October 29, 2013",https://www.politifact.com/factchecks/2013/oct/29/john-fleming/gop-rep-john-fleming-says-massachusetts-half-prima/
Barack Obama,"October 21, 2013","Nearly 6 in 10 uninsured Americans ""can get health insurance for what may be the equivalent of your cell phone bill.""",mostly-true,public address,National; Health Care,Julie Kliegman,"October 28, 2013",https://www.politifact.com/factchecks/2013/oct/28/barack-obama/obama-says-some-can-buy-health-insurance-cost-mont/
Nick Gillespie,"October 22, 2013","Emergency rooms account for ""2 percent of all health care spending.""",mostly-true,"discussion on CNN's ""Crossfire""",National; Health Care; Pundits,Louis Jacobson,"October 28, 2013",https://www.politifact.com/factchecks/2013/oct/28/nick-gillespie/does-emergency-care-account-just-2-percent-all-hea/
Marco Rubio,"October 22, 2013","In Florida, ""300,000 people are going to lose their individual coverage because of Obamacare. Now those people next year, they don’t have health insurance.""",mostly-false,"interview on ""The O'Reilly Factor.""",Health Care; Florida,Amy Sherman,"October 25, 2013",https://www.politifact.com/factchecks/2013/oct/25/marco-rubio/marco-rubio-said-florida-300000-people-are-going-l/
Lawrence O'Donnell,"October 21, 2013","""The IRS has been specifically forbidden ...  from ever actually pursuing either civil or criminal remedies"" for people who don’t purchase health insurance.",mostly-true,"'The Last Word with Lawrence O'Donnell""",National; Health Care; Pundits,Katie Sanders,"October 25, 2013",https://www.politifact.com/factchecks/2013/oct/25/lawrence-odonnell/lawrence-odonnell-says-irs-cannot-pursue-either-ci/
Facebook posts,"October 21, 2013","Congress, criminals, Scientologists and other groups are exempt from Obamacare.",mostly-false,Facebook posts,National; Health Care; Religion,Julie Kliegman,"October 24, 2013",https://www.politifact.com/factchecks/2013/oct/24/facebook-posts/congress-criminals-scientologists-and-other-groups/
Tommy Thompson,"September 25, 2013","""Wisconsin is not as obese as the national average is. The national average, 35.7 percent of the population is obese. In Wisconsin, it's closer to 26 percent.""",mostly-false,interview,Corrections and Updates; Health Care; Public Health; States; Wisconsin,Tom Kertscher,"October 24, 2013",https://www.politifact.com/factchecks/2013/oct/24/tommy-thompson/former-governor-says-wisconsin-not-obese-national-/
Sean Hannity,"October 21, 2013","""In 45 out of 50 states, on average men are seeing their premiums double, going up 99 percent. Women up 62 percent.""",mostly-false,broadcast of the Sean Hannity Show on WBAP AM,National; Health Care; Pundits,Jon Greenberg,"October 24, 2013",https://www.politifact.com/factchecks/2013/oct/24/sean-hannity/sean-hannity-says-average-man-will-see-his-premium/
Marco Rubio,"October 20, 2013","""I never was in favor of shutting down the government. … (I) voted to fund the government fully.""",mostly-false,"interview on ""Fox News Sunday""",National; Federal Budget; Health Care,Louis Jacobson,"October 23, 2013",https://www.politifact.com/factchecks/2013/oct/23/marco-rubio/marco-rubio-says-he-never-favored-government-shutd/
Barth Bracy,"October 2, 2013","Gov. Lincoln Chafee has imposed ""a mandatory abortion fee"" on all Rhode Islanders who buy health insurance through the state’s Obamacare exchange.",half-true,news release,Abortion; Rhode Island; Health Care; Government Regulation; Public Health; Religion,C. Eugene Emery Jr.,"October 23, 2013",https://www.politifact.com/factchecks/2013/oct/23/barth-bracy/anti-abortion-activist-barth-bracy-says-people-who/
Sam Stein,"October 21, 2013","""No one beta-tested"" healthcare.gov.",mostly-true,interview on MSNBC's 'Morning Joe',National; Health Care; Pundits; Technology,Katie Sanders,"October 22, 2013",https://www.politifact.com/factchecks/2013/oct/22/sam-stein/huffington-posts-sam-stein-says-no-one-beta-tested/
Maria Bartiromo,"October 20, 2013","""As a result of Obamacare, we are becoming something of a part-time employment country.""",false,"appearance on NBC's ""Meet the Press""",National; Health Care; Jobs; Pundits,Jon Greenberg,"October 22, 2013",https://www.politifact.com/factchecks/2013/oct/22/maria-bartiromo/bartiromo-says-obamacare-turning-us-part-time-empl/
Paul Broun,"September 29, 2013","According to a federal report, Obamacare will increase the long-term federal deficit by $6.2 trillion.",mostly-false,newspaper op-ed,Georgia; Deficit; Federal Budget; Health Care,Janel Davis,"October 22, 2013",https://www.politifact.com/factchecks/2013/oct/22/paul-broun/broun-uses-only-negative-scenario-gao-report/
Larry Elder,"October 11, 2013","Says ""74 percent of small-business people believe that Obamacare is a bad idea.""",false,interview,Georgia; Health Care,Eric Stirgus,"October 21, 2013",https://www.politifact.com/factchecks/2013/oct/21/larry-elder/claim-doesnt-pass-examination/
Sean Duffy,"October 8, 2013","All members of Congress are required to be in Obamacare, but Obama and members of his administration ""have their own gold-plated health care plans that they're in.""",half-true,interview,Congress; Health Care; Government Regulation; Wisconsin,Tom Kertscher,"October 21, 2013",https://www.politifact.com/factchecks/2013/oct/21/sean-duffy/obamacare-congress-must-buy-insurance-marketplaces/
Evan Feinberg,"October 1, 2013","""Local law enforcement . . . will have access to the [Obamacare] Data Hub’s treasure trove of personal info.""",false,Providence Journal commentary,Rhode Island; Criminal Justice; Health Care; Legal Issues; Privacy Issues,C. Eugene Emery Jr.,"October 20, 2013",https://www.politifact.com/factchecks/2013/oct/20/evan-feinberg/activist-says-local-police-will-have-access-obamac/
Mick Mulvaney,"October 16, 2013","The ""president has given 1,100 special waivers to his friends"" for Obamacare.",mostly-false,interview with CBS News,National; Health Care,Jon Greenberg,"October 18, 2013",https://www.politifact.com/factchecks/2013/oct/18/mick-mulvaney/rep-mulvaney-says-obama-gave-1100-special-waivers-/
Ken Cuccinelli,"September 19, 2013","Since Obamacare became law, ""most of our new jobs have been part-time jobs.""",false,speech.,Health Care; Jobs; Workers; Virginia,Sean Gorman,"October 18, 2013",https://www.politifact.com/factchecks/2013/oct/18/ken-cuccinelli/cuccinelli-says-most-new-jobs-have-been-part-time-/
People for the Ethical Treatment of Animals,"October 8, 2013","""Live cats have holes drilled into their skulls,"" posts put into their heads and coils put into their eyes, and some have had their ears cut off or are intentionally deafened or starved at UW-Madison labs that do research to improve hearing in humans.",half-true,robo-call and video,Animals; Education; Health Care; Public Health; Science; Wisconsin,Tom Kertscher,"October 18, 2013",https://www.politifact.com/factchecks/2013/oct/18/people-ethical-treatment-animals/cats-have-holes-drilled-their-heads-undergo-other-/
Hank Johnson,"October 18, 2013","Says ""by reducing chronic health care costs in the State of Georgia, we can reduce the $32.8 billion lost each year due to lack of productivity and economic costs.""",mostly-true,letter,Georgia; Economy; Health Care,Eric Stirgus,"October 18, 2013",https://www.politifact.com/factchecks/2013/oct/18/hank-johnson/johnson-target-about-health-productivity-cost-link/
Ted Cruz,"October 16, 2013","""Virtually every person across this country has seen premiums going up and up and up"" due to Obamacare.",false,conversation with reporters,National; Health Care,Jon Greenberg,"October 17, 2013",https://www.politifact.com/factchecks/2013/oct/17/ted-cruz/sen-ted-cruz-says-premiums-have-gone-virtually-eve/
Gilberto Hinojosa,"September 25, 2013","40,000 veterans in Texas won’t get health care because Perry rejected Obamacare's Medicaid expansion.",mostly-true,interview on YNN’s “Capital Tonight”,Health Care; Veterans; Texas,Sue Owen,"October 17, 2013",https://www.politifact.com/factchecks/2013/oct/17/gilberto-hinojosa/more-veterans-income-qualify-Medicaid-Texas/
Sheldon Whitehouse,"October 10, 2013","""Thirteen hundred"" applicants in Rhode Island signed up for insurance through Obamacare.",mostly-true,"appearance on CNN's ""Crossfire.""",Rhode Island; Health Care; Public Health; States,C. Eugene Emery Jr.,"October 17, 2013",https://www.politifact.com/factchecks/2013/oct/17/sheldon-whitehouse/sheldon-whitehouse-ted-cruz-spar-over-how-many-rho/
Ann Coulter,"October 9, 2013","""No doctors who went to an American medical school will be accepting Obamacare.""",pants-fire,column,National; Health Care; Pundits,Louis Jacobson,"October 16, 2013",https://www.politifact.com/factchecks/2013/oct/16/ann-coulter/ann-coulter-says-no-doctors-who-went-american-medi/
Ted Cruz,"September 24, 2013","""Neville Chamberlain told the British people: ‘Accept the Nazis. Yes, they will dominate the continent of Europe, but that is not our problem. Let's appease them. Why? Because it can't be done. We cannot possibly stand against them.’""",mostly-false,speech advocating repeal of Obamacare law,Health Care; History; Texas,W. Gardner Selby,"October 16, 2013",https://www.politifact.com/factchecks/2013/oct/16/ted-cruz/ted-cruz-airs-popular-and-flawed-impression-britis/
National Republican Congressional Committee,"October 9, 2013","Ann Kuster turned ""a blind eye to those in need of funding"" by voting ""against funding for our nation’s veterans, low-income women and children, the FDA and the National Institutes of Health.""",mostly-false,advertisement,New Hampshire; Children; Federal Budget; Health Care; Public Health; Science; Veterans; Women,Kaitlin Mulhere,"October 16, 2013",https://www.politifact.com/factchecks/2013/oct/16/national-republican-congressional-committee/nrcc-says-rep-ann-kuster-turned-blind-eye-those-ne/
Tom Cotton,"October 7, 2013","Says Sen. Mark Pryor voted for ""special subsidies"" for lawmakers and staff in Congress ""so they’re protected from Obamacare.""",false,campaign ad,National; Congress; Health Care,Jon Greenberg,"October 9, 2013",https://www.politifact.com/factchecks/2013/oct/09/tom-cotton/cotton-says-pryor-voted-give-congress-special-subs/
Tom Cotton,"October 3, 2013","The health care marketplaces have ""no privacy protections.""",false,MSNBC interview,National; Health Care; Technology,Julie Kliegman,"October 9, 2013",https://www.politifact.com/factchecks/2013/oct/09/tom-cotton/aca-marketplaces-have-no-privacy-protections-cotto/
Ted Cruz,"September 24, 2013","""Every month, we get the reports from the Bureau of Labor Statistics that say even more people have given up looking for work.""",mostly-false,Senate floor speech on the Obamacare law,Economy; Health Care; Jobs; Texas,W. Gardner Selby,"October 8, 2013",https://www.politifact.com/factchecks/2013/oct/08/ted-cruz/cruz-claim-about-more-americans-giving-job-searche/
Gwen Moore,"September 29, 2013","Domestic violence ""is seen as a pre-existing"" health condition and ""women had to pay 50 percent more for health care because of gender ratings,"" but under Obamacare, ""all of that is over.""",half-true,interview,Health Care; Crime; Government Regulation; Women; Wisconsin,Tom Kertscher,"October 6, 2013",https://www.politifact.com/factchecks/2013/oct/06/gwen-moore/obamacare-stop-domestic-violence-pre-existing-cond/
Facebook posts,"October 1, 2013","Says a man opted out of Obamacare after the marketplace launched on Oct. 1, 2013, and was informed he owed a $4,000 fine.",pants-fire,viral posts on the Internet,National; Health Care,Lilly Maier,"October 4, 2013",https://www.politifact.com/factchecks/2013/oct/04/facebook-posts/closer-look-facebook-post-mans-struggle-obamacare-/
Jim Moran,"September 12, 2013","The growth in health care costs ""has been reined in through the Affordable Care Act.""",mostly-false,statement.,Health Care; Virginia,Sean Gorman,"October 4, 2013",https://www.politifact.com/factchecks/2013/oct/04/jim-moran/moran-says-obamacare-has-reined-growth-health-care/
Barack Obama,"October 1, 2013","""At the time that (Medicare Part D) was passed (it) was actually less popular than the Affordable Care Act, according to the polls.""",mostly-true,NPR interview,National; Health Care; Medicare; Polls and Public Opinion,Julie Kliegman,"October 4, 2013",https://www.politifact.com/factchecks/2013/oct/04/barack-obama/obama-says-medicare-part-d-was-less-popular-obamac/
Jeb Hensarling,"October 1, 2013","In a ""sweetheart deal … members of Congress, thanks to the Obama administration, are going to be the only people in America to get subsidies in the Obamacare exchanges.""",pants-fire,House floor speech,National; Health Care,Louis Jacobson,"October 1, 2013",https://www.politifact.com/factchecks/2013/oct/01/jeb-hensarling/gop-rep-jeb-hensarling-assails-sweetheart-deal-law/
Barack Obama,"September 26, 2013","""In states where the federal government helps run these (health care) marketplaces, the average American will have more than 50 different plans to choose from, with different levels of coverage.""",half-true,"speech at Largo, Md.",National; Corrections and Updates; Health Care,Jon Greenberg,"October 1, 2013",https://www.politifact.com/factchecks/2013/oct/01/barack-obama/obama-says-new-health-law-offers-more-than-50-choi/
Ted Cruz,"September 20, 2013","""A strong bipartisan majority"" in the House of Representatives ""voted to defund Obamacare.""",false,news release,National; Federal Budget; Health Care,Louis Jacobson,"September 30, 2013",https://www.politifact.com/factchecks/2013/sep/30/ted-cruz/ted-cruz-says-strong-bipartisan-majority-house-rep/
Barack Obama,"September 27, 2013","""The United States Senate — Democrats and Republicans — (voted) to keep our government open.""",mostly-false,remarks at the White House,National; Federal Budget; Health Care,Louis Jacobson,"September 30, 2013",https://www.politifact.com/factchecks/2013/sep/30/barack-obama/barack-obama-says-democrats-and-republicans-senate/
Bill Nelson,"September 19, 2013","""Many state and federal agencies have such ‘navigators’ involved in helping folks maneuver through the often complex processes associated with filing benefits claims, for example -- even buying health insurance.""",true,"""Tampa Bay Times"" op-ed",Health Care; Florida,Amy Sherman,"September 30, 2013",https://www.politifact.com/factchecks/2013/sep/30/bill-nelson/bill-nelson-says-florida-already-has-similar-navig/
Saxby Chambliss,"September 25, 2013","With Obamacare, ""we're fixing to get hit with the biggest entitlement program the American taxpayers have ever seen.""",mostly-false,"discussion on CNN's ""Crossfire""",National; Federal Budget; Health Care,Louis Jacobson,"September 27, 2013",https://www.politifact.com/factchecks/2013/sep/27/saxby-chambliss/saxby-chambliss-says-obamacare-biggest-entitlement/
Barack Obama,"September 26, 2013","""Up to half of all Americans have a pre-existing condition.""",mostly-true,speech about the Affordable Care Act,National; Health Care,Jon Greenberg,"September 27, 2013",https://www.politifact.com/factchecks/2013/sep/27/barack-obama/obama-says-half-americans-have-preexisting-conditi/
Tom Graves,"September 22, 2013",Warren Buffett says stop Obamacare now and start over.,pants-fire,ABC News interview,Georgia; Health Care,Janel Davis,"September 27, 2013",https://www.politifact.com/factchecks/2013/sep/27/tom-graves/rep-graves-wrong-about-buffetts-health-law-stance/
Ted Cruz,"September 24, 2013","UPS left 15,000 employees’ spouses ""without health insurance"" and told them to, ""go on an exchange with no employer subsidy.""",false,Senate floor speech,National; Families; Health Care,Louis Jacobson,"September 26, 2013",https://www.politifact.com/factchecks/2013/sep/26/ted-cruz/ted-cruz-says-policy-change-ups-left-employees-spo/
Newt Gingrich,"September 24, 2013 in","""(Obamacare) is a bill which has never once had a majority of Americans favor it.""",mostly-true,"on CNN's ""Crossfire""",National; Health Care; Polls and Public Opinion; Pundits,Julie Kliegman,"September 26, 2013",https://www.politifact.com/factchecks/2013/sep/26/newt-gingrich/obamacare-has-never-been-favored-majority-american/
Carol Shea-Porter,"September 20, 2013","""According to the Congressional Budget Office, repealing Obamacare would increase the budget deficit.""",mostly-true,press release,New Hampshire; Deficit; Federal Budget; Health Care,Jim Haddadin,"September 25, 2013",https://www.politifact.com/factchecks/2013/sep/25/carol-shea-porter/carol-shea-porter-says-repealing-obamacare-would-i/
Tom Graves,"September 22, 2013","Says President Barack Obama ""has amended, delayed, or repealed 19 components of his very own (health care) law.""",half-true,"interview on ABC's ""This Week""",National; Health Care,Jon Greenberg,"September 25, 2013",https://www.politifact.com/factchecks/2013/sep/25/tom-graves/rep-graves-says-obama-has-changed-aca-19-times/
Karen Handel,"September 6, 2013","""Unlike you and me, Congress gets to keep up to $11,000 a year in taxpayer subsidies"" under Obamacare.",half-true,radio ad,Georgia; Health Care,Eric Stirgus,"September 25, 2013",https://www.politifact.com/factchecks/2013/sep/25/karen-handel/does-obamacare-claim-get-clean-bill-health/
Kelly Ayotte,"September 18, 2013","Mental health provisions related to mass shootings ""got over 90 votes in the Senate.""",true,"interview with CNN's ""The Lead with Jake Tapper""",New Hampshire; Health Care; Guns,Steve Gilbert,"September 24, 2013",https://www.politifact.com/factchecks/2013/sep/24/kelly-ayotte/kelly-ayotte-says-mental-health-amendment-gun-bill/
Marco Rubio,"September 20, 2013","""The American people support defunding Obamacare and oppose shutting down the government.""",mostly-false,press release,Health Care; Florida,Amy Sherman,"September 23, 2013",https://www.politifact.com/factchecks/2013/sep/23/marco-rubio/marco-rubio-favors-defunding-obamacare-opposes-gov/
Betsy McCaughey,"September 15, 2013","""Obamacare will question your sex life.""",pants-fire,New York Post,National; Health Care; Privacy Issues,Becky Bowers,"September 19, 2013",https://www.politifact.com/factchecks/2013/sep/19/betsy-mccaughey/betsy-mccaughey-says-obamacare-will-question-your-/
Chris Van Hollen,"September 15, 2013","The employer mandate ""affects only 5 percent of businesses in this country.""",mostly-true,interview with Fox News,National; Health Care; Small Business,Jon Greenberg,"September 18, 2013",https://www.politifact.com/factchecks/2013/sep/18/chris-van-hollen/van-hollen-says-employer-mandate-affects-5-busines/
S.E. Cupp,"September 13, 2013","""The CDC issued a report commissioned by President Obama just earlier this year, and it found some very inconvenient facts. Armed citizens are less likely harmed by attackers. Effectiveness of gun control laws is mixed. Gun buybacks don't work.""",half-true,"discussion on CNN's ""Crossfire""",National; Health Care; Public Safety; Pundits; Guns,Becky Bowers,"September 18, 2013",https://www.politifact.com/factchecks/2013/sep/18/se-cupp/crossfires-se-cupp-cites-cdc-armed-citizen-safety-/
Bloggers,"September 13, 2013","Warren Buffett recently said ""Scrap Obamacare and Start All Over.""",pants-fire,posts on the Internet,National; Health Care; Pundits,Becky Bowers,"September 17, 2013",https://www.politifact.com/factchecks/2013/sep/17/blog-posting/bloggers-say-warren-buffett-recently-turned-agains/
Grover Norquist,"September 8, 2013","""CBO reports that delaying the Obamacare individual mandate will reduce the deficit by $35 billion over ten years.""",mostly-true,tweet,National; Federal Budget; Health Care,Louis Jacobson,"September 9, 2013",https://www.politifact.com/factchecks/2013/sep/09/grover-norquist/grover-norquist-says-delaying-obamacare-year-would/
Jim Jordan,"August 8, 2013","Says Obama ""exempted Congress and their staff from the full effect of the (health care) law.""",mostly-false,news release,Ohio; Health Care,Sabrina  Eaton,"September 5, 2013",https://www.politifact.com/factchecks/2013/sep/05/jim-jordan/jim-jordan-claims-obama-health-care-decision-exemp/
Bill Clinton,"September 4, 2013","According to a recent poll, ""there are more young Republicans enrolled in their parents' (health insurance) plans than young Democrats.""",true,speech,National; Health Care,Louis Jacobson,"September 5, 2013",https://www.politifact.com/factchecks/2013/sep/05/bill-clinton/bill-clinton-says-more-republicans-democrats-have-/
Republican National Committee,"September 4, 2013","""The average family premium has increased by 29% under Obama!""",mostly-true,tweet,National; Health Care,Louis Jacobson,"September 4, 2013",https://www.politifact.com/factchecks/2013/sep/04/republican-national-committee-republican/republican-national-committee-says-health-insuranc/
Ted Cruz,"July 30, 2013","Obamacare-caused paperwork will annually absorb 190 million hours or more--and Mount Rushmore could be built 1,547 times over ""with the paperwork.""",mostly-false,Senate floor colloquy,Federal Budget; Health Care; Texas,Andra Lim,"September 3, 2013",https://www.politifact.com/factchecks/2013/sep/03/ted-cruz/cruz-statement-about-obamacare-caused-paperwork-an/
Karen Handel,"August 20, 2013","Congress secured special Obamacare rules ""to prevent their healthcare costs from rising.""",half-true,email,Georgia; Congress; Health Care,Eric Stirgus,"September 3, 2013",https://www.politifact.com/factchecks/2013/sep/03/karen-handel/handels-diagnoses-obamacare-rule-bad-legislation/
BookerFail,"August 23, 2013","Says Cory Booker ""supports late-term and partial-birth abortion and opposes safety regulations.""",half-true,U.S. Senate campaign video ad,Abortion; New Jersey; Health Care; Women,Caryn Shinske,"September 1, 2013",https://www.politifact.com/factchecks/2013/sep/01/bookerfail/cory-booker-supports-late-term-abortion-opposes-sa/
Scott Walker,"August 19, 2013","In the Wisconsin health insurance exchange, ""the Society of Actuaries points out that there'll be, according to them, an 82 percent increase in individual premiums over the next couple years under Obamacare.""",half-true,interview with Fox News,National; Health Care,Jon Greenberg,"August 29, 2013",https://www.politifact.com/factchecks/2013/aug/29/scott-walker/gov-walker-study-says-health-law-will-raise-premiu/
National Republican Congressional Committee,"August 22, 2013","""Congressman Patrick Murphy voted to keep the scandal-ridden IRS in charge of enforcing Obamacare.""",mostly-false,YouTube video,Health Care; Florida,Rochelle Koff,"August 28, 2013",https://www.politifact.com/factchecks/2013/aug/28/national-republican-congressional-committee/nrcc-says-patrick-murphy-voted-keep-scandal-ridden/
Peter Barca,"August 7, 2013","Under a new law regulating abortions, ""Even if you're raped, if you don't report it in the first 30 days, the Republicans will force you to have an ultrasound.""",half-true,interview,Abortion; Health Care; Women; Wisconsin,Dave Umhoefer,"August 22, 2013",https://www.politifact.com/factchecks/2013/aug/22/peter-barca/democratic-leader-says-ultrasound-requirement-woul/
Bloggers,"August 15, 2013","Obamacare provision will allow ""forced home inspections"" by government agents.",pants-fire,blog posts,National; Civil Rights; Health Care; Public Health; Privacy Issues,Becky Bowers,"August 21, 2013",https://www.politifact.com/factchecks/2013/aug/21/blog-posting/bloggers-say-obamacare-provision-will-allow-forced/
Mike Lee,"August 4, 2013","Says unions call Obamacare ""bad for workers.""",mostly-true,'USA Today' op-ed,National; Health Care; Unions,Jon Greenberg,"August 21, 2013",https://www.politifact.com/factchecks/2013/aug/21/mike-lee/sen-lee-says-union-call-obamacare-bad-workers/
Marijuana Policy Project,"August 15, 2013","Marijuana is ""less toxic"" than alcohol.",mostly-true,TV ad,Drugs; Health Care; Florida; Marijuana,Rochelle Koff,"August 19, 2013",https://www.politifact.com/factchecks/2013/aug/19/marijuana-policy-project/pro-pot-group-claims-marijuana-less-toxic-alcohol/
Ted Cruz,"August 12, 2013","""According to a recent Congressional Budget Office report, under Obamacare, 7 million people will lose their employer-sponsored insurance.""",mostly-false,radio commentary.,Federal Budget; Health Care; Public Health; Texas,W. Gardner Selby,"August 19, 2013",https://www.politifact.com/factchecks/2013/aug/19/ted-cruz/cruz-claim-about-fewer-americans-employer-backed-h/
Eric Cantor,"August 2, 2013","Under Obamacare, ""The IRS will have access to the American people’s protected health care information.""",pants-fire,floor speech.,Health Care; Taxes; Virginia,Sean Gorman,"August 19, 2013",https://www.politifact.com/factchecks/2013/aug/19/eric-cantor/cantor-says-obamacare-gives-irs-access-personal-he/
Ron Kind,"August 2, 2013","""Since the passage of the Affordable Care Act, U.S. health care spending grew at 3.9 percent for the last three years, the lowest growth rate in over 50 years.""",half-true,speech,Federal Budget; Health Care; Government Regulation; Wisconsin,Tom Kertscher,"August 18, 2013",https://www.politifact.com/factchecks/2013/aug/18/ron-kind/defending-obamacare-rep-ron-kind-says-increases-he/
James Langevin,"August 12, 2013","Under Obamacare, members of Congress are required to purchase their health insurance from the new exchanges.",true,interview on WPRO-AM,Rhode Island; Congress; Health Care,C. Eugene Emery Jr.,"August 18, 2013",https://www.politifact.com/factchecks/2013/aug/18/james-langevin/us-rep-james-langevin-says-he-will-be-required-pur/
Rand Paul,"August 12, 2013","Many uninsured Americans are ""young.""",mostly-true,"interview on Comedy Central's ""The Daily Show""",National; Health Care,Louis Jacobson,"August 16, 2013",https://www.politifact.com/factchecks/2013/aug/16/rand-paul/rand-paul-says-young-people-are-major-part-uninsur/
Rand Paul,"August 12, 2013","""Why didn't (uninsured Americans) buy insurance? Because of the expense.""",true,"interview on Comedy Central's ""The Daily Show""",National; Health Care; Poverty,Louis Jacobson,"August 15, 2013",https://www.politifact.com/factchecks/2013/aug/15/rand-paul/rand-paul-daily-show-says-cost-biggest-barrier-uni/
Rand Paul,"August 12, 2013","Of the roughly 15 percent of Americans who don’t have health insurance, ""half of them made more than $50,000 a year.""",false,"interview on Comedy Central's ""The Daily Show""",National; Health Care; Income,Louis Jacobson,"August 15, 2013",https://www.politifact.com/factchecks/2013/aug/15/rand-paul/rand-paul-says-half-uninsured-americans-make-least/
Ted Cruz,"August 10, 2013","Says ""President Obama just granted all of Congress an exception"" to Obamacare.",false,speech to the Family Leadership Summit,National; Congress; Health Care,Becky Bowers,"August 14, 2013",https://www.politifact.com/factchecks/2013/aug/14/ted-cruz/sen-ted-cruz-says-obama-just-granted-all-congress-/
Mary  Taylor,"August 3, 2013","""Ohioans can expect to pay up to 41 percent more for their insurance premiums when Obamacare takes effect next year.""",half-true,email,Ohio; Health Care; Government Regulation,Robert Higgs,"August 9, 2013",https://www.politifact.com/factchecks/2013/aug/09/mary-taylor/mary-taylor-says-obamacare-will-push-insurance-cos/
Jeb Hensarling,"August 2, 2013","Says ""the acting chief of the IRS said he – and the majority of IRS employees – would rather stay with his current"" health ""plan than switch to Obamacare.""",half-true,press release,Health Care; Texas,Sue Owen,"August 9, 2013",https://www.politifact.com/factchecks/2013/aug/09/jeb-hensarling/irs-chiefs-words-didnt-reject-obamacare/
Ted Deutch,"August 1, 2013","Says Florida refused to allow the insurance commissioner to ""negotiate lower rates with companies or refuse rates that are too high"" under Obamacare.",true,letter with other Florida lawmakers to HHS Secretary Kathleen Sebelius,National; Health Care; States,Becky Bowers,"August 8, 2013",https://www.politifact.com/factchecks/2013/aug/08/ted-deutch/florida-democrats-say-gov-rick-scott-and-legislatu/
Paul Ryan,"August 4, 2013","""Obamacare … carries on even under a government shutdown.""",mostly-true,"interview on CBS' ""Face the Nation""",National; Federal Budget; Health Care,Louis Jacobson,"August 8, 2013",https://www.politifact.com/factchecks/2013/aug/08/paul-ryan/paul-ryan-says-government-shutdown-wouldnt-sidelin/
Jan Schakowsky,"August 5, 2013","""Half of all adults have a pre-existing condition"" that could affect their health care coverage.",mostly-true,interview with MSNBC,National; Health Care,Jon Greenberg,"August 7, 2013",https://www.politifact.com/factchecks/2013/aug/07/jan-schakowsky/schakowsky-says-half-all-adults-have-pre-existing-/
Michelle Nunn,"July 22, 2013","Says by rejecting an expansion of Medicaid under the new law, Georgia was depriving 25,000 veterans of health care coverage.",true,interview,Georgia; Health Care; Veterans,Eric Stirgus,"August 6, 2013",https://www.politifact.com/factchecks/2013/aug/06/michelle-nunn/senate-candidate-pushes-war-vets-medicaid-plan/
Marco Rubio,"July 31, 2013","Under Obamacare, people who ""have a doctor they’ve been seeing for the last 15 or 20 years, they won’t be able to keep going to that doctor.""",mostly-false,Fox News interview,Health Care; Florida,Amy Sherman,"August 5, 2013",https://www.politifact.com/factchecks/2013/aug/05/marco-rubio/marco-rubio-says-patients-wont-keep-doctors-obamac/
Elizabeth Roberts,"July 28, 2013","""They’ve seen employer-supported coverage increase in Massachusetts after this law (Romneycare) was implemented.""",true,TV interview,Rhode Island; Health Care,,"August 4, 2013",https://www.politifact.com/factchecks/2013/aug/04/elizabeth-roberts/theyve-seen-employer-supported-coverage-increase-m/
Marco Rubio,"July 31, 2013","""Even the employees’ union for the IRS -- the very people in charge of enforcing this law -- are begging to be let out from under this law.""",mostly-false,interview with Fox News' Sean Hannity,National; Health Care; Unions,Louis Jacobson,"August 1, 2013",https://www.politifact.com/factchecks/2013/aug/01/marco-rubio/marco-rubio-says-union-irs-workers-begging-be-let-/
Marco Rubio,"July 25, 2013","Under Obamacare, ""75 percent of small businesses now say they are going to be forced to either fire workers or cut their hours.""",pants-fire,FoxNews.com op-ed,National; Economy; Health Care; Jobs; Small Business,Becky Bowers,"July 29, 2013",https://www.politifact.com/factchecks/2013/jul/29/marco-rubio/sen-marco-rubio-says-75-small-businesses-say-theyl/
Dave Hansen,"July 19, 2013","The Republican-authored state budget includes a provision ""forcing people earning as little as $12,000 to buy private health insurance that could cost them as much as $4,000 per year.""",false,news release,Health Care; State Budget; Wisconsin,Dave Umhoefer,"July 26, 2013",https://www.politifact.com/factchecks/2013/jul/26/dave-hansen/wisconsin-sen-dave-hansen-says-state-budget-forces/
Americans for Prosperity,"July 23, 2013","Patrick Murphy voted for Obamacare in 2010, ""yet he reversed himself and voted to delay"" the employer mandate and the individual mandate.",mostly-false,press release,Health Care; Voting Record; Florida,Amy Sherman,"July 25, 2013",https://www.politifact.com/factchecks/2013/jul/25/americans-prosperity/americans-prosperity-says-patrick-murphy-flip-flop/
Barack Obama,"July 18, 2013","Says last year ""13 million (health insurance) rebates went out, in all 50 states. Another 8.5 (million) rebates are being sent out this summer, averaging around 100 bucks each.""",half-true,speech at the White House,National; Health Care,Jon Greenberg,"July 24, 2013",https://www.politifact.com/factchecks/2013/jul/24/barack-obama/barack-obama-says-millions-benefit-insurance-compa/
Chain email,"July 16, 2013","A ""hidden"" provision in the health care law taxes sporting goods as medical devices.",pants-fire,email,Georgia; Health Care,Eric Stirgus,"July 23, 2013",https://www.politifact.com/factchecks/2013/jul/23/chain-email/errant-email-health-care-law-comes-georgia/
Facebook posts,"June 13, 2013","""Texas ranks: #1 in worker deaths, #1 carbon emissions, #50 in high school graduates, #50 in funding for mental health patients.""",half-true,fake Rick Perry 2016 poster.,Environment; Climate Change; Education; Energy; Health Care; States; Workers; Texas,W. Gardner Selby,"July 19, 2013",https://www.politifact.com/factchecks/2013/jul/19/facebook-posts/gop-stoppers-say-texas-ranks-poorly-worker-deaths-/
Americans for Prosperity,"July 7, 2013",Says health insurance premiums will rise under Obamacare.,half-true,television ad,National; Health Care,Jon Greenberg,"July 16, 2013",https://www.politifact.com/factchecks/2013/jul/16/americans-prosperity/afp-ad-says-premiums-will-rise-under-obamacare/
Gilberto Hinojosa,"July 3, 2013","Says if Texas abortion measure passes, ""someone living in El Paso would have to drive 550 miles each way to San Antonio for something as simple as cervical cancer screening.""",pants-fire,email blast,Abortion; Health Care; Texas,Sue Owen,"July 12, 2013",https://www.politifact.com/factchecks/2013/jul/12/gilberto-hinojosa/gilberto-hinojosa-texas-abortion-cancer/
Robert Menendez,"July 7, 2013",Says Obama administration delay of health care law's employer mandate affects about 1 percent of the American workforce.,mostly-true,interview on NBC’s “Meet the Press”,National; Health Care,Becky Bowers,"July 12, 2013",https://www.politifact.com/factchecks/2013/jul/12/robert-menendez/sen-robert-menendez-says-obamacares-employer-manda/
Dave Schwartz,"June 17, 2013","""Twenty-four percent of doctors in Virginia currently don’t accept new Medicaid patients because the reimbursement rates are so low.""",mostly-true,speech.,Health Care; Medicaid; Virginia,Nancy  Madsen,"July 12, 2013",https://www.politifact.com/factchecks/2013/jul/12/dave-schwartz/dave-schwartz-says-24-percent-virginia-doctors-won/
Rachel Campos-Duffy,"June 12, 2013","""Upwards of 90 percent"" of women seeking an abortion decide not to have an abortion after seeing an ultrasound.",false,interview,Abortion; Children; Families; Health Care; Women; Wisconsin,Tom Kertscher,"July 12, 2013",https://www.politifact.com/factchecks/2013/jul/12/rachel-campos-duffy/more-90-women-change-their-minds-about-having-abor/
Ohio Democratic Party,"July 14, 2013","Says proposed anti-abortion legislation ""would force women facing the most personal of health decisions to endure a transvaginal ultrasound.""",half-true,emailed statement,Abortion; Ohio; Health Care,Brandon Blackwell,"July 12, 2013",https://www.politifact.com/factchecks/2013/jul/12/ohio-democratic-party/ohio-democratic-party-says-ohio-house-bill-would-r/
Chain email,"July 7, 2013","Obamacare ""will provide insurance to all non-U.S. residents, even if they are here illegally.""",pants-fire,long-running chain email,Immigration; Health Care; Florida,Katie Sanders,"July 9, 2013",https://www.politifact.com/factchecks/2013/jul/09/chain-email/illegal-immigrants-are-covered-under-health-care-l/
Rick Perry,"July 1, 2013","""Abortion is the second-most conducted surgical procedure in this country.""",pants-fire,radio interview.,Abortion; Health Care; Texas,W. Gardner Selby,"July 5, 2013",https://www.politifact.com/factchecks/2013/jul/05/rick-perry/rick-perry-says-abortions-are-nations-second-most-/
Patriot Majority USA,"June 27, 2013","Says Arkansas Republican Rep. Tom Cotton voted to provide Congress with ""taxpayer-funded health care for life.""",pants-fire,ad,National; Health Care,Louis Jacobson,"June 28, 2013",https://www.politifact.com/factchecks/2013/jun/28/patriot-majority-usa/pro-democratic-group-says-rep-tom-cotton-voted-giv/
Jodie Laubenberg,"June 23, 2013","Says a ""rape kit"" can be used to ""clean out"" women, ""basically like"" dilation and curettage.",pants-fire,Texas House debate on Senate Bill 5.,Abortion; Health Care; Public Health; Texas,Sue Owen,"June 24, 2013",https://www.politifact.com/factchecks/2013/jun/24/jodie-laubenberg/jodie-laubenberg-says-texas-rape-kit-dilation-and-/
Stephen Sweeney,"June 1, 2013","""People want the minimum wage, they want marriage equality, they want women’s health care. There’s issues that actually that really do matter, social issues that matter to the people of this state. So I know Barbara would support those issues, I know the governor hasn’t. You’ve seen the actions he’s taken on them.""",mostly-true,"interview on ""On The Record with Michael Aron"" program",New Jersey; Health Care; LGBTQ; Marriage; State Budget; Women; Workers,Caryn Shinske,"June 23, 2013",https://www.politifact.com/factchecks/2013/jun/23/stephen-sweeney/steve-sweeney-claims-chris-christie-doesnt-support/
Morgan Griffith,"May 16, 2013","""The Government Accountability Office estimated (Obamacare) will add to the long-term deficit by $6.2 trillion.""",mostly-false,news release.,Deficit; Health Care; Virginia,Sean Gorman,"June 17, 2013",https://www.politifact.com/factchecks/2013/jun/17/morgan-griffith/morgan-griffith-says-gao-estimates-obamacare-will-/
Kitty Rhoades,"June 6, 2013","Wisconsin is ""not walking away from a dime"" in federal funds by rejecting the Obamacare Medicaid expansion.",mostly-false,speech,Federal Budget; Health Care; Medicaid; State Budget; Wisconsin,Tom Kertscher,"June 15, 2013",https://www.politifact.com/factchecks/2013/jun/15/kitty-rhoades/wisconsin-not-leaving-any-federal-funds-table-reje/
Chain email,"June 12, 2013",A hidden provision in Obamacare taxes sporting goods as medical devices.,pants-fire,email,Ohio; Health Care; Taxes,Tom Feran,"June 14, 2013",https://www.politifact.com/factchecks/2013/jun/14/chain-email/chain-email-claims-health-care-law-contains-hidden/
Dave Joyce,"June 5, 2013","""47 - New provisions ObamaCare charges the IRS with implementing, according to the Government Accountability Office.""",true,tweet,Ohio; Health Care; Taxes,Tom Feran,"June 12, 2013",https://www.politifact.com/factchecks/2013/jun/12/dave-joyce/rep-dave-joyce-says-irs-must-carry-out-47-provisio/
Rush Limbaugh,"June 6, 2013","""One person, Kathleen Sebelius, was going to determine whether or not"" 10-year-old lung patient Sarah Murnaghan would live or die.",mostly-false,his radio show,National; Children; Health Care; Public Health; Pundits,Louis Jacobson,"June 11, 2013",https://www.politifact.com/factchecks/2013/jun/11/rush-limbaugh/rush-limbaugh-says-hhs-secretary-kathleen-sebelius/
Bill Nelson,"May 30, 2013","Says Gov. Rick Scott returned ""$1 million in federal funding that would have helped the state cover the cost of overseeing insurance rates under the new health care law.""",mostly-true,op-ed,Health Care; Florida,Katie Sanders,"June 11, 2013",https://www.politifact.com/factchecks/2013/jun/11/bill-nelson/bill-nelson-says-rick-scott-returned-1-million-gra/
Bob Gibbs,"May 17, 2013","""If Obamacare is fully implemented, 30 million people will still be without health insurance.""",mostly-true,tweet,Ohio; Health Care,Sabrina  Eaton,"June 10, 2013",https://www.politifact.com/factchecks/2013/jun/10/bob-gibbs/rep-bob-gibbs-says-30-million-will-be-left-uninsur/
Chain email,"June 3, 2013","Says ""At age 76 when you most need it, you are not eligible for cancer treatment"" under Affordable Care Act.",pants-fire,chain email,Oregon; Health Care; Medicare,Janie Har,"June 8, 2013",https://www.politifact.com/factchecks/2013/jun/08/chain-email/will-seniors-be-denied-cancer-treatment-under-obam/
National Republican Congressional Committee,"May 28, 2013","U.S. Rep. John Barrow’s plan ""puts the IRS in charge of your health care.""",mostly-false,billboard,Georgia; Health Care,Eric Stirgus,"June 4, 2013",https://www.politifact.com/factchecks/2013/jun/04/national-republican-congressional-committee/gop-group-targets-barrows-health-care-votes/
Chain email,"May 29, 2013","Says the word ""Dhimmitude"" is on page 107 of the health care law and means ""Muslims are specifically exempted from the government mandate to purchase insurance.""",pants-fire,chain email,National; Health Care; Religion,Angie Drobnic Holan,"May 30, 2013",https://www.politifact.com/factchecks/2013/may/30/chain-email/dhimmitude-page-107-health-care-law-exempts-muslim/
Meals on Wheels of Rhode Island,"April 18, 2013","""Half of all hospitalized seniors are suffering from malnutrition so severe that it either caused their illness or it prevents them from getting better.""",mostly-false,fundraising letter,Rhode Island; Health Care; Poverty,Michael  McKinney,"May 26, 2013",https://www.politifact.com/factchecks/2013/may/26/meals-wheels-rhode-island/meals-wheels-rhode-island-says-half-hospitalized-s/
Carolyn Tomei,"May 15, 2013","Says, ""In Oregon in 2010, 49 percent of all pregnancies were unintended.""",mostly-true,House floor speech,Oregon; Children; Families; Health Care; Women,Janie Har,"May 24, 2013",https://www.politifact.com/factchecks/2013/may/24/carolyn-tomei/were-half-all-pregnancies-oregon-unintended/
Ron Maag,"April 12, 2013","""Forty-six cents of every dollar"" Ohio could get for Medicaid expansion ""is going to come from China or some other country that doesn’t like us very much.""",false,statement during a state House Finance and Appropriations Committee hearing,Ohio; Debt; Health Care; Taxes,Stephen Koff,"May 22, 2013",https://www.politifact.com/factchecks/2013/may/22/ron-maag/rep-ron-maag-says-46-percent-medicaid-expansion-mo/
Robert Deuell,"May 13, 2013","Says it's ""estimated that 300 babies a year are sent home from the hospital with an unrecognized congenital heart defect; it is the most common birth defect in America.""",mostly-true,remarks on the floor of the Texas Senate.,Children; Health Care; Public Health; Texas,W. Gardner Selby,"May 21, 2013",https://www.politifact.com/factchecks/2013/may/21/robert-deuell/bob-deuell-says-about-300-infants-leave-hospital-e/
Michele Bachmann,"May 15, 2013","The IRS is going to be ""in charge"" of ""a huge national database"" on health care that will include Americans’ ""personal, intimate, most close-to-the-vest-secrets.""",pants-fire,"interview on Fox News' ""On the Record"" with Greta Van Susteren",National; Health Care; Taxes; Privacy Issues,Louis Jacobson,"May 20, 2013",https://www.politifact.com/factchecks/2013/may/20/michele-bachmann/michele-bachmann-decries-huge-national-database-ru/
Michele Bachmann,"May 15, 2013","The IRS is ""going to be in charge of our health care.""",false,"interview on Fox News' ""On the Record"" with Greta Van Susteren",National; Health Care; Taxes,Louis Jacobson,"May 20, 2013",https://www.politifact.com/factchecks/2013/may/20/michele-bachmann/michele-bachmann-says-irs-going-be-charge-our-heal/
Michele Bachmann,"May 15, 2013","""The IRS will have the ability potentially"" to deny or delay health care.",mostly-false,"interview on Fox News' ""On the Record"" with Greta Van Susteren",National; Health Care; Taxes,Louis Jacobson,"May 20, 2013",https://www.politifact.com/factchecks/2013/may/20/michele-bachmann/michele-bachmann-says-irs-will-have-ability-delay-/
Nancy Pelosi,"May 13, 2013","""The Affordable Care Act is bringing the cost of health care in our country down.""",half-true,interview on MSNBC,National; Health Care,Becky Bowers,"May 16, 2013",https://www.politifact.com/factchecks/2013/may/16/nancy-pelosi/nancy-pelosi-says-obamacare-bringing-down-health-c/
Will Weatherford,"May 9, 2013","""Expanding Medicaid would require borrowing more money, drastically expanding our deficit.""",half-true,op-ed,Debt; Deficit; Federal Budget; Health Care; Medicaid; Florida,Katie Sanders,"May 16, 2013",https://www.politifact.com/factchecks/2013/may/16/will-weatherford/will-weatherford-says-expanding-medicaid-would-dra/
Jeff Wagner,"May 8, 2013","""The State of Wisconsin thinks you should have to"" wash your hands ""at least 28 times to make one peanut butter-and-jelly sandwich.""",half-true,radio show,County Government; Food Safety; Health Care; Government Regulation; Wisconsin,Tom Kertscher,"May 16, 2013",https://www.politifact.com/factchecks/2013/may/16/jeff-wagner/talk-show-host-jeff-wagner-says-state-requires-28-/
National Republican Senatorial Committee,"April 30, 2013","U.S. Rep. John Barrow of Georgia has helped support the implementation of ""Obamacare.""",mostly-false,press release,Georgia; Health Care,Eric Stirgus,"May 10, 2013",https://www.politifact.com/factchecks/2013/may/10/national-republican-senatorial-committee/gop-attacks-barrow-obamacare-votes/
Barack Obama,"April 30, 2013","For people with insurance, the only impact of the health care law ""is that their insurance is stronger, better and more secure than it was before. Full stop. That's it. They don't have to worry about anything else.""",half-true,White House news conference,National; Health Care,Becky Bowers,"May 2, 2013",https://www.politifact.com/factchecks/2013/may/02/barack-obama/president-barack-obama-says-people-health-insuranc/
Ted Poe,"April 25, 2013","Says new Medicare billing guidelines ""have nine codes for (injuries by) turkeys.""",true,interview on Fox Business Network,National; Animals; Health Care; Government Regulation; Medicaid; Medicare; Regulation,Becky Bowers,"April 30, 2013",https://www.politifact.com/factchecks/2013/apr/30/ted-poe/rep-ted-poe-says-new-medicare-rules-require-nine-b/
Nelson Wolff,"April 1, 2013","Says uncompensated health care costs absorbed by Texas hospitals are adding $1,800 a year to Texas private insurance rates.",mostly-false,Texas Capitol press conference.,Health Care; Public Health; State Budget; Texas,W. Gardner Selby,"April 17, 2013",https://www.politifact.com/factchecks/2013/apr/17/nelson-wolff/bexar-county-judge-says-uncompensated-care-provide/
Virginia Society for Human Life,"April 3, 2013","Under Obamacare, Virginia taxpayers would have been ""forced to pay for abortions"" if the General Assembly had not recently intervened.",false,statement.,Abortion; Health Care; Taxes; Virginia,Sean Gorman,"April 15, 2013",https://www.politifact.com/factchecks/2013/apr/15/virginia-society-human-life/va-society-human-life-says-obamacare-allows-tax-fu/
NARAL Pro-Choice Virginia,"March 26, 2013","Abortion coverage is a standard insurance benefit ""in nearly 90 percent of private plans sold in the U.S.""",mostly-false,statement.,Abortion; Health Care; Virginia,Sean Gorman,"April 15, 2013",https://www.politifact.com/factchecks/2013/apr/15/naral-pro-choice-america/naral-virginia-says-90-percent-health-care-policie/
Lon Burnam,"March 4, 2013","Says rejecting federal aid to expand Medicaid in Texas will ""send $9 billion in federal taxes paid by Texans to other states to insure their working poor.""",false,press release,Health Care; Medicaid; Taxes; Texas,Sue Owen,"April 12, 2013",https://www.politifact.com/factchecks/2013/apr/12/lon-burnam/lon-burnam-says-rejecting-expansion-would-send-9-b/
Michele Walsh,"April 4, 2013","""Within the three miles surrounding the University Circle area, infant mortality exceeds some Third World countries.""",true,radio discussion,Ohio; Health Care; Public Health,Tom Feran,"April 12, 2013",https://www.politifact.com/factchecks/2013/apr/12/michele-walsh/expert-says-infant-mortality-rate-near-university-/
Rick Perry,"March 14, 2013","Says Obama called Medicaid ""broken"" four years ago.",mostly-true,speech at the Conservative Political Action Conference,Health Care; Medicaid; Texas,Sue Owen,"April 9, 2013",https://www.politifact.com/factchecks/2013/apr/09/rick-perry/rick-perry-says-obama-called-medicaid-broken-four-/
Ted Cruz,"April 1, 2013","""Expanding Medicaid will worsen health care options for the most vulnerable among us in Texas.""",false,remarks,National; Health Care; Medicaid; Poverty,Louis Jacobson,"April 8, 2013",https://www.politifact.com/factchecks/2013/apr/08/ted-cruz/ted-cruz-says-expanding-medicaid-will-worsen-healt/
Bobby  Scott,"March 25, 2013","Paul Ryan’s budget ""keeps the Obamacare taxes and spending cuts that paid for Obamacare, but then cuts all of the benefits.""",mostly-true,radio interview.,Congress; Federal Budget; Health Care; Taxes; Virginia,Nancy  Madsen,"April 8, 2013",https://www.politifact.com/factchecks/2013/apr/08/bobby-scott/bobby-scott-says-house-budget-ends-obamacare-keeps/
New Hampshire Democratic Party,"March 26, 2013","Preventive care coverage under the Affordable Care Act has already ""helped Granite Staters save money and live healthier lives.""",half-true,a press release,New Hampshire; Health Care,Jon Greenberg,"April 5, 2013",https://www.politifact.com/factchecks/2013/apr/05/new-hampshire-democratic-party/nh-dems-say-obamacare-already-helping-people-save-/
Fred Thompson,"March 27, 2013","Says that under President Barack Obama’s health care law, ""your insurance"" premiums could go up by 200 percent and cost ""as much as a new Explorer.""",false,tweet,National; Health Care,Louis Jacobson,"April 3, 2013",https://www.politifact.com/factchecks/2013/apr/03/fred-thompson/ex-sen-fred-thompson-says-obamcare-could-raise-pre/
Rick Perry,"April 1, 2013","""Only three in 10 Texas doctors are currently accepting new Medicaid patients.""",mostly-false,press release jointly issued with U.S. Sens. John Cornyn and Ted Cruz.,Federal Budget; Health Care; Medicaid; Public Health; State Budget; Texas,W. Gardner Selby,"April 1, 2013",https://www.politifact.com/factchecks/2013/apr/01/rick-perry/rick-perry-says-only-three-10-texas-physicians-acc/
Pete Snyder,"March 6, 2013","""A study by the University of Virginia pulls back the curtain on Medicaid’s tragically bad outcomes, including ‘increased risk of adjusted mortality.’""",half-true,website post.,Health Care; Medicaid; Virginia,Nancy  Madsen,"April 1, 2013",https://www.politifact.com/factchecks/2013/apr/01/pete-snyder/pete-snyder-says-university-virginia-study/
Ted Cruz,"March 16, 2013",Says the Democrats told the Catholic Church that they’ll use federal powers to shut down church charities and hospitals if the church doesn’t change its beliefs.,pants-fire,speech at the Conservative Political Action Conference,Health Care; Religion; Sexuality; Texas,Sue Owen,"March 28, 2013",https://www.politifact.com/factchecks/2013/mar/28/ted-cruz/ted-cruz-says-democrats-told-catholic-church-theyl/
Rick Perry,"February 22, 2013","Says Houston is ""home to more doctors, more nurses, more researchers than any other place in the world.""",false,"remarks at a Washington, D.C. event.",Health Care; Medicaid; Public Health; Texas,W. Gardner Selby,"March 21, 2013",https://www.politifact.com/factchecks/2013/mar/21/rick-perry/rick-perry-says-houston-home-most-doctors-nurses-a/
Michele Bachmann,"March 16, 2013","""Scientists tell us that we could have a cure in 10 years for Alzheimer's"" were it not for ""overzealous regulators, excessive taxation and greedy litigators.""",pants-fire,speech at CPAC,National; Health Care; Government Regulation; Regulation; Science,Louis Jacobson,"March 20, 2013",https://www.politifact.com/factchecks/2013/mar/20/michele-bachmann/michele-bachmann-said-alzheimers-disease-could-be-/
SEIU,"March 5, 2013","""There is no clinical evidence that vaccinating healthcare workers protects patients.""",false,lawsuit,Rhode Island; Health Care; Labor; Public Health; Unions,Michael  McKinney,"March 17, 2013",https://www.politifact.com/factchecks/2013/mar/17/service-employees-international-union-committee-po/seiu-district-1199-says-theres-no-clinical-evidenc/
Joseph Levy,"February 25, 2013","Says indoor workers get ""less UV than outdoor workers, but they get more melanomas.""",mostly-false,legislative hearing,Oregon; Children; Health Care; Government Regulation; Public Health,Janie Har,"March 16, 2013",https://www.politifact.com/factchecks/2013/mar/16/joseph-levy/are-indoor-workers-more-likely-get-melanoma-despit/
Joshua Miller,"March 1, 2013","""In the period from 2007 to 2011, the Office of Health Insurance Commissioner reported an 18 percent decline in the state’s total medical spending.""",half-true,news release,Rhode Island; Health Care,Edward Fitzpatrick,"March 16, 2013",https://www.politifact.com/factchecks/2013/mar/16/joshua-miller/rhode-island-sen-joshua-miller-says-states-total-m/
Will Weatherford,"March 8, 2013","Eighty-five percent of Floridians who will benefit from expanding Medicaid are ""single, childless adults.""",mostly-false,interview,Health Care; Medicaid; Florida,Katie Sanders,"March 15, 2013",https://www.politifact.com/factchecks/2013/mar/15/will-weatherford/weatherford-says-85-percent-people-covered-medicai/
Paul Ryan,"March 3, 2013","The fiscal cliff agreement was ""the largest tax increase in history.""",false,interview,Federal Budget; Health Care; Taxes; Wisconsin,Tom Kertscher,"March 15, 2013",https://www.politifact.com/factchecks/2013/mar/15/paul-ryan/largest-tax-hike-ever-fiscal-cliff-deal-paul-ryan-/
Christopher L. Smith,"March 5, 2013","Florida is ""second in the nation in the uninsured.""",mostly-true,speech,Health Care; Medicaid; Florida,Amy Sherman,"March 8, 2013",https://www.politifact.com/factchecks/2013/mar/08/christopher-l-smith/chris-smith-says-florida-no-2-uninsured/
Scott Walker,"February 20, 2013","""In Wisconsin, only half of all the adults with serious psychological distress received mental health treatment or medication.""",mostly-true,speech,Health Care; Public Health; State Budget; Wisconsin,Tom Kertscher,"March 8, 2013",https://www.politifact.com/factchecks/2013/mar/08/scott-walker/wake-mass-shootings-scott-walker-says-half-wiscons/
Garnet Coleman,"February 10, 2013",Says Texas has the most uninsured people of any state -- 6 million.,mostly-false,"interview for WFAA-TV's ""Inside Texas Politics.""",Health Care; Texas,W. Gardner Selby,"March 6, 2013",https://www.politifact.com/factchecks/2013/mar/06/garnet-coleman/garnet-coleman-says-texas-has-highest-number-unins/
John Kasich,"February 4, 2013","Without a Medicaid expansion, 275,000 more Ohioans could be getting their primary care in emergency rooms, costing ""everybody a lot of money.""",mostly-true,news conference,Ohio; Health Care; Medicaid; Poverty,Tom Feran,"February 21, 2013",https://www.politifact.com/factchecks/2013/feb/21/john-kasich/gov-john-kasich-says-expanding-medicaid-would-help/
Barack Obama,"February 19, 2013","If the sequester hits, ""hundreds of thousands of Americans will lose access to primary care and preventive care like flu vaccinations and cancer screenings.""",half-true,speech,National; Children; Federal Budget; Health Care; Public Health,Louis Jacobson,"February 21, 2013",https://www.politifact.com/factchecks/2013/feb/21/barack-obama/barack-obama-says-sequester-would-cut-vaccinations/
Josh Mandel,"February 11, 2013","Federal spending on entitlements ""is projected to consume all revenue by 2045.""",mostly-true,letter to Ohio lawmakers,Ohio; Federal Budget; Health Care; Medicaid; Medicare; Social Security,Stephen Koff,"February 21, 2013",https://www.politifact.com/factchecks/2013/feb/21/josh-mandel/ohio-treasurer-josh-mandel-says-entitlement-spendi/
David Plouffe,"February 17, 2013","""The group that supported the president’s health care bill the most? Latinos.""",mostly-false,interview,Health Care; Florida,Amy Sherman,"February 20, 2013",https://www.politifact.com/factchecks/2013/feb/20/david-plouffe/david-plouffe-says-latinos-supported-health-care-l/
Peter Courtney,"February 6, 2013","Says, ""Statistics indicate that one in eight children, and one in 18 adults in Oregon suffers from mental illness.""",mostly-true,press release,Oregon; Health Care; Public Health; State Budget,Janie Har,"February 16, 2013",https://www.politifact.com/factchecks/2013/feb/16/peter-courtney/do-one-eight-oregon-children-and-one-18-adults-suf/
Keith Faber,"February 4, 2013","""Ohio companies export more goods and services globally than 41 other states.""",true,news conference,Ohio; Health Care; Income; Labor; Public Health; Workers,Tom Feran,"February 14, 2013",https://www.politifact.com/factchecks/2013/feb/14/keith-faber/ohio-senate-president-keith-faber-says-ohio-among-/
Barack Obama,"February 12, 2013","""Already, the Affordable Care Act is helping to slow the growth of (Medicare’s) health care costs.""",half-true,State of the Union speech,National; Federal Budget; Health Care; Medicare,Angie Drobnic Holan,"February 14, 2013",https://www.politifact.com/factchecks/2013/feb/14/barack-obama/obama-says-health-care-law-already-slowing-down-me/
Sacramento Bee Editorial Board,"February 6, 2013",Says Texas has the nation’s most uninsured residents.,mostly-false,editorial.,Health Care; Texas,W. Gardner Selby,"February 13, 2013",https://www.politifact.com/factchecks/2013/feb/13/sacramento-bee-editorial-board/sacramento-bee-editorial-says-texas-has-greatest-n/
Tammy Baldwin,"January 31, 2013","""When the Affordable Care Act was signed, 17 million American children"" had a pre-existing condition and were ""uninsurable.""",false,speech,Children; Families; Health Care; Wisconsin,Tom Kertscher,"February 11, 2013",https://www.politifact.com/factchecks/2013/feb/11/tammy-baldwin/sen-tammy-baldwin-says-obamacare-17-million-kids-h/
Sherrod Brown,"February 4, 2013","""Three in four low-income workers don’t have any paid sick days available.""",true,news release,Ohio; Health Care; Income; Labor; Public Health; Workers,Tom Feran,"February 11, 2013",https://www.politifact.com/factchecks/2013/feb/11/sherrod-brown/sen-sherrod-brown-says-three-quarters-low-income-w/
Sacramento Bee Editorial Board,"February 6, 2013","Says Texas is ""last in mental health expenditures.""",mostly-true,editorial,Health Care; Pundits; Texas,Sue Owen,"February 8, 2013",https://www.politifact.com/factchecks/2013/feb/08/sacramento-bee-editorial-board/sacramento-bee-editorial-says-texas-last-mental-he/
Barbara Buono,"January 29, 2013","Says the pension and health benefits reform ""eliminated collective bargaining for health benefits.""",half-true,interview on Fox 5’s Good Day New York,New Jersey; Health Care; Unions,Bill Wichert,"February 7, 2013",https://www.politifact.com/factchecks/2013/feb/07/barbara-buono/barbara-buono-claims-state-reform-eliminated-colle/
Patrick Kennedy,"January 8, 2013","""Eighty percent of those who have applied for licenses have no cancer, no Parkinson's disease or glaucoma. They have nothing you would associate [with] the use of medical marijuana.""",half-true,news story,Rhode Island; Drugs; Health Care; Marijuana,Michael  McKinney,"February 3, 2013",https://www.politifact.com/factchecks/2013/feb/03/patrick-kennedy/former-us-rep-patrick-kennedy-says-80-percent-peop/
Marcy Kaptur,"December 19, 2012","""States have cumulatively cut over $1.8 billion from their mental health services between 2009 and 2011. This is the largest reduction in state mental health services in half a century.""",mostly-true,floor speech,Ohio; Health Care; Guns,Sabrina  Eaton,"February 1, 2013",https://www.politifact.com/factchecks/2013/feb/01/marcy-kaptur/rep-marcy-kaptur-says-states-have-slashed-funding-/
Mike Ryan,"January 14, 2013","People committed involuntarily for 72 hours under the Baker Act will get their guns back ""automatically and immediately upon discharge....and their commitment is never entered into a background check database.""",half-true,column,Health Care; Florida; Guns,Amy Sherman,"January 25, 2013",https://www.politifact.com/factchecks/2013/jan/25/mike-ryan/do-police-automatically-return-guns-someone-after-/
Ron DeSantis,"January 21, 2013","The tax penalty that the government imposes if you don't buy health insurance ""is lower than it would have cost to buy insurance.""",true,interview on Fox News,National; Health Care,Molly Moorhead,"January 24, 2013",https://www.politifact.com/factchecks/2013/jan/24/ron-desantis/desantis-says-obamacare-tax-cheaper-insurance/
Protect Families First,"January 10, 2013","""The average age of first marijuana use is 12.""",false,news release,Rhode Island; Drugs; Health Care; Legal Issues; Government Regulation; Regulation; States; Marijuana,Michael  McKinney,"January 20, 2013",https://www.politifact.com/factchecks/2013/jan/20/protect-families-first/protect-families-first-claims-children-typically-t/
Chain email,"January 6, 2013","Members of Congress ""specifically exempted themselves from many of the laws they have passed, such as being exempt from any fear of prosecution for sexual harassment"" ... (and) from the healthcare reform.""",pants-fire,chain email message,Ohio; Congress; Health Care,Tom Feran,"January 16, 2013",https://www.politifact.com/factchecks/2013/jan/16/chain-email/did-members-congress-exempt-themselves-complying-h/
Jim Renacci,"December 21, 2012","Obamacare includes ""a $63 charge every American will begin paying (in 2013) as a way to cover some of the increased costs associated with providing health insurance to those with pre-existing conditions.""",mostly-false,newspaper column,Ohio; Health Care; Regulation,Sabrina  Eaton,"January 10, 2013",https://www.politifact.com/factchecks/2013/jan/10/jim-renacci/jim-renacci-says-every-american-will-pay-63-fee-pa/
Wendy Davis,"January 8, 2013","Says Texas is ""dead last in support for mental health.""",mostly-true,Twitter post.,Health Care; Public Health; State Budget; Texas,W. Gardner Selby,"January 10, 2013",https://www.politifact.com/factchecks/2013/jan/10/wendy-davis/wendy-davis-says-texas-dead-last-mental-health-spe/
Rick Scott,"January 7, 2013",Says a federal plan to expand Medicaid would cost Florida taxpayers $26 billion over 10 years.,false,press conference,Health Care; Florida,Aaron Sharockman,"January 8, 2013",https://www.politifact.com/factchecks/2013/jan/08/rick-scott/rick-scott-ignores-flaws-state-study-says-medicaid/
Lois Kolkhorst,"September 23, 2012","Says that according to ""many reports and even our own data,"" the state of Texas spent more through Medicaid on orthodontia than all other states combined.",half-true,breakfast at the Texas Tribune Festival.,Health Care; Medicaid; Public Health; Texas,W. Gardner Selby,"January 4, 2013",https://www.politifact.com/factchecks/2013/jan/04/lois-kolkhorst/committee-chief-says-texas-government-spent-more-t/
Marcia Fudge,"January 1, 2013","The so-called doc fix in the fiscal cliff deal will cut payments ""for treating illnesses disproportionately impacting minorities, including end stage renal disease and diabetes.""",mostly-true,news release,Ohio; Federal Budget; Health Care; Medicaid; Medicare,Stephen Koff,"January 4, 2013",https://www.politifact.com/factchecks/2013/jan/04/marcia-fudge/marcia-fudge-claims-fiscal-cliff-deal-included-cut/
Terry  Russell,"December 6, 2012","""Individuals with mental illnesses die an average of 25 years earlier than those without a mental illness.""",true,an interview,Ohio; Health Care; Medicaid,Tom Feran,"January 2, 2013",https://www.politifact.com/factchecks/2013/jan/02/terry-russell/nami-ohio-leader-terry-russell-says-people-mental-/
Marina Dimitrijevic,"November 14, 2012","Milwaukee County government employees pay ""much more"" for their health care than City of Milwaukee or State of Wisconsin employees.",half-true,interview,County Government; Health Care; Workers; Wisconsin,Dave Umhoefer,"December 9, 2012",https://www.politifact.com/factchecks/2012/dec/09/marina-dimitrijevic/milwaukee-county-board-chairwoman-says-county-empl/
Todd Hunter,"November 26, 2012",Says real estate taxes were put in place to pay for Obamacare.,mostly-false,Texas Tribune interview.,Health Care; Taxes; Texas,W. Gardner Selby,"December 6, 2012",https://www.politifact.com/factchecks/2012/dec/06/todd-hunter/todd-hunter-says-obamacare-funded-real-estate-taxe/
Association of Mature American Citizens,"November 10, 2012","""If you and I fail to defund ObamaCare now, some 16,000 new IRS agents will be begin prying into our private medical records, eyeing each and every one of our treatments and prescriptions for ""violations’.""",pants-fire,direct mail letter,Rhode Island; Health Care; Retirement,John Hill,"December 2, 2012",https://www.politifact.com/factchecks/2012/dec/02/association-mature-american-citizens/association-mature-american-citizens-says-under-af/
Pam Bondi,"November 28, 2012","""National studies are already showing the negative effects that the health care law is having on businesses and our economy. Businesses across the country are raising their prices … (or) cutting jobs as a result of the added cost.""",false,remarks to the Florida Chamber of Commerce,Economy; Health Care; Jobs; Workers; Florida,Angie Drobnic Holan,"November 30, 2012",https://www.politifact.com/factchecks/2012/nov/30/pam-bondi/pam-bondi-said-national-studies-show-businesses-ar/
Michael Cannon,"November 9, 2012","Operating a health care exchange would be ""illegal"" in Georgia and some states because of legislation passed in those states.",false,article,Georgia; Health Care,Eric Stirgus,"November 28, 2012",https://www.politifact.com/factchecks/2012/nov/28/michael-cannon/experts-say-federal-law-trumps-state-law-obamacare/
Dennis Kucinich,"November 2, 2012","Says the tax code is effectively subsidizing ""the marketing efforts of fast food and junk food companies by as much as $19 billion over 10 years.""",mostly-true,news release,Ohio; Children; Health Care; Public Health; Taxes,Tom Feran,"November 26, 2012",https://www.politifact.com/factchecks/2012/nov/26/dennis-kucinich/dennis-kucinich-says-tax-code-effectively-subsidiz/
Jon Erpenbach,"November 16, 2012","Says Gov. Scott Walker has ""led people to believe that if Wisconsin doesn’t implement a (health-care) exchange, Obamacare doesn’t happen here.""",mostly-false,press release,Federal Budget; Health Care; State Budget; Wisconsin,Dave Umhoefer,"November 25, 2012",https://www.politifact.com/factchecks/2012/nov/25/jon-erpenbach/erpenbach-says-walker-misled-federal-health-care-l/
County Line,"November 2, 2012","Says that under the new healthcare law, full- and part-time workers will be required to buy insurance costing $375 to $1,000 a month, starting in 2014.",half-true,open letter to employees.,Health Care; Texas,W. Gardner Selby,"November 18, 2012",https://www.politifact.com/factchecks/2012/nov/18/county-line/county-line-restaurant-chain-says-full-and-part-ti/
William G. Batchelder,"September 18, 2012","""We have more hospitals that are children’s hospitals than any other state in the union."" ",false,interview with The Plain Dealer,Ohio; Health Care,Reginald Fields,"November 5, 2012",https://www.politifact.com/factchecks/2012/nov/05/bill-batchelder/william-batchelder-claims-ohio-has-most-childrens-/
Planned Parenthood Action Fund,"October 31, 2012","Says Mitt Romney wants to ""get rid of Planned Parenthood.""",mostly-false,radio ad,Abortion; National; Federal Budget; Health Care,Louis Jacobson,"November 2, 2012",https://www.politifact.com/factchecks/2012/nov/02/planned-parenthood-action-fund/radio-ad-says-mitt-romney-wants-get-rid-planned-pa/
Sheldon Whitehouse,"October 23, 2012","""The Ryan budget gets rid of Medicare in 10 years and turns it into a voucher program.""",false,debate,Rhode Island; Health Care; Medicare,C. Eugene Emery Jr.,"November 2, 2012",https://www.politifact.com/factchecks/2012/nov/02/sheldon-whitehouse/us-sen-sheldon-whitehouse-says-budget-proposed-vic/
Barry Hinckley,"October 24, 2012","Sheldon Whitehouse voted for a ""$525-billion tax increase on the middle class.""",pants-fire,television commercial,Rhode Island; Economy; Health Care; Message Machine 2012; Voting Record; Taxes,C. Eugene Emery Jr.,"November 1, 2012",https://www.politifact.com/factchecks/2012/nov/01/barry-hinckley/us-senate-candidate-barry-hinckley-says-incumbent-/
House Majority PAC,"September 26, 2012","Says Charlie Bass supports Paul Ryan plan that forces seniors to pay $6,400 a year more for health care so millionaires can pay less in taxes.",mostly-false,"campaign commercial “Principle” about U.S. Rep. Charlie Bass, R-NH airing",New Hampshire; Health Care; Taxes,Maryalice Gill,"October 31, 2012",https://www.politifact.com/factchecks/2012/oct/31/house-majority-pac/does-supporting-ryan-budget-plan-mean-you-want-sen/
Barack Obama,"October 17, 2012","""There are millions of women all across the country who rely on Planned Parenthood for not just contraceptive care; they rely on it for mammograms.""",half-true,second presidential debate at Hofstra University,Abortion; National; Health Care,Louis Jacobson,"October 30, 2012",https://www.politifact.com/factchecks/2012/oct/30/barack-obama/barack-obama-critics-clash-whether-planned-parenth/
Tammy Baldwin,"October 24, 2012","Says she voted against the Medicare Part D prescription drug program ""because it was unfunded.""",false,interview,Candidate Biography; Health Care; Medicare; Wisconsin,Tom Kertscher,"October 30, 2012",https://www.politifact.com/factchecks/2012/oct/30/tammy-baldwin/senate-candidate-tammy-baldwin-says-she-voted-agai/
Tommy Thompson,"October 18, 2012","Says Democrats first proposed prohibiting the government from negotiating prices for prescription drugs in Medicare Part D and he ""had nothing to do with"" that provision in the law.",mostly-false,debate,Candidate Biography; Health Care; Medicare; Wisconsin,Tom Kertscher,"October 30, 2012",https://www.politifact.com/factchecks/2012/oct/30/tommy-thompson/tommy-thompson-says-he-had-nothing-do-provision-ba/
Donna Howard,"August 30, 2012","""We’re talking right now about a $12 billion hole in our current, so-called balanced"" state ""budget.""",half-true,East Austin meetup of Texans for Obama.,Education; Health Care; State Budget; Texas,David Barer,"October 29, 2012",https://www.politifact.com/factchecks/2012/oct/29/donna-howard/donna-howard-says-so-called-balanced-state-budget-/
Mitt Romney,"October 22, 2012",Rhode Island has taken its federal Medicaid funding and shown it can run the program more cost-effectively than the federal government.,mostly-true,debate,Rhode Island; Federal Budget; Health Care; Government Regulation; Medicaid; Poverty,C. Eugene Emery Jr.,"October 28, 2012",https://www.politifact.com/factchecks/2012/oct/28/mitt-romney/mitt-romney-says-rhode-island-demonstrated-it-can-/
Keep Austin Healthy PAC,"October 18, 2012","Says the Central Health district's tax rate is the ""lowest among the largest counties in Texas, and it will continue to be the lowest"" if voters approve a proposed tax increase.",mostly-true,"news article posted online Oct. 18, 2012.",Health Care; Public Health; Taxes; Texas,W. Gardner Selby,"October 26, 2012",https://www.politifact.com/factchecks/2012/oct/26/keep-austin-healthy-pac/proposition-advocate-says-central-health-district-/
Tammy Baldwin,"October 24, 2012","Says U.S. Senate opponent Tommy Thompson ""personally made over $3 million"" from a federal contract granted to his healthcare company, but left  9/11 first responders ""without the care they were promised.""",mostly-false,TV ad,Federal Budget; Health Care; Terrorism; Wisconsin,Dave Umhoefer,"October 26, 2012",https://www.politifact.com/factchecks/2012/oct/26/tammy-baldwin/baldwin-says-thompson-got-3-million-mismanaged-fed/
Glenn Grothman,"September 28, 2012","Says Tammy Baldwin introduced a bill that would require doctors and other health care workers to ask patients, ""including young children, whether they are gay, lesbian, bisexual, or if they know their gender identity.""",mostly-false,news release,Children; Health Care; LGBTQ; Sexuality; Wisconsin,Tom Kertscher,"October 23, 2012",https://www.politifact.com/factchecks/2012/oct/23/glenn-grothman/gop-lawmaker-claims-senate-candidate-tammy-baldwin/
Charles Bass,"September 26, 2012","Ann McLane Kuster is ""for a government takeover of health care more radical than Obamacare. And she supports a $700 billion cut to Medicare for current retirees.""",mostly-false,"ad “Dancing,” released September 26, 2012.",New Hampshire; Health Care; Medicare,Jake Berry,"October 22, 2012",https://www.politifact.com/factchecks/2012/oct/22/charles-bass/charlie-bass-accuses-ann-mclane-kuster-having-extr/
Tennessee Republican Party,"October 11, 2012","Says House Democrats ""voted to use your tax dollars for abortions"" by voting against bill defunding Planned Parenthood.",false,mailer sent for a state legislative campaign.,Abortion; Tennessee; Health Care; Public Health,Tom Humphrey,"October 21, 2012",https://www.politifact.com/factchecks/2012/oct/21/tennessee-republican-party/tennessee-gop-claims-tax-dollars-abortions-support/
Tommy Thompson,"October 16, 2012","Says Tammy Baldwin ""voted to gut Medicare for seniors.""",false,TV ad,Federal Budget; Health Care; Medicare; Wisconsin,Dave Umhoefer,"October 21, 2012",https://www.politifact.com/factchecks/2012/oct/21/tommy-thompson/thompson-says-baldwin-voted-gut-medicare/
Rob Moshein,"October 14, 2012",Says the University of Texas can afford to build a medical school because it has a $7 billion endowment and its football program had a $50 million profit last year.,half-true,letter to the editor.,Education; Health Care; Taxes; Texas,W. Gardner Selby,"October 19, 2012",https://www.politifact.com/factchecks/2012/oct/19/rob-moshein/austin-resident-says-university-texas-has-7-billio/
Ohio Republican Party,"October 19, 2012","""President Barack Obama (is) the first president in history to cut Medicare by $700 billion.""",half-true,election flier,Ohio; Health Care; Medicare,Tom Feran,"October 19, 2012",https://www.politifact.com/factchecks/2012/oct/19/ohio-republican-party/ohio-republican-party-says-obama-cut-medicare-700-/
Barack Obama,"October 16, 2012","Says Mitt Romney suggested that ""employers should be able to make the decision as to whether or not a woman gets contraception through her insurance coverage.""",true,second presidential debate,National; Debates; Drugs; Health Care; Sexuality; Women,Becky Bowers,"October 17, 2012",https://www.politifact.com/factchecks/2012/oct/17/barack-obama/obama-says-romney-suggested-employers-should-be-ab/
Rob Zerban,"October 4, 2012","Says Paul Ryan’s budget plan ""ends Medicare.""",pants-fire,TV ad,Federal Budget; Health Care; Medicare; Message Machine 2012; Wisconsin,Tom Kertscher,"October 17, 2012",https://www.politifact.com/factchecks/2012/oct/17/rob-zerban/paul-ryans-house-opponent-democrat-rob-zerban-says/
Ohio Republican Party,"October 15, 2012","""President Obama has worked to change Medicare for the worse"" by ""creating an unelected, unaccountable panel with the power to deny coverage of certain treatments.""",mostly-false,election flier,Ohio; Health Care; Medicare,Tom Feran,"October 15, 2012",https://www.politifact.com/factchecks/2012/oct/15/ohio-republican-party/ohio-republican-party-says-obama-has-hurt-medicare/
National Education Association,"September 27, 2012",Says that Josh Mandel voted to let insurance companies deny coverage for autism,mostly-true,television ad,Ohio; Education; Health Care; Message Machine 2012,Stephen Koff,"October 12, 2012",https://www.politifact.com/factchecks/2012/oct/12/national-education-association/nea-says-josh-mandel-voted-let-insurance-companies/
Joe Biden,"October 11, 2012","Says Mitt Romney and Paul Ryan would ""eliminate the guarantee of Medicare.""",half-true,vice presidential debate,National; Health Care; Medicare,Louis Jacobson,"October 12, 2012",https://www.politifact.com/factchecks/2012/oct/12/joe-biden/says-mitt-romney-paul-ryan-would-eliminate-guarant/
George Allen,"October 8, 2012","""Repealing and replacing Obamacare – that’s going to save $1 trillion over a 10-year period.""",false,debate.,Debt; Health Care; Virginia,Nancy  Madsen,"October 11, 2012",https://www.politifact.com/factchecks/2012/oct/11/george-allen/george-allen-says-ending-obamacare-would-save-nati/
Tommy Thompson,"September 27, 2012","Says Tammy Baldwin supports a law ""in which government will take over your decisions on medicine, on doctors and on hospitals.""",false,interview,Health Care; Medicare; Public Health; Privacy Issues; Wisconsin,Tom Kertscher,"October 10, 2012",https://www.politifact.com/factchecks/2012/oct/10/tommy-thompson/senate-race-thompson-says-baldwin-backs-government/
American Crossroads,"September 25, 2012","Says Bill Nelson ""cast the deciding vote for Obamacare cutting Medicare spending by $700 billion and letting an unelected board decide what gets covered here.""",mostly-false,television ad,Health Care; Medicare; Message Machine 2012; Florida,Amy Sherman,"October 9, 2012",https://www.politifact.com/factchecks/2012/oct/09/american-crossroads/american-crossroads-attacks-bill-nelson-health-car/
Robert Menendez,"October 4, 2012","""When (Joe Kyrillos) had an opportunity to vote for women in terms of their health care, not once, not twice, but six times, he voted against women’s health care in our state.""",true,debate on NJTV,New Jersey; Health Care; Women,Bill Wichert,"October 8, 2012",https://www.politifact.com/factchecks/2012/oct/08/robert-menendez/us-sen-robert-menendez-claims-state-sen-joe-kyrill/
Tammy Baldwin,"September 28, 2012",Says U.S. Senate opponent Tommy Thompson favors raising taxes on small businesses.,mostly-false,debate comments,Health Care; Taxes; Wisconsin,Dave Umhoefer,"October 7, 2012",https://www.politifact.com/factchecks/2012/oct/07/tammy-baldwin/baldwin-says-thompson-wants-raise-taxes-small-busi/
Barry Hinckley,"October 24, 2012","U.S. Sen. Sheldon Whitehouse ""rewarded Wall Street executives with millions in bonuses.""",pants-fire,television commercial,Rhode Island; Economy; Health Care; Message Machine 2012; Voting Record; Taxes,C. Eugene Emery Jr.,"October 7, 2012",https://www.politifact.com/factchecks/2012/oct/07/barry-hinckley/us-senate-candidate-barry-hinckley-says-incumbent-/
Barack Obama,"October 3, 2012",Says 50 million people would lose their health insurance if Obamacare is repealed.,mostly-false,presidential debate,National; Debates; Health Care,Molly Moorhead,"October 5, 2012",https://www.politifact.com/factchecks/2012/oct/05/barack-obama/obama-says-50-million-lose-coverage-if-obamacare-r/
Mitt Romney,"October 3, 2012","""Pre-existing conditions are covered under my (health care) plan.""",mostly-false,presidential debate,National; Debates; Health Care,Becky Bowers,"October 5, 2012",https://www.politifact.com/factchecks/2012/oct/05/mitt-romney/mitt-romney-says-his-health-care-plan-covers-pre-e/
Barack Obama,"October 3, 2012","Because of Obamacare, ""over the last two years, health care premiums have gone up -- it's true -- but they've gone up slower than any time in the last 50 years.""",false,debate,National; Debates; Health Care,J.B. Wogan,"October 4, 2012",https://www.politifact.com/factchecks/2012/oct/04/barack-obama/obama-said-health-care-premiums-went-slower-any-ti/
Mitt Romney,"October 3, 2012","""Right now, the (Congressional Budget Office) says up to 20 million people will lose their insurance as Obamacare goes into effect next year.""",false,first presidential debate,National; Debates; Health Care,Louis Jacobson,"October 4, 2012",https://www.politifact.com/factchecks/2012/oct/04/mitt-romney/mitt-romney-says-20-million-will-lose-health-insur/
Paul Ryan,"September 30, 2012","Says President Barack Obama ""already passed all these Obamacare taxes. About a dozen of them hit middle-income taxpayers.""",mostly-false,"interview on ""Fox News Sunday""",National; Health Care; Taxes,Louis Jacobson,"October 2, 2012",https://www.politifact.com/factchecks/2012/oct/02/paul-ryan/paul-ryan-says-dozen-obamacare-taxes-hit-middle-cl/
U.S. Chamber of Commerce,"September 19, 2012","Says the ""public option"" considered in the health care law backed by U.S. Senate candidate Tammy Baldwin was ""wildly unpopular.""",false,TV ad,Health Care; Medicare; Message Machine 2012; Polls and Public Opinion; Wisconsin,Dave Umhoefer,"October 1, 2012",https://www.politifact.com/factchecks/2012/oct/01/us-chamber-commerce/chamber-commerce-says-health-care-public-option-id/
David Cicilline,"September 25, 2012","Brendan Doherty wants ""to repeal Obamacare, increasing drug prices for seniors.""",mostly-false,campaign commercial,Rhode Island; Drugs; Health Care; Medicare; Message Machine 2012; Negative Campaigning; Poverty; Public Health,C. Eugene Emery Jr.,"September 30, 2012",https://www.politifact.com/factchecks/2012/sep/30/david-cicilline/us-rep-david-cicilline-says-republican-opponent-br/
National Republican Congressional Committee,"September 10, 2012","Says Illinois Democrat David Gill ""would end Medicare.""",pants-fire,campaign commercial,National; Health Care; Medicare; Message Machine 2012,Louis Jacobson,"September 28, 2012",https://www.politifact.com/factchecks/2012/sep/28/national-republican-congressional-committee/nrcc-says-illinois-candidate-david-gill-would-end-/
Government is Not God PAC,"September 23, 2012","""Barack Hussein Obama will … force doctors to assist homosexuals in buying surrogate babies.""",pants-fire,newspaper advertisement,National; Health Care; LGBTQ; Religion,Becky Bowers,"September 27, 2012",https://www.politifact.com/factchecks/2012/sep/27/government-not-god-pac/ad-claims-obama-will-force-doctors-assist-homosexu/
Karen Handel,"September 11, 2012","""The truth is, Planned Parenthood does not provide mammograms. Planned Parenthood refers women to mammography providers, serving as the middlewoman, if you will.""",true,book,Georgia; Health Care,Janel Davis,"September 25, 2012",https://www.politifact.com/factchecks/2012/sep/25/karen-handel/karen-handel-seeks-set-record-straight-komen-plann/
Rob Zerban,"August 9, 2012","U.S. House opponent Paul Ryan supports ""cutting funding for veterans by 24 percent.""",false,interview,Disability; Federal Budget; Health Care; Housing; Veterans; Wisconsin,Tom Kertscher,"September 23, 2012",https://www.politifact.com/factchecks/2012/sep/23/rob-zerban/paul-ryan-backs-cutting-veterans-funding-24-percen/
Jon Runyan,"September 17, 2012","Says ""if we do nothing and continue to let Obamacare siphon off that $700 billion dollars off the top of it, Medicare goes away in less than 10 years -- certain accounts of it -- and it just falls apart at the seams.""",false,interview with Townsquare Media New Jersey,New Jersey; Health Care; Medicare,Erin O'Neill,"September 20, 2012",https://www.politifact.com/factchecks/2012/sep/20/jon-runyan/jon-runyan-says-if-nothing-done-stop-700-billion-c/
Barack Obama,"September 12, 2012","Says he ""will protect your guaranteed benefits"" in Medicare while ""Mitt Romney would take away Medicare as guaranteed benefits.""",half-true,campaign commercial,National; Health Care; Medicare; Message Machine 2012,Louis Jacobson,"September 17, 2012",https://www.politifact.com/factchecks/2012/sep/17/barack-obama/barack-obama-right-guaranteed-benefits-under-medic/
Menendez Facts,"September 4, 2012","""Sen. Bob Menendez voted to enact a new tax on the sale of homes of 3.8%.""",pants-fire,blog,New Jersey; Health Care; Housing; Income; Taxes,Erin O'Neill,"September 17, 2012",https://www.politifact.com/factchecks/2012/sep/17/menendez-facts/bloggers-say-bob-menendez-voted-new-38-tax-sale-ho/
Phil Gingrey,,"Medicare ""premium support"" backed by Republican vice presidential candidate Paul Ryan ""is not vouchers.""",mostly-false,,Georgia; Health Care; Medicare,Willoughby Mariano,"September 17, 2012",https://www.politifact.com/factchecks/2012/sep/17/phil-gingrey/gingrey-medicare-reform-plan-does-not-create-vouch/
Shelley Adler,"September 12, 2012","Says Congressman Jon Runyan has a ""plan to raise Medicare costs $6,400 a year.""",mostly-false,video posted on YouTube,New Jersey; Health Care; Medicare; Message Machine 2012,Bill Wichert,"September 16, 2012",https://www.politifact.com/factchecks/2012/sep/16/shelley-adler/medicare-and-football-democratic-congressional-can/
Barack Obama,"September 10, 2012","Says that under Mitt Romney, 89 million Americans could be denied coverage if they have a pre-existing condition.",half-true,Facebook post,National; Health Care,Becky Bowers,"September 14, 2012",https://www.politifact.com/factchecks/2012/sep/14/barack-obama/obama-campaign-says-89-million-americans-could-be/
Charles Bass,"August 27, 2012","Ann Kuster ""supports the government takeover of healthcare, which robs Medicare of over $700 billion.""",false,"August 27, 2012 advertisement, “Not Working,” aired",New Hampshire; Health Care; Message Machine 2012,Jake Berry,"September 12, 2012",https://www.politifact.com/factchecks/2012/sep/12/charles-bass/charlie-bass-attacks-anne-kuster-and-obamacare-tv-/
Upendra Chivukula,"August 31, 2012","Says Republicans ""have declared that they’re going to convert the Medicare program into a voucher program.""",mostly-true,interview on NJToday,New Jersey; Federal Budget; Health Care; Medicare,Bill Wichert,"September 10, 2012",https://www.politifact.com/factchecks/2012/sep/10/upendra-chivukula/republicans-plan-convert-medicare-voucher-program-/
CNSNews,"August 10, 2012","Says ""under Oregon law, girls from 15 years of age and up are given complete control over whether to be sterilized or not.""",false,news article.,Oregon; Health Care; Public Health,Ian K. Kullgren,"September 7, 2012",https://www.politifact.com/factchecks/2012/sep/07/cnsnews/oregon-do-15-year-olds-have-complete-control-over-/
Tennessee Democratic Party,"August 17, 2012","The ""Health Care Compact bill would end Medicare's guaranteed benefit for Tennessee's Medicare recipients and shift management of the federal health care plan to the state's TennCare program.""",false,Tennessee Democratic Party press release sent via email,Tennessee; Health Care; Medicaid; Medicare,Tom Humphrey,"September 7, 2012",https://www.politifact.com/factchecks/2012/sep/07/tennessee-democratic-party/democrats-say-republican-backed-legislation-would-/
James Clyburn,"September 6, 2012","When Social Security, Medicare and Medicaid were created, ""Republicans stood on the sidelines""",false,speech at the Democratic National Convention,National; Health Care; History; Medicaid; Medicare,Louis Jacobson,"September 7, 2012",https://www.politifact.com/factchecks/2012/sep/07/james-clyburn/james-clyburn-says-republicans-sat-sidelines-passa/
Kathleen Sebelius,"September 4, 2012","""Republicans would give seniors a (Medicare) voucher that limits what's covered, costing seniors as much as $6,400 more a year.""",half-true,speech at the Democratic National Convention,National; Health Care; Medicare,Becky Bowers,"September 5, 2012",https://www.politifact.com/factchecks/2012/sep/05/kathleen-sebelius/kathleen-sebelius-repeats-problematic-claim-romney/
Julián Castro,"September 4, 2012","""Seven presidents before (Barack Obama) -- Republicans and Democrats -- tried to expand health care to all Americans.""",mostly-true,keynote speech to the Democratic National Convention,National; Health Care; History,Louis Jacobson,"September 5, 2012",https://www.politifact.com/factchecks/2012/sep/05/julian-castro/julian-castro-says-seven-presidents-barack-obama-s/
Cory Booker,"September 4, 2012","""The first (state) budget that came out of our Republican leadership slashed funding to Planned Parenthood...It resulted in the reduction of hours, the elimination of days, elimination of access to women in my city and all over my state.""",true,rally at the Democratic National Convention,Abortion; New Jersey; Health Care; Women,Bill Wichert,"September 5, 2012",https://www.politifact.com/factchecks/2012/sep/05/cory-booker/cory-booker-blasts-chris-christie-slashing-funding/
Tammy Baldwin,"August 15, 2012","Federal law adopted ""under Tommy Thompson's watch"" prohibits the government from negotiating for ""better prices"" on prescription drugs for senior citizens",true,interview,Drugs; Health Care; Medicare; Wisconsin,Tom Kertscher,"September 4, 2012",https://www.politifact.com/factchecks/2012/sep/04/tammy-baldwin/uncle-sam-barred-bargaining-medicare-drug-prices-s/
Sam Olens,"August 29, 2012","Says opponents of the health care law  ""prevailed on our two main arguments"" to the U.S. Supreme Court.",mostly-true,speech,Georgia; Health Care,Eric Stirgus,"September 1, 2012",https://www.politifact.com/factchecks/2012/sep/01/sam-olens/olens-says-states-prevailed-obamacare-arguments/
Chris Christie,"August 28, 2012","Says the national health care law puts federal ""bureaucrats between an American citizen and her doctor.""",false,speech at the Republican National Convention,New Jersey; Health Care,Erin O'Neill,"August 30, 2012",https://www.politifact.com/factchecks/2012/aug/30/chris-christie/chris-christie-says-national-health-care-law-puts-/
Chris Christie,"August 28, 2012","Says the United States has ""the world’s greatest health care system.""",half-true,keynote address at the Republican National Convention,New Jersey; Health Care,Bill Wichert,"August 30, 2012",https://www.politifact.com/factchecks/2012/aug/30/chris-christie/chris-christie-claims-united-states-has-worlds-gre/
Crossroads GPS,"August 15, 2012","Says Sherrod Brown voted ""for the $1.17 trillion health care law that adds a new tax on Ohio manufacturers.""",half-true,campaign commercial,Ohio; Health Care; Taxes,Tom Feran,"August 30, 2012",https://www.politifact.com/factchecks/2012/aug/30/crossroads-gps/crossroad-gps-says-117-trillion-health-care-law-sh/
Artur Davis,"August 28, 2012","The health care law imposes a federal mandate requiring middle-class Americans to buy health insurance ""whether they can afford it or not.""",mostly-false,speech at the Republican National Convention,National; Health Care,Angie Drobnic Holan,"August 29, 2012",https://www.politifact.com/factchecks/2012/aug/29/artur-davis/artur-davis-says-health-care-law-requires-people-b/
Tommy Thompson,"August 15, 2012","Says U.S. Senate rival Tammy Baldwin wants a ""completely government-controlled"" health care system that goes ""far beyond 'Obamacare'"" and is ""a Medicare system for all.""",mostly-true,interview,Health Care; Government Regulation; Medicare; Public Health; Wisconsin,Tom Kertscher,"August 26, 2012",https://www.politifact.com/factchecks/2012/aug/26/tommy-thompson/tommy-thompson-says-us-senate-rival-tammy-baldwin-/
Paul Ryan,"August 18, 2012","The Romney-Ryan plan for Medicare ""does not affect"" benefits for anyone 55 or older.",half-true,campaign stop at The Villages,Health Care; Medicare; Florida,Katie Sanders,"August 24, 2012",https://www.politifact.com/factchecks/2012/aug/24/paul-ryan/paul-ryan-says-his-plan-would-not-affect-current-m/
Jim Renacci,"August 15, 2012","Says Betty Sutton and House Democrats ""gutted"" Medicare by $741 billion to pay for Obamacare.",mostly-false,campaign email,Ohio; Health Care; Medicare,Tom Feran,"August 24, 2012",https://www.politifact.com/factchecks/2012/aug/24/jim-renacci/jim-renacci-says-betty-sutton-democrats-gutted-med/
Barack Obama,"August 17, 2012","Paul Ryan’s Medicare plan ""could raise future retirees’ costs more than $6,000.""",half-true,campaign commercial,National; Corrections and Updates; Health Care; Medicare; Message Machine 2012,Louis Jacobson,"August 23, 2012",https://www.politifact.com/factchecks/2012/aug/23/barack-obama/barack-obama-ad-says-paul-ryans-medicare-plan-coul/
John Carter,"July 31, 2012","Says an appointed board created under Obamacare ""will have the ability to come between you and your doctor in determining the best treatment options for you!""",false,letter to constituents.,Health Care; Texas,W. Gardner Selby,"August 21, 2012",https://www.politifact.com/factchecks/2012/aug/21/john-carter/john-cornyn-says-board-comes-you-treatment-options/
Betty Sutton,"July 18, 2012",Says House Republicans spent $50 million on 33 votes to repeal Obamacare.,false,campaign email,Ohio; Health Care,Tom Feran,"August 21, 2012",https://www.politifact.com/factchecks/2012/aug/21/betty-sutton/betty-sutton-says-republicans-spent-50-million-oba/
Mitt Romney,"August 15, 2012","""Under the president's plan, he cuts Medicare by $716 billion, takes that money out of the Medicare trust fund and uses it to pay for Obamacare.""",half-true,interview,Health Care; Medicare; Tampa Bay 10 News; Florida,Angie Drobnic Holan,"August 20, 2012",https://www.politifact.com/factchecks/2012/aug/20/mitt-romney/romney-says-obama-cuts-716-medicare-pay-obamacare/
National Republican Congressional Committee,"August 14, 2012","Says Reps. Rush Holt, Frank Pallone and Bill Pascrell are ""willing to jeopardize seniors’ access to coverage by gutting $741 billion from Medicare"" to pay for a ""big-government healthcare takeover.""",pants-fire,news release,New Jersey; Health Care; Medicare,Bill Wichert,"August 19, 2012",https://www.politifact.com/factchecks/2012/aug/19/national-republican-congressional-committee/house-democrats-support-gutting-medicare-more-700-/
Barry Hinckley,"October 24, 2012","""Thirty percent of [Sheldon Whitehouse' campaign] money is coming from special interests.""",mostly-true,television commercial,Rhode Island; Economy; Health Care; Message Machine 2012; Voting Record; Taxes,C. Eugene Emery Jr.,"August 19, 2012",https://www.politifact.com/factchecks/2012/aug/19/barry-hinckley/us-senate-candidate-barry-hinckley-says-incumbent-/
Ultraviolet,"August 16, 2012","Paul Ryan would ""outlaw in vitro fertilization.""",half-true,graphic on the Internet,Abortion; National; Health Care; Legal Issues; Women,Louis Jacobson,"August 17, 2012",https://www.politifact.com/factchecks/2012/aug/17/ultraviolet/womens-group-says-paul-ryan-would-outlaw-vitro-fer/
Barack Obama,"August 15, 2012","Says Mitt Romney and Paul Ryan ""want to turn Medicare into a voucher system.""",mostly-true,remarks at a campaign event,National; Federal Budget; Health Care; Medicare,Louis Jacobson,"August 16, 2012",https://www.politifact.com/factchecks/2012/aug/16/barack-obama/does-paul-ryan-want-turn-medicare-voucher-program/
Stephanie Cutter,"August 12, 2012",Says Paul Ryan's budget relies on the same $700 billion in savings from Medicare that Mitt Romney and other Republicans have been attacking Democrats about.,true,"interview on ""Face the Nation""",National; Federal Budget; Health Care; Medicare; Retirement,Angie Drobnic Holan,"August 15, 2012",https://www.politifact.com/factchecks/2012/aug/15/stephanie-cutter/ryans-plan-includes-700-billion-medicare-cuts-says/
David Cicilline,"August 9, 2012","""(Brendan) Doherty wants to raise the eligibility age for Social Security benefits for anyone born after 1960, with no regard for the challenges it would cause for people working in physically demanding occupations.""",false,campaign flier,Rhode Island; Federal Budget; Health Care; Medicare; Social Security,Tom Mooney,"August 15, 2012",https://www.politifact.com/factchecks/2012/aug/15/david-cicilline/says-brendan-doherty-wants-raise-social-security-e/
Floridians for Ethics and Truth in Politics,"August 13, 2012",Says state Senate candidate Aaron Bean voted to give health care subsidies to illegal immigrants.,false,attack ad,Immigration; Health Care; Florida,Katie Sanders,"August 13, 2012",https://www.politifact.com/factchecks/2012/aug/13/floridians-ethics-and-truth-politics/outside-group-claims-aaron-bean-voted-give-health-/
Mike Stenhouse,"July 29, 2012","Rhode Island has ""the most burdensome level of health-insurance mandates in the nation.""",half-true,commentary,Rhode Island; Economy; Health Care; Government Regulation; Public Health; States,C. Eugene Emery Jr.,"August 12, 2012",https://www.politifact.com/factchecks/2012/aug/12/mike-stenhouse/ri-center-freedom-and-prosperity-ceo-mike-stenhous/
Eric Hovde,"July 26, 2012","Says Tommy Thompson favors Obama's health care mandate, was publicly thanked by Obama for health reform support and that Thompson ""says we can't repeal 'Obamacare.'""",false,radio ad,Health Care; Message Machine 2012; Public Health; Wisconsin,Tom Kertscher,"August 10, 2012",https://www.politifact.com/factchecks/2012/aug/10/eric-hovde/senate-rival-tommy-thompson-backs-obamacare-says-i/
Eric Hovde,"July 29, 2012","President Obama and Nancy Pelosi said ""Obamacare"" would save money because ""they factored in 10 years worth of tax revenue and only six and half years worth of expenses.""",half-true,television interview,Health Care; Wisconsin,James B. Nelson,"August 8, 2012",https://www.politifact.com/factchecks/2012/aug/08/eric-hovde/gop-candidate-us-senate-hovde-claims-obamacare-lev/
Chain email,"July 12, 2012","Medicare insurance premiums will be rising to ""$120.20 per month in 2013 and $247.00 per month in 2014.""",pants-fire,message via the Internet,Rhode Island; Federal Budget; Health Care; Medicare; Poverty; Retirement,C. Eugene Emery Jr.,"August 7, 2012",https://www.politifact.com/factchecks/2012/aug/07/chain-email/blue-cross-logo-gives-new-fuel-bogus-e-mail-claimi/
Scott Garrett,"July 29, 2012","""The president’s health care law raids Medicare by more than $500 billion and creates a Medicare rationing board — a group of 15 unelected bureaucrats — to slow the growth of Medicare spending.""",mostly-false,op-ed on NorthJersey.com,New Jersey; Health Care; Medicare,Erin O'Neill,"August 3, 2012",https://www.politifact.com/factchecks/2012/aug/03/scott-garrett/scott-garrett-claims-affordable-care-act-raidts-me/
National Republican Congressional Committee,"July 30, 2012","In 2010, Betty Sutton ""voted to destroy Medicare.""",false,news release,Ohio; Health Care; Medicare,Stephen Koff,"August 3, 2012",https://www.politifact.com/factchecks/2012/aug/03/national-republican-congressional-committee/nrcc-targets-betty-suttons-support-health-care-ref/
Michael Riley,"July 26, 2012","The Congressional Budget Office ""has already doubled its estimate for the cost (of Obamacare) so far from roughly $800 billion to $1.7 trillion.""",false,"taped debate on ""State of the State""",Rhode Island; Deficit; Federal Budget; Health Care; Taxes,C. Eugene Emery Jr.,"August 2, 2012",https://www.politifact.com/factchecks/2012/aug/02/michael-riley/ri-congressional-candidate-michael-riley-says-cong/
Dave Weldon,"July 23, 2012","Embryonic stem cell research is at a ""dead end, with no one good example of a successful treatment.""",mostly-false,mock debate,Health Care; Message Machine 2012; Science; Florida,Katie Sanders,"July 31, 2012",https://www.politifact.com/factchecks/2012/jul/31/dave-weldon/dave-weldon-claims-embryonic-stem-cell-research-de/
George Flinn,"July 5, 2012","Says his ""patents in ultrasound have revolutionized modern medicine.""",pants-fire,a campaign TV commercial.,Tennessee; Health Care,Bartholomew Sullivan,"July 30, 2012",https://www.politifact.com/factchecks/2012/jul/30/george-flinn/memphis-candidate-george-flinn-claims-his-patents-/
Scott Walker,"July 12, 2012","A study showed that President Barack Obama’s health-care reforms will ""devastate Wisconsin"" by pushing people off employer-sponsored insurance, driving up premiums, increasing dependency and making 122,000 people ineligible for Medicaid.",false,op-ed piece,Federal Budget; Health Care; Medicaid; Medicare; State Budget; States; Wisconsin,Guy Boulton,"July 29, 2012",https://www.politifact.com/factchecks/2012/jul/29/scott-walker/scott-walker-says-study-shows-federal-health-care-/
Patrick Kennedy,"July 13, 2012","""The largest number of bankruptcies in our country are really as a result of health care.""",half-true,radio interview,Bankruptcy; Rhode Island; Economy; Health Care,Edward Fitzpatrick,"July 29, 2012",https://www.politifact.com/factchecks/2012/jul/29/patrick-kennedy/former-us-rep-patrick-kennedy-says-most-bankruptci/
Lou Ann Zelenik,"July 26, 2012","""Diane Black voted to fund Obamacare.""",false,an ongoing radio commercial.,Tennessee; Congress; Health Care,Michael Collins,"July 27, 2012",https://www.politifact.com/factchecks/2012/jul/27/lou-ann-zelenik/gop-challenger-zelenik-says-diane-black-voted-fund/
NARAL Pro-Choice America,"July 19, 2012","""In 2010, Mr. [Anthony] Gemma described himself as a 'pro-life' candidate. Now, he claims to be pro-choice.""",true,news release,Abortion; Rhode Island; Candidate Biography; Health Care; Legal Issues; Women,C. Eugene Emery Jr.,"July 27, 2012",https://www.politifact.com/factchecks/2012/jul/27/naral-pro-choice/abortion-rights-group-says-democratic-congressiona/
Mark Neumann,"July 10, 2012","""Obamacare"" is the ""biggest tax increase in American history.""",false,interview,Corrections and Updates; Federal Budget; Health Care; Taxes; Wisconsin,Tom Kertscher,"July 25, 2012",https://www.politifact.com/factchecks/2012/jul/25/mark-neumann/biggest-tax-hike-us-history-obamacare-says-gop-us-/
Chain email,"July 24, 2012","The health care law includes ""a 3.8% sales tax"" on ""all real estate transactions.""",pants-fire,chain email,National; Health Care; Taxes,Angie Drobnic Holan,"July 25, 2012",https://www.politifact.com/factchecks/2012/jul/25/chain-email/3-8-percent-tax-real-estate-transactions-health-ca/
Jeff Fitzgerald,"June 28, 2012","Says ""Obamacare"" is ""the largest middle-class tax increase in history.""",pants-fire,tweet,Federal Budget; Health Care; Taxes; Wisconsin,Tom Kertscher,"July 23, 2012",https://www.politifact.com/factchecks/2012/jul/23/jeff-fitzgerald/obamacare-largest-ever-tax-middle-class-gop-us-sen/
Charlotte Bergmann,"July 4, 2012","""Obamacare"" represents ""the largest tax increase in the history of the world.""",pants-fire,email newsletter.,Tennessee; Health Care; History; Taxes,Bartholomew Sullivan,"July 22, 2012",https://www.politifact.com/factchecks/2012/jul/22/charlotte-bergmann/memphis-candidate-bergmann-repeats-limbaugh-claim-/
Josh Mandel,"June 28, 2012","The Affordable Care Act ""will likely go down as the biggest tax increase in history.""",pants-fire,news release,Ohio; Financial Regulation; Health Care; Taxes,Tom Feran,"July 20, 2012",https://www.politifact.com/factchecks/2012/jul/20/josh-mandel/josh-mandel-says-obamacare-will-ultimately-be-bigg/
Marco Rubio,"July 8, 2012","The health care law ""adds around $800 billion of taxes on the American people. It does not discriminate between rich and poor.""",false,newspaper op-ed,Health Care; Florida,Katie Sanders,"July 16, 2012",https://www.politifact.com/factchecks/2012/jul/16/marco-rubio/rubio-says-taxes-health-care-law-do-not-discrimina/
New Hampshire Democratic Party,"July 6, 2012","""Bill O'Brien's Tea Party legislature tried to repeal kindergarten and compulsory education, defund Planned Parenthood and eliminate insurance coverage for birth control.""",mostly-false,Web advertisement titled “College vs. Smokes.”,Abortion; New Hampshire; Education; Health Care,Jake Berry,"July 16, 2012",https://www.politifact.com/factchecks/2012/jul/16/new-hampshire-democratic-party/nh-democrats-heap-blame-speaker-bill-obrien-and-hi/
Brian Robinson,"July 8, 2012","Funding the federal health care law without a tax hike will ""require the state to cut nearly a quarter of its annual budget.""",false,article,Georgia; Health Care; Medicaid; State Budget,Eric Stirgus,"July 16, 2012",https://www.politifact.com/factchecks/2012/jul/16/brian-robinson/deal-spokesman-slips-health-care-impact-georgia/
Eric Cantor,"June 28, 2012","Because of the health care act, ""The people who have health care and like it in this county are not going to be able to keep what they have.""",mostly-false,TV interview.,Health Care; Virginia,Warren Fiske,"July 16, 2012",https://www.politifact.com/factchecks/2012/jul/16/eric-cantor/cantor-says-under-health-care-law-people-who-their/
Tommy Thompson,"June 13, 2012","Says he ""never supported"" federal health care individual mandate.",false,tweets,Candidate Biography; Health Care; Government Regulation; Public Health; Wisconsin,Tom Kertscher,"July 15, 2012",https://www.politifact.com/factchecks/2012/jul/15/tommy-thompson/gop-wisconsin-senate-candidate-thompson-says-he-ne/
"Vincent ""Buddy"" Cianci","July 11, 2012","President Obama’s health care law says ""when you sell your house now you have to pay a 3.8 percent tax.""",pants-fire,question to a candidate,Rhode Island; Health Care; Housing; Income; Taxes,C. Eugene Emery Jr.,"July 15, 2012",https://www.politifact.com/factchecks/2012/jul/15/vincent-buddy-cianci/talk-show-host-buddy-cianci-says-obamas-health-car/
Jeff Duncan,"July 10, 2012","""83% of doctors have considered leaving the profession because of #Obamacare.""",false,tweet,National; Health Care; Polls and Public Opinion,Louis Jacobson,"July 12, 2012",https://www.politifact.com/factchecks/2012/jul/12/jeff-duncan/gop-lawmaker-jeff-duncan-repeats-survey-finding-83/
American Commitment,"July 10, 2012","The health care law could cost up to $2 trillion, ""double what we were promised.""",false,television ad,Corrections and Updates; Federal Budget; Health Care; Message Machine 2012; Florida,Angie Drobnic Holan,"July 11, 2012",https://www.politifact.com/factchecks/2012/jul/11/american-commitment/tv-ad-says-health-laws-cost-2-trillion-double-what/
American Commitment,"July 10, 2012","The health care law ""imposes the largest tax increase in history on the middle class.""",pants-fire,television ad,Health Care; Message Machine 2012; Taxes; Florida,Angie Drobnic Holan,"July 11, 2012",https://www.politifact.com/factchecks/2012/jul/11/american-commitment/health-care-law-largest-tax-increase-history-middl/
American Commitment,"July 10, 2012","""Bill Nelson was the deciding vote"" on the health care law.",mostly-false,television ad,Health Care; Message Machine 2012; Voting Record; Florida,Angie Drobnic Holan,"July 11, 2012",https://www.politifact.com/factchecks/2012/jul/11/american-commitment/another-outside-group-says-bill-nelson-was-decidin/
Sean Duffy,"June 7, 2012","President Barack Obama’s health care reform ""slashed $500 billion from Medicare.""",mostly-false,news release,Health Care; Medicare; Public Health; Wisconsin,Tom Kertscher,"July 11, 2012",https://www.politifact.com/factchecks/2012/jul/11/sean-duffy/wisconsin-gop-us-rep-sean-duffy-says-obamacare-law/
Robert Menendez,"June 28, 2012","Says as a result of the national health care reform, ""the Congressional Budget Office says we save $250 million over the first 10 years. Over the next 10 years, we save $1.2 trillion in savings in terms of health care.""",mostly-false,interview on Richard French Live,New Jersey; Health Care,Bill Wichert,"July 11, 2012",https://www.politifact.com/factchecks/2012/jul/11/robert-menendez/us-sen-robert-menendez-claims-health-care-reform-w/
Phil Gingrey,"June 28, 2012","The health care law is ""the largest tax [increase] in the history of our country""",false,radio interview,Georgia; Health Care; Taxes,Willoughby Mariano,"July 11, 2012",https://www.politifact.com/factchecks/2012/jul/11/phil-gingrey/gingrey-claim-about-obama-health-care-old-inaccura/
Tom Price,"June 29, 2012","Sixteen thousand new Internal Revenue Service agents will be ""empowered to enforce"" the new health care legislation.",mostly-false,television interview,Georgia; Health Care; Taxes,Willoughby Mariano,"July 10, 2012",https://www.politifact.com/factchecks/2012/jul/10/tom-price/price-16000-irs-agents-will-enforce-obama-health-c/
Facebook posts,"July 3, 2012 in","""75 percent of the Obamacare tax falls on the middle class.""",false,on the Internet,National; Health Care; Message Machine 2012; Taxes,Louis Jacobson,"July 9, 2012",https://www.politifact.com/factchecks/2012/jul/09/facebook-posts/facebook-post-says-75-percent-obamacare-tax-falls-/
Mitt Romney,"June 28, 2012",""" ‘Obamacare’ puts the federal government between you and your doctor.""",false,prepared remarks,National; Health Care,Jon Greenberg,"July 9, 2012",https://www.politifact.com/factchecks/2012/jul/09/mitt-romney/health-law-puts-government-between-patients-and-do/
Elizabeth Roberts,"July 29, 2012","""Two thirds to three quarters of people without [health] insurance in Rhode Island work.""",half-true,"panel discussion on ""A Lively Experiment""",Rhode Island; Health Care; Poverty; Public Health; Welfare,C. Eugene Emery Jr.,"July 8, 2012",https://www.politifact.com/factchecks/2012/jul/08/elizabeth-roberts/ri-lt-gov-elizabeth-roberts-says-two-thirds-three-/
Nancy Pelosi,"July 1, 2012 in","Under the health care law, ""everybody will have lower rates, better quality care and better access.""",false,on 'Meet the Press',National; Health Care,Jon Greenberg,"July 6, 2012",https://www.politifact.com/factchecks/2012/jul/06/nancy-pelosi/nancy-pelosi-says-everybody-will-get-more-and-pay-/
Rick Scott,"July 2, 2012","Says the Congressional Budget Office ""said if you’re going to buy your own policy with these (health care) exchanges you’ll be paying 10 percent more ... about $2,100 more for a family.""",mostly-false,Fox News interview,Health Care; Florida,Katie Sanders,"July 6, 2012",https://www.politifact.com/factchecks/2012/jul/06/rick-scott/scott-says-health-insurance-premiums-increase/
Bob McDonnell,"June 29, 2012","States still face a ""mandate"" to expand Medicaid coverage under President Obama's health care reform law.",pants-fire,TV interview.,Health Care; Virginia,Sean Gorman,"July 6, 2012",https://www.politifact.com/factchecks/2012/jul/06/bob-mcdonnell/bob-mcdonnell-says-supreme-court-ruling-health-car/
Mitt Romney,"July 4, 2012","The Supreme Court said the individual mandate ""is a tax. So it's a tax.""",mostly-true,interview with CBS News,National; Health Care; Legal Issues; Taxes,Louis Jacobson,"July 5, 2012",https://www.politifact.com/factchecks/2012/jul/05/mitt-romney/mitt-romney-says-health-care-laws-penalty-tax/
John Boehner,"July 1, 2012","The United States has ""the best health care delivery system in the world.""",half-true,"interview on CBS's ""Face the Nation""",National; Health Care,Louis Jacobson,"July 5, 2012",https://www.politifact.com/factchecks/2012/jul/05/john-boehner/john-boehner-says-us-health-care-system-best-world/
Rick Scott,"June 29, 2012","A company with ""20 employees"" could go ""out of business"" because of health care law requirements to buy insurance.",pants-fire,TV interview with Greta Van Susteren,Health Care; Small Business; Florida,Tia Mitchell,"July 3, 2012",https://www.politifact.com/factchecks/2012/jul/03/rick-scott/rick-scott-small-business-health-care/
Rick Scott,"July 2, 2012","The Medicaid expansion is ""going to cost Florida $1.9 billion a year.""",false,comments on CNBC,Health Care; Medicaid; State Budget; Florida,Aaron Sharockman,"July 2, 2012",https://www.politifact.com/factchecks/2012/jul/02/rick-scott/rick-scott-says-medicaid-expansion-will-cost-state/
Rick Scott,"July 2, 2012","Says the health care law rations care, like systems in Canada and Great Britain.",false,interview on Fox News,Health Care; Florida,Angie Drobnic Holan,"July 2, 2012",https://www.politifact.com/factchecks/2012/jul/02/rick-scott/rick-scott-says-health-care-law-rations-care-syste/
George Allen,"June 16, 2012","President Obama's health care law is ""a government takeover of healthcare.""",false,speech.,Health Care; Regulation; Virginia,Sean Gorman,"July 1, 2012",https://www.politifact.com/factchecks/2012/jul/01/george-allen/george-allen-calls-health-care-law-government-take/
Barry Hinckley,"June 28, 2012","President Obama’s health-care law will ""add trillions of dollars in debt.""",false,fundraising letter,Rhode Island; Deficit; Federal Budget; Health Care; Taxes,C. Eugene Emery Jr.,"June 30, 2012",https://www.politifact.com/factchecks/2012/jun/30/barry-hinckley/republican-us-senate-candidate-barry-hinckley-says/
Becky Moeller,"June 28, 2012","Says the federal health care law upheld by the Supreme Court ""has improved or saved the lives of more than 4,000 Texans"" otherwise prevented from obtaining health coverage due to pre-existing conditions.",true,statement reacting to the Supreme Court decision upholding the law.,Health Care; Texas,W. Gardner Selby,"June 29, 2012",https://www.politifact.com/factchecks/2012/jun/29/becky-moeller/becky-moeller-says-over-4000-texas-lives-have-impr/
Barack Obama,"June 28, 2012","""If you're one of the more than 250 million Americans who already have health insurance, you will keep your health insurance.""",half-true,speech at the White House,National; Health Care,Louis Jacobson,"June 29, 2012",https://www.politifact.com/factchecks/2012/jun/29/barack-obama/barack-obama-says-under-his-health-care-law-those-/
Mitt Romney,"June 28, 2012","""Obamacare … means that for up to 20 million Americans, they will lose the insurance they currently have, the insurance that they like and they want to keep.""",false,speech,National; Health Care,Louis Jacobson,"June 29, 2012",https://www.politifact.com/factchecks/2012/jun/29/mitt-romney/mitt-romney-says-obamacare-means-20-million-americ/
Mark Neumann,"June 20, 2012","Says ""Barack Obama and his team"" are ""socialists in every respect of the word.""",pants-fire,interview,Candidate Biography; Health Care; Government Regulation; Religion; Wisconsin,Tom Kertscher,"June 29, 2012",https://www.politifact.com/factchecks/2012/jun/29/mark-neumann/obama-and-team-socialists-wisconsin-gop-senate-can/
Jon Runyan,"June 28, 2012","Says there are ""$500 billion in Medicare cuts required to pay for this flawed [health care law].""",mostly-false,press release,New Jersey; Health Care,Erin O'Neill,"June 29, 2012",https://www.politifact.com/factchecks/2012/jun/29/jon-runyan/jon-runyan-claims-barack-obamas-health-care-includ/
Mitt Romney,"June 28, 2012","""Obamacare adds trillions to our deficits and to our national debt.""",false,press conference,National; Federal Budget; Health Care,Angie Drobnic Holan,"June 28, 2012",https://www.politifact.com/factchecks/2012/jun/28/mitt-romney/mitt-romney-says-obamacare-adds-trillions-deficit/
Sarah Palin,"June 28, 2012","Obama ""said (the individual mandate) wasn't a tax.""",true,tweet,National; Health Care; Pundits; Taxes,Louis Jacobson,"June 28, 2012",https://www.politifact.com/factchecks/2012/jun/28/sarah-palin/sarah-palin-said-barack-obama-once-said-individual/
Rush Limbaugh,"June 28, 2012","""Obamacare is . . . the largest tax increase in the history of the world.""",pants-fire,comments on his radio show,National; Health Care; Pundits,Aaron Sharockman,"June 28, 2012",https://www.politifact.com/factchecks/2012/jun/28/rush-limbaugh/health-care-law-not-largest-tax-increase-us-histor/
Tammy Baldwin,"June 7, 2012","Says U.S. Senate rival Tommy Thompson said he wants to ""do away with Medicare.""",half-true,speech,Federal Budget; Health Care; Medicare; Wisconsin,Dave Umhoefer,"June 28, 2012",https://www.politifact.com/factchecks/2012/jun/28/tammy-baldwin/baldwin-says-thompson-wants-do-away-medicare/
Wendy Davis,"June 9, 2012","Says because of Texas lawmakers’ choices, ""hundreds of thousands of women no longer have access to basic medical care, life-saving cancer screenings and contraception.""",half-true,her speech at Texas Democratic Party State Convention,Health Care; State Budget; Women; Texas,Sue Owen,"June 27, 2012",https://www.politifact.com/factchecks/2012/jun/27/wendy-davis/wendy-davis-says-texas-lawmakers-cut-basic-health-/
Tommy Thompson,"June 7, 2012",Federal health care reforms amounted to ‘the government takeover of health care.’,pants-fire,television ad,Health Care; Wisconsin,James B. Nelson,"June 24, 2012",https://www.politifact.com/factchecks/2012/jun/24/tommy-thompson/tommy-thompson-says-federal-health-care-reforms-ar/
Lamar Alexander,"June 18, 2012","""Three of our cities are among the top five worst cities in the U.S. for asthma.""",true,prepared remarks at a Congressional field hearing.,Environment; Tennessee; Energy; Health Care; Government Regulation; Public Health; Regulation,Zack McMillin,"June 24, 2012",https://www.politifact.com/factchecks/2012/jun/24/lamar-alexander/lamar-alexander-says-three-tennessee-cities-among-/
American Crossroads,"June 13, 2012","Tim Kaine urged ""$500 billion in Medicare cuts.""",false,TV ad.,Health Care; Medicare; Message Machine 2012; Virginia,Nancy  Madsen,"June 20, 2012",https://www.politifact.com/factchecks/2012/jun/20/american-crossroads/american-crossroads-says-tim-kaine-urged-500-billi/
Facebook posts,"April 13, 2012","""Romneycare covers abortion, illegal immigrants and has a public option. Obamacare does not.""",mostly-false,Facebook post,Abortion; Immigration; National; Health Care,Molly Moorhead,"June 18, 2012",https://www.politifact.com/factchecks/2012/jun/18/facebook-posts/facebook-post-compares-elements-romneycare-obamaca/
Marsha Blackburn,,"Says her congressional district has 10,000 medical-device industry jobs and 1,000 will be lost because of health-care law tax.",mostly-false,,Tennessee; Economy; Health Care; Jobs; Taxes,Bartholomew Sullivan,"June 17, 2012",https://www.politifact.com/factchecks/2012/jun/17/marsha-blackburn/marsha-blackburn-says-health-care-law-will-lead-lo/
60 Plus Association,"June 6, 2012","U.S. Sen. Bill Nelson was ""the deciding vote for the health care law.""",mostly-false,television ad,Candidate Biography; Health Care; Message Machine 2012; Voting Record; Florida,Louis Jacobson,"June 14, 2012",https://www.politifact.com/factchecks/2012/jun/14/60-plus-association/florida-bill-nelson-deciding-vote-health-care/
Ohio Democratic Party,"June 3, 2012","Rob Portman shares ""radical, ideological views"" toward women.",false,news release,Abortion; Ohio; Health Care; Voting Record; Women,Stephen Koff,"June 14, 2012",https://www.politifact.com/factchecks/2012/jun/14/ohio-democratic-party/ohio-democratic-party-says-rob-portman-shares-radi/
Lamar Alexander,"May 7, 2012","Says ""we are overcharging students . . . to help pay for the health care law.""",half-true,speech on the Senate floor.,Tennessee; Education; Federal Budget; Health Care,Bartholomew Sullivan,"June 10, 2012",https://www.politifact.com/factchecks/2012/jun/10/lamar-alexander/sen-lamar-alexander-says-students-overcharged-loan/
Elizabeth Roberts,"May 24, 2012","""Massachusetts is reporting a trend far below the national trend in the escalation of health-care costs in this year.""",mostly-false,debate on State of the State,Rhode Island; Health Care; Medicaid; Medicare; Public Health,C. Eugene Emery Jr.,"June 10, 2012",https://www.politifact.com/factchecks/2012/jun/10/elizabeth-roberts/lt-gov-elizabeth-roberts-says-massachusetts-health/
Bob Marshall,"May 24, 2012","Homosexual behavior ""cuts your life by about 20 years.""",false,interview.,Health Care; LGBTQ; Sexuality; Virginia,Sean Gorman,"June 7, 2012",https://www.politifact.com/factchecks/2012/jun/07/bob-marshall/bob-marshall-says-homosexual-behavior-cuts-life-ex/
Kelly Ayotte,"May 8, 2012",Says the Affordable Care Act was a federal takeover of the student loan industry and ‘profits’ on the loans go to help pay for the health care law.,mostly-false,email to the news media,New Hampshire; Corrections and Updates; Education; Federal Budget; Health Care,Maryalice Gill,"June 1, 2012",https://www.politifact.com/factchecks/2012/jun/01/kelly-ayotte/kelly-ayotte-claims-student-loan-change-government/
Allen West,"May 14, 2012","An ""Obamacare slush fund"" paid to spay and neuter dogs and cats, then counted it as an ""anti-obesity campaign.""",false,newsletter,Animals; Corrections and Updates; Health Care; Stimulus; Florida,Amy Sherman,"May 30, 2012",https://www.politifact.com/factchecks/2012/may/30/allen-west/allen-west-says-obamacare-slush-fund-was-being-use/
Michelle Obama,"May 29, 2012","""Only 2 percent of public high schools in the country offer PE classes.""",false,interview with NPR,National; Education; Health Care,Louis Jacobson,"May 30, 2012",https://www.politifact.com/factchecks/2012/may/30/michelle-obama/michelle-obama-understates-percent-high-schools-ph/
Mahlon Mitchell,"May 11, 2012","Access for 12,000 women to use Planned Parenthood -- ""not for the right to choose,"" but for ""basic health care"" -- was ""taken away"" by Wisconsin Gov. Scott Walker and Lt. Gov. Rebecca Kleefisch.",mostly-true,interview,Abortion; Health Care; Public Health; Women; Wisconsin,Tom Kertscher,"May 30, 2012",https://www.politifact.com/factchecks/2012/may/30/mahlon-mitchell/wisconsin-recall-dem-lt-gov-candidate-says-walker-/
Josh Mandel,"May 23, 2012","Says Sen. Sherrod Brown ""cast the deciding vote on the government takeover of health care.""",false,campaign commercial,Ohio; Health Care; Message Machine 2012; Voting Record,Tom Feran,"May 30, 2012",https://www.politifact.com/factchecks/2012/may/30/josh-mandel/josh-mandel-says-sherrod-brown-cast-deciding-vote-/
Joseph McNamara,"May 15, 2012","""In the state of Rhode Island 25 percent of our current physicians are graduates of for-profit medical schools.""",false,House debate,Rhode Island; Education; Health Care; Public Health,Tom Mooney,"May 29, 2012",https://www.politifact.com/factchecks/2012/may/29/joseph-mcnamara/ri-rep-joseph-mcnamara-says-25-percent-rhode-islan/
William O'Brien,"May 7, 2012","""There’s 400 more people working in health care today in New Hampshire than when we passed the budget.""",false,interview with the Telegraph editorial board,New Hampshire; Health Care; State Budget,Jake Berry,"May 25, 2012",https://www.politifact.com/factchecks/2012/may/25/william-obrien/obrien-says-health-care-employment-has-grown-despi/
Barack Obama,"May 3, 2012","Says under Mitt Romney, ""Medicare could end as we know it, leaving Julia with nothing but a voucher to buy insurance, which means $6,350 extra per year for a similar plan.""",mostly-false,graphical tool on the campaign website,National; Corrections and Updates; Federal Budget; Health Care; Medicare,Becky Bowers,"May 24, 2012",https://www.politifact.com/factchecks/2012/may/24/barack-obama/barack-obamas-life-julia-says-mitt-romney-would-re/
Crossroads GPS,"May 16, 2012","""Millions could lose their health care coverage and be forced into a government pool"" under the new health care law.",false,television ad,Health Care; Florida,Angie Drobnic Holan,"May 21, 2012",https://www.politifact.com/factchecks/2012/may/21/crossroads-gps/crossroads-says-obama-broke-his-promise-health-car/
U.S. Chamber of Commerce,"May 21, 2012","""Obamacare could cause 20 million people to lose their current coverage.""",mostly-false,TV commercial,Health Care; Message Machine 2012; Florida,Katie Sanders,"May 21, 2012",https://www.politifact.com/factchecks/2012/may/21/us-chamber-commerce/chamber-commerce-claims-20-million-people-will-los/
Jim Renacci,"May 11, 2012","Betty Sutton ""gutted Medicare by $500 billion"" with her vote for the president's health care bill.",mostly-false,campaign website posting,Ohio; Health Care; Medicare; Voting Record,Tom Feran,"May 21, 2012",https://www.politifact.com/factchecks/2012/may/21/jim-renacci/jim-renacci-says-betty-sutton-gutted-medicare-500-/
Jon Runyan,"May 4, 2012","Says ""as we sit right now, Medicare, if we do nothing, will be gone in eight years, if we do nothing to it.""",false,interview on NJTV’s “On the Record”,New Jersey; Health Care; Medicare,Bill Wichert,"May 20, 2012",https://www.politifact.com/factchecks/2012/may/20/jon-runyan/rep-jon-runyan-claims-medicare-will-be-gone-eight-/
U.S. Chamber of Commerce,"May 8, 2012","""A Florida judge ruled parts of Obamacare unconstitutional.""",mostly-true,attack ad for TV,Health Care; Legal Issues; Message Machine 2012; Florida,Katie Sanders,"May 18, 2012",https://www.politifact.com/factchecks/2012/may/18/us-chamber-commerce/attack-against-alan-grayson-chamber-points-florida/
Crossroads GPS,"May 16, 2012","President Obama ""promised"" families making less than $250,000 a year would not see taxes go up, but ""Obamacare raises 18 different taxes.""",mostly-false,television ad,Candidate Biography; Health Care; Taxes; Florida,Angie Drobnic Holan,"May 17, 2012",https://www.politifact.com/factchecks/2012/may/17/crossroads-gps/crossroads-gps-says-health-care-law-raises-taxes-1/
U.S. Chamber of Commerce,"May 9, 2012","""20 million people could lose their current coverage"" … ""including our senior citizens who are on Medicare.""",pants-fire,TV ad,Health Care; Medicare; Message Machine 2012; Tampa Bay 10 News; Florida,Angie Drobnic Holan,"May 15, 2012",https://www.politifact.com/factchecks/2012/may/15/us-chamber-commerce/us-chamber-seniors-20-million-health-care-law-lose/
U.S. Chamber of Commerce,"May 9, 2012","""Seniors will see $500 billion in Medicare cuts to fund Obamacare.""",mostly-false,TV ad,Elections; Health Care; Medicare; Message Machine 2012; Tampa Bay 10 News; Florida,Aaron Sharockman,"May 15, 2012",https://www.politifact.com/factchecks/2012/may/15/us-chamber-commerce/chamber-says-bill-nelson-voted-cut-medicare-500-bi/
Rob Portman,"April 28, 2012","Says the health care reform bill was paid for, in part, by taking money from students and the student loan system.",half-true,conference call with reporters,Ohio; Education; Health Care,Stephen Koff,"May 14, 2012",https://www.politifact.com/factchecks/2012/may/14/rob-portman/rob-portman-says-student-loan-money-was-used-cover/
Jennifer Williamson,"May 3, 2012","Says ""One-third of our healthcare dollars go to wasteful insurance billing and bureaucracy.""",mostly-true,campaign mailer,Oregon; Health Care; Public Health,Ian K. Kullgren,"May 11, 2012",https://www.politifact.com/factchecks/2012/may/11/jennifer-williamson/do-we-really-spend-nearly-third-health-care-dollar/
Frank Lautenberg,"May 3, 2012","""Just remember this: the president's health care bill put 30 million people on health care rolls that weren't there before.""",half-true,video posted on YouTube,New Jersey; Health Care,Bill Wichert,"May 11, 2012",https://www.politifact.com/factchecks/2012/may/11/frank-lautenberg/frank-lautenberg-claims-national-health-care-refor/
Betty Sutton,"May 1, 2012","Jim Renacci ""voted repeatedly to end Medicare.""",false,campaign email,Ohio; Health Care; Medicare,Tom Feran,"May 11, 2012",https://www.politifact.com/factchecks/2012/may/11/betty-sutton/betty-sutton-says-jim-renacci-has-voted-repeatedly/
Saxby Chambliss,"April 11, 2012",The fastest-rising expense in the U.S. Defense Department is health care.,true,speech,Georgia; Health Care; Military,Eric Stirgus,"May 2, 2012",https://www.politifact.com/factchecks/2012/may/02/saxby-chambliss/senators-claim-military-health-care-costs-going-hi/
Facebook posts,"April 19, 2012","""In 1993 the Republicans embraced a health platform that proudly features an individual mandate as its main component.""",half-true,Facebook post,National; Health Care; History; Message Machine 2012,Louis Jacobson,"April 19, 2012",https://www.politifact.com/factchecks/2012/apr/19/facebook-posts/facebook-post-says-republicans-embraced-individual/
Roger Williams,"April 11, 2012","""The non-partisan Congressional Budget Office concluded ObamaCare will cost the U.S. more than 800,000 jobs.""",mostly-false,campaign mailer.,Health Care; Jobs; Texas,W. Gardner Selby,"April 17, 2012",https://www.politifact.com/factchecks/2012/apr/17/roger-williams/roger-williams-says-cbo-forecasts-obamacare-will-c/
Matthew Hill,"March 29, 2012","Says abortion doctors are ""flying into this state, performing abortions and flying out.""",false,debate on the state House floor.,Abortion; Tennessee; Health Care; Public Health,Tom Humphrey,"April 12, 2012",https://www.politifact.com/factchecks/2012/apr/12/matthew-hill/matthew-hill-says-abortion-doctors-flying-out-tenn/
National Republican Senatorial Committee,"April 4, 2012","Sen. Sherrod Brown’s vote helped pass ""Barack Obama’s job-killing health care law, which slapped small businesses throughout Ohio with a $500 billion tax increase.""",pants-fire,news release,Ohio; Health Care; Taxes,Stephen Koff,"April 12, 2012",https://www.politifact.com/factchecks/2012/apr/12/national-republican-senatorial-committee/national-republican-senatorial-committee-says-heal/
Jefferson Smith,"March 10, 2012","Says ""at the state level we're spending more on tax expenditures than we are on public safety, health care and education combined.""",mostly-true,candidates' forum.,Oregon; Education; Health Care; Public Safety; State Budget; Taxes,Ian K. Kullgren,"April 10, 2012",https://www.politifact.com/factchecks/2012/apr/10/jefferson-smith/does-oregon-spend-more-tax-breaks-public-safet-hea/
Eric Hovde,"March 27, 2012","Says Obama health reform law denies millions ""access to affordable insurance.""",false,blog post,Health Care; Workers; Wisconsin,Tom Kertscher,"April 8, 2012",https://www.politifact.com/factchecks/2012/apr/08/eric-hovde/newcomer-and-wisconsin-gop-senate-candidate-eric-h/
Amy Handlin,"April 4, 2012","Says under the Affordable Care Act, New Jersey’s ""new (Medicaid) enrollees won’t qualify for the matching federal funds simply because we added them onto the rolls before 2014.""",mostly-false,opinion piece,New Jersey; Health Care; Medicaid,Bill Wichert,"April 8, 2012",https://www.politifact.com/factchecks/2012/apr/08/amy-handlin/affordable-care-act-withholds-federal-matching-fun/
Mitt Romney,"April 4, 2012","Says Barack Obama ""is the only president to ever cut $500 billion from Medicare.""",false,speech to the Newspaper Association of America,National; Candidate Biography; Health Care; Medicare,Aaron Sharockman,"April 4, 2012",https://www.politifact.com/factchecks/2012/apr/04/mitt-romney/romney-obama-only-president-cut-medicare/
Barack Obama,"April 2, 2012","If the Supreme Court throws out the federal health care law, it ""would be an unprecedented, extraordinary step of overturning a law that was passed by a strong majority of a democratically elected Congress.""",false,Rose Garden press conference,National; Health Care; Legal Issues; Supreme Court,Molly Moorhead,"April 4, 2012",https://www.politifact.com/factchecks/2012/apr/04/barack-obama/obama-attaches-stark-terms-possible-supreme-court-/
Donald Verrilli,"March 27, 2012","Says when New Jersey adopted guaranteed coverage and cost provisions without a mandate individual health insurance market rates ""doubled or tripled"" and enrollment dropped from 180,000 people to 80,000 people.",mostly-true,Supreme Court hearing on health care law,New Jersey; Health Care; States,Erin O'Neill,"April 4, 2012",https://www.politifact.com/factchecks/2012/apr/04/donald-verrilli/donald-verrilli-says-enrollment-declined-and-rates/
Rick Scott,"March 26, 2012","Says Barack Obama's health care law ""will be the biggest job-killer ever.""",false,"""Fox and Friends"" interview",Economy; Health Care; Jobs; Florida,Katie Sanders,"April 2, 2012",https://www.politifact.com/factchecks/2012/apr/02/rick-scott/rick-scott-calls-health-care-law-job-killer/
Frank LoBiondo,"March 19, 2012","Says ""new estimates from the Congressional Budget Office conclude the final price-tag"" for the health care law ""will exceed $2 trillion — more than double what was initially reported.""",false,letter to the editor,New Jersey; Health Care,Erin O'Neill,"April 1, 2012",https://www.politifact.com/factchecks/2012/apr/01/frank-lobiondo/frank-lobiondo-says-health-care-reform-law-will-co/
Marsha Blackburn,"February 29, 2012","Says President Obama and his allies in Congress gave ""power"" to control Medicare patients’ health care decisions to ""a commission of 15 unelected bureaucrats in Washington.""",false,press release announcing her vote against the Independent Payments Advisory Board.,Tennessee; Health Care,Bartholomew Sullivan,"March 30, 2012",https://www.politifact.com/factchecks/2012/mar/30/marsha-blackburn/marsha-blackburn-says-patients-power-control-healt/
Rick Santorum,"March 26, 2012","""Polls show Americans are overwhelmingly opposed to Obamacare, especially the individual mandate.""",mostly-true,op-ed,National; Health Care,Molly Moorhead,"March 29, 2012",https://www.politifact.com/factchecks/2012/mar/29/rick-santorum/santorum-says-americans-overwhelmingly-oppose-heal/
Steve Rothman,"March 16, 2012","Says Congressman Bill Pascrell ""voted to remove the public option from the Affordable Health Care Act.""",false,interview on NJToday,New Jersey; Health Care,Bill Wichert,"March 28, 2012",https://www.politifact.com/factchecks/2012/mar/28/steve-rothman/steve-rothman-claims-bill-pascrell-voted-remove-pu/
Senate Republican Conference,"March 22, 2012","""Up to 80 percent of small businesses will be forced to give up their current plans due to new Obamacare regulations.""",half-true,Web video,National; Health Care; Message Machine 2012; Small Business; Workers,Becky Bowers,"March 27, 2012",https://www.politifact.com/factchecks/2012/mar/27/senate-republican-conference/senate-republican-web-video-says-obamas-health-car/
Barack Obama,"March 20, 2012","President Barack Obama ""reduced the cost of prescription drugs for nearly 3.6 million Americans in 2011.""",true,web video ad,National; Health Care; Medicare; Message Machine 2012,Molly Moorhead,"March 27, 2012",https://www.politifact.com/factchecks/2012/mar/27/barack-obama/obama-ad-claims-credit-cheaper-prescription-drugs/
Tom Price,"March 14, 2012","New federal projections estimate that the health care overhaul ""will cost $1.76 trillion over 10 years -- well above the $940 billion Democrats originally claimed.""",false,press release,Georgia; Health Care,Willoughby Mariano,"March 27, 2012",https://www.politifact.com/factchecks/2012/mar/27/tom-price/us-rep-price-health-care-bill-cost-projections-ros/
Senate Republican Conference,"March 21, 2012","Says that while President Barack Obama promised to ""work with your employer to lower your premiums by $2,500 per family per year,"" his health care law ""raises premiums in the individual market by $2,100 per family.""",mostly-false,web video,National; Health Care; Message Machine 2012,Louis Jacobson,"March 26, 2012",https://www.politifact.com/factchecks/2012/mar/26/senate-republican-conference/senate-republican-web-video-attacks-barack-obama-s/
Joseph Kyrillos,"March 15, 2012","Says under the new health care law ""the patient-doctor relationship will be eliminated.""",pants-fire,campaign e-mail,New Jersey; Health Care,Erin O'Neill,"March 26, 2012",https://www.politifact.com/factchecks/2012/mar/26/joseph-kyrillos/senate-hopeful-claims-obama-administrations-health/
Robert Hurt,"March 19, 2012","The CBO says the cost of health care reform will rise to $1.8 trillion, ""increasing the price to far greater than the $900 billion"" originally projected.",mostly-false,statement.,Health Care; Virginia,Nancy  Madsen,"March 26, 2012",https://www.politifact.com/factchecks/2012/mar/26/robert-hurt/robert-hurt-says-900-million-health-reform-price-t/
Elliott Naishtat,"March 5, 2012","""Nearly 45 percent of the women who receive health screenings through (the Women’s Health Program) do so at a Planned Parenthood health center.""",half-true,op-ed column,Abortion; Health Care; Public Health; Women; Texas,Meghan Ashford-Grooms,"March 24, 2012",https://www.politifact.com/factchecks/2012/mar/24/elliott-naishtat/democratic-legislators-say-nearly-45-women-who-get/
Reince Priebus,"March 23, 2012","According to the Congressional Budget Office, ""as many as 20 million Americans could lose their employer-based insurance thanks to Obamacare.""",half-true,op-ed,National; Health Care; Workers,Louis Jacobson,"March 23, 2012",https://www.politifact.com/factchecks/2012/mar/23/reince-priebus/reince-priebus-says-health-care-law-could-mean-man/
Rick Perry,"March 15, 2012","Says that in fiscal year 2010, ""nearly 80 percent of women served"" in the Texas Women’s Health Program received services from a provider other than a Planned Parenthood clinic.",half-true,tweet,Abortion; Health Care; Public Health; Women; Texas,Meghan Ashford-Grooms,"March 23, 2012",https://www.politifact.com/factchecks/2012/mar/23/rick-perry/rick-perry-says-2010-nearly-80-women-served-womens/
Mitt Romney,"March 12, 2012","President Barack Obama is ""ending Medicare as we know it.""",pants-fire,campaign memo,National; Health Care; Medicare,Louis Jacobson,"March 22, 2012",https://www.politifact.com/factchecks/2012/mar/22/mitt-romney/mitt-romney-says-barack-obama-ending-medicare-we-k/
Bloggers,"March 12, 2012","The administration has issued rules for ""$1 abortions in ObamaCare"" and ""requires all persons enrolled in insurance plans that include elective abortion coverage to pay"" an abortion premium.",false,blog posts and links on the Internet,Abortion; National; Health Care,Louis Jacobson,"March 21, 2012",https://www.politifact.com/factchecks/2012/mar/21/blog-posting/does-barack-obamas-health-care-bill-include-1-abor/
Ted Cruz,"March 19, 2012","""Did you know ObamaCare will cost nearly twice as much as initially expected -- $1.8 TRILLION?""",false,tweet.,National; Health Care,Molly Moorhead,"March 21, 2012",https://www.politifact.com/factchecks/2012/mar/21/ted-cruz/ted-cruz-says-health-reforms-price-tag-has-doubled/
Republican National Committee,"March 19, 2012","Despite President Barack Obama's promise to cut healthcare costs, ""the average cost of a family policy is up $1,300.""",half-true,campaign ad,National; Health Care; Message Machine 2012,Louis Jacobson,"March 20, 2012",https://www.politifact.com/factchecks/2012/mar/20/republican-national-committee-republican/rnc-ad-blames-obama-1300-spike-family-health-care-/
Judson Hill,"March 7, 2012","""Every 1 percent increase in the cost of health insurance today causes about 30,000 Georgians to be uninsured.""",mostly-false,speech,Georgia; Health Care,Eric Stirgus,"March 20, 2012",https://www.politifact.com/factchecks/2012/mar/20/judson-hill/health-insurance-coverage-loss-claim-need-overhaul/
Brendan Doherty,"March 11, 2012","""We have $60 billion in 2010 in Medicare fraud.""",half-true,TV news show.,Rhode Island; Health Care; Medicare,Alex Kuffner,"March 20, 2012",https://www.politifact.com/factchecks/2012/mar/20/brendan-doherty/rhode-island-congressional-candidate-brendan-doher/
Barack Obama,"March 16, 2012","Because of the new health care law, ""Americans no longer will see their coverage dropped or capped when illness strikes.""",mostly-true,Obama campaign film,National; Health Care; Message Machine 2012,Louis Jacobson,"March 19, 2012",https://www.politifact.com/factchecks/2012/mar/19/barack-obama/film-promoting-barack-obama-claims-new-law-ensures/
Pat Boone,"March 11, 2012","An independent payment advisory board created by the health care reform law ""can ration care and deny certain Medicare treatments.""",pants-fire,television ad,Ohio; Health Care; Medicare; Message Machine 2012,Tom Feran,"March 19, 2012",https://www.politifact.com/factchecks/2012/mar/19/pat-boone/pat-boone-says-health-care-advisory-board-can-rati/
Barack Obama,"March 16, 2012","Because of the new health care law, ""17 million kids can no longer be denied for a pre-existing condition.""",mostly-false,"campaign film ""The Road We've Traveled""",National; Health Care; Message Machine 2012,Louis Jacobson,"March 16, 2012",https://www.politifact.com/factchecks/2012/mar/16/barack-obama/barack-obama-film-says-health-care-law-aided-17-mi/
Barack Obama,"March 16, 2012","Because of the new health care law, ""2.5 million young adults now have coverage.""",mostly-true,"campaign film ""The Road We've Traveled""",National; Health Care; Message Machine 2012,Louis Jacobson,"March 16, 2012",https://www.politifact.com/factchecks/2012/mar/16/barack-obama/barack-obama-film-touts-coverage-25-million-young-/
Pat Boone,"March 12, 2012","""This (Independent Payment Advisory Board) board can ration care and deny certain Medicare treatments so Washington can fund more wasteful spending.""",pants-fire,television ad,Health Care; Medicare; Retirement; Florida,Angie Drobnic Holan,"March 15, 2012",https://www.politifact.com/factchecks/2012/mar/15/pat-boone/pat-boone-says-ipab-rations-care-pay-wasteful-spen/
Rush Holt,"February 24, 2012","""A clear majority of Americans support removing the cost-sharing requirement for prescription contraceptive coverage.""",mostly-true,e-mail newsletter,New Jersey; Health Care; Women,Erin O'Neill,"March 12, 2012",https://www.politifact.com/factchecks/2012/mar/12/rush-holt/rush-holt-claims-clear-majority-americans-support-/
Mike DeWine,"February 20, 2012","""The fact is 90-percent of Down Syndrome children were aborted in this country.""",mostly-false,interview with MSNBC,Abortion; Ohio; Health Care,Reginald Fields,"March 8, 2012",https://www.politifact.com/factchecks/2012/mar/08/mike-dewine/mike-dewine-says-90-percent-down-syndrome-pregnanc/
Rick Santorum,"March 6, 2012","After President Barack Obama’s health care law takes full effect, ""100 percent"" of Americans will ""depend on some form of federal payment, some form of government benefit to help provide for them.""",false,campaign speech,National; Children; Families; Health Care; Medicaid; Medicare,Louis Jacobson,"March 8, 2012",https://www.politifact.com/factchecks/2012/mar/08/rick-santorum/rick-santorum-says-after-obamacare-all-americans-w/
Rick Santorum,"February 29, 2012","Says the federal government ""tells health insurance companies how much money they're allowed to keep of what they receive in revenues -- 15 percent.""",half-true,campaign speech,National; Health Care,Molly Moorhead,"March 7, 2012",https://www.politifact.com/factchecks/2012/mar/07/rick-santorum/rick-santorum-says-government-lets-health-insurers/
Marcy Kaptur,"February 20, 2012","""When (Marcy) Kaptur fought for the Democrats' prescription drug benefit for seniors, (Dennis) Kucinich voted no.""",false,campaign commercial,Ohio; Health Care; Message Machine 2012; Voting Record,Tom Feran,"March 5, 2012",https://www.politifact.com/factchecks/2012/mar/05/marcy-kaptur/marcy-kaptur-claims-dennis-kucinich-opposed-senior/
"Red, White and Blue Fund","February 24, 2012","""Gingrich supported individual health insurance mandates.""",true,campaign ad,National; Health Care; Message Machine 2012,Molly Moorhead,"March 2, 2012",https://www.politifact.com/factchecks/2012/mar/02/red-white-and-blue-fund/pro-santorum-super-pac-ad-says-gingrich-supported-/
Rick Santorum,"February 19, 2012","""Amniocentesis, does, in fact, result more often than not in this country in abortion.""",false,"interview on CBS's ""Face the Nation""",Abortion; National; Health Care; Public Health,Becky Bowers,"February 27, 2012",https://www.politifact.com/factchecks/2012/feb/27/rick-santorum/rick-santorum-says-amniocentesis-does-fact-result-/
Rick Santorum,"February 19, 2012","After prenatal diagnosis, ""90 percent of Down syndrome children in America are aborted.""",half-true,"interview on CBS's ""Face the Nation""",Abortion; National; Health Care,Louis Jacobson,"February 27, 2012",https://www.politifact.com/factchecks/2012/feb/27/rick-santorum/rick-santorum-says-90-percent-down-syndrome-childr/
Chris Christie,"February 21, 2012","""New Jersey has the second highest rate of institutionalization"" of people with developmental disabilities ""in America. Only Texas puts more of its citizens -- confines more of its citizens -- to institutions than New Jersey. """,mostly-true,his budget speech,New Jersey; Disability; Health Care,Erin O'Neill,"February 26, 2012",https://www.politifact.com/factchecks/2012/feb/26/chris-christie/chris-christie-claims-only-texas-institutionalizes/
Bill Pascrell,"February 1, 2012","Says ""sixty-two percent of small businesses over the last five years went under because they couldn't pay their health care bills.""",false,speech on the House floor,New Jersey; Health Care; Small Business,Bill Wichert,"February 24, 2012",https://www.politifact.com/factchecks/2012/feb/24/bill-pascrell/bill-pascrell-claims-heath-care-bills-forced-62-pe/
Alan Bates,"February 14, 2012","Says ""80 percent of the health care dollars are spent by 20 percent of the population.""",true,floor speech.,Oregon; Health Care; Public Health,Ian K. Kullgren,"February 23, 2012",https://www.politifact.com/factchecks/2012/feb/23/alan-bates/does-20-percent-population-really-use-80-health-ca/
Mark Neumann,"January 26, 2012","Says the federal government could save $175,587 by eliminating a study of the ""connection between cocaine and risky sex habits of the Japanese quail.""",mostly-true,news release,Drugs; Federal Budget; Health Care; Sexuality; Wisconsin,Tom Kertscher,"February 20, 2012",https://www.politifact.com/factchecks/2012/feb/20/mark-neumann/uncle-sam-spends-six-figures-study-coked-birds-cop/
Rick Santorum,"February 14, 2012","""Romney adviser admits Romneycare was blueprint for Obamacare.""",mostly-true,television ad,National; Candidate Biography; Health Care; Message Machine 2012,Louis Jacobson,"February 16, 2012",https://www.politifact.com/factchecks/2012/feb/16/rick-santorum/rombo-ad-rick-santorum-says-mitt-romney-adviser-eq/
U.S. Chamber of Commerce,"February 8, 2012","""Obamacare (hit) Americans with over $500 billion in new taxes.""",half-true,"ad against Sen. Jon Tester, D-Mont.",National; Candidate Biography; Federal Budget; Health Care; Message Machine 2012; Taxes,Becky Bowers,"February 16, 2012",https://www.politifact.com/factchecks/2012/feb/16/us-chamber-commerce/chamber-commerce-ad-says-obamacare-hit-americans-o/
U.S. Chamber of Commerce,"February 8, 2012","""Obamacare ... will kill jobs across America.""",false,television ad,National; Health Care; Jobs; Message Machine 2012,Louis Jacobson,"February 15, 2012",https://www.politifact.com/factchecks/2012/feb/15/us-chamber-commerce/us-chamber-commerce-ad-attacking-tim-kaine-says-he/
David A. Clarke Jr.,"January 23, 2012","Says Milwaukee blacks have 55 percent male unemployment, 60 percent truancy, a 50 percent graduation rate, the ""worst"" reading scores and ""lead"" in infant mortality.",half-true,remarks,Children; Education; Health Care; Jobs; Urban; Wisconsin,Tom Kertscher,"February 13, 2012",https://www.politifact.com/factchecks/2012/feb/13/david-clarke-jr/conservative-black-sheriff-says-milwaukee-blacks-h/
Barth Bracy,"February 3, 2012","The polls ""show over half of Americans identify themselves as being pro-life.""",mostly-false,radio interview,Rhode Island; Abortion; Children; Government Regulation; Health Care; Human Rights; Legal Issues; Polls and Public Opinion; Public Health; Religion; Women,C. Eugene Emery Jr.,"February 12, 2012",https://www.politifact.com/factchecks/2012/feb/12/barth-bracy/rhode-island-right-life-executive-director-barth-b/
Barack Obama,"February 10, 2012","""Preventive care … saves money, for families, for businesses, for government, for everybody.""",false,briefing at the White House,National; Health Care,Louis Jacobson,"February 10, 2012",https://www.politifact.com/factchecks/2012/feb/10/barack-obama/barack-obama-says-preventive-care-saves-money/
Chain email,"February 2, 2012","""If you sell your house after 2012 you will pay a 3.8 percent sales tax on it.""",pants-fire,message via the Internet,Rhode Island; Economy; Health Care; Housing; Income; Retirement; Taxes,C. Eugene Emery Jr.,"February 7, 2012",https://www.politifact.com/factchecks/2012/feb/07/chain-email/home-sales-tax-e-mail-surfaces-again/
Cecilia Muñoz,"February 1, 2012","""Most women, including 98 percent of Catholic women, have used contraception.""",mostly-true,post to the White House Blog,National; Families; Health Care; Religion,Becky Bowers,"February 6, 2012",https://www.politifact.com/factchecks/2012/feb/06/cecilia-munoz/white-house-official-says-98-catholic-women-have-u/
Stacey Campfield,"January 26, 2012","AIDS was transmitted to humans because ""one guy"" had sex with ""a monkey"" and then started ""having sex with men.""",pants-fire,interview with Michelangelo Signorile on the Sirius satellite radio show “OutQ.”,Tennessee; Education; Health Care; History; LGBTQ; Public Health; Sexuality,Zack McMillin,"February 3, 2012",https://www.politifact.com/factchecks/2012/feb/03/stacey-campfield/knoxville-republican-says-aids-came-man-having-sex/
Newt Gingrich,"January 30, 2012","""The Obama administration ... would impose on every Catholic institution, every Jewish institution, every Protestant institution the Obamacare standard of what you have to buy as insurance.""",mostly-false,town hall,Abortion; National; Health Care; Religion; States,Becky Bowers,"January 31, 2012",https://www.politifact.com/factchecks/2012/jan/31/newt-gingrich/newt-gingrich-says-obama-administration-would-impo/
Tennessee Democratic Party,"January 7, 2012","""Congressman Phil Roe hands out $1.3M government check"" from a federal program that ""he voted against.""",mostly-true,press release,Tennessee; Health Care; Stimulus; Voting Record,Michael Collins,"January 29, 2012",https://www.politifact.com/factchecks/2012/jan/29/tennessee-democratic-party/democrats-claim-gop-congressman-roe-voted-against-/
Rick Santorum,"January 26, 2012","""Romneycare … is a top-down, government-run health care system.""",mostly-false,Republican presidential primary debate,National; Health Care,Molly Moorhead,"January 27, 2012",https://www.politifact.com/factchecks/2012/jan/27/rick-santorum/rick-santorum-calls-massachusetts-health-law-top-d/
Winning Our Future,"January 24, 2012","""Romneycare sent costs spiraling out of control"" in Massachusetts, ""hiking premiums, squeezing household budgets.""",false,television ad,Health Care; Message Machine 2012; Florida,Angie Drobnic Holan,"January 27, 2012",https://www.politifact.com/factchecks/2012/jan/27/winning-our-future/pro-gingrich-super-pac-blames-romneycare-spiraling/
Bob Corker,"November 8, 2011","A typical married couple ""will contribute $119,000"" into Medicare but will ""receive $357,000 in Medicare benefits over their lifetimes.""",true,USA Today column.,Tennessee; Corrections and Updates; Deficit; Health Care; Medicare,Michael Collins,"January 24, 2012",https://www.politifact.com/factchecks/2012/jan/24/bob-corker/tennessee-sen-bob-corker-says-typical-couple-takes/
Rick Santorum,"January 23, 2012","""Speaker Gingrich for 20 years supported a federal individual mandate"" for health insurance.",mostly-true,Republican presidential primary debate,National; Health Care; Legal Issues,Louis Jacobson,"January 24, 2012",https://www.politifact.com/factchecks/2012/jan/24/rick-santorum/rick-santorum-calls-newt-gingrich-longtime-support/
Tom Price,"December 18, 2011","""[N]early one in three primary care doctors are forced to limit the number of Medicare patients they see.""",mostly-true,Op-Ed,Georgia; Health Care,Willoughby Mariano,"January 24, 2012",https://www.politifact.com/factchecks/2012/jan/24/tom-price/congressmans-claim-about-medicare-mostly-rings-tru/
AFSCME,"January 20, 2012","""While Romney was a director of the Damon Corporation, the company was defrauding Medicare of millions.""",mostly-true,television ad,Corporations; Health Care; Crime; Medicare; Message Machine 2012; Florida,Angie Drobnic Holan,"January 23, 2012",https://www.politifact.com/factchecks/2012/jan/23/afscme/was-mitt-romney-director-company-charged-medicare-/
Frank Lasee,"January 9, 2012","Says that according to a study, under Obama’s health care initiative, ""nearly 90 percent of people"" in Wisconsin with health insurance ""will have their costs go up by more than 30 percent.""",false,opinion column,Health Care; Wisconsin,Tom Kertscher,"January 22, 2012",https://www.politifact.com/factchecks/2012/jan/22/frank-lasee/gop-us-senate-candidate-frank-lasee-says-study-pre/
Einer Elhauge,"January 5, 2012","""In 1790, the first Congress, which was packed with framers, required all ship owners to provide medical insurance for seamen; in 1798, Congress also required seamen to buy hospital insurance for themselves. In 1792, Congress enacted a law mandating that all able-bodied citizens obtain a firearm.""",mostly-true,commentary,Rhode Island; Congress; Health Care; History; Government Regulation; Supreme Court,C. Eugene Emery Jr.,"January 13, 2012",https://www.politifact.com/factchecks/2012/jan/13/einer-elhauge/harvard-law-professor-says-early-congress-mandated/
Mitt Romney,"January 8, 2012","Eliminating ""Obamacare"" ... ""saves $95 billion a year.""",false,presidential primary debate,National; Federal Budget; Health Care; New Hampshire 2012,Angie Drobnic Holan,"January 8, 2012",https://www.politifact.com/factchecks/2012/jan/08/mitt-romney/mitt-romney-repeats-claim-repealing-health-law-sav/
Gwen Moore,"December 27, 2011","Says Wisconsin Gov. Scott Walker eliminated ""cancer screenings for uninsured women"" and offered ""no alternatives.""",pants-fire,tweets,Corrections and Updates; Health Care; Women; Wisconsin,Tom Kertscher,"January 6, 2012",https://www.politifact.com/factchecks/2012/jan/06/gwen-moore/wisconsin-gov-scott-walker-ended-planned-parenthoo/
Tom Price,"December 8, 2011","Congress gave an unelected board ""the power to deny care to seniors.""",half-true,letter,Georgia; Health Care; Medicare,Eric Stirgus,"January 6, 2012",https://www.politifact.com/factchecks/2012/jan/06/tom-price/price-worries-about-health-care-laws-impact-senior/
Cory Booker,"December 9, 2011","Says America spends ""over 17 percent of its GDP on health care costs when our closest competitor nations are spending about 12.""",true,speech,New Jersey; Economy; Health Care,Erin O'Neill,"December 25, 2011",https://www.politifact.com/factchecks/2011/dec/25/cory-booker/cory-booker-says-united-states-spends-more-17-perc/
Rick Perry,"December 10, 2011","A study says Massachusetts has lost 18,000 jobs because residents were required to obtain health insurance under an act signed into law by Mitt Romney.",mostly-false,Republican presidential debate,Health Care; Texas,Meghan Ashford-Grooms,"December 19, 2011",https://www.politifact.com/factchecks/2011/dec/19/rick-perry/rick-perry-says-study-found-massachusetts-lost-180/
Michele Bachmann,"December 10, 2011","Says Mitt Romney, as governor of Massachusetts, ""put into place socialized medicine.""",pants-fire,Republican presidential debate,National; Health Care,Becky Bowers,"December 11, 2011",https://www.politifact.com/factchecks/2011/dec/11/michele-bachmann/michele-bachmann-says-former-mass-gov-mitt-romney-/
Rick Perry,"December 10, 2011","Says the paperback edition of Mitt Romney's book deleted line that Massachusetts' individual mandate ""should be the model for the country""",mostly-false,Republican presidential debate,National; Health Care; States,Becky Bowers,"December 11, 2011",https://www.politifact.com/factchecks/2011/dec/11/rick-perry/rick-perry-says-mitt-romneys-book-deleted-line-mas/
Michele Bachmann,"December 10, 2011","In 1993, Newt Gingrich ""first advocated for the individual mandate in health care. And as recently as May of this year, he was still advocating"" for it.",mostly-true,Republican presidential debate,National; Health Care,Louis Jacobson,"December 11, 2011",https://www.politifact.com/factchecks/2011/dec/11/michele-bachmann/michele-bachmann-says-newt-gingrich-backed-individ/
Newt Gingrich,"November 5, 2011","Says IBM leader told Obama that using IBM technology to cut fraud could ""pay for"" health care reform.",half-true,Texas Patriots PAC debate,Federal Budget; Health Care; Technology; Texas,Sue Owen,"December 9, 2011",https://www.politifact.com/factchecks/2011/dec/09/newt-gingrich/gingrich-says-ibm-made-obama-offer/
Rick Scott,"November 17, 2011","The Affordable Care Act is ""not the law of the land.""",false,"meeting with the ""Palm Beach Post"" editorial board",Health Care; Public Health; States; Supreme Court; Florida,Becky Bowers,"December 1, 2011",https://www.politifact.com/factchecks/2011/dec/01/rick-scott/gov-rick-scott-says-obamacare-not-law-land/
Democratic National Committee,"November 28, 2011",Says Mitt Romney once supported President Obama’s health care plan but now opposes it.,mostly-false,television ad,National; Health Care; Message Machine 2012,Angie Drobnic Holan,"November 29, 2011",https://www.politifact.com/factchecks/2011/nov/29/democratic-national-committee/did-mitt-romney-flip-flop-health-care-reform-dnc-s/
Eileen Brady,"November 15, 2011","Says she ""brought together business, labor and hospitals to give 94,000 Oregon children health care.""",mostly-true,a campaign ad,Oregon; Health Care,Ian K. Kullgren,"November 26, 2011",https://www.politifact.com/factchecks/2011/nov/26/eileen-brady/how-big-role-did-eileen-brady-play-expanding-child/
Mike Tate,"November 15, 2011","Says Wisconsin Gov. Scott Walker ""slashed"" pensions and benefits for public employees.",half-true,interview on MSNBC,Health Care; State Budget; Unions; Workers; Wisconsin,Tom Kertscher,"November 25, 2011",https://www.politifact.com/factchecks/2011/nov/25/mike-tate/top-democrat-says-gop-wisconsin-gov-walker-slashed/
60 Plus Association,"November 7, 2011","An independent payment advisory board created by in the health care reform law is ""like a Medicare IRS with the power to cut Medicare in order to pay for new government programs.""",pants-fire,television commercial,Ohio; Health Care; Government Regulation; Message Machine 2012; Regulation,Sabrina  Eaton,"November 25, 2011",https://www.politifact.com/factchecks/2011/nov/25/60-plus-association/60-plus-association-spokesman-pat-boone-says-ipab/
Rebecca Kleefisch,"November 15, 2011","A recall election for Wisconsin governor would cost ""$7.7 million -- $7.7 million that may already be allocated to merit raises for teachers or health care for the poor or school books for your kids.""",half-true,video,Education; Elections; Health Care; State Budget; Wisconsin,Tom Kertscher,"November 23, 2011",https://www.politifact.com/factchecks/2011/nov/23/rebecca-kleefisch/rebecca-kleefisch-says-recall-election-would-cost-/
National Taxpayers Union,"November 13, 2011","President Obama plans to ""impose a tax of at least 23 percent on the Medicare prescription drug benefit for low-income beneficiaries.""",false,newspaper advertisement.,Health Care; Medicaid; Medicare; Taxes; Texas,W. Gardner Selby,"November 22, 2011",https://www.politifact.com/factchecks/2011/nov/22/national-taxpayers-union/taxpayers-group-says-obama-plans-impose-23-percent/
Sheldon Whitehouse,"September 21, 2011","""The American healthcare system burns 18 percent of our national GDP. Nobody else is close.""",true,speech,Rhode Island; Federal Budget; Health Care,Lynn Arditi,"November 20, 2011",https://www.politifact.com/factchecks/2011/nov/20/sheldon-whitehouse/sen-sheldon-whitehouse-says-us-spends-18-percent-i/
Rick Scott,"November 14, 2011","The United States' regulations ""are among the most difficult in the world.""",false,press release,Environment; Economy; Health Care; Regulation; Florida,Amy Sherman,"November 16, 2011",https://www.politifact.com/factchecks/2011/nov/16/rick-scott/rick-scott-us-regulations-are-most-difficult-world/
Phil Gingrey,"September 15, 2011","""[A]n extra 8 million Americans [are] projected to join state Medicaid programs in the next few years.""",half-true,press release,Georgia; Health Care,Willoughby Mariano,"November 15, 2011",https://www.politifact.com/factchecks/2011/nov/15/phil-gingrey/gingrey-says-8-million-extra-people-join-medicaid/
Rob Cornilles,"November 9, 2011","Says Suzanne Bonamici ""supports the $500 billion cut to Medicare passed last year.""",false,speech.,Oregon; Health Care; Medicare,Ian K. Kullgren,"November 14, 2011",https://www.politifact.com/factchecks/2011/nov/14/rob-cornilles/another-look-favorite-republican-talking-point/
Carl Lewis,"October 30, 2011","""You’re paying for...(state Sen. Diane Allen’s) health care, and she took yours away.""",mostly-false,video posted on YouTube,New Jersey; Candidate Biography; Health Care; State Budget,Bill Wichert,"November 7, 2011",https://www.politifact.com/factchecks/2011/nov/07/carl-lewis/olympic-medalist-carl-lewis-calls-out-state-senato/
Mitt Romney,"November 4, 2011","Repealing the health care law ""would save $95 billion in 2016.""",false,op-ed,National; Federal Budget; Health Care,Angie Drobnic Holan,"November 4, 2011",https://www.politifact.com/factchecks/2011/nov/04/mitt-romney/mitt-romney-said-repealing-obamacare-would-save-95/
Barack Obama,"November 1, 2011","""Thirty million Americans, including a lot of people in Florida, are going to be able to get healthcare next year because of that law.""",false,Fox television interview,National; Health Care,Molly Moorhead,"November 3, 2011",https://www.politifact.com/factchecks/2011/nov/03/barack-obama/obama-says-health-law-will-kick-millions-next-year/
Barack Obama,"November 2, 2011","""Because of Barack Obama 32 million new people will have healthcare.""",mostly-true,campaign ad,National; Health Care; Message Machine 2012,Molly Moorhead,"November 2, 2011",https://www.politifact.com/factchecks/2011/nov/02/barack-obama/obama-ad-claims-credit-millions-gaining-health-car/
Tim Ryan,"September 28, 2011","Attacks on Planned Parenthood ""come at a time when the poverty rate among women is the highest in nearly two decades and 1 in 5 women under 65 don’t have access to health care.""",mostly-true,news release,Ohio; Health Care; Poverty; Women,Peter Krouse,"November 2, 2011",https://www.politifact.com/factchecks/2011/nov/02/tim-ryan/tim-ryan-says-poverty-rate-women-highest-two-decad/
Allen West,"October 14, 2011","In the Affordable Care Act, Democrats ""cut $500 billion from Medicare"" and ""put in place the Independent Payment Advisory Board, 15 unelected bureaucrats, which will be making decisions about health care for our seniors and for all Americans.""",mostly-false,Fox News interview,Health Care; Medicare; Florida,Angie Drobnic Holan,"November 1, 2011",https://www.politifact.com/factchecks/2011/nov/01/allen-west/rep-allen-west-turns-talking-points-2010-health-ca/
Newt Gingrich,"October 11, 2011","Former Alaska Governor Sarah Palin was right that President Barack Obama’s health care bill created what ""would, in effect, be death panels.""",pants-fire,Republican presidential debate,Georgia; Health Care,Willoughby Mariano,"October 28, 2011",https://www.politifact.com/factchecks/2011/oct/28/newt-gingrich/gingrich-claims-health-care-reform-includes-death-/
Chain email,"September 24, 2011","Medicare monthly premiums will go up to $104.20 in 2012 and $247.00 in 2014 due to ""provisions incorporated in the Obamacare legislation, purposely delayed so as not to 'confuse' the 2012 re-election campaigns.""",pants-fire,chain e-mail,National; Health Care; Medicare,Angie Drobnic Holan,"October 27, 2011",https://www.politifact.com/factchecks/2011/oct/27/chain-email/medicare-premiums-going-due-obamacare-chain-e-mail/
Chris Christie,"October 19, 2011","Says the national heath care reform is ""a government takeover of health care.""",pants-fire,radio interview,New Jersey; Health Care,Bill Wichert,"October 23, 2011",https://www.politifact.com/factchecks/2011/oct/23/chris-christie/chris-christie-slams-health-care-reform-government/
Rick Perry,"October 11, 2011","""Romneycare was model for Obamacare.""",true,tweet.,Health Care; Texas,Meghan Ashford-Grooms,"October 21, 2011",https://www.politifact.com/factchecks/2011/oct/21/rick-perry/rick-perry-says-romneycare-was-model-obamacare/
Edith Ajello,"October 14, 2011","""Nearly half of all pregnancies in the U.S. are unintended.""",true,commentary piece,Abortion; Rhode Island; Census; Children; Families; Health Care; Public Health; Women,Lynn Arditi,"October 21, 2011",https://www.politifact.com/factchecks/2011/oct/21/edith-ajello/ri-rep-edith-ajello-says-half-pregnancies-us-are-u/
Stephen Sweeney,"September 15, 2011","""New Jersey's poverty rate has increased since this governor took office and the number of New Jerseyans without health insurance has risen.""",half-true,message on Facebook,New Jersey; Health Care; Poverty,Bill Wichert,"October 20, 2011",https://www.politifact.com/factchecks/2011/oct/20/stephen-sweeney/stephen-sweeney-blames-chris-christie-rising-pover/
Michele Bachmann,"October 18, 2011","""Obamacare is so flat-out unpopular, that even the Obama administration chose to reject part of Obamacare last Friday, when they tried to throw out the CLASS Act, which is the long-term care function.""",mostly-false,Republican presidential debate,National; Health Care,Angie Drobnic Holan,"October 19, 2011",https://www.politifact.com/factchecks/2011/oct/19/michele-bachmann/michele-bachmann-hits-obama-administration-ending-/
Rick Santorum,"October 18, 2011","Says Romney wrote in the first edition of his book that his health care plan should be expanded nationwide and then, ""You took it out of your book.""",mostly-false,Republican presidential primary debate,National; Health Care,Molly Moorhead,"October 19, 2011",https://www.politifact.com/factchecks/2011/oct/19/rick-santorum/rick-santorum-has-it-wrong-mitt-romneys-book/
Mitt Romney,"October 18, 2011","""The people in Massachusetts like (the state health care plan) by about a 3-1 margin.""",true,Republican presidential debate,National; Health Care; Polls and Public Opinion; States,Louis Jacobson,"October 19, 2011",https://www.politifact.com/factchecks/2011/oct/19/mitt-romney/mitt-romney-says-massachusetts-residents-favor-sta/
Joe Pitts,"October 5, 2011","The health care law was ""a 2,733-page bill! . . . No amendments!""",half-true,Capitol Hill press conference,National; Health Care,Molly Moorhead,"October 18, 2011",https://www.politifact.com/factchecks/2011/oct/18/joe-pitts/pitts-healthcare-long-no-amendments/
Rick Perry,"October 10, 2011","""Romneycare has … killed 18,000 Massachusetts jobs.""",mostly-false,campaign ad,National; Health Care; Jobs; Message Machine 2012,Angie Drobnic Holan,"October 14, 2011",https://www.politifact.com/factchecks/2011/oct/14/rick-perry/rick-perry-ad-says-romneycare-cost-18000-jobs/
Robert Kraig,"October 3, 2011","Wisconsin bill ""grants drug companies and medical device manufacturers immunity from injuries and deaths caused by their products.""",mostly-true,"news release, blog",Wisconsin; Civil Rights; Consumer Safety; Corporations; Government Regulation; Health Care; Legal Issues; Public Health,Tom Kertscher,"October 14, 2011",https://www.politifact.com/factchecks/2011/oct/14/robert-kraig/health-care-advocate-says-wisconsin-bill-would-giv/
Herman Cain,,"""Current projections indicate that Medicare will go bankrupt by 2017, while Social Security will bottom out by 2037.""",half-true,,Georgia; Health Care; Medicare; Social Security,Willoughby Mariano,"October 14, 2011",https://www.politifact.com/factchecks/2011/oct/14/herman-cain/cain-says-medicare-social-security-financial-troub/
Mitt Romney,"October 11, 2011","When George W. Bush was governor of Texas, ""the percentage uninsured went down."" Under his successor, Rick Perry, ""it's gone up.""",half-true,Republicam debate,National; Children; Health Care; New Hampshire 2012,Louis Jacobson,"October 13, 2011",https://www.politifact.com/factchecks/2011/oct/13/mitt-romney/mitt-romney-says-uninsured-increased-under-rick-pe/
Jon Huntsman,"October 11, 2011","""The IRS is already planning on 19,500 new employees to administer"" Obama’s health care mandate.",pants-fire,Republican presidential debate,National; Health Care; New Hampshire 2012,Maryalice Gill,"October 13, 2011",https://www.politifact.com/factchecks/2011/oct/13/jon-huntsman/jon-huntsman-says-irs-will-hire-19500-new-workers-/
Chris Christie,"October 11, 2011","Says ""any attempt to try to compare"" the Massachusetts health care law with the federal health care law is ""completely, intellectually dishonest. Governor Romney did not raise one tax in doing what he did.""",mostly-false,news conference with Mitt Romney,New Jersey; Health Care,Erin O'Neill,"October 13, 2011",https://www.politifact.com/factchecks/2011/oct/13/chris-christie/chris-christie-calls-comparisons-between-health-ca/
Mitt Romney,"October 11, 2011","Massachusetts has ""less than 1 percent of our kids that are uninsured. You (Gov. Perry) have a million kids uninsured in Texas.""",mostly-true,Republican presidential debate,National; Health Care; New Hampshire 2012; States,Louis Jacobson,"October 12, 2011",https://www.politifact.com/factchecks/2011/oct/12/mitt-romney/mitt-romney-raps-number-uninsured-kids-texas-touts/
Michele Bachmann,"October 11, 2011","""These 15 political appointees (on the IPAB) will make all the major health care decisions for over 300 million Americans.""",false,debate,National; Health Care; New Hampshire 2012; This Week - ABC News,Angie Drobnic Holan,"October 12, 2011",https://www.politifact.com/factchecks/2011/oct/12/michele-bachmann/ipab-board-15-bureaucrats-who-will-decide-nation-s/
Occupied Wall Street Journal,"October 5, 2011","""More than 25 million Americans are unemployed. More than 50 million live without health insurance. Perhaps 100 million live in poverty.""",half-true,article,National; Economy; Health Care; Jobs; Occupy Wall Street; Poverty; Workers,Louis Jacobson,"October 11, 2011",https://www.politifact.com/factchecks/2011/oct/11/occupied-wall-street-journal/are-statistics-occupied-wall-street-journal-correc/
Nick Tsiongas,"September 6, 2011","""Health care is the greatest contribution to spending increases in the state budget.""",true,newspaper commentary,Rhode Island; Health Care; Medicaid; State Budget,Edward Fitzpatrick,"October 9, 2011",https://www.politifact.com/factchecks/2011/oct/09/nick-tsiongas/says-health-care-greatest-contributor-increases-rh/
Critics of water fluoridation,"October 4, 2011",Say water fluoridation started in Nazi Germany ghettos and death camps to pacify the Jews.,pants-fire,Pinellas County Commission meeting and web comments,Health Care; History; Public Health; Science; Water; Florida,Becky Bowers,"October 6, 2011",https://www.politifact.com/factchecks/2011/oct/06/critics-water-fluoridation/truth-about-fluoride-doesnt-include-nazi-myth/
Helen Glover,"September 7, 2011","""A family of four can make up to $88,000 a year and still get a subsidy for health insurance"" under the new federal health care law.",true,radio talk show,Rhode Island; Health Care,Richard Salit,"October 5, 2011",https://www.politifact.com/factchecks/2011/oct/05/helen-glover/ri-talk-radio-host-helen-glover-says-new-health-ca/
Rick Santorum,"September 22, 2011","Says that in 2001, Rick Perry spoke favorably of binational health insurance between Mexico and Texas.",half-true,Republican presidential debate,Immigration; Health Care; Texas,Meghan Ashford-Grooms,"October 4, 2011",https://www.politifact.com/factchecks/2011/oct/04/rick-santorum/rick-santorum-says-rick-perry-talked-binational-he/
Herman Cain,"September 22, 2011","""If we had been on 'Obamacare' and a bureaucrat was trying to tell me when I could get that CAT scan, that would have delayed my treatment.""",false,Fox News Google debate,National; Health Care,Angie Drobnic Holan,"September 27, 2011",https://www.politifact.com/factchecks/2011/sep/27/herman-cain/herman-cain-said-government-bureaucrats-will-deter/
Paul Broun,"September 15, 2011","Stimulus money funded a government board that made recommendations that would cost 378,000 jobs and $28.3 billion in sales.",false,tweet,Georgia; Children; Health Care,Willoughby Mariano,"September 27, 2011",https://www.politifact.com/factchecks/2011/sep/27/paul-broun/broun-stimulus-money-funded-effort-will-kill-jobs/
Ron Paul,"September 7, 2011","Says Rick Perry wrote a letter ""supporting Hillarycare.""",mostly-false,presidential debate,Health Care; Texas,Meghan Ashford-Grooms,"September 24, 2011",https://www.politifact.com/factchecks/2011/sep/24/ron-paul/ron-paul-says-rick-perry-wrote-letter-supporting-h/
Rick Perry,"September 22, 2011",Says that Romney touted the Massachusetts health plan for the nation in his hardcover book but then deleted it for the paperback edition.,mostly-false,Republican presidential debate,National; Health Care,Becky Bowers,"September 23, 2011",https://www.politifact.com/factchecks/2011/sep/23/rick-perry/rick-perry-says-mitt-romney-deleted-health-care-li/
Rick Perry,"September 22, 2011","Says he ""got lobbied"" by a woman with late-stage cancer about vaccinating Texas girls against a virus that can cause cervical cancer.",false,Republican presidential debate,Health Care; Public Health; Texas,W. Gardner Selby,"September 23, 2011",https://www.politifact.com/factchecks/2011/sep/23/rick-perry/rick-perry-says-he-got-lobbied-woman-late-stage-ca/
Mary  Taylor,"September 8, 2011","Says that even if you have no children, ""under Obamacare, you would still have to carry insurance that covers pediatric, maternity and newborn care even though you do not need it.""",mostly-false,opinion column,Ohio; Health Care,Tom Feran,"September 19, 2011",https://www.politifact.com/factchecks/2011/sep/19/mary-taylor/lt-gov-mary-taylor-says-obamacare-would-require-pu/
Michele Bachmann,"September 13, 2011",Says the vaccine to prevent HPV can cause mental retardation.,false,several media interviews,National; Health Care,Angie Drobnic Holan,"September 16, 2011",https://www.politifact.com/factchecks/2011/sep/16/michele-bachmann/bachmann-hpv-vaccine-cause-mental-retardation/
Scott Walker,"September 2, 2011","""I asked the unions to pay into their own health care insurance ... and they said I was being unreasonable. I requested that they contribute toward their own pensions ... and they screamed it was unfair.""",mostly-false,campaign fundraising letter,Health Care; Labor; State Budget; Wisconsin,Dave Umhoefer,"September 16, 2011",https://www.politifact.com/factchecks/2011/sep/16/scott-walker/gov-scott-walker-says-he-asked-unions-concessions-/
Johnny Isakson,"August 23, 2011",The premiums on Medicare’s prescription drug program have fallen almost every year since it began.,false,speech before the Greater North Fulton Chamber of Commerce,Georgia; Health Care; Medicare,Willoughby Mariano,"September 13, 2011",https://www.politifact.com/factchecks/2011/sep/13/johnny-isakson/us-sen-isakson-claims-competition-driving-cost-med/
Michele Bachmann,"September 12, 2011","""We know that President Obama stole over $500 billion out of Medicare to switch it over to Obamacare.""",mostly-false,CNN/Tea Party Express debate,National; Federal Budget; Health Care; Medicare,Angie Drobnic Holan,"September 13, 2011",https://www.politifact.com/factchecks/2011/sep/13/michele-bachmann/did-president-obama-steal-500-billion-medicare/
Mitt Romney,"September 5, 2011","The Massachusetts health care plan ""dealt with 8 percent of our population,"" far less than the ""100 percent of American people"" affected by President Barack Obama’s health care law.",pants-fire,Republican candidates' forum,National; Health Care,Louis Jacobson,"September 7, 2011",https://www.politifact.com/factchecks/2011/sep/07/mitt-romney/romney-says-his-health-care-bill-affected-far-smal/
Democratic Congressional Campaign Committee,"August 20, 2011","""Congressman Bill Young voted to cut taxes for millionaires and end your Medicare.""",mostly-false,gas station advertisement,Federal Budget; Health Care; Medicare; Taxes; Florida,Becky Bowers,"September 7, 2011",https://www.politifact.com/factchecks/2011/sep/07/democratic-congressional-campaign-committee/democrats-say-rep-cw-bill-young-voted-cut-taxes-mi/
Club for Growth,"August 23, 2011","Says potential GOP U.S. Senate candidate Tommy Thompson supported ""Obamacare""",half-true,TV ad,Bipartisanship; Health Care; Public Health; Wisconsin,Tom Kertscher,"August 31, 2011",https://www.politifact.com/factchecks/2011/aug/31/club-growth/club-for-growth-says-potential-Republican-US-Senat/
Steve Southerland,"August 24, 2011","""The health insurance plan that (members of Congress) have is no different than any other federal employee's in the United States government.""",true,comments to Tallahassee residents,Health Care; Florida,Katie Sanders,"August 30, 2011",https://www.politifact.com/factchecks/2011/aug/30/steve-southerland/southerland-says-his-health-insurance-no-different/
Scott Randolph,"August 11, 2011","Gov. Rick Scott ""is trying to get a waiver under the federal health care law that would deny consumers in Florida the right to the $60 million in rebates they have from their own HMOs.""",half-true,TV interview,Health Care; Florida,Amy Sherman,"August 29, 2011",https://www.politifact.com/factchecks/2011/aug/29/scott-randolph/rep-randolph-says-gov-scott-wants-take-away-60-mil/
Regina Benjamin,"August 18, 2011","""The United States death rate is two-and-a-half times higher for those who do not have a high school education.""",true,radio interview,Georgia; Education; Health Care,Willoughby Mariano,"August 26, 2011",https://www.politifact.com/factchecks/2011/aug/26/regina-benjamin/us-surgeon-general-says-less-education-means-highe/
Rick Perry,"August 17, 2011","Says Texas gained 21,000 doctors due to tort reform.",false,"speech at ""Politics and Eggs""",National; Health Care; Legal Issues; New Hampshire 2012,Jon Greenberg,"August 25, 2011",https://www.politifact.com/factchecks/2011/aug/25/rick-perry/rick-perry-says-texas-added-21000-doctors-because-/
Paul Krugman,"August 15, 2011","""One in four Texans lacks health insurance, the highest proportion in the nation.""",true,column,National; Health Care; Pundits,Angie Drobnic Holan,"August 15, 2011",https://www.politifact.com/factchecks/2011/aug/15/paul-krugman/one-four-texans-lack-health-insurance/
NJ-CAN,"August 9, 2011","Says the state’s pension and health benefits reform includes ""the destruction of public sector collective bargaining rights.""",half-true,petition,New Jersey; Health Care; Retirement; State Budget,Bill Wichert,"August 15, 2011",https://www.politifact.com/factchecks/2011/aug/15/nj-can/democratic-group-claims-new-jerseys-pension-and-he/
Tim Pawlenty,"August 11, 2011","""Obamacare was patterned after (Mitt Romney's) plan in Massachusetts.""",true,debate,National; Health Care,Angie Drobnic Holan,"August 12, 2011",https://www.politifact.com/factchecks/2011/aug/12/tim-pawlenty/pawlenty-says-obamacare-patterned-after-romneycare/
Richard Codey,"July 11, 2011","""One in every five families in the state of New Jersey has a loved one with a mental illness, a serious mental illness, and today, we don’t care.""",true,speech on the Senate floor,New Jersey; Health Care; State Budget,Caryn Shinske,"August 11, 2011",https://www.politifact.com/factchecks/2011/aug/11/richard-codey/sen-codey-says-1-5-new-jersey-families-has-loved-o/
Alberta Darling,"July 29, 2011","Says state Rep. Sandy Pasch, her recall opponent, ""voted to allow public school employees to use taxpayer dollars to pick up the tab for…Viagra.""",pants-fire,TV ad and campaign flier,Health Care; Unions; Wisconsin,Dave Umhoefer,"August 5, 2011",https://www.politifact.com/factchecks/2011/aug/05/alberta-darling/wisconsin-state-sen-alberta-darling-says-rep-sandy/
Phil Gingrey,"June 22, 2011","Under last year’s health care reform, ""a bunch of bureaucrats decide whether you get care, such as continuing on dialysis or cancer chemotherapy.""",false,news conference,Georgia; Health Care,Willoughby Mariano,"August 2, 2011",https://www.politifact.com/factchecks/2011/aug/02/phil-gingrey/gingrey-claims-federal-health-care-board-can-decid/
La Raza,"July 20, 2011",Medicaid is the primary source of health insurance for 41.7 percent of Hispanic children in Georgia.,true,newscast,Georgia; Health Care,Chris Joyner,"August 1, 2011",https://www.politifact.com/factchecks/2011/aug/01/la-raza/nearly-half-hispanic-children-georgia-rely-medicai/
Cliff Stearns,"July 6, 2011","""Active duty males in the military are twice as likely to develop prostate cancer than their civilian counterparts.""",mostly-true,press release,Health Care; Military; Florida,Bill Thompson,"July 26, 2011",https://www.politifact.com/factchecks/2011/jul/26/cliff-stearns/cliff-stearns-pushing-research-funding-says-milita/
Ron Paul,"July 16, 2011","""When the Republicans were in charge, they actually expanded government health care with the prescription drug program.""",true,interview with the 'Telegraph',National; Health Care; Medicare; New Hampshire 2012,Jake Berry,"July 25, 2011",https://www.politifact.com/factchecks/2011/jul/25/ron-paul/ron-paul-says-when-republicans-were-power-they-exp/
Victoria Jackson,"July 15, 2011","""A clause hidden in the Obamacare bill, which is now law, gives Obama the right to form a private army.""",pants-fire,column by Victoria Jackson,National; Health Care; Military,Angie Drobnic Holan,"July 22, 2011",https://www.politifact.com/factchecks/2011/jul/22/victoria-jackson/victoria-jackson-column-claims-health-care-law-giv/
Mitt Romney,"July 5, 2011","""Federal law requires that hospitals treat people whether or not they can pay. So someone (who) doesn’t have health insurance --  they can go to the hospital and get free care.""",mostly-false,Town Hall,National; Health Care; New Hampshire 2012,Dan Gorenstein,"July 22, 2011",https://www.politifact.com/factchecks/2011/jul/22/mitt-romney/mitt-romney-says-federal-laws-requires-hospitals-p/
Barack Obama,"August 11, 2009",Said his mother had to fight with health insurance companies for treatment because of a pre-existing condition.,mostly-false,town hall,National; Candidate Biography; Health Care,Angie Drobnic Holan,"July 21, 2011",https://www.politifact.com/factchecks/2011/jul/21/barack-obama/obamas-mother-fought-disability-coverage-not-treat/
Michael Doherty,"July 11, 2011",Says Planned Parenthood provides about 140 visits for prenatal care in each state.,false,speech on the Senate floor by Sen. Michael Doherty (R-Warren),New Jersey; Health Care,Bill Wichert,"July 18, 2011",https://www.politifact.com/factchecks/2011/jul/18/michael-doherty/sen-michael-doherty-claims-planned-parenthood-only/
Scott Rigell,"June 23, 2011","Under Ryan plan, ""those 54 and younger would receive the same kind of healthcare options now enjoyed by members of Congress.""",mostly-false,newsletter.,Health Care; Medicare; Virginia,Wes Hester,"July 15, 2011",https://www.politifact.com/factchecks/2011/jul/15/scott-rigell/rigell-says-gop-medicare-plan-offers-those-under-5/
Mike Haridopolos,"June 29, 2011","Florida’s proposed Health Care Freedom Act ""will allow Floridians to opt out of Obama’s govt. takeover of healthcare!""",false,posting on Twitter,Health Care; Legal Issues; States; Florida,Janet Zink,"July 13, 2011",https://www.politifact.com/factchecks/2011/jul/13/mike-haridopolos/mike-haridopolos-says-florida-law-could-allow-stat/
Stephen Sweeney,"June 23, 2011",Says the average government worker won't be impacted in the first two years under the reform of state health benefits.,mostly-false,interview on New Jersey 101.5 FM,New Jersey; Health Care; State Budget,Bill Wichert,"July 10, 2011",https://www.politifact.com/factchecks/2011/jul/10/stephen-sweeney/senate-president-stephen-sweeney-claims-average-wo/
Gary Sasse,"June 26, 2011","Rhode Island spends ""52 percent more per capita on human service programs than the national average.""",true,interview on 10 News Conference,Rhode Island; Children; Families; Health Care; Medicaid; Poverty; State Budget; Taxes,C. Eugene Emery Jr.,"July 8, 2011",https://www.politifact.com/factchecks/2011/jul/08/gary-sasse/sasse-says-rhode-island-spends-52-percent-more-cap/
Herb Conaway Jr.,"June 20, 2011","""This governor has cut funding repeatedly for people who have AIDS, who need drugs to save their life.""",mostly-true,rally at the Statehouse,New Jersey; Health Care; State Budget,Bill Wichert,"July 8, 2011",https://www.politifact.com/factchecks/2011/jul/08/herb-conaway/assemblyman-herb-conaway-jr-claims-gov-chris-chris/
Chris Christie,"June 16, 2011","""Only the State of New York spends more money on Medicaid than the State of New Jersey.""",false,television interview on On the Line,New Jersey; Health Care; State Budget,Bill Wichert,"July 5, 2011",https://www.politifact.com/factchecks/2011/jul/05/chris-christie/gov-chris-christie-says-new-jersey-second-nation-m/
Democratic Congressional Campaign Committee,"June 8, 2011","""Rep. Jim Renacci’s plan to end Medicare also puts nursing home care for 3,000 seniors in the district in immediate jeopardy.""",mostly-false,news release,Ohio; Health Care; Medicaid; Medicare,Sabrina  Eaton,"June 28, 2011",https://www.politifact.com/factchecks/2011/jun/28/democratic-congressional-campaign-committee/dccc-says-rep-jim-renacci-plan-would-jeopardize-nu/
Sherrod Brown,"June 20, 2011","There is a Republican ""plan to end Medicare.""",false,campaign fund-raising letter,Ohio; Health Care; Medicare,Stephen Koff,"June 27, 2011",https://www.politifact.com/factchecks/2011/jun/27/sherrod-brown/us-sen-sherrod-browns-campaign-warns-there-republi/
David Cicilline,"June 14, 2011","The WIC program ""is an incredibly cost effective program, serving nearly 10 million Americans each year and costing less than $100 per person. In my district, more than 18 percent of residents suffer from food insecurity and depend on WIC to make ends meet.""",pants-fire,speech on the floor of the House of Representatives,Rhode Island; Children; Federal Budget; Health Care; Poverty; Women; Taxes,C. Eugene Emery Jr.,"June 26, 2011",https://www.politifact.com/factchecks/2011/jun/26/david-cicilline/rep-cicilline-says-wic-costs-100-person-and-18-per/
National Republican Senatorial Committee,"June 9, 2011","Says that Sherrod Brown ""voted to cut Medicare by over $500 billion in order to fund government-run health care.""",false,news release,Ohio; Health Care; Medicare; Voting Record,Tom Feran,"June 23, 2011",https://www.politifact.com/factchecks/2011/jun/23/national-republican-senatorial-committee/nrsc-claims-sen-sherrod-brown-voted-cut-500-billio/
Sandy Pasch,"June 14, 2011","State Sen. Alberta Darling ""voted to add more than $1 billion in additional spending"" while cutting programs such as education and health care",mostly-true,news release,Education; Health Care; State Budget; Wisconsin,Dave Umhoefer,"June 20, 2011",https://www.politifact.com/factchecks/2011/jun/20/sandy-pasch/wisconsin-rep-sandy-pasch-says-sen-alberta-darling/
Mitt Romney,"June 13, 2011","""Obamacare takes $500 billion out of Medicare and funds Obamacare.""",half-true,Republican presidential candidate debate,National; Health Care; Medicare,Angie Drobnic Holan,"June 16, 2011",https://www.politifact.com/factchecks/2011/jun/16/mitt-romney/500-billion-medicare-obamacare-romney-says/
Rick Santorum,"May 5, 2011","The Medicare drug program ""resulted in the program coming in 40 percent under budget. ... And the reason it was, is because the design was right.""",half-true,debate,National; Federal Budget; Health Care; Medicare; Retirement,Angie Drobnic Holan,"June 15, 2011",https://www.politifact.com/factchecks/2011/jun/15/rick-santorum/did-medicare-part-d-come-40-percent-under-budget-b/
Newt Gingrich,"May 15, 2011","""A large number of the uninsured earn $75,000 or more a year.""",half-true,"an interview on NBC's ""Meet the Press""",National; Health Care,Angie Drobnic Holan,"June 15, 2011",https://www.politifact.com/factchecks/2011/jun/15/newt-gingrich/newt-gingrich-says-large-number-uninsured-make-mor/
Michele Bachmann,"June 13, 2011","""The CBO, the Congressional Budget Office has said that Obamacare will kill 800,000 jobs.""",mostly-false,debate,National; Economy; Health Care,Angie Drobnic Holan,"June 14, 2011",https://www.politifact.com/factchecks/2011/jun/14/michele-bachmann/michele-bachmann-says-obamacare-will-kill-800000-j/
Adam Hasner,"June 8, 2011","""Earlier this year, the head of the Congressional Budget Office testified before Congress that implementation of Obamacare would cost 800,000 jobs.""",mostly-false,press statement,Health Care; Jobs; Florida,Aaron Sharockman,"June 14, 2011",https://www.politifact.com/factchecks/2011/jun/14/adam-hasner/adam-hasner-cites-cbo-says-health-care-law-cuts-80/
Michelle Litjens,"June 2, 2011","""Taxpayers pay for roughly 45 percent of all births in Wisconsin! And 60 percent of the births in Milwaukee!!!""",true,tweet,Health Care; Medicaid; Wisconsin,Tom Kertscher,"June 14, 2011",https://www.politifact.com/factchecks/2011/jun/14/michelle-litjens/wisconsin-gop-rep-michelle-litjens-says-taxpayers-/
Debbie Wasserman Schultz,"June 12, 2011",The Obama administration has cut taxes on small businesses 17 times.,mostly-true,interview on NBC's 'Meet the Press',National; Health Care; Small Business; Stimulus; Taxes,Robert Farley,"June 13, 2011",https://www.politifact.com/factchecks/2011/jun/13/debbie-wasserman-schultz/dnc-chair-wasserman-schultz-says-obama-has-signed-/
Tim Ryan,"May 24, 2011","The average person ""will pay $6,000 more a year"" under Rep. Paul Ryan's Medicare proposal.",true,speech,Ohio; Deficit; Federal Budget; Health Care; Medicare,Sabrina  Eaton,"June 13, 2011",https://www.politifact.com/factchecks/2011/jun/13/tim-ryan/rep-tim-ryan-says-rep-paul-ryans-medicare-proposal/
Mike Haridopolos,"June 9, 2011","""Obamacare cuts $500 billion in future Medicare funding in order to fund the new constitutionally questionable government mandate, even going so far as to scuttle Medicare's most popular (and successful) part, Medicare Advantage.""",half-true,'Orlando Sentinel' op-ed,Health Care; Medicare; Florida,Aaron Sharockman,"June 10, 2011",https://www.politifact.com/factchecks/2011/jun/10/mike-haridopolos/mike-haridopolos-takes-health-care-bill-newspaper-/
Sandy Pasch,"June 6, 2011","Says U.S. Rep. Paul Ryan promised to ""end health care for our seniors.""",pants-fire,online chat,Health Care; Medicare; Wisconsin,Tom Kertscher,"June 10, 2011",https://www.politifact.com/factchecks/2011/jun/10/sandy-pasch/democratic-wisconsin-state-rep-sandy-pasch-says-go/
Loretta  Weinberg,"May 11, 2011",Says six of the state’s 58 family planning centers had to close because of Gov. Chris Christie’s budget cuts.,true,speech at women’s health roundtable discussion,New Jersey; Health Care; Women,Erin O'Neill,"June 10, 2011",https://www.politifact.com/factchecks/2011/jun/10/loretta-weinberg/state-sen-loretta-weinberg-says-6-new-jerseys-58-f/
Bob Graham,"June 1, 2011","""We had (a bill) in Florida where we now are prohibiting doctors to talk -- particularly pediatricians -- to talk to their patients about gun safety in the home.""",mostly-false,"interview on MSNBC's ""Hardball.""",Health Care; Florida; Guns,Aaron Sharockman,"June 6, 2011",https://www.politifact.com/factchecks/2011/jun/06/bob-graham/bob-graham-says-hardball-florida-bill-prohibits-do/
Mike Haridopolos,"May 22, 2011","""No one thought we could get a bipartisan bill (Medicaid) passed. We did in the Florida Senate.""",false,TV interview,Health Care; Medicare; State Budget; Florida,Katie Sanders,"June 3, 2011",https://www.politifact.com/factchecks/2011/jun/03/mike-haridopolos/mike-haridopolos-claims-medicaid-reform-was-bipart/
Debbie Wasserman Schultz,"May 29, 2011","The Medicare proposal by Rep. Paul Ryan, R-Wis., would ""allow insurance companies to deny you coverage and drop you for pre-existing conditions.""",false,"interview on CBS' ""Face the Nation""",National; Corrections and Updates; Federal Budget; Health Care; Medicare,Louis Jacobson,"June 1, 2011",https://www.politifact.com/factchecks/2011/jun/01/debbie-wasserman-schultz/debbie-wasserman-schultz-says-ryan-medicare-plan-w/
Rob Eissler,"May 23, 2011","""Obesity kills 34 children per hour.""",pants-fire,remarks on the House floor,Children; Health Care; Public Health; Texas,Ciara O'Rourke,"May 31, 2011",https://www.politifact.com/factchecks/2011/may/31/rob-eissler/state-rep-rob-eissler-says-34-children-die-obesity/
Barbara  Boxer,"May 24, 2011","""There's a 1.5 percent to 2 percent overhead in Medicare. The insurance companies have a 20 percent to 30 percent overhead.""",half-true,interview with MSNBC's Chris Matthews,National; Health Care; Medicare,Louis Jacobson,"May 30, 2011",https://www.politifact.com/factchecks/2011/may/30/barbara-boxer/barbara-boxer-says-medicare-overhead-far-lower-pri/
Debbie Wasserman Schultz,"May 25, 2011","The Democratic health care law ""added 12 years of solvency to Medicare.""",half-true,interview on MSNBC,National; Federal Budget; Health Care; Medicare,Angie Drobnic Holan,"May 27, 2011",https://www.politifact.com/factchecks/2011/may/27/debbie-wasserman-schultz/did-health-care-law-add-12-years-solvency-medicare/
Joe Straus,"May 20, 2011","Says state budget deal between Texas House and Senate leaders ""funds nursing homes, our public schools and universities and provides financial aid for college students.""",half-true,press release.,Education; Health Care; State Budget; Texas,W. Gardner Selby,"May 27, 2011",https://www.politifact.com/factchecks/2011/may/27/joe-straus/speaker-straus-says-state-budget-deal-funds-nursin/
Democratic National Committee,"May 22, 2011","Says that Tim Pawlenty eliminated health insurance for 33,000 to 35,000 people when he was governor of Minnesota.",half-true,Web ad,National; Health Care,Angie Drobnic Holan,"May 26, 2011",https://www.politifact.com/factchecks/2011/may/26/democratic-national-committee/tim-pawlenty-eliminated-health-insurance-33000-min/
Rob Portman,"May 3, 2011","""The (health reform) legislation which Washington passed last year has made it more difficult to hire"" because it’s increased costs for employers.",mostly-false,press availability following a policy luncheon,Ohio; Economy; Health Care,Stephen Koff,"May 26, 2011",https://www.politifact.com/factchecks/2011/may/26/rob-portman/sen-rob-portman-says-health-care-reform-has-hamper/
The Agenda Project,"May 17, 2011","The Paul Ryan budget proposal would ""privatize Medicare.""",mostly-true,advertisement,National; Federal Budget; Health Care; Medicare,Louis Jacobson,"May 25, 2011",https://www.politifact.com/factchecks/2011/may/25/agenda-project/throw-granny-cliff-ad-says-paul-ryan-plan-would-pr/
The Agenda Project,"May 17, 2011","The Paul Ryan budget proposal would leave the country ""without Medicare.""",false,advertisement,National; Federal Budget; Health Care; Medicare,Angie Drobnic Holan,"May 25, 2011",https://www.politifact.com/factchecks/2011/may/25/agenda-project/throw-granny-cliff-asks-what-country-would-be-with/
Crossroads GPS,"May 18, 2011","""Unions don’t have to comply with Obamacare.""",pants-fire,Web ad,National; Health Care; Unions,Angie Drobnic Holan,"May 23, 2011",https://www.politifact.com/factchecks/2011/may/23/crossroads-gps/unions-dont-have-comply-obamacare-says-crossroads-/
Michael McAuliff,"May 17, 2011","""Tommy Thompson wanted to implant data chips in humans.""",mostly-true,website article,Elections; Health Care; Technology; Wisconsin,Tom Kertscher,"May 22, 2011",https://www.politifact.com/factchecks/2011/may/22/michael-mc-auliff/huffington-post-reporter-says-possible-gop-senate-/
American Beverage Association,"May 11, 2011","""The new beverage tax will increase the cost of sodas, juice drinks, sports drinks, iced teas, and flavored water up to 50%.""",half-true,placard,Rhode Island; Health Care; Public Health; Taxes,C. Eugene Emery Jr.,"May 18, 2011",https://www.politifact.com/factchecks/2011/may/18/american-beverage-association/beverage-association-says-ri-tax-would-increase-su/
Steve Oelrich,"May 17, 2011","""You can't give a child an aspirin in school without permission. You can't do any kind of medication, but we can secretly take the child off and have an abortion.""",true,"floor debate on May 5, 2011",Abortion; Health Care; Florida,Katie Sanders,"May 17, 2011",https://www.politifact.com/factchecks/2011/may/17/steve-oelrich/state-senator-claims-school-nurses-cant-give-aspir/
Laura Ingraham,"May 12, 2011","The Massachusetts health care plan is ""wildly unpopular"" among state residents.",false,"interview on Fox News' ""O'Reilly Factor""",National; Health Care; Polls and Public Opinion; Pundits,Louis Jacobson,"May 16, 2011",https://www.politifact.com/factchecks/2011/may/16/laura-ingraham/laura-ingraham-says-massachusetts-health-plan-wild/
John Whitmire,"May 3, 2011","Says the Texas Board of Nursing has a backlog of ""3,000 complaints against nurses, many of them sexual assaults, malfeasance.""",mostly-true,remarks on the Senate floor,Health Care; Crime; Regulation; Texas,Ciara O'Rourke,"May 16, 2011",https://www.politifact.com/factchecks/2011/may/16/john-whitmire/state-sen-john-whitmire-says-texas-board-nursing-h/
Sherrod Brown,"May 10, 2011","""Eighty-seven percent of private insurance plans currently include (abortion) coverage.""",mostly-true,fundraising letter,Abortion; Ohio; Health Care,Tom Feran,"May 16, 2011",https://www.politifact.com/factchecks/2011/may/16/sherrod-brown/sen-sherrod-brown-critical-house-bills-potential-i/
Mitt Romney,"May 12, 2011","President Obama’s health care law ""represents a government takeover of health care.""",pants-fire,speech,National; Health Care,Louis Jacobson,"May 13, 2011",https://www.politifact.com/factchecks/2011/may/13/mitt-romney/romney-calls-obamas-health-care-law-government-tak/
Sherrod Brown,"May 10, 2011","About two-thirds of Medicaid beneficiaries are children, but they account for one-third of the program’s cost, while one-third are elderly, and they account for two-thirds of the cost.",mostly-false,interview on MSNBC,National; Children; Federal Budget; Health Care,Louis Jacobson,"May 12, 2011",https://www.politifact.com/factchecks/2011/may/12/sherrod-brown/sherrod-brown-says-elderly-account-two-thirds-medi/
Renee Unterman,"April 14, 2011","""Gwinnett Medical Center is operating in the negative,"" in part, because of illegal immigrants.",half-true,speech,Georgia; Immigration; Health Care,Eric Stirgus,"May 11, 2011",https://www.politifact.com/factchecks/2011/may/11/renee-unterman/illegal-immigrants-hurt-hospitals-bottom-line-geor/
Robert Watson,"April 26, 2011","""I'm well aware that medical marijuana is a recognized, medical, viable treatment for this sort of [pancreas] pain condition.""",false,speech on the House floor,Rhode Island; Candidate Biography; Drugs; Health Care; Legal Issues; Crime; Public Health; Marijuana,C. Eugene Emery Jr.,"May 8, 2011",https://www.politifact.com/factchecks/2011/may/08/robert-watson/former-house-minority-leader-says-marijuana-recogn/
Tim Pawlenty,"May 5, 2011","On the night of the Iowa caucuses, Obama ""promised the nation that he would do health care reform focused on cost containment, he opposed an individual mandate, and he said he was going to do it with Republicans.""",mostly-true,Republican presidential debate,National; Health Care,Angie Drobnic Holan,"May 6, 2011",https://www.politifact.com/factchecks/2011/may/06/tim-pawlenty/tim-pawlenty-quotes-obamas-words-health-care-iowa-/
Joe Gibbons,"May 4, 2011","""Polls show that Floridians don't want to repeal the Affordable Care Act.""",mostly-false,comments on the House floor,Health Care; Polls and Public Opinion; Florida,Aaron Sharockman,"May 5, 2011",https://www.politifact.com/factchecks/2011/may/05/joe-gibbons/democratic-state-rep-joe-gibbons-says-floridians-d/
Saxby Chambliss,"March 28, 2011","Says the Internal Revenue Service estimated it must hire ""16,500 agents at a cost of $10 billion to the taxpayer"" to enforce the federal health care overhaul.",false,letter to a constituent,Georgia; Health Care; Taxes,Willoughby Mariano,"May 4, 2011",https://www.politifact.com/factchecks/2011/may/04/saxby-chambliss/us-sen-chambliss-says-16500-irs-agents-needed-heal/
Kathleen Sebelius,"April 19, 2011","""One of three patients hospitalized (is) harmed by the care they receive.""",mostly-true,speech,Georgia; Health Care,Eric Stirgus,"May 3, 2011",https://www.politifact.com/factchecks/2011/may/03/kathleen-sebelius/one-three-harmed-during-medical-care-white-house-o/
Herman Cain,"March 17, 2011","Says ""in Canada, the number of CT scan machines per 1,000 people is like one-tenth of what we have here in this country. That's why people have to wait.""",false,interview,Georgia; Health Care,M.B. Pell,"May 2, 2011",https://www.politifact.com/factchecks/2011/may/02/herman-cain/Oh-Canada-Cain-says-nation-behind-U-S-in-CT-machin/
Barack Obama,"April 14, 2011","Says Paul Ryan ""voted for two wars that were unpaid for, voted for the Bush tax cuts that were unpaid for, voted for the prescription drug bill that cost as much as my health care bill -- but wasn't paid for.""",mostly-true,remarks at a campaign fundraiser,Afghanistan; Deficit; Federal Budget; Health Care; Iraq; Taxes; Wisconsin,Dave Umhoefer,"April 27, 2011",https://www.politifact.com/factchecks/2011/apr/27/barack-obama/president-barack-obama-says-rep-paul-ryan-voted-wa/
Bill Maher,"April 15, 2011","Under a proposal by Rep. Paul Ryan, people on Medicare will only have $15,000 from the federal government to spend on their health care.",false,"episode of HBO's ""Real Time with Bill Maher""",National; Federal Budget; Health Care; Medicare; Pundits,Louis Jacobson,"April 20, 2011",https://www.politifact.com/factchecks/2011/apr/20/bill-maher/bill-maher-says-gop-proposal-would-limit-seniors-1/
Jim Keffer,"April 3, 2011","""The costs of cancer and all affiliated issues are over $20 billion a year to this state.""",true,House floor remarks,Health Care; Texas,Meghan Ashford-Grooms,"April 18, 2011",https://www.politifact.com/factchecks/2011/apr/18/jim-keffer/texas-rep-jim-keffer-says-cancer-and-related-issue/
Joaquin Castro,"April 4, 2011","""43,000 people are going to be kicked out of nursing homes or denied nursing home entrance"" if the Texas House version of the state budget passes into law.",mostly-false,House floor debate.,Health Care; State Budget; Texas,Ciara O'Rourke,"April 16, 2011",https://www.politifact.com/factchecks/2011/apr/16/joaquin-castro/joaquin-castro-says-if-house-approved-budget-becom/
Peter DeFazio,"April 13, 2011","""Medicare passed with virtually no Republican support.""",false,House floor speech,National; Health Care; History; Medicare,Louis Jacobson,"April 15, 2011",https://www.politifact.com/factchecks/2011/apr/15/peter-defazio/peter-defazio-says-medicare-passed-virtually-no-re/
Chris Van Hollen,"April 10, 2011","""The Republicans have demanded deep cuts in education. They've demanded cuts in cancer research and other research to find cures and treatments to diseases.""",mostly-true,"interview on ABC's ""This Week with Christiane Amanpour""",National; Education; Federal Budget; Health Care; Science; This Week - ABC News,Louis Jacobson,"April 15, 2011",https://www.politifact.com/factchecks/2011/apr/15/chris-van-hollen/chris-van-hollen-says-gop-has-demanded-deep-cuts-e/
Mike Pence,"April 10, 2011","A Republican proposal changes Medicare for those under age 55 so that they will  ""participate in the same kind of health plan that members of Congress do.""",mostly-false,"interview on ""This Week with Christiane Amanpour""",National; Corrections and Updates; Federal Budget; Health Care; Medicare; This Week - ABC News,Angie Drobnic Holan,"April 13, 2011",https://www.politifact.com/factchecks/2011/apr/13/mike-pence/mike-pence-said-republican-medicare-proposal-will-/
Sean Duffy,"February 23, 2011","""The benefits that were offered to me as a congressman don’t even compare to the benefits that you get as a state employee. I just experienced that myself. They’re not nearly as good.""",half-true,discussion at a town hall meeting,Candidate Biography; Federal Budget; Health Care; State Budget; Wisconsin,Dave Umhoefer,"April 12, 2011",https://www.politifact.com/factchecks/2011/apr/12/sean-duffy/us-rep-sean-duffy-says-wisconsin-state-employees-g/
Broward County Medical Association,"April 2, 2011","In Florida, it’s not illegal for an immediate family member of state officials to prosper from legislation supported by a spouse.",true,e-mail regarding Gov. Rick Scott,Ethics; Health Care; Legal Issues; Florida,Laura  Figueroa,"April 8, 2011",https://www.politifact.com/factchecks/2011/apr/08/broward-county-medical-association/group-claims-it-not-illegal-florida-spouse-benefit/
Ron Johnson,"March 23, 2011","For the first time in U.S. history, a personal inaction will be deemed unlawful -- not purchasing a health-insurance plan",false,opinion piece,Health Care; Wisconsin,Dave Umhoefer,"April 6, 2011",https://www.politifact.com/factchecks/2011/apr/06/ron-johnson/us-sen-ron-johnson-says-federal-health-care-law-fi/
James Roosevelt,"April 1, 2011",Three courts have found the new health care law constitutional and two have found it unconstitutional.,true,segment of WPRI's Newsmakers program,Rhode Island; Health Care; Legal Issues,C. Eugene Emery Jr.,"April 6, 2011",https://www.politifact.com/factchecks/2011/apr/06/james-roosevelt/tufts-health-plan-ceo-says-judges-have-split-3-2-c/
George Allen,"March 23, 2011",A majority of the American people opposed the health care law when it was signed and still oppose it today.,mostly-true,blog post.,Health Care; Virginia,Sean Gorman,"April 4, 2011",https://www.politifact.com/factchecks/2011/apr/04/george-allen/george-allen-says-health-care-bill-defies-wishes-a/
Sylvester Turner,"March 31, 2011","""Ninety percent of Texans say they do not want the nursing homes to close. It polls higher than anything else.""",mostly-true,remarks on the House floor,Health Care; Housing; State Budget; Texas,Ciara O'Rourke,"April 2, 2011",https://www.politifact.com/factchecks/2011/apr/02/sylvester-turner/state-rep-sylvester-turner-says-90-percent-texans-/
Morgan Griffith,"March 25, 2011","""Originally, Democrats promised that if you liked your health care plan, you could keep it. One year later we know that you need a waiver to keep your plan.""",mostly-false,newsletter.,Health Care; Virginia,Jacob Geiger,"March 31, 2011",https://www.politifact.com/factchecks/2011/mar/31/morgan-griffith/morgan-griffith-says-you-need-waiver-keep-your-hea/
Rick Santorum,"March 29, 2011","""A third of all the young people in America are not in America today because of abortion, because one in three pregnancies end in abortion.""",false,radio interview,Abortion; National; Health Care; Social Security,Louis Jacobson,"March 31, 2011",https://www.politifact.com/factchecks/2011/mar/31/rick-santorum/rick-santorum-says-one-every-three-pregnancies-end/
Rick Scott,"March 23, 2011","""Before this (federal health care) law was enacted, Florida parents ... were able to purchase inexpensive 'child-only' coverage for their children. The law’s 'consumer protections' have now eliminated that choice in Florida.""",false,opinion article published,Children; Health Care; Florida,Laura  Figueroa,"March 31, 2011",https://www.politifact.com/factchecks/2011/mar/31/rick-scott/scott-says-new-federal-health-care-act-eliminated-/
John Boehner,"March 14, 2011","Says the Patient Protection and Affordable Care Act adopted last year contains ""a series of slush funds, set up to stay on the books automatically, with little or no oversight.""",pants-fire,video,Ohio; Health Care,Sabrina  Eaton,"March 31, 2011",https://www.politifact.com/factchecks/2011/mar/31/john-boehner/house-speaker-john-boehner-labels-money-health-car/
Larry Ahern,"March 25, 2011","""We don't need a separate (prescription drug) database ... Pharmacies already have a database in place.""",false,"letter to the editor of the ""St. Petersburg Times""",Drugs; Health Care; Public Health; Florida,Aaron Sharockman,"March 29, 2011",https://www.politifact.com/factchecks/2011/mar/29/larry-ahern/freshman-house-member-says-pill-mill-database-isnt/
Dennis Richardson,"March 4, 2011","""Oregon is the only state out of the 50 states in the USA that continues to pay 100% of the medical benefits for its employees and their families.""",false,newsletter,Oregon; Health Care; State Budget,Ian K. Kullgren,"March 28, 2011",https://www.politifact.com/factchecks/2011/mar/28/dennis-richardson/dennis-richardson-says-oregon-only-state-pick-publ/
Matt Gaetz,"March 16, 2011","Says his bill, HB 97, would prevent the use of taxpayer dollars on abortions.",false,comments before a House subcommittee,Abortion; Health Care; Florida,Aaron Sharockman,"March 17, 2011",https://www.politifact.com/factchecks/2011/mar/17/matt-gaetz/taxpayer-funded-abortions-federal-health-care-bill/
Sherrod Brown,"January 19, 2011","Says that Republicans ""bragged about how every bill was going to be paid for, right from the beginning"" and that the first vote, the repeal of health care reform, violated that rule.",mostly-true,telephone news conference,Ohio; Health Care; Voting Record,James Ewinger,"March 16, 2011",https://www.politifact.com/factchecks/2011/mar/16/sherrod-brown/sen-sherrod-brown-chides-gop-saying-vote-health-ca/
Mike Huckabee,"March 4, 2011","Says it’s a ""statistical reality that most single moms are very poor, under-educated, can't get a job, and if it weren't for government assistance, their kids would be starving to death.""",mostly-false,post on his PAC's website,National; Children; Economy; Education; Families; Health Care; Income; Jobs; Labor; Marriage; Poverty; Women; Workers,Louis Jacobson,"March 10, 2011",https://www.politifact.com/factchecks/2011/mar/10/mike-huckabee/mike-huckabee-says-single-moms-very-poor-under-edu/
Carol Alvarado,"March 2, 2011",Says women who need a sonogram in the eighth to 10th week of pregnancy have to get a transvaginal sonogram.,mostly-true,remarks on the House floor,Abortion; Health Care; Women; Texas,Ciara O'Rourke,"March 10, 2011",https://www.politifact.com/factchecks/2011/mar/10/carol-alvarado/state-rep-carol-alvarado-says-women-who-are-10-wee/
Michele Bachmann,"March 6, 2011","""Secretly, unbeknownst to members of Congress, over $105 billion was hidden in the Obamacare legislation.""",mostly-false,"interview on NBC's ""Meet the Press""",National; Federal Budget; Health Care,Angie Drobnic Holan,"March 8, 2011",https://www.politifact.com/factchecks/2011/mar/08/michele-bachmann/michele-bachmann-charges-health-care-bill-spent-10/
Chain email,"March 7, 2011",State employees will have to pay 100 percent of their pensions and health insurance after 2012.,false,chain email apparently focused on Wisconsin corrections workers,Health Care; Labor; State Budget; Wisconsin,Dave Umhoefer,"March 8, 2011",https://www.politifact.com/factchecks/2011/mar/08/chain-email/e-mail-says-state-employees-wisconsin-will-have-pa/
Anthony Weiner,"March 2, 2011","""Under the clear letter of the law, (Justice Clarence Thomas) must recuse himself"" from the case challenging the constitutionality of the health care law.",half-true,interview on Fox News,National; Ethics; Health Care; Supreme Court,Robert Farley,"March 7, 2011",https://www.politifact.com/factchecks/2011/mar/07/anthony-weiner/rep-anthony-weiner-law-clear-clarence-thoma/
Ken Cuccinelli,"March 1, 2011","The health care bill has ""six years of costs against 10 years of tax revenue.""",half-true,appearance on Fox News.,Health Care; Taxes; Virginia,Jacob Geiger,"March 7, 2011",https://www.politifact.com/factchecks/2011/mar/07/ken-cuccinelli/ken-cuccinelli-says-health-care-law-has-six-years-/
Gail  Collins,"February 16, 2011","Texas ""ranks third in teen pregnancies... and it is No. 1 in repeat teen pregnancies.""",mostly-true,New York Times column,Children; Health Care; Pundits; Texas,Ciara O'Rourke,"March 7, 2011",https://www.politifact.com/factchecks/2011/mar/07/gail-collins/new-york-times-columnist-gail-collins-say-texas-ra/
Kenneth McKay,"February 27, 2011","Says Sheldon Whitehouse said on Senate floor: ""Everybody in Rhode Island who disagrees with me about Obamacare is an Aryan, is a white supremacist.""",pants-fire,TV interview,Rhode Island; Health Care,Peter Lord,"March 6, 2011",https://www.politifact.com/factchecks/2011/mar/06/kenneth-mckay/mckay-says-sen-whitehouse-said-senate-floor-everyb/
Jennifer  Shilling,"February 27, 2011","Says many local governments in Wisconsin already require employees to pay 20 percent, 30 percent or even 40 percent of their health insurance premiums.",false,news release,Health Care; Labor; State Budget; Wisconsin,Dave Umhoefer,"March 3, 2011",https://www.politifact.com/factchecks/2011/mar/03/jennifer-shilling/wisconsin-rep-jennifer-shilling-says-many-local-go/
Deval Patrick,"February 27, 2011","The 2006 Massachusetts health care law has ""added (only) about 1 percent to our state budget.""",mostly-true,"interview on ""This Week with Christiane Amanpour.""",National; Health Care; State Budget; This Week - ABC News,Angie Drobnic Holan,"March 2, 2011",https://www.politifact.com/factchecks/2011/mar/02/deval-patrick/deval-patrick-said-massachusetts-health-care-law-a/
Republican Party of Wisconsin,"February 19, 2011","At protests in Wisconsin against proposed collective bargaining changes, ""phony sick notes (were) passed out to excuse striking union members.""",mostly-true,news release,Health Care; Labor; State Budget; Wisconsin,Tom Kertscher,"February 21, 2011",https://www.politifact.com/factchecks/2011/feb/21/republican-party-wisconsin/wisconsin-republican-party-says-doctors-were-handi/
Wesley Smith,"January 31, 2011","Oregon Health Plan rations ""covered procedures under certain circumstances""",half-true,article,Oregon; Health Care,Ian K. Kullgren,"February 19, 2011",https://www.politifact.com/factchecks/2011/feb/19/wesley-smith/one-pundit-says-oregon-health-plan-rations-covered/
Michele Bachmann,"February 15, 2011","The government will ""go out and buy my breast pump for my babies.""",false,"interview on ""The Laura Ingraham Show""",National; Health Care; Women; Taxes,Angie Drobnic Holan,"February 18, 2011",https://www.politifact.com/factchecks/2011/feb/18/michele-bachmann/michele-bachmann-says-government-will-buy-you-brea/
Cenk Uygur,"February 9, 2011",Orrin Hatch co-sponsored a 1993 health care bill that had an individual mandate.,true,MSNBC Live,National; Health Care; Pundits,Angie Drobnic Holan,"February 14, 2011",https://www.politifact.com/factchecks/2011/feb/14/cenk-uygur/hatch-once-supported-individual-mandate-said-cenk-/
Rick Scott,"February 3, 2011","The federal health care law is ""probably the biggest tax increase ever in the history of our country.""",false,comments during a tour of a manufacturing plant.,Health Care; Taxes; Florida,Aaron Sharockman,"February 14, 2011",https://www.politifact.com/factchecks/2011/feb/14/rick-scott/rick-scott-says-health-care-bill-biggest-tax-incre/
Peter DeFazio,"February 1, 2011","Oregon families pay an extra $1,400 a year on higher insurance premiums to cover those who do not have insurance.",mostly-true,press release,Oregon; Health Care,Charles Pope,"February 12, 2011",https://www.politifact.com/factchecks/2011/feb/12/peter-defazio/peter-defazio-says-oregonians-pay-extra-cover-unin/
Jim Sullivan,"January 31, 2011","When the Milwaukee County mental health facility is full, ""cops sit out there in their squad cars with a mentally ill patient""  and sometimes ""spend an entire shift out there doing that.""",false,meeting with Journal Sentinel reporters and editors,County Budget; Health Care; Wisconsin,Tom Kertscher,"February 10, 2011",https://www.politifact.com/factchecks/2011/feb/10/jim-sullivan/milwaukee-county-executive-candidate-jim-sullivan-/
Bill O'Reilly,"February 6, 2011","The majority of people in polls do ""not support Obamacare.""",half-true,interview with President Obama,National; Corrections and Updates; Health Care; Polls and Public Opinion; Pundits,Angie Drobnic Holan,"February 8, 2011",https://www.politifact.com/factchecks/2011/feb/08/bill-oreilly/majority-people-polls-do-not-support-obamacare/
Barack Obama,"February 6, 2011","Twelve judges have thrown out legal challenges to the health care law because they rejected ""the notion that the health care law was unconstitutional.""",false,interview on Fox,National; Health Care; Supreme Court,Robert Farley,"February 8, 2011",https://www.politifact.com/factchecks/2011/feb/08/barack-obama/president-obama-says-12-judges-have-rejected-notio/
Bill Posey,"February 1, 2011","""Before this law was passed, Americans were told they could keep their current health care plans. After it became law, the administration issued regulations stating nearly half of Americans would lose their current plan.""",half-true,letter to the editor,Health Care; Florida,Amy Sherman,"February 8, 2011",https://www.politifact.com/factchecks/2011/feb/08/bill-posey/rep-bill-posey-claims-nearly-half-will-lose-curren/
Scott Walker,"February 1, 2011",Most state employees could pay twice as much toward their health care premiums and it would still be half the national average,true,State of the State speech,Health Care; State Budget; Wisconsin,Dave Umhoefer,"February 8, 2011",https://www.politifact.com/factchecks/2011/feb/08/scott-walker/wisconsin-gov-scott-walker-says-state-employees-co/
Terry Gorman,"January 6, 2011","""Illegal aliens cost the state of Rhode Island $400 million a year.""",pants-fire,radio interview,Immigration; Rhode Island; Census; Education; Health Care; Crime; State Budget; Taxes,C. Eugene Emery Jr.,"February 6, 2011",https://www.politifact.com/factchecks/2011/feb/06/terry-gorman/gorman-says-illegal-immigrants-cost-rhode-island-4/
Jim Sullivan,"January 31, 2011","""We currently have one guy who is in charge of painting the entire Milwaukee County parks system.""",half-true,meeting with Journal Sentinel reporters and editors,County Budget; Health Care; Wisconsin,Tom Kertscher,"February 4, 2011",https://www.politifact.com/factchecks/2011/feb/04/jim-sullivan/milwaukee-county-executive-candidate-jim-sullivan-/
Ron Saunders,"January 19, 2011","""The two worst counties for (Medicaid) fraud in the country -- not state -- are Dade and Broward county.""",mostly-true,meeting with reporters,Health Care; Crime; Florida,Amy Sherman,"February 3, 2011",https://www.politifact.com/factchecks/2011/feb/03/ron-saunders/saunders-says-dade-broward-rule-country-medicaid-f/
Blake Farenthold,"January 23, 2011","""Despite claims that you can 'keep the health care plan you like,' the Obama Administration has predicted that as many as 7 out of 10 Americans with employer-provided health coverage could lose their current health plan.""",false,op-ed,National; Health Care; Workers,Louis Jacobson,"February 2, 2011",https://www.politifact.com/factchecks/2011/feb/02/blake-farenthold/rep-blake-farenthold-says-health-care-law-will-for/
Jim Renacci,"January 10, 2011","Says there are ""a half a trillion dollars in cuts to Medicare that are going to go in place"" as a result of health care reform.",mostly-false,town hall forum,Ohio; Health Care; Medicare,Sabrina  Eaton,"February 2, 2011",https://www.politifact.com/factchecks/2011/feb/02/jim-renacci/rep-jim-renacci-characterizes-medicare-savings-hea/
Jason Brodeur,"January 16, 2011",Says gun ownership information could be recorded and collected by the federal government and insurance companies as part of the federal health care law.,false,comments published,Health Care; Privacy Issues; Florida; Guns,Aaron Sharockman,"February 1, 2011",https://www.politifact.com/factchecks/2011/feb/01/jason-brodeur/florida-lawmaker-suggests-doctors-can-use-gun-info/
One Wisconsin Now,"January 28, 2011","""Gov. Scott Walker and the Republican-controlled state legislature have added over $140 million in new special interest spending""",pants-fire,news release,Health Care; Small Business; Taxes; Wisconsin,Tom Kertscher,"February 1, 2011",https://www.politifact.com/factchecks/2011/feb/01/one-wisconsin-now/one-wisconsin-now-says-scott-walker-and-legislatur/
Barack Obama,"January 25, 2011","""Veterans can now download their electronic medical records with a click of the mouse.""",mostly-false,his State of the Union address,National; Health Care; Technology; Veterans,Robert Farley,"January 31, 2011",https://www.politifact.com/factchecks/2011/jan/31/barack-obama/president-obama-says-veterans-can-now-access-their/
Paul Ryan,"January 25, 2011","The health care law ""is accelerating our country toward bankruptcy.""",mostly-false,GOP response to the State of the Union,National; Federal Budget; Health Care,Robert Farley,"January 27, 2011",https://www.politifact.com/factchecks/2011/jan/27/paul-ryan/rep-paul-ryan-claims-health-care-law-accelerating-/
Michele Bachmann,"January 25, 2011","The federal government ""may put 16,500 IRS agents in charge of policing President Obama's health care bill.""",half-true,rebuttal to the State of the Union address,National; Federal Budget; Health Care; Taxes,Louis Jacobson,"January 26, 2011",https://www.politifact.com/factchecks/2011/jan/26/michele-bachmann/michele-bachmann-repeats-claim-health-care-bill-wi/
William G. Batchelder,"January 3, 2011","Says a ""Canadian provincial prime minister came to Ohio for his medical treatment because of the delay in Canadian health care which would have endangered his life.""",pants-fire,speech,Ohio; Health Care,Aaron Marshall,"January 26, 2011",https://www.politifact.com/factchecks/2011/jan/26/bill-batchelder/ohio-house-speaker-william-g-batchelder-tells-heal/
National Rifle Association,"January 16, 2011","More people die from ""medical misadventures"" than firearm accidents nationally and in Florida.",mostly-true,fact-sheet.,Health Care; Florida; Guns,Amy Sherman,"January 24, 2011",https://www.politifact.com/factchecks/2011/jan/24/national-rifle-association/nra-claims-more-die-accident-medical-misadventures/
Paul Krugman,"January 6, 2011","Texas leads ""the nation in the percentage of residents without health insurance.""",true,op-ed column,Health Care; Texas,,"January 24, 2011",https://www.politifact.com/factchecks/2011/jan/24/paul-krugman/new-york-times-paul-krugman-says-texas-leads-natio/
Lee Holloway,"January 12, 2011","""We’ve saved over $100 million of (health care) costs"" in Milwaukee County. ""I did that.""",mostly-true,meeting with Journal Sentinel reporters and editors,Health Care; Wisconsin,Tom Kertscher,"January 24, 2011",https://www.politifact.com/factchecks/2011/jan/24/lee-holloway/acting-milwaukee-co-executive-lee-holloway-say/
Lamar Smith,"January 5, 2011","""Despite the administration telling us (health care reform) was going to reduce health care costs, they now acknowledge it's going to dramatically increase health care costs.""",false,radio interview,Health Care; Texas,,"January 23, 2011",https://www.politifact.com/factchecks/2011/jan/23/lamar-smith/lamar-smith-says-obama-administration-said-health-/
Anthony Weiner,"January 19, 2011",The health care law includes tort reform.,false,speech on the House floor,National; Health Care; Legal Issues,Angie Drobnic Holan,"January 21, 2011",https://www.politifact.com/factchecks/2011/jan/21/anthony-weiner/tort-reform-health-care-law-no/
Nathan Deal,"December 8, 2010","The impact of the 2010 federal health care legislation will be ""huge"" on Georgia.",mostly-true,newspaper interview,Georgia; Health Care,Eric Stirgus,"January 21, 2011",https://www.politifact.com/factchecks/2011/jan/21/nathan-deal/deal-healthcare-prediction-needs-more-details/
Eric Cantor,"January 19, 2011","The health care law is ""job killing.""",false,bill introduced on the House floor.,National; Economy; Health Care,Robert Farley,"January 20, 2011",https://www.politifact.com/factchecks/2011/jan/20/eric-cantor/health-care-law-job-killer-evidence-falls-short/
Michael Burgess,"December 28, 2010","Says 2010 was the ""worst year ever for America's doctors"" reimbursed by Medicare.",false,interview.,Health Care; Texas,W. Gardner Selby,"January 20, 2011",https://www.politifact.com/factchecks/2011/jan/20/michael-burgess/michael-burgess-says-2010-was-worst-year-ever-doct/
Jim Sensenbrenner,"January 16, 2011","""We had a debate on whether ‘ObamaCare’ was the way to go to fix up health care and the American voters said no -- emphatically.""",mostly-false,interview after a town hall meeting,Health Care; Wisconsin,James B. Nelson,"January 20, 2011",https://www.politifact.com/factchecks/2011/jan/20/jim-sensenbrenner/rep-jim-sensenbrenner-says-americans-have-emphatic/
Chris Van Hollen,"January 18, 2011","Between 2000 and 2006,  ""health insurance company profits quadrupled.""",mostly-true,comments on the House floor,National; Health Care,Robert Farley,"January 19, 2011",https://www.politifact.com/factchecks/2011/jan/19/chris-van-hollen/rep-chris-van-hollen-says-insurance-company-profit/
Chris Van Hollen,"January 18, 2011","""Between the year 2000 and 2006, (insurance) premiums in this country doubled.""",mostly-true,comments on the House floor,National; Health Care,Robert Farley,"January 19, 2011",https://www.politifact.com/factchecks/2011/jan/19/chris-van-hollen/rep-chris-van-hollen-says-insurance-premiums-doubl/
Dennis Kucinich,"December 31, 2010","Says that before health care reform, one of every three health care dollars spent -- more than $800 billion a year -- didn't go for health care.",mostly-true,CNN interview,Ohio; Health Care,Tom Feran,"January 18, 2011",https://www.politifact.com/factchecks/2011/jan/18/dennis-kucinich/rep-dennis-kucinich-claims-chunk-health-care-dolla/
Ohio Alliance for Retired Americans,"January 10, 2011",Says Ohio Attorney General Mike DeWine is hypocritical for challenging the constitutionality of the new health care law.,false,news release,Ohio; Health Care; Voting Record,Stephen Koff,"January 17, 2011",https://www.politifact.com/factchecks/2011/jan/17/ohio-alliance-retired-americans/attack-dewines-health-reform-position-voluntarily-/
Eric Cantor,"January 6, 2011","The health care reform law ""offset[s] 6 years of benefits with 10 years of tax increases.""",half-true,statement.,Health Care; Taxes; Virginia,Wes Hester,"January 15, 2011",https://www.politifact.com/factchecks/2011/jan/15/eric-cantor/cantor-says-health-care-reform-collects-1o-years-t/
Jeff Fitzgerald,"December 27, 2010","Says 15,000 IRS employees ""have to be added to administer ‘ObamaCare’ and look at the tax implications.""",mostly-false,television interview,Health Care; Wisconsin,Tom Kertscher,"January 14, 2011",https://www.politifact.com/factchecks/2011/jan/14/jeff-fitzgerald/wisconsin-assembly-speaker-jeff-fitzgerald-says-ir/
Robert Hagan,"December 8, 2010","Ohio taxpayers spent more than $67 million ""for the year"" on food stamps and Medicaid for Wal-Mart workers",half-true,speech,Ohio; Health Care; State Budget,Joe Guillen,"January 12, 2011",https://www.politifact.com/factchecks/2011/jan/12/robert-hagan/rep-robert-hagan-slams-wal-mart-over-workers-needi/
Allen West,"January 2, 2011","""We had an amendment in the health care law that said the federal government is going to take over education.""",false,Fox News TV show,Education; Health Care; Florida,Amy Sherman,"January 11, 2011",https://www.politifact.com/factchecks/2011/jan/11/allen-west/west-says-feds-are-going-take-over-education/
Pat Mullins,"January 3, 2011",New provisions of the health care law bar the use of flexible spending accounts and health savings accounts to pay for aspirin and other non-prescription health needs.,true,letter.,Health Care; Virginia,Wes Hester,"January 7, 2011",https://www.politifact.com/factchecks/2011/jan/07/pat-mullins/gop-chairman-mullins-says-health-care-bill-end-pre/
Jim Sullivan,"January 31, 2011","Says he ""led the effort to build a new (University of Wisconsin-Milwaukee) engineering campus in Wauwatosa.""",false,meeting with Journal Sentinel reporters and editors,County Budget; Health Care; Wisconsin,Tom Kertscher,"January 6, 2011",https://www.politifact.com/factchecks/2011/jan/06/jim-sullivan/milwaukee-county-executive-candidate-jim-sullivan-/
Rick Perry,"December 19, 2010","Says the state's Medicaid waiver proposal ""has languished in a file cabinet at the Centers for Medicare and Medicaid Services for more than two years.""",pants-fire,interview,Health Care; State Budget; States; Texas,Meghan Ashford-Grooms,"January 6, 2011",https://www.politifact.com/factchecks/2011/jan/06/rick-perry/gov-rick-perry-says-state-medicaid-proposal-has-la/
Marie Ghazal,"December 17, 2010","""Rhode Island has the highest percentage of uninsured adults of any state in New England.""",mostly-true,commentary,Rhode Island; Economy; Health Care; Poverty,C. Eugene Emery Jr.,"January 4, 2011",https://www.politifact.com/factchecks/2011/jan/04/marie-ghazal/health-clinic-executive-says-rhode-island-has-high/
Bobby  Scott,"December 16, 2010","The tax-cut deal ""adds more than $800 billion to the deficit over two years -- more than the cost of TARP and more than the cost of the Recovery Act"" and about the same as health care reform.",mostly-true,news release.,Deficit; Federal Budget; Health Care; Stimulus; Taxes; Virginia,Wes Hester,"December 27, 2010",https://www.politifact.com/factchecks/2010/dec/27/bobby-scott/rep-bobby-scott-says-tax-deal-costs-same-health-ca/
Bob Marshall,"December 13, 2010","Those who fail to buy health insurance under ""Obamacare"" face the threat of jail time.",pants-fire,news release.,Health Care; Virginia,Wes Hester,"December 20, 2010",https://www.politifact.com/factchecks/2010/dec/20/bob-marshall/del-bob-marshall-says-violators-obama-health-care-/
Robert Hurt,"December 13, 2010","The Democrats' health care reform law is a ""government takeover of health care.""",false,news release.,Health Care; Virginia,Wes Hester,"December 16, 2010",https://www.politifact.com/factchecks/2010/dec/16/robert-hurt/robert-hurt-calls-health-care-reform-law-governmen/
George W. Bush,"November 9, 2010","Says that in his first 17 months as president, the United States doubled its world-leading $500 million a year commitment to fighting global AIDS.",true,"his book, ""Decision Points.""",Federal Budget; Health Care; Foreign Policy; Texas,W. Gardner Selby,"December 16, 2010",https://www.politifact.com/factchecks/2010/dec/16/george-w-bush/president-bush-says-united-states-doubled-its-comm/
Barack Obama,"December 13, 2010","""When Social Security was passed, there were all kinds of lawsuits,"" just as there have been in the legal battle over the new health care law.",true,television interview,National; Health Care; History; Legal Issues; Social Security,Louis Jacobson,"December 15, 2010",https://www.politifact.com/factchecks/2010/dec/15/barack-obama/barack-obama-compares-legal-battle-over-health-car/
Donna Garner,"December 9, 2010","Says Joe Straus ""was co-author of a bill that would have allowed Planned Parenthood to control public school sex education.""",pants-fire,newsletter,Education; Health Care; Texas,Ciara O'Rourke,"December 13, 2010",https://www.politifact.com/factchecks/2010/dec/13/donna-garner/conservative-education-activist-donna-garner-says-/
Rick Perry,"December 3, 2010","Says federal health care overhaul will cost Texas state government ""upwards of $30 billion over the next 10 years.""",mostly-false,interview,Health Care; State Budget; Texas,Meghan Ashford-Grooms,"December 12, 2010",https://www.politifact.com/factchecks/2010/dec/12/rick-perry/gov-rick-perry-says-federal-health-care-overhaul-c/
Scott Walker,"December 9, 2010","Eliminating the state tax on health savings accounts will ""make it easier for small business owners to provide health insurance to their employees.""",mostly-false,statement on campaign web site,Health Care; Small Business; State Budget; Wisconsin,James B. Nelson,"December 10, 2010",https://www.politifact.com/factchecks/2010/dec/10/scott-walker/scott-walker-says-eliminating-state-tax-health-sav/
The Walking Dead,"December 5, 2010","In the case of a catastrophic event, the Atlanta-area offices of the Centers for Disease Control and Prevention will self-destruct.",pants-fire,TV show's season finale,Georgia; Health Care; Pop Culture,Willoughby Mariano,"December 10, 2010",https://www.politifact.com/factchecks/2010/dec/10/walking-dead/hit-series-shows-cdc-blows-after-zombie-apocalypse/
Rick Scott,"November 18, 2010","""The cost-saving measures we put into place at Columbia/HCA drove down national health care inflation from 18% to 8% in seven years.""",pants-fire,speech,Health Care; Florida,Amy Sherman,"December 9, 2010",https://www.politifact.com/factchecks/2010/dec/09/rick-scott/rick-scott-claims-his-company-caused-national-heal/
Tom Coburn,"November 18, 2010","There are ""10 or 20 deaths a year from foodborne illness"" in the United States.",false,Senate floor speech,Agriculture; National; Health Care; Regulation,Louis Jacobson,"December 9, 2010",https://www.politifact.com/factchecks/2010/dec/09/tom-coburn/tom-coburn-says-only-10-20-people-die-annually-foo/
Barack Obama,"December 7, 2010","When President Franklin D. Roosevelt started Social Security, ""it only affected widows and orphans,"" and when Medicare began, ""it was a small program.""",false,press conference,National; Children; Disability; Health Care; History; Medicare; Social Security,Louis Jacobson,"December 8, 2010",https://www.politifact.com/factchecks/2010/dec/08/barack-obama/barack-obama-description-how-social-security-medic/
Bobby  Scott,,"Republicans ""created a trillion dollar prescription drug entitlement program without paying for it.""",mostly-true,,Deficit; Federal Budget; Health Care; Virginia,Wes Hester,"December 7, 2010",https://www.politifact.com/factchecks/2010/dec/07/bobby-scott/bobby-scott-says-republicans-created-1-trillion-pr/
Dennis Kucinich,"November 10, 2010","""We are giving almost $2 billion of taxpayer money to the junk food and fast food industries every year to make the (childhood obesity) epidemic worse.""",false,news release,Ohio; Consumer Safety; Food Safety; Health Care; Taxes,Tom Feran,"December 6, 2010",https://www.politifact.com/factchecks/2010/dec/06/dennis-kucinich/rep-dennis-kucinich-assails-tax-deductions-fast-fo/
Howard Dean,"November 12, 2010","""Barack Obama's health care bill is nothing new. Mitt Romney signed one just like it four years before.""",mostly-true,KLRU interview,Health Care; Texas,Ciara O'Rourke,"December 5, 2010",https://www.politifact.com/factchecks/2010/dec/05/howard-dean/dean-howard-says-health-care-bill-prseident-barack/
Oregon Healthy Kids,"November 22, 2010","""No family earns too much to qualify"" for Oregon Healthy Kids program.",mostly-true,billboard,Oregon; Children; Health Care,Ian K. Kullgren,"December 1, 2010",https://www.politifact.com/factchecks/2010/dec/01/oregon-healthy-kids/oregon-healthy-kids-says-no-matter-how-much-you-ma/
Bobby  Scott,"November 16, 2010","The health care reform law ""reduces the deficit by nearly $1.2 trillion over the next two decades.""",half-true,a news release.,Deficit; Economy; Health Care; Virginia,Wes Hester,"November 23, 2010",https://www.politifact.com/factchecks/2010/nov/23/bobby-scott/bobby-scott-says-health-care-reform-may-cut-defici/
Mike Villarreal,"September 7, 2010","Says Gov. Rick Perry's administration has proposed ending immunizations for 113,000 kids.",mostly-false,press release,Children; Health Care; State Budget; Texas,Meghan Ashford-Grooms,"November 20, 2010",https://www.politifact.com/factchecks/2010/nov/20/mike-villarreal/state-rep-mike-villarreal-says-gov-rick-perrys-adm/
Paul Krugman,"November 14, 2010","A recent report from the president's deficit commission was ""completely empty"" on controlling health care costs.",false,"""This Week with Christiane Amanpour""",National; Federal Budget; Health Care; Medicare; This Week - ABC News,Angie Drobnic Holan,"November 16, 2010",https://www.politifact.com/factchecks/2010/nov/16/paul-krugman/paul-krugman-said-obamas-deficit-co-chairs-had-no-/
Pam Bondi,"November 9, 2010","""We're the only system of federalism in the world.""",false,interview with Fox News.,Health Care; History; States; Florida,Aaron Sharockman,"November 10, 2010",https://www.politifact.com/factchecks/2010/nov/10/pam-bondi/defending-health-care-suit-new-florida-ag-says-uni/
Scott Rigell,"September 8, 2010","""Congressman Nye voted against a bill which would have defunded the $5-10 billion"" the IRS needed to implement  health care legislation.",false,statment on his website,Health Care; Virginia,Wes Hester,"November 1, 2010",https://www.politifact.com/factchecks/2010/nov/01/scott-rigell/scott-nigell-says-glenn-nye-voted-against-bill-wou/
Mike Prendergast,"October 29, 2010","""Congresswoman Kathy Castor voted to spend $2.6 million to teach prostitutes in China to drink responsibly.""",pants-fire,campaign mailer,National; Economy; Health Care; Stimulus,Robert Farley,"November 1, 2010",https://www.politifact.com/factchecks/2010/nov/01/mike-prendergast/mike-prengergast-mailer-says-kathy-castor-voted-sp/
Matt Wand,"October 24, 2010",Says Nick Kahl made it harder for many families to cover basic health care expenses.,mostly-false,campaign mailer,Oregon; Health Care; Taxes,Ian K. Kullgren,"October 31, 2010",https://www.politifact.com/factchecks/2010/oct/31/matt-wand/republicans-try-turn-health-care-tax-and-children-/
Wisconsin Manufacturers and Commerce,"October 29, 2010","Says four Democratic state senators voted to ""raise taxes on Wisconsin workers by another $510 a month so freeloaders can get free state-run health care.""",half-true,campaign TV ad,Health Care; Message Machine 2010; Taxes; Wisconsin,Tom Kertscher,"October 30, 2010",https://www.politifact.com/factchecks/2010/oct/30/wisconsin-manufacturers-and-commerce/group-says-four-wisconsin-senators-voted-raise-tax/
National Republican Congressional Committee,"October 9, 2010","Democratic U.S. House candidate Julie Lassa pushed for a ""Canadian-style government takeover of health care.""",false,campaign TV ad,Health Care; Message Machine 2010; Wisconsin,James B. Nelson,"October 30, 2010",https://www.politifact.com/factchecks/2010/oct/30/national-republican-congressional-committee/republican-group-says-julie-lassa-pushed-canadian-/
Elizabeth Roberts,"October 28, 2010","She ""led the fight to stop health insurance rate hikes and saved Rhode Island families over $150 million.""",half-true,campaign commercial,Rhode Island; Economy; Health Care,C. Eugene Emery Jr.,"October 30, 2010",https://www.politifact.com/factchecks/2010/oct/30/elizabeth-roberts/printed-words-undercut-truthfulness-lt-gov-roberts/
Barack Obama,"October 27, 2010","""We have empowered state insurance commissioners to review the rate hikes that are taking place in states. And in some states like North Carolina, they have already used it and rolled back premium increases by 25 percent.""",mostly-true,"interview on Comedy Central's ""Daily Show with Jon Stewart""",National; Children; Health Care,Robert Farley,"October 28, 2010",https://www.politifact.com/factchecks/2010/oct/28/barack-obama/obama-said-states-have-new-power-review-insurance-/
Barack Obama,"October 27, 2010","""Before we even passed health care, 4 millions kids got health insurance that didn't have it before, through the Children's Health Insurance Program.""",half-true,"interview on ""The Daily Show.""",National; Families; Health Care,Angie Drobnic Holan,"October 28, 2010",https://www.politifact.com/factchecks/2010/oct/28/barack-obama/obama-said-he-got-health-care-insurance-4-million-/
Barack Obama,"October 27, 2010","The health care bill ""cuts the deficit by over $1 trillion dollars.""",half-true,"appearance on Comedy Central's ""The Daily Show""",National; Federal Budget; Health Care,Robert Farley,"October 28, 2010",https://www.politifact.com/factchecks/2010/oct/28/barack-obama/barack-obama-health-care-bill-cuts-deficit/
Reid Ribble,"October 12, 2010","""I lost my health insurance and my doctor because of Obamacare.""",pants-fire,campaign news release,Health Care; Wisconsin,James B. Nelson,"October 27, 2010",https://www.politifact.com/factchecks/2010/oct/27/reid-ribble/republican-house-candidate-reid-ribble-says-he-los/
American Action Network,"October 21, 2010","Ed Perlmutter voted for ""Viagra for rapists"" paid for with tax dollars.",pants-fire,campaign ad,National; Health Care; Crime; Message Machine 2010,Angie Drobnic Holan,"October 26, 2010",https://www.politifact.com/factchecks/2010/oct/26/american-action-network/viagra-sex-offenders-paid-health-care-bill-nope/
National Republican Senatorial Committee,"October 6, 2010","""Michael Bennet cast the deciding vote"" for the stimulus and the health care bill.",mostly-false,campaign commercial,National; Health Care; History; Message Machine 2010; Stimulus,Louis Jacobson,"October 26, 2010",https://www.politifact.com/factchecks/2010/oct/26/national-republican-senatorial-committee/nrsc-attacks-michael-bennet-casting-deciding-vote-/
Donna Campbell,"October 19, 2010","Says Lloyd Doggett voted for the health care, stimulus and cap-and-trade bills.",true,ad,Cap and Trade; Climate Change; Economy; Health Care; Message Machine 2010; Texas,Ciara O'Rourke,"October 26, 2010",https://www.politifact.com/factchecks/2010/oct/26/donna-campbell/donna-campbell-says-rep-lloyd-doggett-voted-health/
Greater Wisconsin Committee,"October 8, 2010","Says ""Scott Walker favors cutting up to 350,000 families and children off health care.""",half-true,campaign TV ad,Health Care; Message Machine 2010; Wisconsin,Dave Umhoefer,"October 25, 2010",https://www.politifact.com/factchecks/2010/oct/25/greater-wisconsin-political-fund/scott-walker-wants-kick-350000-families-badgercare/
Marco Rubio,"October 24, 2010","Charlie Crist ""attacks me for positions he held, like, six months ago, (when) he was running in the Republican primary.""",mostly-false,U.S. Senate debate on CNN’s “State of the Union.”,Immigration; Families; Health Care; Social Security; Florida,Aaron Sharockman,"October 24, 2010",https://www.politifact.com/factchecks/2010/oct/24/marco-rubio/marco-rubio-fires-back-charlie-crist-attacks/
Scott Walker,"October 12, 2010","""Scientists have shown us (that) the greater possibilities, the real science movement, has been with adult stem cell research. It has not been with embryonic.""",false,news conference with reporters,Health Care; Wisconsin,Tom Kertscher,"October 21, 2010",https://www.politifact.com/factchecks/2010/oct/21/scott-walker/scott-walker-says-scientists-agree-adult-stem-cell/
John Raese,"October 18, 2010","Under the new health care law, ""the first person (a) patient has to go to is a bureaucrat. That is called a panel.""",pants-fire,debate,National; Health Care; Message Machine 2010,Louis Jacobson,"October 19, 2010",https://www.politifact.com/factchecks/2010/oct/19/john-raese/john-raese-says-health-care-law-forces-patients-go/
U.S. Chamber of Commerce,"October 5, 2010","The new health care law crushes small businesses ""with billions in penalties.""",false,campaign ad,National; Health Care; Message Machine 2010; Small Business,Angie Drobnic Holan,"October 18, 2010",https://www.politifact.com/factchecks/2010/oct/18/us-chamber-commerce/us-chamber-says-health-care-law-hammers-small-busi/
Planned Parenthood,"October 15, 2010","Says ""Scott Walker tried to pass a law to allow pharmacists to block women’s access to birth control.""",mostly-false,direct mail campaign piece,Health Care; Message Machine 2010; Women; Wisconsin,Tom Kertscher,"October 18, 2010",https://www.politifact.com/factchecks/2010/oct/18/planned-parenthood/planned-parenthood-says-scott-walker-tried-pass-bi/
Rebecca Kleefisch,"October 13, 2010","Says ""Tom Barrett supports a government takeover of our health care""",pants-fire,campaign TV ad,Health Care; Message Machine 2010; Wisconsin,Dave Umhoefer,"October 17, 2010",https://www.politifact.com/factchecks/2010/oct/17/rebecca-kleefisch/republican-rebecca-kleefisch-says-democrat-tom-bar/
Jason Isaac,"October 7, 2010","Says state Rep. Patrick Rose votes 90 percent with liberals, backed the state's largest tax increase, proposed nearly $15 billion in government spending and supported ""Obama-style government-run health care system for Texas.""",mostly-false,video ad.,Candidate Biography; Health Care; Message Machine 2010; State Budget; Voting Record; Texas,W. Gardner Selby,"October 15, 2010",https://www.politifact.com/factchecks/2010/oct/15/jason-isaac/jason-isaac-says-state-rep-patrick-rose-votes-libe/
Florida Democratic Party,"October 10, 2010","Taking the Fifth Amendment in a deposition about the Columbia/HCA hospital chain he founded ""means a truthful answer to the questions that (Rick Scott) was asked would incriminate him.""",half-true,TV ad.,Health Care; Legal Issues; Message Machine 2010; Florida,Aaron Sharockman,"October 12, 2010",https://www.politifact.com/factchecks/2010/oct/12/florida-democratic-party/does-rick-scott-invoking-fifth-amendment-imply-gui/
Florida Democratic Party,"October 10, 2010",Says Rick Scott gave a deposition in which he invoked the Fifth Amendment 75 times about his dealings as head of Columbia/HCA hospital chain,mostly-true,TV ad.,Health Care; Legal Issues; Message Machine 2010; Florida,Aaron Sharockman,"October 12, 2010",https://www.politifact.com/factchecks/2010/oct/12/florida-democratic-party/rick-scott-dodges-answers-invoking-fifth-amendment/
Florida Democratic Party,"October 10, 2010","Shows in a television ad that police took evidence from Solantic, Rick Scott's new health care company, after allegations emerged that the company was engaging in fraud.",false,TV ad.,Health Care; Legal Issues; Message Machine 2010; Florida,Aaron Sharockman,"October 12, 2010",https://www.politifact.com/factchecks/2010/oct/12/florida-democratic-party/problems-rick-scotts-new-health-care-business-sola/
Florida Democratic Party,"October 10, 2010","In ad attacking Rick Scott, says three executives of the Columbia/HCA hospital chain he ran were indicted.",half-true,TV ad.,Health Care; Legal Issues; Message Machine 2010; Florida,Aaron Sharockman,"October 12, 2010",https://www.politifact.com/factchecks/2010/oct/12/florida-democratic-party/fraud-allegations-dominate-new-democat-ad-attackin/
Mary Squires,"October 5, 2010","Said state insurance commissioner candidate Ralph Hudgens ""fights hard"" to strip women of life-saving coverage such as mammograms.",half-true,newspaper interview,Georgia; Health Care; Women,Willoughby Mariano,"October 12, 2010",https://www.politifact.com/factchecks/2010/oct/12/mary-squires/candidate-insurance-commissioner-says-rival-fought/
Hank Gilbert,"September 24, 2010","Says the Texas Department of Agriculture seeks to purchase up to 300,000 promotional stress balls.",true,press release.,Economy; Health Care; Texas,W. Gardner Selby,"October 11, 2010",https://www.politifact.com/factchecks/2010/oct/11/hank-gilbert/hank-gilbert-says-texas-department-agriculture-cou/
Sharron Angle,"October 7, 2010","Harry Reid ""voted to use taxpayer dollars to pay for Viagra for convicted child molesters and sex offenders.""",mostly-false,campaign commercial,National; Federal Budget; Health Care; Crime; Message Machine 2010,Louis Jacobson,"October 8, 2010",https://www.politifact.com/factchecks/2010/oct/08/sharron-angle/sharron-angle-attacks-harry-reid-over-giving-sex-o/
Jack Conway,"September 28, 2010","Rand Paul ""wants us to pay $2,000 just to get Medicare.""",mostly-true,campaign commercial,National; Health Care; Medicare; Message Machine 2010,Louis Jacobson,"October 8, 2010",https://www.politifact.com/factchecks/2010/oct/08/jack-conway/jack-conway-says-rand-paul-backs-2000-deductible-m/
Blue Oregon,"September 30, 2010","Says ""Rep. Jim Weidner proposed a bill taking away health care for 80,000 of Oregon's children.""",true,website posting,Oregon; Health Care; Taxes,Ian K. Kullgren,"October 8, 2010",https://www.politifact.com/factchecks/2010/oct/08/blue-oregon/liberal-website-says-rep-jim-weidner-tried-take-he/
Ron Johnson,"September 28, 2010","""A majority of Wisconsinites opposed the government takeover of health care. But Russ Feingold voted for it anyway.""",false,campaign TV ad,Health Care; Message Machine 2010; Voting Record; Wisconsin,Dave Umhoefer,"October 5, 2010",https://www.politifact.com/factchecks/2010/oct/05/ron-johnson/ron-johnson-says-russ-feingold-went-against-wishes/
Crossroads GPS,"August 25, 2010","""Barbara Boxer voted to cut spending on Medicare benefits by $500 billion, cuts so costly to hospitals and nursing homes that they could stop taking Medicare altogether.""",mostly-false,television ad,National; Health Care; Medicare; Message Machine 2010; Retirement,Angie Drobnic Holan,"October 4, 2010",https://www.politifact.com/factchecks/2010/oct/04/crossroads-gps/ad-against-boxer-says-hospitals-might-stop-taking-/
Scott Bruun,"September 30, 2010","Says Kurt Schrader voted to cut $500 billion from Medicare, threatening ""thousands of Oregon seniors and their access to their current coverage.""",mostly-false,television ad,Oregon; Health Care; Medicare; Message Machine 2010,Janie Har,"October 2, 2010",https://www.politifact.com/factchecks/2010/oct/02/scott-bruun/scott-bruun-says-kurt-schrader-cut-500-billion-med/
Crossroads GPS,"September 20, 2010","Says Joe Sestak ""voted to gut Medicare ... reducing benefits for 854,489 seniors"" and jeopardizing ""access to care for millions.""",mostly-false,campaign commercial,National; Health Care; Medicare; Message Machine 2010,Louis Jacobson,"September 28, 2010",https://www.politifact.com/factchecks/2010/sep/28/crossroads-gps/crossroads-gps-ad-blasts-joe-sestak-vote-gut-medic/
John  Kitzhaber,"August 15, 2010",Says more than 2 million Oregonians have received important medical services because of his health plan.,half-true,radio interview,Oregon; Health Care,Brent Walth,"September 24, 2010",https://www.politifact.com/factchecks/2010/sep/24/john-kitzhaber/john-kitzhaber-says-2-million-people-got-health-ca/
60 Plus Association,"September 8, 2010","The new health care law ""will cut $500 billion from Medicare. That will hurt the quality of our care.""",mostly-false,campaign ad,National; Health Care; Medicare; Message Machine 2010,Angie Drobnic Holan,"September 20, 2010",https://www.politifact.com/factchecks/2010/sep/20/60-plus-association/medicare-cuts-health-care-law-will-hurt-seniors-sa/
Peter  Palumbo,"September 9, 2010","Rhode Island gives undocumented pregnant women health insurance, plus a cash card ""with $400 a month on it"" and ""$250 a month or $275 a month to spend on food.""",mostly-false,"interview on Fox News' ""On the Record with Greta Van Susteren""",Immigration; Rhode Island; Health Care; Poverty,Cynthia Needham,"September 19, 2010",https://www.politifact.com/factchecks/2010/sep/19/peter-palumbo/palumbo-says-ri-gives-undocumented-pregnant-women-/
National Republican Congressional Committee,"September 12, 2010","""700 jobs (were) lost because Allen Boyd"" voted for the health care bill.",mostly-false,TV ad.,Education; Elections; Health Care; Message Machine 2010; Florida,Aaron Sharockman,"September 16, 2010",https://www.politifact.com/factchecks/2010/sep/16/national-republican-congressional-committee/allen-boyd-cost-sallie-mae-employees-their-jobs-he/
Pam Bondi,"July 31, 2010","""By the year 2015 (Medicaid will) take up half our budget.""",mostly-false,debate,Health Care; Florida,Amy Sherman,"September 8, 2010",https://www.politifact.com/factchecks/2010/sep/08/pam-bondi/bondi-says-medicaid-will-eat-half-state-budget-201/
Michael McCaul,"July 19, 2010","Says the federal agency in charge of Medicare and Medicaid will disburse $803 billion in benefits this year, making ""it larger than all but 15 of the world's economies.""",half-true,e-mail,Economy; Health Care; Texas,Ciara O'Rourke,"September 4, 2010",https://www.politifact.com/factchecks/2010/sep/04/michael-mccaul/rep-michael-mccaul-says-cms-will-disburse-803-bill/
Marco Rubio,"August 27, 2010","""Charlie Crist has six different positions on ObamaCare.""",half-true,campaign website,Health Care; Florida,Amy Sherman,"September 2, 2010",https://www.politifact.com/factchecks/2010/sep/02/marco-rubio/rubio-says-crist-has-taken-six-different-positions/
Rick Scott,"September 1, 2010","Alex Sink wants to ""cut Medicare.""",false,statement.,Health Care; Medicare; Florida,Aaron Sharockman,"September 2, 2010",https://www.politifact.com/factchecks/2010/sep/02/rick-scott/rick-scott-says-alex-sink-wants-cut-medicare/
Bud Chiles,"August 31, 2010","""Florida is 49th in per capita spending on mental health care.""",true,campaign website,Health Care; Florida,Amy Sherman,"August 31, 2010",https://www.politifact.com/factchecks/2010/aug/31/bud-chiles/chiles-says-florida-ranks-49th-capita-mental-healt/
John Boehner,"August 24, 2010","Under the new health care law, ""if a landscaper wants to buy a new lawnmower, or a restaurant needs a new ice-maker, they have to report that to the feds.""",true,speech at the City Club of Cleveland,Ohio; Health Care; Taxes,Stephen Koff,"August 31, 2010",https://www.politifact.com/factchecks/2010/aug/31/john-boehner/rep-john-boehner-gets-it-right-new-business-tax-ma/
David Dewhurst,"August 25, 2010","""We spend more money on health care per capita in the United States than any other country in the world. Of the 30 developed countries in the world, we spend 2 1/2 times more than the average. Of the country that spends the second most per capita, Switzerland, we spend 175 percent more.""",half-true,editorial board meeting with the Austin American-Statesman,Health Care; Texas,,"August 31, 2010",https://www.politifact.com/factchecks/2010/aug/31/david-dewhurst/lt-gov-david-dewhurst-says-united-states-spends-mo/
Frank Caprio,"August 26, 2010","""1 in 4 Rhode Islanders under the age of 65 does not have health insurance.""",half-true,his campaign website,Rhode Island; Health Care,Cynthia Needham,"August 31, 2010",https://www.politifact.com/factchecks/2010/aug/31/frank-caprio/caprio-says-1-4-rhode-islanders-dont-have-health-i/
Ann Marie  Buerkle,"August 10, 2010","""The Obama Health and Human Services Department is planning to compile a federal health record on all U.S. citizens by 2014,"" including ""each individual’s Body Mass Index.""",false,page on her campaign website,National; Health Care; Privacy Issues,Louis Jacobson,"August 30, 2010",https://www.politifact.com/factchecks/2010/aug/30/ann-marie-buerkle/ann-marie-buerkle-gop-candidate-says-under-new-hea/
Alan Grayson,"August 18, 2010","The United States is ""50th in life expectancy"" in the world.",mostly-true,"MSNBC's ""The Ed Show.""",Health Care; Florida,Lukas Pleva,"August 25, 2010",https://www.politifact.com/factchecks/2010/aug/25/alan-grayson/rep-alan-grayson-says-us-50th-life-expectancy/
Chain email,"August 2, 2010","Under the new health care law, ""all real estate transactions will be subject to a 3.8% Sales Tax""",pants-fire,chain e-mail,National; Health Care; Regulation; Taxes,Angie Drobnic Holan,"August 23, 2010",https://www.politifact.com/factchecks/2010/aug/23/chain-email/health-care-law-sales-tax-home-sales-no/
Debbie Riddle,"August 10, 2010","""Over 81 percent of the babies that are born at LBJ Hospital right here in Houston are born of women who are not here legally.""",false,television interview,Immigration; Children; Families; Health Care; Terrorism; Texas,Meghan Ashford-Grooms,"August 23, 2010",https://www.politifact.com/factchecks/2010/aug/23/debbie-riddle/debbie-riddle-says-more-81-babies-born-houston-hos/
Debbie Wasserman Schultz,"August 12, 2010","Republicans are now ""taking credit"" for provisions of the health care bill ""that they had tried to derail.""",half-true,op ed article,National; Health Care,Robert Farley,"August 13, 2010",https://www.politifact.com/factchecks/2010/aug/13/debbie-wasserman-schultz/democrats-op-ed-accuses-republicans-taking-credit-/
Nancy Pelosi,"August 10, 2010","A bill to aid state and local governments ""is fully paid-for by closing costly corporate tax loopholes.""",mostly-false,news release,National; Children; Education; Families; Federal Budget; Health Care; States; Stimulus; Taxes,Louis Jacobson,"August 13, 2010",https://www.politifact.com/factchecks/2010/aug/13/nancy-pelosi/nancy-pelosi-says-state-local-aid-bill-fully-paid-/
Pam Bondi,"April 28, 2010",I've shut down pill mills.,mostly-false,speech.,Health Care; Crime; Florida,Aaron Sharockman,"August 11, 2010",https://www.politifact.com/factchecks/2010/aug/11/pam-bondi/ag-candidate-pam-bondi-says-shes-shut-down-pill-mi/
Gen. Peter Chiarelli,"August 8, 2010","About 106,000 soldiers had ""a prescription of three weeks or more"" for pain, depression or anxiety medication.",true,"interview on ""This Week.""",National; Health Care; Military; This Week - ABC News,Angie Drobnic Holan,"August 10, 2010",https://www.politifact.com/factchecks/2010/aug/10/gen-peter-chiarelli/us-army-report-documents-problem-suicides-military/
Lindsey Graham,"July 28, 2010","""People come here to have babies. They come here to drop a child. It's called 'drop and leave.""",half-true,"interview with Fox News' ""On the Record with Greta Van Susteren""",Immigration; National; Health Care; Legal Issues,Louis Jacobson,"August 6, 2010",https://www.politifact.com/factchecks/2010/aug/06/lindsey-graham/illegal-immigrants-anchor-babies-birthright/
Republican Party of Texas,"July 19, 2010","Says President Barack Obama initially said the national health-care mandate isn't a tax, but his administration now says it is a tax.",mostly-true,message on Twitter,Health Care; Taxes; Texas,Ciara O'Rourke,"August 2, 2010",https://www.politifact.com/factchecks/2010/aug/02/republican-party-texas/republican-party-texas-says-president-barack-obama/
Gordon Quan,"June 30, 2010","Some cardiologists estimate ""70 percent of all males over 50 have some form of heart disease.""",half-true,e-mail blast,Health Care; Texas,W. Gardner Selby,"July 31, 2010",https://www.politifact.com/factchecks/2010/jul/31/gordon-quan/gordon-quan-harris-county-candidate-says-70-percde/
John Boehner,"July 13, 2010","""The Department of Health and Human Services is providing $160 million to the state of Pennsylvania to set up a new high-risk insurance pool program that would cover any abortion legal in the state.""",false,news release,Abortion; Ohio; Health Care,Sabrina  Eaton,"July 23, 2010",https://www.politifact.com/factchecks/2010/jul/23/john-boehner/john-boehner-gop-claims-federal-taxpayers-will-fun/
Pam Bondi,"July 15, 2010","Opponent Holly Benson said that ""Just because you're poor doesn't mean you're unhealthy, it just means you have a lot more time to go running.""",mostly-true,campaign mail piece.,Candidate Biography; Health Care; Florida,Aaron Sharockman,"July 20, 2010",https://www.politifact.com/factchecks/2010/jul/20/pam-bondi/holly-benson-once-said-poor-people-have-time-run-o/
Joe Biden,"July 18, 2010","""The health care numbers are going up.""",mostly-false,interview on ABC's This Week,National; Health Care; This Week - ABC News,Alex Holt,"July 20, 2010",https://www.politifact.com/factchecks/2010/jul/20/joe-biden/joe-biden-says-health-care-approval-increasing/
National Right to Life Committee,"July 13, 2010","The Obama administration will give Pennsylvania $160 million to pay for health insurance plans that cover ""any legal abortion.""",false,prepared statement,Abortion; National; Health Care; States,Angie Drobnic Holan,"July 16, 2010",https://www.politifact.com/factchecks/2010/jul/16/national-right-life-committee/abortions-pennsylvania-paid-federal-dollars-not-so/
Bill White,"June 25, 2010","""In Rick Perry’s Texas, we import nurses ... from other countries.""",half-true,speech at the Texas Democratic Party convention,Health Care; Texas,Meghan Ashford-Grooms,"July 14, 2010",https://www.politifact.com/factchecks/2010/jul/14/bill-white/white-perrys-texas-we-import-nurses/
John Oxendine,"July 11, 2010","""To say a family has to buy a product from a private company is clearly beyond the delegated powers of the U.S. Constitution.""",half-true,televised debate on Fox 5,Georgia; Health Care,Willoughby Mariano,"July 13, 2010",https://www.politifact.com/factchecks/2010/jul/13/john-oxendine/gov-hopeful-john-oxendine-said-heath-care-unconsti/
Stephen Archambault,"June 28, 2010","Blue Cross headquarters has ""a $30,000 granite table.""",pants-fire,speech at the state Democratic convention,Rhode Island; Corporations; Economy; Health Care,C. Eugene Emery Jr.,"July 11, 2010",https://www.politifact.com/factchecks/2010/jul/11/steve-archambault/archambault-says-blue-cross-headquarters-has-30000/
Ralph Hudgens,"June 22, 2010","""The insurance commissioner can’t do squat about health care.""",mostly-true,radio interview broadcast over the Internet,Georgia; Health Care,Willoughby Mariano,"July 8, 2010",https://www.politifact.com/factchecks/2010/jul/08/ralph-hudgens/insurance-commissioner-candidate-hudgens-says-offi/
Bill Clegg,"June 24, 2010","The U.S. deficit  ""increases at $3 million per second.""",false,candidate web page,Rhode Island; Economy; Federal Budget; Health Care,C. Eugene Emery Jr.,"July 2, 2010",https://www.politifact.com/factchecks/2010/jul/02/bill-clegg/clegg-claims-federal-deficit-growing-rate-3-millio/
Judson Hill,"June 21, 2010","He ""stood up to Barack Obama by passing legislation that prevents you from being forced to join government health plans or buy health insurance against your will.""",half-true,campaing mailer,Georgia; Health Care,Willoughby Mariano,"July 1, 2010",https://www.politifact.com/factchecks/2010/jul/01/judson-hill/state-senator-said-hes-fighting-obama-health-care/
Bill Lynch,"May 19, 2010","Blue Cross’ new  $90-million Providence headquarters ""was outfitted with $25 million in  decor.""",pants-fire,posting on his website,Rhode Island; Health Care,C. Eugene Emery Jr.,"June 28, 2010",https://www.politifact.com/factchecks/2010/jun/28/bill-lynch/Bill-Lynch-campaign-claims-Blue-Cross-spent/
Lincoln Chafee,"May 4, 2010","""Fifty-three percent of teens  in Central Falls are getting pregnant.""",false,candidate forum,Rhode Island; Children; Economy; Education; Families; Health Care; Women,C. Eugene Emery Jr.,"June 25, 2010",https://www.politifact.com/factchecks/2010/jun/25/lincoln-chafee/chafee-says-53-percent-teenagers-central-falls-are/
Jane Kidd,"June 10, 2010","""Health reform eliminates co-pays, deductibles, and other costs for preventative care and provides for free annual wellness checkups starting next year.""",mostly-true,op-ed.,Georgia; Health Care,Willoughby Mariano,"June 23, 2010",https://www.politifact.com/factchecks/2010/jun/23/jane-kidd/health-reform-gives-seniors-free-checkups-democrat/
Snooki,"June 7, 2010","""Obama put a 10 percent tax on tanning.""",true,"video promo for ""Jersey Shore""",National; Health Care,Robert Farley,"June 21, 2010",https://www.politifact.com/factchecks/2010/jun/21/snooki/snooki-says-obama-put-10-percent-tax-tannning/
Rick Barber,"June 13, 2010","""Without representation, (the IRS) can increase taxes.""",pants-fire,political ad,National; Health Care; Message Machine 2010; Taxes,Robert Farley,"June 18, 2010",https://www.politifact.com/factchecks/2010/jun/18/rick-barber/alabama-congressional-candidate-rick-barbers-gathe/
Florida First Initiative,"June 9, 2010","Of hospitals in Rick Scott’s Columbia/HCA health care company, ""A top executive said they even turned away a poor man and left him to die outside their door.""",mostly-false,TV ad,Health Care; Message Machine 2010; Florida,Cristina Silva,"June 15, 2010",https://www.politifact.com/factchecks/2010/jun/15/florida-first-initiative/groups-ad-attacks-rick-scott-over-history-columbia/
Bill McCollum,"June 10, 2010","Rick Scott's former health care company, Columbia/HCA, committed ""fraud.""",true,statement from his campaign,Candidate Biography; Health Care; Florida,Aaron Sharockman,"June 10, 2010",https://www.politifact.com/factchecks/2010/jun/10/bill-mccollum/rick-scott-leading-polls-opponents-pull-out-fraud-/
Chain email,"June 10, 2010","Starting in 2011, ""you will be required to pay taxes"" on ""the value of whatever health insurance you are given by the company.""",pants-fire,chain e-mail,National; Health Care; Taxes,Angie Drobnic Holan,"June 10, 2010",https://www.politifact.com/factchecks/2010/jun/10/chain-email/w-2-tax-forms-hr-3590-health-insurance-pay-taxes/
Bud Chiles,"June 3, 2010","""Almost 1 million children ... have no health insurance in this state.""",true,announcing his campaign for governor.,Health Care; Florida,Aaron Sharockman,"June 9, 2010",https://www.politifact.com/factchecks/2010/jun/09/bud-chiles/bud-chiles-1-million-children-health-insurance/
Dan Fanelli,"June 3, 2010","Under the new health care law, the elderly will be denied care when they have ""passed the age limit for treatment.""",pants-fire,video on his campaign website,Health Care; Medicare; Message Machine 2010; Florida,Amy Sherman,"June 7, 2010",https://www.politifact.com/factchecks/2010/jun/07/dan-fanelli/fanellis-video-suggests-obamacare-will-cut-treatme/
Rick Scott,"May 30, 2010","""Two-thirds of the top-rated hospitals in Florida were our hospitals.""",mostly-true,TV ad,Health Care; Message Machine 2010; Florida,Aaron Sharockman,"June 4, 2010",https://www.politifact.com/factchecks/2010/jun/04/rick-scott/rick-scott-former-healthcare-ceo-defends-columbiah/
Marco Rubio,"June 2, 2010","Charlie Crist ""bizarrely vetoed"" $9.7 million for a teaching hospital at the University of Florida ""despite having previously argued the budget request had merit.""",true,comments on his campaign website,Health Care; State Budget; Florida,Amy Sherman,"June 4, 2010",https://www.politifact.com/factchecks/2010/jun/04/marco-rubio/rubio-says-crist-vetoed-his-own-item/
Cathie Adams,"June 21, 2010","""ObamaCare will use your tax dollars to provide free Viagra to convicted rapists and registered sex offenders.""",half-true,fundraising letter,Health Care; Texas,,"June 2, 2010",https://www.politifact.com/factchecks/2010/jun/02/cathie-adams/gop-chair-says-health-care-law-provides-free-viagr/
Bill McCollum,"May 18, 2010","""The fact that Rick Scott is running for governor as a 'reformer' would be funny if it wasn't so outrageous. This is a man who barely escaped imprisonment.""",false,press release.,Candidate Biography; Health Care; Florida,Aaron Sharockman,"May 21, 2010",https://www.politifact.com/factchecks/2010/may/21/bill-mccollum/rick-scott-former-healthcare-ceo-barely-escaped-pr/
Alex Sink,"May 18, 2010","Rick Scott ""was forced to resign as the head of a company that pled guilty to massive amounts of systematic fraud, including 14 felonies, leading to a historic $1.7 billion fine.""",true,press release.,Candidate Biography; Health Care; Florida,Aaron Sharockman,"May 20, 2010",https://www.politifact.com/factchecks/2010/may/20/alex-sink/rick-scott-healthcare-ceo-faces-questions-a/
Steve Poizner,"April 10, 2010","""Taxpayer-funded benefits to illegals"" in California are ""a skyrocketing cost under Obamacare.""",false,campaign commercial,Immigration; National; Candidate Biography; Elections; Federal Budget; Health Care; Message Machine 2010; Poverty,Louis Jacobson,"May 19, 2010",https://www.politifact.com/factchecks/2010/may/19/steve-poizner/california-gop-candidate-blames-obama-health-care-/
National Republican Congressional Committee,"May 11, 2010","""Minnick voted to let the government fund abortion under Obamacare.""",false,TV ad,Abortion; National; Health Care; Message Machine 2010,Robert Farley,"May 19, 2010",https://www.politifact.com/factchecks/2010/may/19/national-republican-congressional-committee/walt-minnick-attacked-abortion-issues-tied-obamaca/
George Will,"May 9, 2010","Sen. Robert Bennett, R-Utah, cast votes for TARP, the stimulus, and an individual mandate for health care.",mostly-false,roundtable discussion on ABC's This Week,National; Economy; Financial Regulation; Health Care; Pundits,Louis Jacobson,"May 12, 2010",https://www.politifact.com/factchecks/2010/may/12/george-will/george-will-pegs-sen-bennetts-loss-votes-tarp-stim/
Rick Perry,"April 15, 2010","Says Texas has been waiting for two years for the federal government to act on a proposal to allow the state to ""create insurance opportunities for those that are uninsured today.""",false,interview,Health Care; States; Transparency; Texas,Meghan Ashford-Grooms,"May 1, 2010",https://www.politifact.com/factchecks/2010/may/01/rick-perry/perry-says-state-waiting-feds-act-health-care-prop/
Allen West,"March 21, 2010","""Klein did not hold a single town hall meeting (on health care) where the general public was invited to ask questions or present their views.""",false,press release,Health Care; Florida,Amy Sherman,"April 30, 2010",https://www.politifact.com/factchecks/2010/apr/30/allen-west/west-wrong-claim-klein-didnt-hold-single-town-hall/
Kay Bailey Hutchison,"April 24, 2010","Says the American public ""overwhelmingly opposed"" Democratic-steered health care plan.",half-true,radio address,Health Care; Texas,W. Gardner Selby,"April 30, 2010",https://www.politifact.com/factchecks/2010/apr/30/kay-bailey-hutchison/sen-kay-bailey-hutchison-says-democrats-passed-hea/
Bill O'Reilly,"April 13, 2010","""We researched to find out if anybody on Fox News had ever said you're going to jail if you don't buy health insurance. Nobody's ever said it.""",pants-fire,segment on the Fox News show The O'Reilly Factor,National; Health Care; Legal Issues; Pundits,Louis Jacobson,"April 27, 2010",https://www.politifact.com/factchecks/2010/apr/27/bill-oreilly/oreilly-says-no-one-fox-raised-issue-jail-time-not/
Rick Perry,"April 15, 2010","""Everyone in this country has access to health care.""",mostly-false,interview with The Texas Tribune and Newsweek,Health Care; Texas,Ciara O'Rourke,"April 27, 2010",https://www.politifact.com/factchecks/2010/apr/27/rick-perry/gov-rick-perry-says-everyone-has-access-health-car/
Debbie Wasserman Schultz,"April 5, 2010","""We actually have not required in this law that you carry health insurance.""",mostly-false,town hall,Health Care; Florida,Louis Jacobson,"April 22, 2010",https://www.politifact.com/factchecks/2010/apr/22/debbie-wasserman-schultz/wasserman-schultz-says-health-care-law-doesnt-requ/
John Carter,"April 12, 2010","Says the new health care law delivers a ""$13 billion tax increase on families with special needs.""",pants-fire,Twitter message,Health Care; Texas,Ciara O'Rourke,"April 19, 2010",https://www.politifact.com/factchecks/2010/apr/19/john-carter/rep-john-carter-says-families-special-needs-childr/
Bill Clinton,"April 18, 2010","""I never had a filibuster-proof Senate.""",true,interview on ABC's 'This Week',National; Bipartisanship; Health Care; Supreme Court; This Week - ABC News,Robert Farley,"April 18, 2010",https://www.politifact.com/factchecks/2010/apr/18/bill-clinton/bill-clinton-says-he-never-had-filibuster-proof-se/
Charlie Crist,"April 15, 2010",The passage of the teacher tenure bill in the Fla. Legislature was like the health care bill in Congress because one party jammed it through.,half-true,a press conference announcing veto of SB 6.,Education; Health Care; Florida,Aaron Sharockman,"April 16, 2010",https://www.politifact.com/factchecks/2010/apr/16/charlie-crist/SB6-Crist-veto-health-care/
Steve Cohen,"April 15, 2010","""The fact is, in the past year we have had more tax cuts than almost any time in our nation's history.""",half-true,story about taxes from Associated Press,National; Federal Budget; Health Care; Stimulus; Taxes,Robert Farley,"April 16, 2010",https://www.politifact.com/factchecks/2010/apr/16/steve-cohen/obama-administration-has-enacted-many-tax-cuts-rai/
Alex Sink,"March 25, 2010","""Florida Statutes require (Attorney General Bill) McCollum to consult with members of Florida's Congressional delegation"" before filing a lawsuit against the health care reform law.",mostly-true,news release,Health Care; Legal Issues; Florida,Louis Jacobson,"April 12, 2010",https://www.politifact.com/factchecks/2010/apr/12/alex-sink/sink-mccollum-delegation-health-care-lawsuit/
Marco Rubio,"March 22, 2010","""The path to ObamaCare becoming law all started with Charlie Crist supporting President Obama's $787 billion stimulus.""",pants-fire,a fundraising E-mail.,Health Care; Stimulus; Florida,Aaron Sharockman,"April 7, 2010",https://www.politifact.com/factchecks/2010/apr/07/marco-rubio/rubio-tries-blame-crist-health-care-overhaul/
Rick Perry,"April 2, 2010","""The number of uninsured people in Massachusetts is about the same as it was when the mandates were passed in 2006.""",pants-fire,column,Health Care; States; Texas,Meghan Ashford-Grooms,"April 5, 2010",https://www.politifact.com/factchecks/2010/apr/05/rick-perry/perry-says-uninsured-number-bay-state-about-same-h/
Lloyd  Doggett,"March 21, 2010","""With this reform, every insured American gets valuable consumer protections, and every uninsured American can become insured.""",true,speech on the floor of the U.S. House of Representatives,Health Care; Texas,Ciara O'Rourke,"April 2, 2010",https://www.politifact.com/factchecks/2010/apr/02/lloyd-doggett/rep-lloyd-doggett-says-health-care-reform-has-cons/
Barack Obama,"March 30, 2010","""A lot of the ideas in terms of the (health insurance) exchange, just being able to pool and improve the purchasing power of individuals in the insurance market, that originated from the Heritage Foundation.""",mostly-true,interview on NBC's Today show,National; Health Care,Louis Jacobson,"April 1, 2010",https://www.politifact.com/factchecks/2010/apr/01/barack-obama/obama-says-heritage-foundation-source-health-excha/
Lindsey Graham,"March 24, 2010","""The average student will be spending $1,700 to $1,800 more during the life of their loan because of this surcharge.""",false,"appearance on the Fox News show ""On the Record"" with Greta Van Susteren",National; Economy; Education; Health Care,Catharine Richert,"March 30, 2010",https://www.politifact.com/factchecks/2010/mar/30/lindsey-graham/new-bill-doesnt-alter-interest-rate/
Michele Bachmann,"March 28, 2010 in","""The New England Journal of Medicine released a survey the week that President Obama signed Obamacare stating that over 30 percent of American physicians would leave the profession if the government took over health care.""",false,"on CBS's ""Face the Nation""",National; Health Care,Robert Farley,"March 29, 2010",https://www.politifact.com/factchecks/2010/mar/29/michele-bachmann/bachmann-claims-new-england-journal-medicine-surve/
Mark Kirk,"March 21, 2010","""According to the nonpartisan Congressional Budget Office, the IRS would need to hire over 16,000 people ... to audit the American people and impose the new taxes and mandates"" of the health care bill.",mostly-false,floor speech,National; Federal Budget; Health Care; Taxes,Louis Jacobson,"March 29, 2010",https://www.politifact.com/factchecks/2010/mar/29/mark-kirk/kirk-says-health-care-bill-will-lead-irs-hire-more/
Charlie Crist,"March 28, 2010","""The average cost for health insurance in Florida went from about $600 a month for an individual to about $150 a month.""",false,U.S. Senate primary debate on FOX News Sunday,Health Care; Florida,Catharine Richert,"March 29, 2010",https://www.politifact.com/factchecks/2010/mar/29/charlie-crist/crist-touts-cover-florida-cost-saving-health-care-/
John Carter,"March 21, 2010","""The bill also provides full federal  funding for abortions…""",pants-fire,press release,Abortion; Health Care; Texas,W. Gardner Selby,"March 29, 2010",https://www.politifact.com/factchecks/2010/mar/29/john-carter/rep-john-carter-says-health-care-law-provides-full/
David Dewhurst,"March 21, 2010","The federal health care plan ""costs Texas taxpayers $2.4 billion per year.""",mostly-false,press release,Health Care; State Budget; Texas,Meghan Ashford-Grooms,"March 27, 2010",https://www.politifact.com/factchecks/2010/mar/27/david-dewhurst/dewhurst-says-states-health-care-tab-24-billion-ye/
Tom Coburn,"March 23, 2010","""The American people will be appalled to learn the health care bill exempts (congressional) leadership and committee staff.""",mostly-true,comments to reporters,National; Health Care,Catharine Richert,"March 26, 2010",https://www.politifact.com/factchecks/2010/mar/26/tom-coburn/health-bill-appears-exempt-some-congressional-staf/
Kendrick Meek,"March 20, 2010","""Marco Rubio thinks that government shouldn't be in the health care business at all.""",false,campaign website,Health Care; Florida,Amy Sherman,"March 26, 2010",https://www.politifact.com/factchecks/2010/mar/26/kendrick-meek/meek-accuses-rubio-wanting-government-out-health-c/
Joe Scarborough,"March 24, 2010","The health care reform bill ""is the largest tax increase in U.S. history.""",false,"comment on his ""Morning Joe'' program on MSNBC",National; Health Care; Taxes,Robert Farley,"March 25, 2010",https://www.politifact.com/factchecks/2010/mar/25/joe-scarborough/bush-i-clinton-and-reagan-all-pushed-taxes-higher-/
Richard Durbin,"March 24, 2010","""Joe, I keep hearing you every morning talking about the biggest tax increase in history, but you don't mention it's also the biggest tax cut in history.''",false,"comment on the ""Morning Joe'' show on MSNBC.",National; Health Care; Taxes,Robert Farley,"March 25, 2010",https://www.politifact.com/factchecks/2010/mar/25/richard-durbin/durbins-tax-reduction-claim-doesnt-cut-it/
Charlie Crist,"March 24, 2010","In Cover Florida ""thousands already enrolled and climbing.""",half-true,radio ad,Health Care; Florida,Amy Sherman,"March 25, 2010",https://www.politifact.com/factchecks/2010/mar/25/charlie-crist/crist-claims-cover-florida-benefits-thousands/
Orrin Hatch,"March 21, 2010","The health care bill will subsidize families of four that make more than $80,000 a year.",true,interview on CNN's State of the Union,National; Health Care,Louis Jacobson,"March 24, 2010",https://www.politifact.com/factchecks/2010/mar/24/orrin-hatch/hatch-says-families-earning-more-80000-could-get-h/
Bill McCollum,"March 22, 2010",Florida's cost for the Medicaid expansion will be $1.6 billion a year or  more.,half-true,press conference,Health Care; State Budget; Florida,Angie Drobnic Holan,"March 23, 2010",https://www.politifact.com/factchecks/2010/mar/23/bill-mccollum/mccollum-cites-top-estimate-medicaid-expansion/
Bart Stupak,"March 21, 2010","""There will be no public funding for abortion in this legislation.""",true,news conference,Abortion; National; Health Care,Robert Farley,"March 23, 2010",https://www.politifact.com/factchecks/2010/mar/23/bart-stupak/stupak-says-there-no-federal-funding-abortion-sena/
Bill McCollum,"March 23, 2010","Florida's legal challenge of the federal health care bill is ""bipartisan.""",mostly-false,press release.,Health Care; Florida,Aaron Sharockman,"March 23, 2010",https://www.politifact.com/factchecks/2010/mar/23/bill-mccollum/florida-bill-mccollum-health-care-lawsuit/
Mitt Romney,"March 7, 2010","""Hospitals, doctors, MRIs, surgeries and so forth are more extensively used and far more expensive in this country than they are in many other countries.''",mostly-true,Fox News Sunday interview,National; Health Care,Alex Holt,"March 22, 2010",https://www.politifact.com/factchecks/2010/mar/22/mitt-romney/romney-overstates-united-states-medical-costs-and-/
Todd Tiahrt,"March 16, 2010","The Democratic health care bill will ""collect higher taxes for 10 years  and provide health care for only six years.""",half-true,speech on the House floor.,National; Health Care; Taxes,Louis Jacobson,"March 19, 2010",https://www.politifact.com/factchecks/2010/mar/19/todd-tiahrt/tiahrt-health-care-bill-will-collect-10-years-taxe/
Barack Obama,"March 19, 2010","""Americans who get their insurance through the workplace, cost savings could be as much as $3,000 less per employee than if we do nothing.""",half-true,health care speech,National; Health Care,Robert Farley,"March 19, 2010",https://www.politifact.com/factchecks/2010/mar/19/barack-obama/obama-says-health-reform-legislation-could-reduce-/
Republican Party of Florida,"March 19, 2010","The Democratic health care plan is a ""government takeover of nearly 20 percent of our economy.""",pants-fire,news release,Health Care; Florida,Bill Adair,"March 19, 2010",https://www.politifact.com/factchecks/2010/mar/19/republican-party-florida/florida-republican-party-claims-democratic-health-/
John Yarmuth,"March 16, 2010","A national poll found that among people who oppose the Democratic health care reform bill, ""almost 40 percent"" opposed it not because it goes too far, but because ""they don’t think it goes far enough. ... They will not be unhappy when we pass health care reform.""",half-true,speech on the House floor,National; Health Care,Louis Jacobson,"March 19, 2010",https://www.politifact.com/factchecks/2010/mar/19/john-yarmuth/yarmuth-40-percent-health-care-bill-opponents-say-/
Nancy Pelosi,"March 18, 2010","The Congressional Budget Office analysis of the health insurance reform legislation says the bill ""cuts the deficit by $1.2 trillion in the second 10 years.""",half-true,press release,National; Federal Budget; Health Care,Robert Farley,"March 18, 2010",https://www.politifact.com/factchecks/2010/mar/18/nancy-pelosi/pelosi-cbo-says-health-reform-bill-would-cut-defic/
Cliff Stearns,"March 15, 2010","""There is no precedent for what the Democrats are doing with this deception. ... We have never written a reconciliation bill to amend a law that does not exist.""",half-true,speech on the House floor,National; Health Care,Catharine Richert,"March 17, 2010",https://www.politifact.com/factchecks/2010/mar/17/cliff-stearns/stearns-says-house-democrats-trample-procedures-he/
Americans for Prosperity,"March 16, 2010","""A government panel that didn't include cancer specialists says women shouldn't  receive mammograms until age 50...If government takes over health care,  recommendations like these could become the law for all kinds of diseases.""",pants-fire,TV ad,National; Health Care; Women,Robert Farley,"March 16, 2010",https://www.politifact.com/factchecks/2010/mar/16/americans-prosperity/ad-claims-if-health-reform-bill-passes-government-/
Republican Party of Texas,"March 12, 2010","""House Speaker Nancy Pelosi said this  week that the Democrats have to pass their terrible health care bill so  that the American people can actually find out what's in it.""",mostly-true,e-mail blast,Health Care; Texas,W. Gardner Selby,"March 15, 2010",https://www.politifact.com/factchecks/2010/mar/15/republican-party-texas/texas-gop-says-speaker-nancy-pelosi-said-people-wi/
Cathie Adams,"February 20, 2010","""Bill White ... supports the ‘ObamaCare’ socialized medicine plan, as well as ‘Cap and Trade’ legislation that would kill thousands of Texas jobs.""",pants-fire,fund-raising letter,Cap and Trade; Climate Change; Health Care; Texas,W. Gardner Selby,"March 14, 2010",https://www.politifact.com/factchecks/2010/mar/14/cathie-adams/cathie-adams-who-chairs-texas-gop-says-bill-white-/
America's Health Insurance Plans,"March 11, 2010","""Health insurance companies' costs are only 4 percent of all health care spending.""",true,advertisement,National; Health Care,Louis Jacobson,"March 12, 2010",https://www.politifact.com/factchecks/2010/mar/12/americas-health-insurance-plans/health-insurers-get-small-percentage-overall-healt/
Dianne Feinstein,"March 8, 2010","""We are the only industrialized nation that relies heavily on a for-profit medical insurance industry to provide basic health care.""",mostly-true,New York Times article,National; Health Care,Louis Jacobson,"March 11, 2010",https://www.politifact.com/factchecks/2010/mar/11/dianne-feinstein/feinstein-says-us-only-nation-rely-heavily-profit-/
Americans United for Change,"March 3, 2010","""Individuals and small businesses will be hit by increases in health insurance premiums as high as 39 percent.""",mostly-true,recorded phone message,Health Care; Texas,Ciara O'Rourke,"March 11, 2010",https://www.politifact.com/factchecks/2010/mar/11/americans-united-change/americans-united-change-says-health-insurance-prem/
Bart Stupak,"March 4, 2010","In the Senate version of the health reform bill, ""Every enrollee in the Office of Personnel Management enrolled plan, every enrollee has to pay a minimum of $1 per month towards reproductive rights, which includes abortion.""",false,Good Morning America interview,Abortion; National; Health Care,Robert Farley,"March 11, 2010",https://www.politifact.com/factchecks/2010/mar/11/bart-stupak/stupak-says-every-enrollee-office-personnel-manage/
George Will,"February 21, 2010","""When we started this health care debate a year ago, 85 percent of the American people had health insurance, and 95 percent of the 85 percent were happy with it.""",mostly-true,roundtable segment on ABC's This Week,National; Health Care; Pundits,Louis Jacobson,"March 10, 2010",https://www.politifact.com/factchecks/2010/mar/10/george-will/will-says-95-percent-people-health-insurance-are-s/
Daniel Lipinski,"January 22, 2010","The Senate version of the health care reform bill ""allows taxpayer money to pay directly for abortion in federal community health centers funded in the bill.""",mostly-false,press release,Abortion; National; Health Care,Robert Farley,"March 9, 2010",https://www.politifact.com/factchecks/2010/mar/09/daniel-lipinski/lipinski-says-senate-health-bill-allows-taxpayer-m/
Nancy Pelosi,"February 25, 2010","The health care bill will ""create 4 million jobs, 400,000 jobs almost immediately.""",half-true,statement at the health care summit,National; Economy; Health Care,Catharine Richert,"March 8, 2010",https://www.politifact.com/factchecks/2010/mar/08/nancy-pelosi/pelosi-claims-health-care-reform-will-create-thous/
Glenn Beck,"February 16, 2010","""When Social Security started, age expectancy for the average man was 58. It was 62 -- 62 for women.""",true,comments on his television show,National; Health Care; History; Pundits; Social Security,Alex Holt,"March 8, 2010",https://www.politifact.com/factchecks/2010/mar/08/glenn-beck/Glenn-Beck-Social-Security-life-expectancy/
Alex Sink,"March 4, 2010","""Nobody has been talking about it (Medicaid fraud), focused on it, or paying attention to it.""",false,interview with interview with the St. Petersburg Times/Miami Herald.,Health Care; Medicare; Florida,Aaron Sharockman,"March 6, 2010",https://www.politifact.com/factchecks/2010/mar/06/alex-sink/alex-sinks-nobody-medicaid-fraud/
Michele Bachmann,"March 3, 2010","""President Obama's bill won't bring down the costs (of health care) for average Americans -- or really for very few Americans, if any.""",false,interview on CNN's Larry King Live,National; Health Care,Louis Jacobson,"March 5, 2010",https://www.politifact.com/factchecks/2010/mar/05/michele-bachmann/bachmann-says-democratic-health-care-bill-wont-low/
Charlie Crist,"March 2, 2010","Cover Florida ""is available to any Floridian, offering basic coverage for about $150 a month, instead of the typical $600 a month.""",mostly-false,State of the State address,Health Care; Florida,Bill Adair,"March 3, 2010",https://www.politifact.com/factchecks/2010/mar/03/charlie-crist/crist-says-cover-florida-offers-basic-health-cover/
Mitt Romney,"March 2, 2010","""The lifespan of the average American is less than that of people in nations that spend far less (on health care). ... To put it bluntly, we spend more and die sooner.""",true,book 'No Apology',National; Health Care,Louis Jacobson,"March 3, 2010",https://www.politifact.com/factchecks/2010/mar/03/mitt-romney/romney-says-americans-pay-more-health-care-die-soo/
Nancy Pelosi,"February 28, 2010","The Democrats' health care bills would end ""the denial of ... coverage to those who have a pre-existing condition,"" while the Republican bill would not.",mostly-true,interview on ABC's 'This Week',National; Health Care; This Week - ABC News,Louis Jacobson,"March 3, 2010",https://www.politifact.com/factchecks/2010/mar/03/nancy-pelosi/pelosi-says-democrats-tackle-preexisting-condition/
Republican Party of Florida,"February 26, 2010","U.S. Rep. Alan Grayson ""compared a former vice president to a vampire ... and compared America's health care system to the Holocaust.""",mostly-true,press release,Health Care; Florida,Aaron Sharockman,"March 2, 2010",https://www.politifact.com/factchecks/2010/mar/02/republican-party-florida/gop-says-alan-grayson-likens-dick-cheney-vampire-a/
Debbie Wasserman Schultz,"February 28, 2010","""The Republicans have repeatedly said that they agree with 80 percent of what's in our bill.""",mostly-true,roundtable segment on NBC's Meet the Press,National; Health Care,Louis Jacobson,"March 1, 2010",https://www.politifact.com/factchecks/2010/mar/01/debbie-wasserman-schultz/wasserman-schultz-says-republicans-regularly-say-t/
Lamar Alexander,"February 25, 2010","The health care bill ""dumps 15 to 18 million low-income Americans into a Medicaid program that none of us want to be a part of because 50 percent of doctors won't see new patients.""",half-true,televised health care summit,National; Health Care; Poverty,Catharine Richert,"March 1, 2010",https://www.politifact.com/factchecks/2010/mar/01/lamar-alexander/health-care-reform-expand-Medicaid-doctors/
Barack Obama,"February 25, 2010","""The costs for families (in the individual market) for the same type of coverage that they're currently receiving would go down 14 percent to 20 percent.""",half-true,televised health care summit,National; Health Care,Robert Farley,"February 26, 2010",https://www.politifact.com/factchecks/2010/feb/26/barack-obama/obama-says-under-democratic-health-plan-family-ins/
Charles Boustany,"February 25, 2010","The CBO found that the House Republican health care plan would lower premiums by ""up to about 10 percent"" and, for purchasers in the individual market, ""those cost savings could even be higher.""",mostly-true,comment at the president's health care reform summit,National; Health Care,Louis Jacobson,"February 25, 2010",https://www.politifact.com/factchecks/2010/feb/25/charles-boustany/boustany-says-gop-health-plan-would-lower-premiums/
Harry Reid,"February 25, 2010","""Since 1981, reconciliation has been used 21 times. Most of it's been used by Republicans.""",true,televised health care summit,National; Bipartisanship; Health Care,Robert Farley,"February 25, 2010",https://www.politifact.com/factchecks/2010/feb/25/harry-reid/reid-says-repblicans-have-used-reconciliation-more/
C.W. Bill Young,"February 20, 2010","The Democratic health care plan is a ""government takeover of our health programs.""",pants-fire,speech to Pinellas County Republicans.,Health Care; Florida,Bill Adair,"February 25, 2010",https://www.politifact.com/factchecks/2010/feb/25/cw-bill-young/bill-young-claims-house-plan-was-government-takeov/
Jon Kyl,"February 20, 2010","""One of the most recent polls said 75 percent of the American people have said either don't do anything or start over (on health care reform).""",mostly-true,interview on Fox News,National; Health Care,Angie Drobnic Holan,"February 23, 2010",https://www.politifact.com/factchecks/2010/feb/23/jon-kyl/polls-show-public-dubious-current-health-care-prop/
Joe Biden,"February 14, 2010","Among the money spent on health care in the United States, ""46 cents on every dollar spent is through Medicare and Medicaid.""",half-true,interview on NBC's 'Meet the Press',National; Federal Budget; Health Care; Medicare,Louis Jacobson,"February 16, 2010",https://www.politifact.com/factchecks/2010/feb/16/joe-biden/biden-overstates-role-medicare-medicaid-us-health-/
Rick Perry,"January 29, 2010",Says his executive order requiring young girls to be vaccinated against HPV wasn't mandatory.,mostly-false,debate,Families; Health Care; Texas,Ciara O'Rourke,"February 6, 2010",https://www.politifact.com/factchecks/2010/feb/06/rick-perry/perry-says-hpv-vaccine-he-mandated-would-have-been/
Paul Krugman,"January 31, 2010","The Senate-passed health care bill ""is identical to the Massachusetts health care plan -- the same thing.""",mostly-true,interview on ABC's 'This Week',National; Health Care; Pundits,Louis Jacobson,"February 4, 2010",https://www.politifact.com/factchecks/2010/feb/04/paul-krugman/krugman-calls-senate-health-care-bill-similar-law-/
Barack Obama,"January 27, 2010","Health care reform ""would bring down the deficit by as much as $1 trillion over the next two decades.""",half-true,State of the Union speech,National; Federal Budget; Health Care,Angie Drobnic Holan,"February 1, 2010",https://www.politifact.com/factchecks/2010/feb/01/barack-obama/health-care-reform-estimates-deficit-reduction-are/
Tom Price,"January 29, 2010","""Mr. President, multiple times from your administration there have come statements that Republicans have no ideas and no solutions"" on health care.",true,Republican retreat,National; Bipartisanship; Health Care,Bill Adair,"January 29, 2010",https://www.politifact.com/factchecks/2010/jan/29/tom-price/price--obama-health-care-no-ideas/
Democratic National Committee,"January 20, 2010","""Under (Rick Perry’s) watch as governor, over six million Texans have no health care coverage, including one million children, homeowners suffer from the highest insurance rates in the country, and college tuition has skyrocketed 136 percent.""",half-true,press release,Children; Economy; Education; Health Care; Texas,W. Gardner Selby,"January 29, 2010",https://www.politifact.com/factchecks/2010/jan/29/democratic-national-committee/national-democrats-say-gov-perry-has-watched-over-/
Nancy Pfotenhauer,"January 27, 2010","The president's health care proposals will cause ""most Americans to have their premiums increased, not decreased, and hundreds of millions of people lose their current insurance coverage.""",pants-fire,interview on CNN,National; Health Care; Pundits,Angie Drobnic Holan,"January 28, 2010",https://www.politifact.com/factchecks/2010/jan/28/nancy-pfotenhauer/health-care-reform-does-not-increase-premiums-and-/
John Boehner,"January 27, 2010","""A majority of Americans still oppose this health care bill.""",mostly-true,live-blog post during the State of the Union address,National; Health Care,Louis Jacobson,"January 28, 2010",https://www.politifact.com/factchecks/2010/jan/28/john-boehner/boehner-says-majority-americans-oppose-health-care/
Kay Bailey Hutchison,"January 14, 2010","""We have over 300 state agencies. Forty-five of those agencies are related to health care.""",false,debate.,Health Care; Texas,Ciara O'Rourke,"January 25, 2010",https://www.politifact.com/factchecks/2010/jan/25/kay-bailey-hutchison/hutchison-says-we-have-45-health-related-state-age/
Chain email,"August 28, 2009","The Democrats' health care bills would provide ""free health care for illegal immigrants.""",false,chain e-mail,Immigration; National; Health Care,Robert Farley,"January 21, 2010",https://www.politifact.com/factchecks/2010/jan/21/chain-email/chain-e-mail-claims-health-care-bills-congress-wou/
Chain email,"August 28, 2009","The House health care bill provides for ""free abortion services, and probably forced participation in abortions by members of the medical profession.""",false,chain e-mail,Abortion; Immigration; National; Health Care,Robert Farley,"January 21, 2010",https://www.politifact.com/factchecks/2010/jan/21/chain-email/chain-e-mail-claims-house-health-care-bill-would-p/
John Cornyn,"January 20, 2010","""The No. 1 issue that the American people care about is getting America back to work.""",true,televised interview,Economy; Health Care; Texas,W. Gardner Selby,"January 20, 2010",https://www.politifact.com/factchecks/2010/jan/20/john-cornyn/sen-john-cornyn-says-americans-rate-getting-back-w/
Kay Bailey Hutchison,"November 19, 2009","Health care reform: ""Everything about it is going to raise costs, raise taxes and lower the quality of health care.""",false,TV ad,Health Care; Texas,Ciara O'Rourke,"January 20, 2010",https://www.politifact.com/factchecks/2010/jan/20/kay-bailey-hutchison/hutchison-says-health-care-bill-will-raise-costs-t/
Texas Democratic Party,"October 5, 2009","Says Rick Perry's ""Pay to Play"" politics led him to send $899 million to an offshore call center in Bermuda, driving down enrollment in children's health insurance",false,news release,Health Care; Texas,Ciara O'Rourke,"January 15, 2010",https://www.politifact.com/factchecks/2010/jan/15/texas-democratic-party/democrats-say-perry-sent-899-million-offshore-call/
Rick Perry,"December 20, 2009","""Sen. Hutchison abandoned Republicans and stood with Democrats to ensure health care legislation would pass quickly.""",pants-fire,a press release,Health Care; Texas,W. Gardner Selby,"January 13, 2010",https://www.politifact.com/factchecks/2010/jan/13/rick-perry/gov-rick-perry-says-hutchison-abandoned-gop-helped/
Marc Katz,"December 8, 2009","""Texas is LAST (50th) in spending for mental health care.""",mostly-true,message on Twitter,Health Care; State Budget; Texas,Ciara O'Rourke,"January 12, 2010",https://www.politifact.com/factchecks/2010/jan/12/marc-katz/marc-katz-says-texas-last-spending-mental-health-c/
Charlie Crist,"January 5, 2010","""President Obama has broken his pledge to the American people to be transparent throughout (health care reform negotiations).""",true,written statement,Health Care; Florida,Aaron Sharockman,"January 5, 2010",https://www.politifact.com/factchecks/2010/jan/05/charlie-crist/gov-charlie-crist-says-obama-breaks-transparency-p/
Karl Rove,"December 22, 2009","""In Florida, Sen. Bill Nelson ... got a $25 billion to $30 billion carve-out for Medicare Advantage patients in their state.""",mostly-false,interview with Fox News,National; Health Care; Medicare; Florida,Aaron Sharockman,"December 24, 2009",https://www.politifact.com/factchecks/2009/dec/24/karl-rove/karl-rove-says-health-care-bill-has-special-treat-/
Ben Nelson,"December 22, 2009","A Medicaid provision added to the Senate health care reform bill ""is not a special deal for Nebraska.""",false,speech on the Senate floor,National; Health Care,Robert Farley,"December 23, 2009",https://www.politifact.com/factchecks/2009/dec/23/ben-nelson/sen-ben-nelson-says-medicaid-provision-added-healt/
Barack Obama,"December 22, 2009","""I didn't campaign on a public option.""",mostly-false,interview with the Washington Post,National; Elections; Health Care,Angie Drobnic Holan,"December 23, 2009",https://www.politifact.com/factchecks/2009/dec/23/barack-obama/public-option-obama-platform/
Barack Obama,"December 15, 2009","Health care reform plans being consided in Congress ""will finally reduce the costs of health care.""",half-true,remarks at the White House,National; Health Care,Robert Farley,"December 18, 2009",https://www.politifact.com/factchecks/2009/dec/18/barack-obama/obama-said-health-care-reform-will-reduce-cost-hea/
Tom Harkin,"December 13, 2009","""Today and every day, an estimated 14,000 Americans will lose their health insurance coverage.""",false,Senate floor speech,National; Health Care; Workers,Louis Jacobson,"December 15, 2009",https://www.politifact.com/factchecks/2009/dec/15/tom-harkin/harkin-repeats-claim-14000-people-lose-health-insu/
Mitch McConnell,"December 1, 2009",The Senate health care bill does not contain limits on medical malpractice lawsuits.,true,floor speech,National; Health Care,Catharine Richert,"December 2, 2009",https://www.politifact.com/factchecks/2009/dec/02/mitch-mcconnell/mcconnell-gets-it-right-medical-malpractice-reform/
Mike Pence,"November 30, 2009","Under the Democratic health plan, families ""will be forced to spend an additional $2,100 a year to keep their current health care.""",mostly-false,press release,National; Health Care,Robert Farley,"December 1, 2009",https://www.politifact.com/factchecks/2009/dec/01/mike-pence/rep-mike-pence-says-democratic-health-plan-would-/
Ed Schultz,"November 20, 2009","""Ninety-eight percent of the American people will not see their taxes go up"" due to the House health care bill.",mostly-false,MSNBC's the 'Ed Show',National; Health Care; Pundits; Taxes,Louis Jacobson,"November 27, 2009",https://www.politifact.com/factchecks/2009/nov/27/ed-schultz/schultz-says-health-care-bill-will-only-tax-top-2-/
Chain email,"November 23, 2009","A data-storing microchip ""would be implanted in the majority of people who opt to become covered by the public health care option.""",pants-fire,widely circulated e-mail,National; Health Care; Privacy Issues,Louis Jacobson,"November 25, 2009",https://www.politifact.com/factchecks/2009/nov/25/chain-email/chain-e-mail-says-those-public-option-will-have-ge/
Mike Enzi,"November 19, 2009","The Senate health care bill ""would leave 24 million people without insurance coverage.""",true,press release,National; Health Care,Robert Farley,"November 20, 2009",https://www.politifact.com/factchecks/2009/nov/20/mike-enzi/se-mike-enzi-says-senate-health-care-bill-will-lea/
Joe Lieberman,"November 19, 2009","If you look at last year's presidential campaign, ""you can't find a mention of public option.""",mostly-true,interview with Politico,National; Health Care,Angie Drobnic Holan,"November 20, 2009",https://www.politifact.com/factchecks/2009/nov/20/joe-lieberman/public-option-was-not-discussed-much-during-campai/
Orrin Hatch,"November 19, 2009",The Senate health care bill is longer than Tolstoy's 'War and Peace.',mostly-false,news release,National; Health Care,Louis Jacobson,"November 20, 2009",https://www.politifact.com/factchecks/2009/nov/20/orrin-hatch/hatch-senate-health-care-bill-longer-war-peace/
Ed Rendell,"November 12, 2009","A small business receiving a federal tax credit ""to provide health care for its employees ... would be barred under the Stupak Amendment from allowing their employees to use ... the health care that they offer them for abortion.""",mostly-false,'Rachel Maddow Show',Abortion; National; Health Care,Louis Jacobson,"November 19, 2009",https://www.politifact.com/factchecks/2009/nov/19/ed-rendell/rendell-says-small-businesses-receiving-health-ins/
Ron Wyden,"November 17, 2009","In the House health care bill, ""Something like 2 percent of the people would [be] eligible even to get the public option.""",false,MSNBC's 'Morning Meeting With Dylan Ratigan',National; Health Care,Louis Jacobson,"November 18, 2009",https://www.politifact.com/factchecks/2009/nov/18/ron-wyden/wyden-mistakenly-lowballs-number-people-eligible-p/
Rachel Maddow,"November 12, 2009","""The Stupak Amendment doesn't just say you can't use your federal insurance subsidy to pay for an abortion, it says, if you're getting a federal subsidy of any kind, you're not allowed to buy an insurance plan that covers abortion even with your own money.""",mostly-false,her show on MSNBC,Abortion; National; Health Care; Pundits,Louis Jacobson,"November 16, 2009",https://www.politifact.com/factchecks/2009/nov/16/rachel-maddow/maddow-says-stupak-amendment-bars-those-subsidies-/
Sarah Palin,"November 12, 2009","Under the House health care bill, the government ""will have to penalize citizens if we choose not to buy a plan that will cost a minimum of about $15,000 per family per year.""",mostly-false,note on Facebook,National; Health Care; Taxes,Angie Drobnic Holan,"November 13, 2009",https://www.politifact.com/factchecks/2009/nov/13/sarah-palin/sarah-palin-says-health-care-reform-will-be-costly/
Diana DeGette,"November 9, 2009","""The public option is not funded with public money. It's funded with private insurance premiums.""",half-true,'Rachel Maddow Show',Abortion; National; Health Care,Catharine Richert,"November 13, 2009",https://www.politifact.com/factchecks/2009/nov/13/diana-degette/degette-claims-public-option-will-be-privately-fun/
Glenn Beck,"November 12, 2009","""In the health care bill, we're now offering insurance for dogs.""",pants-fire,his radio program,National; Health Care; Pundits,Robert Farley,"November 12, 2009",https://www.politifact.com/factchecks/2009/nov/12/glenn-beck/glenn-beck-claims-health-care-bill-includes-insura/
Bob Beckel,"November 9, 2009","""There were more people at the Air and Space Museum"" than at a rally against the health care bills.",half-true,Sean Hannity's show on Fox News,National; Health Care; Pundits,Louis Jacobson,"November 12, 2009",https://www.politifact.com/factchecks/2009/nov/12/bob-beckel/beckel-says-protest-against-health-care-bill-drew-/
Rush Limbaugh,"November 10, 2009","The health care bills will be ""mandated spending. You can't cut it, regardless of the budget circumstances.""",half-true,his radio show,National; Federal Budget; Health Care; Pundits,Louis Jacobson,"November 12, 2009",https://www.politifact.com/factchecks/2009/nov/12/rush-limbaugh/limbaugh-says-health-care-bills-spending-cant-be-c/
Sean Hannity,"November 2, 2009",Guantanamo Bay detainees will get the H1N1 vaccine.,true,comment on his television show,National; Health Care; Pundits; Terrorism,Catharine Richert,"November 11, 2009",https://www.politifact.com/factchecks/2009/nov/11/sean-hannity/hannity-says-h1n1-vaccines-will-be-given-gitmo-det/
Planned Parenthood,"November 9, 2009","""President Obama campaigned on a promise to put reproductive health care at the center of his reform plan.""",true,alert to members,Abortion; National; Health Care,Louis Jacobson,"November 10, 2009",https://www.politifact.com/factchecks/2009/nov/10/planned-parenthood/planned-parenthood-says-obama-promised-put-reprodu/
Glenn Beck,"November 2, 2009","""Mitt Romney ... gave you government health care that is now bankrupting the state"" of Massachusetts.",false,Webcast,National; Candidate Biography; Health Care; Pundits,Catharine Richert,"November 10, 2009",https://www.politifact.com/factchecks/2009/nov/10/glenn-beck/beck-claims-universal-health-care-driving-massachu/
Nita Lowey,"November 7, 2009","An amendment to the House health reform bill ""puts new restrictions on women's access to abortion coverage in the private health insurance market even when they would pay premiums with their own money.""",false,speech on the House floor,Abortion; National; Health Care,Louis Jacobson,"November 9, 2009",https://www.politifact.com/factchecks/2009/nov/09/nita-lowey/lowey-says-stupak-amendment-restricts-abortion-cov/
Louise Slaughter,"November 7, 2009",Women pay 48 percent more for health insurance.,mostly-false,statement on the House floor,National; Health Care,Catharine Richert,"November 9, 2009",https://www.politifact.com/factchecks/2009/nov/09/louise-slaughter/slaughter-claims-women-pay-48-percent-more-health-/
Wall Street Journal editorial page,"November 2, 2009","The House health care bill pays for ""about six years of program with a decade of revenue, with the heaviest costs concentrated in the second five years.""",half-true,editorial,National; Federal Budget; Health Care,Angie Drobnic Holan,"November 6, 2009",https://www.politifact.com/factchecks/2009/nov/06/wall-street-journal-editorial-page/house-health-care-bill-pays-itself-over-long-run/
Mike Pence,"November 5, 2009","""As a result of the House Republican bill, the nonpartisan Congressional Budget Office now confirms that families will see their health care premiums reduced by up to 10 percent.""",half-true,press release,National; Health Care,Robert Farley,"November 6, 2009",https://www.politifact.com/factchecks/2009/nov/06/mike-pence/us-rep-mike-pence-says-cbo-confirms-gop-health-pla/
Americans United for Change,"November 5, 2009","The Republicans' alternative health care plan ""will still let insurers raise premiums four times faster than wages.""",false,TV ad,National; Health Care,Robert Farley,"November 5, 2009",https://www.politifact.com/factchecks/2009/nov/05/americans-united-change/americans-united-change-ad-claims-gop-health-plan-/
Debbie Wasserman Schultz,"November 3, 2009","The GOP health care plan ""would allow health insurance companies to continue engaging in unfair and discriminatory practices like denying coverage to people because of a pre-existing medical condition.""",mostly-true,press release,National; Health Care,Robert Farley,"November 5, 2009",https://www.politifact.com/factchecks/2009/nov/05/debbie-wasserman-schultz/wasserman-schultz-says-gop-alternative-health-care/
House Republican Conference,"October 29, 2009","Health care reform ""establishes a new board of federal bureaucrats (the 'Health Benefits Advisory Committee') to dictate the health plans that all individuals must purchase.""",false,news release,National; Health Care,Angie Drobnic Holan,"November 4, 2009",https://www.politifact.com/factchecks/2009/nov/04/house-republicans/health-benefits-advisory-committee-what-plan-buy/
House Republican Conference,"October 29, 2009","Health care reform ""requires the use of federal dollars to fund abortions through the government-run health plan.""",half-true,news release,Abortion; National; Health Care,Angie Drobnic Holan,"November 4, 2009",https://www.politifact.com/factchecks/2009/nov/04/house-republicans/public-option-could-pay-unsubsidized-abortion/
House Republican Conference,"October 29, 2009","Research shows the employer mandate in the House health reform bill would ""place millions 'at substantial risk of unemployment' — with minority workers losing their jobs at twice the rate of their white counterparts.""",half-true,news release,National; Health Care; Workers; Taxes,Angie Drobnic Holan,"November 4, 2009",https://www.politifact.com/factchecks/2009/nov/04/house-republicans/republicans-study-employer-mandate-health/
Michele Bachmann,"October 30, 2009","Page 92 of the House health care bill ""says specifically that people can't purchase private health insurance after a date certain.""",pants-fire,interview on Sean Hannity's show on the Fox News Channel.,National; Health Care,Catharine Richert,"November 3, 2009",https://www.politifact.com/factchecks/2009/nov/03/michele-bachmann/michele-bachmann-claims-page-92-prohibits-private-/
Keith Olbermann,"October 27, 2009","Sen. Joe Lieberman's ""home state has a public option which covers about 10,000 of its citizens that was introduced by its Republican governor.""",mostly-true,'Countdown with Keith Olbermann',National; Health Care; Pundits,Catharine Richert,"November 2, 2009",https://www.politifact.com/factchecks/2009/nov/02/keith-olbermann/olbermann-claims-connecticut-has-public-plan/
Valerie Jarrett,"November 1, 2009",There is majority support for the Democrats' health care plans.,mostly-false,interview on ABC's 'This Week with George Stephanopoulos',National; Health Care,Louis Jacobson,"November 2, 2009",https://www.politifact.com/factchecks/2009/nov/02/valerie-jarrett/jarrett-claims-obama-has-majority-support-health-c/
Patrick Kennedy,"October 27, 2009","""One-third of the health care dollar goes to no such thing as health care; it goes to the insurance companies.""",false,speech on the House floor.,National; Corporations; Health Care,Angie Drobnic Holan,"October 30, 2009",https://www.politifact.com/factchecks/2009/oct/30/patrick-kennedy/insurance-companies-national-health-spending/
Concerned Women for America,"October 28, 2009","The Democrats' health care bill ""gives a new Health Choices Commissioner the right to look at an individual's tax return to determine what medical benefits or subsidies that person qualifies for.""",half-true,group's Web site,National; Health Care; Taxes,Louis Jacobson,"October 29, 2009",https://www.politifact.com/factchecks/2009/oct/29/concerned-women-america/conservative-group-says-health-care-reform-bill-al/
John Boehner,"October 26, 2009","""Forcing Americans off of their current health coverage and onto a government-run plan isn't the answer, but that's exactly what the Democrats' plan would do.""",false,statement on his Web site,National; Health Care,Angie Drobnic Holan,"October 28, 2009",https://www.politifact.com/factchecks/2009/oct/28/john-boehner/health-care-reform-will-not-force-people-governmen/
Claire McCaskill,"October 25, 2009","A ""fairly limited number of people, 25 million to 30 million,"" will be allowed to access a national health insurance exchange.",true,"interview on ""This Week with George Stephanopolous.""",National; Health Care,Angie Drobnic Holan,"October 26, 2009",https://www.politifact.com/factchecks/2009/oct/26/claire-mccaskill/who-is-allowed-health-insurance-exchange/
Charlie Crist,"October 21, 2009","""Usually it's about $900 a month to get health coverage. (Florida's program has) reduced that, on average, to about $150 a month.""",false,Fox News interview,Health Care; Florida,Catharine Richert,"October 23, 2009",https://www.politifact.com/factchecks/2009/oct/23/charlie-crist/crist-makes-misleading-claim-about-florida-health-/
Senior Citizens League,"October 1, 2009","A ""massive"" federal computer network will make your medical records available to ""millions of people"" with a ""complete lack of privacy and confidentiality,"" while doctors and hospitals who don't take part face ""stiff penalties.""",mostly-false,letter to members,National; Health Care; Technology; Privacy Issues,Louis Jacobson,"October 22, 2009",https://www.politifact.com/factchecks/2009/oct/22/senior-citizens-league/seniors-group-warns-about-risks-electronic-health-/
Sarah Palin,"October 17, 2009","The proposed excise tax on ""Cadillac"" health plans will hit ""those making less than $200,000"" the hardest.",mostly-true,note on Facebook,National; Health Care; Taxes,Angie Drobnic Holan,"October 21, 2009",https://www.politifact.com/factchecks/2009/oct/21/sarah-palin/sarah-palin-health-care-reform-taxes-middle-class/
Health Care for America Now,"October 15, 2009","Health proposal would create a ""40% tax on health care benefits of middle-class workers.""",mostly-false,television ad,National; Health Care; Taxes,Angie Drobnic Holan,"October 21, 2009",https://www.politifact.com/factchecks/2009/oct/21/health-care-america-now/excise-tax-cadillac-middle-class/
Gun Owners of America,"October 9, 2009","The Baucus health care bill ""could be used to ban guns in home self-defense.""",false,alert to members,National; Health Care; Guns,Louis Jacobson,"October 20, 2009",https://www.politifact.com/factchecks/2009/oct/20/gun-owners-america/gun-rights-group-says-health-care-bill-could-harm-/
John Cornyn,"October 18, 2009","""The first installment of health care reform ... will raise the deficit by $250 billion.""",half-true,interview on CBS's Face the Nation,National; Federal Budget; Health Care; Medicare,Robert Farley,"October 20, 2009",https://www.politifact.com/factchecks/2009/oct/20/john-cornyn/sen-cornyn-says-first-installment-democrats-health/
Barack Obama,"October 17, 2009","""The Senate Finance Committee approved a reform proposal that has both Democratic and Republican support.""",mostly-false,his weekly address,National; Health Care,Angie Drobnic Holan,"October 19, 2009",https://www.politifact.com/factchecks/2009/oct/19/barack-obama/health-care-reform-bipartsian/
America's Health Insurance Plans,"October 15, 2009","Seniors with coverage under Medicare Advantage will give up ""more than their share"" because of health care reform",half-true,televison advertisement,National; Health Care; Medicare,Louis Jacobson,"October 16, 2009",https://www.politifact.com/factchecks/2009/oct/16/americas-health-insurance-plans/health-insurers-group-says-medicare-advantage-bene/
Glenn Beck,"October 12, 2009","Forty-five percent of doctors ""say they'll quit"" if health care reform passes.",false,statement on his Fox News Channel program,National; Health Care; Pundits,Louis Jacobson,"October 15, 2009",https://www.politifact.com/factchecks/2009/oct/15/glenn-beck/beck-says-45-percent-physicians-would-quit-if-heal/
Chain email,"September 9, 2009","An Iowa policy ""provides for a state round up of Iowa citizens who might be exposed to the swine flu virus.""",false,chain e-mail,National; Health Care,Robert Farley,"October 14, 2009",https://www.politifact.com/factchecks/2009/oct/14/chain-email/e-mail-claims-iowa-policy-seeks-round-iowans-who-m/
Glenn Beck,"October 8, 2009","""You don't know if this (the H1N1 vaccine) is gonna cause neurological damage like it did in the 1970s.""",mostly-false,his radio program.,National; Health Care; Pundits,Robert Farley,"October 14, 2009",https://www.politifact.com/factchecks/2009/oct/14/glenn-beck/glenn-beck-warns-1970s-flu-shots-caused-neurologic/
Nancy-Ann DeParle,"October 12, 2009","A report by the health insurance industry ""ignores some of the key policies that are part of the Senate Finance Committee bill.""",true,"interview on ""The NewsHour""",National; Health Care,Angie Drobnic Holan,"October 13, 2009",https://www.politifact.com/factchecks/2009/oct/13/nancy-ann-deparle/study-health-insurers-says-premiums-will-rise-its-/
Americans United for Change,"October 12, 2009","""Baseball and insurance are the only industries exempt from antitrust laws.""",false,television advertisement,National; Baseball; Health Care,Louis Jacobson,"October 13, 2009",https://www.politifact.com/factchecks/2009/oct/13/americans-united-change/liberal-group-says-health-care-baseball-are-only-i/
Bloggers,"October 7, 2009","The Baucus health care bill would require taxes on medical devices such as X-ray machines, female condoms, HIV tests and surgical needles.",mostly-true,posting on the conservative Web site TownHall.com,National; Health Care; Taxes,Louis Jacobson,"October 9, 2009",https://www.politifact.com/factchecks/2009/oct/09/blog-posting/conservative-blogger-says-proposed-tax-could-hit-w/
Jay Rockefeller,"September 21, 2009",Health care premiums for consumers have doubled since 2001.,true,column,National; Health Care,Louis Jacobson,"October 7, 2009",https://www.politifact.com/factchecks/2009/oct/07/jay-rockefeller/rockefeller-says-health-insurance-premiums-have-do/
Jay Rockefeller,"September 21, 2009",Insurance companies have seen their profits soar by more than 400 percent since 2001.,half-true,column,National; Corporations; Health Care,Louis Jacobson,"October 7, 2009",https://www.politifact.com/factchecks/2009/oct/07/jay-rockefeller/rockefeller-says-health-insurer-profits-have-risen/
Michael Moore,"September 26, 2009","""The majority actually want single-payer health care.""",false,appearance on Larry King Live,National; Health Care,Robert Farley,"October 1, 2009",https://www.politifact.com/factchecks/2009/oct/01/michael-moore/michael-moore-claims-majority-favor-single-payer-h/
House Republican Conference,"September 22, 2009",Medicare officials have treated Humana and AARP inconsistently on how they can communicate with seniors.,false,article on its Web site,National; Health Care; Medicare,Angie Drobnic Holan,"September 30, 2009",https://www.politifact.com/factchecks/2009/sep/30/house-republicans/medicare-aarp-humana-politics/
Ginny Brown-Waite,"September 9, 2009","AARP is ""the largest reseller of insurance in the country"" and ""has a vested interest in seeing that the market for reselling supplemental insurance expands.""",half-true,letter to AARP,National; Health Care; Legal Issues; Medicare,Angie Drobnic Holan,"September 29, 2009",https://www.politifact.com/factchecks/2009/sep/29/ginny-brown-waite/aarp-insurance-health-reform-conflict/
Patients First,"September 29, 2009","""Health care mandate will require imprisonment and fines for Americans who can’t afford to purchase insurance or pay hefty government penalties.""",mostly-false,news release,National; Health Care; Legal Issues; Taxes,Louis Jacobson,"September 29, 2009",https://www.politifact.com/factchecks/2009/sep/29/patients-first/conservative-group-says-youll-be-imprisoned-not-ha/
Republican National Committee,"September 28, 2009","Barack Obama and the Democrats have ""proposed a tax for not having health insurance.""",true,Web ad,National; Health Care; Taxes,Angie Drobnic Holan,"September 28, 2009",https://www.politifact.com/factchecks/2009/sep/28/republican-national-committee-republican/tax-not-having-insurance-health-reform/
Steny Hoyer,"September 28, 2009","""House Republicans pledged to introduce a bill to reform America’s health care system,"" but ""the 'party of no' has . . . failed to produce legislation.""",half-true,news release,National; Health Care,Catharine Richert,"September 28, 2009",https://www.politifact.com/factchecks/2009/sep/28/steny-hoyer/hoyer-claims-republicans-have-no-health-care-alter/
Barack Obama,"September 20, 2009","""Medicare does just as good, if not better, at keeping people healthy"" as Medicare Advantage.",half-true,"interview on ""This Week with George Stephanopolous.""",National; Health Care; Medicare,Angie Drobnic Holan,"September 24, 2009",https://www.politifact.com/factchecks/2009/sep/24/barack-obama/difference-medicare-medicare-advantage-maybe/
Bruce Braley,"September 16, 2009","""Recent census data shows that the average American family spends over $13,000 a year for health care coverage.""",false,speech on the House floor,National; Health Care,Louis Jacobson,"September 22, 2009",https://www.politifact.com/factchecks/2009/sep/22/bruce-braley/iowa-democrat-says-families-spend-13000-year-healt/
National Right to Life Committee,"September 16, 2009","""Under the Baucus bill ... federal funds would subsidize coverage of elective abortions.""",false,press release,Abortion; National; Health Care,Robert Farley,"September 21, 2009",https://www.politifact.com/factchecks/2009/sep/21/national-right-life-committee/national-right-life-committee-claims-under-Baucus-/
National Right to Life Committee,"September 16, 2009","The Baucus bill ""contains provisions that would send massive federal subsidies directly to both private insurance plans and government-chartered cooperatives that pay for elective abortion.""",true,press release,Abortion; National; Health Care,Robert Farley,"September 21, 2009",https://www.politifact.com/factchecks/2009/sep/21/national-right-life-committee/national-right-life-committee-says-baucus-bill-wou/
Michelle Obama,"September 18, 2009","""In some states, it is still legal to deny a woman coverage because she's been the victim of domestic violence.""",true,speech,National; Health Care,Catharine Richert,"September 21, 2009",https://www.politifact.com/factchecks/2009/sep/21/michelle-obama/michelle-obama-claims-domestic-violence-counts-pre/
Barack Obama,"September 20, 2009","Families are paying $900, on average, ""in higher premiums because of uncompensated care.""",half-true,interview on This Week with George Stephanopoulos,National; Health Care,Angie Drobnic Holan,"September 20, 2009",https://www.politifact.com/factchecks/2009/sep/20/barack-obama/uninsured-cost-shifting-debated-experts/
Health Care for America Now,"September 15, 2009","Health insurance companies deny ""1 out of 5 treatments prescribed by doctors.""",false,television advertisement,National; Health Care,Louis Jacobson,"September 18, 2009",https://www.politifact.com/factchecks/2009/sep/18/health-care-america-now/tv-ad-overstates-health-insurance-denials/
Barack Obama,"September 9, 2009","Insurers delayed an Illinois man's treatment, ""and he died because of it.""",false,speech to a joint session of Congress,National; Health Care,Louis Jacobson,"September 17, 2009",https://www.politifact.com/factchecks/2009/sep/17/barack-obama/obama-says-decision-revoke-insurance-led-illinois-/
Keith Olbermann,"September 16, 2009","For middle-class families under the Baucus plan, ""13 percent of what they make could be deducted directly from their paychecks . . . the so-called 'Max Tax.'""",half-true,"his television show ""Countdown""",National; Health Care; Pundits; Taxes,Angie Drobnic Holan,"September 17, 2009",https://www.politifact.com/factchecks/2009/sep/17/keith-olbermann/olbermann-glosses-over-detail-baucus-plan/
Health Care for America Now,"September 15, 2009",Health insurance companies pay CEOs $24 million a year,mostly-false,television advertisement,National; Corporations; Health Care,Louis Jacobson,"September 16, 2009",https://www.politifact.com/factchecks/2009/sep/16/health-care-america-now/health-care-advocacy-group-blasts-insurers-ceo-pay/
Tom Price,"September 14, 2009","""Medicare began as a public option and now holds 97 percent of the market share.""",mostly-true,fundraising letter,National; Health Care; Medicare,Angie Drobnic Holan,"September 16, 2009",https://www.politifact.com/factchecks/2009/sep/16/tom-price/medicares-history-public-option/
Howard Dean,"September 13, 2009","""Every other democracy in the world has a health care system that covers everybody, and we don't.""",false,remarks on NBC's Meet the Press,National; Health Care,Louis Jacobson,"September 15, 2009",https://www.politifact.com/factchecks/2009/sep/15/howard-dean/dean-says-us-only-democracy-without-universal-heal/
Thomas Sowell,"September 8, 2009","The Obama administration ""was successful in rushing a massive spending bill through Congress in just two days — after which it sat on the president's desk for three days, while he was away on vacation.""",false,column,National; Economy; Health Care; Pundits,Ian Jannetta,"September 15, 2009",https://www.politifact.com/factchecks/2009/sep/15/thomas-sowell/sowell-claims-stimulus-was-rushed-through-congress/
Paul Hipp,"September 9, 2009",The U.S. ranks 37th in the world for health care.,mostly-true,YouTube video,National; Health Care,Louis Jacobson,"September 14, 2009",https://www.politifact.com/factchecks/2009/sep/14/paul-hipp/rocker-viral-video-mocks-us-37th-best-health-care-/
Charles Boustany,"September 9, 2009","The Democratic health care bill in the House would ""create 53 new government bureaucracies.""",mostly-false,response to President Obama's health care address to Congress,National; Health Care,Robert Farley,"September 11, 2009",https://www.politifact.com/factchecks/2009/sep/11/charles-boustany/boustany-and-other-republicans-say-health-care-pla/
John Boehner,"September 10, 2009","As a candidate, President Obama ""declared that everyone deserves access to reproductive health care that includes abortion, and vowed that this 'right' would be at the heart of his health care reform plan if elected president.""",true,statement from the Minority Leader's office,Abortion; National; Health Care,Louis Jacobson,"September 11, 2009",https://www.politifact.com/factchecks/2009/sep/11/john-boehner/boehner-says-abortion-access-was-always-key-goal-o/
Chain email,"August 24, 2009","A new bill ""was written into the new health care reform initiative ensuring that Congress will be 100 percent exempt.""",false,message forwarded to many people,National; Health Care,Angie Drobnic Holan,"September 11, 2009",https://www.politifact.com/factchecks/2009/sep/11/chain-email/64000-question-e-mail-says-congress-exempt-health-/
House Republican Conference,"September 9, 2009","""Nothing in any of the Democrat bills would require individuals to verify their citizenship or identity prior to receiving taxpayer-subsidized benefits.""",half-true,"""myth and fact"" news release",Immigration; National; Health Care,Louis Jacobson,"September 10, 2009",https://www.politifact.com/factchecks/2009/sep/10/house-republicans/house-republicans-back-heckler-saying-health-bill-/
Barack Obama,"September 9, 2009","Health reform will ""give every American the same opportunity"" to buy health insurance the way members of Congress do.",false,speech to Congress,National; Health Care,Angie Drobnic Holan,"September 10, 2009",https://www.politifact.com/factchecks/2009/sep/10/barack-obama/national-health-insurance-exchange-has-restriction/
Joe Wilson,"September 9, 2009","""You lie!"" (in response to President Obama saying health reform would not insure illegal immigrants.)",false,audience at a joint session of Congress,Immigration; National; Health Care,Angie Drobnic Holan,"September 10, 2009",https://www.politifact.com/factchecks/2009/sep/10/joe-wilson/joe-wilson-south-carolina-said-obama-lied-he-didnt/
Barack Obama,"September 9, 2009","""It’s a plan that incorporates ideas from many of the people in this room tonight – Democrats and Republicans.""",mostly-false,address to a joint session of Congress,National; Health Care,Robert Farley,"September 10, 2009",https://www.politifact.com/factchecks/2009/sep/10/barack-obama/Obama-says-health-plan-incorporates-ideas-of-Democ/
Barack Obama,"September 9, 2009","""The claim ... that we plan to set up panels of bureaucrats with the power to   kill off senior citizens ... is a lie, plain and simple.""",true,speech to a joint session of Congress,National; Health Care,Angie Drobnic Holan,"September 10, 2009",https://www.politifact.com/factchecks/2009/sep/10/barack-obama/obama-correct-death-panel-charge-lie/
Barack Obama,"September 9, 2009","Preventive care ""saves money.""",false,speech to Congress,National; Health Care,Catharine Richert,"September 10, 2009",https://www.politifact.com/factchecks/2009/sep/10/barack-obama/obama-says-preventive-care-saves-money-it-doesnt/
Barack Obama,"September 9, 2009","If you ""already have health insurance through your job, or Medicare, or Medicaid, or the VA, nothing in this plan will require you or your employer to change the coverage or the doctor you have.""",true,speech to Congress,National; Health Care,Angie Drobnic Holan,"September 9, 2009",https://www.politifact.com/factchecks/2009/sep/09/barack-obama/health-insurance-through-work-stays-place-under-re/
Matt Miller,"September 8, 2009","""Switzerland and the Netherlands . . .  cover all their citizens using private insurers, and they do so for much less cost.""",true,Washington Post op-ed,National; Health Care,Louis Jacobson,"September 9, 2009",https://www.politifact.com/factchecks/2009/sep/09/matt-miller/analyst-says-netherlands-switzerland-achieve-unive/
John Carter,"August 31, 2009","""The Obama Administration's own White House Council of Economic Advisers has estimated 4.7 million Americans will lose their jobs if the (health care) bill passes.""",false,column by the Texas Republican on the Web site of the Christian Coalition of America,National; Health Care; Taxes,Louis Jacobson,"September 8, 2009",https://www.politifact.com/factchecks/2009/sep/08/john-carter/texas-lawmaker-latest-republican-say-health-bill-w/
Rush Limbaugh,"August 28, 2009","The government is ""going to have the right to get into your bank account with the health care bill and make transfers without you knowing it.""",mostly-false,his radio program,National; Health Care; Pundits,Robert Farley,"September 8, 2009",https://www.politifact.com/factchecks/2009/sep/08/rush-limbaugh/health-care-bill-transfers-limbaugh/
Haley Barbour,"August 13, 2009","""It took Obama six months to pick out a family dog,"" but he's ""cramming health care reform down the country's throat in a fraction of that time.""",mostly-false,op-ed,National; Health Care,Louis Jacobson,"September 3, 2009",https://www.politifact.com/factchecks/2009/sep/03/haley-barbour/barbour-claims-obama-took-longer-choose-dog-hes-gi/
Organizing for America,"September 1, 2009","Over the past few months, we've learned that ""we just can't count on the media to debunk"" lies about health insurance reform.",pants-fire,fundraising e-mail,National; Health Care; Pundits,Angie Drobnic Holan,"September 2, 2009",https://www.politifact.com/factchecks/2009/sep/02/organizing-america/organizing-america-says-media-wont-check-facts-we-/
America's Health Insurance Plans,"August 27, 2009","""Every survey shows strong satisfaction with private coverage.""",half-true,CNN's Lou Dobbs Tonight,National; Health Care,Louis Jacobson,"September 1, 2009",https://www.politifact.com/factchecks/2009/sep/01/americas-health-insurance-plans/strong-satisfaction-health-insurance-coverage/
Howard Dean,"August 25, 2009","""All the really great programs in American history, Social Security, was done without Republicans. Medicare was done without Republican support until the last vote where they realized they had to get on board.""",false,interview on the Rachel Maddow Show,National; Health Care; History; Medicare,Catharine Richert,"August 28, 2009",https://www.politifact.com/factchecks/2009/aug/28/howard-dean/dean-claims-social-security-and-medicare-were-pass/
Anthony Weiner,"August 25, 2009","""Under the plan, for the first five years your employer not only has to keep the coverage, but you can't migrate to the public plan.""",mostly-false,"interview on ""Fox and Friends""",National; Health Care,Angie Drobnic Holan,"August 28, 2009",https://www.politifact.com/factchecks/2009/aug/28/anthony-weiner/employers-dont-have-keep-coverage-under-health-ref/
Barbara  Boxer,"August 10, 2009","""It's costing every American who is insured $1,100 to pick up the cost of uncompensated care that goes on at the emergency room.""",mostly-false,interview with Rachel Maddow,National; Health Care,Catharine Richert,"August 28, 2009",https://www.politifact.com/factchecks/2009/aug/28/barbara-boxer/boxer-claims-it-costs-1100-person-cover-uninsured/
Rush Limbaugh,"August 25, 2009","""President Obama . . . wants to mandate circumcision.""",pants-fire,radio broadcast,National; Health Care; Pundits,Catharine Richert,"August 27, 2009",https://www.politifact.com/factchecks/2009/aug/27/rush-limbaugh/limbaugh-circumcision-obama-cdc/
Tom Coburn,"August 24, 2009","""Medicare has at least $80 billion worth of fraud a year. That's a full 20 percent of every dollar that's spent on Medicare goes to fraud.""",half-true,Fox News Channel's On the Record With Greta Van Susteren,National; Health Care; Medicare,Louis Jacobson,"August 27, 2009",https://www.politifact.com/factchecks/2009/aug/27/tom-coburn/coburn-says-20-percent-every-medicare-dollar-goes-/
Ginny Brown-Waite,"August 24, 2009","""Any government-run 'public' plan ... creates an entitlement that will cost another $1 trillion over the next 10 years.""",half-true,mailing,National; Health Care,Angie Drobnic Holan,"August 26, 2009",https://www.politifact.com/factchecks/2009/aug/26/ginny-brown-waite/health-reform-costs-1-trillion-over-10-years/
Ginny Brown-Waite,"August 24, 2009","""Any government-run 'public' plan ... forces more employers to drop employee coverage due to rising costs and pay an additional 8% payroll tax for each worker.""",mostly-false,mailing,National; Health Care,Angie Drobnic Holan,"August 26, 2009",https://www.politifact.com/factchecks/2009/aug/26/ginny-brown-waite/health-care-bill-does-not-force-employers-drop-c/
Michael Steele,"August 25, 2009","The Department of Veterans Affairs has ""a manual out there telling our veterans stuff like, 'Are you really of value to  your community?' You know, encouraging them to commit suicide.""",pants-fire,Fox News interview,National; Health Care; Veterans,Robert Farley,"August 25, 2009",https://www.politifact.com/factchecks/2009/aug/25/michael-steele/rnc-chairman-michael-steele-says-va-has-manual-enc/
Howard Dean,"August 9, 2009","""There's no rationing in any of these bills.""",false,"appearance on ABC's ""This Week""",National; Health Care; This Week - ABC News,Robert Farley,"August 25, 2009",https://www.politifact.com/factchecks/2009/aug/25/howard-dean/rationing-health-care-reform/
John Boehner,"August 18, 2009","The health bill's plan for comparative effectiveness research ""would be used by the government to ration care.""",false,press release,National; Health Care,Robert Farley,"August 25, 2009",https://www.politifact.com/factchecks/2009/aug/25/john-boehner/boehner-says-study-effectiveness-medical-treatment/
Barack Obama,"August 20, 2009","""If we went back to the obesity rates that existed back in the 1980s, the Medicare system over several years could save as much as a trillion dollars.""",false,forum with supporters,National; Health Care; Medicare,Louis Jacobson,"August 24, 2009",https://www.politifact.com/factchecks/2009/aug/24/barack-obama/obama-says-lower-obesity-rates-would-save-medicare/
Dick Armey,"August 13, 2009","""If you're over 65 years old in America today, you have no choice but to be in Medicare. Even if you want out of Medicare, you have to forfeit your Social Security to get out of it.""",half-true,interview with Judy Woodruff,National; Health Care,Catharine Richert,"August 24, 2009",https://www.politifact.com/factchecks/2009/aug/24/dick-armey/dick-armeys-claim-about-medicare-and-social-securi/
Orrin Hatch,"August 20, 2009","If you don't count illegal aliens, people who qualify for other insurance, and people who make more than $75,000 a year, ""it leaves about 15 million people"" who are uninsured.",half-true,interview on Fox News,National; Health Care,Angie Drobnic Holan,"August 21, 2009",https://www.politifact.com/factchecks/2009/aug/21/orrin-hatch/who-are-uninsured-hatchs-take/
Bill Pascrell,"July 28, 2009","""As many as 22,000 Americans die each year because they don’t have health insurance.""",half-true,speech on the House floor,National; Health Care,Louis Jacobson,"August 20, 2009",https://www.politifact.com/factchecks/2009/aug/20/bill-pascrell/pascrell-says-22000-americans-die-yearly-because-t/
Bernie Sanders,"August 19, 2009","""We spend twice as much per capita on health care as any other nation on Earth.""",false,appearance on the Rachel Maddow Show,National; Health Care,Louis Jacobson,"August 20, 2009",https://www.politifact.com/factchecks/2009/aug/20/bernie-sanders/sanders-says-us-doubles-every-other-country-capita/
Progressive Change Campaign Committee,"August 19, 2009",76 percent of Americans want a public health care option.,false,their Web site,National; Health Care,Catharine Richert,"August 20, 2009",https://www.politifact.com/factchecks/2009/aug/20/progressive-change-campaign-committee/groups-claim-overwhelming-support-public-option/
Roy Blunt,"August 12, 2009","""I'm 59. In either Canada or Great Britain, if I broke my hip, I couldn’t get it replaced.""",pants-fire,editorial board meeting with the St. Louis Post-Dispatch,National; Health Care,Louis Jacobson,"August 19, 2009",https://www.politifact.com/factchecks/2009/aug/19/roy-blunt/59-gop-congressman-says-he-couldnt-get-hip/
Barack Obama,"August 11, 2009","""Nearly 46 million Americans don't have health insurance coverage today.""",mostly-true,town hall meeting,National; Health Care,Angie Drobnic Holan,"August 18, 2009",https://www.politifact.com/factchecks/2009/aug/18/barack-obama/number-those-without-health-insurance-about-46-mil/
J. James Rohack,"August 16, 2009","Pregnant women trying to buy health insurance on their own are barred from maternity coverage because they have a ""pre-existing condition.""",true,Fox News Sunday,National; Health Care,Louis Jacobson,"August 18, 2009",https://www.politifact.com/factchecks/2009/aug/18/j-james-rohack/ama-president-says-pregnant-women-are-barred-buyin/
Rachel Maddow,"August 14, 2009","Republicans Chuck Grassley, John Boehner and John Mica flip-flopped on providing end-of-life counseling for the elderly.",half-true,Rachel Maddow Show,National; Health Care; Pundits,Louis Jacobson,"August 17, 2009",https://www.politifact.com/factchecks/2009/aug/17/rachel-maddow/rachel-maddow-says-republicans-chuck-grassley-john/
David Brooks,"August 14, 2009",Preventive care does not save the government money.,true,interview on the NewsHour with Jim Lehrer,National; Health Care; Pundits,Catharine Richert,"August 17, 2009",https://www.politifact.com/factchecks/2009/aug/17/david-brooks/brooks-claims-preventive-care-will-cost-government/
U.S. Chamber of Commerce,"August 12, 2009","The health care reform plan being proposed in Congress would mean ""big tax increases.""",half-true,TV ad,National; Health Care,Robert Farley,"August 14, 2009",https://www.politifact.com/factchecks/2009/aug/14/us-chamber-commerce/us-chamber-commerce-ad-says-health-reform-plan-wou/
David Axelrod,"August 13, 2009","Obama's plan for health care reform ""ends exorbitant out-of-pocket expenses, deductibles or co-pays.""",mostly-true,chain e-mail,National; Health Care,Angie Drobnic Holan,"August 14, 2009",https://www.politifact.com/factchecks/2009/aug/14/david-axelrod/reform-plan-caps-out-pocket-expenses/
David Axelrod,"August 13, 2009",Health care reform will not affect veterans' benefits.,true,a chain e-mail,National; Health Care; Veterans,Catharine Richert,"August 14, 2009",https://www.politifact.com/factchecks/2009/aug/14/david-axelrod/axelrod-gets-it-right-vet-benefits/
Barack Obama,"August 11, 2009","""I just want to assure [you] we're not talking about cutting Medicare benefits.""",half-true,town hall meeting.,National; Health Care; Medicare,Catharine Richert,"August 14, 2009",https://www.politifact.com/factchecks/2009/aug/14/barack-obama/obama-claims-medicare-benefits-will-not-be-cut-und/
Sarah Palin,"August 12, 2009","A provision in the health care reform bill for end-of-life counseling for seniors is not ""entirely voluntary.""",false,her Facebook page,National; Health Care,Robert Farley,"August 13, 2009",https://www.politifact.com/factchecks/2009/aug/13/sarah-palin/palin-claims-obama-misled-when-he-said-end-life-co/
Barack Obama,"August 11, 2009","AARP is ""endorsing"" the health care reform bill.",mostly-false,town hall on health care,National; Health Care,Robert Farley,"August 12, 2009",https://www.politifact.com/factchecks/2009/aug/12/barack-obama/obama-goes-too-far-when-he-says-health-reform-bill/
Michele Bachmann,"July 27, 2009","Ezekiel Emanuel, one of President Obama's key health care advisers, ""says medical care should be reserved for the nondisabled. So watch out if you're disabled.""",false,statement on the House floor,National; Health Care,Robert Farley,"August 12, 2009",https://www.politifact.com/factchecks/2009/aug/12/michele-bachmann/bachmann-says-obama-health-adviser-thinks-health-c/
Barack Obama,"August 11, 2009","""I have not said that I was a single-payer supporter.""",false,town hall meeting,National; Health Care,Angie Drobnic Holan,"August 12, 2009",https://www.politifact.com/factchecks/2009/aug/12/barack-obama/obama-has-praised-single-payer-plans-past/
Barack Obama,"August 11, 2009","""If you like your health care plan, you can keep your health care plan.""",half-true,town hall meeting,National; Health Care,Angie Drobnic Holan,"August 11, 2009",https://www.politifact.com/factchecks/2009/aug/11/barack-obama/barack-obama-promises-you-can-keep-your-health-ins/
Barack Obama,"August 11, 2009","The health care plan for members of Congress ""is no better than the janitor who cleans their offices.""",true,town hall meeting.,National; Health Care,Catharine Richert,"August 11, 2009",https://www.politifact.com/factchecks/2009/aug/11/barack-obama/obama-gets-right-federal-health-care-benefits/
Newt Gingrich,"August 9, 2009","In every committee when the health care bill was considered, Democrats voted against an amendment that would require members of Congress and their staff to take the government-run public option as their health care plan.",mostly-true,interview with This Week.,National; Health Care,Catharine Richert,"August 10, 2009",https://www.politifact.com/factchecks/2009/aug/10/newt-gingrich/most-democrats-are-opposed-giving-their-health-car/
Sarah Palin,"August 7, 2009","Seniors and the disabled ""will have to stand in front of Obama's 'death panel' so his bureaucrats can decide, based on a subjective judgment of their 'level of productivity in society,' whether they are worthy of health care.""",pants-fire,message posted on Facebook,National; Health Care,Angie Drobnic Holan,"August 10, 2009",https://www.politifact.com/factchecks/2009/aug/10/sarah-palin/sarah-palin-barack-obama-death-panel/
John Boehner,"July 23, 2009","The Democrat-backed health care reform plan ""will require (Americans) to subsidize abortion with their hard-earned tax dollars.""",false,op-ed for National Review,Abortion; National; Health Care; Taxes,Robert Farley,"August 7, 2009",https://www.politifact.com/factchecks/2009/aug/07/john-boehner/boehner-says-democrats-health-care-plan-would-lead/
Liberty Counsel,"July 29, 2009","Page 992 of the health care bill will ""establish school-based 'health' clinics. Your children will be indoctrinated and your grandchildren may be aborted!""",pants-fire,memo on the group's Web site.,Abortion; National; Health Care,Catharine Richert,"August 7, 2009",https://www.politifact.com/factchecks/2009/aug/07/liberty-counsel/school-health-clinics-would-not-provide-abortions/
Paul Krugman,"August 5, 2009","During the 2005 fight over Social Security, ""there were noisy demonstrations — but they were outside the events,"" and opponents were ""not disruptive — crowds booed lines they didn’t like, but that was about it.""",false,blog posting.,National; Health Care; Pundits,Louis Jacobson,"August 7, 2009",https://www.politifact.com/factchecks/2009/aug/07/paul-krugman/paul-krugman-claims-protests-2005-werent-raucous-h/
Bloggers,"August 4, 2009","Health care reform legislation is ""likely to mandate free ‘sex change’ surgeries.""",false,news release,National; Health Care,Louis Jacobson,"August 7, 2009",https://www.politifact.com/factchecks/2009/aug/07/blog-posting/conservative-news-release-says-health-care-bill-li/
Club for Growth,"August 4, 2009","The health care reform plan would set limits similar to the ""socialized"" system in Britain, where people are allowed to die if their treatment would cost more than $22,000.",false,TV ad,National; Health Care,Catharine Richert,"August 6, 2009",https://www.politifact.com/factchecks/2009/aug/06/club-growth/club-growths-health-care-ad-campaign-misleading/
Dan Lungren,"July 28, 2009","President Barack Obama suggested on national TV that the Democratic health care bill ""will have government decide"" that a healthy, 100-year-old woman in need of a pacemaker ""should take a pain pill"" instead.",false,speech on the House floor,National; Health Care,Louis Jacobson,"August 3, 2009",https://www.politifact.com/factchecks/2009/aug/03/dan-lungren/lungren-says-obama-would-have-government-require-c/
Russ Carnahan,"July 20, 2009","""The Congressional Budget Office most recently came out and analyzed the current (health care) plan and said that it was not only deficit-neutral, but also that over 10 years it would create a $6 billion surplus.""",false,town hall meeting,National; Health Care,Catharine Richert,"August 3, 2009",https://www.politifact.com/factchecks/2009/aug/03/russ-carnahan/carnahan-misquotes-cbo-about-cost-health-care-refo/
Bill Pascrell,"July 28, 2009","""53 percent of Americans cut back on their health care in the last year because of costs.""",half-true,speech on the House floor,National; Health Care,Louis Jacobson,"July 30, 2009",https://www.politifact.com/factchecks/2009/jul/30/bill-pascrell/pascrell-says-53-percent-americans-cut-back-health/
Bill Pascrell,"July 28, 2009",Forty-five percent of Americans went without needed care because of costs in 2007.,mostly-true,speech on the House floor,National; Health Care,Louis Jacobson,"July 30, 2009",https://www.politifact.com/factchecks/2009/jul/30/bill-pascrell/pascrell-says-45-percent-americans-went-without-ne/
Chain email,"July 28, 2009","""All non-US citizens, illegal or not, will be provided with free health care services.""",pants-fire,chain e-mail,Immigration; National; Health Care,Angie Drobnic Holan,"July 30, 2009",https://www.politifact.com/factchecks/2009/jul/30/chain-email/no-free-health-care-illegal-immigrants-health-bill/
Chain email,"July 28, 2009","""All private healthcare plans must conform to government rules to participate in a Healthcare Exchange.""",true,chain e-mail,National; Health Care; Regulation,Angie Drobnic Holan,"July 30, 2009",https://www.politifact.com/factchecks/2009/jul/30/chain-email/health-care-exchange-governments-way-regulating-in/
Chain email,"July 28, 2009","In the health care bill, ""The 'Health Choices Commissioner' will decide health benefits for you. You will have no choice. None.""",pants-fire,chain e-mail,National; Health Care; Regulation,Angie Drobnic Holan,"July 30, 2009",https://www.politifact.com/factchecks/2009/jul/30/chain-email/health-choices-commissioner-does-not-decide-your-h/
Barack Obama,"July 22, 2009","""Doctors, nurses, hospitals, even the pharmaceutical industry, (and) AARP"" say that health reform ""makes sense to do.""",mostly-true,speech on health care reform,National; Health Care,Catharine Richert,"July 27, 2009",https://www.politifact.com/factchecks/2009/jul/27/barack-obama/obama-says-there-widespread-support-health-care-re/
Barack Obama,"July 22, 2009","""14,000 Americans . . . lose their health insurance every single day.""",mostly-true,news conference.,National; Health Care,Louis Jacobson,"July 24, 2009",https://www.politifact.com/factchecks/2009/jul/24/barack-obama/obama-claims-14000-lose-health-insurance-every-day/
Betsy McCaughey,"July 16, 2009 in","The health care reform bill ""would make it mandatory — absolutely require — that every five years people in Medicare have a required counseling session that will tell them how to end their life sooner.""",pants-fire,on the Fred Thompson radio show,National; Health Care,Catharine Richert,"July 23, 2009",https://www.politifact.com/factchecks/2009/jul/23/betsy-mccaughey/mccaughey-claims-end-life-counseling-will-be-requi/
Barack Obama,"July 22, 2009","Health insurance companies are ""making record profits, right now.""",false,press conference,National; Corporations; Health Care,Angie Drobnic Holan,"July 23, 2009",https://www.politifact.com/factchecks/2009/jul/23/barack-obama/health-insurance-company-turned-profit-not-rec/
Investor's Business Daily,"July 15, 2009",The health care reform bill -- on Page 16 -- outlaws private insurance.,pants-fire,editorial.,National; Corporations; Health Care; Pundits; Regulation,Angie Drobnic Holan,"July 22, 2009",https://www.politifact.com/factchecks/2009/jul/22/ibdeditorialscom/private-health-insurance-page-16-house-bill/
Democratic National Committee,"July 2, 2009","Mitch McConnell opposed ""legislation to create and protect Kentucky jobs . . . help for the unemployed. . .  health care for Kentucky's children,"" and ""fair pay for women.""",mostly-false,television ad,National; Economy; Health Care; Workers,Angie Drobnic Holan,"July 6, 2009",https://www.politifact.com/factchecks/2009/jul/06/democratic-national-committee/mitch-mcconnell-dnc-ad-distorted/
Lamar Smith,"June 24, 2009","During a town hall meeting on health care, ""ABC didn't even allow ads that opposed the president's health care plan to be aired.""",true,interview on Fox News,National; Health Care,Angie Drobnic Holan,"June 30, 2009",https://www.politifact.com/factchecks/2009/jun/30/lamar-smith/abc-broadcast-networks-controversial-issue-ads/
Barack Obama,"June 24, 2009","""Medicare and Medicaid are the single biggest drivers of the federal deficit and the federal debt by a huge margin.""",mostly-true,town hall meeting,National; Federal Budget; Health Care,Angie Drobnic Holan,"June 25, 2009",https://www.politifact.com/factchecks/2009/jun/25/barack-obama/obama-says-medicare-and-medicaid-are-largest-defic/
Paul Krugman,"June 22, 2009","Even high estimates for an early draft of the health care plan are ""less than the $1.8 trillion cost of the Bush tax cuts.""",mostly-true,column,National; Economy; Health Care; Pundits; Taxes,Angie Drobnic Holan,"June 24, 2009",https://www.politifact.com/factchecks/2009/jun/24/paul-krugman/bush-tax-cuts-health-care-probably/
Americans United for Change,"June 14, 2009","""A new poll shows 62 percent support the president's plan to reform health care. That means ... letting you choose between keeping the private insurance you have and a public health insurance plan.""",false,Internet ad.,National; Health Care,Angie Drobnic Holan,"June 16, 2009",https://www.politifact.com/factchecks/2009/jun/16/americans-united-change/62-percent-support-health-not-barack-obamas/
Karl Rove,"June 11, 2009","Under a public health care option, 120 million Americans will ""lose what they now get from private companies and be forced onto the government-run rolls as businesses decide it is more cost-effective for them to drop coverage.""",false,op-ed.,National; Health Care,Angie Drobnic Holan,"June 12, 2009",https://www.politifact.com/factchecks/2009/jun/12/karl-rove/roves-op-ed-distorts-health-study/
Chris Dodd,"June 8, 2009","Sixty-two percent of all personal bankruptcies are ""caused by medical problems.""",half-true,opinion piece.,National; Bankruptcy; Health Care,Angie Drobnic Holan,"June 11, 2009",https://www.politifact.com/factchecks/2009/jun/11/chris-dodd/medical-bankruptcy-study-not-clear-cut/
Mitch McConnell,"May 17, 2009","A public option for health care would end private insurance ""because the private insurance people will not be able to compete with a government option.""",mostly-false,interview on Fox News Sunday.,National; Health Care,Angie Drobnic Holan,"May 19, 2009",https://www.politifact.com/factchecks/2009/may/19/mitch-mcconnell/some-private-health-insurance-can-surviv/
Mike Pence,"May 12, 2009","The Democrats propose ""a government-controlled health care plan that will deprive roughly 120 million Americans of their current health care coverage.""",false,e-mail,National; Health Care,Angie Drobnic Holan,"May 19, 2009",https://www.politifact.com/factchecks/2009/may/19/mike-pence/120-million-deprived-health-care-not-correct/
Roy Blunt,"May 14, 2009","""Democrats have failed to answer the most basic question of how they want to pay for the more than $1 trillion of health care spending.""",mostly-true,news release,National; Health Care,Angie Drobnic Holan,"May 19, 2009",https://www.politifact.com/factchecks/2009/may/19/roy-blunt/democrats-still-pondering-how-pay-healthcare/
Conservatives for Patients' Rights,"April 27, 2009","The economic stimulus bill created a council that's ""modeled after the national board that controls Britain’s health system.""",mostly-false,television ad,National; Health Care; Stimulus,Angie Drobnic Holan,"May 11, 2009",https://www.politifact.com/factchecks/2009/may/11/conservatives-patients-rights/health-board-stimulus-bill-not-meant-imitate-brita/
Joe Biden,"April 30, 2009","""When one person sneezes, it goes all the way through the aircraft.""",pants-fire,"interview on ""The Today Show""",National; Health Care; Transportation,Angie Drobnic Holan,"May 4, 2009",https://www.politifact.com/factchecks/2009/may/04/joe-biden/biden-wrong-way-germs-travel-through-aircraft/
Michele Bachmann,"April 27, 2009","In the 1970s, ""the swine flu broke out . . . under another Democrat, President Jimmy Carter.""",pants-fire,interview with Pajamas Media.,National; Health Care,Bill Adair,"April 30, 2009",https://www.politifact.com/factchecks/2009/apr/30/michele-bachmann/michele-bachmann-wrong-70s-swine-flu-broke-our-/
Barack Obama,"April 29, 2009","Washing your hands and covering your mouth when you cough ""makes a huge difference"" in reducing transmission of the flu.",true,press conference,National; Health Care,Angie Drobnic Holan,"April 30, 2009",https://www.politifact.com/factchecks/2009/apr/30/barack-obama/studies-show-hand-washing-reduces-disease/
Chain email,"April 2, 2009","Claims that former Sen. Tom Daschle said, ""Seniors should be more accepting of the conditions that come with age instead of treating them.""",false,chain e-mail.,National; Health Care,Robert Farley,"April 3, 2009",https://www.politifact.com/factchecks/2009/apr/03/chain-email/daschle-didnt-say-seniors-seniors-should-accept-ra/
Barack Obama,"March 5, 2009","""Teddy Roosevelt first called for (health care) reform nearly a century ago.""",true,White House conference on health care.,National; Health Care,Alexander Lane,"March 5, 2009",https://www.politifact.com/factchecks/2009/mar/05/barack-obama/Obama-goes-back-to-his-Republican-roots-on-health-/
Tom Coburn,"March 4, 2009","""Under the Obama plan . . . all the health care in this country is eventually going to  be run by the government.""",false,interview on the Fox News Channel.,National; Health Care,Angie Drobnic Holan,"March 5, 2009",https://www.politifact.com/factchecks/2009/mar/05/tom-coburn/obama-health-plan-does-not-include-government-run-/
Howard Dean,"January 7, 2009","""The biggest job of the surgeon general is to translate health care and health care needs into plain English.""",half-true,interview on MSNBC's Hardball.,National; Health Care,Alexander Lane,"January 14, 2009",https://www.politifact.com/factchecks/2009/jan/14/howard-dean/surgeon-general-spokesman-public-health/
Barack Obama,"October 17, 2008","""Senator McCain would pay for part of his (health care) plan by making drastic cuts in Medicare — $882-billion worth.""",false,speech,National; Health Care,Adriel Bettelheim,"December 3, 2008",https://www.politifact.com/factchecks/2008/dec/03/barack-obama/obama-knows-mccains-intentions-better-than-mccain/
Barack Obama,"October 29, 2008","Measures in Barack Obama's health plan could ""lower health care costs for the typical family by $2,500 a year.""",half-true,a television ad,National; Health Care,Angie Drobnic Holan,"October 30, 2008",https://www.politifact.com/factchecks/2008/oct/30/barack-obama/savings-projection-is-best-case-scenario/
Planned Parenthood,"October 24, 2008","John McCain's health care plan ""won't guarantee coverage of cancer screenings or maternity care.""",true,TV ad,National; Health Care,Angie Drobnic Holan,"October 27, 2008",https://www.politifact.com/factchecks/2008/oct/27/planned-parenthood/few-guarantees-in-mccains-plan/
John McCain,"October 26, 2008","If parents ""don't have health insurance that Senator Obama wants them to have (for their children), they will be fined.""",half-true,"Waterloo, Iowa",National; Health Care,Angie Drobnic Holan,"October 26, 2008",https://www.politifact.com/factchecks/2008/oct/26/john-mccain/fines-are-possible-but-for-uninsured/
Barack Obama,"October 15, 2008","Medicare spends ""$15-billion a year on subsidies to insurance companies.""",true,debate,National; Health Care,Robert Farley,"October 17, 2008",https://www.politifact.com/factchecks/2008/oct/17/barack-obama/thats-a-fair-estimate/
Barack Obama,"October 15, 2008","Under John McCain's health care plan, people get a $5,000 tax credit to buy a $12,000 health care policy, and ""that's a loss for you.""",false,debate,National; Health Care,Angie Drobnic Holan,"October 15, 2008",https://www.politifact.com/factchecks/2008/oct/15/barack-obama/a-major-distortion-on-mccains-policy/
John McCain,"October 15, 2008","If you're a small business and don't ""adopt the health care plan that Senator Obama mandates, he's going to fine you.""",false,debate,National; Health Care,Angie Drobnic Holan,"October 15, 2008",https://www.politifact.com/factchecks/2008/oct/15/john-mccain/small-businesses-are-exempt/
Barack Obama,"October 7, 2008","Under Barack Obama's health care proposal, ""if you've got a health care plan that you like, you can keep it.""",true,debate,National; Health Care,Angie Drobnic Holan,"October 9, 2008",https://www.politifact.com/factchecks/2008/oct/09/barack-obama/obamas-plan-expands-existing-system/
John McCain,"October 7, 2008","""I want to give every American a $5,000 refundable tax credit.""",half-true,debate,National; Health Care,Angie Drobnic Holan,"October 9, 2008",https://www.politifact.com/factchecks/2008/oct/09/john-mccain/5000-for-couples-but-half-that-for-every-american/
John McCain,"October 7, 2008","Barack Obama's plan calls for ""mandates and fines for small businesses.""",false,debate,National; Health Care,Angie Drobnic Holan,"October 8, 2008",https://www.politifact.com/factchecks/2008/oct/08/john-mccain/small-businesses-exempt-from-obamas-plan/
Barack Obama,"October 3, 2008","John McCain's health care plan ""leaves you on your own to pay McCain’s health insurance tax.""",mostly-false,a television ad,National; Health Care,Angie Drobnic Holan,"October 3, 2008",https://www.politifact.com/factchecks/2008/oct/03/barack-obama/health-care-ad-is-right----until-the-end/
Sarah Palin,"October 2, 2008","Barack Obama's health care plan is ""to mandate health care coverage and have a universal government-run program.""",mostly-false,St. Louis,National; Health Care,Angie Drobnic Holan,"October 2, 2008",https://www.politifact.com/factchecks/2008/oct/02/sarah-palin/obamas-plan-does-not-call-for-government-run-healt/
Barack Obama,"September 16, 2008","McCain ""has opposed stem cell research.""",false,radio ad,National; Health Care,Robert Farley,"September 24, 2008",https://www.politifact.com/factchecks/2008/sep/24/barack-obama/obama-ad-distorts-mccains-stem-cell-position/
Barack Obama,"September 22, 2008","John McCain would ""reduce oversight of health insurance.""",half-true,TV ad.,National; Health Care,Adriel Bettelheim,"September 22, 2008",https://www.politifact.com/factchecks/2008/sep/22/barack-obama/forecasting-another-market-collapse/
John McCain,"September 8, 2008","John McCain ""took on the drug industry.""",mostly-true,TV ad,National; Health Care,Adriel Bettelheim,"September 9, 2008",https://www.politifact.com/factchecks/2008/sep/09/john-mccain/he-butted-heads-with-big-pharma/
Democratic National Committee,"August 13, 2008","""Less than four cents of every health care dollar is spent on prevention and public health.""",true,Democratic Party platform,National; Health Care,Bart Jansen,"August 26, 2008",https://www.politifact.com/factchecks/2008/aug/26/democratic-national-committee/yes-only-an-ounce-on-prevention/
Democratic National Committee,"August 13, 2008","""We spend more on health care than any other country, but we're ranked 47th in life expectancy and 43rd in child mortality.""",true,Democratic Party platform,National; Health Care,Seth Stern,"August 25, 2008",https://www.politifact.com/factchecks/2008/aug/25/democratic-national-committee/us-spends-more-on-health-care-not-necessarily-heal/
John McCain,"July 7, 2008","""There are many health insurance plans that will cover Viagra but won't cover birth-control medication.""",mostly-false,remarks to reporters by campaign adviser Carly Fiorina,National; Health Care,Kris Hundley,"July 16, 2008",https://www.politifact.com/factchecks/2008/jul/16/john-mccain/27-states-mandate-equitable-coverage/
John McCain,"April 28, 2008","""We spend a staggering amount of money on health care — over $2-trillion and almost twice as much as any other country per person.""",half-true,campaign stop at Miami children's hospital,National; Health Care,Adriel Bettelheim,"May 8, 2008",https://www.politifact.com/factchecks/2008/may/08/john-mccain/first-in-health-spending-but-not-far-ahead/
Barack Obama,"April 18, 2008","""More people without health care since George Bush took office; more children in poverty since George Bush took office.""",mostly-true,campaign speech,National; Health Care,Adriel Bettelheim,"May 8, 2008",https://www.politifact.com/factchecks/2008/may/08/barack-obama/more-uninsured-but-blame-skewed/
Florida Consumer Action Network,"April 29, 2008","""For what we spend in just one week in Iraq, 800,000 children could get health insurance for an entire year.""",mostly-true,press conference,National; Health Care,Janet Zink,"May 7, 2008",https://www.politifact.com/factchecks/2008/may/07/florida-consumer-action-network/that-money-could-insure-twice-as-many-kids/
Hillary Clinton,"April 29, 2008","Every family health insurance policy has ""a $900 hidden tax"" to subsidize health care costs of the uninsured.",true,"South Bend, Ind.",National; Health Care,Robert Farley,"May 2, 2008",https://www.politifact.com/factchecks/2008/may/02/hillary-clinton/a-reasonable-estimate-for-uninsured-costs/
Barack Obama,"April 18, 2008","Hillary Clinton is ""willing to have workers' wages garnisheed if they refuse to buy health insurance.""",half-true,television ad,National; Health Care; Workers,Angie Drobnic Holan,"April 21, 2008",https://www.politifact.com/factchecks/2008/apr/21/barack-obama/her-mandate-doesnt-mention-garnishment/
Hillary Clinton,"April 20, 2008","Barack Obama's health care plan ""will cost taxpayers $1,700 more to cover each new person.""",mostly-false,a television ad,National; Health Care,Angie Drobnic Holan,"April 21, 2008",https://www.politifact.com/factchecks/2008/apr/21/hillary-clinton/hard-numbers-are-just-guess-timates/
MoveOn.org,"April 5, 2008","""The Children's Defense Fund rated McCain as the worst senator in Congress for children.""",true,e-mail message,National; Health Care,Angie Drobnic Holan,"April 8, 2008",https://www.politifact.com/factchecks/2008/apr/08/moveon/mccain-often-absent-on-childrens-issues/
Campaign to Defend America,"March 5, 2008","John McCain and George Bush have ""absolutely no plan for universal health care.""",true,television ad,National; Health Care,Angie Drobnic Holan,"March 17, 2008",https://www.politifact.com/factchecks/2008/mar/17/campaign-defend-america/no-mandate-no-universal-care/
Hillary Clinton,"February 28, 2008","Obama ""only wants your children to have health insurance.""",false,campaign event,National; Health Care,Bill Adair,"February 29, 2008",https://www.politifact.com/factchecks/2008/feb/29/hillary-clinton/his-plan-includes-adults/
Barack Obama,"February 26, 2008","A mailer from the Obama campaign ""accurately indicates"" that Hillary Clinton would ""force uninsured people to buy insurance, even if they can't afford it.""",half-true,"Cleveland, Ohio",National; Health Care,Angie Drobnic Holan,"February 27, 2008",https://www.politifact.com/factchecks/2008/feb/27/barack-obama/force-yes-but-she-wants-it-affordable/
Barack Obama,"February 21, 2008","""As has been noted by many observers, including Bill Clinton's former secretary of labor, my plan does more than anybody to reduce costs.""",false,"Austin, Texas",National; Health Care,Angie Drobnic Holan,"February 22, 2008",https://www.politifact.com/factchecks/2008/feb/22/barack-obama/experts-rate-dem-plans-about-the-same/
Hillary Clinton,"February 13, 2008","Hillary Clinton ""has the only health care plan that covers every American.""",true,a television ad,National; Health Care,Angie Drobnic Holan,"February 13, 2008",https://www.politifact.com/factchecks/2008/feb/13/hillary-clinton/clinton-stands-alone-on-health-care-mandate/
John McCain,"January 30, 2008","Romney left Massachusetts ""with a $245-million debt because of the big government-mandated health care system.""",mostly-false,debate,National; Health Care,Robert Farley,"January 31, 2008",https://www.politifact.com/factchecks/2008/jan/31/john-mccain/more-costly-than-expected-but-no-debt/
Mitt Romney,"January 5, 2008","Barack Obama ""wants the government to take over health care, spend hundreds of billions of dollars of new money for health insurance for everyone.""",mostly-false,debate,National; Health Care,Angie Drobnic Holan,"January 6, 2008",https://www.politifact.com/factchecks/2008/jan/06/mitt-romney/obama-plan-not-a-takeover/
Hillary Clinton,"January 5, 2008","""There are 7,000 kids in New Hampshire who have health care because I helped to create the Children's Health Insurance Program.""",true,debate,National; Health Care,Angie Drobnic Holan,"January 6, 2008",https://www.politifact.com/factchecks/2008/jan/06/hillary-clinton/clinton-promoted-childrens-health-care/
Barack Obama,"December 13, 2007","""If we went back to the obesity rates that existed in 1980, that would save the Medicare system a trillion dollars.""",false,"Johnston, Iowa",National; Health Care,Angie Drobnic Holan,"December 17, 2007",https://www.politifact.com/factchecks/2007/dec/17/barack-obama/a-trillion-is-too-much/
Hillary Clinton,"November 15, 2007","Barack Obama's health care plan ""would leave 15-million Americans out.""",half-true,"Las Vegas, Nev.",National; Health Care,Angie Drobnic Holan,"December 3, 2007",https://www.politifact.com/factchecks/2007/dec/03/hillary-clinton/15-million-is-okay-guess-but-not-a-fact/
Barack Obama,"November 15, 2007","""I do provide universal health care.""",mostly-false,"Las Vegas, Nev.",National; Health Care,Angie Drobnic Holan,"December 3, 2007",https://www.politifact.com/factchecks/2007/dec/03/barack-obama/he-says-universal-but-its-no-guarantee/
Hillary Clinton,"November 15, 2007","Barack Obama's health care plan ""would leave 15 million Americans out.""",half-true,"Las Vegas, Nev.",National; Health Care,Angie Drobnic Holan,"November 26, 2007",https://www.politifact.com/factchecks/2007/nov/26/hillary-clinton/obamas-plan-would-leave-out-some-but-nobody-knows-/
Barack Obama,"November 15, 2007","Obama says his health care plan is ""universal.""",mostly-false,"Las Vegas, Nev.",National; Health Care,Angie Drobnic Holan,"November 26, 2007",https://www.politifact.com/factchecks/2007/nov/26/barack-obama/no-mandate-makes-universal-claim-tough/
Hillary Clinton,"November 15, 2007","""When Sen. Edwards ran in 2004, he wasn't for universal health care. I'm glad he is now.""",true,Las Vegas,National; Health Care,Angie Drobnic Holan,"November 15, 2007",https://www.politifact.com/factchecks/2007/nov/15/hillary-clinton/edwards-was-worried-about-cost/
Hillary Clinton,"October 30, 2007","""All of the records, as far as I know, about what we did with health care, those are already available.""",mostly-false,Philadelphia,National; Health Care,Angie Drobnic Holan,"November 10, 2007",https://www.politifact.com/factchecks/2007/nov/10/hillary-clinton/not-all-records-are-available/
John Edwards,"November 12, 2007","Edwards says if Congress won't pass universal health care, he'll tell Congress: ""I'm going to use my power as president to take your health care away from you.""",pants-fire,TV ad,National; Health Care,Angie Drobnic Holan,"November 7, 2007",https://www.politifact.com/factchecks/2007/nov/07/john-edwards/prez-cant-snatch-congress-health-care/
Rudy Giuliani,,"""I had prostate cancer, five, six years ago. My chance of surviving prostate cancer, and thank God I was cured of it, in the United States, 82%. My chances of surviving prostate cancer in England, only 44% under socialized medicine.""",false,,National; Health Care,Lisa Greene,"October 31, 2007",https://www.politifact.com/factchecks/2007/oct/31/rudy-giuliani/wrong-numbers-off-point/
Duncan Hunter,"August 5, 2007","""This (SCHIP) is socialized medicine. It is going to go to families that make $60,000 a year. Those aren't poor children.""",true,"Des Moines, Iowa",National; Health Care,Sasha Bartolf,"October 15, 2007",https://www.politifact.com/factchecks/2007/oct/15/duncan-hunter/hunter-schip-estimate-on-target/
Joe Biden,,"""With one stroke of his pen, President Bush has denied health insurance to 3.8 million kids who were due to get it under this bipartisan expansion of the Children's Health Insurance Program.""",true,,National; Health Care,David Baumann,"October 15, 2007",https://www.politifact.com/factchecks/2007/oct/15/joe-biden/biden-right-on-schip/
John McCain,"October 9, 2007","""Another one he should veto is the SCHIP program, which he should say 'Take the C out of, because now it's for everybody, like every other entitlement program.'""",false,"Dearborn, Mich.",National; Health Care,David Baumann,"October 15, 2007",https://www.politifact.com/factchecks/2007/oct/15/john-mccain/mccain-trips-on-word-everybody/
Chris Dodd,,"""With the resources it takes to execute just over three months of the Iraq war, we could fully fund the expansion of health care for needy children that Bush vetoed.""",mostly-true,,National; Health Care,David Baumann,"October 15, 2007",https://www.politifact.com/factchecks/2007/oct/15/chris-dodd/dodd-off-by-5-billion-on-guns-and-butter/
Hillary Clinton,"October 4, 2007","""She stood by ground zero workers who sacrificed their health after so many sacrificed their lives and kept standing till this administration took action.""",true,television ad,National; Health Care,Angie Drobnic Holan,"October 9, 2007",https://www.politifact.com/factchecks/2007/oct/09/hillary-clinton/shes-been-active-on-issues-for-911-workers/
Hillary Clinton,"October 4, 2007","""Hillary stood up for universal health care when almost no one else would, and kept standing till 6-million kids had coverage.""",half-true,TV ad airing,National; Health Care,Wes Allison,"October 8, 2007",https://www.politifact.com/factchecks/2007/oct/08/hillary-clinton/standing-up-but-not-alone-/
Mike Huckabee,,"""The reality is, with a $2 trillion-a-year health care budget, we're spending more on health care, nearly 17 percent of our gross domestic product, versus 3.8 percent of GDP on the entire military budget.""",mostly-false,,National; Health Care,Michael Van Sickler,"October 5, 2007",https://www.politifact.com/factchecks/2007/oct/05/mike-huckabee/apples-and-oranges/
John Edwards,"September 26, 2007","""I was the first presidential candidate to lay out a specific, truly universal health care plan.""",false,"Hanover, N.H.",National; Health Care,Angie Drobnic Holan,"October 4, 2007",https://www.politifact.com/factchecks/2007/oct/04/john-edwards/edwards-forgets-kucinich/
Joe Biden,"September 26, 2007","""There are 300,000 babies born deformed every year in this country because of women who are alcoholics while they're carrying those children to term.""",false,"Hanover, N.H.",National; Health Care,Angie Drobnic Holan,"September 27, 2007",https://www.politifact.com/factchecks/2007/sep/27/joe-biden/biden-way-off-on-alcohol-related-birth-defects/
Barack Obama,,"Obama ""won health care for 150,000 people.""",true,,National; Health Care,Angie Drobnic Holan,"September 20, 2007",https://www.politifact.com/factchecks/2007/sep/20/barack-obama/making-more-families-eligible-expanded-coverage/
Hillary Clinton,"September 17, 2007","Half of all personal bankruptcies in America ""are caused by medical bills.""",mostly-true,speech,National; Health Care,Angie Drobnic Holan,"September 18, 2007",https://www.politifact.com/factchecks/2007/sep/18/hillary-clinton/a-broad-definition-of-medical-bills/
Rudy Giuliani,"September 17, 2007","""What they will do is socialized medicine.""",false,comment to reporters,National; Health Care,Kris Hundley,"September 18, 2007",https://www.politifact.com/factchecks/2007/sep/18/rudy-giuliani/pure-hyperbole/
Hillary Clinton,"September 17, 2007","Her health care plan will cost $110-billion in the first year, which can be paid for with savings.",half-true,speech,National; Health Care,Kris Hundley,"September 18, 2007",https://www.politifact.com/factchecks/2007/sep/18/hillary-clinton/optimistic-math/
Hillary Clinton,"September 17, 2007","""Each year, 18,000 people die in America because they don't have health care.""",true,speech,National; Health Care,Angie Drobnic Holan,"September 18, 2007",https://www.politifact.com/factchecks/2007/sep/18/hillary-clinton/indeed-uninsured-people-have-higher-mortality-rate/
Hillary Clinton,"September 17, 2007","Health insurance premiums ""have almost doubled ... since 2000.""",true,speech,National; Health Care,Angie Drobnic Holan,"September 15, 2007",https://www.politifact.com/factchecks/2007/sep/15/hillary-clinton/studies-confirm-premiums-are-up-98-percent/
