statement_originator,statement_date,statement,verdict,statement_source,tags,factchecker,factcheck_date,factcheck_analysis_link
JD Vance,"January 22, 2026","""Right now we're focused on Minneapolis because that's where we have the highest concentration of people who have violated our immigration laws.""",false,press conference,Immigration; National,Amy Sherman,"January 28, 2026",https://www.politifact.com/factchecks/2026/jan/28/jd-vance/why-ice-in-Minneapolis-immigration-population/
Donald Trump,"January 21, 2026",Protesters against the federal immigration crackdown in Minnesota are conducting “fake protests done by agitators and professional insurrectionists. …They're professional troublemakers.”,false,speech,Immigration,Maria Briceño,"January 26, 2026",https://www.politifact.com/factchecks/2026/jan/26/donald-trump/Trump-paid-protesters-ICE-Minnesota-Minneapolis/
Social Media,"January 25, 2026",Evan Kilgore is one of the Border Patrol agents who shot Alex Pretti in Minneapolis.,pants-fire,posts,Immigration,Loreben Tuquero,"January 26, 2026",https://www.politifact.com/factchecks/2026/jan/26/social-media/evan-kilgore-minneapolis-alex-pretti/
Social Media,"January 24, 2026","Donald Trump posted on Truth Social, “Only criminals carry guns on our streets, we need law and order.”",pants-fire,posts,Immigration; National; Guns,Maria Briceño,"January 26, 2026",https://www.politifact.com/factchecks/2026/jan/26/social-media/Trump-Truth-Social-post-fake-guns-Minneapolis/
Social Media,"January 11, 2026",A document shows Minnesota shooting victim Renee Good had a record of child abuse.,false,social media posts,Immigration; Crime,Loreben Tuquero,"January 12, 2026",https://www.politifact.com/factchecks/2026/jan/12/social-media/renee-nicole-good-criminal-record/
Mark Warner,"January 11, 2026",“They are not getting the traditional five months training. … The training for the ICE agents now is 47 days.”,mostly-true,interview,Immigration; National; Criminal Justice,Madison Czopek,"January 12, 2026",https://www.politifact.com/factchecks/2026/jan/12/mark-warner/ICE-training-requirements-Trump-Minneapolis/
Ron DeSantis,"January 5, 2026",Venezuelan leader Nicolás Maduro “was releasing people from his prisons and sending them to our southern border under the Biden administration.”,false,press conference,Immigration; Crime; Florida; Venezuela,Samantha Putterman,"January 7, 2026",https://www.politifact.com/factchecks/2026/jan/07/ron-desantis/maduro-freed-venuzuela-prisoners-us-border/
Tricia McLaughlin,"November 17, 2025","“There’s about 1,400 criminal illegal aliens that, right now, are in North Carolina and Charlotte’s jails that they refuse to turn over to ICE law enforcement.”",false,interview posted to X,Immigration; North Carolina,Paul Specht,"November 24, 2025",https://www.politifact.com/factchecks/2025/nov/24/tricia-mclaughlin/no-nc-jails-arent-refusing-to-turn-inmates-over-to/
JD Vance,"November 13, 2025",Housing is expensive “because we flooded the country with 30 million illegal immigrants” and because of a housing shortage.,mostly-false,interview,Immigration; National; Housing,Samantha Putterman,"November 20, 2025",https://www.politifact.com/factchecks/2025/nov/20/jd-vance/housing-affordability-supply-illegal-immigrants/
X posts,"October 28, 2025",The majority of Supplemental Nutrition Assistance Program recipients are not U.S. citizens.,false,X posts,Immigration; Federal Budget; Food,Loreben Tuquero,"November 3, 2025",https://www.politifact.com/factchecks/2025/nov/03/tweets/SNAP-recipients-american-citizens/
Kristi Noem,"October 30, 2025",“No American citizens have been arrested or detained” during the Trump administration’s immigration crackdowns.,pants-fire,press conference,Immigration; National; Illinois,Nick Karmia,"October 31, 2025",https://www.politifact.com/factchecks/2025/oct/31/kristi-noem/immigration-ICE-arrest-US-citizen-Chicago/
Stephen Miller,"October 24, 2025","“To all ICE officers, you have federal immunity in the conduct of your duties.”",mostly-false,interview,Immigration; Corrections and Updates; Legal Issues; Illinois,Maria Ramirez Uribe,"October 29, 2025",https://www.politifact.com/factchecks/2025/oct/29/stephen-miller/ICE-agent-immigration-raids-legal-immunity/
Mike Johnson,"October 5, 2025","“As a condition for ending the Democrat shutdown, Democrats want hospitals (to be) paid MORE to treat illegal aliens than American citizens.”",false,X post,Immigration; National; Health Care,Maria Ramirez Uribe,"October 9, 2025",https://www.politifact.com/factchecks/2025/oct/09/mike-johnson/Shutdown-Medicaid-illegal-immigrants-Democrats/
X posts,"October 5, 2025",“Coca-Cola CEO drops bombshell ultimatum to NFL — pull Bad Bunny from Super Bowl halftime or lose our $100 (million) sponsorship!”,pants-fire,X post,Immigration; Pop Culture; Sports,Maria Briceño,"October 9, 2025",https://www.politifact.com/factchecks/2025/oct/09/tweets/Bad-Bunny-Coca-Cola-Super-Bowl-NFL-sponsorship/
Donald Trump,"October 5, 2025",“Portland is burning to the ground.”,false,statement to the media,Immigration; National; Fires; Crime,Maria Briceño,"October 7, 2025",https://www.politifact.com/factchecks/2025/oct/07/donald-trump/Portland-ICE-arrest-burning-ground/
X posts,"September 19, 2025","Thirty percent of U.S. medical residents are international medical graduates, and 10,000 of 43,000 residency spots are filled by H-1B visa holders.",half-true,X post,Immigration; National; Economy; Health Care; Labor,Maria Briceño,"October 2, 2025",https://www.politifact.com/factchecks/2025/oct/02/tweets/H-1B-visas-medical-residents-us-100000/
JD Vance,"September 28, 2025",“Democrats are threatening to shut down the entire government because they want to give hundreds of billions of dollars of health care benefits to illegal aliens.”,false,interview,Immigration; National; Health Care,Maria Ramirez Uribe,"October 1, 2025",https://www.politifact.com/factchecks/2025/oct/01/jd-vance/government-shutdown-Democrats-immigrant-healthcare/
Kristi Noem,"August 19, 2025","U.S. Bureau of Labor Statistics statistics show, “We have 1.6 million illegal aliens that have gone home voluntarily.”",half-true,press conference,Immigration; Border Security; Census,Maria Ramirez Uribe,"September 2, 2025",https://www.politifact.com/factchecks/2025/sep/02/kristi-noem/immigrant-population-drop-1-6-million/
James Uthmeier,"August 24, 2025",The U.S. Census included a citizenship question “for over 150 years” before the Obama administration.,false,X post,Immigration; National; Census; Florida,Samantha Putterman,"September 2, 2025",https://www.politifact.com/factchecks/2025/sep/02/james-uthmeier/florida-attorney-general-james-uthmeier-gets-histo/
Donald Trump,"August 4, 2025",“Promises kept: negative net migration (in the U.S.) for the first time in 50 years!”,mostly-false,post on Truth Social,Immigration; National; Census,Maria Ramirez Uribe,"August 8, 2025",https://www.politifact.com/factchecks/2025/aug/08/donald-trump/negative-net-migration-US-economic-impact/
John Blust,"June 13, 2025",“Democrats have 24 more seats (in Congress) than they would have if illegal aliens were not counted in the census.”,false,email,Immigration; Census; Congress; North Carolina,Paul Specht,"August 7, 2025",https://www.politifact.com/factchecks/2025/aug/07/john-blust/the-us-census-counts-noncitizens-did-that-give-dem/
Threads posts,"July 28, 2025","“Home Depot signed a deal that pays them $250 million with DHS, allowing ICE agents to stake out their parking lots and arrest immigrants.”",false,Threads post,Immigration; Corporations,Maria Briceño,"August 5, 2025",https://www.politifact.com/factchecks/2025/aug/05/threads-posts/HomeDepot-immigration-250m-deal-DHS-ICE/
TikTok posts,"June 30, 2025","""People tracking the ICE deportation flights have found” the agency is throwing migrants into the middle of the ocean.",pants-fire,TikTok post,Immigration; Corrections and Updates,Maria Briceño,"July 15, 2025",https://www.politifact.com/factchecks/2025/jul/15/tiktok-posts/ICE-deportation-flights-ocean/
X posts,"July 12, 2025","The Kerr County, Texas, sheriff “said he would apply for a green card for the Mexican rescue team that saved his family.”",false,X post,Immigration; Natural Disasters; Texas,Maria Briceño,"July 14, 2025",https://www.politifact.com/factchecks/2025/jul/14/tweets/Floods-Kerr-County-Sheriff-Mexican-rescuers-green-/
Ron DeSantis,"June 27, 2025",There is “zero impact” from Alligator Alcatraz on the Florida Everglades.,false,press briefing,Environment; Immigration; Florida,Gabrielle Lazor,"July 11, 2025",https://www.politifact.com/factchecks/2025/jul/11/ron-desantis/ron-desantis-claims-zero-environmental-impact-that/
Jon Favreau,"July 8, 2025","“ICE will now become the country’s largest federal law enforcement agency, bigger than the FBI, bigger than the DEA.”",mostly-true,Pod Save America,Immigration; National; Federal Budget,Amy Sherman,"July 11, 2025",https://www.politifact.com/factchecks/2025/jul/11/jon-favreau/ICE-FBI-bill-Donald-Trump-largest/
TikTok posts,"June 28, 2025",President Donald Trump signed an executive order for “a total border shutdown with no set reopening date” on July 1.,false,TikTok post,Immigration; Border Security,Maria Briceño,"July 2, 2025",https://www.politifact.com/factchecks/2025/jul/02/tiktok-posts/Trump-closing-border-executive-order-july/
TikTok posts,"June 24, 2025","A new “community recognition” law allows people to apply for “permanent residency directly, quickly, and without leaving the country” if they have “resided continuously in the United States for at least seven years, regardless of their current immigration status.”",false,TikTok post,Immigration,Maria Briceño,"July 1, 2025",https://www.politifact.com/factchecks/2025/jul/01/tiktok-posts/permanent-residency-law-community-recognition/
Occupy Democrats,"June 11, 2025","""Undocumented immigrants paid more taxes last year than Amazon, GM, IBM & Netflix combined.""",mostly-true,Facebook post,Immigration; Taxes,Ella Moore,"June 27, 2025",https://www.politifact.com/factchecks/2025/jun/27/occupy-democrats/do-people-in-the-us-illegally-pay-more-taxes-than/
Social Media,"June 24, 2025",“The tow truck drivers in Los Angeles are quickly towing ICE vehicles improperly parked!”,pants-fire,X post,Immigration; National,Gabrielle Lazor,"June 26, 2025",https://www.politifact.com/factchecks/2025/jun/26/social-media/la-tow-truck-drivers-are-not-towing-ice-vehicles-t/
Rick Scott,"June 8, 2025","Four million more people live in Florida, but New York gets $20 billion more for Medicaid, because it covers illegal immigrants and adults without chronic illness.",mostly-false,television interview,Immigration; Health Care; Medicaid; State Budget; Florida; New York,Jill Terreri Ramos,"June 22, 2025",https://www.politifact.com/factchecks/2025/jun/22/rick-scott/federal-funds-are-not-used-to-enroll-undocumented/
Instagram posts,"June 6, 2025",Immigration and Customs Enforcement agents raided Los Angeles' Gratts Learning Academy during a June graduation ceremony.,false,video,Immigration; Education,Ella Moore,"June 13, 2025",https://www.politifact.com/factchecks/2025/jun/13/instagram-posts/video-los-angeles-ICE-raids-school/
TikTok posts,"June 9, 2025",Craigslist ad was “recruiting people for LA ‘protests.’”,false,video,Immigration; California,Maria Briceño,"June 12, 2025",https://www.politifact.com/factchecks/2025/jun/12/tiktok-posts/craigslist-ad-wasnt-recruiting-paid-protesters-in/
Facebook posts,"June 8, 2025",“BREAKING: Rep. Maxine Waters calls for the United States to grant citizenship to every undocumented protester in Los Angeles” 2025 protests.,false,Facebook post,Immigration; California,Maria Briceño,"June 9, 2025",https://www.politifact.com/factchecks/2025/jun/09/facebook-posts/maxine-waters-citizenship-protesters-LA/
Donald Trump,"May 25, 2025",Harvard University “refuse(s) to tell us” who its international students are.,false,press gaggle,Immigration; National; Education,Maria Ramirez Uribe,"May 28, 2025",https://www.politifact.com/factchecks/2025/may/28/donald-trump/Harvard-University-international-students-report/
Stephen Miller,"May 9, 2025","The Immigration and Nationality Act “stripped Article III courts, that's the judicial branch, of jurisdiction over immigration cases.”",false,interview,Immigration; National; Legal Issues,Maria Ramirez Uribe,"May 15, 2025",https://www.politifact.com/factchecks/2025/may/15/stephen-miller/trump-courts-jurisdiction-immigration-Temporary-Pr/
Social Media,"April 30, 2025","“In 1996, Congress specifically authorized the executive branch to conduct non-judicial deportations NOT SUBJECT TO DUE PROCESS.”",false,Facebook post,Immigration; Border Security; Legal Issues,Maria Ramirez Uribe,"May 12, 2025",https://www.politifact.com/factchecks/2025/may/12/social-media/Immigrants-due-process-rights-Bill-Clinton-1996/
Donald Trump,"April 29, 2025","“If people come into our country illegally, there’s a different standard” for due process.",false,interview,Immigration; National; Legal Issues; Supreme Court,Maria Ramirez Uribe,"May 8, 2025",https://www.politifact.com/factchecks/2025/may/08/donald-trump/Donald-Trump-immigrants-illegal-due-process-rights/
Eric Swalwell,"April 30, 2025","""Republicans just voted in the House Judiciary Committee to allow Trump to DEPORT U.S. citizens to a foreign country.""",mostly-false,post on X,Immigration; Legal Issues,Louis Jacobson,"May 6, 2025",https://www.politifact.com/factchecks/2025/may/06/eric-swalwell/democrats-mislead-judiciary-vote-deport-citizens/
Donald Trump,"April 29, 2025",Kilmar Armando Abrego Garcia “had ‘MS-13’ on his knuckles tattooed. … He had ‘MS’ as clear as you can be. Not 'interpreted.’”,pants-fire,interview with ABC News,Immigration; Criminal Justice,Louis Jacobson,"April 30, 2025",https://www.politifact.com/factchecks/2025/apr/30/donald-trump/trump-abrego-garcia-hand-tattoos-abc-news/
X posts,"April 13, 2025","Arizona Democrats “needed a lawsuit to force them to remove 50,000 noncitizens from voter rolls.”",false,post on X,Immigration; Elections; Arizona,Madison Czopek,"April 18, 2025",https://www.politifact.com/factchecks/2025/apr/18/tweets/Arizona-settlement-remove-noncitizen-voter-rolls/
Byron Donalds,"April 10, 2025","Under the SAVE Act, “as long as you have a Real ID … it should be easy for you to register to vote.”",mostly-false,NewsNation interview,Immigration; Elections,Grace Abels,"April 18, 2025",https://www.politifact.com/factchecks/2025/apr/18/byron-donalds/can-voters-use-real-id-to-vote-under-save-act/
JD Vance,"April 1, 2025",Kilmar Armando Abrego Garcia “was a convicted MS-13 gang member.”,false,post on X,Immigration; Criminal Justice; Legal Issues,Louis Jacobson,"April 2, 2025",https://www.politifact.com/factchecks/2025/apr/02/jd-vance/jd-vance-falsely-says-maryland-man-deported-to/
Elon Musk,"February 20, 2025",President Joe Biden’s immigration policy was “a giant voter importation scam.”,pants-fire,speech at CPAC,Immigration; National; Elections,Maria Ramirez Uribe,"February 21, 2025",https://www.politifact.com/factchecks/2025/feb/21/elon-musk/fact-check-elon-musk-cpac-bidens-immigration-polic/
Social Media,"February 18, 2025",“An ICE minivan was reportedly set on fire in Philadelphia.”,false,social media posts,Immigration; Fires; Transportation; Pennsylvania,Sofia Ahmed,"February 19, 2025",https://www.politifact.com/factchecks/2025/feb/19/social-media/an-ice-van-in-philadelphia-wasnt-intentionally-set/
TikTok posts,"February 11, 2025","Under the SAVE Act, “if you are a woman that has changed your name from your birth certificate, let’s say through marriage … you are no longer eligible to vote.”",mostly-false,TikTok post,Immigration; Voter ID Laws,Caleb McCullough,"February 17, 2025",https://www.politifact.com/factchecks/2025/feb/17/tiktok-posts/save-act-would-make-it-harder-not-impossible-for-m/
Elon Musk,"February 10, 2025",“FEMA sent $59M LAST WEEK to luxury hotels in New York City to house illegal migrants… That money is meant for American disaster relief.”,false,X post,Immigration; National; Congress; DOGE,Maria Ramirez Uribe,"February 14, 2025",https://www.politifact.com/factchecks/2025/feb/14/elon-musk/fema-did-not-give-disaster-relief-money-to-new-yor/
Instagram posts,"February 7, 2025",Coca-Cola “sells out its own workers to ICE.”,false,Instagram post,Immigration; Corporations; Facebook Fact-checks,Maria Briceño,"February 13, 2025",https://www.politifact.com/factchecks/2025/feb/13/instagram-posts/the-claim-that-coca-cola-turned-over-its-own-worke/
Instagram posts,"February 2, 2025",Ring is “alerting people about (Immigration and Customs Enforcement) raids.”,false,Instagram post,Immigration; Facebook Fact-checks,Caleb McCullough,"February 10, 2025",https://www.politifact.com/factchecks/2025/feb/10/instagram-posts/no-ring-is-not-alerting-customers-about-immigratio/
Kristi Noem,"February 2, 2025","At Guantánamo Bay, “we'll have the capacity to continue to do there what we've always done. We've always had a presence of illegal immigrants there that have been detained.”",half-true,interview,Immigration; National; Military,Maria Ramirez Uribe,"February 9, 2025",https://www.politifact.com/factchecks/2025/feb/09/kristi-noem/us-has-detained-migrants-at-guantanamo-bay-before/
Threads posts,"January 28, 2025",“Elon Musk says Italians should stay in Italy and the Japanese in Japan.”,false,Threads post,Immigration; Facebook Fact-checks,Ciara O'Rourke,"February 7, 2025",https://www.politifact.com/factchecks/2025/feb/07/threads-posts/no-elon-musk-didnt-say-italians-japanese-should-st/
Randy Fine,"January 28, 2025",Florida’s in-state college tuition waiver for immigrants in the country illegally costs the state $41 million.,mostly-false,senate special session,Immigration; Education; Florida,Samantha Putterman,"February 6, 2025",https://www.politifact.com/factchecks/2025/feb/06/randy-fine/florida-sen-randy-fines-shaky-claim-that-immigrant/
Threads posts,"January 29, 2025",“ICE just announced it is pausing the hotline where people can call to report undocumented immigrants because 90% of the calls are from people reporting Elon Musk.”,false,Threads post,Immigration; Facebook Fact-checks,Ciara O'Rourke,"January 31, 2025",https://www.politifact.com/factchecks/2025/jan/31/threads-posts/ice-tip-line-not-paused-because-of-reports-about-m/
Threads posts,"January 21, 2025",“The removal of birthright citizenship only applies to the children of those that are here ILLEGALLY.”,false,post on Threads,Immigration; Constitutional Amendments; Legal Issues,Madison Czopek,"January 24, 2025",https://www.politifact.com/factchecks/2025/jan/24/threads-posts/trumps-anti-birthright-citizenship-effort-doesnt-a/
Facebook posts,"January 21, 2025",“FEMA has been directed back to North Carolina with $2 billion in emergency funds: ‘We transferred it from the programs that fund welfare for illegals. They don’t be needing it.’”,false,Facebook post,Immigration; Natural Disasters; North Carolina; Facebook Fact-checks,Ciara O'Rourke,"January 24, 2025",https://www.politifact.com/factchecks/2025/jan/24/facebook-posts/claims-about-fema-north-carolina-and-2-billion-ear/
Instagram posts,"January 20, 2025",“ICE has released the tip hotline to turn in illegal immigrants. They paying $750 for each illegal immigrant.”,false,post,Immigration; Border Security; Facebook Fact-checks,Maria Briceño,"January 23, 2025",https://www.politifact.com/factchecks/2025/jan/23/instagram-posts/no-us-immigration-officials-are-not-paying-750-for/
Threads posts,"January 20, 2025",Second lady Usha Vance “will have her citizenship revoked if (President Donald) Trump signs his executive order banning birthright citizenship.”,false,post,Immigration; Elections; Facebook Fact-checks,Sara Swann,"January 21, 2025",https://www.politifact.com/factchecks/2025/jan/21/threads-posts/president-trumps-birthright-citizenship-order-wont/
Donald Trump,"January 20, 2025",The United States is the only country with unrestricted birthright citizenship.,false,remarks,Immigration; National; Legal Issues,Samantha Putterman,"January 21, 2025",https://www.politifact.com/factchecks/2025/jan/21/donald-trump/donald-trumps-false-claim-that-the-us-is-the-only/
Bernie Sanders,"January 2, 2025","H-1B guest workers are “being employed as dog trainers, massage therapists, cooks, and English teachers.”",mostly-false,statement to the media,Immigration; National; Congress; Economy; Education; Labor,Amy Sherman,"January 9, 2025",https://www.politifact.com/factchecks/2025/jan/09/bernie-sanders/are-h-1b-visa-holders-hired-as-dog-trainers-massag/
Charlie Kirk,"December 8, 2024",The 14th Amendment “has never been challenged at SCOTUS.”,false,post on X,Immigration; Constitutional Amendments; Supreme Court; PunditFact,Madison Czopek,"December 12, 2024",https://www.politifact.com/factchecks/2024/dec/12/charlie-kirk/in-1898-the-supreme-court-ruled-that-the-14th-amen/
Threads posts,"December 8, 2024",President-elect Donald Trump’s “plan to end birthright citizenship would mean (four) of his children wouldn't be considered US citizens.”,false,Threads post,Immigration; National; Facebook Fact-checks,Jeff Cercone,"December 10, 2024",https://www.politifact.com/factchecks/2024/dec/10/threads-posts/birthright-citizenship-didnt-apply-to-trumps-child/
Instagram posts,"December 2, 2024","""President Trump has announced a plan to prosecute the Biden administration for the 325,000 kids that went ‘missing’ into human trafficking & sex slavery during their open border policies.”",false,Instagram post,Immigration; Children,Maria Briceño,"December 5, 2024",https://www.politifact.com/factchecks/2024/dec/05/instagram-posts/trump-didnt-say-hell-prosecute-biden-officials-for/
Threads posts,"November 20, 2024","“Texas just gifted Trump 355,000 acres for deportation camps.”",false,Threads post,Immigration; Facebook Fact-checks; Texas,Loreben Tuquero,"November 27, 2024",https://www.politifact.com/factchecks/2024/nov/27/threads-posts/did-texas-gift-355000-acres-of-land-to-trump-for-d/
Elon Musk,"November 13, 2024","Says Sen. Bob Casey, D-Pa., “is trying to change the outcome of the election by counting NON-CITIZEN votes.”",false,X post,Immigration; Elections; Pennsylvania; 2024 Senate Elections,Caleb McCullough,"November 19, 2024",https://www.politifact.com/factchecks/2024/nov/19/elon-musk/no-democrat-bob-casey-is-not-asking-to-count-nonci/
Nancy Pelosi,"November 9, 2024",“Fewer people came in under President Biden than came under Donald Trump.”,false,interview,Immigration; National; Border Security,Maria Ramirez Uribe,"November 15, 2024",https://www.politifact.com/factchecks/2024/nov/15/nancy-pelosi/nancy-pelosis-wrong-comparison-about-illegal-immig/
Instagram posts,"November 8, 2024","""BREAKING: Zillow CEO just said on CNBC Trump's deportation plan will help with housing affordability.”",false,Instagram post,Immigration; National; Housing,Samantha Putterman,"November 12, 2024",https://www.politifact.com/factchecks/2024/nov/12/instagram-posts/no-zillows-ceo-didnt-say-trumps-deportation-plan-w/
Threads posts,"October 21, 2024",The Biden-Harris administration “brought over” 10 million migrants who got 9 million jobs.,false,Threads post,Immigration; Elections; Jobs,Sofia Ahmed,"October 25, 2024",https://www.politifact.com/factchecks/2024/oct/25/threads-posts/no-immigrants-who-entered-the-us-under-bidens-admi/
Kamala Harris,"October 23, 2024","""As of today, we have cut the flow of immigration by over half.""",true,CNN town hall,Immigration,Louis Jacobson,"October 24, 2024",https://www.politifact.com/factchecks/2024/oct/24/kamala-harris/kamala-harris-correct-that-immigration-at-the-us-s/
Donald Trump,"October 17, 2024",Vice President Kamala Harris “wants struggling seniors to pay more Social Security taxes while she gives Medicare and Social Security to illegals.”,false,ad,Immigration; Medicare; Social Security; Taxes,Louis Jacobson,"October 23, 2024",https://www.politifact.com/factchecks/2024/oct/23/donald-trump/donald-trump-ad-distorts-kamala-harris-stance-on-s/
Kelly Ayotte,"September 25, 2024","“There was a bill to basically create a ban to make sure we never become a sanctuary state, that no locality passes those regulations, and (former Manchester Mayor Joyce Craig) opposed that bill.”",mostly-true,debate,Immigration,Louis Jacobson,"October 23, 2024",https://www.politifact.com/factchecks/2024/oct/23/kelly-ayotte/fact-checking-new-hampshires-governor-race-did-joy/
Donald Trump,"September 20, 2024",Kamala Harris “supports taxpayer-funded sex changes for prisoners and illegal aliens.”,mostly-true,2024 campaign ad,Immigration; Criminal Justice; LGBTQ,Grace Abels,"October 18, 2024",https://www.politifact.com/factchecks/2024/oct/18/donald-trump/harris-support-for-prisoner-access-to-transgender/
Facebook posts,"October 4, 2024","The government gave $3,500 debit cards to immigrants while giving only $750 to Hurricane Helene victims.",false,Facebook posts,Georgia; Immigration; Natural Disasters; North Carolina; New York,Sofia Ahmed,"October 11, 2024",https://www.politifact.com/factchecks/2024/oct/11/facebook-posts/no-migrants-dont-receive-3500-debit-cards/
Eric Hovde,"September 5, 2024","Says Democratic opponent Tammy Baldwin ""gave stimulus checks to illegals.""",false,Campaign ad,Immigration; Elections; Social Security; Wisconsin; 2024 Senate Elections,D.L. Davis,"October 11, 2024",https://www.politifact.com/factchecks/2024/oct/11/eric-hovde/wisconsin-gop-challengers-ad-falsely-claims-dem-us/
Donald Trump,"October 4, 2024",The Biden administration stole $1 billion “from FEMA to use it for illegal migrants. … And FEMA is now busted. They don’t have any money.”,pants-fire,conversation with reporters,Immigration; National; Elections; Natural Disasters; Weather,Maria Ramirez Uribe,"October 8, 2024",https://www.politifact.com/factchecks/2024/oct/08/donald-trump/biden-administration-didnt-steal-1-billion-from-fe/
Eric Hovde,"October 3, 2024","""FEMA is out of money and doesn't have money to transfer to those people affected by the hurricane ... they used the money to assist illegal immigrants.""",false,"X, formerly Twitter",Immigration; National; Natural Disasters; Weather; Wisconsin,Hope Karnopp,"October 8, 2024",https://www.politifact.com/factchecks/2024/oct/08/eric-hovde/eric-hovde-circulates-false-hurricane-helene-claim/
Elon Musk,"October 2, 2024","With U.S. Customs and Border Protection’s CBP One app, it “takes less than 5 minutes and zero documentation to get approved as an illegal immigrant and be flown to the United States with air tickets paid for by the American taxpayer.”",false,post on X,Immigration,Jeff Cercone,"October 4, 2024",https://www.politifact.com/factchecks/2024/oct/04/elon-musk/unpacking-elon-musks-false-claim-about-cbp-one-app/
JD Vance,"October 1, 2024","Says immigrants with temporary protections in Springfield, Ohio, are “illegal immigrants.”",false,debate,Immigration; Ohio; Elections,Maria Ramirez Uribe,"October 3, 2024",https://www.politifact.com/factchecks/2024/oct/03/jd-vance/immigration-experts-say-jd-vance-is-wrong-haitians/
Donald Trump,"September 29, 2024","Kamala Harris ""let in the 13,099 convicted murderers and opposes all efforts to find them and to remove them.""",false,rally,Immigration; Crime,Marta Campabadal Graus,"October 2, 2024",https://www.politifact.com/factchecks/2024/oct/02/donald-trump/why-donald-trumps-claim-that-kamala-harris-let-in/
Donald Trump Jr.,"September 9, 2024","“Less than three months ago, Kamala Harris and her administration blocked 300,000 unvetted Haitian migrants from being deported out of our country.""",mostly-false,post,Immigration; Facebook Fact-checks,Kwasi Gyamfi Asiedu,"September 30, 2024",https://www.politifact.com/factchecks/2024/sep/30/donald-trump-jr/biden-administration-prevented-haitians-deportatio/
Tim Sheehy,"September 27, 2024","U.S. Sen. Jon Tester “voted to give taxpayer-funded health care to illegal immigrants.""",false,ad,Immigration; Health Care; 2024 Senate Elections,Louis Jacobson,"September 30, 2024",https://www.politifact.com/factchecks/2024/sep/30/tim-sheehy/in-montana-senate-race-tim-sheehy-airs-inaccurate/
Instagram posts,"September 23, 2024",The government is arming “illegal immigrants.”,false,Instagram post,Immigration; Guns,Sofia Ahmed,"September 26, 2024",https://www.politifact.com/factchecks/2024/sep/26/instagram-posts/no-the-us-government-is-not-arming-immigrants-in-t/
JD Vance,"September 10, 2024","“Communicable diseases like HIV and TB (tuberculosis) have skyrocketed” after Haitian migrants came to Springfield, Ohio.",mostly-false,interview,Immigration; Health Care; Public Health,Maria Ramirez Uribe,"September 26, 2024",https://www.politifact.com/factchecks/2024/sep/26/jd-vance/communicable-disease-rates-in-springfield-ohio-hav/
Donald Trump,"September 18, 2024","When Haitians go to school in Springfield, Ohio, they “take the place of our children in school” and “each one will have a private interpreter.""",false,speech,Immigration; National; Ohio; Education; Elections,Amy Sherman,"September 23, 2024",https://www.politifact.com/factchecks/2024/sep/23/donald-trump/fact-checking-trumps-statement-about-haitian-stude/
JD Vance,"September 15, 2024","In Springfield, Ohio, “murders are up by 81%.”",mostly-false,CNN interview,Immigration; Elections; Crime,Madison Czopek,"September 23, 2024",https://www.politifact.com/factchecks/2024/sep/23/jd-vance/vance-cherry-picks-data-to-claim-81-murder-spike-a/
Dave McCormick,"September 13, 2024","Charleroi, Pennsylvania, “has grown by 2,000% due to an influx in migrants.”",false,X post,Immigration; Pennsylvania; 2024 Senate Elections,Caleb McCullough,"September 19, 2024",https://www.politifact.com/factchecks/2024/sep/19/dave-mccormick/dave-mccormick-exaggerates-charleroi-pa-population/
Kari Lake,"September 13, 2024",Rep. Ruben Gallego’s “first act in Congress was to propose legislation to BAN the use of the term ‘illegal alien.’”,false,post on X,Immigration; Congress; Arizona; 2024 Senate Elections,Mia Osmonbekov,"September 19, 2024",https://www.politifact.com/factchecks/2024/sep/19/kari-lake/ruben-gallegos-first-act-in-congress-was-not-to-pr/
Bernie Moreno,"September 9, 2024","“Illegal” Haitians in Springfield, Ohio, are “reportedly killing and eating pets.”",pants-fire,Instagram post,Immigration; Ohio; 2024 Senate Elections,Seth A. Richardson,"September 18, 2024",https://www.politifact.com/factchecks/2024/sep/18/bernie-moreno/republican-us-senate-candidate-bernie-moreno-pushe/
Donald Trump,"August 28, 2024","“Kamala Harris has promised amnesty for the 10 million illegals she allowed in as border czar, making them eligible for Social Security. Studies warn this will lead to cuts in your Social Security benefits.""",false,ad,Immigration; Economy; Social Security,Maria Ramirez Uribe,"September 18, 2024",https://www.politifact.com/factchecks/2024/sep/18/donald-trump/donald-trump-ad-makes-false-claims-about-kamala-ha/
Instagram posts,"September 8, 2024","Immigrants get $2,000 each time they cross the border illegally.",false,Instagram posts,Immigration; California,Sofia Ahmed,"September 12, 2024",https://www.politifact.com/factchecks/2024/sep/12/instagram-posts/no-the-federal-government-is-not-paying-immigrants/
Instagram posts,"September 9, 2024","A Haitian woman was arrested in Springfield, Ohio, for eating a cat.",pants-fire,Instagram posts,Immigration; Animals; Ohio; Debates,Sofia Ahmed,"September 12, 2024",https://www.politifact.com/factchecks/2024/sep/12/instagram-posts/arrest-of-a-canton-ohio-woman-unrelated-to-baseles/
Donald Trump,"September 10, 2024","""In Springfield (Ohio), they're eating the dogs, the people that came in, they're eating the cats. They're eating, they're eating the pets of the people that live there.”",pants-fire,at a Sept. 10 presidential debate,Immigration; National; Ohio; Elections,Jeff Cercone,"September 11, 2024",https://www.politifact.com/factchecks/2024/sep/11/donald-trump/trump-repeats-baseless-claims-that-haitian-immigra/
Social Media,"September 6, 2024","Haitian immigrants are eating pets and wildlife in Springfield, Ohio.",false,social media posts,Immigration; Ohio; Facebook Fact-checks,Jeff Cercone,"September 9, 2024",https://www.politifact.com/factchecks/2024/sep/09/social-media/authorities-rebut-claims-that-haitian-immigrants-a/
National Republican Senatorial Committee,"August 28, 2024",Elissa Slotkin “gave your hard-earned tax money to illegal immigrants.”,false,Instagram ad,Immigration; Michigan; 2024 Senate Elections,Caleb McCullough,"September 6, 2024",https://www.politifact.com/factchecks/2024/sep/06/national-republican-senatorial-committee/senate-republicans-ad-claiming-elissa-slotkin-gave/
X posts,"September 3, 2024",A group of 32 armed Venezuelans took over an apartment building in Chicago.,false,X posts,Immigration; Fake news; Illinois,Sofia Ahmed,"September 6, 2024",https://www.politifact.com/factchecks/2024/sep/06/tweets/reports-about-32-venezuelan-armed-migrants-taking/
JD Vance,"August 25, 2024","A zero-tolerance policy during the Trump administration ""led to less family separation than under Kamala Harris' border policies.”",false,"interview on NBC's ""Meet the Press""",Immigration; National; Elections,Amy Sherman,"September 4, 2024",https://www.politifact.com/factchecks/2024/sep/04/jd-vance/jd-vances-faulty-comparison-of-trump-harris-on-chi/
Social Media,"August 29, 2024","“BREAKING: Illegal Aliens in San Diego, California, tried to hijack 2 school buses filled with children.”",false,post on Instagram,Immigration; Children; Education; Facebook Fact-checks,Madison Czopek,"September 4, 2024",https://www.politifact.com/factchecks/2024/sep/04/social-media/fact-checking-the-false-claim-that-migrants-tried/
Bernie Moreno,"August 20, 2024","U.S. Sen. Sherrod Brown voted to “give illegals taxpayer funded stimulus checks, health care, even Social Security.""",false,campaign ad,Immigration; Ohio; 2024 Senate Elections,Seth A. Richardson,"September 4, 2024",https://www.politifact.com/factchecks/2024/sep/04/bernie-moreno/bernie-moreno-misleads-on-sherrod-brown-votes-for/
X posts,"August 29, 2024",Nine Americans died from a listeria outbreak after Boar’s Head brand meat prioritized hiring “refugees” in Virginia.,false,X post,Immigration; Food Safety; Public Health,Sofia Ahmed,"September 3, 2024",https://www.politifact.com/factchecks/2024/sep/03/tweets/no-refugees-did-not-cause-a-deadly-boars-head-list/
Mike Rogers,"August 27, 2024",Rep. Elissa Slotkin “voted recently to let illegals vote in U.S. elections.”,false,campaign rally,Immigration; Michigan; 2024 Senate Elections,Caleb McCullough,"September 3, 2024",https://www.politifact.com/factchecks/2024/sep/03/mike-rogers/michigan-republican-surfaces-inaccurate-claim-abou/
Rick Scott,"August 28, 2024","“This month alone, more than 16,000 non-citizens have been removed from the voter rolls in 3 states.”",half-true,post on X,Immigration; National; Elections; Texas,Samantha Putterman,"August 29, 2024",https://www.politifact.com/factchecks/2024/aug/29/rick-scott/sen-rick-scott-said-3-states-removed-thousands-of/
JD Vance,"August 16, 2024","“Kamala Harris wants to give $25,000 to illegal aliens to buy American homes.”",false,post on X,Immigration; Elections; Housing,Madison Czopek,"August 22, 2024",https://www.politifact.com/factchecks/2024/aug/22/jd-vance/jd-vances-false-claim-that-harris-wants-to-give-im/
Byron Donalds,"August 6, 2024","""Tim Walz signed into law driver's licenses for illegal immigrants in Minnesota.""",true,interview,Immigration; Florida,Maria Briceño,"August 9, 2024",https://www.politifact.com/factchecks/2024/aug/09/byron-donalds/yes-tim-walz-signed-a-law-letting-immigrants-illeg/
Lindsey Graham,"August 6, 2024",Minnesota Gov. Tim Walz signed “legislation giving free college … to illegal immigrants.”,mostly-true,X post,Immigration; Education,Maria Ramirez Uribe,"August 9, 2024",https://www.politifact.com/factchecks/2024/aug/09/lindsey-graham/gov-tim-walz-signed-law-giving-some-minnesota-stud/
Donald Trump,"July 24, 2024",Vice President Kamala Harris “endorsed free taxpayer-funded government health care for all illegal aliens.”,mostly-false,speech at a rally,Immigration; Health Care; Public Health; Health Check,Stephanie Armour,"July 31, 2024",https://www.politifact.com/factchecks/2024/jul/31/donald-trump/gop-charge-that-kamala-harris-backed-taxpayer-fund/
Donald Trump,"July 24, 2024",Kamala Harris “supported abolishing ICE.”,false,rally,Immigration; National; Elections; North Carolina,Amy Sherman,"July 29, 2024",https://www.politifact.com/factchecks/2024/jul/29/donald-trump/fact-checking-donald-trumps-misleading-statement-t/
Republican National Committee,"July 22, 2024","President Joe Biden appointed ""Kamala Harris to be his border czar to deal with illegal immigration … Harris was put in charge of stopping illegal immigration.""",mostly-false,video,Immigration; Border Security,Maria Ramirez Uribe,"July 24, 2024",https://www.politifact.com/factchecks/2024/jul/24/republican-national-committee-republican/border-czar-kamala-harris-assigned-to-tackle-immig/
Kari Lake,"July 16, 2024","“Just last week, Ruben Gallego voted to let the millions of people who poured into our country illegally cast a ballot in this upcoming election.”",false,a speech at RNC,Immigration; National; Elections; Crime; Arizona; 2024 Senate Elections,Amy Sherman,"July 17, 2024",https://www.politifact.com/factchecks/2024/jul/17/kari-lake/rnc-night-2-kari-lakes-false-claim-that-gallego-vo/
Michael McCaul,"June 30, 2024","“(Homeland Security Secretary Alejandro) Mayorkas said, ‘Hey you don’t have to detain aggravated felons,’ those are rapists, child predators, you know, murderers.”",mostly-false,interview,Immigration; Border Security; Texas,Maria Ramirez Uribe,"July 11, 2024",https://www.politifact.com/factchecks/2024/jul/11/michael-mccaul/were-immigration-agents-told-not-to-detain-aggrava/
Juneau County Wisconsin Republicans .,"June 25, 2024",“Planes full of unvetted ‘refugees’ are being accepted at the Milw. & Madison airports!”,pants-fire,Facebook post,Immigration; Border Security; Legal Issues; Wisconsin,Sophie Carson,"July 3, 2024",https://www.politifact.com/factchecks/2024/jul/03/juneau-county-wisconsin-republicans/juneau-county-republicans-falsely-claim-planes-ful/
Robert F. Kennedy Jr.,"June 27, 2024","Border Patrol agents take migrants ""to the Yuma airport, put them on a plane to any destination they want. ... And they pay their ticket. And then they get reimbursement from FEMA.""",false,X livestream,Immigration; Border Security,Maria Ramirez Uribe,"July 3, 2024",https://www.politifact.com/factchecks/2024/jul/03/robert-f-kennedy-jr/border-patrol-does-not-pay-for-migrants-flights-de/
Donald Trump,"June 6, 2024",Joe Biden’s immigration order limiting asylum is “pro-child trafficking.”,false,campaign rally,Immigration; Border Security,Maria Ramirez Uribe,"June 20, 2024",https://www.politifact.com/factchecks/2024/jun/20/donald-trump/president-joe-bidens-border-policy-is-not-pro-chil/
Donald Trump,"May 31, 2024","“Congo, Africa, just released a lot of people, a lot of people from their prisons and jails and brought them into the United States of America.”",pants-fire,remarks to reporters,Immigration; National; Elections,Maria Ramirez Uribe,"June 12, 2024",https://www.politifact.com/factchecks/2024/jun/12/donald-trump/no-evidence-for-donald-trumps-claim-that-congo-is/
Marco Rubio,"May 19, 2024","The number of people in the U.S. illegally is “upwards of 20, 25, maybe 30 million.”",false,interview,Immigration; Border Security; Florida,Maria Ramirez Uribe,"June 11, 2024",https://www.politifact.com/factchecks/2024/jun/11/marco-rubio/there-arent-20-million-to-30-million-immigrants-in/
Eric Swalwell,"June 9, 2024",Says Sen. Lindsey Graham said a newly elected Donald Trump “will round up and deport LEGAL immigrants.”,false,post on X,Immigration; Ask PolitiFact,Louis Jacobson,"June 10, 2024",https://www.politifact.com/factchecks/2024/jun/10/eric-swalwell/eric-swalwell-misquotes-lindsey-graham-on-donald-t/
Donald Trump,"May 29, 2024","Joe Biden “is letting millions of people from jails, from prisons, from insane asylums, from mental institutions, drug dealers pour in.”",pants-fire,comments to reporters,Immigration; National; Elections; Crime,Maria Ramirez Uribe,"June 6, 2024",https://www.politifact.com/factchecks/2024/jun/06/donald-trump/fact-check-trumps-ridiculous-claim-that-millions-o/
Joe Biden,"June 4, 2024","“Due to the arrangements that I've reached with (Mexico) President Obrador, the number of migrants coming … to our shared border unlawfully in recent months has dropped dramatically.”",mostly-true,speech,Immigration; National; Elections; Foreign Policy,Samantha Putterman,"June 5, 2024",https://www.politifact.com/factchecks/2024/jun/05/joe-biden/us-mexico-border-crossings-are-down-as-joe-biden-s/
Mike Johnson,"May 8, 2024",“The millions (of immigrants) that have been paroled can simply go to their local welfare office or the DMV and register to vote.”,false,press conference,Immigration; Elections,Maria Ramirez Uribe,"May 20, 2024",https://www.politifact.com/factchecks/2024/may/20/mike-johnson/mike-johnsons-false-claim-that-immigrants-paroled/
MAGA Inc,"April 25, 2024",President Joe Biden is paying rent for immigrants illegally in the country.,false,ad,Immigration; Housing; Michigan,Maria Ramirez Uribe,"May 9, 2024",https://www.politifact.com/factchecks/2024/may/09/maga-inc/no-the-biden-administration-isnt-paying-rent-for-i/
Rick Scott,"May 4, 2024",“Joe Biden flew hundreds of thousands of illegals into Florida last year.”,false,X post,Immigration; Corrections and Updates; Florida,Maria Ramirez Uribe,"May 9, 2024",https://www.politifact.com/factchecks/2024/may/09/rick-scott/biden-isnt-flying-migrants-to-florida-people-pay-f/
Greg Steube,"April 14, 2024","Immigrants in the country illegally cost “Florida taxpayers $566 million for 54,000 hospital visits.”",mostly-false,X post,Immigration; Health Care; Florida,Maria Ramirez Uribe,"May 2, 2024",https://www.politifact.com/factchecks/2024/may/02/greg-steube/did-the-health-care-of-immigrants-illegally-in-the/
Instagram posts,"April 2, 2024","Says 326,000 migrants were flown to Florida with taxpayer dollars under President Joe Biden’s secret migrant flight program.",false,Instagram post,Immigration; Florida; Facebook Fact-checks,Sofia Ahmed,"April 12, 2024",https://www.politifact.com/factchecks/2024/apr/12/instagram-posts/migrants-were-not-secretly-flown-to-florida-with-t/
Donald Trump,"April 2, 2024","""Crime is down in Venezuela by 67% because they're taking their gangs and their criminals and depositing them very nicely into the United States.”",false,speech,Immigration; Crime,Maria Ramirez Uribe,"April 10, 2024",https://www.politifact.com/factchecks/2024/apr/10/donald-trump/donald-trump-exaggerates-venezuelan-crime-drop-and/
Instagram posts,"March 29, 2024",The FBI admitted that Venezuela emptied its prisons and sent the inmates to the U.S.,false,Instagram post,Immigration; Homeland Security; Crime; Facebook Fact-checks,Sofia Ahmed,"April 4, 2024",https://www.politifact.com/factchecks/2024/apr/04/instagram-posts/no-the-fbi-did-not-say-venezuela-sent-its-prison-p/
Instagram posts,"April 1, 2024","Texas found that 95,000 noncitizens were registered to vote.",false,Instagram post,Immigration; Elections; Facebook Fact-checks; Texas,Sofia Ahmed,"April 4, 2024",https://www.politifact.com/factchecks/2024/apr/04/instagram-posts/five-years-later-texas-never-found-voter-registrat/
Kathy Hochul,"February 22, 2024","In New York, there are no barriers to law enforcement to work with the federal government on immigration laws, and there are 100 crimes where migrants can be handed over.",mostly-false,interview,Immigration; New York,Jill Terreri Ramos,"March 29, 2024",https://www.politifact.com/factchecks/2024/mar/29/kathy-hochul/patchwork-of-laws-and-edicts-limit-cooperation-bet/
Matt Maddock,"March 27, 2024","“Three busses just loaded up with illegal invaders at Detroit Metro"" airport.",pants-fire,post on X,Immigration; Sports,Maria Ramirez Uribe,"March 29, 2024",https://www.politifact.com/factchecks/2024/mar/29/matt-maddock/three-busses-just-loaded-up-with-illegal-invaders/
JD Vance,"March 14, 2024",Says “100% of net job creation under the Biden administration has gone to the foreign-born.”,mostly-false,interview with Fox News,Immigration; Corrections and Updates; Economy; Jobs; Race and Ethnicity,Louis Jacobson,"March 27, 2024",https://www.politifact.com/factchecks/2024/mar/27/jd-vance/is-vance-right-that-native-born-Americans/
Sean Duffy,"March 17, 2024","Tyson Foods announced it would hire 52,000 migrants.",false,"segment on Fox Business' ""The Bottom Line""",Immigration; Fake news; Food,Sofia Ahmed,"March 21, 2024",https://www.politifact.com/factchecks/2024/mar/21/sean-duffy/no-tyson-foods-didnt-announce-it-would-hire-52000/
Jeanette Nuñez,"March 15, 2024","Miami’s immigration courts have the “largest backlog of any court in this country with 10% of the overall immigration cases,” and “more than 90%” of people lose their asylum claims.",half-true,news conference,Immigration; National; Florida,Samantha Putterman,"March 21, 2024",https://www.politifact.com/factchecks/2024/mar/21/jeanette-nunez/miami-has-the-largest-asylum-case-backlog-in-the-u/
Donald Trump,"March 16, 2024","""Your Social Security will be destroyed by the people coming in. There's too many of them. It's not sustainable.""",false,rally,Immigration; Federal Budget; Social Security,Louis Jacobson,"March 20, 2024",https://www.politifact.com/factchecks/2024/mar/20/donald-trump/donald-trumps-false-claim-that-immigration-hurts-s/
Instagram posts,"March 7, 2024","“300,000 illegal immigrants were able to use a simple app to get a free flight to our country.”",false,Instagram post,Immigration,Marta Campabadal Graus,"March 15, 2024",https://www.politifact.com/factchecks/2024/mar/15/instagram-posts/migrants-in-parole-program-do-not-receive-free-fli/
Donald Trump,"March 9, 2024",“Biden has implemented a formal policy that illegal aliens who intrude into the United States are granted immunity from deportation.”,false,speech,Immigration; Border Security,Maria Ramirez Uribe,"March 15, 2024",https://www.politifact.com/factchecks/2024/mar/15/donald-trump/donald-trump-is-wrong-joe-biden-doesnt-have-an-imm/
Instagram posts,"March 5, 2024",Only immigrants in the country illegally are eligible for an interest-free California housing loan program.,false,video,Immigration; California; Facebook Fact-checks,Sofia Ahmed,"March 15, 2024",https://www.politifact.com/factchecks/2024/mar/15/instagram-posts/a-california-loan-program-for-first-time-homebuyer/
Katie Britt,"March 7, 2024",A woman was “sex trafficked by the cartels starting at the age of 12 … We wouldn't be OK with this happening in a Third World country. This is the United States of America.”,false,speech,Immigration; National; Border Security; Corrections and Updates,Maria Ramirez Uribe,"March 11, 2024",https://www.politifact.com/factchecks/2024/mar/11/katie-britt/breaking-down-the-false-claims-in-katie-britts-ret/
Alejandro Mayorkas,"March 3, 2024","“Since May of last year, we have removed or returned more individuals than in any year since 2015.”",mostly-true,CNN interview,Immigration; Border Security,Maria Ramirez Uribe,"March 8, 2024",https://www.politifact.com/factchecks/2024/mar/08/alejandro-mayorkas/has-biden-deported-more-people-in-nine-months-than/
Marco Rubio,"March 3, 2024","Joe Biden's executive orders meant ""for the first time in American history we have a president who will not detain the people who enter this country illegally.""",false,"interview on ""Fox News Sunday""",Immigration; National,Samantha Putterman,"March 8, 2024",https://www.politifact.com/factchecks/2024/mar/08/marco-rubio/rubio-overstates-effect-of-biden-immigration-actio/
Franklin Graham,"February 27, 2024","“Over 10 million people have come across the border with no vetting, no plan, and no path” during Biden’s presidency.",false,post,Immigration; Facebook Fact-checks,Kwasi Gyamfi Asiedu,"March 8, 2024",https://www.politifact.com/factchecks/2024/mar/08/franklin-graham/no-10-million-people-have-not-entered-the-us-under/
Jonathan Martin,"March 4, 2024",“This is the era where people are given smartphones when they cross the border and enter our country.”,half-true,Senate session,Immigration; Florida,Maria Briceño,"March 7, 2024",https://www.politifact.com/factchecks/2024/mar/07/jonathan-martin-florida/ice-gives-some-migrants-smartphones-to-track-them/
Instagram posts,"March 3, 2024",The Biden administration seeks to end voter ID requirements to allow immigrants in the country illegally to vote.,false,Instagram post,Immigration; Voter ID Laws; Facebook Fact-checks,Sofia Ahmed,"March 7, 2024",https://www.politifact.com/factchecks/2024/mar/07/instagram-posts/the-biden-administration-is-not-scheming-to-regist/
Elon Musk,"February 26, 2024",Democrats don’t deport undocumented migrants “because every illegal is a highly likely vote at some point.”,false,X post,Immigration; National; Elections,Maria Ramirez Uribe,"March 6, 2024",https://www.politifact.com/factchecks/2024/mar/06/elon-musk/fact-check-elon-musks-claim-that-democrats-are-avo/
Sean Hannity,"February 29, 2024","In New York City “local elections, illegal immigrants can vote.”",false,"segment of ""Hannity"" on Fox News",Immigration; Elections; PunditFact,Madison Czopek,"March 1, 2024",https://www.politifact.com/factchecks/2024/mar/01/sean-hannity/sean-hannity-is-wrong-illegal-immigrants-cannot-vo/
Instagram posts,"February 27, 2024",The ATF updated its background check policy to allow “illegal immigrants” to purchase firearms.,false,Instagram post,Immigration; Facebook Fact-checks; Guns,Sofia Ahmed,"February 28, 2024",https://www.politifact.com/factchecks/2024/feb/28/instagram-posts/migrants-living-in-the-us-unlawfully-can-not-legal/
Donald Trump,"February 17, 2024","“The biggest threat to your unions is millions of people coming across the border, because you're not gonna have your jobs anymore.”",mostly-false,rally,Immigration; Unions; Workers,Marta Campabadal Graus,"February 23, 2024",https://www.politifact.com/factchecks/2024/feb/23/donald-trump/do-immigrants-crossing-the-southern-border-union/
Elise Stefanik,"January 28, 2024","“We’ve seen an 800% increase in the Swanton sector, which is the part of the northern border that I represent, in illegal crossings.”",true,television interview,Immigration; New Hampshire; Border Security; Vermont; New York,Jill Terreri Ramos,"February 23, 2024",https://www.politifact.com/factchecks/2024/feb/23/elise-stefanik/illegal-crossings-at-the-us-canada-border-increase/
Instagram posts,"February 20, 2024","Migrants in New York City are receiving prepaid debit cards with up to $10,000 and no restrictions.",false,Instagram posts,Immigration; Economy; New York,Sofia Ahmed,"February 22, 2024",https://www.politifact.com/factchecks/2024/feb/22/instagram-posts/migrants-in-new-york-city-will-not-receive-up-to-1/
George Borrello,"February 5, 2024","“NYC will give $1,000 taxpayer-funded credit cards to migrants.”",half-true,post on X,Immigration; Families; New York,Mary McNaughton,"February 21, 2024",https://www.politifact.com/factchecks/2024/feb/21/george-borrello/fact-checking-state-sen-george-borrello-on-new-yor/
Instagram posts,"February 18, 2024",President Joe Biden announced tax incentives for families willing to take in migrants in a new “Housing for Labor” initiative.,false,Instagram post,Immigration; Facebook Fact-checks,Loreben Tuquero,"February 20, 2024",https://www.politifact.com/factchecks/2024/feb/20/instagram-posts/biden-didnt-announce-housing-for-labor-program-for/
Instagram posts,"February 15, 2024","Because “17 million immigrants” were “let in” the U.S, “ foot and mouth disease is back. We got rid of that fifty years ago.”",false,Instagram post,Immigration; National; Public Health; Facebook Fact-checks,Jeff Cercone,"February 16, 2024",https://www.politifact.com/factchecks/2024/feb/16/instagram-posts/social-media-claim-wrong-about-number-of-immigrant/
Michael McCaul,"January 19, 2024","Department of Homeland Security Secretary Alejandro Mayorkas' border policy is ""personally responsible"" for fentanyl crossing the border",false,impeachment hearing,Immigration; Congress; Homeland Security; Texas,Bayliss Wagner,"February 12, 2024",https://www.politifact.com/factchecks/2024/feb/12/michael-mccaul/gop-claims-that-dhs-sec-mayorkas-is-responsible-fo/
Facebook posts,"February 2, 2024","""NYC to give ILLEGALS $53 Million in Prepaid Credit Cards.""",mostly-false,Facebook post,Immigration,Kwasi Gyamfi Asiedu,"February 9, 2024",https://www.politifact.com/factchecks/2024/feb/09/facebook-posts/nyc-will-give-migrant-families-debit-not-credit-ca/
Elon Musk,"February 2, 2024",Biden’s strategy is to “get as many illegals in the country as possible” and “legalize them to create a permanent majority.”,false,X post,Immigration; National; Elections,Amy Sherman,"February 6, 2024",https://www.politifact.com/factchecks/2024/feb/06/elon-musk/elon-musk-is-wrong-to-say-joe-biden-is-recruiting/
Steve Scalise,"February 4, 2024","The Senate’s border bill “accepts 5,000 illegal immigrants a day.”",false,post on X,Immigration; Border Security,Maria Ramirez Uribe,"February 6, 2024",https://www.politifact.com/factchecks/2024/feb/06/steve-scalise/no-the-senate-immigration-bill-does-not-allow-5000/
Tucker Carlson,"January 17, 2024","“In August 2023, illegal immigration outpaced American births.”",false,video,Immigration,Kwasi Gyamfi Asiedu,"January 25, 2024",https://www.politifact.com/factchecks/2024/jan/25/tucker-carlson/tucker-carlson-is-wrong-when-comparing-migrants-il/
MAGA Inc,"January 8, 2024","""Nikki Haley refused to call illegals criminals"" and ""repeatedly pushed amnesty for illegals.""",false,ad,Immigration; New Hampshire; Border Security,Maria Ramirez Uribe,"January 23, 2024",https://www.politifact.com/factchecks/2024/jan/23/maga-inc/pro-trump-ad-twists-nikki-haleys-words-and-stance/
Instagram posts,"December 18, 2023","“Illegal immigrants now have the right to vote in New York.""",false,Instagram post,Immigration; Elections; Facebook Fact-checks,Madison Czopek,"January 19, 2024",https://www.politifact.com/factchecks/2024/jan/19/instagram-posts/do-illegal-immigrants-now-have-the-right-to-vote-i/
TikTok posts,"January 13, 2024",President Joe Biden said he will “send F-15s” to “wage war against Texas.”,false,TikTok video,Immigration; Texas,Sara Swann,"January 18, 2024",https://www.politifact.com/factchecks/2024/jan/18/tiktok-posts/audio-clip-of-president-joe-biden-threatening-war/
Donald Trump,"January 5, 2024",“That’s why they are allowing these people to come in — people that don’t speak our language — they are signing them up to vote.”,pants-fire,speech,Immigration; National; Elections,Amy Sherman,"January 12, 2024",https://www.politifact.com/factchecks/2024/jan/12/donald-trump/trumps-claim-that-millions-of-immigrants-are-signi/
Glenn Grothman,"December 1, 2023","“Our government, wrongly, is saying if you’re born in this country you’re automatically an American citizen.”",false,Speech,Immigration; Border Security; Children; Wisconsin,Sophia Voight,"January 12, 2024",https://www.politifact.com/factchecks/2024/jan/12/glenn-grothman/grothman-falsely-claims-birthright-citizenship-doe/
Nikki Haley,"January 5, 2024","“We’ve had 8 million” immigrants come to the U.S. illegally under Biden “and they only sent back 142,000.”",mostly-false,Iowa PBS interview,Immigration; Border Security; Elections,Maria Ramirez Uribe,"January 11, 2024",https://www.politifact.com/factchecks/2024/jan/11/nikki-haley/the-missing-facts-from-nikki-haleys-claim-about-bo/
Ron DeSantis,"January 10, 2024",“Biden’s let in 8 million people just in four years.”,mostly-false,debate,Immigration; Border Security; Elections,Marta Campabadal Graus,"January 11, 2024",https://www.politifact.com/factchecks/2024/jan/11/ron-desantis/debate-fact-check-ron-desantis-misleading-claim-th/
TikTok posts,"December 30, 2023",“BREAKING – A large convoy of trucks just breached the U.S. border patrol checkpoint in Arizona.”,false,video,Immigration; Border Security,Kwasi Gyamfi Asiedu,"January 10, 2024",https://www.politifact.com/factchecks/2024/jan/10/tiktok-posts/video-does-not-show-a-convoy-of-trucks-breaching-a/
Mark Green,"January 3, 2024","Says FBI Director Christopher Wray told Congress “that with the border wide open and a war in Israel, Hamas can just walk right in.”",false,news conference,Immigration; Border Security; Texas,Sarah Bahari,"January 8, 2024",https://www.politifact.com/factchecks/2024/jan/08/mark-green/says-fbi-director-christopher-wray-told-congress-t/
Donald Trump,"January 3, 2024",Nikki Haley “opposed Trump’s border wall” and “Trump’s travel ban.”,false,TV ad,Immigration; Border Security; Elections,Maria Briceño,"January 5, 2024",https://www.politifact.com/factchecks/2024/jan/05/donald-trump/donald-trump-ad-wrongly-describes-nikki-haleys-pos/
Ron DeSantis,"January 2, 2024","Donald Trump “deported less, believe it or not, than Barack Obama even did.""",true,town hall,Immigration; Border Security; Elections; Florida,Maria Ramirez Uribe,"January 4, 2024",https://www.politifact.com/factchecks/2024/jan/04/ron-desantis/ron-desantis-is-right-barack-obama-deported-more-p/
X posts,"December 19, 2023",Migrants who enter the U.S. illegally get U.S. passports immediately after leaving a border processing center.,false,X post,Immigration; National,Samantha Putterman,"December 21, 2023",https://www.politifact.com/factchecks/2023/dec/21/tweets/no-migrants-arent-being-given-us-passports-when-th/
Mark Lamb,"December 5, 2023","“We have our government giving people who came into this country illegally $5,000 gift cards.”",false,post on X,Immigration; Border Security; Arizona,Maria Ramirez Uribe,"December 19, 2023",https://www.politifact.com/factchecks/2023/dec/19/mark-lamb/no-the-us-government-is-not-giving-people-who-cros/
Vivek Ramaswamy,"December 6, 2023",“The great replacement theory is not some grand right-wing conspiracy theory. But a basic statement of the Democratic Party's platform.”,pants-fire,debate,Immigration; Elections; Race and Ethnicity,Maria Ramirez Uribe,"December 13, 2023",https://www.politifact.com/factchecks/2023/dec/13/vivek-ramaswamy/ramaswamys-pants-on-fire-claim-that-the-democratic/
Gavin Newsom,"November 30, 2023","""When (Ron DeSantis) was in Congress, he supported amnesty.""",mostly-false,debate,Immigration; Florida; California,Maria Ramirez Uribe,"December 5, 2023",https://www.politifact.com/factchecks/2023/dec/05/gavin-newsom/gavin-newsoms-mostly-false-claim-about-ron-desanti/
Chris Christie,"October 18, 2023","“In the last 11 months, Customs and Border Patrol has averaged 200,000 apprehensions a month, and you know how many beds we have to detain people at the border? Thirty-eight thousand.""",mostly-true,interview,Immigration; Border Security,Maria Ramirez Uribe,"October 20, 2023",https://www.politifact.com/factchecks/2023/oct/20/chris-christie/chris-christies-math-on-apprehensions-and-detentio/
Never Back Down PAC,"October 16, 2023",“Nikki Haley argues in support of bringing Gaza refugees to America.”,false,post on X,Immigration; National; Israel; Foreign Policy; Florida,Amy Sherman,"October 20, 2023",https://www.politifact.com/factchecks/2023/oct/20/never-back-down-pac/no-nikki-haley-didnt-say-she-wants-the-us-to-take/
Andy Biggs,"October 16, 2023",The Democrats are pushing “to take in a million Palestinian refugees.”,pants-fire,post on X,Immigration; National; Congress; Israel,Amy Sherman,"October 18, 2023",https://www.politifact.com/factchecks/2023/oct/18/andy-biggs/no-evidence-democrats-want-to-accept-1-million-gaz/
Donald Trump,"October 9, 2023","“The same people that raided Israel are pouring into our once beautiful USA, through our TOTALLY OPEN SOUTHERN BORDER, at Record Numbers.”",pants-fire,Truth Social post,Immigration; National; Border Security; Homeland Security; Israel; Terrorism,Maria Ramirez Uribe,"October 12, 2023",https://www.politifact.com/factchecks/2023/oct/12/donald-trump/hamas-militants-pouring-across-us-southern-border/
Ron DeSantis,"September 29, 2023",Six million or 7 million people have “come illegally under Biden.”,mostly-false,speech,Immigration; National; Florida,Marta Campabadal Graus,"October 4, 2023",https://www.politifact.com/factchecks/2023/oct/04/ron-desantis/ron-desantis-exaggerates-number-of-migrants-in-us/
TikTok posts,"September 22, 2023","“Joe Biden grants voting rights to 500,000 invaders.”",false,TikTok video,Immigration; Border Security; Homeland Security; Facebook Fact-checks,Madison Czopek,"September 26, 2023",https://www.politifact.com/factchecks/2023/sep/26/tiktok-posts/offering-temporary-protected-status-to-venezuelan/
Ron DeSantis,"July 30, 2023","""Illinois is now letting illegal aliens become police officers.""",mostly-false,post,Immigration; Florida; Illinois,Nuria Diaz Muñoz,"August 11, 2023",https://www.politifact.com/factchecks/2023/aug/11/ron-desantis/illinois-law-expanding-police-eligibility-to-some/
Donald Trump,"July 29, 2023",The Trump administration “built nearly 500 miles of border wall.”,half-true,rally,Immigration; National; Border Security,Maria Ramirez Uribe,"August 9, 2023",https://www.politifact.com/factchecks/2023/aug/09/donald-trump/how-many-miles-of-border-wall-did-donald-trump-bui/
Francis Suarez,"July 16, 2023","""In Biden's America, 7 million people illegally crossed the border and are given a free cellphone and airline tickets.""",mostly-false,speech at Turning Point Action Conference,Immigration; Border Security; Florida,Maria Briceño,"July 28, 2023",https://www.politifact.com/factchecks/2023/jul/28/francis-suarez/francis-suarezs-misleading-claim-about-millions-of/
Virginia Foxx,"July 17, 2023","Immigrants are supposed to “apply for asylum in the country where they are, and then they try to come into the United States.”",false,committee meeting,Immigration; North Carolina,Paul Specht,"July 27, 2023",https://www.politifact.com/factchecks/2023/jul/27/virginia-foxx/foxx-gives-inaccurate-explanation-of-us-asylum-pro/
Tim Scott,"July 11, 2023",“There have been more illegal encounters under Biden than the previous two administrations combined.”,false,"post on X, formerly Twitter",Immigration; Border Security,Maria Ramirez Uribe,"July 26, 2023",https://www.politifact.com/factchecks/2023/jul/26/tim-scott/tim-scott-is-wrong-about-more-illegal-immigration/
Gavin Newsom,"June 12, 2023","""Per capita, more Floridians move to California than Californians moving to Florida.”",mostly-true,TV interview,Immigration; Florida; California,Maria Ramirez Uribe,"June 19, 2023",https://www.politifact.com/factchecks/2023/jun/19/gavin-newsom/gov-gavin-newsoms-claimed-more-floridians-moved-to/
Chris Christie,"June 6, 2023",Donald Trump “never changed one immigration law.”,mostly-true,campaign announcement speech,Immigration; National; Congress,Amy Sherman,"June 12, 2023",https://www.politifact.com/factchecks/2023/jun/12/chris-christie/trump-did-not-sign-any-major-immigration-laws-but/
Ron DeSantis,"June 7, 2023","“A place like California, they give (immigrants in the country illegally) benefits. They give unemployment checks.”",half-true,roundtable discussion.,Immigration; Florida; California,Maria Ramirez Uribe,"June 9, 2023",https://www.politifact.com/factchecks/2023/jun/09/ron-desantis/gov-ron-desantis-claim-about-benefits-for-immigran/
Mike Pence,"June 7, 2023",“The family separation policy actually began under the Obama administration.”,false,CNN town hall,Immigration; National,Louis Jacobson,"June 8, 2023",https://www.politifact.com/factchecks/2023/jun/08/mike-pence/mike-pence-repeats-false-claim-that-barack-obama-s/
Ron DeSantis,"May 25, 2023","Donald Trump ""wanted to amnesty 2 million illegal aliens in 2018 when he was president.""",mostly-true,radio interview,Immigration; Border Security; Florida,Maria Ramirez Uribe,"June 5, 2023",https://www.politifact.com/factchecks/2023/jun/05/ron-desantis/ron-desantis-claim-that-trump-wanted-to-grant-amne/
MAGA Inc,"May 24, 2023",“Ron DeSantis voted against the wall.”,mostly-false,ad,Immigration; Border Security; Florida,Maria Ramirez Uribe,"May 26, 2023",https://www.politifact.com/factchecks/2023/may/26/maga-inc/pro-donald-trump-pac-ad-misleads-about-ron-desanti/
Francis Suarez,"May 21, 2023","“Just last year,” Miami-Dade Public Schools “had over 14,000 new children, 10,000 of which came from four countries of Cuba, Nicaragua, Venezuela and Haiti.”",true,TV interview,Immigration; Education; Florida,Maria Ramirez Uribe,"May 23, 2023",https://www.politifact.com/factchecks/2023/may/23/francis-suarez/miami-mayor-is-right-miami-dade-public-schools-hav/
TikTok posts,"May 15, 2023","""Chinese communist” troops on the ground at U.S. southern border.",false,TikTok video,Immigration; National; Border Security; Homeland Security,Jeff Cercone,"May 19, 2023",https://www.politifact.com/factchecks/2023/may/19/tiktok-posts/no-evidence-that-chinese-immigrants-at-us-southern/
Joe Biden,"May 10, 2023","""The Republican plan would cut federal law enforcement officers — 30,000 — including 11,000 FBI agents, 2,000 border agents, DEA agents, and so on.""",mostly-false,speech,Immigration; National; Federal Budget; Public Safety,Maria Ramirez Uribe,"May 18, 2023",https://www.politifact.com/factchecks/2023/may/18/joe-biden/biden-casts-gop-budget-as-specific-on-law-enforcem/
X posts,"May 12, 2023",“JUST IN: A MASSIVE CARAVAN of illegal aliens is forcing their way into the US!”,false,tweet,Immigration; National; Border Security,Marta Campabadal Graus,"May 18, 2023",https://www.politifact.com/factchecks/2023/may/18/tweets/dash-for-the-border-on-video-was-months-before-tit/
Facebook posts,"May 8, 2023","“Both murderers in Texas were not only illegals, but gang members” and were “most likely tied to MS-13.”",false,Facebook post,Immigration; National; Crime,Samantha Putterman,"May 10, 2023",https://www.politifact.com/factchecks/2023/may/10/facebook-posts/false-claims-spread-online-about-suspects-in-the-r/
Will Cain,"April 24, 2023",Democrats “introduced a bill that would ban detaining gay illegal immigrants.”,mostly-false,Fox News segment,Immigration; Congress; LGBTQ,Grace Abels,"May 9, 2023",https://www.politifact.com/factchecks/2023/may/09/will-cain/democratic-bill-set-criteria-that-dhs-must-meet-to/
Ron DeSantis,"April 6, 2023","When migrants arrived on Martha’s Vineyard, “They called out the National Guard and deported them within 24 hours.”",false,speech,Immigration; National; Florida,Amy Sherman,"April 11, 2023",https://www.politifact.com/factchecks/2023/apr/11/ron-desantis/ron-desantis-falsely-said-migrants-deported-from-m/
Joaquin Castro,"April 28, 2023","“Title 42 and other Trump-era holdovers are forcing migrants into dangerous, overcrowded conditions in Mexico.”",mostly-true,tweet,Immigration; Border Security,Maria Ramirez Uribe,"April 5, 2023",https://www.politifact.com/factchecks/2023/apr/05/joaquin-castro/us-policies-and-other-factors-lead-overcrowded-con/
Facebook posts,"February 20, 2023",The U.S. State Department has started a special immigrants visa “evacuation operation.”,false,Facebook post,Immigration; Facebook Fact-checks,Ciara O'Rourke,"February 22, 2023",https://www.politifact.com/factchecks/2023/feb/22/facebook-posts/that-special-immigrant-visa-and-evacuation-program/
Kayleigh McEnany,"February 7, 2023","""Joe Biden's wide open southern border"" is to blame for fentanyl deaths in the U.S.",false,Facebook post,Immigration; Corrections and Updates; Drugs; Public Health; Facebook Fact-checks,Jeff Cercone,"February 10, 2023",https://www.politifact.com/factchecks/2023/feb/10/kayleigh-mcenany/are-bidens-border-policies-to-blame-for-fentanyl-d/
Chip Roy,"January 23, 2023","""Under Biden, we have seen over 4.6 million encounters at our southern border. Most have been released into the interior and will stay here indefinitely.""",half-true,tweet,Immigration; Border Security; Texas,Maria Ramirez Uribe,"February 3, 2023",https://www.politifact.com/factchecks/2023/feb/03/chip-roy/chip-roy-cites-correct-border-encounters-data-wron/
Facebook posts,"January 27, 2023","U.S. Rep. Ilhan Omar is ""facing 40 years in prison and deportation after seven new crimes uncovered.""",false,Facebook post,Immigration; Criminal Justice; Facebook Fact-checks,Tom Kertscher,"February 2, 2023",https://www.politifact.com/factchecks/2023/feb/02/facebook-posts/resurfaced-claim-remains-false-theres-no-evidence/
Joe Biden,"January 5, 2023","Since a new immigration program was implemented, the number of Venezuelans trying to enter the U.S. illegally decreased “from about 1,100 per day to less than 250 per day on average.”",mostly-true,speech,Immigration; Border Security,Maria Ramirez Uribe,"January 6, 2023",https://www.politifact.com/factchecks/2023/jan/06/joe-biden/illegal-immigration-dropped-after-new-venezuela-pr/
Mike Pence,"November 18, 2022",The border wall and the ‘Remain in Mexico’ policy “reduced illegal immigration by 90%.”,false,speech,Immigration; Border Security,Maria Ramirez Uribe,"December 6, 2022",https://www.politifact.com/factchecks/2022/dec/06/mike-pence/pences-claim-about-a-90-drop-in-illegal-immigratio/
Jeh Johnson,"November 27, 2022",“Only about 20%” of people who apply for asylum qualify for it.,false,interview,Immigration; Border Security,Maria Ramirez Uribe,"December 6, 2022",https://www.politifact.com/factchecks/2022/dec/06/jeh-johnson/jeh-johnson-wrong-that-asylum-cases-approval-is-on/
Instagram posts,"November 20, 2022",The Biden administration is deporting Cubans “because Cubans by and large are conservatives.”,false,Instagram post,Immigration; Border Security,Maria Ramirez Uribe,"November 23, 2022",https://www.politifact.com/factchecks/2022/nov/23/instagram-posts/no-evidence-us-deporting-cubans-based-political-af/
Adam Laxalt,"November 20, 2022",“Biden and Democrats have dismantled border security.”,false,ad,Immigration; Nevada; Border Security; Ad Watch,Maria Ramirez Uribe,"November 3, 2022",https://www.politifact.com/factchecks/2022/nov/03/adam-laxalt/nevada-senate-gop-candidate-adam-laxalt-falsely-cl/
Catherine Cortez Masto,"October 13, 2022",Adam Laxalt is “anti-DACA” and “fought against the protections for DACA recipients when he was attorney general.”,half-true,tweet,Immigration; Nevada; Elections,Maria Ramirez Uribe,"October 26, 2022",https://www.politifact.com/factchecks/2022/oct/26/catherine-cortez-masto/adam-laxalt-opposed-expanding-daca-not-revoking-pr/
Citizens for Sanity,"October 5, 2022",Suggests that an immigrant charged with sexually assaulting a child entered the U.S. illegally during the Biden administration.,false,ad,Immigration; National; Border Security; Elections; Ad Watch,Maria Ramirez Uribe,"October 21, 2022",https://www.politifact.com/factchecks/2022/oct/21/citizens-sanity/ad-incorrectly-suggests-immigrant-accused-of-sexua/
Citizens for Sanity,"October 7, 2022",“Every single Senate Democrat voted against hiring more border agents. They voted against deporting felons. And they voted against ending catch and release.”,mostly-false,ad,Immigration; National; Border Security; Elections; Ad Watch,Maria Ramirez Uribe,"October 21, 2022",https://www.politifact.com/factchecks/2022/oct/21/citizens-sanity/ad-misrepresents-senate-democrats-full-record-on-b/
Blake Masters,"October 15, 2022",Immigrants illegally in the country are treated “better than military veterans.”,false,tweet,Immigration; National; Veterans; Arizona,Jon Greenberg,"October 21, 2022",https://www.politifact.com/factchecks/2022/oct/21/blake-masters/blake-masters-flawed-comparison-of-treatment-for-v/
West Virginia Republican Party,"August 23, 2022",“More fentanyl has crossed the border in the last two months under Biden than in 2019 under Trump.”,mostly-true,tweet,West Virginia; Immigration; Drugs; Homeland Security,Megan Bevins,"October 3, 2022",https://www.politifact.com/factchecks/2022/oct/03/west-virginia-republican-party/fact-checking-how-much-fentanyl-coming-us/
Alex Mooney,"August 29, 2022","“There have now been 16 straight months of OVER 150,000 illegal border crossings.”",mostly-true,tweet,West Virginia; Immigration; Homeland Security,Maxwell Bruce,"October 3, 2022",https://www.politifact.com/factchecks/2022/oct/03/alex-mooney/fact-checking-current-scale-us-mexico-border-cross/
Instagram posts,"August 21, 2022","“America now has a government that forbids border agents from using deadly force, but is training IRS agents to use SWAT-team tactics on law-abiding citizens.”",false,Instagram post,Immigration; Homeland Security; Taxes,Jeff Cercone,"September 30, 2022",https://www.politifact.com/factchecks/2022/sep/30/instagram-posts/instagram-post-gets-facts-wrong-about-use-deadly-f/
Peggy Hubbard,"September 19, 2022",Martha's Vineyard declared itself as a sanctuary city until the buses arrived.,half-true,post,Immigration; National; Facebook Fact-checks,Gabrielle Settles,"September 27, 2022",https://www.politifact.com/factchecks/2022/sep/27/peggy-hubbard/least-three-marthas-vineyard-towns-adopted-sanctua/
Instagram posts,"September 16, 2022",Martha’s Vineyard “deported 50 illegals after only 24 hours.”,false,post,Immigration; Facebook Fact-checks,Madison Czopek,"September 21, 2022",https://www.politifact.com/factchecks/2022/sep/21/instagram-posts/claim-marthas-vineyard-deported-migrants-wrong/
Instagram posts,"September 18, 2022","Martha’s Vineyard ""used the military to deport every last illegal migrant from their island.”",false,Facebook post,Immigration; Military; Facebook Fact-checks,Jeff Cercone,"September 20, 2022",https://www.politifact.com/factchecks/2022/sep/20/instagram-posts/military-didnt-deport-immigrants-marthas-vineyard/
Jim Marchant,"August 9, 2022","“Here in Nevada, the DMV registers everybody (to vote) and so that means illegals. They don’t check.”",false,interview with Steve Bannon,Immigration; Nevada; Elections,Amy Sherman,"September 8, 2022",https://www.politifact.com/factchecks/2022/sep/08/jim-marchant/nevada-republican-misleads-about-dmv-registering-i/
Adam Laxalt,"August 8, 2022","The public health order Title 42 is ""the last tool Border Patrol has to stop the overwhelming flood of illegal immigrants pouring into our country.”",false,statement,Immigration; Nevada; Border Security; Elections; Homeland Security,Maria Ramirez Uribe,"August 31, 2022",https://www.politifact.com/factchecks/2022/aug/31/adam-laxalt/title-42-not-last-tool-border-patrol-has-prevent-i/
National Republican Senatorial Committee,"August 10, 2022",Says Democratic Senate candidate Mandela Barnes “supports abolishing ICE.”,mostly-false,News release,Immigration; Border Security; Legal Issues; Wisconsin,Vanessa Swales,"August 29, 2022",https://www.politifact.com/factchecks/2022/aug/29/national-republican-senatorial-committee/barnes-does-not-support-abolish-ice-movement/
Glenn Grothman,"July 18, 2022","""With three months remaining in the Fiscal Year, (the border patrol) has already encountered more illegal immigrants along the Southwest border"" than in any previous fiscal year.",mostly-true,Twitter,Immigration; Border Security; Legal Issues; Wisconsin,Vanessa Swales,"August 18, 2022",https://www.politifact.com/factchecks/2022/aug/18/glenn-grothman/border-apprehensions-outpace-previous-years-analys/
Tomi Lahren,"July 25, 2022",“Biden wants to give illegals ID cards so they can start collecting American benefits.”,false,tweet,Immigration; National; Border Security; Homeland Security; Facebook Fact-checks,Maria Ramirez Uribe,"August 5, 2022",https://www.politifact.com/factchecks/2022/aug/05/tomi-lahren/ice-proposes-id-cards-immigrants-border-not-access/
Facebook posts,"June 28, 2022",This is the 911 call placed by the migrants trapped in the truck found in San Antonio.,false,Facebook post,Immigration; Border Security; Texas,Nuria Diaz Muñoz,"June 30, 2022",https://www.politifact.com/factchecks/2022/jun/30/facebook-posts/no-911-audio-not-related-migrants-truck-found-san-/
Instagram posts,"June 21, 2022","""The Supreme Court ruled that border agents can enter anyone’s home within a 100-mile radius of the border without a warrant for any reason and federal courts cannot do anything about it.""",mostly-false,Instagram post,Immigration; Border Security; Legal Issues; Supreme Court; Facebook Fact-checks,Grace Abels,"June 30, 2022",https://www.politifact.com/factchecks/2022/jun/30/instagram-posts/no-border-patrol-agents-cant-enter-home-without-wa/
Joni Ernst,"May 28, 2022","$3 million per day in ""your tax dollars"" are being spent to guard ""unused border wall materials.""",half-true,newsletter,Immigration; Iowa,Nina Baker,"June 16, 2022",https://www.politifact.com/factchecks/2022/jun/16/joni-ernst/hard-pin-down-growing-cost-unused-border-materials/
Mark Brnovich,"May 23, 2022",Increased encounters at the southwest border in April 2022 compared to April 2020 are attributable to changes in border policy.,mostly-false,tweet,Immigration; Border Security; Homeland Security; Arizona,Maria Ramirez Uribe,"June 2, 2022",https://www.politifact.com/factchecks/2022/jun/02/mark-brnovich/despite-uptick-border-encounters-policies-adults-t/
X posts,"May 24, 2022","ICE is in Uvalde, Texas, “so undocumented parents have to consider arrest deportation before they go check to see if their kids are alive.”",false,tweet,Immigration; Homeland Security; Guns; Texas,Nusaiba Mizan,"May 25, 2022",https://www.politifact.com/factchecks/2022/may/25/tweets/ice-not-carrying-out-immigration-enforcement-uvald/
James Lankford,"May 4, 2022",“The vast majority of individuals that we’re releasing out are not showing up for hearings.”,false,Senate hearing,Immigration; Border Security; Homeland Security,Maria Ramirez Uribe,"May 17, 2022",https://www.politifact.com/factchecks/2022/may/17/james-lankford/most-people-released-immigration-authorities-do-at/
Blake Masters,"May 14, 2022",“Democrats want open borders so they can bring in and amnesty tens of millions of illegal aliens — that’s their electoral strategy.”,false,tweet,Immigration; Elections; Arizona,Jon Greenberg,"May 16, 2022",https://www.politifact.com/factchecks/2022/may/16/blake-masters/factchecking-arizonas-blake-masters-claim-open-bor/
Greg Abbott,"May 12, 2022",Says the Biden administration is choosing to send baby formula to the border as one of its “out-of-touch priorities.”,mostly-false,press release,Immigration; Border Security; Children; Families; Texas,Madison Czopek,"May 13, 2022",https://www.politifact.com/factchecks/2022/may/13/greg-abbott/providing-baby-formula-babies-held-border-legal-re/
Tom Tiffany,"February 18, 2022","The Biden administration has been ""recklessly releasing potentially dangerous Afghans into our communities.""",mostly-false,Twitter,Afghanistan; Immigration; Homeland Security; Wisconsin,Alan Hovorka,"May 13, 2022",https://www.politifact.com/factchecks/2022/may/13/tom-tiffany/tiffany-overstates-report-shortcomings-afghan-vett/
National Republican Senatorial Committee,"April 25, 2022",Sen. Mark Kelly voted “for benefits to illegals.”,false,ad,Immigration; Stimulus; Arizona,Maria Ramirez Uribe,"May 2, 2022",https://www.politifact.com/factchecks/2022/may/02/national-republican-senatorial-committee/mark-kellys-votes-did-not-give-benefits-immigrants/
Tim Westley,"March 30, 2022","""We have (people detained by ICE) that have to be seen within 24 hours, while veterans are seen within months.",false,interview,Immigration; Border Security; Health Care; Public Health; Veterans; Texas,Nusaiba Mizan,"April 25, 2022",https://www.politifact.com/factchecks/2022/apr/25/tim-westley/health-care-systems-detained-migrants-veterans-are/
Thom Tillis,"April 7, 2022",“Most Americans favor keeping Title 42 in place.”,half-true,press release,Immigration; North Carolina,Paul Specht,"April 22, 2022",https://www.politifact.com/factchecks/2022/apr/22/thom-tillis/tillis-stakes-title-42-claim-limited-data/
Rob Wittman,"April 8, 2022","“They’re going to be giving these people who come across the border, giving them smartphones.”",half-true,radio interview.,Immigration; Corrections and Updates; Homeland Security; Virginia,Warren Fiske,"April 19, 2022",https://www.politifact.com/factchecks/2022/apr/19/rob-wittman/wittman-skips-key-information-about-smartphones-be/
Facebook posts,"April 11, 2022","""Joe Biden is giving smartphones away to illegal border crossers.”",half-true,Facebook post,Immigration; Corrections and Updates; Homeland Security; Technology; Facebook Fact-checks,Andy Nguyen,"April 14, 2022",https://www.politifact.com/factchecks/2022/apr/14/facebook-posts/claim-about-smartphones-given-immigrants-misses-ke/
JD Vance,"April 5, 2022","“Joe Biden’s open border” means that there are “more Democrat voters pouring into this country.""",false,TV ad,Immigration; National; Ohio; Elections,Amy Sherman,"April 8, 2022",https://www.politifact.com/factchecks/2022/apr/08/jd-vance/jd-vances-ad-about-open-border-and-immigrant-voter/
Facebook posts,"April 3, 2022","""Biden changes his mind and now wants to resume building Trump’s wall.""",false,article,Immigration; Facebook Fact-checks,Monique Curet,"April 7, 2022",https://www.politifact.com/factchecks/2022/apr/07/facebook-posts/work-not-resuming-hundreds-miles-border-wall-trump/
Mick McGuire,"March 24, 2022","Ketanji Brown Jackson has ""a weak record — defund police, abolish ICE and now a completely open border policy.""",pants-fire,ad,Immigration; Corrections and Updates; Criminal Justice; Ad Watch; Arizona,Tom Kertscher,"March 25, 2022",https://www.politifact.com/factchecks/2022/mar/25/mick-mcguire/claim-nominee-ketanji-brown-jackson-wants-defund-p/
Tyler Kistner,"February 22, 2022","Joe Biden ""has been secretly flying illegal immigrants into communities across the country in the middle of the night.""",mostly-false,ad,Immigration; Ad Watch,Tom Kertscher,"March 16, 2022",https://www.politifact.com/factchecks/2022/mar/16/tyler-kistner/claims-biden-secretly-flying-immigrants-us-cities-/
Ron Johnson,"February 4, 2022",Federal border officials are allowing undocumented immigrants who are “known criminals who possess an arrest warrant to fly on U.S. aircraft (which) threatens our homeland security.”,mostly-false,News release,Immigration; Border Security,Laura Schulte,"March 4, 2022",https://www.politifact.com/factchecks/2022/mar/04/ron-johnson/immigrants-who-are-known-criminals-are-not-using-a/
Chuck Grassley,"February 5, 2022","""During the first 3 months of FY2022 Customs& Border Protection recorded 518k encounters w illegal immigrants at S border That’s up 137% from same point in FY2021.""",mostly-true,tweet,Immigration; Iowa,Lauren White,"March 3, 2022",https://www.politifact.com/factchecks/2022/mar/03/chuck-grassley/border-encounters-partially-due-covid-19-expulsion/
Republican National Committee,"February 20, 2022","January 2022 fentanyl seizures show ""illicit drugs are flowing into the country at an alarming rate because of Biden’s open border.”",mostly-false,tweet,Immigration; Border Security,Jeff Cercone,"February 24, 2022",https://www.politifact.com/factchecks/2022/feb/24/republican-national-committee-republican/fentanyl-seizures-are-not-evidence-open-border/
Ron DeSantis,"February 7, 2022","Says the Biden administration’s Unaccompanied Alien Children process has “no vetting, no transparency.”",mostly-false,news conference,Immigration; Florida,Yacob Reyes,"February 18, 2022",https://www.politifact.com/factchecks/2022/feb/18/ron-desantis/fact-checking-ron-desantis-claim-us-process-smuggl/
Tyler Lee,"January 27, 2022","ICE has been illegally releasing immigrants “in Huntersville #NC13 at big box retail locations. Feds aren’t notifying anyone, just making secret drops at 3am.”",false,tweet,Immigration; North Carolina,Paul Specht,"February 8, 2022",https://www.politifact.com/factchecks/2022/feb/08/tyler-lee/no-proof-immigrant-drop-offs-charlotte-suburb/
Facebook posts,"January 31, 2022",Hundreds of ‘illegals’ were dropped off at Florida hotel.,false,Facebook post,Immigration; Florida; Facebook Fact-checks,Jeff Cercone,"February 1, 2022",https://www.politifact.com/factchecks/2022/feb/01/facebook-posts/workers-shown-video-arriving-florida-hotel-are-her/
Facebook posts,"January 23, 2022","American taxpayer dollars provide “free housing, free medical, free state identification” to immigrants in the country illegally.",false,Facebook post,Immigration; Health Care; Housing; Facebook Fact-checks,Madison Czopek,"January 31, 2022",https://www.politifact.com/factchecks/2022/jan/31/facebook-posts/fact-checking-claim-about-immigrants-eligibility-a/
Ronny Jackson,"January 16, 2022","""In 2022, illegal immigrants will have MORE FREEDOMS and easier access to healthcare and ballot boxes than most Americans... Just think about that.""",pants-fire,tweet,Immigration; Border Security; Elections; Health Care; Texas,Nusaiba Mizan,"January 31, 2022",https://www.politifact.com/factchecks/2022/jan/31/ronny-jackson/ronny-jackson-wrong-unauthorized-immigrant-access-/
Jim Lamon,"January 26, 2022","The Biden-Harris administration ""wants to hand out $450,000 to illegal immigrants.""",false,ad,Immigration; Congress; Elections; Federal Budget; Legal Issues; Ad Watch; Arizona,Tom Kertscher,"January 26, 2022",https://www.politifact.com/factchecks/2022/jan/26/jim-lamon/gop-ariz-senate-hopeful-lamon-falsely-claims-biden/
Facebook posts,"January 7, 2019",American citizens “pay $155 billion annually to make sure illegal immigrants are taken care of better than American citizens”,false,Facebook post,Immigration,Madison Czopek,"January 26, 2022",https://www.politifact.com/factchecks/2022/jan/26/facebook-posts/theres-no-evidence-americans-pay-155-billion-each-/
TikTok posts,"November 21, 2021",Richard von Coudenhove-Kalergi planned “the ethnocide of the peoples of Europe” through “the encouragement of mass non-white immigration.”,false,TikTok post,Immigration; History,Luiz Romero,"January 24, 2022",https://www.politifact.com/factchecks/2022/jan/24/tiktok-posts/no-there-no-kalergi-plan-replace-europeans-migrant/
Derrick Van Orden,"December 7, 2021","Actions by Joe Biden left ""10,000 to 15,000 American citizens abandoned to terrorists in Afghanistan.""",mostly-false,Twitter,Afghanistan; Immigration; National; Military; Wisconsin,Alan Hovorka,"January 4, 2022",https://www.politifact.com/factchecks/2022/jan/04/derrick-van-orden/wisconsin-republican-candidate-mostly-wrong-number/
Glenn Grothman,"November 30, 2021","Says Joe Biden “shut down travel from 8 countries in response to the Omicron variant, but he refuses to require a #COVID19 test for illegal immigrants crossing our Southern border.”",half-true,Twitter,Immigration; Border Security; Coronavirus; Wisconsin,Laura Schulte,"December 14, 2021",https://www.politifact.com/factchecks/2021/dec/14/glenn-grothman/some-migrants-being-tested-covid-southern-border-o/
The Gateway Pundit,"November 26, 2021","Because of omicron, “the Biden administration has decided to leave the U.S. southern border completely open.”",false,article,Immigration; Facebook Fact-checks,Tom Kertscher,"December 2, 2021",https://www.politifact.com/factchecks/2021/dec/02/gateway-pundit/us-southern-border-completely-open-s-false/
Dan Patrick,"October 18, 2021","Over a million people apprehended at the border this year, ""meaning probably another 2 or 3 million have come in illegally.""",half-true,TV interview,Immigration; Texas,Nusaiba Mizan,"November 15, 2021",https://www.politifact.com/factchecks/2021/nov/15/dan-patrick/texas-lt-gov-patrick-half-right-claim-about-people/
Bryan Steil,"October 28, 2021","Says President Joe Biden “is in talks to pay illegal immigrants $450,000.”",half-true,Twitter,Immigration; Border Security; Children; Families; Wisconsin,Laura Schulte,"November 12, 2021",https://www.politifact.com/factchecks/2021/nov/12/bryan-steil/steils-claim-biden-admin-will-pay-out-450000-illeg/
Mary Miller,"October 23, 2021","The migrant caravan from Tapachula, Mexico “is the population of Minneapolis.”",pants-fire,tweet,Immigration; Border Security; Illinois,Kiannah Sepeda-Miller,"October 31, 2021",https://www.politifact.com/factchecks/2021/oct/31/mary-miller/no-migrant-caravan-tapachula-mexico-not-population/
Cori Bush,"September 23, 2021","“Approximately 60,000 Canadians currently live undocumented in the USA.”",mostly-true,tweet,Immigration,Amy Sherman,"October 4, 2021",https://www.politifact.com/factchecks/2021/oct/04/cori-bush/fact-check-how-many-undocumented-canadians-live-us/
Facebook posts,"September 20, 2021",Haitian migrants took an implausible route to Texas-Mexico border area.,mostly-false,Facebook post,Immigration; Facebook Fact-checks; Texas,Amy Sherman,"September 23, 2021",https://www.politifact.com/factchecks/2021/sep/23/facebook-posts/why-haitians-are-crossing-us-texas-and-not-somewhe/
Ted Cruz,"August 4, 2021","“In the last several months, the Biden administration has released over 7,000 illegal aliens who were COVID positive just in one Texas city.” Biden's border policies are ""endangering not just the people of Texas, but people all across the country.""",false,interview,Immigration; Public Health; Coronavirus; Texas,Brandon Mulder,"September 3, 2021",https://www.politifact.com/factchecks/2021/sep/03/ted-cruz/7000-covid-positive-migrants-quarantined-mcallen-a/
Charlie Kirk,"August 16, 2021",Joe Biden intentionally “let it fall apart” in Afghanistan because he “wants a couple hundred thousand more Ilhan Omars to come into America to change the body politic permanently.”,pants-fire,radio show segment,Afghanistan; Immigration; Human Rights; Foreign Policy; Military; Pundits; PunditFact,Bill McCarthy,"August 19, 2021",https://www.politifact.com/factchecks/2021/aug/19/charlie-kirk/charlie-kirk-baselessly-claims-biden-intentionally/
Gary Sides,"August 3, 2021","The United States' southern border is ""basically open"" and is ""a super spreader event.”",false,school board meeting,Immigration; North Carolina,Paul Specht,"August 13, 2021",https://www.politifact.com/factchecks/2021/aug/13/gary-sides/north-carolina-school-leader-repeats-false-claims-/
Ken Paxton,"August 7, 2021",The Biden administration is “not even testing these people” being released by Border Patrol into the U.S.,mostly-false,interview,Immigration; Coronavirus; Texas,Brandon Mulder,"August 13, 2021",https://www.politifact.com/factchecks/2021/aug/13/ken-paxton/biden-administration-not-even-testing-migrants-rel/
Ron DeSantis,"August 4, 2021",Says Joe Biden has driven the current coronavirus surge because he “imported more virus from around the world by having a wide open southern border.”,false,press conference,Immigration; Public Health; Florida; Coronavirus,Louis Jacobson,"August 6, 2021",https://www.politifact.com/factchecks/2021/aug/06/ron-desantis/ron-desantis-effort-blame-covid-19-spread-migrants/
Facebook posts,"July 31, 2021","Two federal government buses “stopped in front of a Mexican restaurant in the very small town of Green Cove Springs Florida… The passengers were illegal immigrants, straight from the southern border.”",false,Facebook post,Immigration; Homeland Security; Florida; Facebook Fact-checks; Coronavirus,Amy Sherman,"August 5, 2021",https://www.politifact.com/factchecks/2021/aug/05/facebook-posts/feds-did-not-drop-immigrants-illegally-country-mex/
X posts,"July 26, 2021","Says Joe Biden “is restricting travel for Americans into Mexico, but is keeping the border wide open for illegal aliens to walk right into our country.”",mostly-false,tweet,Immigration; Foreign Policy; Public Health; Facebook Fact-checks; Coronavirus,Tom Kertscher,"July 28, 2021",https://www.politifact.com/factchecks/2021/jul/28/tweets/us-mexico-border-not-wide-open-most-people-trying-/
Facebook posts,"July 24, 2021",There are “22 million illegal aliens living in America and ... voting illegally.”,false,Facebook post,Immigration; Elections; Facebook Fact-checks,Bill McCarthy,"July 27, 2021",https://www.politifact.com/factchecks/2021/jul/27/facebook-posts/no-evidence-viral-claim-22-million-illegal-aliens-/
Terri Bryant,"July 13, 2021","“You may be 55 years old in [Illinois] and a citizen and not eligible for Medicaid. But if you are an undocumented immigrant and 55 or older, you’re eligible for Medicaid.”",false,radio interview,Immigration; Health Care; Medicaid; Illinois,Kiannah Sepeda-Miller,"July 20, 2021",https://www.politifact.com/factchecks/2021/jul/20/terri-bryant/downstate-senator-wrong-medicaid-eligibility-illin/
Greg Abbott,"June 16, 2021","“Carnage"" is being caused ""by people who are coming across the border.""",false,press conference,Immigration; Border Security; Texas,Brandon Mulder,"July 2, 2021",https://www.politifact.com/factchecks/2021/jul/02/greg-abbott/are-migrants-causing-carnage-texas-border-abbotts-/
George P. Bush,"June 9, 2021",“We see an uncompleted wall that was duly appropriated dollars during the Trump days to build over 700 miles. Only 150 miles were constructed.”,false,interview,Immigration; Border Security; Texas,Brandon Mulder,"June 21, 2021",https://www.politifact.com/factchecks/2021/jun/21/george-p-bush/bush-undercounts-border-wall-miles-completed-under/
Facebook posts,"May 17, 2021",“Gas prices highest in a decade. Worst jobs report in 2 decades. Highest inflation in 3 decades. Highest increase in illegal immigration in 4 decades.”,mostly-false,social media posts,Immigration; Corrections and Updates; Economy; Gas Prices; Facebook Fact-checks,Louis Jacobson,"May 26, 2021",https://www.politifact.com/factchecks/2021/may/26/facebook-posts/social-media-post-exaggerates-economic-statistics/
Thom Tillis,"April 19, 2021",“One of (Joe Biden’s) first acts in office was sending an immigration bill to Congress to grant mass amnesty to illegal immigrants.”,half-true,op-ed,Immigration; North Carolina,Paul Specht,"April 28, 2021",https://www.politifact.com/factchecks/2021/apr/28/thom-tillis/tillis-doesnt-tell-full-story-about-biden-amnesty-/
Donald Trump,"April 19, 2021","“Human trafficking and drugs” at the Mexico border have “doubled, tripled and quadrupled” since Joe Biden became president.",false,interview on Fox News,Immigration; Drugs; Facebook Fact-checks,Tom Kertscher,"April 27, 2021",https://www.politifact.com/factchecks/2021/apr/27/donald-trump/no-proof-trumps-claim-surge-trafficking-drugs-bord/
Facebook posts,"April 25, 2021",“The Biden Administration is buying Kamala Harris’ book with our taxpayer dollars.”,false,Facebook post,Immigration; Corrections and Updates; Facebook Fact-checks,Ciara O'Rourke,"April 27, 2021",https://www.politifact.com/factchecks/2021/apr/27/facebook-posts/no-biden-administration-isnt-buying-kamala-harris-/
Facebook posts,"April 7, 2021",Says the nation is locked down and there’s “a wide open border.”,false,Facebook post,Immigration; Border Security; Homeland Security; Facebook Fact-checks; Coronavirus,Miriam Valverde,"April 15, 2021",https://www.politifact.com/factchecks/2021/apr/15/facebook-posts/facebook-post-makes-false-claim-about-lockdown-ope/
Facebook posts,"April 10, 2021","""Kids in cages"" in border facilities are ""at 700% capacity.""",half-true,Facebook post,Immigration; Facebook Fact-checks,Tom Kertscher,"April 15, 2021",https://www.politifact.com/factchecks/2021/apr/15/facebook-posts/fact-checking-whether-kids-cages-border-facility-7/
Glenn Grothman,"March 24, 2021",“We have encountered the largest surge of migrants (at the southern border) in the last 20 years.”,mostly-false,Twitter,Immigration; National; Border Security; Families; Wisconsin,Laura Schulte,"April 12, 2021",https://www.politifact.com/factchecks/2021/apr/12/glenn-grothman/grothman-miscalculates-claim-largest-surge-migrant/
Brandon Tatum,"April 5, 2021","“Kids at the border: 2,600 highest number Trump, 12,000 currently under Biden.”",half-true,Facebook post,Immigration; Children; Facebook Fact-checks,Tom Kertscher,"April 9, 2021",https://www.politifact.com/factchecks/2021/apr/09/brandon-tatum/more-children-held-border-under-biden-trump-not-4-/
Bloggers,"April 5, 2021",“Report: Biden administration busing ‘thousands’ of illegals to red states to get permanent status.”,false,blog post,Immigration; Elections; Facebook Fact-checks,Tom Kertscher,"April 7, 2021",https://www.politifact.com/factchecks/2021/apr/07/blog-posting/no-report-does-not-say-biden-administration-busing/
Katie Pavlich,"April 1, 2021",“The Biden administration is engaging in human trafficking because they are enabling this to happen” at the southern border.,false,TV segment,Immigration; Crime; Pundits; PunditFact,Bill McCarthy,"April 6, 2021",https://www.politifact.com/factchecks/2021/apr/06/katie-pavlich/katie-pavlich-falsely-claims-biden-administration-/
Greg Abbott,"March 30, 2021",“Twice as many children are in Border Patrol custody under Biden than Trump peak in 2019.”,true,tweet,Immigration; Border Security; Texas,Brandon Mulder,"April 6, 2021",https://www.politifact.com/factchecks/2021/apr/06/greg-abbott/yes-number-kids-border-patrol-custody-double-2019s/
Facebook posts,"March 21, 2021","“Less than 500 people a year killed by all rifles combined” and “4,000 a year killed by illegals.”",mostly-false,Facebook post,Immigration; Facebook Fact-checks; Guns,Tom Kertscher,"March 30, 2021",https://www.politifact.com/factchecks/2021/mar/30/facebook-posts/fact-checking-number-people-killed-rifles-and-peop/
Facebook posts,"March 24, 2021","Says the suspected Boulder mass shooter is a Muslim ""who entered illegally from Mexico and purchased the firearm from a guy that sells stolen guns.""",mostly-false,Facebook post,Colorado; Immigration; Religion; Facebook Fact-checks; Guns,Tom Kertscher,"March 30, 2021",https://www.politifact.com/factchecks/2021/mar/30/facebook-posts/no-evidence-suspected-mass-shooter-bought-gun-ille/
Facebook posts,"March 23, 2021",“We spent billions on a border wall and quit when it was 90% finished.”,mostly-false,Facebook post,Immigration; Border Security; Homeland Security,Miriam Valverde,"March 29, 2021",https://www.politifact.com/factchecks/2021/mar/29/facebook-posts/border-barrier-wasnt-90-finished-when-biden-halted/
Veronica Escobar,"March 14, 2021","""We began seeing the increase in unaccompanied minors going back to last April 2020. This is not something that happened as a result of Joe Biden becoming president.”",half-true,interview,Immigration; Border Security; Texas,Brandon Mulder,"March 29, 2021",https://www.politifact.com/factchecks/2021/mar/29/veronica-escobar/surge-minors-border-due-numerous-factors-biden-pol/
Joe Biden,"March 25, 2021","Says there was a “28% increase in children to the border in my administration” and “31% … in 2019.” The increase in migration in January, February and March “happens every year.”",mostly-false,press conference,Immigration; Border Security; Homeland Security,Miriam Valverde,"March 26, 2021",https://www.politifact.com/factchecks/2021/mar/26/joe-biden/fact-checking-joe-bidens-stats-children-arriving-b/
Joe Biden,"March 25, 2021",“We’re sending back the vast majority of the families that are coming.”,false,press conference,Immigration; Border Security; Families; Homeland Security,Miriam Valverde,"March 25, 2021",https://www.politifact.com/factchecks/2021/mar/25/joe-biden/fact-checking-joe-bidens-claim-about-families-bord/
Richard Hudson,"March 15, 2021","""Illegal border crossings are up 173% from 1 year ago and 28% since January when President Biden stopped the wall & deportations and started catch & release.""",half-true,tweet,Immigration; Border Security; North Carolina,Paul Specht,"March 25, 2021",https://www.politifact.com/factchecks/2021/mar/25/richard-hudson/border-crossings-are-not-because-biden-stopped-wal/
Donald Trump,"March 21, 2021","""We proudly handed the Biden administration the most secure border in history. All they had to do was keep this smooth-running system on autopilot.”",mostly-false,statement to the media,Immigration; National,Amy Sherman,"March 24, 2021",https://www.politifact.com/factchecks/2021/mar/24/donald-trump/what-trump-omits-his-attack-biden-about-border-sec/
Alejandro Mayorkas,"March 21, 2021",The border surge is “challenging” because the immigration system that had been in place for decades “was dismantled in its entirety by the Trump administration.”,half-true,an ABC News interview,Immigration; Border Security; Homeland Security,Miriam Valverde,"March 24, 2021",https://www.politifact.com/factchecks/2021/mar/24/alejandro-mayorkas/fact-checking-claim-about-trump-administration-cha/
Jeanine  Pirro,"March 20, 2021",The southern U.S. border “is now open to anyone from anywhere in the world who wishes to enter our country.”,false,TV segment,Immigration; Crime; Pundits; PunditFact,Bill McCarthy,"March 23, 2021",https://www.politifact.com/factchecks/2021/mar/23/jeanine-pirro/fox-news-jeanine-pirro-wrongly-claims-us-border-op/
Ron DeSantis,"March 13, 2021","""When I became governor, we banned sanctuary cities and we also did E-Verify.""",mostly-true,an interview on Fox News,Immigration; Workers; Florida,Amy Sherman,"March 19, 2021",https://www.politifact.com/factchecks/2021/mar/19/ron-desantis/fact-checking-desantis-sanctuary-cities-e-verify-l/
Facebook posts,"March 13, 2021","Says Joe Biden is “now saying he inherited ‘a mess’ at the border. Fact: 9,000 illegals all of 2020. So far in 2021 108,000 entered U.S.”",false,text post,Immigration; Facebook Fact-checks,Daniel Funke,"March 17, 2021",https://www.politifact.com/factchecks/2021/mar/17/facebook-posts/facebook-post-misleads-number-border-apprehensions/
Veronica Escobar,"March 14, 2021","""We saw the increases (of unaccompanied minors at the southern U.S. border) dating back almost a year.""",mostly-true,CNN interview,Immigration; Homeland Security,Miriam Valverde,"March 17, 2021",https://www.politifact.com/factchecks/2021/mar/17/veronica-escobar/did-increase-children-arriving-border-start-under-/
Facebook posts,"March 9, 2021","“Illegal aliens will receive $1,400 stimulus checks.”",mostly-false,Facebook post,Immigration; Federal Budget; Facebook Fact-checks; Coronavirus,Tom Kertscher,"March 12, 2021",https://www.politifact.com/factchecks/2021/mar/12/facebook-posts/most-immigrants-us-illegally-not-eligible-direct-1/
Ashley Moody,"March 9, 2021",Says the Biden administration is canceling immigration detainers and “requiring our law enforcement leaders to release” serious criminal offenders.,half-true,Fox & Friends interview,Immigration; Homeland Security; Public Safety,Miriam Valverde,"March 12, 2021",https://www.politifact.com/factchecks/2021/mar/12/ashley-moody/fact-checking-florida-attorney-general-bidens-immi/
Kayleigh McEnany,"March 8, 2021","Current immigration ""apprehension numbers are worse than the 'crisis' Biden/Obama/Pelosi acknowledged in 2014!""",mostly-true,Facebook post and tweet,Immigration; Pundits; PunditFact,Bill McCarthy,"March 11, 2021",https://www.politifact.com/factchecks/2021/mar/11/kayleigh-mcenany/border-apprehensions-then-and-now-fact-checking-mc/
Greg Abbott,"March 3, 2021",“The Biden Administration is recklessly releasing hundreds of illegal immigrants who have COVID into Texas communities.”,mostly-false,tweet,Immigration; Border Security; Coronavirus; Texas,Brandon Mulder,"March 11, 2021",https://www.politifact.com/factchecks/2021/mar/11/greg-abbott/abbott-exaggerates-covid-19-concerns-among-migrant/
Mike Pence,"March 3, 2021","The voting bill known as H.R. 1 would mean “that millions of illegal immigrants are quickly registered to vote.""",false,Daily Signal op ed,Immigration; Congress; Elections,Amy Sherman,"March 5, 2021",https://www.politifact.com/factchecks/2021/mar/05/mike-pence/pence-falsely-says-if-hr-1-passes-millions-people-/
Donald Trump,"February 28, 2021","Says Joe Biden “has effectively ordered a shutdown of ICE, halting virtually all deportations, everyone, murderers, everybody, no more.”",false,CPAC speech,Immigration; Homeland Security,Miriam Valverde,"March 1, 2021",https://www.politifact.com/factchecks/2021/mar/01/donald-trump/cpac-return-trump-falsely-claims-biden-halted-all-/
Ron Johnson,"February 12, 2021","“Biden’s plan will immediately let in 25,000 asylum-seekers who’d been waiting in Mexico as their cases were judged.”",mostly-false,Twitter,Immigration; Border Security; Homeland Security; Wisconsin,D.L. Davis,"March 1, 2021",https://www.politifact.com/factchecks/2021/mar/01/ron-johnson/johnson-overreaches-asylum-seeker-claim/
Tom Cotton,"February 26, 2021","The Biden administration “halted deportations for all illegal aliens — murderers, rapists, terrorists, MS-13 gang members are not being deported.""",false,CPAC speech,Immigration; Corrections and Updates; Homeland Security; Crime; Terrorism,Miriam Valverde,"February 26, 2021",https://www.politifact.com/factchecks/2021/feb/26/tom-cotton/tom-cotton-falsely-claims-joe-biden-halted-deporta/
Glenn Beck,"February 23, 2021","“Just for the record, the Biden Administration IS separating children and parents.”",false,tweet,Immigration; Families; Homeland Security; Pundits,Miriam Valverde,"February 25, 2021",https://www.politifact.com/factchecks/2021/feb/25/glenn-beck/no-biden-not-separating-families-entering-country/
Ashley Hinson,"January 23, 2021","President Joe Biden’s day one approach to immigration included ""blanket amnesty and halting border wall construction.""",half-true,tweet,Immigration; Iowa,Natalie Dunlap,"February 17, 2021",https://www.politifact.com/factchecks/2021/feb/17/ashley-hinson/joe-biden-border-wall-criticism-hits-mark-blanket-/
Joe Biden,"February 16, 2021","“For the first time in American history, if you're seeking asylum ... you can't do it from the United States. … You’ve got to seek asylum from abroad.”",mostly-false,CNN town hall,Immigration; Homeland Security; Wisconsin,Miriam Valverde,"February 17, 2021",https://www.politifact.com/factchecks/2021/feb/17/joe-biden/fact-checking-joe-bidens-claim-about-people-having/
Laura Ingraham,"February 8, 2021","“You may not have stayed in a hotel in the past year, but illegals arriving since Biden’s inauguration, they get to stay free of charge.”",mostly-false,TV segment,Immigration; Public Health; Pundits; PunditFact; Coronavirus,Bill McCarthy,"February 15, 2021",https://www.politifact.com/factchecks/2021/feb/15/laura-ingraham/fact-checking-laura-ingrahams-claim-about-immigran/
Richard Durbin,"February 4, 2021","“More than 200,000 DACA recipients are essential infrastructure workers” including “41,700 DACA recipients in the healthcare industry”",mostly-true,Senate speech,Immigration; Congress; Coronavirus,Amy Sherman,"February 9, 2021",https://www.politifact.com/factchecks/2021/feb/09/richard-durbin/how-many-daca-recipients-are-essential-workers-ami/
Tom Cotton,"February 1, 2021","""A lot of these migrants that are coming, we have no way to screen their backgrounds for either health or for security.""",false,Fox & Friends interview,Immigration; Homeland Security; Public Health; Coronavirus,Miriam Valverde,"February 3, 2021",https://www.politifact.com/factchecks/2021/feb/03/tom-cotton/tom-cotton-wrong-theres-no-way-screen-immigrants/
Facebook posts,"November 18, 2018",Says Maxine Waters said Trump supporters are “not welcome here” and “we must welcome everyone who crosses our borders.”,mostly-false,Facebook post,Immigration; California,Tom Kertscher,"January 25, 2021",https://www.politifact.com/factchecks/2021/jan/25/facebook-posts/no-calif-rep-maxine-waters-didnt-say-trump-support/
Restoration PAC,"January 20, 2021",Says President Joe Biden sparked a migrant caravan from Honduras and questioned the loyalty of U.S. troops at the inauguration.,mostly-false,post,Immigration; Military; Facebook Fact-checks,Monique Curet,"January 25, 2021",https://www.politifact.com/factchecks/2021/jan/25/restoration-pac/biden-didnt-spark-migrant-caravan-question-loyalty/
David Perdue,"December 7, 2020","Says Jon Ossoff ""wants total, blanket amnesty and he wants a total lockdown.""",mostly-false,interview,Georgia; Immigration; Public Health; Coronavirus,Tom Kertscher,"December 14, 2020",https://www.politifact.com/factchecks/2020/dec/14/david-perdue/jon-ossoff-isnt-total-amnesty-backs-lockdown-only-/
Donald Trump,"December 2, 2020",“No state in the country verifies United States citizenship as a condition for voting in federal elections.”,mostly-false,speech,Immigration; Elections,Amy Sherman,"December 7, 2020",https://www.politifact.com/factchecks/2020/dec/07/donald-trump/do-states-verify-citizenship-voters-federal-electi/
Joni Ernst,"September 28, 2020",“I have been very clear with DACA. Even in my campaign six years ago I stood for those Dreamers.”,half-true,debate,Immigration; Corrections and Updates; Iowa,Madison Black,"October 29, 2020",https://www.politifact.com/factchecks/2020/oct/29/joni-ernst/joni-ernst-said-she-stood-dreamers-hasnt-always-su/
Facebook posts,"October 23, 2020",Says Donald Trump said “good” during the final presidential debate in reference to families being separated at the border.,false,image,Immigration; National; Facebook Fact-checks,Daniel Funke,"October 23, 2020",https://www.politifact.com/factchecks/2020/oct/23/facebook-posts/trump-did-not-say-good-when-talking-about-family-s/
Facebook posts,"May 30, 2020",“Federal law requires people to speak English to be naturalized as American citizens.”,mostly-true,post,Immigration; National; Facebook Fact-checks,Ilana Strauss,"October 19, 2020",https://www.politifact.com/factchecks/2020/oct/19/facebook-posts/foreign-nationals-pass-english-test-gain-american-/
Donald Trump,"October 15, 2020","Changes to DACA during his administration are ""because of the pandemic.""",false,NBC town hall,Immigration; Homeland Security,Miriam Valverde,"October 16, 2020",https://www.politifact.com/factchecks/2020/oct/16/donald-trump/donald-trumps-false-claim-daca-changes-because-pan/
Mark Kelly,"October 6, 2020",Says Martha McSally “voted to take away money from Fort Huachuca to pay for the border wall.”,half-true,debate,Immigration; Homeland Security; Military,Miriam Valverde,"October 14, 2020",https://www.politifact.com/factchecks/2020/oct/14/mark-kelly/kellys-claim-mcsally-voted-take-money-az-military-/
John Cornyn,"September 12, 2020",Says he “strongly supports legalization for Dreamers.”,half-true,advertisement,Immigration; Children; Texas,Brandon Mulder,"October 3, 2020",https://www.politifact.com/factchecks/2020/oct/03/john-cornyn/cornyn-dreamers-record/
Donald Trump,"September 16, 2020",Says Joe Biden “tried to cut Social Security and Medicare for decades. … Now Biden’s promising your benefits to illegal immigrants.”,mostly-false,campaign ad,Immigration; Health Care; Medicare; Social Security,Miriam Valverde,"September 24, 2020",https://www.politifact.com/factchecks/2020/sep/24/donald-trump/donald-trump-ad-distorts-bidens-record-social-secu/
NumbersUSA,"September 13, 2020","“Nearly 2 out of 3 Americans want to reduce legal immigration from 1 million per year down to 500,000 or less.”",half-true,Facebook post,Immigration; Polls and Public Opinion,Miriam Valverde,"September 21, 2020",https://www.politifact.com/factchecks/2020/sep/21/numbers-usa/fact-checking-facebook-post-about-polling-legal-im/
Lucy McBath,"September 9, 2020","Says Karen Handel voted with Donald Trump, ""gutting health care for millions, supporting horrific child separation policies"" and for ""abortion bans.""",half-true,ad,Abortion; Georgia; Immigration; Border Security; Health Care,Tom Kertscher,"September 14, 2020",https://www.politifact.com/factchecks/2020/sep/14/lucy-mcbath/tying-trump-backer-karen-handel-trump-lucy-mcbath-/
Donald Trump,"August 27, 2020",Says Joe Biden “is even talking about taking the wall down.”,false,speech at the RNC,Immigration; Homeland Security,Miriam Valverde,"August 28, 2020",https://www.politifact.com/factchecks/2020/aug/28/donald-trump/donald-trumps-false-rnc-claim-about-joe-biden-and-/
Robert Ortt,"July 20, 2020",Says Gov. Andrew Cuomo and Democratic lawmakers are “granting free tuition to illegal immigrants while closing Excelsior Scholarship applications to citizen students.”,mostly-false,news release,Immigration; Education,John Pullano,"August 20, 2020",https://www.politifact.com/factchecks/2020/aug/20/robert-ortt/new-york-republican-leader-miscasts-democratic-mov/
Joe Biden,"August 6, 2020","Asked about asylum seekers in camps in Mexico, “This is the first time ever you've had to seek asylum in a third country.”",mostly-true,interview with members of NAHJ and NABJ,Immigration; Homeland Security,Miriam Valverde,"August 12, 2020",https://www.politifact.com/factchecks/2020/aug/12/joe-biden/fact-checking-joe-bidens-claim-asylum-seekers-mexi/
Facebook posts,"July 23, 2020",“California has six extra” congressional representatives “because illegals are counted” in the census.,mostly-false,Facebook post,Immigration; Census; California; Facebook Fact-checks,Tom Kertscher,"August 6, 2020",https://www.politifact.com/factchecks/2020/aug/06/facebook-posts/calif-has-extra-us-house-seats-because-illegals-no/
Facebook posts,"July 9, 2020 in","Say that according to the Los Angeles Times, “95% of warrants for murder in Los Angeles are for illegal aliens,” more than two-thirds of all births in Los Angeles County “are to illegal alien Mexicans” on Medicaid, “nearly 60% of all occupants of HUD properties are illegal,” and Nancy Pelosi “wants to put a windfall tax” on retirement fund profits.",pants-fire,on social media,Immigration; Children; Housing; Crime; Race and Ethnicity; Retirement; Taxes; California; Facebook Fact-checks,Louis Jacobson,"July 29, 2020",https://www.politifact.com/factchecks/2020/jul/29/facebook-posts/debunking-14-year-old-post-immigrants-los-angeles/
Donald Trump,"July 14, 2020","Under Joe Biden’s policy, immigrants in the country illegally “get welfare benefits. United States citizens don't get what they're looking to give illegal immigrants.”",false,White House speech,Immigration; Welfare,Miriam Valverde,"July 17, 2020",https://www.politifact.com/factchecks/2020/jul/17/donald-trump/donald-trump-gives-false-version-joe-biden-bernie-/
Chris  Hayes,"July 7, 2020","""Higher education is one of America's strongest export sectors. Over 1 million international students studied at American universities, (in the) 2018-19 school year. They contributed over $40 billion to the economy.”",true,TV segment,Immigration; Economy; Education; Pundits; Trade; PunditFact; Coronavirus,Bill McCarthy,"July 10, 2020",https://www.politifact.com/factchecks/2020/jul/10/chris-hayes/msnbcs-chris-hayes-right-economic-impact-internati/
Nancy Pelosi,"June 23, 2020","“80% of the American people support our Dreamers. Over 70% think they should have a path to citizenship, and that's Democrats, Republicans, independents.”",mostly-true,Telemundo interview,Immigration; Homeland Security; Polls and Public Opinion,Miriam Valverde,"June 26, 2020",https://www.politifact.com/factchecks/2020/jun/26/nancy-pelosi/fact-checking-nancy-pelosis-claim-high-public-supp/
Donald Trump,"May 19, 2020","“On the Southern border, as you know, the wall is going up, it's going up very rapidly. We're at 182 miles.”",half-true,speech,Immigration; Border Security; Homeland Security,Miriam Valverde,"May 20, 2020",https://www.politifact.com/factchecks/2020/may/20/donald-trump/facts-donald-trumps-claim-182-miles-border-wall-co/
Donald Trump,"May 14, 2020","Speaking about border apprehensions, said “We have some of the best numbers we've ever had. Southern border, the best numbers we've ever had.”",half-true,interview with Fox Business,Immigration; Border Security; Homeland Security,Miriam Valverde,"May 20, 2020",https://www.politifact.com/factchecks/2020/may/20/donald-trump/fact-checking-donald-trumps-claim-best-numbers-bor/
Facebook posts,"May 12, 2020","“Pelosi’s new coronavirus bill allows illegals to receive billions in relief funds in past, current, and future payments.”",mostly-true,Facebook post,Immigration; Economy; Facebook Fact-checks; Coronavirus,Miriam Valverde,"May 18, 2020",https://www.politifact.com/factchecks/2020/may/18/facebook-posts/house-coronavirus-bill-would-aid-immigrants-relati/
Chris Murphy,"May 11, 2020","Says President Donald Trump implemented “a travel ban that just didn't work, 400,000 people got in from those countries that were subject to the restrictions.”",false,MSNBC interview,Immigration; China; Public Health; Coronavirus,Bill McCarthy,"May 13, 2020",https://www.politifact.com/factchecks/2020/may/13/chris-murphy/sen-chris-murphy-overstates-travel-china-after-tru/
Kirsten Gillibrand,"April 21, 2020",“Immigrants make up a majority of essential workers in places like New York City.”,mostly-true,tweet,Immigration; Workers; Coronavirus; New York,Jaren Holmes,"May 7, 2020",https://www.politifact.com/factchecks/2020/may/07/kirsten-gillibrand/do-immigrants-make-majority-essential-workers-new-/
Facebook posts,"April 23, 2020",“Trump and McConnell are blocking stimulus checks for Americans married to immigrants.”,mostly-false,Facebook post,Immigration; Economy; Facebook Fact-checks; Coronavirus,Miriam Valverde,"April 29, 2020",https://www.politifact.com/factchecks/2020/apr/29/facebook-posts/claim-about-stimulus-check-eligibility-americans-m/
Facebook posts,"April 9, 2020",“President Trump has banned welfare for illegal immigrants which will save $57.4 billion a year.”,false,Facebook post,Immigration; Welfare,Miriam Valverde,"April 24, 2020",https://www.politifact.com/factchecks/2020/apr/24/facebook-posts/donald-trump-didnt-ban-welfare-immigrants-illegall/
Donald Trump,"January 14, 2020",Says Madison and Milwaukee County both carry sanctuary status for illegal immigrants and  released undocumented immigrants who have committed multiple crimes including sexual assault of a child,half-true,rally,Immigration; Crime; Wisconsin,Mica Soellner,"April 17, 2020",https://www.politifact.com/factchecks/2020/apr/17/donald-trump/trump-claim-madison-milwaukee-are-sanctuary-cities/
Jesse Watters,"March 31, 2020","“We were slow with the testing, but very quick with the travel ban. And that's been much more critical in saving lives.”",false,"comments made during an episode of ""The Five"" on the Fox News Channel",Immigration; National; Public Health; Health Check; PunditFact; Coronavirus,Shefali Luthra,"April 3, 2020",https://www.politifact.com/factchecks/2020/apr/03/jesse-watters/are-covid-19-travel-restrictions-more-critical-sav/
Facebook posts,"March 20, 2020",“Australia Closing Borders in a few hours for 6-months”,half-true,Facebook post,Immigration; Public Health; Coronavirus,Miriam Valverde,"March 25, 2020",https://www.politifact.com/factchecks/2020/mar/25/facebook-posts/fact-checking-claim-australias-borders-closure/
Chris Jacobs,"March 4, 2020","""Nate McMurray wants to reward illegals with amnesty.""",mostly-false,television commercial,Immigration; Elections; New York,Jill Terreri Ramos,"March 24, 2020",https://www.politifact.com/factchecks/2020/mar/24/chris-jacobs/jacobs-ad-exaggerates-mcmurrays-views-immigration/
Bernie Sanders,"March 15, 2020","Says a 2007 immigration bill “was opposed by (the League of United Latin American Citizens), the largest Latino organization in America. The Southern Poverty Law Center called its guest-worker programs akin to slavery. … And you know who voted with me on that one, Joe? Barack Obama.”",half-true,Democratic presidential primary debate,Immigration; Homeland Security; Voting Record,Miriam Valverde,"March 17, 2020",https://www.politifact.com/factchecks/2020/mar/17/bernie-sanders/bernie-sanders-review-2007-immigration-vote-leaves/
Bloggers,"March 13, 2020",“ICE arrests LA mayor for harboring fugitives through sanctuary city.”,pants-fire,blog post,Immigration; California,Ciara O'Rourke,"March 13, 2020",https://www.politifact.com/factchecks/2020/mar/13/blog-posting/no-ice-didnt-arrest-mayor-los-angeles/
Joe Biden,"February 14, 2020",“You had the last two administrations deport twice as many people as we deported — twice as many.”,half-true,interview with Jorge Ramos,Immigration; Homeland Security,Miriam Valverde,"March 13, 2020",https://www.politifact.com/factchecks/2020/mar/13/joe-biden/facts-behind-joe-bidens-claim-obama-era-deportatio/
Facebook posts,"July 14, 2018","A post comparing two construction workers — “Joe legal” and “Jose illegal” — says “Jose” pays no taxes yet gets free medical care, food stamps, welfare, and 'head of the class' priority for his children in applying for college.",false,posts on the Internet,Immigration; Education; Health Care; Race and Ethnicity; Poverty; Workers; Facebook Fact-checks,Louis Jacobson,"March 13, 2020",https://www.politifact.com/factchecks/2020/mar/13/facebook-posts/post-comparing-joe-legal-and-jose-illegal-rife-ina/
Republican National Committee,"March 5, 2020","On key issues including taxes, health care, the Green New Deal, abortion, and guns, there is “no daylight between” Bernie Sanders and Joe Biden.",half-true,mass email,Abortion; Environment; Immigration; Criminal Justice; Education; Health Care; Taxes; Guns,Louis Jacobson,"March 10, 2020",https://www.politifact.com/factchecks/2020/mar/10/republican-national-committee-republican/there-no-daylight-between-joe-biden-and-bernie-san/
Rush Darwish,"March 3, 2020","Says U.S. Rep. Dan Lipinski “voted against the DREAM Act, supports separating families and banning Muslims.”",mostly-false,tweet,Immigration; Illinois,Kiannah Sepeda-Miller,"March 8, 2020",https://www.politifact.com/factchecks/2020/mar/08/rush-darwish/challengers-account-lipinskis-immigration-record-f/
Facebook posts,"February 25, 2020","Says U.S. Immigration and Customs Enforcement “will be at every polling station” on Nov. 3, 2020.",false,Facebook post,Immigration; Elections,Ciara O'Rourke,"February 26, 2020",https://www.politifact.com/factchecks/2020/feb/26/facebook-posts/ice-says-its-not-patrolling-polling-locations-elec/
Breitbart,"February 12, 2020","“Amy Klobuchar vows to resettle 500 percent more refugees, none in her neighborhood.”",half-true,Facebook post,Immigration; Homeland Security; Facebook Fact-checks,Miriam Valverde,"February 17, 2020",https://www.politifact.com/factchecks/2020/feb/17/breitbart/fact-checking-facebook-post-amy-klobuchar-refugee-/
Bloggers,"October 18, 2019","Says Elizabeth Warren, asked about the Mollie Tibbetts murder, said “I know this is hard for her family, but they have to remember that we need to focus on real problems, like illegal immigrants not being able to see their kids.”",pants-fire,post on Facebook,Immigration; National; Facebook Fact-checks,Jon Greenberg,"February 14, 2020",https://www.politifact.com/factchecks/2020/feb/14/blog-posting/facebook-post-invents-false-warren-quote-immigrati/
Donald Trump,"February 4, 2020","“In sanctuary cities, local officials order police to release dangerous criminal aliens to prey upon the public instead of handing them over to ICE to be safely removed.”",mostly-false,his 2020 State of the Union address,Immigration,Bill McCarthy,"February 5, 2020",https://www.politifact.com/factchecks/2020/feb/05/donald-trump/fact-checking-trumps-state-union-claim-sanctuary-c/
Thom Tillis,"January 10, 2020",Says Democratic opponents Cal Cunningham and Erica Smith support sanctuary policies.,half-true,email newsletter,Immigration; North Carolina,Paul Specht,"January 22, 2020",https://www.politifact.com/factchecks/2020/jan/22/thom-tillis/thom-tillis-says-cunningham-and-smith-support-sanc/
Judicial Watch,"December 28, 2019","""More than 100,000 DACA applicants have been arrested—Murder, Rape, DUI.""",mostly-false,Facebook post,Immigration; Facebook Fact-checks,Miriam Valverde,"January 14, 2020",https://www.politifact.com/factchecks/2020/jan/14/judicial-watch/fact-checking-facebook-post-arrests-daca-applicant/
Facebook posts,"December 26, 2019",Says guns are required to be registered.,mostly-false,Facebook post,Immigration; Fake news; Facebook Fact-checks; Guns,Miriam Valverde,"January 8, 2020",https://www.politifact.com/factchecks/2020/jan/08/facebook-posts/fact-checking-facebook-post-gun-registry-immigrant/
Facebook posts,"November 19, 2019","Says Jeff Foxworthy wrote a list of examples explaining how ""you might live in a nation that was founded by geniuses but is run by idiots.""",false,Facebook post,Abortion; Immigration; Debt; Religion; Facebook Fact-checks,Ciara O'Rourke,"January 7, 2020",https://www.politifact.com/factchecks/2020/jan/07/facebook-posts/no-evidence-jeff-foxworthy-behind-viral-facebook-p/
Ron Johnson,"November 13, 2019","The United States is the only nation ""that grants legal permanent residency to more than a million people per year.""",true,tweet,Immigration; Legal Issues; Wisconsin,Mica Soellner,"December 26, 2019",https://www.politifact.com/factchecks/2019/dec/26/ron-johnson/sen-ron-johnson-hits-bulls-eye-claim-us-leading-gr/
Tucker Carlson,"December 15, 2019","Says the Potomac River ""has gotten dirtier and dirtier and dirtier and dirtier. I go down there and that litter is left almost exclusively by immigrants.""",pants-fire,interview with the Atlantic,Environment; Immigration; Water; PunditFact,Bill McCarthy,"December 18, 2019",https://www.politifact.com/factchecks/2019/dec/18/tucker-carlson/carlson-falsely-claims-immigrants-are-dirtying-pot/
Dan Forest,"November 25, 2019","Says immigrants wanted by ICE have victimized ""tens of thousands of children"" in North Carolina.",false,press conference,Immigration; North Carolina,Paul Specht,"December 18, 2019",https://www.politifact.com/factchecks/2019/dec/18/dan-forest/nc-lt-governor-makes-baseless-claim-about-immigrat/
Mark Walker,"November 27, 2019",Says the cartels are so bad in a Mexican border state that the U.S. government issued a ‘Do Not Travel’ warning -- the same warning it issued for Syria.,true,tweet,Immigration; Terrorism; North Carolina,Paul Specht,"December 5, 2019",https://www.politifact.com/factchecks/2019/dec/05/mark-walker/walker-mexican-border-state-dangerous-syria/
Nancy Pelosi,"November 17, 2019","President Trump ""hasn’t built any new (border) wall"" during his time in office.",mostly-true,"interview on ""Face the Nation""",Immigration; Border Security; Infrastructure; California,Chris Nichols,"November 23, 2019",https://www.politifact.com/factchecks/2019/nov/23/nancy-pelosi/mostly-true-nancy-pelosis-claim-president-trump-ha/
David McKinley,"October 13, 2019","""$53 million a week is coming across the border in drugs.""",mostly-true,article,West Virginia; Immigration; Drugs; Crime,Matthew Digby,"November 18, 2019",https://www.politifact.com/factchecks/2019/nov/18/david-mckinley/what-value-drugs-come-us-border/
Donald Trump,"November 12, 2019","""Many of the people in DACA, no longer very young, are far from ‘angels.’ Some are very tough, hardened criminals.""",false,tweet,Immigration; National; Homeland Security,Miriam Valverde,"November 14, 2019",https://www.politifact.com/factchecks/2019/nov/14/donald-trump/donald-trumps-label-some-daca-recipients-very-toug/
Joe Gruters,"November 6, 2019","""All the Democrats on the entire stage — every Democratic candidate said they want to give free health care to illegals.""",mostly-false,Tampa Bay Times forum,Immigration; Health Care; Florida,Amy Sherman,"November 8, 2019",https://www.politifact.com/factchecks/2019/nov/08/joe-gruters/florida-gop-chair-wrongly-says-every-democrat-deba/
Donald Trump,"November 1, 2019","Says ""Stacey Abrams wants to give illegal aliens the right to vote.""",mostly-false,rally,Immigration; National; Elections,Amy Sherman,"November 6, 2019",https://www.politifact.com/factchecks/2019/nov/06/donald-trump/donald-trump-distorts-stacey-abrams-comments-ab/
Donald Trump,"October 30, 2019","Says he is ""cutting illegal immigration in half.""",false,re-election campaign ad,Immigration; National; Homeland Security,Miriam Valverde,"October 31, 2019",https://www.politifact.com/factchecks/2019/oct/31/donald-trump/donald-trumps-world-series-ad-said-he-cut-illegal-/
Ryan Fournier,"October 20, 2019","""Starting January 1, 2020, California will tax legal citizens if they don’t have health insurance. Why? The state needs to come up with $98,000,000 to pay for free health insurance for illegal aliens.""",half-true,tweet,Immigration; Health Care; Homeland Security; Facebook Fact-checks,Miriam Valverde,"October 30, 2019",https://www.politifact.com/factchecks/2019/oct/30/ryan-fournier/fact-checking-claim-about-california-health-care-m/
Richard Durbin,"October 22, 2019","Says that in Illinois, ""fewer than 20% of those actually deported have been charged with any serious crime.""",mostly-true,remarks at a committee hearing,Immigration; Crime; Illinois,Kiannah Sepeda-Miller,"October 27, 2019",https://www.politifact.com/factchecks/2019/oct/27/richard-durbin/durbin-mostly-track-claim-illinois-deportations/
Michelle  Malkin,"September 10, 2019","Says Pat McCrory ""shepherded in driver’s licenses for illegal aliens in the aftermath of the 9/11 terrorist attacks.""",mostly-false,appearance on The Ingraham Angle,Immigration; North Carolina,Julianna Rennie,"September 30, 2019",https://www.politifact.com/factchecks/2019/sep/30/michelle-malkin/did-pat-mccrory-help-immigrants-get-drivers-licens/
Xavier Becerra,"August 26, 2019","""Every time we go to court,"" against the Trump administration, ""for the most part, we win.""",mostly-true,news conference,Environment; Immigration; States; Supreme Court; California,Chris Nichols,"September 25, 2019",https://www.politifact.com/factchecks/2019/sep/25/xavier-becerra/california-really-winning-court-against-trump-admi/
Facebook posts,"August 15, 2019","""ICE has not deported or detained one white illegal immigrant.""",false,Facebook post,Immigration; Homeland Security; Facebook Fact-checks,Miriam Valverde,"September 24, 2019",https://www.politifact.com/factchecks/2019/sep/24/facebook-posts/facebook-post-makes-inaccurate-claim-about-deporta/
Facebook posts,"September 20, 2019","Says an 11-year-old girl shot and killed two armed ""illegal aliens"" after they broke into her home in Montana.",pants-fire,Facebook post,Immigration; Fake news; Facebook Fact-checks; Guns,Samantha Putterman,"September 24, 2019",https://www.politifact.com/factchecks/2019/sep/24/facebook-posts/no-story-about-11-year-old-girl-who-shot-two-illeg/
Nate McMurray,"September 10, 2019","""Under @BarackObama illegal immigration dropped to a 50-year low.""",mostly-false,Tweet,Immigration; New York,Jill Terreri Ramos,"September 23, 2019",https://www.politifact.com/factchecks/2019/sep/23/nathan-mcmurray/mcmurrays-illegal-immigration-claim-only-part-stor/
Joe Biden,"September 12, 2019","""The Obama-Biden Administration did not conduct workplace raids—in fact, it ended them.""",half-true,tweet,Immigration; National; Homeland Security,Miriam Valverde,"September 18, 2019",https://www.politifact.com/factchecks/2019/sep/18/joe-biden/biden-says-obama-ended-workplace-raids-immigrants/
Joe Biden,"September 12, 2019","Says the Obama administration ""didn't lock people up in cages.""",false,Democratic debate,Immigration; National; Homeland Security,Miriam Valverde,"September 13, 2019",https://www.politifact.com/factchecks/2019/sep/13/joe-biden/fact-checking-biden-use-cages-during-obama-adminis/
Donald Trump,"August 27, 2019","Says Dan McCready ""believes in open borders and sanctuary cities.""",mostly-false,tweet,Immigration; North Carolina,Paul Specht,"August 30, 2019",https://www.politifact.com/factchecks/2019/aug/30/donald-trump/trump-misleads-nc-about-dan-mccreadys-immigration-/
Pete Buttigieg,"August 28, 2019","Says President Donald Trump has been ""taking money Congress authorized to protect people facing disaster in order to indefinitely detain asylum seekers.""",half-true,tweet,Immigration; National; Federal Budget; Natural Disasters,Louis Jacobson,"August 30, 2019",https://www.politifact.com/factchecks/2019/aug/30/pete-buttigieg/fact-checking-whether-fema-funds-were-shifted-inde/
Facebook posts,"August 25, 2019","""89,000 children were separated from their parents under Obama"" and ""only 1,900 children have been separated under Trump.""",false,Facebook post,Immigration; Homeland Security; Facebook Fact-checks,Miriam Valverde,"August 27, 2019",https://www.politifact.com/factchecks/2019/aug/27/facebook-posts/facebook-post-makes-inaccurate-comparison-family-s/
Ken Cuccinelli,"August 22, 2019","A federal pilot program to DNA test illegal immigrants showed ""something like 30% (of test subjects) are fake families.""",half-true,panel discussion,Immigration; National,John Kruzel,"August 26, 2019",https://www.politifact.com/factchecks/2019/aug/26/ken-cuccinelli/trump-administration-using-dna-tests-crack-down-fa/
Facebook posts,"August 15, 2019","Says 194 people were killed in mass shootings in 2018 while undocumented immigrants killed 83,211 people.",false,Facebook post,Immigration; Crime; Facebook Fact-checks,Samantha Putterman,"August 26, 2019",https://www.politifact.com/factchecks/2019/aug/26/facebook-posts/post-comparing-mass-shooting-deaths-homicides-undo/
Rob Schmitt,"August 14, 2019","Says the Trump administration’s new policy for legal immigrants on welfare ""has been around for a while. This is not a new thing that the president is trying to implement here, that the United States has been this way.""",half-true,"""Fox & Friends First"" discussion",Immigration; Medicaid; Welfare; PunditFact,Bill McCarthy,"August 15, 2019",https://www.politifact.com/factchecks/2019/aug/15/rob-schmitt/whats-new-trumps-public-charge-immigration-policy/
Joe Biden,"August 7, 2019","Says Donald Trump ""asserted that immigrants would quote, ‘carve you up with a knife’.""",false,campaign stop,Immigration; National,Jon Greenberg,"August 9, 2019",https://www.politifact.com/factchecks/2019/aug/09/joe-biden/joe-biden-takes-donald-trumps-words-about-gang-mem/
Nicolle Wallace,"August 5, 2019 in","Says President Donald Trump is ""talking about exterminating Latinos.""",pants-fire,on MSNBC,Immigration; PunditFact,Bill McCarthy,"August 8, 2019",https://www.politifact.com/factchecks/2019/aug/08/nicolle-wallace/no-trump-hasnt-talked-about-exterminating-latinos/
Donald Trump,"August 1, 2019","Democrats ""want virtual immunity for illegal aliens who have created horrible crimes and murder.""",false,rally,Immigration; National; Crime,Jon Greenberg,"August 2, 2019",https://www.politifact.com/factchecks/2019/aug/02/donald-trump/trumps-false-charge-democrats-want-virtual-immunit/
Donald Trump,"July 31, 2019","Says the Democratic presidential candidates ""support giving illegal immigrants free health care at our expense.""",mostly-false,re-election campaign ad,Immigration; National; Health Care; Homeland Security,Miriam Valverde,"August 1, 2019",https://www.politifact.com/factchecks/2019/aug/01/donald-trump/fact-checking-trump-ad-democrats-health-care-immig/
Richard Durbin,"July 11, 2019","Says President Trump ""has ended up attracting larger numbers of people coming to the United States presenting themselves for asylum status at our border than we’ve ever seen.""",half-true,speech,Immigration; Corrections and Updates; Illinois,Kiannah Sepeda-Miller,"July 28, 2019",https://www.politifact.com/factchecks/2019/jul/28/richard-durbin/has-trump-encouraged-unprecedented-number-migrants/
Ron Johnson,"July 21, 2019","""There's a survey done in Guatemala. A third of Guatemalans intend to migrate to the United States. That's about 5.8 million people.""",mostly-false,CNN State of the Union interview,Immigration; Homeland Security; Wisconsin,Miriam Valverde,"July 26, 2019",https://www.politifact.com/factchecks/2019/jul/26/ron-johnson/no-survey-did-not-say-third-guatemalans-intend-com/
Facebook posts,"July 4, 2019","A Donald Trump supporter held a sign at his rally ""mocking a dead migrant child.""",false,Facebook post,Immigration; Facebook Fact-checks,Ciara O'Rourke,"July 25, 2019",https://www.politifact.com/factchecks/2019/jul/25/facebook-posts/no-trump-supporter-wasnt-mocking-dead-migrant-chil/
Donna Shalala,"July 21, 2019","Says children at Homestead migrant facility ""get 30 minutes over a month to talk to family members. If they were in a prison — a federal prison — they would get 300 minutes.""",half-true,interview on CBSMiami with Jim DeFede,Immigration; Criminal Justice; Florida,Amy Sherman,"July 23, 2019",https://www.politifact.com/factchecks/2019/jul/23/donna-shalala/yes-children-homestead-facility-get-far-less-time-/
Tulsi Gabbard,"July 11, 2019","At the same time President Trump talks about supporting veterans, ""he is deporting service members who have volunteered to serve this country.""",mostly-true,public forum,Immigration; Border Security; Homeland Security; Military; Wisconsin,D.L. Davis,"July 19, 2019",https://www.politifact.com/factchecks/2019/jul/19/tulsi-gabbard/gabbard-hits-target-claim-trump-and-military-depor/
Facebook posts,"July 6, 2019","""No one mentions that illegals are free to leave detention centers anytime to go back to Mexico. They aren't our prisoners.""",mostly-false,Facebook post,Immigration; Facebook Fact-checks,Samantha Putterman,"July 17, 2019",https://www.politifact.com/factchecks/2019/jul/17/facebook-posts/undocumented-immigrants-arent-free-leave-detention/
Rush Limbaugh,"July 12, 2019","""Somebody in the Obama regime decided to get rid of"" the citizenship question in the census.",false,"""Fox & Friends"" appearance",Immigration; Census; PunditFact,Bill McCarthy,"July 15, 2019",https://www.politifact.com/factchecks/2019/jul/15/rush-limbaugh/limbaugh-wrongly-blames-obama-no-census-citizenshi/
Weston Pagano,"June 24, 2019","Says Joe Biden ""voted to expand deportations and indefinite detention for immigrants multiple times.""",half-true,essay on Medium,Immigration; National,Amy Sherman,"July 12, 2019",https://www.politifact.com/factchecks/2019/jul/12/weston-pagano/fact-checking-attack-joe-biden-about-immigration-d/
Julián Castro,"June 30, 2019","Says Section 1325 of U.S. immigration law was ""put into place in 1929, by a segregationist.""",mostly-true,interview,Immigration; Texas,Madlin Mekelburg,"July 12, 2019",https://www.politifact.com/factchecks/2019/jul/12/julian-castro/when-did-it-become-crime-cross-us-mexico-border/
Ken Cuccinelli,"July 7, 2019","""Last year, we were in the range of 850,000 and that was the most in five years. … We are letting more people become citizens than has happened in years.""",half-true,Fox News Sunday interview,Immigration; National; Homeland Security,Miriam Valverde,"July 11, 2019",https://www.politifact.com/factchecks/2019/jul/11/ken-cuccinelli/fact-checking-claim-about-number-immigrants-becomi/
Facebook posts,"July 8, 2019","Migrants at the U.S. border are ""able to pay cell phone bills"" after a ""two-month excursion across four separate countries.""",mostly-false,Facebook post,Immigration; Technology; Facebook Fact-checks,Daniel Funke,"July 10, 2019",https://www.politifact.com/factchecks/2019/jul/10/facebook-posts/meme-about-migrant-cell-phone-use-us-border-takes-/
Michael Burgess,"June 24, 2019","Of shelters for immigrant children: ""You know what? There's not a lock on the door. Any child is free to leave at anytime, but they don't. You know why? Because they are well taken care of.""",half-true,MSNBC interview,Immigration; Homeland Security; Texas,Miriam Valverde,"July 10, 2019",https://www.politifact.com/factchecks/2019/jul/10/michael-burgess/are-immigrant-children-free-leave-shelters-anytime/
Big League Politics,"June 26, 2019","""Texas medical professional: Migrants quarantined with UNKNOWN disease.""",false,web post,Immigration; Public Health; Facebook Fact-checks,Daniel Funke,"July 3, 2019",https://www.politifact.com/factchecks/2019/jul/03/big-league-politics/no-migrants-arent-being-quarantined-unknown-diseas/
Michael Kearns,"June 17, 2019","Undocumented drivers ""have protections that US citizens don’t receive under Green light bill.""",false,Tweet,Immigration; New York,Jill Terreri Ramos,"June 29, 2019",https://www.politifact.com/factchecks/2019/jun/29/michael-kearns/kearns-claims-undocumented-drivers-get-special-pri/
Kamala Harris,"June 27, 2019","Says ""I disagreed"" with President Obama’s Secure Communities deportation program",half-true,Democratic presidential debate,Immigration; Border Security; Crime; California,Chris Nichols,"June 28, 2019",https://www.politifact.com/factchecks/2019/jun/28/kamala-harris/fact-check-did-kamala-harris-really-disagree-obama/
Ted Cruz,"June 21, 2019","""As you know, we apprehended over 144,000 people in a single month. That is a pace, which if it continues for 12 months, would put us on a pace for nearly 2 million apprehensions on the border.""",mostly-false,press release,Immigration; Texas,Madlin Mekelburg,"June 27, 2019",https://www.politifact.com/factchecks/2019/jun/27/ted-cruz/fact-checking-ted-cruz-apprehensions-us-mexico-bor/
Donald Trump,"June 20, 2019","""When I became president, President Obama had a separation policy. I didn’t have it. He had it.""",false,Telemundo interview,Immigration; National; Homeland Security,Miriam Valverde,"June 21, 2019",https://www.politifact.com/factchecks/2019/jun/21/donald-trump/donald-trump-again-falsely-says-obama-had-family-s/
Brian Kolfage,"June 10, 2019","Says that in New Mexico, ""illegals are issued emergency welfare EBT cards with $1k a month +$200 for each child, for at least 5+ years until they see a judge.""",false,tweet,Immigration; Homeland Security; Welfare; Facebook Fact-checks,Miriam Valverde,"June 17, 2019",https://www.politifact.com/factchecks/2019/jun/17/brian-kolfage/no-new-mexico-does-not-give-ebt-cards-immigrants-h/
Conservative Daily Post,"June 10, 2019","""Disease-ridden"" migrants from parts of Africa with Ebola are being ""dumped in San Antonio.""",false,post on the Internet,Immigration; Public Health; Facebook Fact-checks,Louis Jacobson,"June 12, 2019",https://www.politifact.com/factchecks/2019/jun/12/conservative-daily-post/are-migrants-diseases-ebola-being-dumped-san-anton/
Facebook posts,"May 5, 2019","Says six eradicated diseases such as whooping cough and the bubonic plague are making a comeback ""thanks to refugees and illegal immigrants.""",false,Facebook post,Immigration; Public Health; Facebook Fact-checks,Samantha Putterman,"June 10, 2019",https://www.politifact.com/factchecks/2019/jun/10/facebook-posts/no-illegal-immigrants-and-refugees-are-not-causing/
Tulsi Gabbard,"June 1, 2019","Says immigrant military service members applying for U.S. citizenship ""are getting rejected at higher numbers than those who are not veterans.""",true,veterans event,Immigration; National; Veterans,Miriam Valverde,"June 7, 2019",https://www.politifact.com/factchecks/2019/jun/07/tulsi-gabbard/tulsi-gabbard-right-citizenship-denials-are-higher/
Dan Patrick,"May 15, 2019","""We will have more people enter our country illegally than were born in this country in one year.""",pants-fire,a television appearance,Immigration; Texas,Madlin Mekelburg,"June 5, 2019",https://www.politifact.com/factchecks/2019/jun/05/dan-patrick/no-more-people-will-not-enter-united-states-illega/
Facebook posts,"May 31, 2019","Says presidential candidate Sen. Kirsten Gillibrand said, ""Social Security must (be) expanded to illegal immigration, it’s their right.""",false,Facebook post,Immigration; Social Security; Facebook Fact-checks,Samantha Putterman,"June 5, 2019",https://www.politifact.com/factchecks/2019/jun/05/facebook-posts/kirsten-gillibrand-did-not-say-undocumented-immigr/
Garland Tucker,"May 8, 2019","Said Sen. Thom Tillis ""co-sponsored a bill that not only provided amnesty, but provided a clear path to citizenship for illegal immigrants.""",mostly-false,interview with Sean Hannity,Immigration; North Carolina,Elizabeth Thompson,"June 5, 2019",https://www.politifact.com/factchecks/2019/jun/05/garland-tucker/garland-tucker-mostly-wrong-about-tillis-supportin/
Ben Carson,"May 21, 2019","More than 100,000 people are waiting for public housing in Houston and people who are in the country illegally are taking their spaces.",mostly-false,tweet,Immigration; Housing; Texas,Madlin Mekelburg,"May 30, 2019",https://www.politifact.com/factchecks/2019/may/30/ben-carson/ben-carson-houston-public-housing-immigrants/
Donald Trump,"May 16, 2019","""Only 12% of legal immigrants are selected based on skill or based on merit. In countries like Canada, Australia and New Zealand, and others, that number is closer to 60, and even 70 and 75% in some cases.""",mostly-true,immigration speech,Immigration; National; Corrections and Updates; Economy; Homeland Security; Jobs,Miriam Valverde,"May 24, 2019",https://www.politifact.com/factchecks/2019/may/24/donald-trump/donald-trumps-international-comparison-merit-based/
Dan Crenshaw,"May 6, 2019",Says about 80% to 90% of people seeking asylum do not have a valid claim.,false,a television apperance,Immigration; Texas,Madlin Mekelburg,"May 17, 2019",https://www.politifact.com/factchecks/2019/may/17/dan-crenshaw/are-vast-majority-asylum-claims-without-merit/
Letitia James,"April 23, 2019","""The enumeration clause speaks to the count of every individual, and not just Americans, not just citizens.""",true,news conference,Immigration; Census; Supreme Court; New York,Jill Terreri Ramos,"April 30, 2019",https://www.politifact.com/factchecks/2019/apr/30/letitia-james/ny-ag-emphasizes-key-fact-citizenship-question-cas/
Howard Schultz,"April 4, 2019","Says presidents George W. Bush and Barack Obama each tried to get immigration bills passed, but ""it did not work because the other party was unwilling to provide the president and his party a victory.""",mostly-false,Fox News town hall,Immigration; National,Louis Jacobson,"April 15, 2019",https://www.politifact.com/factchecks/2019/apr/15/howard-schultz/howard-schultzs-flawed-swipe-partisan-combat-immig/
X posts,"April 5, 2019","Says President Donald Trump said asylum seekers ""aren't people. These are animals.""",false,tweet,Immigration; National; Homeland Security,Miriam Valverde,"April 8, 2019",https://www.politifact.com/factchecks/2019/apr/08/tweets/tweet-leaves-out-context-donald-trumps-animals-rem/
Shelley Moore Capito,"January 30, 2019","""Beginning in the early 1990s, we built barriers in 4 sectors at our southern border. Since each was built, those sectors have seen massive drops in apprehensions of people crossing the border illegally,"" including 90 percent to 95 percent decreases in the Tucson, Yuma, San Diego and El Paso sectors. ​",mostly-false,tweet,West Virginia; Immigration; Homeland Security,Garrett Spikes,"April 8, 2019",https://www.politifact.com/factchecks/2019/apr/08/shelley-moore-capito/fact-checking-gop-talking-point-walls-and-border-a/
Julián Castro,"April 1, 2019","Says that the George W. Bush administration in 2005 revived a long-standing law when it ""decided to charge those that crossed the border with criminal violations, rather than civil ones.""",mostly-true,Medium post,Immigration; Homeland Security; Texas,Miriam Valverde,"April 5, 2019",https://www.politifact.com/factchecks/2019/apr/05/julian-castro/fact-checking-julian-castro-bushs-2005-immigration/
Mark Meadows,"March 14, 2019","""The previous administration under President Barack Obama really was the first time that we didn’t ask a citizenship-type question … for the first time in a century, a citizenship question was not included in 2010.""",false,congressional hearing,Immigration; Census; Corrections and Updates; North Carolina,Bill McCarthy,"April 4, 2019",https://www.politifact.com/factchecks/2019/apr/04/mark-meadows/meadows-wrongly-claims-obama-removed-census-citize/
Bloggers,"April 1, 2019","Americans ""would run out of avocados in three weeks"" if imports from Mexico were stopped due to a border closure.",mostly-true,news articles and blogs,Agriculture; Immigration; Food; California,Chris Nichols,"April 3, 2019",https://www.politifact.com/factchecks/2019/apr/03/blog-posting/holy-guacamole-would-america-really-run-out-avocad/
Quentin Miller,"February 26, 2019","Says an ICE detainer request ""is not a valid warrant.""",true,speech,Immigration; North Carolina,Matthew Riley,"March 28, 2019",https://www.politifact.com/factchecks/2019/mar/28/quentin-miller/nc-sheriff-right-ice-detainers-are-not-valid-warra/
Kamala Harris,"March 8, 2019","Says Trump administration is ""raiding money"" from military service member pensions to pay for the border wall.",false,tweet,Immigration; Congress; Military; Pensions; California,Chris Nichols,"March 28, 2019",https://www.politifact.com/factchecks/2019/mar/28/kamala-harris/kamala-harris-wrong-trump-isnt-raiding-money-milit/
Facebook posts,"March 5, 2019","""Right here (in West Virginia), they are building new houses … so that 321 Syrian Muslims can move down into this neighborhood in two months. … (A funeral home) is to be torn down in two months, and a mosque is going to built there.""",pants-fire,posts on the Internet,West Virginia; Immigration; Housing; Race and Ethnicity,Liz Newton,"March 27, 2019",https://www.politifact.com/factchecks/2019/mar/27/facebook-posts/viral-video-alleging-muslim-sharia-zone-west-virgi/
Facebook posts,"March 20, 2019","""Congress quietly repealed the McCarran Warner Act of 1952 forbidding Muslims from holding office.""",false,Facebook post,Immigration; Facebook Fact-checks,Ciara O'Rourke,"March 27, 2019",https://www.politifact.com/factchecks/2019/mar/27/facebook-posts/no-congress-didnt-repeal-law-bars-muslims-holding-/
Bloggers,"March 21, 2019","""We could build 30 walls with the $150 billion Obama gave to Iran.""",false,Facebook post,Immigration; Fake news; Iran; Facebook Fact-checks,Jon Greenberg,"March 22, 2019",https://www.politifact.com/factchecks/2019/mar/22/blog-posting/bad-math-iran-nuke-deal-dollars-wouldnt-cover-30-w/
Wisconsin Assembly Republicans,"March 12, 2019","In-state tuition available ""for non-U.S. citizens after three years … veterans have to wait five years.""",mostly-false,news release,Immigration; Education; State Budget; Veterans; Wisconsin,Eric Litke,"March 13, 2019",https://www.politifact.com/factchecks/2019/mar/13/wisconsin-assembly-republicans/republicans-botch-claim-comparing-tuition-immigran/
Facebook posts,"March 9, 2019","Says 228 House Democrats voted ""to allow illegal aliens to have right to vote""",false,text post on Facebook,Immigration; Elections; Fake news; Facebook Fact-checks,Amy Sherman,"March 13, 2019",https://www.politifact.com/factchecks/2019/mar/13/facebook-posts/no-house-democrats-did-vote-allow-noncitizens-vote/
Bloggers,"March 11, 2019","""In February alone there were enough illegal immigrants who crossed the border to fill this (Kansas City Chiefs’ Arrowhead) stadium.""",mostly-true,Facebook post,Immigration; Homeland Security; Sports; Facebook Fact-checks,Miriam Valverde,"March 12, 2019",https://www.politifact.com/factchecks/2019/mar/12/blog-posting/fact-checking-claim-about-kansas-city-chiefs-stadi/
America First,"March 1, 2019","Says Beto O’Rourke and Sen. Kirsten Gillibrand ""have both said they would tear down the wall if elected president.""",half-true,tweet,Immigration; National; Homeland Security,Miriam Valverde,"March 7, 2019",https://www.politifact.com/factchecks/2019/mar/07/america-first/did-beto-orourke-and-kirsten-gillibrand-say-theyd-/
Bloggers,"February 28, 2019","""Chicago now has City ID Cards which allow illegal immigrants to vote in local, state & federal elections.""",false,Facebook post,Immigration; Elections; Homeland Security; Facebook Fact-checks,Miriam Valverde,"March 4, 2019",https://www.politifact.com/factchecks/2019/mar/04/blog-posting/chicago-id-card-does-not-allow-illegal-voting-cont/
Henry Cuellar,"February 22, 2019","Says President Donald Trump ""put out a $297 million contract to a vendor to show him how to hire Border Patrol. So, the first payment they made was $14.8 million. You know how many Border Patrol they hired with $14.8 million? Two.""",mostly-true,press conference,Immigration; National; Homeland Security,Miriam Valverde,"March 1, 2019",https://www.politifact.com/factchecks/2019/mar/01/henry-cuellar/fact-checking-texas-congressman-border-patrol-hiri/
Kamala Harris,"February 24, 2019","Says handing over arrested undocumented youth to ICE ""was an unintended consequence"" of a 2008 San Francisco policy that she supported.",false,podcast,Immigration; Crime; Public Safety; California,Chris Nichols,"February 28, 2019",https://www.politifact.com/factchecks/2019/feb/28/kamala-harris/kamala-harris-tries-rewrite-history-false-claim-sa/
Facebook posts,"January 31, 2019",Undocumented immigrants get Medicare for free.,false,Facebook post,Immigration; Medicare; Facebook Fact-checks,Ciara O'Rourke,"February 27, 2019",https://www.politifact.com/factchecks/2019/feb/27/facebook-posts/no-undocumented-immigrants-dont-get-medicare-free/
Donald Trump,"February 20, 2019","""We have just built this powerful Wall in New Mexico. Completed on January 30, 2019 — 47 days ahead of schedule!""",half-true,tweet,Immigration; National; Homeland Security,Miriam Valverde,"February 25, 2019",https://www.politifact.com/factchecks/2019/feb/25/donald-trump/donald-trump-said-border-wall-built-new-mexico-tru/
David Price,"February 14, 2019","Says border ""crossings remain at historically low levels.""",mostly-true,tweet,Immigration; North Carolina,Bill McCarthy,"February 22, 2019",https://www.politifact.com/factchecks/2019/feb/22/david-price/are-border-crossings-historically-low-levels-rep-d/
Tom  McClintock,"January 29, 2019","""In 2017, illegal aliens murdered 1,800 Americans.""",false,speech,Immigration; Crime; Public Safety; California,Chris Nichols,"February 20, 2019",https://www.politifact.com/factchecks/2019/feb/20/tom-mcclintock/rep-tom-mcclintock-distorts-number-homicides-undoc/
Amy Klobuchar,"February 18, 2019","""Comprehensive immigration reform, the bill we had back in 2013 ... brought the debt down $158 billion.""",half-true,CNN town hall,Immigration; National; Federal Budget,Louis Jacobson,"February 20, 2019",https://www.politifact.com/factchecks/2019/feb/20/amy-klobuchar/would-2013-immigration-bill-have-saved-158-b/
Matt Gaetz,"February 7, 2019","""One out of every 5 people that the federal government charges with murder is an illegal alien.""",false,CNN interview,Immigration; Homeland Security; Crime; Florida,Miriam Valverde,"February 19, 2019",https://www.politifact.com/factchecks/2019/feb/19/matt-gaetz/gaetz-misrepresents-federal-data-murder-immigrants/
Beto O'Rourke,"February 8, 2019","When visa holders exit the United States and enter Mexico, ""if they leave through a land port of entry we literally have no clue if they are still here or have returned to their country of origin.""",mostly-true,blog post,Immigration; Homeland Security; Texas,Miriam Valverde,"February 15, 2019",https://www.politifact.com/factchecks/2019/feb/15/beto-orourke/beto-orourke-says-us-has-no-clue-when-visa-holders/
Matt Gaetz,"February 7, 2019","""In 1992, the Democratic Party had in their platform provisions that said that illegal aliens were coming in this country, committing felonies, sent back and then they were right back across the border to do the same thing.""",mostly-true,interview on CNN,Immigration; Crime; Florida; Guns,Amy Sherman,"February 13, 2019",https://www.politifact.com/factchecks/2019/feb/13/matt-gaetz/matt-gaetz-said-democrats-platform-once-said-illeg/
Facebook posts,"February 3, 2019","Says Ben Carson said ""illegal immigrants caught voting should be stripped of their citizenship.""",mostly-false,Facebook post,Immigration; Facebook Fact-checks,Ciara O'Rourke,"February 8, 2019",https://www.politifact.com/factchecks/2019/feb/08/facebook-posts/ben-carson-illegal-immigrants-should-be-stripped/
Donald Trump,"February 5, 2019","""The border city of El Paso, Texas, used to have extremely high rates of violent crime — one of the highest in the country, and considered one of our nation's most dangerous cities. Now, immediately upon its building, with a powerful barrier in place, El Paso is one of the safest cities in our country.""",false,State of the Union address,Immigration; National; Homeland Security,Miriam Valverde,"February 8, 2019",https://www.politifact.com/factchecks/2019/feb/08/donald-trump/no-border-barrier-did-not-drive-down-crime-el-paso/
Donald Trump,"February 5, 2019","San Diego’s border barrier ""almost completely ended illegal crossings.""",half-true,State of the Union Address,Immigration; Crime; California,Chris Nichols,"February 7, 2019",https://www.politifact.com/factchecks/2019/feb/07/donald-trump/there-are-holes-president-trumps-claim-about-san-d/
Adam Smith,"January 29, 2019","""Go back to 2005 until now, we have quadrupled the number of Border Patrol agents.""",false,committee hearing,Immigration; National; Homeland Security,Miriam Valverde,"February 1, 2019",https://www.politifact.com/factchecks/2019/feb/01/adam-smith/has-number-border-patrol-agents-quadrupled-2005/
Donald Trump,"January 27, 2019","""We are not even into February and the cost of illegal immigration so far this year is $18,959,495,168. Cost Friday was $603,331,392. There are at least 25,772,342 illegal aliens, not the 11,000,000 that have been reported for years, in our Country.""",false,tweet,Immigration; National; Homeland Security,Miriam Valverde,"January 28, 2019",https://www.politifact.com/factchecks/2019/jan/28/donald-trump/fact-checking-donald-trumps-claim-cost-illegal-imm/
Donald Trump,"January 19, 2019","""One in three women is sexually assaulted on the dangerous journey north.""",half-true,speech,Immigration; National; Corrections and Updates; Homeland Security,Miriam Valverde,"January 25, 2019",https://www.politifact.com/factchecks/2019/jan/25/donald-trump/trump-said-1-3-migrant-women-sexually-assaulted-jo/
Richard Hudson,"January 8, 2019","Says Democrats want to give $54 billion in foreign aid, and Trump is only asking for 10 percent of that ""to secure our border and build a wall.",mostly-false,tweet,Immigration; Foreign Policy; North Carolina,Paul Specht,"January 24, 2019",https://www.politifact.com/factchecks/2019/jan/24/richard-hudson/defending-trumps-request-wall-funding-congressman-/
Facebook posts,"January 21, 2019","""18 million illegal immigrants got their government checks this month"" while federal workers remain unpaid.",pants-fire,Facebook posts,Immigration; Fake news; Facebook Fact-checks,Samantha Putterman,"January 24, 2019",https://www.politifact.com/factchecks/2019/jan/24/facebook-posts/no-18-million-illegal-immigrants-did-not-get-gover/
Rick Scott,"January 19, 2019","""I’ve always supported protections for our DREAMers.""",false,tweet,Immigration; Florida,Amy Sherman,"January 23, 2019",https://www.politifact.com/factchecks/2019/jan/23/rick-scott/sen-rick-scott-said-he-always-supported-dreamers-s/
Facebook posts,"January 11, 2019",Says Congress set aside $50 billion for the Secure Fence Act in 2006,false,tweets and Facebook posts,Immigration; Fake news; Federal Budget; Facebook Fact-checks,Amy Sherman,"January 22, 2019",https://www.politifact.com/factchecks/2019/jan/22/facebook-posts/no-congress-did-not-approve-50-billion-border-fenc/
Mark Walker,"January 9, 2019","""The debate on securing our border can't be measured in partisan jabs. It has to be measured in the human toll caused by porous borders: 1/3 migrant women are sexually assaulted;  7/10 migrants are victims of violence; 20k migrant children were illegally smuggled last month.""",mostly-false,tweet,Immigration; North Carolina,Bill McCarthy,"January 21, 2019",https://www.politifact.com/factchecks/2019/jan/21/mark-walker/fact-checking-mark-walkers-tweet-about-migrants-an/
Facebook posts,"January 6, 2019","Says Donald Trump ""said illegal immigration has been a problem in America for 'thousands of years.' """,false,Facebook post,Immigration; Facebook Fact-checks,Ciara O'Rourke,"January 18, 2019",https://www.politifact.com/factchecks/2019/jan/18/facebook-posts/no-trump-didnt-say-illegal-immigration-has-been-pr/
Ted Budd,"January 9, 2019","Says there are ""2,000 inadmissible migrants arriving every day""",half-true,tweet,Immigration; North Carolina,Paul Specht,"January 17, 2019",https://www.politifact.com/factchecks/2019/jan/17/ted-budd/how-many-migrants-come-us-each-day-republican-says/
Bloggers,"January 13, 2019","""BREAKING: Trump family donates $1 billion to wall fund.""",pants-fire,blog post,Immigration; Fake news; Homeland Security; Facebook Fact-checks,Miriam Valverde,"January 15, 2019",https://www.politifact.com/factchecks/2019/jan/15/blog-posting/no-trump-family-did-not-donate-1-billion-border-wa/
Tim Kaine,"January 9, 2019","""We took a deal to the president just last February, less than a year ago -- $25 billion over 10 years in border security done the right way - and the president blew up the deal.""",mostly-true,TV interview.,Immigration; Congress; Virginia,Warren Fiske,"January 15, 2019",https://www.politifact.com/factchecks/2019/jan/15/tim-kaine/tim-kaine-mostly-accurate-about-trump-nixing-25-bi/
Sean Hannity,"January 10, 2019","""17,000 individuals with criminal records were apprehended trying to cross the border"" in 2018.",half-true,monologue,Immigration; PunditFact,John Kruzel,"January 11, 2019",https://www.politifact.com/factchecks/2019/jan/11/sean-hannity/how-many-criminal-aliens-were-stopped-border-last-/
Donald Trump,"January 10, 2019","Says there’s ""never (been) so many apprehensions ever in our history.""",false,remarks,Immigration; National; Homeland Security,Miriam Valverde,"January 11, 2019",https://www.politifact.com/factchecks/2019/jan/11/donald-trump/donald-trump-falsely-says-theres-never-been-so-man/
Donald Trump,"January 10, 2019","""When I say Mexico is going to pay for the wall, that's what I said. Mexico is going to pay. I didn't say they're going to write me a check for $20 billion or $10 billion.""",false,roundtable at the border,Immigration; National,Samantha Putterman,"January 10, 2019",https://www.politifact.com/factchecks/2019/jan/10/donald-trump/trump-claims-he-never-meant-mexico-would-write-che/
Bloggers,"December 31, 2018","""Since 2001, 63,000 of us were murdered by illegal aliens.""  ​",false,post on Facebook,Immigration; Fake news; Facebook Fact-checks,Ciara O'Rourke,"January 9, 2019",https://www.politifact.com/factchecks/2019/jan/09/blog-posting/claim-about-63000-americans-being-killed-illegal-i/
Donald Trump,"January 8, 2019","Says Sen. Charles Schumer ""repeatedly supported a physical barrier in the past along with many other Democrats. They changed their mind only after I was elected president.""",mostly-false,televised speech,Immigration; National,Manuela Tobias,"January 9, 2019",https://www.politifact.com/factchecks/2019/jan/09/donald-trump/trump-democrats-reverse-border-wall-position/
Donald Trump,"January 8, 2019","""At the request of Democrats, it will be a steel barrier rather than a concrete wall.""",false,televised speech,Immigration; National,Manuela Tobias,"January 9, 2019",https://www.politifact.com/factchecks/2019/jan/09/donald-trump/no-democrats-didnt-ask-steel-wall-donald-trump/
Donald Trump,"January 2, 2019","""Mexico is paying for the Wall through the new USMCA Trade Deal.""",false,tweet,Immigration; National; Corrections and Updates; Economy; Homeland Security; Trade,Miriam Valverde,"January 4, 2019",https://www.politifact.com/factchecks/2019/jan/04/donald-trump/no-usmca-trade-deal-wont-pay-border-wall-despite-d/
Chris Murphy,"December 23, 2018","""The 2017/2018 budgets gave (President Donald) Trump billions for border upgrades. He’s spent ALMOST NONE of it. 6%.""",mostly-false,tweet,Immigration; National; Federal Budget; Homeland Security,Louis Jacobson,"January 4, 2019",https://www.politifact.com/factchecks/2019/jan/04/chris-murphy/has-trump-administration-spent-only-6-percent-bord/
Bloggers,"December 17, 2018","""Hillary on child aliens in 2014: Send them back.""",mostly-true,Facebook post,Immigration; Homeland Security; Facebook Fact-checks,Miriam Valverde,"January 2, 2019",https://www.politifact.com/factchecks/2019/jan/02/blog-posting/did-hillary-clinton-say-migrant-children-should-be/
Bloggers,"December 26, 2018","Says that ""18 children died while in custody of Border Patrol"" during the Obama administration.",pants-fire,Facebook post,Immigration; Facebook Fact-checks,Samantha Putterman,"January 2, 2019",https://www.politifact.com/factchecks/2019/jan/02/blog-posting/no-18-children-didnt-die-us-border-protection-cust/
Bloggers,"December 22, 2018","""October 2013, Obama shut down the government for 16 days to force Obamacare.""",half-true,Facebook post,Immigration; Health Care; Facebook Fact-checks,Jon Greenberg,"January 2, 2019",https://www.politifact.com/factchecks/2019/jan/02/blog-posting/obama-2013-and-trump-2018-are-shutdowns-same/
Bloggers,"December 17, 2018","Says Sen. Chuck Schumer in 2014 ""helped put together and signed a $25 billion deal to fund a border wall"" and now opposes Trump's $5 billion request for a border wall ""just because he's a Republican."" ​",false,blog post,Immigration; Homeland Security; Facebook Fact-checks,John Kruzel,"December 20, 2018",https://www.politifact.com/factchecks/2018/dec/20/blog-posting/meme-mischaracterizes-chuck-schumers-record-border/
Bloggers,"December 2, 2018","""Border agents discover body of 6-year-old girl: 'She was raped By 30 men'.""",false,blog post,Immigration; Fake news; Homeland Security; Facebook Fact-checks,Miriam Valverde,"December 19, 2018",https://www.politifact.com/factchecks/2018/dec/19/blog-posting/no-evidence-claim-about-6-year-old-girl-found-us-m/
Bloggers,"December 13, 2018","Uses a picture of a mansion to say that Rep. Nancy Pelosi lives surrounded by ""a high perimeter wall with gun toting security.""",pants-fire,Facebook post,Immigration; Facebook Fact-checks,Jon Greenberg,"December 13, 2018",https://www.politifact.com/factchecks/2018/dec/13/blog-posting/no-nancy-pelosis-home-doesnt-sit-behind-high-wall/
Bloggers,"November 22, 2018","""United Nations caught helping and coaching caravan illegal aliens!""",false,blog post,Immigration; Homeland Security; Facebook Fact-checks,Miriam Valverde,"December 13, 2018",https://www.politifact.com/factchecks/2018/dec/13/blog-posting/website-falsely-claims-united-nations-caught-helpi/
Bloggers,"December 12, 2018","""Migrants DEMAND $50,000 each to go home, or else …""",mostly-true,blog post,Immigration; Homeland Security; Facebook Fact-checks,Miriam Valverde,"December 13, 2018",https://www.politifact.com/factchecks/2018/dec/13/blog-posting/did-migrant-caravan-demand-united-states-50000-eac/
Bloggers,"December 9, 2018","""Border Patrol agents were caught on film destroying supplies left to help migrants""",mostly-true,Facebook post,Immigration; Corrections and Updates; Homeland Security; Facebook Fact-checks,Miriam Valverde,"December 11, 2018",https://www.politifact.com/factchecks/2018/dec/11/blog-posting/it-true-years-old-video-shows-border-patrol-agents/
Donald Trump,"December 4, 2018","Says the United States loses ""250 Billion Dollars a year on illegal immigration, not including the terrible drug flow. Top Border Security, including a Wall, is $25 Billion. Pays for itself in two months.""",false,a tweet,Immigration; National; Homeland Security,Miriam Valverde,"December 5, 2018",https://www.politifact.com/factchecks/2018/dec/05/donald-trump/donald-trumps-false-claim-about-cost-illegal-immig/
PuppetStringNews.com,"November 29, 2018","Says ""2,267 caravan invaders have tuberculosis, HIV, chickenpox and other health issues""",mostly-false,a blog post,Immigration; Fake news; Homeland Security; Public Health; Facebook Fact-checks,Miriam Valverde,"December 4, 2018",https://www.politifact.com/factchecks/2018/dec/04/puppetstringnewscom/misleading-headline-claims-thousands-caravan-migra/
Gavin Newsom,"November 29, 2018","There was ""an estimated $5.3 million of economic loss just for a few hours of shutting down the border. You’re talking about millions and millions of dollars — billions of dollars — of economic consequence, if we continue with this rhetoric around shutting down the border without considering what that means.""",mostly-true,press conference at the border,Immigration; Economy; Public Safety; California,Chris Nichols,"December 3, 2018",https://www.politifact.com/factchecks/2018/dec/03/gavin-newsom/did-californias-border-closure-cost-53m-economic-l/
PuppetStringNews.com,"November 25, 2018","""Evidence surfaces of Vatican funding caravans targeting America with cash.""",false,blog post,Immigration; Fake news; Homeland Security; Facebook Fact-checks,Miriam Valverde,"November 30, 2018",https://www.politifact.com/factchecks/2018/nov/30/puppetstringnewscom/no-there-no-evidence-vatican-funding-migrant-carav/
Donald Trump,"November 25, 2018","Says of immigrant family separations at the border, ""we had the exact same policy as the Obama administration.""",false,tweet,Immigration; National; Homeland Security,Miriam Valverde,"November 29, 2018",https://www.politifact.com/factchecks/2018/nov/29/donald-trump/donald-trump-falsely-says-family-separations-were-/
Sarah Huckabee Sanders,"November 27, 2018","""Tear gas was used on average once a month during the Obama administration for very similar circumstances.""",mostly-true,press briefing,Immigration; National; Homeland Security,Miriam Valverde,"November 28, 2018",https://www.politifact.com/factchecks/2018/nov/28/sarah-huckabee-sanders/sarah-sanders-says-obama-tear-gas-border-month/
Steve Daines,"November 15, 2018","Sanctuary jurisdictions ""violate the laws of our nation.""",mostly-false,Senate hearing,Immigration; National; Homeland Security,Miriam Valverde,"November 27, 2018",https://www.politifact.com/factchecks/2018/nov/27/steve-daines/sanctuary-jurisdictions-violate-laws-our-nation-s-/
Lou Dobbs,"November 15, 2018 in","""We are watching, you know, millions of illegal immigrants cross our borders, and many of them voting in the past election that's what, just a couple weeks ago.""",pants-fire,on Fox Business Network,Immigration; Elections; PunditFact,John Kruzel,"November 16, 2018",https://www.politifact.com/factchecks/2018/nov/16/lou-dobbs/no-evidence-many-illegal-immigrants-voted-midterm-/
Ron Johnson,"November 1, 2018","""Every couple days we have a caravan size group of people apprehended trying to come into the country illegally, or coming to the ports of entry without documentation.""",half-true,radio interview,Immigration; Homeland Security; Legal Issues; Wisconsin,D.L. Davis,"November 16, 2018",https://www.politifact.com/factchecks/2018/nov/16/ron-johnson/sen-ron-johnson-just-misses-bulls-eye-migrants-bor/
Donald Trump,"September 29, 2018","""Even in California now, they don’t want to be sanctuary cities anymore. They want out.""",mostly-false,rally,West Virginia; Immigration; Polls and Public Opinion,Kenna Richards,"November 15, 2018",https://www.politifact.com/factchecks/2018/nov/15/donald-trump/do-californians-want-out-sanctuary-cities-mostly-n/
Eric Swalwell,"November 12, 2018","""15,000 troops will not see their families for #Thanksgiving because of @realDonaldTrump’s Scaravan Stunt. Oh yeah, it’s also costing you 200 million dollars.""",half-true,tweet,Immigration; National; Military,Manuela Tobias,"November 15, 2018",https://www.politifact.com/factchecks/2018/nov/15/eric-swalwell/how-many-troops-has-donald-trump-sent-us-border/
Donald Trump Jr.,"November 12, 2018","""Nearly 200,000 Florida voters may not be citizens.""",false,a tweet,Immigration; Elections; Florida,Amy Sherman,"November 13, 2018",https://www.politifact.com/factchecks/2018/nov/13/donald-trump-jr/donald-trump-jrs-misleading-tweet-about-noncitizen/
Rob Wittman,"November 2, 2018","Says ""85 percent (of immigrants) don’t show up for a scheduled court hearing or call to schedule a court hearing.""",false,radio interview.,Immigration; Virginia,Warren Fiske,"November 13, 2018",https://www.politifact.com/factchecks/2018/nov/13/rob-wittman/rep-rob-wittman-says-85-percent-immigrants-skip-th/
Bloggers,"November 6, 2018",Mexico is providing professional charter buses for the migrant caravan.,half-true,Facebook post,Immigration; Facebook Fact-checks,Samantha Putterman,"November 8, 2018",https://www.politifact.com/factchecks/2018/nov/08/blog-posting/bus-caravan-needs-additional-context/
Senate Leadership Fund,"September 11, 2018","""In Washington, McCaskill joined the liberals for giving amnesty to 11 million illegal immigrants.""",mostly-false,campaign ad,Immigration; Missouri,Kathryn B. Palmer,"November 4, 2018",https://www.politifact.com/factchecks/2018/nov/04/senate-leadership-fund/mccaskill-voted-path-citizenship-its-stretch-call-/
Priorities USA Action,"October 29, 2018","""If Rick Scott had his way he would encourage racially profiling immigrant communities here in Florida. He also opposed allowing Dreamers to remain in the U.S.""",mostly-false,Facebook ad,Immigration; Florida,Amy Sherman,"November 2, 2018",https://www.politifact.com/factchecks/2018/nov/02/priorities-usa-action/democrats-cherry-pick-attack-gov-rick-scotts-immig/
Scott Walker,"October 23, 2018","Says Tony Evers wants to give in-state tuition and drivers licenses to ""illegal aliens.""",mostly-true,campaign ad,Immigration; Education; Jobs; Legal Issues; Wisconsin,Tom Kertscher,"November 2, 2018",https://www.politifact.com/factchecks/2018/nov/02/scott-walker/walker-scores-illegal-aliens-claim-against-evers/
Donald Trump,"October 31, 2018","""Democrats let him (cop killer Luis Bracamontes) into our country,"" and ""Democrats let him stay.""",pants-fire,tweet,Immigration; National; Corrections and Updates; Homeland Security,Jon Greenberg,"November 1, 2018",https://www.politifact.com/factchecks/2018/nov/01/donald-trump/donald-trumps-pants-fire-claim-democrats-let-cop-k/
Donald Trump,"October 26, 2018","""The Democrats want to invite caravan after caravan of illegal aliens into our country. And they want to sign them up for free health care, free welfare, free education, and for the right to vote.""",false,rally,Immigration; National; Elections; Homeland Security,Miriam Valverde,"November 1, 2018",https://www.politifact.com/factchecks/2018/nov/01/donald-trump/donald-trump-falsely-says-democrats-invite-migrant/
Donald Trump,"October 10, 2018","Says ""Bob Casey voted in favor of deadly sanctuary cities that released thousands upon thousands of illegal alien criminals and vicious gang members to prey on Pennsylvania streets, to prey all over this country.""",false,rally,Immigration; National; Crime,Jon Greenberg,"October 31, 2018",https://www.politifact.com/factchecks/2018/oct/31/donald-trump/donald-trumps-wild-number-sanctuary-city-criminal-/
Donald Trump,"October 24, 2018","""Democrats oppose any effort to secure our border.""",false,campaign rally,Immigration; National; Homeland Security,Miriam Valverde,"October 30, 2018",https://www.politifact.com/factchecks/2018/oct/30/donald-trump/donald-trump-falsely-claims-democrats-oppose-any-e/
Ricardo Lara,"October 24, 2018","As California's Insurance Commissioner, ""Steve Poizner pledged to block immigrant children from ever getting MediCal health insurance.""",half-true,full-page newspaper ads,Immigration; Health Care; California,Chris Nichols,"October 30, 2018",https://www.politifact.com/factchecks/2018/oct/30/ricardo-lara/fact-checking-immigration-claim-california-insuran/
Congressional Leadership Fund,"October 26, 2018","Says Dan Feehan ""would vote with Pelosi for open borders and amnesty, putting Minnesota families at risk.""",false,campaign ad,Immigration; National,Stephen Koff,"October 29, 2018",https://www.politifact.com/factchecks/2018/oct/29/congressional-leadership-fund/despite-claim-minnesotas-dan-feehan-isn/
National Republican Senatorial Committee,"October 24, 2018","""We know dangerous criminals can slip through immigration at airports just like ours. Yet Joe Donnelly stood right here with the radical left against all efforts to secure our most vulnerable entry points.""",false,digital ad,Immigration; National,Manuela Tobias,"October 26, 2018",https://www.politifact.com/factchecks/2018/oct/26/national-republican-senatorial-committee/nrsc-distorts-joe-donnellys-immigration-record/
Bloggers,"October 22, 2018","""President Donald Trump signed DEPLOYMENT ORDERS for the 82nd Airborne Division of the United States Army, instructing them to deploy from Ft. Bragg, NC, to the U.S. southern border at Mexico.""",false,Facebook post,Immigration; Fake news; Facebook Fact-checks,Ciara O'Rourke,"October 26, 2018",https://www.politifact.com/factchecks/2018/oct/26/blog-posting/no-trump-didnt-sign-orders-82nd-airborne-division/
Marsha Blackburn,"October 11, 2018","Says Phil Bredesen ""lured illegal immigrants to Tennessee.""",mostly-false,attack ad,Immigration; National,Jon Greenberg,"October 25, 2018",https://www.politifact.com/factchecks/2018/oct/25/marsha-blackburn/marsha-blackburn-falsely-says-phil-bredesen-lured-/
Donald Trump,"October 22, 2018","Says Beto O’Rourke ""voted to shield MS-13 gang members from deportation.""",mostly-false,rally for Republican candidates,Immigration; Criminal Justice; Crime; Texas,W. Gardner Selby,"October 25, 2018",https://www.politifact.com/factchecks/2018/oct/25/donald-trump/mostly-false-donald-trump-claim-beto-orourke-voted/
Bloggers,"October 22, 2018","""'Caravan' Migrant Army Paint Swastika on American Flag, Burn It in the Street.""",false,post on Facebook,Immigration; Fake news; Homeland Security; Human Rights; Foreign Policy; Facebook Fact-checks,C. Eugene Emery Jr.,"October 25, 2018",https://www.politifact.com/factchecks/2018/oct/25/blog-posting/bloggers-mistake-flag-burners-honduras-migrant-car/
Future45,"October 16, 2018","Voting for ""any Democrat"" gets you ""socialism ... undefended open borders ... immediate tax increases ... 100 percent government-run health care ...""",pants-fire,campaign ad,Immigration; National; Elections; Medicare; Taxes,Manuela Tobias,"October 24, 2018",https://www.politifact.com/factchecks/2018/oct/24/future45/democrat-not-socialism-tax-increase-open-borders/
Bloggers,"October 22, 2018","""Intensifying Hurricane Willa headed directly toward 10,000 migrant caravan path.""",false,blog post,Environment; Immigration; Facebook Fact-checks,Miriam Valverde,"October 23, 2018",https://www.politifact.com/factchecks/2018/oct/23/blog-posting/hurricane-headed-toward-migrant-caravan-not-so/
Donald Trump,"October 20, 2018","In California, ""they're rioting now"" over sanctuary cities.",pants-fire,rally,Immigration; National,Louis Jacobson,"October 23, 2018",https://www.politifact.com/factchecks/2018/oct/23/donald-trump/donald-trumps-pants-fire-claim-about-people-riotin/
Donald Trump,"October 20, 2018","Says Democrats ""want to give (undocumented immigrants) cars.""",pants-fire,rally,Immigration; National,Louis Jacobson,"October 22, 2018",https://www.politifact.com/factchecks/2018/oct/22/donald-trump/donald-trump-says-democrats-want-give-cars-undocum/
Mimi  Walters,"September 25, 2018","Says Katie Porter is part of a ""radical group of Democrats with an extreme agenda to abolish ICE.""",false,mailer,Immigration; California,Samantha Putterman,"October 22, 2018",https://www.politifact.com/factchecks/2018/oct/22/mimi-walters/katie-porter-has-called-immigration-reform-not-abo/
Defending Main Street,"October 12, 2018","Says Ohio congressional candidate Danny O’Connor ""would make Columbus a sanctuary city for illegal immigrants.""",false,ad,Immigration; National,Stephen Koff,"October 19, 2018",https://www.politifact.com/factchecks/2018/oct/19/defending-main-street/danny-oconnor-wouldnt-and-cant-make-columbus-sanct/
Senate Leadership Fund,"October 11, 2018","""Washington Heidi supports sanctuary cities, where illegal immigrants can be released on our streets, like this criminal, who was let go and then sexually assaulted a child.""",mostly-false,campaign ad,Immigration; National,Manuela Tobias,"October 19, 2018",https://www.politifact.com/factchecks/2018/oct/19/senate-leadership-fund/heidi-heitkamps-record-immigration-sanctuary-citie/
George Holding,"September 27, 2018","Orange County ""released"" a sex offender instead of turning him over to immigration authorities - ""like a sanctuary city.""",half-true,TV ad,Immigration; North Carolina,Paul Specht,"October 18, 2018",https://www.politifact.com/factchecks/2018/oct/18/george-holding/holding-ad-lacks-key-detail-orange-county-immigran/
Donald Trump,"October 6, 2018","""Every single Democrat in the U.S. Senate has signed up for the open borders, and it's a bill, it's called the ‘open borders bill.’""",false,campaign rally,Immigration; National; Homeland Security,Miriam Valverde,"October 8, 2018",https://www.politifact.com/factchecks/2018/oct/08/donald-trump/donald-trump-falsely-claims-theres-open-borders-bi/
Josh Hawley,"September 13, 2018","Says a bill co-sponsored by Sen. Claire McCaskill ""would give a free pass to any illegal immigrant who brings a child to the border.""",false,foxnews.com op-ed,Immigration; National; Corrections and Updates,Sten Spinella,"October 6, 2018",https://www.politifact.com/factchecks/2018/oct/06/josh-hawley/hawley-misconstrues-mccaskills-support-keep-famili/
Claire McCaskill,"September 10, 2018","""I voted to defund sanctuary cities.""",half-true,Q&A at Truman State University,Immigration; Missouri,Titus Wu,"October 6, 2018",https://www.politifact.com/factchecks/2018/oct/06/claire-mccaskill/mccaskill-has-voted-and-against-defunding-sanctuar/
Joe Manchin,"June 14, 2018","""I voted to fund President Trump’s wall.""",mostly-true,campaign ad,West Virginia; Immigration,Matthew Gold,"October 5, 2018",https://www.politifact.com/factchecks/2018/oct/05/joe-manchin/did-joe-manchin-vote-fund-border-wall/
Patrick Morrisey,"August 31, 2018","Sen. Joe Manchin ""stands with Hillary Clinton and D.C. Dems on gun control, higher taxes, amnesty, and Planned Parenthood.""",half-true,tweet,Abortion; West Virginia; Immigration; Taxes; Guns,Patrick Orsagos,"October 5, 2018",https://www.politifact.com/factchecks/2018/oct/05/patrick-morrisey/fact-checking-patrick-morrisey-positions-held-joe-/
Martha McSally,"September 16, 2018","Says Rep. Kyrsten Sinema supported a bill that is ""essentially encouraging child trafficking.""",false,Fox News interview,Immigration; Homeland Security; Arizona,Miriam Valverde,"October 2, 2018",https://www.politifact.com/factchecks/2018/oct/02/martha-mcsally/did-kyrsten-sinema-support-bill-encouraging-child-/
Senate Leadership Fund,"September 25, 2018","Says Jacky Rosen ""voted against stopping criminals from re-entering the United States.""",mostly-false,attack ad,Immigration; National; Crime,Jon Greenberg,"October 2, 2018",https://www.politifact.com/factchecks/2018/oct/02/senate-leadership-fund/gop-super-pac-ad-skips-over-jacky-rosens-yes-vote-/
Martha McSally,"September 16, 2018","Says U.S. Rep. Kyrsten Sinema ""voted to cut ICE.""",half-true,Fox News interview,Immigration; Homeland Security; Arizona,Miriam Valverde,"September 21, 2018",https://www.politifact.com/factchecks/2018/sep/21/martha-mcsally/martha-mcsallys-claim-kyrsten-sinema-voted-cut-ice/
Texans Are,"September 12, 2018","Says Beto O’Rourke voted ""against body armor for Texas sheriffs patrolling the border.""",false,TV ad,Immigration; Candidate Biography; Homeland Security; Texas,W. Gardner Selby,"September 13, 2018",https://www.politifact.com/factchecks/2018/sep/13/texans-are/pac-backing-ted-cruz-falsely-says-beto-orourke-vot/
Jeff Merkley,"September 11, 2018",Says the Trump administration transferred $10 million from FEMA to ICE.,true,MSNBC interview,Immigration; National; Homeland Security,Miriam Valverde,"September 13, 2018",https://www.politifact.com/factchecks/2018/sep/13/jeff-merkley/yes-10-million-were-transferred-fema-ice/
One Nation PAC,"August 31, 2018","Says Joe Donnelly ""voted to grant amnesty to millions of illegal immigrants, including criminals, drunk drivers, domestic violence, and worse.""",mostly-false,digital ad,Immigration; National; Voting Record,Manuela Tobias,"September 12, 2018",https://www.politifact.com/factchecks/2018/sep/12/one-nation-pac/immigration-joe-donnelly-amnesty-criminals-indiana/
Gavin Newsom,"August 17, 2018","Says John Cox ""parroted, parroted Trump — almost verbatim — on the children’s separation issues at the border.""",mostly-false,TV interview,Immigration; Criminal Justice; Crime; Public Safety; The 2018 California Governor's Race; California,Chris Nichols,"September 12, 2018",https://www.politifact.com/factchecks/2018/sep/12/gavin-newsom/gavin-newsoms-misleading-claim-john-cox-parroting-/
Ron DeSantis,"September 2, 2018","Says Andrew Gillum ""wants to abolish ICE and doesn't believe in doing any type of immigration enforcement.""",half-true,radio interview,Immigration; Homeland Security; Florida,Miriam Valverde,"September 11, 2018",https://www.politifact.com/factchecks/2018/sep/11/ron-desantis/ron-desantis-claims-andrew-gillum-wants-abolish-ic/
Ken Paxton,"August 26, 2018","Says Texas has ""had over 600,000 crimes committed by illegals since 2011. Over 1,200 homicides.""",pants-fire,interview on Fox & Friends,Immigration; Crime; Texas,W. Gardner Selby,"September 7, 2018",https://www.politifact.com/factchecks/2018/sep/07/ken-paxton/ken-paxton-draws-debunked-figures-says-illegals-co/
Kevin McCarthy,"August 15, 2018","""Half of everyone that’s here illegally (in the U.S.) came here legally on a visa and have overstayed their visa.""",mostly-true,speech,Immigration; California,Chris Nichols,"August 24, 2018",https://www.politifact.com/factchecks/2018/aug/24/kevin-mccarthy/mostly-true-visa-overstays-account-half-all-people/
Martha McSally,"August 14, 2018","Says ""former Democrat Kelli Ward attacked President Trump's plans to crack down on illegal immigration, saying Trump was making a mistake.""",mostly-false,campaign ad,Immigration; Homeland Security; Arizona,Miriam Valverde,"August 16, 2018",https://www.politifact.com/factchecks/2018/aug/16/martha-mcsally/did-kelli-ward-attack-donald-trumps-plans-crack-do/
Dean Heller,"June 26, 2018","Says Jacky Rosen ""skipped work ... at the expense of veterans"" to ""attend a publicity stunt.""",mostly-false,press release,Immigration; National; Veterans,Jon Greenberg,"August 16, 2018",https://www.politifact.com/factchecks/2018/aug/16/dean-heller/did-nevadas-jacky-rosen-skip-key-veterans-vote-pho/
Ted Cruz,"August 3, 2018","Says Beto O’Rourke is ""open to abolishing ICE.""",mostly-true,video ad made public by the Texas Tribune,Immigration; Texas,W. Gardner Selby,"August 6, 2018",https://www.politifact.com/factchecks/2018/aug/06/ted-cruz/ted-cruz-says-beto-orourke-open-abolishing-ice/
Equity Forward,"July 23, 2018","Says HHS Secretary Alex Azar called family separations at the border and detention of children in cages ""one of the great acts of American generosity and charity"" and ""is now in charge.""",mostly-false,ad,Immigration; National; Homeland Security,Miriam Valverde,"August 2, 2018",https://www.politifact.com/factchecks/2018/aug/02/equity-forward/ad-targets-hhs-secretary-alex-azar-generosity-and-/
Infowars,"July 24, 2018","""Revealed: UN plan to flood America with 600 million migrants.""",false,post,Immigration; Fake news; PunditFact,Miriam Valverde,"August 1, 2018",https://www.politifact.com/factchecks/2018/aug/01/infowars/misleading-infowars-story-says-un-plans-flood-amer/
Jeff Sessions,"July 26, 2018","""One out of every 30 people in the Greater Boston area is an illegal alien.""",true,speech,Immigration; National; Homeland Security,Miriam Valverde,"July 31, 2018",https://www.politifact.com/factchecks/2018/jul/31/jeff-sessions/jeff-sessions-says-1-out-30-greater-boston-country/
Chris Sununu,"June 26, 2018","""Every time they’ve done those border patrols, they’ve taken out people who have trafficked drugs. That’s the federal government’s role. They’re doing their job.""",half-true,interview,Immigration; New Hampshire; Drugs; Homeland Security,Ethan DeWitt,"July 27, 2018",https://www.politifact.com/factchecks/2018/jul/27/chris-sununu/sununu-says-nabbing-drug-traffickers-border-patrol/
Bill Nelson,"July 23, 2018","Says detained immigrant parents separated from their children at the border are being charged ""as much as $8 a minute to call their children.""",mostly-false,Senate floor speech,Immigration; Homeland Security; Florida,Miriam Valverde,"July 26, 2018",https://www.politifact.com/factchecks/2018/jul/26/bill-nelson/bill-nelson-claims-detained-immigrant-parents-char/
Mike Pence,"July 19, 2018","In 2017, ICE ""arrested more than 127,000 illegal immigrants with criminal convictions or facing charges of breaking our nation's’ laws,"" and removed nearly 5,000 gang members.",true,speech,Immigration; National; Homeland Security,Miriam Valverde,"July 25, 2018",https://www.politifact.com/factchecks/2018/jul/25/mike-pence/mike-pence-accurately-cites-ice-arrest-deportation/
Kirstjen Nielsen,"July 19, 2018","""There are billboards in Central America in the Northern Triangle countries advertising how to grab a kid to get into the United States illegally.""",false,interview,Immigration; National; Homeland Security,Miriam Valverde,"July 23, 2018",https://www.politifact.com/factchecks/2018/jul/23/kirstjen-nielsen/dhs-kirstjen-nielsen-falsely-says-there-are-billbo/
Kamala Harris,"July 17, 2018","""Let’s talk about the facts and where we are today. There are still nearly 2,600 children who are separated from their parents"" due to the Trump administration’s zero-tolerance policy.",true,press conference,Immigration; California,Chris Nichols,"July 19, 2018",https://www.politifact.com/factchecks/2018/jul/19/kamala-harris/kamala-harris-claim-nearly-2600-children-remained-/
Leah Vukmir,"July 5, 2018","Says Mark Pocan’s proposal to eliminate the U.S. Immigration and Customs Enforcement (ICE) would ""eliminate border enforcement.""",pants-fire,news release,Immigration; Legal Issues; Crime; Regulation; Wisconsin,Tom Kertscher,"July 13, 2018",https://www.politifact.com/factchecks/2018/jul/13/leah-vukmir/gop-us-senate-hopeful-leah-vukmirs-pants-fire-clai/
Raul Labrador,"June 27, 2018","Immigrants ""can show up at any embassy or consulate abroad"" to make their asylum claims.",false,opinion piece,Immigration; National; Homeland Security,Miriam Valverde,"July 10, 2018",https://www.politifact.com/factchecks/2018/jul/10/raul-labrador/no-immigrants-cannot-apply-asylum-us-embassies-or-/
Donald Trump,"June 30, 2018","""I have watched ICE liberate towns from the grasp of MS-13.""",false,tweet,Immigration; National; Homeland Security; Crime,Miriam Valverde,"July 9, 2018",https://www.politifact.com/factchecks/2018/jul/09/donald-trump/did-ice-liberate-towns-donald-trump-claimed-have-w/
Alexandria Ocasio-Cortez,"June 27, 2018","""ICE is required to fill 34,000 beds with detainees every single night and that number has only been increasing since 2009.""",false,interview with The Intercept,Immigration; National,Lucia Geng,"July 6, 2018",https://www.politifact.com/factchecks/2018/jul/06/alexandria-ocasio-cortez/alexandria-ocasio-cortez-misrepresents-ices-detent/
Diamond and Silk,"July 2, 2018","""Obama secretly gave citizenship to 2,500 Iranians as part of nuke deal.""",false,headline,Immigration; Fake news; Iran; PunditFact,Amy Sherman,"July 5, 2018",https://www.politifact.com/factchecks/2018/jul/05/diamond-and-silk/no-evidence-obama-secretly-granted-citizenship-250/
Donald Trump,"July 2, 2018","Sen. Kamala Harris is ""supporting the animals of MS-13.""",pants-fire,tweet,Immigration; Crime; California,Chris Nichols,"July 3, 2018",https://www.politifact.com/factchecks/2018/jul/03/donald-trump/pants-fire-white-house-claim-sen-harris-supporting/
Becoming American Initiative,"July 3, 2018","Says Ronald Reagan said immigrants ""brought with them courage and the values of family, work, and freedom. Let us pledge to each other that we can make America great again.""",mostly-true,ad,Immigration; National; History; Homeland Security,Miriam Valverde,"July 3, 2018",https://www.politifact.com/factchecks/2018/jul/03/becoming-american-initiative/did-ronald-reagan-say-immigrants-made-america-grea/
Corey Stewart,"June 30, 2018","""Tim Kaine doesn’t want a border at all. He wants to get rid of Immigration and Customs Enforcement and basically the border patrol as well.""",pants-fire,a Facebook live video,Immigration; National; Homeland Security,Bill McCarthy,"July 3, 2018",https://www.politifact.com/factchecks/2018/jul/03/corey-stewart/corey-stewart-falsely-claims-sen-tim-kaine-wants-d/
Jeff Sessions,"June 25, 2018","""Our courts find that 80 percent of those who do file for asylum aren’t qualified for it, do not merit that relief.""",false,speech,Immigration; National; Homeland Security,Miriam Valverde,"July 2, 2018",https://www.politifact.com/factchecks/2018/jul/02/jeff-sessions/jeff-sesssions-false-claim-80-percent-asylum-appli/
Adam Putnam,"June 28, 2018","Says Ron DeSantis ""voted in an agricultural bill to give food stamps to illegal immigrants.""",pants-fire,Fox News Debate,Immigration; Florida,Katie Akin,"June 29, 2018",https://www.politifact.com/factchecks/2018/jun/29/adam-putnam/putnam-parrots-previous-absurd-claim-food-stamps-i/
Ron DeSantis,"June 28, 2018","Says Adam Putnam ""endorsed the Schumer-Obama Gang of Eight immigration amnesty.""",mostly-true,Fox News debate,Immigration; Florida,Allison Graves,"June 29, 2018",https://www.politifact.com/factchecks/2018/jun/29/ron-desantis/did-adam-putnam-endorse-gang-eight-immigration-amn/
Rachel Maddow,"June 21, 2018","""There isn't a system"" for reuniting families separated under Trump’s zero tolerance border policy.",true,a monologue,Immigration; PunditFact,John Kruzel,"June 29, 2018",https://www.politifact.com/factchecks/2018/jun/29/rachel-maddow/rachel-maddow-right-there-was-no-plan-reuniting-fa/
Cal Thomas,"June 20, 2018","Says Hillary Clinton once ""supported a border wall until she ran for president in 2016.""",half-true,a column,Immigration; PunditFact,John Kruzel,"June 27, 2018",https://www.politifact.com/factchecks/2018/jun/27/cal-thomas/did-hillary-clinton-support-border-wall-mexico/
Donald Trump,"June 23, 2018","""We’ve already started (the border wall). We started it in San Diego.""",mostly-false,campaign speech,Immigration; Infrastructure; Crime; California,Chris Nichols,"June 26, 2018",https://www.politifact.com/factchecks/2018/jun/26/donald-trump/has-construction-already-started-trumps-border-wal/
Wolf Blitzer,"June 19, 2018","""Most (immigrants) do show up in court.""",mostly-true,an interview,Immigration; PunditFact,John Kruzel,"June 26, 2018",https://www.politifact.com/factchecks/2018/jun/26/wolf-blitzer/majority-undocumented-immigrants-show-court-data-s/
Adam Putnam,"June 7, 2018","Florida taxpayers ""pay tens of millions of dollars a year to feed and house in our prison system criminal illegal aliens.""",mostly-false,interview with Fox News,Immigration; Florida,Allison Graves,"June 26, 2018",https://www.politifact.com/factchecks/2018/jun/26/adam-putnam/do-florida-taxpayers-pay-tens-millions-dollars-yea/
Bloggers,"June 25, 2018","""Mexico’s Next President Calls for An Invasion Of The US""",pants-fire,blog post headline,Immigration; Fake news; PunditFact,Manuela Tobias,"June 25, 2018",https://www.politifact.com/factchecks/2018/jun/25/blog-posting/mexico-presidential-candidate-call-immigration/
The Gateway Pundit,"June 21, 2018","""Migrant mother and ‘crying girl’ on Time cover never separated.""",true,headline,Immigration; PunditFact,Amy Sherman,"June 25, 2018",https://www.politifact.com/factchecks/2018/jun/25/gateway-pundit/immigrant-girl-time-cover-wasnt-separated-mother/
Bloggers,"June 16, 2018","""Obama administration kept illegal Mexican kids in detention camps as ‘experiment’""",mostly-false,blog post,Immigration; Drugs; Fake news; PunditFact,Bill McCarthy,"June 25, 2018",https://www.politifact.com/factchecks/2018/jun/25/blog-posting/did-obama-detain-illegal-mexican-children-experime/
Brad Parscale,"June 20, 2018","""Fact: Over 90,000 kids were detained under Obama. And no one cared.""",mostly-false,tweet,Immigration; National,Amy Sherman,"June 25, 2018",https://www.politifact.com/factchecks/2018/jun/25/brad-parscale/tyes-immigrant-children-detained-under-obama-they-/
Tammy Baldwin,"June 21, 2018","Says Donald Trump's executive order ""doesn't address the over 2,000 children who are already separated from their parents, and it doesn't change the fact that we would be jailing children with their families.""",mostly-true,interview,Immigration; Children; Criminal Justice; Families; Legal Issues; Wisconsin,Tom Kertscher,"June 22, 2018",https://www.politifact.com/factchecks/2018/jun/22/tammy-baldwin/trumps-executive-order-doesnt-address-2000-separat/
Bloggers,"June 18, 2018","""Bill Clinton passed a law in 1996 that separated children from adults illegally entering America.""",false,tweet,Immigration; PunditFact,Manuela Tobias,"June 21, 2018",https://www.politifact.com/factchecks/2018/jun/21/blog-posting/no-bill-clinton-law-separating-families/
Donald Trump,"June 19, 2018","""There's been a 1,700 percent increase in asylum claims over the last 10 years.""",mostly-true,speech at the National Federation of Independent Businesses 75th Anniversary Celebration,Immigration; National,Manuela Tobias,"June 21, 2018",https://www.politifact.com/factchecks/2018/jun/21/donald-trump/1700-percent-increase-asylum-claims/
Matt  Schlapp,"June 15, 2018","The Trump administration’s policy of separating families is ""the same way Barack Obama did it.""",false,an interview,Immigration; PunditFact,John Kruzel,"June 19, 2018",https://www.politifact.com/factchecks/2018/jun/19/matt-schlapp/no-donald-trumps-separation-immigrant-families-was/
Ted Cruz,"June 11, 2018","""There’s actually a court order that prevents keeping the kids with the parents when you put the parents in jail.""",mostly-false,"interview aired on ""Think,"" produced by KERA radio",Immigration; Children; Legal Issues; Crime; Texas,W. Gardner Selby,"June 18, 2018",https://www.politifact.com/factchecks/2018/jun/18/ted-cruz/ted-cruz-says-child-parent-separations-border-tied/
Donald Trump,"June 18, 2018","""Crime in Germany is way up.""",false,tweet,Immigration; National; Corrections and Updates; Crime,Jon Greenberg,"June 18, 2018",https://www.politifact.com/factchecks/2018/jun/18/donald-trump/donald-trump-wrong-about-crime-germany/
YourNewsWire.com,"June 17, 2018","""Senate report admits Clinton ‘gifted’ children to human traffickers""",false,a blog post,Immigration; Children; Fake news; PunditFact,Bill McCarthy,"June 18, 2018",https://www.politifact.com/factchecks/2018/jun/18/yournewswirecom/false-headline-wrongly-links-hillary-clinton-forme/
X posts,"June 11, 2018",Say a boy was 'caged' in a wire enclosure.,false,post by a filmmaker,Immigration; Children; Criminal Justice; Crime; Texas,W. Gardner Selby,"June 15, 2018",https://www.politifact.com/factchecks/2018/jun/15/tweets/tweeted-photo-inaccurately-indicates-boy-caged-fed/
Newsflash,"June 13, 2018","""Trump’s DHS secretary confirms they are preparing to arrest sanctuary city leaders.""",mostly-false,blog post,Immigration; Fake news; Homeland Security; PunditFact,Miriam Valverde,"June 13, 2018",https://www.politifact.com/factchecks/2018/jun/13/newsflash/website-misleads-about-arrests-sanctuary-cit/
Lou Barletta,"June 7, 2018","""The city that I was mayor of was 50 percent Latino, and I won with 90 percent of the vote...""",mostly-false,interview,Immigration; Pennsylvania,Colin  Deppen,"June 12, 2018",https://www.politifact.com/factchecks/2018/jun/12/lou-barletta/hazleton-wasnt-half-latino-when-lou-barletta-was-r/
Bloggers,"May 14, 2018","""National Guard storms Mexico border, makes game-changing impact in just 30 days""",mostly-true,headline,Immigration; Fake news; Homeland Security; PunditFact,Miriam Valverde,"June 7, 2018",https://www.politifact.com/factchecks/2018/jun/07/blog-posting/fact-checking-claim-about-national-guard-border-ap/
Donald Trump,"May 24, 2018","Speaking of immigration cases, says, ""We have thousands of judges.""",false,Fox &Friends interview,Immigration; National; Homeland Security,Miriam Valverde,"May 30, 2018",https://www.politifact.com/factchecks/2018/may/30/donald-trump/donald-trumps-false-claim-about-thousands-immigrat/
Donald Trump,"May 28, 2018","A ""horrible law"" requires that children be separated from their parents ""once they cross the Border into the U.S.""",false,tweet,Immigration; National; Homeland Security,Manuela Tobias,"May 29, 2018",https://www.politifact.com/factchecks/2018/may/29/donald-trump/trump-blames-democrat-own-policy-separating-family/
John Cox,"April 23, 2018","GOP candidate for California governor Travis Allen ""on the floor vote … refused to join Republicans opposing driver licenses for illegal aliens.""",half-true,campaign TV ad,Immigration; Elections; Public Safety; States; The 2018 California Governor's Race; California,Chris Nichols,"May 29, 2018",https://www.politifact.com/factchecks/2018/may/29/john-cox/did-travis-allen-oppose-driver-licenses-undocument/
Donald Trump,"May 29, 2018","""Democrats mistakenly tweet 2014 pictures from Obama’s term showing children from the Border in steel cages.""",true,tweet,Immigration; National; Children,Amy Sherman,"May 29, 2018",https://www.politifact.com/factchecks/2018/may/29/donald-trump/trump-correctly-tweets-democrats-mistakenly-tweete/
Donald Trump,"May 22, 2018","Says ""Nancy Pelosi came out in favor of MS-13.""",false,speech,Immigration; National; Homeland Security; Crime,Miriam Valverde,"May 24, 2018",https://www.politifact.com/factchecks/2018/may/24/donald-trump/donald-trumps-false-claim-nancy-pelosi-came-out-fa/
Donald Trump,"May 15, 2018","Says of MS-13 gang members, ""We are getting them out of our country by the thousands.""",mostly-false,speech,Immigration; National; Homeland Security; Crime,Miriam Valverde,"May 15, 2018",https://www.politifact.com/factchecks/2018/may/15/donald-trump/donald-trump-exaggerates-number-ms-13-gang-members/
The Breaking Dawn,"May 10, 2018","""It begins: California appoints first illegal alien to state office.""",half-true,headline,Immigration; Fake news; PunditFact,Amy Sherman,"May 14, 2018",https://www.politifact.com/factchecks/2018/may/14/breaking-dawn/headline-exaggerates-appointment-undocumented-immi/
Patty Murray,"May 8, 2018","""Each year ICE detains someone, it costs taxpayers over $50,000. For comparison, by the way, that's four times the amount the federal government spends on each child in our public schools.""",half-true,Senate subcommittee hearing,Immigration; National; Education; Homeland Security,Miriam Valverde,"May 11, 2018",https://www.politifact.com/factchecks/2018/may/11/patty-murray/does-detaining-immigrant-year-cost-4-times-federal/
Donald Trump,"May 5, 2018","A ""catch and release"" immigration policy ""is a Democrat rule, Sherrod Brown, this is a Democrat rule.""",false,speech,Immigration; Ohio,Amy Sherman,"May 11, 2018",https://www.politifact.com/factchecks/2018/may/11/donald-trump/ohio-trump-misleads-blaming-democrats-catch-and-re/
Mike Pence,"April 25, 2018","""Illegal crossings at our southern border have been cut by over 40 percent.""",false,speech,Immigration; Criminal Justice; Legal Issues; Wisconsin,D.L. Davis,"May 11, 2018",https://www.politifact.com/factchecks/2018/may/11/mike-pence/mike-pence-uses-outdated-figure-claiming-large-dro/
Steve McCraw,"April 18, 2018","Says the term ""illegal alien"" is ""a legal term, it’s in statute, it’s a federal term.""",half-true,testimony to a Texas House panel,Immigration; Texas,W. Gardner Selby,"May 9, 2018",https://www.politifact.com/factchecks/2018/may/09/steve-mccraw/illegal-alien-legal-term-federal-law/
Beto O'Rourke,"January 3, 2018","Says ""precisely zero terrorists, terrorist groups or terror plots have ever been connected with the U.S.-Mexico border to do harm to people within the United States.""",false,remarks at a stop,Immigration; History; Terrorism; Texas,Johnathan Silver,"May 3, 2018",https://www.politifact.com/factchecks/2018/may/03/beto-orourke/beto-orourke-zero-terrorists-harm-Americans-Mexico/
Patriotnetwork.one,"April 27, 2018","""Breaking: Czech Republic arms citizens. You can now shoot terrorists on sight.""",false,headline,Immigration; Fake news; Terrorism; PunditFact; Guns,Amy Sherman,"May 3, 2018",https://www.politifact.com/factchecks/2018/may/03/patriotnetworkone/headline-says-czech-republic-armed-citizens-shoot-/
Don Blankenship,"April 23, 2018","Says illegal immigration is ""costing us $130 billion a year to house and feed and give benefits to people that shouldn’t be even in the country.""",mostly-false,debate,Immigration; National; Economy,Miriam Valverde,"April 30, 2018",https://www.politifact.com/factchecks/2018/apr/30/don-blankenship/don-blankenship-claims-illegal-immigration-costs-1/
Ron Johnson,"April 3, 2018","""We have laws on the books where people can walk right up to our ports of entry, say ‘I have a credible fear of persecution,’ and we bring them in. We don’t send them back.""",mostly-false,radio interview,Immigration; Wisconsin,D.L. Davis,"April 27, 2018",https://www.politifact.com/factchecks/2018/apr/27/ron-johnson/sen-ron-johnson-says-people-walk-us-border-say-few/
Greg Abbott,"April 9, 2018","Says that as of March 2018 compared with 2017, ""there’s been a more than 200 percent increase in the number of people who are apprehended coming across the border. And, I’ll tell you this, there’s been a more than 200 percent increase in apprehension of heroin coming across the border.""",mostly-false,interview by Trey Ware of San Antonio's KTSA radio station,Immigration; Drugs; Texas,W. Gardner Selby,"April 24, 2018",https://www.politifact.com/factchecks/2018/apr/24/greg-abbott/greg-abbott-claim-about-border-apprehensions-heroi/
Bloggers,"April 15, 2018","""Apply Now and Win the Canada Diversity Immigration Visa Lottery (DV-2019) Program | Live and Work in Canada.""",pants-fire,blog post,Immigration; Fake news; PunditFact,Miriam Valverde,"April 24, 2018",https://www.politifact.com/factchecks/2018/apr/24/blog-posting/website-falsely-claims-applications-accepted-nonex/
Gwen Graham,"April 18, 2018","Says the 2015 vote on the American Security Against Foreign Enemies Act ""was not a vote to deny access to the U.S.""",half-true,debate,Immigration; Florida,Allison Graves,"April 24, 2018",https://www.politifact.com/factchecks/2018/apr/24/gwen-graham/did-gwen-graham-vote-favor-legislation-denying-res/
Evan Jenkins,"April 9, 2018","""In Congress, (Patrick) Morrisey wrote the health care law giving free health care to illegals.""",mostly-false,campaign ad,Immigration; National; Health Care,Louis Jacobson,"April 18, 2018",https://www.politifact.com/factchecks/2018/apr/18/evan-jenkins/what-role-did-patrick-morrisey-have-writing-health/
Jerry Brown,"April 11, 2018","""Here are the facts: there is no massive wave of migrants pouring into California. Overall immigrant apprehensions on the border last year were as low as they’ve been in nearly 50 years (and 85 percent of the apprehensions occurred outside of California).""",true,letter to the Trump administration,Immigration; Criminal Justice; Homeland Security; Crime; California,Chris Nichols,"April 13, 2018",https://www.politifact.com/factchecks/2018/apr/13/jerry-brown/jerry-brown-says-theres-no-massive-wave-migrants-p/
Ruben Gallego,"April 3, 2018","""For what it would cost the (National) Guard to make just two arrests at the border, we could give a homeless veteran permanent housing for an entire year.""",mostly-true,tweet,Immigration; National; Corrections and Updates; Homeland Security; Homeless,Jon Greenberg,"April 5, 2018",https://www.politifact.com/factchecks/2018/apr/05/ruben-gallego/arizona-rep-cost-2-national-guard-border-arrests-w/
Bloggers,"April 3, 2018","Says Chuck Schumer said ""it’s racist to only allow citizens to vote.""",false,headline,Immigration; Elections; PunditFact,Amy Sherman,"April 5, 2018",https://www.politifact.com/factchecks/2018/apr/05/blog-posting/no-chuck-schumer-didnt-say-it-racist-only-allow-ci/
Mark Harris,"March 29, 2018","Rep. Robert Pittenger ""stood against funding for the border wall.""",false,Facebook post,Immigration; North Carolina,Paul Specht,"April 5, 2018",https://www.politifact.com/factchecks/2018/apr/05/mark-harris-nc/did-nc-republican-oppose-funding-border-wall/
Donald Trump,"April 3, 2018","""We’ve started building the wall.""",mostly-false,press conference,Immigration; National; Homeland Security,Miriam Valverde,"April 4, 2018",https://www.politifact.com/factchecks/2018/apr/04/donald-trump/donald-trump-wrongly-claims-border-wall-under-cons/
Kelli  Ward,"March 16, 2018","Says Rep. Martha McSally ""is a #FlipFlopBorderHawk.""",half-true,Facebook post,Immigration; Homeland Security; Arizona,Miriam Valverde,"April 3, 2018",https://www.politifact.com/factchecks/2018/apr/03/kelli-ward/Is-GOP-congresswoman-McSally-a-border-hawk-flip-fl/
Donald Trump,"April 1, 2018",Says caravans of people are coming to cross the Mexico-U.S. border.,half-true,tweet,Immigration; Texas,W. Gardner Selby,"April 2, 2018",https://www.politifact.com/factchecks/2018/apr/02/donald-trump/donald-trump-says-caravans-people-coming-through-m/
Donald Trump,"April 2, 2018","Mexico has ""very strong border laws -- ours are pathetic.""",mostly-false,tweet,Immigration; National; Legal Issues; Foreign Policy,Louis Jacobson,"April 2, 2018",https://www.politifact.com/factchecks/2018/apr/02/donald-trump/donald-trump-base-comparison-us-mexico-border-laws/
Bloggers,"March 29, 2018",BREAKING: Trump Just Ended Welfare For One HUGE Group For 5 Years!,false,blog post,Immigration; Fake news; PunditFact,Miriam Valverde,"March 30, 2018",https://www.politifact.com/factchecks/2018/mar/30/blog-posting/donald-trump-just-ended-welfare-immigrants-s-false/
Uncle Sam's Misguided Children,"March 23, 2018","Says U.S. Rep. Ron DeSantis ""voted in favor of food stamps for illegal immigrants.""",pants-fire,headline,Immigration; Congress; Food; PunditFact,Amy Sherman,"March 29, 2018",https://www.politifact.com/factchecks/2018/mar/29/uncle-sams-misguided-children/misleading-attack-ron-desantis-about-farm-bill-foo/
Sean Hannity,"March 7, 2018","Says 642,000 crimes were committed against Texans by criminal immigrants in a recent seven-year period.",false,his Fox News program,Immigration; Crime; Texas,W. Gardner Selby,"March 23, 2018",https://www.politifact.com/factchecks/2018/mar/23/sean-hannity/sean-hannity-642000-crimes-committed-immigrants-il/
Onward Ohio,"March 20, 2018","""In the Senate, (Mike) DeWine voted with Hillary Clinton to let illegal immigrants receive Social Security. And in Ohio, DeWine allowed illegal immigrants to receive driver's licenses.""",mostly-false,TV ad,Immigration; Ohio; Social Security,Amy Sherman,"March 23, 2018",https://www.politifact.com/factchecks/2018/mar/23/onward-ohio/ohio-tv-ad-misleads-attack-mike-dewine-about-immig/
Brian Kemp,"March 5, 2018","Says he ""fought Obama twice and won to stop illegal immigrants from voting.""",false,Facebook post,Georgia; Immigration; Elections,Miriam Valverde,"March 21, 2018",https://www.politifact.com/factchecks/2018/mar/21/brian-kemp/Did-Brian-Kemp-fight-Obama-twice-to-stop-illegal/
Bloggers,"March 11, 2018","""Democrats announce they will abolish ICE if they win 2020 election.""",false,blog post,Immigration; Fake news; PunditFact,Miriam Valverde,"March 15, 2018",https://www.politifact.com/factchecks/2018/mar/15/blog-posting/website-claims-democrats-plan-abolish-ice-if-they-/
Ted Cruz,"March 6, 2018","Says Beto O’Rourke wants ""open borders and wants to take our guns.""",false,audio ad distributed to news organizations,Immigration; Corrections and Updates; Terrorism; Guns; Texas,W. Gardner Selby,"March 15, 2018",https://www.politifact.com/factchecks/2018/mar/15/ted-cruz/ted-cruz-says-beto-orourke-wants-open-borders-and-/
Donald Trump,"March 13, 2018","""The state of California is begging us to build walls in certain areas. They don’t tell you that.""",pants-fire,California just sued to stop the wall,Immigration; Corrections and Updates; Crime; Polls and Public Opinion; Public Safety; States; California,Chris Nichols,"March 13, 2018",https://www.politifact.com/factchecks/2018/mar/13/donald-trump/no-mr-president-california-not-begging-wall/
Jeff Sessions,"March 7, 2018","""California won’t let law enforcement officers like you and your people transfer prisoners to ICE custody or even to communicate with ICE that you’re about to release them from your custody — people that ICE is looking for.""",mostly-false,speech,Immigration; Crime; Public Safety; States; California,Chris Nichols,"March 7, 2018",https://www.politifact.com/factchecks/2018/mar/07/jeff-sessions/jeff-sessions-misleading-claim-california-bans-pol/
Donald Trump,"March 5, 2018","""Democrats are nowhere to be found on DACA.""",false,tweet,Immigration; National; Homeland Security,Miriam Valverde,"March 7, 2018",https://www.politifact.com/factchecks/2018/mar/07/donald-trump/are-democrats-nowhere-be-found-daca-donald-trump-c/
Mike Pence,"February 17, 2018","Says that ""along the southern border of the U.S.,"" the government apprehends ""seven individuals a day who are either known or suspected terrorists.""",pants-fire,speech,Immigration; Homeland Security; Terrorism; Texas,W. Gardner Selby,"February 21, 2018",https://www.politifact.com/factchecks/2018/feb/21/mike-pence/pants-fire-mike-pences-claim-about-nabbing-7-terro/
Jim Renacci,"January 24, 2018","In 2005 or 2006 U.S. Sen. Chuck Schumer ""voted for the wall.""",half-true,interview on Fox Business Network,Immigration; Ohio; Congress; Homeland Security,Amy Sherman,"February 13, 2018",https://www.politifact.com/factchecks/2018/feb/13/jim-renacci/jim-renacci-says-chuck-schumer-voted-wall-2006/
Tucker Carlson,"February 8, 2018","""There are more immigrants in our country right now than any other time.""",mostly-true,tweet,Immigration; PunditFact,Miriam Valverde,"February 13, 2018",https://www.politifact.com/factchecks/2018/feb/13/tucker-carlson/tucker-carlsons-claims-more-immigrants-now-united-/
Travis Allen,"February 1, 2018","""Californians are overwhelmingly against this concept of the illegal sanctuary state.""",false,interview on Capital Public Radio,Immigration; Criminal Justice; Crime; Polls and Public Opinion; Public Safety; States; The 2018 California Governor's Race; California,Chris Nichols,"February 7, 2018",https://www.politifact.com/factchecks/2018/feb/07/travis-allen/travis-allen-repeats-false-claim-californians-over/
Donald Trump,"January 30, 2018","Many gang members have taken advantage of ""glaring loopholes and our laws to enter the country as illegal, unaccompanied, alien minors.""",half-true,State of the Union address,Immigration; National; Homeland Security; Crime,Miriam Valverde,"February 7, 2018",https://www.politifact.com/factchecks/2018/feb/07/donald-trump/immigration-ms-13-and-crime-facts-behind-donald-tr/
Ann Coulter,"January 30, 2018","""100% of heroin/fentanyl epidemic is because we don't have a WALL.""",pants-fire,tweet,Immigration; Drugs; North Carolina,Paul Specht,"February 2, 2018",https://www.politifact.com/factchecks/2018/feb/02/ann-coulter/would-wall-have-prevented-opioid-epidemic/
Richard Corcoran,"January 29, 2018","""Incredibly, some Tallahassee politicians want to make Florida a sanctuary state.""",half-true,ad,Immigration; Florida,Allison Graves,"February 2, 2018",https://www.politifact.com/factchecks/2018/feb/02/richard-corcoran/do-tallahassee-politicians-want-make-florida-sanct/
Ron Johnson,"January 12, 2018","About 1.1 million people legally enter the U.S. each year as permanent residents -- ""65 percent of that is some kind of chain migration; 22 percent is diversity lottery, ‘asyling,’ refugees; only about 14, 15 percent has anything to do with work.""",half-true,interview,Immigration; Labor; Legal Issues; Foreign Policy; Race and Ethnicity; Wisconsin,Tom Kertscher,"February 2, 2018",https://www.politifact.com/factchecks/2018/feb/02/ron-johnson/how-legal-immigrants-us-break-down-chain-migration/
CSC Mediagroup.USA,"January 30, 2018","Democrats ""booed families of children murdered by MS13.""",pants-fire,headline,Immigration; Congress; Fake news; Crime; PunditFact,Amy Sherman,"February 1, 2018",https://www.politifact.com/factchecks/2018/feb/01/csc-mediagroupusa/fake-story-says-democrats-booed-families-ms13-vict/
USA Trainnews,"January 30, 2018","""Rep. Paul Gosar asks Capitol Police to arrest illegal immigrants attending State of the Union.""",true,headline,Immigration; Congress; Fake news; PunditFact,Amy Sherman,"February 1, 2018",https://www.politifact.com/factchecks/2018/feb/01/usa-train-news/rep-paul-gosar-asks-police-arrest-illegal-immigran/
Breitbart,"January 30, 2018","""Fall River, Massachusetts was not 'built by immigrants.' """,false,headline,Immigration; Fake news; History; PunditFact,Amy Sherman,"February 1, 2018",https://www.politifact.com/factchecks/2018/feb/01/breitbart/following-joe-kennedys-speech-breitbart-says-fall-/
Donald Trump,"January 31, 2018","""A single immigrant can bring in unlimited numbers of distant relatives.""",mostly-false,State of the Union address,Immigration; National,Miriam Valverde,"January 31, 2018",https://www.politifact.com/factchecks/2018/jan/31/donald-trump/donald-trumps-misleading-claim-about-chain-migrati/
Donald Trump,"January 30, 2018","The immigration visa lottery ""randomly hands out green cards without any regard for skill, merit, or the safety of American people.""",false,State of the Union address,Immigration; National; Homeland Security,Miriam Valverde,"January 31, 2018",https://www.politifact.com/factchecks/2018/jan/31/donald-trump/donald-trump-leaves-out-facts-claim-about-visa-lot/
Steve Cortes,"January 23, 2018","""We have right now, … in the state of California, 55 percent of all immigrants are on public assistance.""",half-true,an interview,Immigration; Welfare; California,Manuela Tobias,"January 29, 2018",https://www.politifact.com/factchecks/2018/jan/29/steve-cortes/are-55-percent-immigrants-california-welfare-s-exa/
Ronald Brownstein,"January 23, 2018","""They found 60 votes in the Senate in 2006 and 2013"" for immigration legislation, and ""each time the House Republican majority refused to take it up.""",true,CNN interview,Immigration; PunditFact,Miriam Valverde,"January 26, 2018",https://www.politifact.com/factchecks/2018/jan/26/ronald-brownstein/did-senators-pass-immigration-reform-bills-2006-20/
Dan Patrick,"January 4, 2018","Says ""566,000 crimes"" were ""made in Texas by criminal aliens in the last 6 years.""",pants-fire,Facebook post,Immigration; Criminal Justice; Crime; Texas,W. Gardner Selby,"January 25, 2018",https://www.politifact.com/factchecks/2018/jan/25/dan-patrick/dan-patrick-airs-unsupported-claim-about-566000-cr/
WorldNetDaily,"January 21, 2018","""California To Register Illegal Aliens To Vote – Automatically.""",pants-fire,headline,Immigration; Corrections and Updates; States; California,Chris Nichols,"January 24, 2018",https://www.politifact.com/factchecks/2018/jan/24/worldnetdaily/no-california-didnt-pass-law-allowing-undocumented/
Donald Trump,"January 9, 2018","Says ""22 to 24 people"" came into the United States due to family connection with suspect in the October 2017 New York City terror attack.",false,Cabinet meeting,Immigration; National,Miriam Valverde,"January 24, 2018",https://www.politifact.com/factchecks/2018/jan/24/donald-trump/donald-trumps-unsubstantiated-claims-about-chain-m/
Donald Trump,"January 18, 2018","Mexico is ""now rated the number one most dangerous country in the world.""",mostly-false,tweet,Immigration; National; Crime,Manuela Tobias,"January 24, 2018",https://www.politifact.com/factchecks/2018/jan/24/donald-trump/mexico-isnt-deadliest-country-world-trump-said/
Donald Trump,"December 15, 2017","""Current immigration policy imposes as much as $300 billion annually in net fiscal costs on U.S. taxpayers.""",half-true,White House graphic,Immigration; National; Economy,Miriam Valverde,"January 23, 2018",https://www.politifact.com/factchecks/2018/jan/23/donald-trump/does-immigration-policy-impose-300-billion-annuall/
Paul Sperry,"January 13, 2018","Says border fencing finished near El Paso in 2010 dramatically curtailed illegal crossings, local crime and drug smuggling.",half-true,commentary,Immigration; Homeland Security; Texas,W. Gardner Selby,"January 22, 2018",https://www.politifact.com/factchecks/2018/jan/22/paul-sperry/commentator-el-paso-fencing-2010-drove-down-violen/
Randy Bryce,"January 10, 2018","Under ""his own legislation,"" Donald Trump's ""own family would not have been allowed into the country.""",half-true,campaign appearance,Immigration; Candidate Biography; Legal Issues; Wisconsin,Tom Kertscher,"January 19, 2018",https://www.politifact.com/factchecks/2018/jan/19/randy-bryce/would-trump-bill-have-kept-his-grandfather-and-mel/
Julián Castro,"October 29, 2017","Says a ""recent analysis"" showed that 91 percent of Deferred Action for Childhood Arrivals (DACA) recipients are employed, in school or serving in the military.",mostly-true,conference call reported,Immigration; Education; Jobs; Legal Issues; Texas,Jasper Scherer,"January 10, 2018",https://www.politifact.com/factchecks/2018/jan/10/julian-castro/julian-castro-daca-recipients-employed-school-mili/
Donald Trump,"January 9, 2018","When President Barack Obama ""signed the executive order (on DACA, he) actually said he doesn't have the right to do this.""",mostly-false,press conference with congressional leaders,Immigration; National,Jon Greenberg,"January 9, 2018",https://www.politifact.com/factchecks/2018/jan/09/donald-trump/obama-hedged-didnt-say-he-lacked-legal-right-daca/
Travis Allen,"January 2, 2018","""Seventy four percent of Californians are absolutely against sanctuary state"" policies.",false,interview on Fox News,Immigration; Corrections and Updates; Criminal Justice; Crime; Polls and Public Opinion; Public Safety; The 2018 California Governor's Race; California,Chris Nichols,"January 9, 2018",https://www.politifact.com/factchecks/2018/jan/09/travis-allen/no-californians-do-not-overwhelmingly-oppose-sanct/
Credo Action,"December 21, 2017","Democratic lawmakers who voted in favor of short-term spending bills ""just voted to deport Dreamers.""",false,tweet,Immigration; National,Miriam Valverde,"January 9, 2018",https://www.politifact.com/factchecks/2018/jan/09/credo-action/did-democrats-vote-deport-dreamers/
Lupe Valdez,"July 31, 2017",Says Texas Department of Public Safety numbers show that 1.6 percent of crime is committed by unauthorized immigrants.,half-true,Dallas Morning News news story,Immigration; Crime; Texas,W. Gardner Selby,"December 22, 2017",https://www.politifact.com/factchecks/2017/dec/22/lupe-valdez/lupe-valdez-says-unauthorized-immigrants-account-1/
Donald Trump,"December 15, 2017","Says of the diversity visa lottery program, ""they give us their worst people, they put them in a bin,"" and ""the worst of the worst"" are selected.",pants-fire,speech,Immigration; National; Homeland Security,Miriam Valverde,"December 20, 2017",https://www.politifact.com/factchecks/2017/dec/20/donald-trump/pick-them-bin-donald-trump-mischaracterizes-divers/
USA In Front,"December 11, 2017",BREAKING: Illegal Muslim From Iran Arrested For Starting California Wildfire,pants-fire,headline,Immigration; Fake news; Fires; Crime; Public Safety; California,Chris Nichols,"December 20, 2017",https://www.politifact.com/factchecks/2017/dec/20/usa-front/pants-fire-fabricated-claim-about-muslim-immigrant/
nofakenews-online,"December 12, 2017","""Update: van full of illegals caught voting at multiple Alabama polling locations.""",pants-fire,headline,Immigration; Elections; Fake news; PunditFact,Amy Sherman,"December 13, 2017",https://www.politifact.com/factchecks/2017/dec/13/nofakenews-online/no-undocumented-immigrants-were-not-caught-voting-/
Chain email,"December 5, 2017","Says Russian President Vladimir Putin got a standing ovation from the Duma after he gave a speech saying Muslims are ""taking over"" other countries but won't take over Russia.",pants-fire,chain email,Immigration; Islam; PunditFact,Sophie Kaplan,"December 11, 2017",https://www.politifact.com/factchecks/2017/dec/11/chain-email/chain-email-putin-says-minorities-should-adopt-rus/
Adam Putnam,"November 30, 2017","Says Tallahassee mayor Andrew Gillum ""wants to make Florida not a sanctuary city but a sanctuary state.""",half-true,campaign speech,Immigration; Florida,Allison Graves,"December 6, 2017",https://www.politifact.com/factchecks/2017/dec/06/adam-putnam/does-andrew-gillum-want-make-florida-sanctuary-sta/
Kathy Sheehan,"November 16, 2017","""Simply being in this country without documentation is not a crime""",mostly-true,interview on Tucker Carlson Tonight,Immigration; New York,Dan Clark,"December 2, 2017",https://www.politifact.com/factchecks/2017/dec/02/kathy-sheehan/being-undocumented-immigrant-us-not-crime/
Pipo News,"November 11, 2017","""Civil war erupts in Sweden as irate Swedes burn nine Muslim refugee centers to the ground""",false,headline,Immigration; Fake news; Religion; PunditFact,Amy Sherman,"November 21, 2017",https://www.politifact.com/factchecks/2017/nov/21/pipo-news/fake-news-civil-war-erupts-sweden/
Marsha Blackburn,"November 9, 2017","""When Phoenix dropped its sanctuary city policy in 2008, its murder rate fell 27 percent the following year.""",half-true,Fox News post,Immigration; National; Homeland Security; Crime,Miriam Valverde,"November 17, 2017",https://www.politifact.com/factchecks/2017/nov/17/marsha-blackburn/rep-blackburn-claims-phoenix-murder-rate-decline-l/
Chris King,"October 28, 2017","""Hispanic entrepreneurs, those who have immigrated from Spanish-speaking countries, often start three times as many businesses as white males.""",mostly-true,response during the Democratic Forum,Immigration; Florida,Allison Graves,"November 14, 2017",https://www.politifact.com/factchecks/2017/nov/14/chris-king/do-hispanic-entrepreneurs-often-start-three-times-/
Joaquin Castro,"November 1, 2017","""Ending (Temporary Protected Status) and deporting legal workers would cost the United States ~$164 billion in GDP over a decade.""",half-true,tweet,Immigration; National; Homeland Security,Miriam Valverde,"November 13, 2017",https://www.politifact.com/factchecks/2017/nov/13/joaquin-castro/rep-joaquin-castro-claims-tps-end-will-lead-164b-g/
David Perdue,"November 1, 2017","The diversity visa lottery is ""plagued by fraud.""",mostly-true,tweet,Immigration; National; Homeland Security,Miriam Valverde,"November 6, 2017",https://www.politifact.com/factchecks/2017/nov/06/david-perdue/gop-sen-david-perdue-says-diversity-visa-lottery-p/
New York Republican State Committee,"November 1, 2017","""Liberals in County Hall want our community to be a sanctuary county""",pants-fire,political mailer,Immigration; New York,Dan Clark,"November 3, 2017",https://www.politifact.com/factchecks/2017/nov/03/new-york-republican-state-committee/republican-mailer-claims-democrats-are-trying-make/
Sarah Huckabee Sanders,"November 1, 2017",Says diversity visa immigrants are not vetted.,false,White House press briefing,Immigration; National; Homeland Security,Miriam Valverde,"November 2, 2017",https://www.politifact.com/factchecks/2017/nov/02/sarah-huckabee-sanders/white-house-press-secretary-claims-diversity-visa-/
Donald Trump,"November 1, 2017","Says the diversity visa lottery program is ""a Chuck Schumer beauty.""",mostly-false,tweet,Immigration; National; Terrorism,Louis Jacobson,"November 1, 2017",https://www.politifact.com/factchecks/2017/nov/01/donald-trump/was-diversity-visa-program-schumer-beauty-donald-t/
Jeff Sessions,"October 12, 2017","In the U.S. asylum system, ""claims of 'fear to return' have skyrocketed, and the percentage of claims that are genuinely meritorious are down.""",half-true,speech,Immigration; National; Homeland Security,Miriam Valverde,"October 19, 2017",https://www.politifact.com/factchecks/2017/oct/19/jeff-sessions/jeff-sessions-claim-about-asylum-system-fraudulent/
Casey Cagle,"October 9, 2017","A Homeland Security study ""showed 120 murders took place that could have been prevented had communities been working with ICE and Homeland Security.""",false,WSB-TV interview,Georgia; Immigration; Homeland Security,Miriam Valverde,"October 12, 2017",https://www.politifact.com/factchecks/2017/oct/12/casey-cagle/georgia-lt-gov-casey-cagle-misleads-claim-about-ho/
Donald Trump,"October 8, 2017","""Loopholes in current law prevent ‘Unaccompanied Alien Children’ (UACs) that arrive in the country illegally from being removed.""",mostly-false,document,Immigration; National; Homeland Security,Miriam Valverde,"October 11, 2017",https://www.politifact.com/factchecks/2017/oct/11/donald-trump/donald-trump-omits-facts-claim-loopholes-minors-un/
Tom Cotton,"September 17, 2017","""If you pass the so-called Dream Act, it will be the single biggest amnesty in the history of the United States, even bigger than the 1986 amnesty.""",mostly-false,NBC interview,Immigration; National; Homeland Security,Miriam Valverde,"September 26, 2017",https://www.politifact.com/factchecks/2017/sep/26/tom-cotton/sen-tom-cotton-misleads-claim-about-dream-act-amne/
Roy Moore,"September 21, 2017","DACA was ""a mere memo from the Department of Homeland security under Barack Obama, which violated the laws.""",half-true,debate,Immigration; National; Homeland Security,Joshua Gillin,"September 22, 2017",https://www.politifact.com/factchecks/2017/sep/22/roy-moore/debate-roy-moore-claims-daca-immigration-rules-vio/
Nancy Pelosi,"September 18, 2017","""Seventy-six percent of the American people support us passing the DREAM Act … with citizenship and legalization as part of it all. … More than 60 percent of Republicans support that.""",true,speech at Sacramento State University,Immigration; California,Chris Nichols,"September 19, 2017",https://www.politifact.com/factchecks/2017/sep/19/nancy-pelosi/nancy-pelosi-claims-three-quarters-americans-suppo/
Donald Trump,"September 14, 2017","Says ""92 percent of the people agree on DACA.""",half-true,remarks to reporters,Immigration; National; Homeland Security,Miriam Valverde,"September 18, 2017",https://www.politifact.com/factchecks/2017/sep/18/donald-trump/president-donald-trumps-half-true-claim-support-da/
Senate Leadership Fund,"September 14, 2017","Says Roy Moore is ""on the wrong side of Trump’s border wall.""",mostly-false,attack ad,Immigration; National,Jon Greenberg,"September 18, 2017",https://www.politifact.com/factchecks/2017/sep/18/senate-leadership-fund/gop-super-pac-says-alabamas-roy-moore-doesnt-back-/
Adam Putnam,"August 30, 2017","San Francisco and Takoma Park, Md., are ""allowing illegals to vote.""",half-true,tweet,Immigration; Elections; Florida,Miriam Valverde,"September 15, 2017",https://www.politifact.com/factchecks/2017/sep/15/adam-putnam/san-francisco-takoma-park-noncitizens-elections/
Ken Paxton,"September 5, 2017","""President Obama used"" his DACA order ""to unilaterally confer U.S. citizenship.""",pants-fire,press release,Immigration; Texas,W. Gardner Selby,"September 15, 2017",https://www.politifact.com/factchecks/2017/sep/15/ken-paxton/ken-paxton-obama-daca-citizenship-incorrect-claim-/
Dave Brat,"September 7, 2017","""So the number on DACA is 800,000, but every one person can bring in their entire extended family once they reach a certain status. So it's 3 or 4 million, right?""",false,interview on MSNBC,Immigration; National; Homeland Security,Miriam Valverde,"September 15, 2017",https://www.politifact.com/factchecks/2017/sep/15/dave-brat/rep-dave-brats-false-claim-about-daca-chain-migrat/
Eric Schneiderman,"September 6, 2017","""No court has held (Deferred Action for Childhood Arrivals) unconstitutional.""",true,interview on The Rachel Maddow Show,Immigration; National; Homeland Security,Miriam Valverde,"September 11, 2017",https://www.politifact.com/factchecks/2017/sep/11/eric-schneiderman/has-daca-been-ruled-unconstitutional/
Louise Slaughter,"September 5, 2017","Rescinding the Deferred Action for Childhood Arrivals program ""will harm our economy.""",true,tweet,Immigration; New York,PolitiFact Staff,"September 10, 2017",https://www.politifact.com/factchecks/2017/sep/10/louise-slaughter/would-trumps-decision-daca-hurt-new-yorks-economy/
Al Franken,"September 5, 2017","""President (Ronald) Reagan did a similar thing. George H.W. Bush did a similar order"" as former President Barack Obama’s Deferred Action for Childhood Arrivals, or DACA.",mostly-true,interview,Immigration; National,John Kruzel,"September 8, 2017",https://www.politifact.com/factchecks/2017/sep/08/al-franken/did-reagan-and-hw-bush-issue-orders-similar-daca-a/
Rick Santorum,"September 3, 2017","""We have over a million (legal immigrants) a year, more than at any time in the history of this country. We have the largest percentage of immigrants, almost tied now with the historical high as a percentage of immigrants living in this country.""",half-true,CNN interview,Immigration; National,Manuela Tobias,"September 6, 2017",https://www.politifact.com/factchecks/2017/sep/06/rick-santorum/has-legal-immigration-hit-record-high-rick-santoru/
Jeff Denham,"September 5, 2017","Says Barack Obama, Chuck Schumer and Hillary Clinton ""all voted for"" a border wall as senators.",half-true,interview on NPR,Immigration; Homeland Security; California,Chris Nichols,"September 6, 2017",https://www.politifact.com/factchecks/2017/sep/06/jeff-denham/jeff-denhams-half-true-claim-top-democrats-support/
Jeff Sessions,"September 5, 2017","Says President Barack Obama’s policy known as DACA ""contributed to a surge of minors at the southern border.""",mostly-false,remarks at the Justice Department,Immigration; National; Legal Issues; Race and Ethnicity,Louis Jacobson,"September 5, 2017",https://www.politifact.com/factchecks/2017/sep/05/jeff-sessions/jeff-sessions-questionable-claim-daca-helped-cause/
Bruce Rauner,"August 28, 2017","""My grandparents were proud immigrants to the United States of America, here to Illinois in the late 1800s. My grandparents did not speak English when they were young.""",pants-fire,bill signing event,Immigration; Illinois,Matt Dietrich,"September 5, 2017",https://www.politifact.com/factchecks/2017/sep/05/bruce-rauner/rauner-trims-twists-branches-his-family-tree-immig/
Donald Trump,"August 28, 2017","""We stopped traffic coming through -- 78 percent.""",false,press conference,Immigration; National,Miriam Valverde,"August 31, 2017",https://www.politifact.com/factchecks/2017/aug/31/donald-trump/donald-trump-repeats-false-claim-about-border-stop/
Matt Gaetz,"August 18, 2017","""As of 2014, illegal aliens made up roughly 3.5 percent of our population, and committed over 10 percent of all murders.""",mostly-false,newsletter,Immigration; Crime; Public Safety; Florida,Miriam Valverde,"August 30, 2017",https://www.politifact.com/factchecks/2017/aug/30/matt-gaetz/gaetz-misleads-claim-about-immigrants-crime/
Joe Arpaio,"August 25, 2017","Says his conviction is ""a political witch hunt by holdovers in the Obama justice department.""",false,tweet,Immigration; National; Legal Issues,Jon Greenberg,"August 29, 2017",https://www.politifact.com/factchecks/2017/aug/29/joe-arpaio/arpaio-falsely-ties-conviction-obama-administratio/
Illinois Family Institute,"August 19, 2017","Public schools, colleges and state-funded day care centers ""will be made into sanctuaries by Bruce Rauner signing SB 31.""",false,blog post,Immigration; Illinois,Matt Dietrich,"August 28, 2017",https://www.politifact.com/factchecks/2017/aug/28/illinois-family-institute/illinois-schools-immigrant-sanctuaries-if-only-the/
Jeff Sessions,"August 7, 2017","Chicago city officials ""have adopted an official policy of protecting criminal aliens who prey on their own residents.""",false,press release,Immigration; Homeland Security; Crime; Illinois; Guns,Matt Dietrich,"August 16, 2017",https://www.politifact.com/factchecks/2017/aug/16/jeff-sessions/jeff-sessions-stretches-link-criminal-aliens-and-c/
David Perdue,"August 8, 2017","""Half of all immigrant households receive benefits from our social welfare system.""",mostly-true,USA Today op-ed,Georgia; Immigration; Welfare,Miriam Valverde,"August 14, 2017",https://www.politifact.com/factchecks/2017/aug/14/david-perdue/sen-david-perdue-half-immigrant-households-benefit/
Antonio  Villaraigosa,"July 31, 2017","""Undocumented immigrants commit less crimes than the native born.""",mostly-true,interview on MSNBC,Immigration; Corrections and Updates; Crime; The 2018 California Governor's Race; California,Chris Nichols,"August 3, 2017",https://www.politifact.com/factchecks/2017/aug/03/antonio-villaraigosa/mostly-true-undocumented-immigrants-less-likely-co/
Donald Trump,"July 28, 2017","""The border is down 78 percent. Under past administrations, the border didn’t go down -- it went up.""",false,speech,Immigration; National; Homeland Security,Miriam Valverde,"August 3, 2017",https://www.politifact.com/factchecks/2017/aug/03/donald-trump/false-trumps-claim-about-illegal-immigration-under/
Bloggers,"June 28, 2017","""Over $13 million worth of crops have ROTTED in California, all because no one is willing to work jobs vacated by migrants.""",half-true,blog post,Agriculture; Immigration; Food; PunditFact,Joshua Gillin,"July 24, 2017",https://www.politifact.com/factchecks/2017/jul/24/blog-posting/13-million-crops-rotted-calif-because-no-one-wante/
Jeff Sessions,"July 12, 2017","""According to a recent study from the University of California Riverside, (sanctuary) cities with these policies have more violent crime on average than those that don’t.""",mostly-false,speech,Immigration; National; Homeland Security; Crime,Miriam Valverde,"July 24, 2017",https://www.politifact.com/factchecks/2017/jul/24/jeff-sessions/jeff-sessions-mischaracterizes-study-sanctuary-cit/
Tony Fabrizio,"July 10, 2017","Says Adam Putnam ""was for amnesty.""",half-true,interview with Politico,Immigration; Florida,Amy Sherman,"July 24, 2017",https://www.politifact.com/factchecks/2017/jul/24/tony-fabrizio/was-adam-putnam-running-florida-governor-amnesty/
Kellyanne Conway,"July 22, 2017","Just 6 percent of Americans say Russia is the country’s most important issue, yet the story receives ""75 percent of the coverage"" in the media.",mostly-false,Fox News interview,Immigration; National; Economy; Health Care; Jobs; Foreign Policy,Manuela Tobias,"July 23, 2017",https://www.politifact.com/factchecks/2017/jul/23/kellyanne-conway/does-russia-take-75-percent-media-coverage/
Donald Trump,"June 28, 2017","""We're pretty much at the 50 percent mark"" on deportations of MS-13 gang members.",false,immigration roundtable discussion,Immigration; National; Homeland Security; Crime,Miriam Valverde,"June 30, 2017",https://www.politifact.com/factchecks/2017/jun/30/donald-trump/trump-falsely-claims-his-administration-has-deport/
Ainsley Earhardt,"June 20, 2017","""5.7 million -- that’s how many illegal immigrants might have voted"" in 2008.",false,"""Fox and Friends"" show",Immigration; Elections; Florida,Amy Sherman,"June 22, 2017",https://www.politifact.com/factchecks/2017/jun/22/ainsley-earhardt/following-trump-voter-fraud-allegations-claim-57-m/
Ken Paxton,"June 16, 2017","Says Barack Obama ""acknowledged over 20 times"" that his administration’s Deferred Action for Parents of Americans ""immigration edict was a violation of law and the separation of powers.""",mostly-false,press release,Immigration; Texas,W. Gardner Selby,"June 21, 2017",https://www.politifact.com/factchecks/2017/jun/21/ken-paxton/ken-paxton-inaccurately-says-barack-obama-repeated/
Ann Coulter,"June 8, 2017","The Trump administration has granted amnesty to ""nearly 100,000 'Dreamers' """,mostly-true,a tweet,Immigration; Homeland Security; PunditFact,Miriam Valverde,"June 21, 2017",https://www.politifact.com/factchecks/2017/jun/21/ann-coulter/ann-coulter-says-trump-granted-amnesty-nearly-1000/
John Kelly,"May 28, 2017","""Many of the countries in question (in Trump’s travel ban) don't even have a U.S. embassy there to help us vet.""",true,Fox News interview,Immigration; National; Homeland Security,Miriam Valverde,"May 31, 2017",https://www.politifact.com/factchecks/2017/may/31/john-kelly/are-there-us-embassies-countries-listed-trumps-tra/
Greg Abbott,"May 7, 2017","Says Travis County Sheriff Sally Hernandez ""declared that she would not detain known criminals accused of violent crimes.""",pants-fire,statement before signing Senate Bill 4 into law over a Facebook Live,Immigration; Criminal Justice; Crime; Texas,W. Gardner Selby,"May 18, 2017",https://www.politifact.com/factchecks/2017/may/18/greg-abbott/torching-greg-abbotts-claim-travis-county-sheriff-/
Jorge Ramos,"May 12, 2017","""Some of the safest communities in the United States are along the border.""",mostly-true,Fox News interview,Immigration; Homeland Security; Crime; PunditFact,Miriam Valverde,"May 17, 2017",https://www.politifact.com/factchecks/2017/may/17/jorge-ramos/jorge-ramos-border-communities-some-safest-country/
Jeff Sessions,"April 28, 2017","District attorneys ""have advertised that they will charge a criminal alien with a lesser offense than presumably they would charge a United States citizen, so they won’t be deported.""",half-true,remarks to law enforcement officers,Immigration; National; Criminal Justice; Homeland Security; Crime,Miriam Valverde,"May 10, 2017",https://www.politifact.com/factchecks/2017/may/10/jeff-sessions/sessions-claims-district-attorneys-charge-immigran/
Sally Hernandez,"April 18, 2017","""FBI crime statistics have found that labeled ‘sanctuary’ cities experience lower rates of all crime types, including homicides.""",half-true,oped commentary co-authored by four other Texas sheriffs,Immigration; Criminal Justice; Crime; Texas,W. Gardner Selby,"May 10, 2017",https://www.politifact.com/factchecks/2017/may/10/sally-hernandez/sally-hernandez-says-cities-labeled-sanctuaries-ha/
Wisconsin Freedom Alliance,"April 25, 2017","Wisconsin politicians get daily expense payments ""even if they don’t spend a dime on meals, or lodging or travel,"" and ""no receipts are required for them to get paid.""",mostly-true,radio ad,Immigration; Income; State Budget; Wisconsin,Dave Umhoefer,"May 3, 2017",https://www.politifact.com/factchecks/2017/may/03/wisconsin-freedom-alliance/do-s-legislator-get-daily-stipend-just-showing/
Scott Peters,"April 24, 2017","The estimated price of President Trump’s border wall is the same as the cost of ""one and a half aircraft carriers.""",true,news article,Immigration; Federal Budget; Homeland Security; Military; California,Chris Nichols,"April 28, 2017",https://www.politifact.com/factchecks/2017/apr/28/scott-peters/would-trumps-border-wall-cost-same-one-and-half-us/
Jeff Sessions,"April 23, 2017","Treasury Department's inspector general found ""there's $4 billion a year in excess payments"" going to people that shouldn’t get them. ""These are mostly Mexicans.""",half-true,interview on ABC's This Week,Immigration; National; Economy; Homeland Security,Miriam Valverde,"April 27, 2017",https://www.politifact.com/factchecks/2017/apr/27/jeff-sessions/sessions-says-4-billion-tax-credits-go-mostly-mexi/
Donald Trump,"April 26, 2017","The Ninth Circuit has an overturned record ""close to 80%.""",half-true,tweet,Immigration; National; Homeland Security,Lauren Carroll,"April 26, 2017",https://www.politifact.com/factchecks/2017/apr/26/donald-trump/does-ninth-circuit-have-overturn-record-close-80/
Ron Kind,"February 16, 2017","""We're experiencing a net outflow of illegal, undocumented workers from America back to Mexico.""",true,radio interview,Immigration; Homeland Security; Wisconsin,Eric Litke,"April 26, 2017",https://www.politifact.com/factchecks/2017/apr/26/ron-kind/yes-experiencing-net-outflow-illegal-undocumented-/
Donald Trump,"April 21, 2017","Illegal immigration on the U.S.-Mexico border is ""the lowest in 17 years.""",true,interview with the Associated Press,Immigration; National; Homeland Security,Miriam Valverde,"April 25, 2017",https://www.politifact.com/factchecks/2017/apr/25/donald-trump/illegal-immigration-lowest-17-years-trump-said/
Claire McCaskill,"January 31, 2017","""Nobody applies to the United States for refugee status. They apply to the United Nations.""",false,Senate hearing for Rex Tillerson’s nomination for U.S. Secretary of State,Immigration; Foreign Policy; Missouri,Aleissa Bleyl,"April 24, 2017",https://www.politifact.com/factchecks/2017/apr/24/claire-mccaskill/mccaskill-doesnt-account-all-refugee-cases/
Mick Mulvaney,"April 23, 2017","""They voted for (a border wall) in 2006. Then-Senator Obama voted for it. Sen. Schumer voted for it. Sen. Clinton voted for it.""",half-true,"segment on ""Fox News Sunday""",Immigration; National,Allison Graves,"April 23, 2017",https://www.politifact.com/factchecks/2017/apr/23/mick-mulvaney/fact-check-did-top-democrats-vote-border-wall-2006/
Donald Trump,"April 18, 2017","""The weak illegal immigration policies of the Obama Admin. allowed bad MS 13 gangs to form in cities across U.S. We are removing them fast!""",false,tweet,Immigration; National; Homeland Security; Crime,Amy Sherman,"April 18, 2017",https://www.politifact.com/factchecks/2017/apr/18/donald-trump/trump-falsely-claims-obama-policies-blame-growth-m/
Donald Trump,"April 17, 2017","Says Jon Ossoff wants to ""allow illegal immigration.""",mostly-false,tweet,Georgia; Immigration; Homeland Security,Miriam Valverde,"April 17, 2017",https://www.politifact.com/factchecks/2017/apr/17/donald-trump/trump-makes-false-claim-about-jon-ossoffs-immigrat/
Mike Rogers,"March 30, 2017","""In 2014, Mexico alone received over $24 billion in remittances sent from the U.S., while other South and Central American countries received over 15 percent of their (gross domestic product) in the form of remittances.""",half-true,press release,Immigration; National; Economy; Homeland Security,Miriam Valverde,"April 11, 2017",https://www.politifact.com/factchecks/2017/apr/11/mike-rogers-2/alabama-lawmaker-makes-half-true-claim-about-remit/
Donald Trump,"April 7, 2017","""Last month, we saw a 64 percent reduction in illegal immigration on our southern border.""",half-true,weekly address,Immigration; National; Homeland Security,Miriam Valverde,"April 10, 2017",https://www.politifact.com/factchecks/2017/apr/10/donald-trump/trump-illegal-immigration-down-64-percent-march-tr/
Brian Sims,"March 31, 2017","""Finally, I will continue to fight against Republicans like Martina White, who like Trump, wants to deport all of our hard working immigrant brothers and sisters and white wash America.""",pants-fire,a fundraising message,Immigration; Pennsylvania,Mark Dent,"April 5, 2017",https://www.politifact.com/factchecks/2017/apr/05/brian-sims/philly-rep-sims-martina-white-wants-deport-all-imm/
"John Conyers, Jr.","March 28, 2017","""Apprehension rates at the southern border have plummeted since the 1980s, and apprehensions of Mexicans specifically have reached their lowest point in nearly half a century.""",mostly-true,subcommittee hearing,Immigration; National; Homeland Security,Miriam Valverde,"April 3, 2017",https://www.politifact.com/factchecks/2017/apr/03/john-conyers/apprehensions/
Jeff Sessions,"March 27, 2017","""Just last May, the Department of Justice inspector general found that these (‘sanctuary city’) policies also violate federal law.""",mostly-false,press briefing,Immigration; National; Criminal Justice; Homeland Security; Crime,Miriam Valverde,"March 30, 2017",https://www.politifact.com/factchecks/2017/mar/30/jeff-sessions/jeff-sessions-misleads-saying-inspector-general-fo/
Carlos Guillermo Smith,"March 21, 2017","Says if a Florida bill (HB 697) punishing sanctuary cities becomes law ""it will be the only law of its kind in the nation.""",mostly-true,vote on HB 697,Immigration; States; Florida,Allison Graves,"March 30, 2017",https://www.politifact.com/factchecks/2017/mar/30/carlos-guillermo-smith/fact-check-florida-considering-one-kind-legislatio/
Florida Immigrant Coalition,"March 27, 2017","""As an undocumented immigrant, you do have constitutional rights here in the United States.""",mostly-true,Florida House subcommittee hearing,Immigration; Legal Issues; Florida,Amy Sherman,"March 29, 2017",https://www.politifact.com/factchecks/2017/mar/29/florida-immigrant-coalition/do-undocumented-immigrants-have-constitutional-rig/
Jim Kenney,"March 27, 2017","""Immigrants are responsible for 96 percent of our small biz growth since 2000.""",false,tweet,Immigration; City Government; Economy; Pennsylvania,Cassie Owens,"March 28, 2017",https://www.politifact.com/factchecks/2017/mar/28/jim-kenney/philly-mayor-draws-incorrect-immigrant-biz-stat-fl/
Brendan Reilly,"February 24, 2017 in","Said Adolf Hitler and Donald Trump have both described deportations as ""a military operation.""",mostly-false,on Twitter,Immigration; Illinois,Marc Filippino,"March 23, 2017",https://www.politifact.com/factchecks/2017/mar/23/brendan-reilly/chicago-alderman-misses-mark-comparing-donald-trum/
Donald Trump,"March 20, 2017","""Since the day of my election, we've already cut illegal immigration at the southern border by 61 percent.""",mostly-true,rally,Immigration; National; Homeland Security,Miriam Valverde,"March 22, 2017",https://www.politifact.com/factchecks/2017/mar/22/donald-trump/trump-says-illegal-immigration-down-61-percent-ele/
Patrick Leahy,"March 8, 2017","Wealthy foreigners can obtain visas through a special program, but only a small number ""invest in true high-unemployment areas. Almost every other EB-5 project uses gerrymandering to qualify as distressed.""",mostly-true,House Judiciary Committee hearing,Immigration; National,Miriam Valverde,"March 21, 2017",https://www.politifact.com/factchecks/2017/mar/21/patrick-leahy/leahy-eb-5-visas/
Florida Conference of Catholic Bishops,"March 15, 2017","""Unlawful presence (in the United States) is not a crime.""",mostly-true,Florida House subcommittee hearing,Immigration; Legal Issues; Florida,Louis Jacobson,"March 15, 2017",https://www.politifact.com/factchecks/2017/mar/15/florida-conference-catholic-bishops/being-united-states-unlawfully-crime/
Donald Trump,"March 13, 2017","""In the first full month of my administration following the issuance of my executive orders, illegal immigration on our southern border fell by an unprecedented 40 percent.""",mostly-true,his first Cabinet meeting,Immigration; National; Homeland Security,Miriam Valverde,"March 14, 2017",https://www.politifact.com/factchecks/2017/mar/14/donald-trump/trump-says-after-executive-orders-illegal-immigrat/
Keith Ellison,"March 7, 2017","Says President Donald Trump's travel ban could ban Somalis ""from getting relief (from famine) through coming to the United States.""",mostly-false,"interview on MSNBC's ""Morning Joe""",Global News Service; Immigration; Foreign Policy,Jon Greenberg,"March 13, 2017",https://www.politifact.com/factchecks/2017/mar/13/keith-ellison/ellison-says-travel-ban-will-hurt-somalis-fleeing-/
Social Media,"March 6, 2017","""It's important to pay attention to the Russian spy drama, but let's not ignore the fact that the following (10) bills have been introduced"" in the House.",mostly-true,social media posts,Abortion; Environment; Immigration; Education; Health Care; Foreign Policy; Workers; PunditFact,Louis Jacobson,"March 7, 2017",https://www.politifact.com/factchecks/2017/mar/07/social-media/social-media-post-pending-gop-bills-largely-accura/
Sean Ryan,"March 1, 2017","""Just last year, over 5,000 refugees came to New York state, and 94 percent settled outside of New York City.""",true,press conference,Immigration; New York,Dan Clark,"March 4, 2017",https://www.politifact.com/factchecks/2017/mar/04/sean-ryan/heres-where-refugees-settled-new-york-2016/
Donald Trump,"February 28, 2017","""According to data provided by the Department of Justice, the vast majority of individuals convicted of terrorism and terrorism-related offenses since 9/11 came here from outside of our country.""",mostly-false,speech before a joint session of Congress,Immigration; National; Homeland Security; Terrorism,Miriam Valverde,"March 2, 2017",https://www.politifact.com/factchecks/2017/mar/02/donald-trump/trump-misleads-claim-about-terrorism-convictions-9/
Greg Abbott,"February 6, 2017",Says Travis County’s sheriff refuses to enforce 8 USC 1373.,false,tweet,Immigration; Criminal Justice; Crime; Texas,W. Gardner Selby,"March 1, 2017",https://www.politifact.com/factchecks/2017/mar/01/greg-abbott/greg-abbott-falsely-says-travis-county-not-enforci/
Kamala Harris,"February 16, 2017","""Studies have shown Latinos are more than 40 percent less likely to call 911 when they have been a victim of a crime.""",mostly-true,speech,Immigration; Crime; California,Chris Nichols,"February 24, 2017",https://www.politifact.com/factchecks/2017/feb/24/kamala-harris/mostly-true-latinos-40-percent-less-likely-call-po/
Steve Adler,"February 14, 2017","""Local authorities in 43 states refused to honor more than 16,000 detainer requests from ICE from October 2013 to December 2015. Only in Alaska, Delaware, Hawaii, Maine, Montana, Vermont and Wyoming did local officials honor all requests, and detainers are relatively rare in those states.""",mostly-true,open letter to Austin residents,Immigration; Criminal Justice; Legal Issues; Crime; Texas,W. Gardner Selby,"February 23, 2017",https://www.politifact.com/factchecks/2017/feb/23/steve-adler/steve-adler-says-authorities-43-states-turned-down/
Robert Menendez,"February 13, 2017","Recent immigration raids ""are not business as usual. The raids are being done indiscriminately. They’re not focused simply on criminal aliens.""",half-true,tweet,Immigration; National; Homeland Security,Miriam Valverde,"February 17, 2017",https://www.politifact.com/factchecks/2017/feb/17/robert-menendez/sen-bob-menendez-says-immigration-raids-not-busine/
Stephen Miller,"February 12, 2017","""I'm calling into question the accuracy of the ruling. The district judge in Seattle said there was no indication of terrorism from these seven countries in our country.""",mostly-false,"interview on ABC's ""This Week""",Immigration; National; Legal Issues; Foreign Policy; Terrorism,Louis Jacobson,"February 14, 2017",https://www.politifact.com/factchecks/2017/feb/14/stephen-miller/did-court-find-no-indication-terrorism-seven/
Tom Cotton,"February 7, 2017","Of 1 million green cards issued a year, ""almost none of those green cards are based on job skills or demonstrated economic needs.""",mostly-true,Fox News interview,Immigration; National; Economy; Jobs,Miriam Valverde,"February 14, 2017",https://www.politifact.com/factchecks/2017/feb/14/tom-cotton/arkansas-senator-says-1-million-green-cards-issue-/
Ron Johnson,"February 3, 2017","Israel cut its illegal immigration rate by ""99 percent"" by constructing a 143-mile fence along its southern border.",mostly-true,CNN interview,Immigration; National; Homeland Security,Miriam Valverde,"February 13, 2017",https://www.politifact.com/factchecks/2017/feb/13/ron-johnson/border-fence-israel-cut-illegal-immigration-99-per/
Donald Trump,"February 12, 2017","Says ""72% of refugees admitted into U.S. (2/3 -2/11) during COURT BREAKDOWN are from 7 countries: SYRIA, IRAQ, SOMALIA, IRAN, SUDAN, LIBYA & YEMEN.""",mostly-true,tweet,Immigration; National,Allison Graves,"February 12, 2017",https://www.politifact.com/factchecks/2017/feb/12/donald-trump/donald-trump-says-refugee-admissions-surged-7-coun/
Dawn Buckingham,"February 8, 2017","""Hundreds of illegal immigrants subject to detainers were released in the last week since the new sanctuary policy was adopted by the Travis County Sheriff's Office.""",false,campaign email blast,Immigration; Criminal Justice; Crime; Texas,W. Gardner Selby,"February 10, 2017",https://www.politifact.com/factchecks/2017/feb/10/dawn-buckingham/dawn-buckingham-incorrectly-says-hundreds-illegal-/
Bloggers,"January 30, 2017","Says President Donald Trump ""signs a visa-free travel policy"" for Ghana and Malawi.",pants-fire,blog post,Global News Service; Immigration; Fake news; Foreign Policy,Jon Greenberg,"February 9, 2017",https://www.politifact.com/factchecks/2017/feb/09/blog-posting/fake-news-dangles-visa-free-travel-ghanamalawi/
Donald Trump,"February 2, 2017","""Smart! 'Kuwait issues its own Trump-esque visa ban for five Muslim-majority countries.' """,mostly-false,Facebook post,Immigration; National; Foreign Policy,Louis Jacobson,"February 7, 2017",https://www.politifact.com/factchecks/2017/feb/07/donald-trump/donald-trump-wrong-say-kuwait-followed-his-lead-vi/
Reince Priebus,"January 29, 2017","The seven nations identified in Donald Trump's travel ban were ""identified by the Obama administration as the seven most dangerous countries in the world in regard to harboring terrorists.""",half-true,interview,Immigration; Foreign Policy; Terrorism; Wisconsin,Tom Kertscher,"February 7, 2017",https://www.politifact.com/factchecks/2017/feb/07/reince-priebus/were-7-nations-identified-donald-trumps-travel-ban/
Donald Trump,"February 5, 2017","Says ""109 people out of hundreds of thousands of travelers"" were affected by the immigration executive order.",false,interview with Bill O'Reilly,Immigration; National,Linda Qiu,"February 6, 2017",https://www.politifact.com/factchecks/2017/feb/06/donald-trump/president-trump-says-109-people-were-affected-trav/
Tom  McClintock,"January 31, 2017","Refugee ""vetting was very haphazard,"" under the Obama Administration. ""In many cases, we simply accepted the word of applicants.""",mostly-false,interview,Immigration; Terrorism; California,Chris Nichols,"February 3, 2017",https://www.politifact.com/factchecks/2017/feb/03/tom-mcclintock/americas-refugee-vetting-already-robust-not-haphaz/
Keith Ellison,"January 29, 2017","""About three-quarters of (Syrian refugees) are women and children. A full third of them are kids under 12 years old.""",true,CBS 'Face The Nation' interview,Immigration; National; Homeland Security,Miriam Valverde,"February 2, 2017",https://www.politifact.com/factchecks/2017/feb/02/keith-ellison/rep-keith-ellison-correct-demographic-overview-syr/
Marco Rubio,"January 27, 2017","""In Florida, 70 percent of the people here illegally came on an airplane. They overstayed a visa.""",mostly-true,interview,Immigration; Florida,Amy Sherman,"February 2, 2017",https://www.politifact.com/factchecks/2017/feb/02/marco-rubio/marco-rubio-says-majority-florida-undocumented-imm/
Donald Trump,"February 1, 2017","""The Obama Administration agreed to take thousands of illegal immigrants from Australia.""",half-true,tweet,Immigration; National; Homeland Security,Linda Qiu,"February 2, 2017",https://www.politifact.com/factchecks/2017/feb/02/donald-trump/trump-claims-obama-made-deal-take-thousands-illega/
Ted Lieu,"January 27, 2017","""The chances of being killed by a refugee committing a terrorist act is 1 in 3.6 billion.""",mostly-true,a press release,Immigration; Terrorism; California,Chris Nichols,"February 1, 2017",https://www.politifact.com/factchecks/2017/feb/01/ted-lieu/odds-youll-be-killed-terror-attack-america-refugee/
John Cornyn,"November 22, 2016",Says the Department of Homeland Security didn't request any hours of aerial surveillance for the U.S.-Mexico border from the Department of Defense for 2017.,mostly-false,letter to Homeland Security Secretary Jeh Johnson,Immigration; Corrections and Updates; Homeland Security; Texas,Fauzeya Rahman,"January 31, 2017",https://www.politifact.com/factchecks/2017/jan/31/john-cornyn/texans-led-john-cornyn-claim-obama-administration-/
Mario Diaz-Balart,"January 30, 2017","Says former President Barack Obama ""took similar action against Cuban refugees"" as President Donald Trump did in his executive order.",false,press release,Immigration; Terrorism; Florida,Amy Sherman,"January 31, 2017",https://www.politifact.com/factchecks/2017/jan/31/mario-diaz-balart/trumps-immigration-ban-comparable-obamas-cuba-rule/
Joe DeFelice,,"""From the release of a child rapist from the Dominican Republican to that of an Italian drug smuggler, Philadelphians have already been put in direct danger by Mayor Kenney’s policy of blocking local law enforcement from participating with federal immigration authorities.""",mostly-false,,Immigration; City Government; Homeland Security; Crime; Pennsylvania,Cassie Owens,"January 31, 2017",https://www.politifact.com/factchecks/2017/jan/31/joe-defelice/phillys-sanctuary-city-status-putting-residents-da/
Donald Trump,"January 29, 2017","""My policy is similar to what President Obama did in 2011 when he banned visas for refugees from Iraq for six months.""",mostly-false,statement,Immigration; National,Linda Qiu,"January 30, 2017",https://www.politifact.com/factchecks/2017/jan/30/donald-trump/why-comparing-trumps-and-obamas-immigration-restri/
Jerrold Nadler,"January 28, 2017","""The various people who have, in fact, committed terrorist acts in this country, from 9/11 on, none of them came from any of the seven countries that are the subject of the president's executive order.""",half-true,CNN interview,Immigration; National; Homeland Security,Miriam Valverde,"January 29, 2017",https://www.politifact.com/factchecks/2017/jan/29/jerrold-nadler/have-there-been-terrorist-attacks-post-911-countri/
Donald Trump,"January 27, 2017","""If you were a Muslim, you could come in, if you were a Christian, it was impossible.""",false,interview with CBN,Immigration; National; Foreign Policy; Religion,Linda Qiu,"January 29, 2017",https://www.politifact.com/factchecks/2017/jan/29/donald-trump/no-evidence-trump-claim-it-was-impossible-syrian-c/
Donald Trump,"January 25, 2017","Says ICE and border patrol officers ""unanimously endorsed me for president.""",mostly-false,remarks at Department of Homeland Security,Immigration; National; Homeland Security,Miriam Valverde,"January 26, 2017",https://www.politifact.com/factchecks/2017/jan/26/donald-trump/trump-claims-unanimous-endorsement-ice-border-patr/
Sean Spicer,"January 24, 2017","""There's one (study) that came out of Pew in 2008 that showed 14 percent of people who voted were noncitizens.""",false,daily press briefing,Immigration; National; Elections,Lauren Carroll,"January 25, 2017",https://www.politifact.com/factchecks/2017/jan/25/sean-spicer/sean-spicer-wrongly-uses-pew-study-bolster-claim-n/
Jerry Brown,"January 24, 2017","Twenty-seven percent of Californians, almost 11 million, ""were born in a foreign land.""",true,State of the State Address,Immigration; California,Chris Nichols,"January 24, 2017",https://www.politifact.com/factchecks/2017/jan/24/jerry-brown/true-27-percent-californians-were-born-foreign-lan/
Luke Messer,"January 5, 2017","""By funding the authorization that’s already happened a decade ago (in the Secure Fence Act of 2006), we could start the process of meeting Mr. Trump’s campaign pledge to secure the border.""",true,CNN story,Immigration; National; Homeland Security,Miriam Valverde,"January 17, 2017",https://www.politifact.com/factchecks/2017/jan/17/luke-messer/rep-luke-messer-correct-2006-act-allows-border-wal/
Richard Durbin,"January 10, 2017","Of Sen. Jeff Sessions, ""you've objected to immigrants volunteering to serve in our armed forces, saying, 'In terms of who's going to be most likely to be a spy, somebody from Cullman, Ala., or somebody from Kenya?'""",mostly-true,Sessions' Senate confirmation hearing for attorney general,Immigration; National; Homeland Security,Miriam Valverde,"January 10, 2017",https://www.politifact.com/factchecks/2017/jan/10/richard-durbin/durbin-says-sessions-objected-immigrants-armed-for/
Scott Walker,"December 23, 2016","""We don't get any of that information"" from the federal government on who refugees are, where they come from and how long they are likely to stay.",mostly-false,interview,Immigration; Homeland Security; Foreign Policy; Terrorism; Wisconsin,Tom Kertscher,"January 6, 2017",https://www.politifact.com/factchecks/2017/jan/06/scott-walker/federal-government-doesnt-give-information-syrian-/
Lloyd  Doggett,"December 15, 2016","""Our university campuses by federal law do not check the immigration status of their students just as our public schools don’t.""",mostly-false,interview with KEYE TV,Immigration; Education; Texas,W. Gardner Selby,"December 28, 2016",https://www.politifact.com/factchecks/2016/dec/28/lloyd-doggett/lloyd-doggett-says-federal-law-universities-dont-c/
"Ron Castorina, Jr.","November 28, 2016","""It is more difficult to obtain a Costco membership than it is to get a NYC Municipal ID""",pants-fire,press release,Immigration; Terrorism; New York,Dan Clark,"December 21, 2016",https://www.politifact.com/factchecks/2016/dec/21/ron-castorina-jr/getting-costco-membership-not-easier-getting-nyc-m/
Geraldo Rivera,"December 12, 2016","Says ""tens of thousands of children"" were rushed across the southwest border ""because they fear the wall.""",mostly-false,interview on Fox News' Hannity,Immigration; Homeland Security; PunditFact,Miriam Valverde,"December 15, 2016",https://www.politifact.com/factchecks/2016/dec/15/geraldo-rivera/mostly-false-claim-children-are-rushing-across-bor/
Bloggers,"December 1, 2016","""More than two-thirds of the aliens the Obama administration has brought to the United States under the president's Central American Minors program weren’t actually minors at all.""",mostly-true,MRCTV post,Immigration; Homeland Security; PunditFact,Miriam Valverde,"December 7, 2016",https://www.politifact.com/factchecks/2016/dec/07/blog-posting/claim-central-american-minors-program-mostly-benef/
Roger Williams,"November 16, 2016","""NAFTA allows a lot of trucks from Mexico, for example, to leave there and ... drive straight through without even being inspected.""",mostly-false,interview with McClatchy's Washington bureau,Immigration; Corrections and Updates; Homeland Security; Transportation; Texas,W. Gardner Selby,"December 5, 2016",https://www.politifact.com/factchecks/2016/dec/05/roger-williams/mostly-false-roger-williams-claim-lot-trucks-not-i/
Bloggers,"October 9, 2015",Latina who enthusiastically supported Donald Trump on stage in Las Vegas in October 2015 has been deported.,pants-fire,"social media posts, blogs",Immigration; Fake news; PunditFact,Miriam Valverde,"December 5, 2016",https://www.politifact.com/factchecks/2016/dec/05/blog-posting/fake-news-alert-claim-famed-latina-trump-supporter/
Bill de Blasio,"November 18, 2016","On Donald Trump’s plan to cut federal funding to sanctuary cities, ""because of a decision by the Supreme Court, no president's in a position to cut off funding across the board. It has to be very specific to the matter at hand.""",mostly-true,WNYC interview,Immigration; National; City Budget; County Budget; Federal Budget; Homeland Security; State Budget,Miriam Valverde,"December 1, 2016",https://www.politifact.com/factchecks/2016/dec/01/bill-de-blasio/new-york-city-mayor-says-president-cant-defund-san/
Donald Trump,"November 27, 2016","Says he ""won the popular vote if you deduct the millions of people who voted illegally.""",pants-fire,tweet,Immigration; National; Elections,Louis Jacobson,"November 28, 2016",https://www.politifact.com/factchecks/2016/nov/28/donald-trump/donald-trumps-pants-fire-claim-millions-illegal-vo/
Javier M. Gonzales,"November 16, 2016","""Study after study have shown that sanctuary cities do not lead to an increase in crime because of the presence of people that are undocumented.""",half-true,interview on The Kelly File,Immigration; National; Homeland Security,Miriam Valverde,"November 28, 2016",https://www.politifact.com/factchecks/2016/nov/28/javier-m-gonzales/santa-fe-mayor-defends-sanctuary-cities-says-studi/
Rush Limbaugh,"November 21, 2016","""Alexander Hamilton was an immigration hawk.""",half-true,"""The Rush Limbaugh Show""",Immigration; History; PunditFact,Lauren Carroll,"November 22, 2016",https://www.politifact.com/factchecks/2016/nov/22/rush-limbaugh/trump-hamilton-was-immigration-hawk-rush-limbaugh-/
Reince Priebus,"November 14, 2016","""President-elect Trump's immigration policies are very similar to policies that are sitting right in the Senate and the House today to temporarily suspend immigration from countries that harbor terrorism, to temporarily suspend immigration from Syria until we get better vetting.""",mostly-true,MSNBC interview,Immigration; National; Homeland Security,Miriam Valverde,"November 18, 2016",https://www.politifact.com/factchecks/2016/nov/18/reince-priebus/reince-priebus-says-trump-congress-have-similar-im/
Bloggers,"November 14, 2016","""Report: 3 million votes in presidential election cast by illegal aliens.""",false,article on InfoWars,Immigration; Elections; PunditFact,Allison Graves,"November 18, 2016",https://www.politifact.com/factchecks/2016/nov/18/blog-posting/no-3-million-undocumented-immigrants-did-not-vote-/
Donald Trump,"November 13, 2016","Says there are ""probably 2 million, it could be even 3 million"" criminal immigrants in the country illegally.",half-true,60 Minutes interview,Immigration; National; Homeland Security,Miriam Valverde,"November 15, 2016",https://www.politifact.com/factchecks/2016/nov/15/donald-trump/trump-misleads-number-criminal-immigrants-illegall/
Tim Kaine,"November 3, 2016","""Spanish was the first European language spoken in this country.""",true,speech,Immigration; National; History,Miriam Valverde,"November 7, 2016",https://www.politifact.com/factchecks/2016/nov/07/tim-kaine/tim-kaine-right-spanish-was-first-european-languag/
Morgan Carroll,"October 20, 2016","Says Mike Coffman said two different things: ""stop the deportations"" in a Spanish-language debate and ""you're going to be deported"" in an English-language TV interview.",mostly-false,news release,Colorado; Immigration,Alan Gathright,"November 4, 2016",https://www.politifact.com/factchecks/2016/nov/04/morgan-carroll/morgan-carroll-says-mike-coffman-changes-tune-immi/
Donald Trump,"October 27, 2016","""Thousands of Americans have been killed by illegal immigrants.""",half-true,campaign rally,Immigration; National,Miriam Valverde,"November 3, 2016",https://www.politifact.com/factchecks/2016/nov/03/donald-trump/trump-leaves-out-context-claim-about-immigrants-an/
Ron Johnson,"October 10, 2016","Says Russ Feingold ""voted to raise taxes on Social Security benefits for seniors, he even tried to give Social Security benefits to illegal immigrants.""",mostly-false,radio ad,Immigration; Federal Budget; Income; Social Security; Taxes; Wisconsin,Tom Kertscher,"November 3, 2016",https://www.politifact.com/factchecks/2016/nov/03/ron-johnson/ron-johnson-russ-feingold-social-security-votes-ra/
Priorities USA Action,"September 28, 2016","Says Donald Trump wants to deport ""our Dreamers.""",mostly-true,TV ad,Immigration; National,Miriam Valverde,"November 1, 2016",https://www.politifact.com/factchecks/2016/nov/01/priorities-usa-action/pro-clinton-pac-says-trump-wants-deport-millions-i/
Donald Trump,"October 30, 2016","Says Hillary Clinton ""wants to let people just pour in. You could have 650 million people pour in and we do nothing about it. Think of it. That’s what could happen. You triple the size of our country in one week.""",pants-fire,campaign rally,Immigration; National; Homeland Security,Miriam Valverde,"October 31, 2016",https://www.politifact.com/factchecks/2016/oct/31/donald-trump/trump-says-clinton-would-bring-650-million-people-/
Hillary Clinton,"October 26, 2016","""One-half of undocumented workers pay federal income taxes, which means they are paying more federal income taxes than Donald Trump pays.""",half-true,rally,Immigration; National; Candidate Biography; Taxes,Lauren Carroll,"October 27, 2016",https://www.politifact.com/factchecks/2016/oct/27/hillary-clinton/clinton-undocumented-workers-pay-more-trump-federa/
Russ  Feingold,"September 6, 2016","Says Ron Johnson ""has essentially done nothing"" to fight heroin addiction and opioid abuse.",false,radio ad,Immigration; Candidate Biography; Drugs; Homeland Security; Wisconsin,Tom Kertscher,"October 26, 2016",https://www.politifact.com/factchecks/2016/oct/26/russ-feingold/ron-johnson-has-done-essentially-nothing-heroin-an/
Hillary Clinton,"October 23, 2016","""Donald Trump says he'd deport 16 million people.""",half-true,tweet from her campaign,Immigration; National,Louis Jacobson,"October 25, 2016",https://www.politifact.com/factchecks/2016/oct/25/hillary-clinton/hillary-clinton-exaggerates-saying-donald-trump-pl/
Donald Trump,"October 19, 2016","""Nobody knows about it, nobody talks about it, but under Obama, millions of people have been moved out of this country, they've been deported.""",half-true,third presidential debate,Immigration; National,Miriam Valverde,"October 21, 2016",https://www.politifact.com/factchecks/2016/oct/21/donald-trump/trump-right-deportation-numbers-wrong-talks-about-/
Rob Portman,"October 20, 2016","""The director of the FBI said that we cannot figure out who (Syrian refugees) are, what their intentions are, because we have no information on them, because we don’t have any contact with the Syrian government or any people on the ground to be able to determine that.""",half-true,Ohio Senate debate,Immigration; Ohio; Human Rights; Foreign Policy; Terrorism,Louis Jacobson,"October 21, 2016",https://www.politifact.com/factchecks/2016/oct/21/rob-portman/portman-refugees-safely-back-grounded/
Hillary Clinton,"October 19, 2016","Says Donald Trump ""said as recently as a few weeks ago in Phoenix that every undocumented person would be subject to deportation.""",mostly-true,third 2016 presidential debate,Immigration; National; Candidate Biography; Homeland Security,Miriam Valverde,"October 20, 2016",https://www.politifact.com/factchecks/2016/oct/20/hillary-clinton/hillary-clinton-donald-trump-still-promising-depor/
Hillary Clinton,"October 20, 2016","Says Donald Trump ""used undocumented labor to build the Trump Tower.""",true,a debate,Immigration; National; Candidate Biography,Linda Qiu,"October 20, 2016",https://www.politifact.com/factchecks/2016/oct/20/hillary-clinton/hillary-clinton-correctly-claims-trump-tower-was-p/
Donald Trump,"October 19, 2016","Says Hillary Clinton ""wanted the wall.""",half-true,third 2016 presidential debate,Immigration; National; Candidate Biography; History; Homeland Security; Voting Record,Tom Kertscher,"October 20, 2016",https://www.politifact.com/factchecks/2016/oct/20/donald-trump/donald-trump-says-hillary-clinton-fought-wall-betw/
Donald Trump,"October 19, 2016","Says Hillary Clinton ""wants to have open borders.""",mostly-false,third 2016 presidential debate,Immigration; National; Homeland Security; Human Rights; Crime; Foreign Policy,Amy Sherman,"October 20, 2016",https://www.politifact.com/factchecks/2016/oct/20/donald-trump/donald-trump-says-hillary-clinton-wants-have-open-/
Donald Trump,"October 17, 2016","""It’s possible that non-citizen voters were responsible for Obama’s 2008 victory in North Carolina.""",pants-fire,speech,Immigration; Elections; Crime; States; North Carolina,Will Doran,"October 19, 2016",https://www.politifact.com/factchecks/2016/oct/19/donald-trump/trump-wrongfully-says-immigrants-voting-illegally-/
Patrick Murphy,"October 10, 2016","Says Marco Rubio ""opposes immigration reform. Worse, Rubio supports Donald Trump. His plan would deport 800,000 children, destroying families.""",half-true,TV ad,Immigration; Florida,Amy Sherman,"October 17, 2016",https://www.politifact.com/factchecks/2016/oct/17/patrick-murphy/patrick-murphy-attacks-marco-rubios-record-immigra/
Hillary Clinton,"October 9, 2016","""We've had Muslims in America since George Washington.""",true,second presidential debate,Immigration; National; History,Miriam Valverde,"October 13, 2016",https://www.politifact.com/factchecks/2016/oct/13/hillary-clinton/clinton-sys-muslims-have-been-america-george-washi/
Barack Obama,"September 20, 2016","""Refugees are subject to more rigorous screening than the average tourist in the U.S.""",true,speech to the Leader's Summit on Refugees,Global News Service; Immigration; Homeland Security; Foreign Policy; Terrorism,Joseph Cariz,"October 13, 2016",https://www.politifact.com/factchecks/2016/oct/13/barack-obama/refugee-summit-obama-claims-refugees-us-are-screen/
Donald Trump,"October 10, 2016","Says ""I’ve been proven right"" about ""Hillary Clinton's radical call for open borders, meaning anyone in the world can enter the United States without any limit at all.""",mostly-false,rally,Immigration; National,Linda Qiu,"October 12, 2016",https://www.politifact.com/factchecks/2016/oct/12/donald-trump/trump-ive-been-proven-right-about-clinton-wanting-/
Pat McCrory,"October 11, 2016","Says Syrian refugees are not being vetted, and ""the FBI is not even being told where they are.""",mostly-false,North Carolina governor's race debate,Immigration; Debates; Foreign Policy; Public Safety; Terrorism; North Carolina,Will Doran,"October 12, 2016",https://www.politifact.com/factchecks/2016/oct/12/pat-mccrory/mccrory-says-syrian-refugees-not-properly-vetted-o/
Donald Trump,"October 9, 2016","""ICE just endorsed me.""",mostly-false,second presidential debate,Immigration; National; Homeland Security,Miriam Valverde,"October 10, 2016",https://www.politifact.com/factchecks/2016/oct/10/donald-trump/trump-says-ice-endorsed-him/
Pete Gallego,"October 4, 2016","Says Will Hurd said a border-long U.S.-Mexico wall ""absolutely makes sense.""",mostly-false,TV ad pointed out to PolitiFact Texas,Immigration; Homeland Security; Texas,W. Gardner Selby,"October 7, 2016",https://www.politifact.com/factchecks/2016/oct/07/pete-gallego/pete-gallego-mostly-wrong-will-hurd-absolutely-sup/
Tim Kaine,"October 4, 2016","Says ""Donald Trump proposes to deport 16 million people, 11 million who are here without documents, and both Donald Trump and Mike Pence want to get rid of birthright citizenship.""",half-true,2016 vice presidential debate,Immigration; National; Children; Homeland Security; Human Rights,Miriam Valverde,"October 7, 2016",https://www.politifact.com/factchecks/2016/oct/07/tim-kaine/tim-kaine-said-trump-ticket-wants-deport-16-millio/
Gina Raimondo,"September 28, 2016","""In other states (where illegal immigrants have been allowed to get driver's licenses) their insurance premiums for everybody have gone down.""",mostly-true,television interview,Immigration; National; Economy; Public Safety; Regulation,C. Eugene Emery Jr.,"October 7, 2016",https://www.politifact.com/factchecks/2016/oct/07/gina-raimondo/limited-data-support-gina-raimondos-claim-motorist/
Mike Pence,"October 4, 2016","Says Donald Trump, in his campaign announcement speech, ""also said, ‘And many of them (Mexicans) are good people. You keep leaving that out of your quote.""",half-true,vice presidential debate,Immigration; National; Candidate Biography; Race and Ethnicity,Louis Jacobson,"October 5, 2016",https://www.politifact.com/factchecks/2016/oct/05/mike-pence/mike-pence-tidies-donald-trumps-quote-about-mexica/
Ami Bera,"August 22, 2016","Says GOP Congressional candidate Scott Jones ""wants to build a wall. He wants to round people up and deport folks.""",half-true,interview.,Immigration; California,Chris Nichols,"October 5, 2016",https://www.politifact.com/factchecks/2016/oct/05/ami-bera/does-calif-republican-scott-jones-want-build-wall-/
Tim Kaine,"October 4, 2016","""When Donald Trump spoke in Phoenix, he looked the audience in the eye and he said ‘no, we're building a wall and we're deporting everybody.’ He said, quote, ‘they will all be gone. They will all be gone.’ This is one of the ones where you can go to the tape on it and see what Donald Trump has said.""",half-true,vice presidential debate,Immigration; National,Miriam Valverde,"October 5, 2016",https://www.politifact.com/factchecks/2016/oct/05/tim-kaine/Kaine-Trump-said-undocumented-immigrants-will-al/
María Teresa  Kumar,"October 2, 2016","""Undocumented immigrants pay $12 billion of taxes every single year.""",true,"interview on ""Meet the Press""",Immigration; Social Security; Taxes; PunditFact,Linda Qiu,"October 2, 2016",https://www.politifact.com/factchecks/2016/oct/02/maria-teresa-kumar/how-much-do-undocumented-immigrants-pay-taxes/
Rick Scott,"September 27, 2016","Says Hillary Clinton ""wants to bring in thousands of refugees to America from all around the world without any kind of security screening.""",false,Facebook post,Immigration; Florida,Joshua Gillin,"September 29, 2016",https://www.politifact.com/factchecks/2016/sep/29/rick-scott/clinton-wants-admit-thousands-refugees-no-vetting-/
Donald Trump,"September 26, 2016","""These people that we were going to deport for good reason ended up becoming citizens. Ended up becoming citizens. And it was 800. And now it turns out it might be 1,800, and they don't even know.""",mostly-true,presidential debate at Hofstra University,Immigration; National,Miriam Valverde,"September 29, 2016",https://www.politifact.com/factchecks/2016/sep/29/donald-trump/trump-says-1800-people-who-were-going-be-deported-/
Tom DeLay,"September 1, 2016","Says most illegal immigrants draw ""welfare benefits, they’re sending their kids to school, they’re using the public services.""",half-true,interview on MSNBC,Immigration; Education; Welfare; Texas,Dylan Baddour,"September 28, 2016",https://www.politifact.com/factchecks/2016/sep/28/tom-delay/tom-delay-says-most-illegal-immigrants-draw-welfar/
Donald Trump,"September 20, 2016","Says ""Hillary Clinton's plan would bring in 620,000 refugees in her first term, alone, with no effective way to screen or vet them. Her plan would cost $400 billion in terms of lifetime welfare and entitlement costs.""",false,speech,Immigration; National,Miriam Valverde,"September 27, 2016",https://www.politifact.com/factchecks/2016/sep/27/donald-trump/trump-says-clinton-would-bring-620000-refugees-her/
Hillary Clinton,"September 15, 2016","Says comprehensive immigration reform ""will add $700 billion to our economy.""",half-true,speech at the Congressional Hispanic Caucus Institute,Immigration; National; Economy,Miriam Valverde,"September 21, 2016",https://www.politifact.com/factchecks/2016/sep/21/hillary-clinton/hillary-clinton-say-immigration-reform-will-add-70/
Donald Trump,"August 31, 2016","""Within just a few years, immigration as a share of national population is set to break all historical records.""",mostly-true,speech,Immigration; National,Miriam Valverde,"September 19, 2016",https://www.politifact.com/factchecks/2016/sep/19/donald-trump/trump-says-few-years-immigrant-share-population-wi/
Tim Kaine,"September 18, 2016","Says Hillary Clinton and millennials have the same positions on climate change, abortion rights, immigration reform, gay rights and college affordability. ""Donald Trump doesn't.""",mostly-true,"interview on ""Meet the Press.""",Abortion; Immigration; National; Climate Change; Education; LGBTQ,C. Eugene Emery Jr.,"September 18, 2016",https://www.politifact.com/factchecks/2016/sep/18/tim-kaine/tim-kaine-says-millennials-agree-clinton-not-trump/
Donald Trump,"August 31, 2016","Says U.S.-Mexico border has ""1 million legal border crossings each and every day.""",mostly-true,press conference,Immigration; National,Miriam Valverde,"September 14, 2016",https://www.politifact.com/factchecks/2016/sep/14/donald-trump/trump-says-1-million-legal-crossings-along-us-mexi/
Mike Pence,"September 4, 2016","For immigrants with visa overstays, ""we make no effort to hold them accountable to that or uphold the law.""",half-true,interview on Meet the Press,Immigration; National,Miriam Valverde,"September 12, 2016",https://www.politifact.com/factchecks/2016/sep/12/mike-pence/mike-pence-says-theres-no-effort-against-visa-over/
Donald Trump,"August 31, 2016","Says Hillary Clinton has ""not answered a single question"" about her immigration plan.",pants-fire,immigration policy speech,Immigration; Arizona,Anthony Cave,"September 9, 2016",https://www.politifact.com/factchecks/2016/sep/09/donald-trump/donald-trumps-pants-fire-claim-hillary-clinton-has/
Donald Trump,"September 7, 2016","""Our veterans, in many cases, are being treated worse than illegal immigrants.""",false,speech,Immigration; National; Veterans,Louis Jacobson,"September 9, 2016",https://www.politifact.com/factchecks/2016/sep/09/donald-trump/trump-says-veterans-treated-worse-illegal-immigran/
Donald Trump,"August 31, 2016","The Secure Communities Program and 287(g) immigration programs ""were programs that worked"" but were ""recklessly gutted"" by the Obama administration.",half-true,speech,Immigration; National,Miriam Valverde,"September 6, 2016",https://www.politifact.com/factchecks/2016/sep/06/donald-trump/trump-says-secure-communities-287g-immigration-pro/
Gary Johnson,"August 29, 2016","""Undocumented workers crossing the border right now is at a 12-year low.""",mostly-true,interview.,Immigration; Virginia,Sean Gorman,"September 6, 2016",https://www.politifact.com/factchecks/2016/sep/06/gary-johnson/gary-johnson-says-unauthorized-immigrant-border-cr/
Mike Pence,"September 4, 2016","""Donald Trump’s been completely consistent"" about his plan for nonviolent undocumented immigrants.",false,"interview on ""Meet the Press""",Immigration; National; Candidate Biography,Linda Qiu,"September 4, 2016",https://www.politifact.com/factchecks/2016/sep/04/mike-pence/pence-says-trump-has-been-consistent-immigration-v/
Mike Pence,"September 4, 2016","Says Hillary Clinton ""wants to increase Syrian refugees to this country by 550 percent.""",true,"interview on ""Meet the Press""",Immigration; National; Human Rights; Foreign Policy; Terrorism,Angie Drobnic Holan,"September 4, 2016",https://www.politifact.com/factchecks/2016/sep/04/mike-pence/mike-pence-cites-clinton-support-more-syrian-refug/
Donald Trump,"August 31, 2016","Says ""Hillary Clinton has pledged amnesty in her first 100 days, and her plan will provide Obamacare, Social Security, and Medicare for illegal immigrants, breaking the federal budget.""",mostly-false,speech,Immigration; National; Children; Debt; Deficit; Economy; Families; Federal Budget; Health Care; History; Homeland Security; Jobs; Legal Issues; Medicaid; Medicare; Retirement; Social Security,C. Eugene Emery Jr.,"September 2, 2016",https://www.politifact.com/factchecks/2016/sep/02/donald-trump/donald-trump-strays-key-facts-hillary-clinton-amne/
Donald Trump,"August 31, 2016","""Since 2013 alone, the Obama administration has allowed 300,000 criminal aliens to return back into United States communities. These are individuals encountered or identified by (Immigration and Customs Enforcement), but who were not detained or processed for deportation because it wouldn't have been politically correct.""",half-true,speech on immigration,Immigration; National; Criminal Justice; Homeland Security; Crime,Louis Jacobson,"September 2, 2016",https://www.politifact.com/factchecks/2016/sep/02/donald-trump/donald-trump-says-obama-administration-has-let-300/
Sean Hannity,"August 23, 2016","Says that in 2015, ""illegal"" immigrants accounted for 75 percent of federal drug possession convictions and 5 percent to 30 percent of convictions for murder and kidnapping plus two other crimes.",true,slide presented on Hannity’s show during an Austin interview of Donald Trump,Immigration; Criminal Justice; Crime; Texas,W. Gardner Selby,"September 2, 2016",https://www.politifact.com/factchecks/2016/sep/02/sean-hannity/sean-hannity-says-illegal-immigrants-account-75-pe/
Donald Trump,"August 31, 2016","""There are at least 23 countries that refuse to take their people back after they’ve been ordered to leave the United States, including large numbers of violent criminals.""",mostly-true,campaign speech,Immigration; National,Allison Graves,"September 1, 2016",https://www.politifact.com/factchecks/2016/sep/01/donald-trump/donald-trump-mostly-right-about-countries-refusing/
Donald Trump,"August 31, 2016","The number of illegal immigrants ""could be 3 million. It could be 30 million.""",pants-fire,speech,Immigration; National,Linda Qiu,"September 1, 2016",https://www.politifact.com/factchecks/2016/sep/01/donald-trump/donald-trump-repeats-pants-fire-claim-about-30-mil/
Donald Trump,"August 31, 2016","""Illegal immigration costs our country more than $113 billion a year.""",mostly-false,speech,Immigration; National,Miriam Valverde,"September 1, 2016",https://www.politifact.com/factchecks/2016/sep/01/donald-trump/donald-trump-says-illegal-immigration-costs-113-bi/
Donald Trump,"August 23, 2016","""They were going to build the wall a while ago, not so long ago, like in '06. And they couldn't get environmental impact statements.""",mostly-false,interview on Fox News,Immigration; National,Miriam Valverde,"August 29, 2016",https://www.politifact.com/factchecks/2016/aug/29/donald-trump/trump-says-they-were-going-build-wall-06-no-enviro/
Donald Trump,"August 20, 2016","As governor, Tim Kaine ""oversaw a huge increase in illegal immigration, a tremendous increase.""",false,rally,Immigration; Virginia,Sean Gorman,"August 29, 2016",https://www.politifact.com/factchecks/2016/aug/29/donald-trump/donald-trump-wrong-virginia-say-huge-increase-ille/
Hillary Clinton,"August 25, 2016","""Parents and teachers are already worrying about what they call the ‘Trump Effect.’ They report that bullying and harassment are on the rise in our schools, especially targeting students of color, Muslims and immigrants.""",mostly-true,remarks,Immigration; National; Education; Islam,Lauren Carroll,"August 26, 2016",https://www.politifact.com/factchecks/2016/aug/26/hillary-clinton/hillary-clinton-citing-trump-effect-says-teachers-/
Ruben Kihuen,"August 15, 2016","""In Congress, (Cresent Hardy) voted to defund DACA.""",half-true,press conference,Immigration; Nevada,Riley Snyder,"August 25, 2016",https://www.politifact.com/factchecks/2016/aug/25/ruben-kihuen/daca-funding-ruben-kihuen-oversimplifies-votes-tak/
Lamar Smith,"July 19, 2016","""One third of all federal prisoners today are illegal immigrants.""",mostly-false,remarks to the Texas delegation to the Republican National Convention,Immigration; Criminal Justice; Crime; Texas,W. Gardner Selby,"August 25, 2016",https://www.politifact.com/factchecks/2016/aug/25/lamar-smith/mostly-false-lamar-smith-claim-one-third-federal-i/
Donald Trump,"August 19, 2016","Says Hillary Clinton wants illegal immigrants ""collecting Social Security benefits.""",mostly-false,campaign ad,Immigration; National; Economy; Retirement; Social Security,C. Eugene Emery Jr.,"August 24, 2016",https://www.politifact.com/factchecks/2016/aug/24/donald-trump/donald-trump-ad-says-illegal-immigrants-would-be-c/
Hillary Clinton,"August 15, 2016","""Almost half a million people are still eligible (for DACA), particularly in the Asian-American and Pacific Islander community.""",true,post on Medium,Immigration; National,Miriam Valverde,"August 22, 2016",https://www.politifact.com/factchecks/2016/aug/22/hillary-clinton/clinton-says-almost-half-million-people-still-elig/
Donald Trump,"August 19, 2016","Under Hillary Clinton’s plan ""illegal immigrants convicted of committing crimes get to stay.""",half-true,TV ad,Immigration; Florida,Amy Sherman,"August 22, 2016",https://www.politifact.com/factchecks/2016/aug/22/donald-trump/donald-trump-says-hillary-clinton-wants-let-crimin/
Donald Trump,"August 15, 2016","""We admit about 100,000 permanent immigrants from the Middle East every year.""",mostly-true,speech,Immigration; National,Miriam Valverde,"August 19, 2016",https://www.politifact.com/factchecks/2016/aug/19/donald-trump/trump-says-us-admits-100000-permanent-immigrants-a/
Donald Trump,"August 16, 2016","Says Hillary Clinton is ""proposing to print instant work permits for millions of illegal immigrants to come in and take everybody's jobs, including low-income African-Americans.""",false,speech,Immigration; Education; Technology; Wisconsin,Tom Kertscher,"August 18, 2016",https://www.politifact.com/factchecks/2016/aug/18/donald-trump/hillary-clinton-want-millions-illegal-immigrants-t/
Lisa Boothe,"July 26, 2016","""One in four inmates is an illegal immigrant.""",mostly-false,interview on Fox,Immigration; PunditFact,Miriam Valverde,"August 15, 2016",https://www.politifact.com/factchecks/2016/aug/15/lisa-boothe/republican-strategist-says-25-percent-inmates-are-/
Donald Trump,"August 5, 2016","Says Hillary Clinton once ""wanted a wall"" on the Mexican border.",half-true,campaign speech,Immigration; Wisconsin,Sarah Hauer,"August 15, 2016",https://www.politifact.com/factchecks/2016/aug/15/donald-trump/donald-trump-right-hillary-clinton-once-wanted-wal/
Carlos Beruff,"August 6, 2016","""The director of the FBI said that we cannot properly vet people coming from the Middle East.""",mostly-false,Facebook post,Immigration; Terrorism; Florida,Joshua Gillin,"August 12, 2016",https://www.politifact.com/factchecks/2016/aug/12/carlos-beruff/fbi-admitted-it-cannot-properly-vet-middle-eastern/
Hillary Clinton,"August 5, 2016","Undocumented immigrants ""pay $12 billion a year into Social Security.""",half-true,remarks at journalists' convention,Immigration; National; Social Security,Miriam Valverde,"August 10, 2016",https://www.politifact.com/factchecks/2016/aug/10/hillary-clinton/undocumented-immigrants-social-security-contributi/
Tim Kaine,"August 1, 2016","Donald Trump says ""all Mexicans are rapists.""",false,speech.,Immigration; Virginia,Warren Fiske,"August 8, 2016",https://www.politifact.com/factchecks/2016/aug/08/tim-kaine/tim-kaine-falsely-says-trump-said-all-mexicans-are/
National Border Patrol Council,"July 28, 2016","""Interior deportations under Obama were down 40 percent and at a nine-year low.""",mostly-true,statement,Immigration; National,Miriam Valverde,"August 5, 2016",https://www.politifact.com/factchecks/2016/aug/05/national-border-patrol-council/interior-deportations-down-9-year-low/
Kelly Terry-Willis,"July 18, 2016","In Arizona, ""there are only one and a half (Border Patrol) agents per every 10 square miles.""",false,Republican National Convention video,Immigration; Arizona,Anthony Cave,"August 4, 2016",https://www.politifact.com/factchecks/2016/aug/04/kelly-terry-willis/sister-border-patrol-agent-killed-near-arizona-bor/
Catherine Cortez Masto,"July 14, 2016","""Just on the issue of immigration alone, it is next to impossible to find a policy difference between (Donald) Trump and Congressman (Joe) Heck.""",false,news release,Immigration; Nevada,Riley Snyder,"July 28, 2016",https://www.politifact.com/factchecks/2016/jul/28/catherine-cortez-masto/nevada-senate-candidate-not-ideological-soul-mate-/
Karen Bass,"July 27, 2016","Says Donald Trump promised ""the mass deportation of Latino families.""",half-true,speech at the Democratic National Convention,Immigration; National,Miriam Valverde,"July 28, 2016",https://www.politifact.com/factchecks/2016/jul/28/karen-bass/mass-deportation-latino-families/
Barack Obama,"July 27, 2016","""Illegal immigration and the crime rate are as low as they’ve been in decades.""",mostly-true,speech at the Democratic National Convention,Immigration; National; History; Crime,C. Eugene Emery Jr.,"July 28, 2016",https://www.politifact.com/factchecks/2016/jul/28/barack-obama/crime-and-illegal-immigration-are-decades-long-low/
Michael Bloomberg,"July 27, 2016","Says Donald Trump ""games the U.S. visa system so he can hire temporary foreign workers at low wages.""",mostly-true,speech at the Democratic convention,Immigration; Florida,Amy Sherman,"July 28, 2016",https://www.politifact.com/factchecks/2016/jul/28/michael-bloomberg/michael-bloomberg-donald-trump-visa-sys/
Hillary Clinton,"June 22, 2016","""Immigrants start businesses at a faster rate; they seem to grow those businesses more successfully.""",mostly-true,interview with Vox,Immigration; Arizona,Anthony Cave,"July 27, 2016",https://www.politifact.com/factchecks/2016/jul/27/hillary-clinton/hillary-clinton-claims-immigrants-are-more-success/
Luis Gutierrez,"July 25, 2016","""There are fewer people crossing (the southwest) border than in the last 30 years.""",mostly-true,"interview on Fox News' ""The O'Reilly Factor""",Immigration; National,Miriam Valverde,"July 26, 2016",https://www.politifact.com/factchecks/2016/jul/26/luis-gutierrez/rep-gutierrez-says-fewer-people-crossing-border-la/
Donald Trump,"July 21, 2016","""Nearly 180,000 illegal immigrants with criminal records, ordered deported from our country, are tonight roaming free to threaten peaceful citizens.""",mostly-true,a speech at the Republican convention,Immigration; National,Miriam Valverde,"July 22, 2016",https://www.politifact.com/factchecks/2016/jul/22/donald-trump/trump-nearly-180000-illegal-immigrants-have-crimin/
Donald Trump,"July 21, 2016","Says Hillary Clinton ""wants sanctuary cities.""",mostly-true,speech at the Republican convention,Immigration; Crime; Florida,Amy Sherman,"July 22, 2016",https://www.politifact.com/factchecks/2016/jul/22/donald-trump/donald-trump-says-rnc-hillary-clinton-says-hillary/
Donald Trump,"July 21, 2016","Says Hillary Clinton ""has called for a radical 550 percent increase in Syrian  ... refugees . . .  despite the fact that there’s no way to screen these refugees in order to find out who they are or where they come from.""",half-true,speech at the Republican convention,Immigration; National; Homeland Security; Human Rights; Foreign Policy; Terrorism,C. Eugene Emery Jr.,"July 22, 2016",https://www.politifact.com/factchecks/2016/jul/22/donald-trump/donald-trump-again-fails-screen-out-falsehood-oft-/
Donald Trump,"July 21, 2016","""The number of new illegal immigrant families who have crossed the border so far this year already exceeds the entire total from 2015.""",half-true,a speech at the Republican convention,Immigration; National,Miriam Valverde,"July 22, 2016",https://www.politifact.com/factchecks/2016/jul/22/donald-trump/trump-says-number-illegal-immigrant-families-cross/
Donald Trump,"July 21, 2016","""Two million more Latinos are in poverty today than when President Obama took his oath of office less than eight years ago.""",half-true,speech at the Republican National Convention,Immigration; National; Economy; Poverty; Welfare,Lauren Carroll,"July 22, 2016",https://www.politifact.com/factchecks/2016/jul/22/donald-trump/donald-trump-says-latino-poverty-has-grown-under-o/
Luis Gutierrez,"May 12, 2016","""Every single strawberry that is served to Members of Congress will have passed through the rough hands of an undocumented immigrant.""",half-true,a speech,Agriculture; Immigration; Jobs; Labor; Illinois,Taylor Leighton,"July 22, 2016",https://www.politifact.com/factchecks/2016/jul/22/luis-gutierrez/do-all-strawberries-consumed-congress-pass-through/
Newt Gingrich,"July 20, 2016","Says ""Hillary (Clinton) wants to increase the number (of Syrian refugees) by 500 percent.""",mostly-true,speech at the Republican convention,Immigration; National,C. Eugene Emery Jr.,"July 21, 2016",https://www.politifact.com/factchecks/2016/jul/21/newt-gingrich/gingrich-says-clinton-wants-increase-number-syrian/
Jeff Sessions,"July 18, 2016","""There are about 350,000 people who succeed in crossing our borders illegally each year.""",false,speech at the Republican National Convention,Immigration; National,Miriam Valverde,"July 19, 2016",https://www.politifact.com/factchecks/2016/jul/19/jeff-sessions/senator-jeff-sessions-says-about-350000-people-suc/
Rudy Giuliani,"July 18, 2016","""Hillary Clinton is for open borders.""",false,speech at the Republican convention”,Immigration; Florida,Amy Sherman,"July 19, 2016",https://www.politifact.com/factchecks/2016/jul/19/rudy-giuliani/rudy-giuliani-wrongly-says-hillary-clinton-open-bo/
Gary Johnson,"July 3, 2016","""(Mexican immigrants) are more law-abiding than U.S. citizens and that is a statistic.""",mostly-true,interview on CNN,Immigration; National,Miriam Valverde,"July 14, 2016",https://www.politifact.com/factchecks/2016/jul/14/gary-johnson/mexican-immigrants-more-law-abiding/
Bill Mitchell,"April 20, 2016","""Over the last six years, the state of Illinois spent about $320 million on illegal immigrants.""",true,speech,Immigration; Health Care; Illinois,Joseph Cariz,"July 14, 2016",https://www.politifact.com/factchecks/2016/jul/14/bill-mitchell/illinois-spent-millions-covering-illegals/
Bill de Blasio,"June 23, 2016","Says ""220,000 New Yorkers would have immediately benefitted had President Obama’s executive action been affirmed. So almost a quarter million of our fellow New Yorkers who are hurting right now whose rights and opportunities were taken away by the Supreme Court.""",mostly-false,press conference at New York City Hall.,Immigration; New York,Dan Clark,"July 13, 2016",https://www.politifact.com/factchecks/2016/jul/13/bill-de-blasio/less-immigrants-affects-supreme-court-ruling-nyc-d/
Pat Toomey,"June 27, 2016","""Sanctuary cities such as Philadelphia refuse to cooperate with the federal government in locating suspected terrorists who are in their custody and are in the country illegally.""",half-true,statement,Immigration; Terrorism; Pennsylvania,Anna Orso,"July 8, 2016",https://www.politifact.com/factchecks/2016/jul/08/pat-toomey/kenney-blasts-pat-toomeys-fearmongering-around-san/
Carlos Beruff,"July 5, 2016","""Rather than work to secure the border, (Marco Rubio) supported Obama’s amnesty plan for illegal immigrants.""",mostly-false,statement to press,Immigration; Florida,Amy Sherman,"July 8, 2016",https://www.politifact.com/factchecks/2016/jul/08/carlos-beruff/carlos-beruff-wrongly-attacks-marco-rubios-record-/
David Miliband,"June 26, 2016","""The major immigration issue was about Poles, and Bulgarians, and Romanians,"" and that they weren’t contributing economically. ""The unemployment rate among Poles in Britain is lower than the unemployment rate among Brits.""",true,"comments on ""Meet the Press""",Global News Service; Immigration; Economy; Jobs,Jon Greenberg,"June 26, 2016",https://www.politifact.com/factchecks/2016/jun/26/david-miliband/david-miliband-link-between-jobs-immigration-and-b/
Donald Trump,"June 22, 2016","Says Hillary Clinton’s immigration platform would ""create totally open borders.""",false,speech,Immigration; Florida,Amy Sherman,"June 23, 2016",https://www.politifact.com/factchecks/2016/jun/23/donald-trump/donald-trump-says-hillary-clinton-would-create-tot/
Donald Trump,"June 22, 2016","""For the amount of money Hillary Clinton would like to spend on refugees, we could rebuild every inner city in America.""",pants-fire,speech,Immigration; National; Urban,Jon Greenberg,"June 22, 2016",https://www.politifact.com/factchecks/2016/jun/22/donald-trump/trump-wrong-clintons-refugee-plan-would-cost-more-/
Donald Trump,"June 15, 2016","Even among ""second and third generation"" Muslims in the United States, ""there's no real assimilation.""",false,interview with Fox News' Sean Hannity,Immigration; NBC; Race and Ethnicity; Religion,Louis Jacobson,"June 18, 2016",https://www.politifact.com/factchecks/2016/jun/18/donald-trump/donald-trump-wrong-theres-no-real-assimilation-us-/
Joaquin Castro,"June 6, 2016","""@realDonaldTrump is coming to San Antonio, which is 60% Mexican-AMERICAN.""",mostly-true,tweet,Immigration; Civil Rights; Elections; Texas,Filipa Ioannou,"June 17, 2016",https://www.politifact.com/factchecks/2016/jun/17/joaquin-castro/joaquin-castro-trump-san-antonio-60-percent-mexica/
Greg Abbott,"May 12, 2016","""ISIS is running through a border made porous by Barack Obama’s policies.""",pants-fire,addressing the Republican Party of Texas state convention,Immigration; Terrorism; Texas,Dylan Baddour,"June 17, 2016",https://www.politifact.com/factchecks/2016/jun/17/greg-abbott/greg-abbott-makes-unfounded-claim-about-isis-runni/
Donald Trump,"June 13, 2016","""According to Pew Research, 99 percent of the people in Afghanistan support oppressive Sharia law.""",mostly-true,speech responding to the Orlando shooting,Immigration; National; Islam,Neelesh Moorthy,"June 16, 2016",https://www.politifact.com/factchecks/2016/jun/16/donald-trump/trump-mostly-correct-about-sharia-law-support-afgh/
Donald Trump,"June 13, 2016","Says Hillary Clinton ""plans to massively increase admissions (of Middle East refugees) … including a 500 percent increase in Syrian refugees coming into our country.""",mostly-true,speech,Immigration; National; Families; Homeland Security; Human Rights; Foreign Policy; Terrorism,C. Eugene Emery Jr.,"June 13, 2016",https://www.politifact.com/factchecks/2016/jun/13/donald-trump/donald-trump-says-hillary-clinton-wants-let-500-pe/
Donald Trump,"June 13, 2016","There is ""no system to vet"" refugees from the Middle East.",false,speech on terrorism and immigration,Immigration; National; Terrorism,Linda Qiu,"June 13, 2016",https://www.politifact.com/factchecks/2016/jun/13/donald-trump/wrong-donald-trump-says-theres-no-system-vet-refug/
Donald Trump,"June 12, 2016","""We admit more than 100,000 lifetime migrants from the Middle East each year.""",mostly-true,statement after a terrorist attack,Immigration; National; Foreign Policy,Louis Jacobson,"June 13, 2016",https://www.politifact.com/factchecks/2016/jun/13/donald-trump/donald-trump-correct-us-gives-100000-green-cards-y/
Pete Gallego,"April 22, 2016","Says Will Hurd ""cosponsored a bill that would militarize our border and allow 200 miles of new roads to be built in the Big Bend region -- cutting up our beloved park.""",half-true,Pete Gallego campaign press release,Immigration; Congress; Corrections and Updates; Drugs; Elections; Texas,Filipa Ioannou,"May 26, 2016",https://www.politifact.com/factchecks/2016/may/26/pete-gallego/did-will-hurd-vote-border-security-bill-would-cut-/
Donald Trump,"May 23, 2016","""Look, we are at war with these people and they don't wear uniforms. … This is a war against people that are vicious, violent people, that we have no idea who they are, where they come from. We are allowing tens of thousands of them into our country now.""",pants-fire,interview with Fox News' Bill O'Reilly,Immigration; National; Terrorism,Louis Jacobson,"May 25, 2016",https://www.politifact.com/factchecks/2016/may/25/donald-trump/donald-trump-says-us-letting-tens-thousands-terror/
Ann Kirkpatrick,"May 8, 2016","Says Sen. John McCain ""told dreamers that he’ll support the Dream Act, then he voted against it.""",half-true,interview with MSNBC's Al Sharpton,Immigration; Arizona,Anthony Cave,"May 24, 2016",https://www.politifact.com/factchecks/2016/may/24/ann-kirkpatrick/did-john-mccain-support-dream-act-then-vote-agains/
George Holding,"May 19, 2016","Says North Carolina Rep. Renee Ellmers was the only Republican to vote against ""an amendment to prioritize the deportation of sexual criminals who are illegal immigrants.""",half-true,debate on WRAL,Immigration; Congress; Criminal Justice; Crime; Public Safety; North Carolina,Will Doran,"May 23, 2016",https://www.politifact.com/factchecks/2016/may/23/george-holding/george-holding-accuses-renee-ellmers-breaking-part/
Colorado's Voice,"May 5, 2016","Says ""Mike Coffman is with Trump.""",mostly-false,news release,Colorado; Immigration; Congress,Alan Gathright,"May 18, 2016",https://www.politifact.com/factchecks/2016/may/18/colorados-voice/group-says-mike-coffman-trump-he-says-billionaire-/
Pat Buchanan,"May 5, 2016","""Now in half the homes in California, people speak a language other than English in their own homes.""",mostly-false,NPR interview,Immigration; California,Chris Nichols,"May 17, 2016",https://www.politifact.com/factchecks/2016/may/17/pat-buchanan/pat-buchanans-mostly-false-claim-about-language-ca/
Ken Cuccinelli,"May 2, 2016","Half of illegal immigrants ""come on legal visas and then overstay.""",mostly-true,radio interview.,Immigration; Virginia,Warren Fiske,"May 16, 2016",https://www.politifact.com/factchecks/2016/may/16/ken-cuccinelli/ken-cuccinelli-says-half-illegal-immigrants-have-o/
Donald Trump,"May 4, 2016","Germany ""is crime-riddled right now"" because of migration to Europe.",mostly-false,interview with NBC News,Immigration; National; Criminal Justice; Human Rights; Crime; Public Safety,C. Eugene Emery Jr.,"May 11, 2016",https://www.politifact.com/factchecks/2016/may/11/donald-trump/donald-trump-says-germany-now-riddled-crime-thanks/
Donald Trump,"May 8, 2016","""You have to be a citizen to vote,"" but with same-day voter registration, ""you have places where people just walk in and vote.""",false,interview on 'Meet the Press',Immigration; National; Elections,Lauren Carroll,"May 8, 2016",https://www.politifact.com/factchecks/2016/may/08/donald-trump/donald-trump-wrongly-says-noncitizens-can-vote-whe/
Ted Cruz,"May 2, 2016","Says Donald Trump ""brings in hundreds of foreign workers to replace Americans.""",half-true,TV ad,Immigration; Labor; Florida,Joshua Gillin,"May 6, 2016",https://www.politifact.com/factchecks/2016/may/06/ted-cruz/donald-trump-attacked-bringing-hundreds-foreign-wo/
Hillary Clinton,"May 3, 2016","Says Donald Trump promised to repeal Obamacare, build a wall, ban Muslims, and more.",mostly-true,Clinton campaign tweet,Abortion; Immigration; National; Health Care; Human Rights; Islam; Foreign Policy; Religion; Terrorism; Guns,Jon Greenberg,"May 5, 2016",https://www.politifact.com/factchecks/2016/may/05/hillary-clinton/clinton-video-lists-8-promises-trump-presidency/
John Carter,"March 10, 2016","""This is not a joke: the president wants to house illegal aliens on our nation’s military installations.""",mostly-true,commentary published,Immigration; Children; Military; Texas,Nicole Barrios,"May 4, 2016",https://www.politifact.com/factchecks/2016/may/04/john-carter/john-carter-says-barack-obama-wants-house-illegal-/
Julián Castro,"March 8, 2016","""Bernie Sanders voted with Republicans to protect the Minutemen, a hate group that used military tactics against our community.""",half-true,Hillary Clinton campaign news release,Immigration; Texas,Filipa Ioannou,"April 30, 2016",https://www.politifact.com/factchecks/2016/apr/30/julian-castro/julian-castro-claims-bernie-sanders-voted-republic/
Bob Goodlatte,"April 18, 2016","""Before taking executive action on immigration, President Obama stated 22 times that he does not have the authority to change immigration laws on his own.""",mostly-true,website post.,Immigration; Virginia,Warren Fiske,"April 25, 2016",https://www.politifact.com/factchecks/2016/apr/25/bob-goodlatte/goodlatte-obama-said-22-times-he-lacks-power-chang/
Hillary Clinton,"April 16, 2016","""She is the only candidate who has stood by our community and immigration reform from the beginning.""",mostly-false,radio ad,Immigration; Rhode Island,Jacqueline  Tempera,"April 24, 2016",https://www.politifact.com/factchecks/2016/apr/24/hillary-clinton/clinton-reaches-too-far-immigration-claim/
Great America PAC,"March 31, 2016","Says Ted Cruz ""wanted to let in more Syrian refugees and give amnesty to illegal immigrants.""",half-true,TV ad,Immigration; Candidate Biography; Foreign Policy; Terrorism; Wisconsin,Tom Kertscher,"April 22, 2016",https://www.politifact.com/factchecks/2016/apr/22/great-america-pac/pro-donald-trump-pac-hits-ted-cruz-amnesty-illegal/
Don Beyer,"April 12, 2016","""But for immigrants, we would have a contracting population...""",mostly-false,radio interview.,Immigration; Population; Virginia,Warren Fiske,"April 18, 2016",https://www.politifact.com/factchecks/2016/apr/18/don-beyer/don-beyer-wrongly-says-us-population-would-be-shri/
Jan Brewer,"March 28, 2016","""Senate Bill 1070, simply, just mirrors federal law.""",mostly-false,interview with Fox Business,Immigration; Arizona,Anthony Cave,"April 13, 2016",https://www.politifact.com/factchecks/2016/apr/13/jan-brewer/former-arizona-gov-jan-brewer-claims-states-immigr/
Donald Trump,"April 5, 2016","Mexico receives ""approximately $24 billion a year in remittances from Mexican nationals working in the United States. The majority of that amount comes from illegal aliens.""",half-true,plan on his campaign website,Immigration; Arizona,Anthony Cave,"April 8, 2016",https://www.politifact.com/factchecks/2016/apr/08/donald-trump/donald-trump-claims-most-wire-transfers-mexico-are/
Victoria Seaman,"March 24, 2016","Says Erv Nelson voted ""yes on the pro-amnesty SJR 21, a bill urging Congress to provide citizenship for those residing illegally in our country.""",mostly-true,campaign literature distributed at a candidate forum,Immigration; Nevada,Riley Snyder,"April 5, 2016",https://www.politifact.com/factchecks/2016/apr/05/victoria-seaman/immigration-debate-enters-key-nevada-state-senate-/
Ron DeSantis,"March 23, 2016","""Recent reports state that the U.S. Customs and Border Protection has apprehended several members of known Islamist terrorist organizations crossing the southern border in recent years.""",mostly-true,House Oversight Committee National Security Subcommittee hearing,Immigration; Homeland Security; Terrorism; Florida,Joshua Gillin,"April 4, 2016",https://www.politifact.com/factchecks/2016/apr/04/ron-desantis/terrorists-groups-besides-isis-crossing-us-mexico-/
Donald Trump,"March 19, 2016","The 2016 federal omnibus spending bill ""funds illegal immigrants coming in and through your border, right through Phoenix.""",pants-fire,rally,Immigration; Arizona,Anthony Cave,"April 2, 2016",https://www.politifact.com/factchecks/2016/apr/02/donald-trump/does-federal-government-fund-undocumented-immigran/
Democratic Congressional Campaign Committee,"March 17, 2016","Congressman Jeff Denham ""has agreed all illegal immigrants should be detained, arrested and deported.""",mostly-false,campaign press release,Immigration; California,Chris Nichols,"March 28, 2016",https://www.politifact.com/factchecks/2016/mar/28/democratic-congressional-campaign-committee/mostly-false-claim-distorts-congressman-jeff-denha/
Barack Obama,"March 11, 2016","Illegal ""immigration is lower than it’s been in 40 years.""",mostly-true,Democratic National Committee reception,Immigration; Texas,W. Gardner Selby,"March 17, 2016",https://www.politifact.com/factchecks/2016/mar/17/barack-obama/barack-obama-austin-says-illegal-immigration-40-ye/
Ron Johnson,"February 5, 2016","Says Barack Obama ""has the legal authority to let in really however many refugees he wants, from whatever country.""",half-true,public forum,Immigration; Federal Budget; Foreign Policy; Terrorism; Wisconsin,Tom Kertscher,"March 11, 2016",https://www.politifact.com/factchecks/2016/mar/11/ron-johnson/how-much-authority-does-barack-obama-have-allowing/
Hillary Clinton,"March 9, 2016","In 2006, Bernie Sanders ""voted in the House with hard-line Republicans for indefinite detention for undocumented immigrants, and then he sided with those Republicans to stand with vigilantes known as Minutemen who were taking up outposts along the border to hunt down immigrants.""",mostly-true,Democratic presidential debate,Immigration; National,Louis Jacobson,"March 10, 2016",https://www.politifact.com/factchecks/2016/mar/10/hillary-clinton/hillary-clinton-says-bernie-sanders-supported-minu/
Bernie Sanders,"March 9, 2016","When Honduran children came into this country, ""Secretary Clinton said send them back.""",mostly-true,Democratic debate at Miami Dade College,Immigration; National,Jon Greenberg,"March 10, 2016",https://www.politifact.com/factchecks/2016/mar/10/bernie-sanders/sanders-said-clinton-backed-return-undocumented-ki/
Bernie Sanders,"March 9, 2016","When New York Gov. Eliot Spitzer wanted to ""provide driver’s licenses to those who are undocumented. (Hillary Clinton) said don’t do it.""",mostly-true,Democratic debate,Immigration; Florida,Amy Sherman,"March 10, 2016",https://www.politifact.com/factchecks/2016/mar/10/bernie-sanders/bernie-sanders-says-hillary-clinton-opposed-driver/
Ted Cruz,"February 25, 2016","""Spending on welfare, on prisons, and education, all of those have dropped by hundreds of millions of dollars"" because of Arizona’s immigration laws that drove out undocumented immigrants.",mostly-false,remarks during the GOP debate at the University of Houston,Immigration; Arizona,Anthony Cave,"March 4, 2016",https://www.politifact.com/factchecks/2016/mar/04/ted-cruz/has-arizonas-economy-improved-because-its-immigrat/
Rick Perry,"January 15, 2016","""Building a wall"" on the U.S.-Mexico border ""will take literally years.""",true,Radio interview,Immigration; Texas,Eleanor Dearman,"February 27, 2016",https://www.politifact.com/factchecks/2016/feb/27/rick-perry/rick-perry-claims-donald-trumps-wall-southwest-bor/
Marco Rubio,"February 25, 2016","Says Donald Trump hired illegal workers ""from Poland and he had to pay a million dollars or so in a judgment.""",half-true,GOP primary debate,Immigration; National; Candidate Biography,Linda Qiu,"February 26, 2016",https://www.politifact.com/factchecks/2016/feb/26/marco-rubio/marco-rubio-says-donald-trump-had-pay-1-million-hi/
Donald Trump,"February 25, 2016","""If it weren’t for me … (illegal immigration) wouldn’t even be a big subject.""",false,comments during the CNN debate,Immigration; National,Aaron Sharockman,"February 26, 2016",https://www.politifact.com/factchecks/2016/feb/26/donald-trump/donald-trump-wrongly-claims-he-started-immigration/
Ted Cruz,"February 15, 2016","Says Marco Rubio ""went on Univision, and in Spanish he promised that he would not on the first day in office rescind President Obama's illegal executive action.""",half-true,interview on Fox News,Immigration; Florida,Amy Sherman,"February 17, 2016",https://www.politifact.com/factchecks/2016/feb/17/ted-cruz/did-marco-rubio-say-spanish-univision-he-would-not/
Marco Rubio,"February 6, 2016","""The American people will not support doing anything about people that are in this country illegally until the law is enforced first.""",mostly-false,ABC Republican debate,Immigration; Florida,Amy Sherman,"February 7, 2016",https://www.politifact.com/factchecks/2016/feb/07/marco-rubio/marco-rubio-change-legal-status-illegal-immigrants/
Ted Cruz,"February 2, 2016","The 2013 immigration bill ""expanded President Obama’s ability to bring Syrian refugees to this country without mandating any meaningful background checks.""",false,town hall event,Immigration; National,Joshua Gillin,"February 3, 2016",https://www.politifact.com/factchecks/2016/feb/03/ted-cruz/cruz-repeats-false-attack-about-gang-8-bill-allowi/
Marco Rubio,"January 31, 2016","""We have more illegal immigrants here"" than we did five years ago.",false,"interview on NBC's ""Meet the Press""",Immigration; National,Lauren Carroll,"January 31, 2016",https://www.politifact.com/factchecks/2016/jan/31/marco-rubio/marco-rubio-incorrectly-says-illegal-immigrant-pop/
Donald Trump,"January 20, 2016","""When they say Mexico can't pay for the wall, I say of course they can. We have a trade deficit with Mexico that's unbelievably big. ... It's billions and billions of dollars -- far more than what we're talking about for the wall.""",false,town hall,Immigration; Corrections and Updates; Trade; Florida,Amy Sherman,"January 26, 2016",https://www.politifact.com/factchecks/2016/jan/26/donald-trump/donald-trump-says-course-mexico-can-pay-wall-becau/
Marco Rubio,"January 14, 2016","Says Sen. Ted Cruz used to be ""in favor of birthright citizenship"" but is now against it.",mostly-false,Republican presidential debate,Immigration; National,Joshua Gillin,"January 15, 2016",https://www.politifact.com/factchecks/2016/jan/15/marco-rubio/rubio-mischaracterizes-cruzs-statement-birthright-/
Donald Trump,"January 14, 2016","Among Syrian refugees and migrants coming into Europe, ""there look like very few women. Very few children.""",false,South Carolina presidential debate,Immigration; National; Foreign Policy,Aaron Sharockman,"January 15, 2016",https://www.politifact.com/factchecks/2016/jan/15/donald-trump/donald-trumps-false-claim-refugees-migrants-are-mo/
Donald Trump,"January 5, 2016","Canadian-born Ted Cruz ""has had a double passport.""",false,interview with The Washington Post,Immigration; Candidate Biography; Legal Issues; Texas,W. Gardner Selby,"January 6, 2016",https://www.politifact.com/factchecks/2016/jan/06/donald-trump/donald-trump-incorrectly-says-ted-cruz-has-had-dou/
Donald Trump,"January 4, 2016","A Trump television ad shows Mexicans swarming over ""our southern border.""",pants-fire,television ad,Immigration; National,C. Eugene Emery Jr.,"January 4, 2016",https://www.politifact.com/factchecks/2016/jan/04/donald-trump/donald-trumps-first-tv-ad-shows-migrants-southern-/
Ted Cruz,"December 17, 2015","""Existing law right now requires 700 miles of double-layered border fencing"" on the Mexico border.",false,radio interview.,Immigration; Virginia,Sean Gorman,"December 29, 2015",https://www.politifact.com/factchecks/2015/dec/29/ted-cruz/cruz-falsely-claims-us-law-requires-double-fencing/
Ted Cruz,"December 17, 2015","Forty percent of illegal immigrants are ""people coming legally on visas and overstaying their visas.""",mostly-true,radio interview.,Immigration; Virginia,Warren Fiske,"December 28, 2015",https://www.politifact.com/factchecks/2015/dec/28/ted-cruz/cruz-says-40-percent-illegal-immigrants-have-overs/
Ann McLane Kuster,"December 3, 2015","Says the Security Against Foreign Enemies Act of 2015 would not ""pause"" the resettlement of Syrian refugees in the United States.",half-true,interview with New Hampshire Public Radio,Immigration; New Hampshire,Clay Wirestone,"December 19, 2015",https://www.politifact.com/factchecks/2015/dec/19/ann-mclane-kuster/kuster-says-republican-backed-bill-she-voted-would/
Ted Cruz,"December 15, 2015","""One of the most troubling aspects of the Rubio-Schumer Gang of Eight bill was that it gave President Obama blanket authority to admit refugees, including Syrian refugees, without mandating any background checks whatsoever.""",false,Republican presidential debate,Immigration; National; Foreign Policy,Joshua Gillin,"December 18, 2015",https://www.politifact.com/factchecks/2015/dec/18/ted-cruz/cruz-muddles-accusation-against-rubios-immigration/
Greg Abbott,"December 8, 2015","Says President Barack Obama ""himself has granted waivers allowing into the United States refugees who provided material support to terrorists.""",mostly-false,press conference with Sen. Ted Cruz,Immigration; Terrorism; Texas,W. Gardner Selby,"December 18, 2015",https://www.politifact.com/factchecks/2015/dec/18/greg-abbott/greg-abbott-incorrectly-says-obama-himself-admitte/
Marco Rubio,"December 15, 2015","Says Ted Cruz supports ""legalizing people who are in this country illegally.""",mostly-false,CNN debate,Immigration; Florida,W. Gardner Selby,"December 16, 2015",https://www.politifact.com/factchecks/2015/dec/16/marco-rubio/marco-rubio-says-ted-cruz-supports-legalizing-peop/
Rand Paul,"December 15, 2015","Says Marco Rubio ""is the one for an open border.""",pants-fire,the CNN debate,Immigration; National,Amy Sherman,"December 16, 2015",https://www.politifact.com/factchecks/2015/dec/16/rand-paul/rand-paul-said-marco-rubio-open-border/
Bryan Hughes,"December 1, 2015","""David Simpson actually voted for driver's licenses for illegal immigrants.""",mostly-false,campaign press release,Immigration; Transportation; Voting Record; Texas,W. Gardner Selby,"December 11, 2015",https://www.politifact.com/factchecks/2015/dec/11/bryan-hughes/bryan-hughes-mostly-wrong-about-david-simpson-voti/
David Simpson,"November 30, 2015","""I have always opposed driver's licenses for illegal aliens.""",mostly-true,campaign press release,Immigration; Transportation; Voting Record; Texas,W. Gardner Selby,"December 11, 2015",https://www.politifact.com/factchecks/2015/dec/11/david-simpson/david-simpson-mostly-right-about-his-staunch-oppos/
Greg Abbott,"November 17, 2015","In Texas, ""we've had three ISIS-related incidents already.""",half-true,Network TV interview,Immigration; Criminal Justice; Islam; Texas,Filipa Ioannou,"December 9, 2015",https://www.politifact.com/factchecks/2015/dec/09/greg-abbott/abbotts-claims-isis-incidents-texas-three-facts-ke/
Chain email,"August 26, 2014","A Muslim immigrant in Michigan can list his second, third or fourth wives as ""extended family"" and qualify for welfare.",mostly-false,a viral YouTube video,Immigration; National; Income; Islam; Welfare,Clayton Youngman,"December 7, 2015",https://www.politifact.com/factchecks/2015/dec/07/chain-email/youtube-video-says-michigan-muslims-can-list-multi/
Donald Trump,"November 14, 2015","President Barack Obama ""wants to take in 250,000 (people) from Syria.""",pants-fire,rally,Immigration; Terrorism; Texas,Fauzeya Rahman,"December 1, 2015",https://www.politifact.com/factchecks/2015/dec/01/donald-trump/donald-trump-says-president-obama-wants-us-take-25/
Facebook posts,"November 10, 2015","""Illegal immigrants mow the grass around the (Texas) Capitol.""",false,Facebook comment,Immigration; Economy; Jobs; Texas,W. Gardner Selby,"November 27, 2015",https://www.politifact.com/factchecks/2015/nov/27/facebook-posts/facebook-comment-says-illegal-immigrants-mow-texas/
Jennifer Horn,"October 21, 2015","In 2008, Maggie Hassan voted against legislation to ""prevent sanctuary cities in New Hampshire.""",mostly-true,memo,Immigration; New Hampshire; Voting Record,Allie Morris,"November 25, 2015",https://www.politifact.com/factchecks/2015/nov/25/jennifer-horn/did-maggie-hassan-vote-against-legislation-prevent/
Carly Fiorina,"November 17, 2015","""The vast majority of (Syrian) refugees are young, able-bodied men looking for work.""",false,campaign stop,Immigration; New Hampshire; Foreign Policy,Nick Reid,"November 20, 2015",https://www.politifact.com/factchecks/2015/nov/20/carly-fiorina/fiorina-says-vast-majority-syrian-refugees-are-abl/
Martin O'Malley,"November 12, 2015","""If we pass immigration reform, it will make wages go up on average $250 for the average household.""",mostly-false,interview with the Texas Tribune's Evan Smith,Immigration; Texas,Emma Hinchliffe,"November 20, 2015",https://www.politifact.com/factchecks/2015/nov/20/martin-omalley/gov-martin-omalley-says-immigration-reform-will-bo/
Greg Abbott,"November 18, 2015","""8 Syrians caught at Texas border in Laredo.""",mostly-false,tweet,Immigration; Homeland Security; Texas,Dylan Baddour,"November 20, 2015",https://www.politifact.com/factchecks/2015/nov/20/greg-abbott/greg-abbott-claims-syrians-caught-mexico-border-re/
Rick Scott,"November 17, 2015","The federal government is ""making the decision, whether we like it or not, to send 425 refugees to our state"" from Syria.",half-true,interview on Fox,Immigration; Terrorism; Florida,Amy Sherman,"November 20, 2015",https://www.politifact.com/factchecks/2015/nov/20/rick-scott/do-federal-officials-plan-send-425-syrian-refugees/
Ben Carson,"November 16, 2015","""There is currently no ability to vet these people,"" referring to Syrian refugees.",mostly-false,official statement posted on Facebook.,Immigration; National; Homeland Security; Foreign Policy; Terrorism,Linda Qiu,"November 19, 2015",https://www.politifact.com/factchecks/2015/nov/19/ben-carson/ben-carson-there-currently-no-ability-vet-syrian-r/
Donald Trump,"November 17, 2015","The federal government is sending refugees to states with governors who are ""Republicans, not to the Democrats.""",pants-fire,interview on Laura Ingraham's radio show,Immigration; National,Louis Jacobson,"November 18, 2015",https://www.politifact.com/factchecks/2015/nov/18/donald-trump/donald-trump-says-obama-administration-pushing-ref/
Marco Rubio,"November 12, 2015","Says Ted Cruz ""is a supporter of legalizing people that are in this country illegally"" and ""proposed giving them work permits.""",false,remarks to reporters,Immigration; Texas,W. Gardner Selby,"November 18, 2015",https://www.politifact.com/factchecks/2015/nov/18/marco-rubio/marco-rubio-says-ted-cruz-supports-legal-status-an/
Martin O'Malley,"November 14, 2015","""Net immigration from Mexico last year was zero. Fact-check me.""",mostly-true,Democratic debate,Immigration; National,Lauren Carroll,"November 15, 2015",https://www.politifact.com/factchecks/2015/nov/15/martin-omalley/martin-omalley-net-migration-mexico-was-0-2014/
Courageous Conservatives PAC,"November 6, 2015","""When Chuck Schumer and Marco Rubio tried to push amnesty, it was Ted Cruz who stopped them.""",mostly-false,radio ad,Immigration; Florida,Amy Sherman,"November 13, 2015",https://www.politifact.com/factchecks/2015/nov/13/courageous-conservatives-pac/pac-supporting-ted-cruz-says-when-marco-rubio-trie/
Donald Trump,"November 10, 2015","Says President Dwight Eisenhower ""moved 1.5 million illegal immigrants out of this country.""",half-true,Fox Business Network debate,Immigration; National; History,Lauren Carroll,"November 11, 2015",https://www.politifact.com/factchecks/2015/nov/11/donald-trump/trump-eisenhower-deported-15-million-immigrants/
Mike Huckabee,"November 10, 2015","""Only one out of five of the so-called ‘Syrian refugees’ who went into Europe were actually Syrian.""",mostly-false,fourth undercard GOP debate.,Immigration; National; Foreign Policy,Linda Qiu,"November 11, 2015",https://www.politifact.com/factchecks/2015/nov/11/mike-huckabee/huckabee-most-syrian-refugees-are-not-syrian-free-/
Rick Santorum,"October 31, 2015","""I am the only person in this field who is against amnesty. Every other person in this field wants to allow people who are here illegally to be able to stay here, in one form or another.""",false,speech at the Republican Party of Iowa's Growth and Opportunity Party,Immigration; Iowa,Jason Noble,"November 8, 2015",https://www.politifact.com/factchecks/2015/nov/08/rick-santorum/rick-santorum-claims-hes-only-candidate-who-doesnt/
Donald Trump,"October 28, 2015","""I never said that"" Marco Rubio was Mark Zuckerberg’s personal senator.",pants-fire,Republican presidential debate,Immigration; National,Louis Jacobson,"October 29, 2015",https://www.politifact.com/factchecks/2015/oct/29/donald-trump/donald-trump-didnt-realize-his-own-website-called-/
Sean Hannity,"October 19, 2015","""The president said he’s going to bring in 250,000 (Syrian and Iraqi) refugees into this country.""",pants-fire,"segment of Fox News' ""Hannity""",Immigration; Foreign Policy; Terrorism; PunditFact,Jon Greenberg,"October 26, 2015",https://www.politifact.com/factchecks/2015/oct/26/sean-hannity/250000-syrian-refugees-us-fact-check-trump-hannity/
Ron Johnson,"October 7, 2015","Some 8.1 million of the estimated 11 million to 12 million people ""in this country illegally are working.""",mostly-true,interview,Immigration; Homeland Security; Foreign Policy; Regulation; Workers; Wisconsin,Tom Kertscher,"October 23, 2015",https://www.politifact.com/factchecks/2015/oct/23/ron-johnson/two-thirds-people-country-illegally-are-working-go/
Donald Trump,"October 4, 2015","Among Syrian refugees, ""there aren't that many women, there aren't that many children.""",false,"interview on ABC ""This Week""",Immigration; National; Foreign Policy,Joshua Gillin,"October 4, 2015",https://www.politifact.com/factchecks/2015/oct/04/donald-trump/donald-trump-syrian-refugees-are-mostly-men/
Ben Carson,"September 25, 2015","When ICE releases illegal immigrants, ""a lot of those people are not from Honduras and Mexico. They’re from Iraq and Somalia and Russia.""",mostly-false,Values Voter Summit,Immigration; Florida,Amy Sherman,"October 1, 2015",https://www.politifact.com/factchecks/2015/oct/01/ben-carson/ben-carson-says-lot-released-illegal-immigrants-ar/
Ben Carson,"September 27, 2015","""We've had examples like in Yuma County, where we've been able to stop 97 percent of the illegal (immigration) flow, and those programs, they abolish.""",mostly-false,"interview on ABC's ""This Week""",Immigration; National,Angie Drobnic Holan,"September 27, 2015",https://www.politifact.com/factchecks/2015/sep/27/ben-carson/ben-carson-claimed-program-let-97-illegal-immigrat/
Rand Paul,"September 16, 2015","""There's never been a direct Supreme Court case on people who were here illegally, whether or not their kids are citizens.""",mostly-true,presidential debate,Immigration; National; Legal Issues,Louis Jacobson,"September 18, 2015",https://www.politifact.com/factchecks/2015/sep/18/rand-paul/rand-paul-says-legality-birthright-citizenship-not/
Donald Trump,"September 16, 2015","Says Mexico doesn't have birthright citizenship, and Americans are the ""only ones"" to have it.",false,GOP presidential debate on CNN,Immigration; National,Katie Sanders,"September 17, 2015",https://www.politifact.com/factchecks/2015/sep/17/donald-trump/donald-trump-says-mexico-doesnt-have-birthright-ci/
Ted Cruz,"September 16, 2015","""A majority of the men and women on this stage have previously and publicly embraced amnesty. I am the only candidate on this stage who has never supported amnesty.""",mostly-true,comments during the CNN debate,Immigration; National,Louis Jacobson,"September 17, 2015",https://www.politifact.com/factchecks/2015/sep/17/ted-cruz/ted-cruz-most-gop-candidates-publicly-embraced-amn/
Jorge Ramos,"September 2, 2015","""Almost 40 percent of all (undocumented) immigrants come by plane and they overstay their visas.""",half-true,"interview on ""The O'Reilly Factor"" on Fox News",Immigration; Corrections and Updates; PunditFact,Jon Greenberg,"September 8, 2015",https://www.politifact.com/factchecks/2015/sep/08/jorge-ramos/ramos-40-undocumented-immigrants-come-air/
Ted Cruz,"August 21, 2015","""It has been the law since the beginning of the country that the children of American citizens born ... abroad are American citizens by birth.""",mostly-true,speaking to reporters,Immigration; Legal Issues; Texas,W. Gardner Selby,"September 4, 2015",https://www.politifact.com/factchecks/2015/sep/04/ted-cruz/ted-cruz-says-its-always-been-law-babies-born-us-c/
Ryan Eller,"August 31, 2015","""Jesus was an undocumented immigrant.""",false,CNN interview,Immigration; PunditFact,Joshua Gillin,"September 3, 2015",https://www.politifact.com/factchecks/2015/sep/03/ryan-eller/jesus-was-undocumented-immigrant-ordained-minister/
Hillary Clinton,"August 25, 2015","""How do Jeb Bush and Donald Trump differ on immigration? Spoiler alert: They don't.""",mostly-false,tweet,Immigration; Florida,Amy Sherman,"August 28, 2015",https://www.politifact.com/factchecks/2015/aug/28/hillary-clinton/hillary-clinton-says-jeb-bush-and-donald-trump-sha/
Ted Cruz,"August 21, 2015","""In the year 2013, the Obama administration released 104,000 criminal illegal aliens. They released 196 murderers – people with homicide convictions, who are here illegally.""",half-true,answering a reporter,Immigration; Criminal Justice; Crime; Texas,W. Gardner Selby,"August 28, 2015",https://www.politifact.com/factchecks/2015/aug/28/ted-cruz/ted-cruz-obama-administration-released-104000-crim/
Jeb Bush,"August 19, 2015","""The federal government right now does not deport criminals.""",false,town hall,Immigration; Florida,Amy Sherman,"August 26, 2015",https://www.politifact.com/factchecks/2015/aug/26/jeb-bush/jeb-bush-says-obama-administration-not-deporting-c/
Donald Trump,"August 19, 2015","""Many of the great scholars say that anchor babies are not covered"" by the 14th Amendment.",half-true,town hall,Immigration; National,Lauren Carroll,"August 25, 2015",https://www.politifact.com/factchecks/2015/aug/25/donald-trump/trump-many-scholars-say-anchor-babies-arent-covere/
Occupy Democrats,"August 23, 2015","Says Bobby Jindal’s parents ""used his birthright citizenship to become Americans, making him an anchor baby.""",pants-fire,Facebook post,Immigration; PunditFact,Jon Greenberg,"August 25, 2015",https://www.politifact.com/factchecks/2015/aug/25/occupy-democrats/liberal-group-tags-jindal-anchor-baby/
Corey Lewandowski,"August 23, 2015","Says ""there’s 400,000"" anchor babies born in the United States a year, which are ""individuals coming to our country and having their children so their children can be U.S. citizens.""",mostly-false,"interview on CNN's ""State of the Union""",Immigration; National,Linda Qiu,"August 23, 2015",https://www.politifact.com/factchecks/2015/aug/23/corey-lewandowski/donald-trumps-campaign-manager-says-there-are-4000/
S.E. Cupp,"August 23, 2015","""There are actually only 30 countries that practice birthright citizenship.""",true,"interview on ""State of the Union""",Immigration; PunditFact,Will Cabaniss,"August 23, 2015",https://www.politifact.com/factchecks/2015/aug/23/se-cupp/se-cupp-only-about-30-other-countries-offer-birthr/
Ben Carson,"August 23, 2015","Says ""56 percent of (the U.S.-Mexico) border is not under our control.""",half-true,"interview on ""State of the Union""",Immigration; National,Joshua Gillin,"August 23, 2015",https://www.politifact.com/factchecks/2015/aug/23/ben-carson/ben-carson-most-border-not-under-our-control/
Facebook posts,"August 17, 2015","Says Michele Bachmann said, ""The Chinese built a Great Wall 5,000 years ago. You don't see any illegal Mexicans in China.""",pants-fire,meme.,Immigration; PunditFact,Linda Qiu,"August 20, 2015",https://www.politifact.com/factchecks/2015/aug/20/facebook-posts/no-michele-bachmann-did-not-say-there-are-no-illeg/
Democratic Party of Wisconsin,"August 6, 2015","A ""majority in every state favors path to citizenship for undocumented immigrants.""",mostly-true,tweet,Immigration; Wisconsin,Dave Umhoefer,"August 19, 2015",https://www.politifact.com/factchecks/2015/aug/19/state-democratic-party-wisconsin/wisconsin-democrats-say-path-citizenship-supported/
Donald Trump,"August 16, 2015","""The annual cost of free tax credits alone paid to illegal immigrants quadrupled to $4.2 billion in 2011.""",half-true,policy plan on immigration.,Immigration; National; Taxes,Linda Qiu,"August 18, 2015",https://www.politifact.com/factchecks/2015/aug/18/donald-trump/trump-illegal-immigrants-four-two-billion/
Tom Tancredo,"August 8, 2015","Between 2008 and 2014, ""criminal aliens accounted for 38 percent of all murder convictions in the five states of California, Texas, Arizona, Florida and New York.""",false,Breitbart article,Immigration; PunditFact,Jon Greenberg,"August 17, 2015",https://www.politifact.com/factchecks/2015/aug/17/tom-tancredo/tancredo-muffs-illegal-immigrant-murder-stats/
Ted Cruz,"August 6, 2015","""A majority of the candidates on this stage have supported amnesty ... I have never supported amnesty.""",mostly-true,comments at a GOP debate,Immigration; National; Candidate Biography,Lauren Carroll,"August 7, 2015",https://www.politifact.com/factchecks/2015/aug/07/ted-cruz/ted-cruz-most-gop-candidates-have-supported-amnest/
Donald Trump,"August 6, 2015","Illegal immigration ""wasn’t a subject that was on anybody’s mind until I brought it up at my announcement.""",false,first Republican debate,Immigration; National,Jon Greenberg,"August 7, 2015",https://www.politifact.com/factchecks/2015/aug/07/donald-trump/trump-illegal-immigration-wasnt-anyones-mind-he-en/
Marco Rubio,"August 6, 2015","""This is the most generous country in the world when it comes to immigration. There are a million people a year who legally immigrate to the United States.""",mostly-true,comments at a GOP debate,Immigration; Florida,Amy Sherman,"August 7, 2015",https://www.politifact.com/factchecks/2015/aug/07/marco-rubio/rubio-america-most-generous-when-it-comes-legal-im/
Donald Trump,"August 6, 2015","""The Mexican government ... they send the bad ones over.""",pants-fire,comments at a GOP debate,Immigration; National,Louis Jacobson,"August 7, 2015",https://www.politifact.com/factchecks/2015/aug/07/donald-trump/trump-mexican-government-they-send-bad-ones-over/
Marco Rubio,"July 22, 2015","""Forty percent of people in this country, illegally, are overstaying visas.""",mostly-true,appearance on 'Fox & Friends',Immigration; Florida,Joshua Gillin,"July 29, 2015",https://www.politifact.com/factchecks/2015/jul/29/marco-rubio/rubio-says-40-percent-illegal-immigrants-are-overs/
Jose Diaz-Balart,"July 26, 2015","""The majority of the Hispanic population and the growth (of the population) is U.S.-born.""",true,"pundit panel segment on ""Meet the Press""",Immigration; PunditFact,Anna Bruzgulis,"July 29, 2015",https://www.politifact.com/factchecks/2015/jul/29/jose-diaz-balart/majority-hispanic-population-us-born-says-jose-dia/
Donald Trump,"July 24, 2015","The number of illegal immigrants in the United States is ""30 million, it could be 34 million.""",pants-fire,"interview on MSNBC's ""Morning Joe.""",Immigration; Census; Florida,Amy Sherman,"July 28, 2015",https://www.politifact.com/factchecks/2015/jul/28/donald-trump/donald-trump-says-number-illegal-immigrants-30-mil/
NumbersUSA,"July 22, 2015","""More than half of all drivers' licenses issued in California this year have gone to illegal aliens.""",mostly-true,Facebook meme,Immigration; Transportation; PunditFact,Jon Greenberg,"July 28, 2015",https://www.politifact.com/factchecks/2015/jul/28/numbers-usa/did-more-half-all-california-drivers-licenses-go-u/
Rick Perry,"June 4, 2015","""I deployed the Texas National Guard"" to the Texas-Mexico border. ""And the policy worked; apprehensions at the border declined 74 percent.""",mostly-false,his speech declaring his candidacy for president,Immigration; Criminal Justice; Crime; Texas,Bradley Saacks,"July 26, 2015",https://www.politifact.com/factchecks/2015/jul/26/rick-perry/rick-perry-says-74-percent-drop-border-apprehensio/
Donald Trump,"July 11, 2015","""If you're from Syria and you're a Christian, you cannot come into this country"" as a refugee.",false,speech,Immigration; National; Foreign Policy; Religion,Louis Jacobson,"July 20, 2015",https://www.politifact.com/factchecks/2015/jul/20/donald-trump/donald-trump-says-if-youre-syria-and-christianyou-/
Bob Goodlatte,"July 5, 2015","""The actual deportations from the interior of the country are way down"" under President Obama.",true,interview,Immigration; Virginia,Sean Gorman,"July 20, 2015",https://www.politifact.com/factchecks/2015/jul/20/bob-goodlatte/goodlatte-says-deportations-us-interior-have-falle/
Allison Tant,"July 15, 2015","Says Carlos Lopez-Cantera ""even voiced enthusiastic support for bringing an Arizona-style immigration law to Florida, calling the measure 'common sense.’""",mostly-false,press release,Immigration; Florida,Amy Sherman,"July 16, 2015",https://www.politifact.com/factchecks/2015/jul/16/allison-tant/carlos-lopez-cantera-was-enthusiastic-supporter-ar/
Hans von Spakovsky,"July 9, 2015","""134,000 (criminal) aliens have been released by the (Obama) administration in just the past two years.""",half-true,article on the Heritage Foundation website,Immigration; Crime; PunditFact,Jon Greenberg,"July 16, 2015",https://www.politifact.com/factchecks/2015/jul/16/hans-von-spakovsky/heritage-analyst-obama-administration-released-134/
Donald Trump,"July 11, 2015",Says Florida had five sanctuary cities while Jeb Bush was governor.,false,speech at a political rally,Immigration; Florida,Joshua Gillin,"July 15, 2015",https://www.politifact.com/factchecks/2015/jul/15/donald-trump/trump-says-florida-had-five-sanctuary-cities-when-/
Joe Theismann,"July 9, 2015","""We don’t have a (military) reserve force if something happens.""",false,"discussion on ""Outnumbered""",Immigration; Military; PunditFact,Katie Sanders,"July 14, 2015",https://www.politifact.com/factchecks/2015/jul/14/joe-theismann/former-nfl-qb-joe-theismann-we-dont-have-reserve/
Jan Brewer,"July 8, 2015","""We know from ... the federal data, that they only stop or apprehend one out of four illegal people crossing our border.""",mostly-false,comments on CNN,Immigration; PunditFact,Anna Bruzgulis,"July 14, 2015",https://www.politifact.com/factchecks/2015/jul/14/jan-brewer/former-arizona-gov-jan-brewer-only-1-4-people-tryi/
Larry O'Connor,"July 7, 2015","""25 percent of federal inmates are noncitizens.""",mostly-true,"interview on ""The Real Story with Gretchen Carlson"" on Fox News",Immigration; PunditFact,Jon Greenberg,"July 10, 2015",https://www.politifact.com/factchecks/2015/jul/10/larry-oconnor/conservative-host-noncitizens-are-25-federal-inmat/
Donald Trump,"July 8, 2015","""The Mexican government forces many bad people into our country.""",pants-fire,interview with NBC's Katy Tur,Immigration; National; Foreign Policy,Louis Jacobson,"July 9, 2015",https://www.politifact.com/factchecks/2015/jul/09/donald-trump/donald-trump-says-mexican-government-forces-many-b/
Hillary Clinton,"July 7, 2015","Says Jeb Bush ""doesn't believe in a path to citizenship. If he did at one time, he no longer does.""",mostly-true,an interview with CNN,Immigration; Florida,Amy Sherman,"July 8, 2015",https://www.politifact.com/factchecks/2015/jul/08/hillary-clinton/hillary-clinton-says-jeb-bush-no-longer-supports-p/
Harris Faulkner,"July 6, 2015","""President Obama in November of last year wiped away (a program) that allows for shared fingerprinting for those who are behind bars so you know who is here legally and illegally.""",half-true,"broadcast of ""Outnumbered"" on Fox News",Immigration; PunditFact,Jon Greenberg,"July 8, 2015",https://www.politifact.com/factchecks/2015/jul/08/harris-faulkner/fox-news-host-obama-ended-program-tracking-undocum/
Donald Trump,"July 1, 2015","""Hundreds of thousands of (illegal immigrants are) going to state and federal penitentiaries.""",mostly-false,interview on Fox Business Network,Immigration; National; Crime,Lauren Carroll,"July 6, 2015",https://www.politifact.com/factchecks/2015/jul/06/donald-trump/trump-immigration-claim-has-no-data-back-it/
Gavin  McInnes,"June 22, 2015","""50 percent of murders in Texas have been linked to illegal aliens.""",false,"broadcast of ""The Greg Gutfeld Show""",Immigration; Crime; PunditFact,Jon Greenberg,"July 1, 2015",https://www.politifact.com/factchecks/2015/jul/01/gavin-mcinnes/no-undocumented-immigrants-are-not-tied-50-texas-m/
Ann Coulter,"June 24, 2015","Says South Carolina Gov. Nikki Haley ""is an immigrant.""",pants-fire,comments on Fox Business Network,Immigration; Candidate Biography; History; PunditFact,Anna Bruzgulis,"June 24, 2015",https://www.politifact.com/factchecks/2015/jun/24/ann-coulter/ann-coulters-pants-fire-claim-sc-gov-nikki-haley-i/
Bill Clinton,"June 17, 2015","""Between 2010 and 2014, there was no net in-migration from Mexico.""",mostly-true,"broadcast of ""The Daily Show""",Immigration; PunditFact,Jon Greenberg,"June 22, 2015",https://www.politifact.com/factchecks/2015/jun/22/bill-clinton/bill-clinton-zero-net-migration-mexico-2010/
George Will,"June 14, 2015","Says Jeb Bush ""happens to be where a majority"" of Republican voters are on giving legal status to illegal immigrants.",mostly-true,"comments on ""Fox News Sunday""",Immigration; PunditFact,Jon Greenberg,"June 14, 2015",https://www.politifact.com/factchecks/2015/jun/14/george-will/jeb-bush-and-majority-republicans-actually-agree-i/
Gary Painter,"May 10, 2015","""We’re the only nation in the world that does not use the military to secure our border.""",pants-fire,as quoted,Immigration; Homeland Security; Military; Texas,W. Gardner Selby,"June 5, 2015",https://www.politifact.com/factchecks/2015/jun/05/gary-painter/west-texas-sheriff-says-us-only-nation-not-use-mil/
Ann Coulter,"May 26, 2015","""America has already taken in one-fourth of Mexico's entire population.""",pants-fire,"interview on ""America with Jorge Ramos""",Immigration; PunditFact,Jon Greenberg,"June 2, 2015",https://www.politifact.com/factchecks/2015/jun/02/ann-coulter/no-us-has-not-taken-14-mexicos-population/
Marco Rubio,"May 1, 2015","""We have a legal immigration system in America that accepts 1 million people a year, legally. No other country in the world even comes close to that.""",mostly-true,National Review Forum,Immigration; Florida,Amy Sherman,"May 13, 2015",https://www.politifact.com/factchecks/2015/may/13/marco-rubio/does-united-states-have-highest-number-immigrants-/
Scott Walker,"April 25, 2015","Says that as president, Barack Obama has not gone to the Texas-Mexico border",false,interview,Immigration; Children; Foreign Policy; Government Regulation; Wisconsin,Tom Kertscher,"May 13, 2015",https://www.politifact.com/factchecks/2015/may/13/scott-walker/scott-walker-says-barack-obama-has-never-been-texa/
Hillary Clinton,"May 5, 2015","""Not a single Republican candidate, announced or potential, is clearly and consistently supporting a path to citizenship. Not one.""",mostly-false,appearance at a high school,Immigration; National,Louis Jacobson,"May 7, 2015",https://www.politifact.com/factchecks/2015/may/07/hillary-clinton/hillary-clinton-says-not-one-gop-presidential-cont/
Judicial Watch,"April 14, 2015","""ISIS camp a few miles from Texas, Mexican authorities confirm.""",false,web item,Immigration; Military; Terrorism; Texas,W. Gardner Selby,"April 17, 2015",https://www.politifact.com/factchecks/2015/apr/17/judicial-watch/judicial-watch-says-isis-has-camp-mexico-and-near-/
ForAmerica,"April 12, 2015","""American families work hard to earn $4,250 a month. Obama is spending $18,972 a month on each illegal immigrant child.""",mostly-false,meme on social media,Immigration; National; Federal Budget,Louis Jacobson,"April 17, 2015",https://www.politifact.com/factchecks/2015/apr/17/america/meme-compares-spending-undocumented-immigrants-typ/
Hillary Clinton,"April 15, 2015","Says ""all my grandparents"" immigrated to America.",false,roundtable chat,Immigration; National; Candidate Biography,Katie Sanders,"April 16, 2015",https://www.politifact.com/factchecks/2015/apr/16/hillary-clinton/hillary-clinton-flubs-familys-immigration-history-/
People for the American Way,"April 13, 2015","Says Marco Rubio ""voted to deport"" young people known as Dreamers.",mostly-false,radio ad,Immigration; National; Voting Record,Lauren Carroll,"April 14, 2015",https://www.politifact.com/factchecks/2015/apr/14/people-american-way/did-marco-rubio-vote-deport-dreamers/
The Associated  Press,"March 9, 2015","Under legislation that has cleared the Georgia House, some children who are ""legal refugees"" could obtain state scholarships to attend private schools.",true,article,Georgia; Immigration; Autism; Children; Disability; Education; Families; State Budget,Nancy Badertscher,"March 13, 2015",https://www.politifact.com/factchecks/2015/mar/13/associated-press/true-legislation-would-open-scholarship-program-le/
John Fredericks,"February 28, 2015","Every illegal immigrant ""can be eligible for up to $36,000 to $38,000 in earned income tax credits without paying a dime in.""",false,radio show.,Immigration; Taxes; Virginia,Warren Fiske,"March 9, 2015",https://www.politifact.com/factchecks/2015/mar/09/john-fredericks/john-fredericks-says-every-illegal-immigrant-can-b/
Doug Collins,"March 3, 2015","President Obama said ""22 times"" he could not authorize immigration reform by executive order.",mostly-true,a newspaper article,Georgia; Immigration; Congress,Nancy Badertscher,"March 6, 2015",https://www.politifact.com/factchecks/2015/mar/06/doug-collins/collins/
David Jolly,"February 26, 2015","A federal judge said President Barack Obama’s executive action on immigration is ""unconstitutional.""",mostly-true,speech on the U.S. House floor,Immigration; Homeland Security; Florida,Joshua Gillin,"March 5, 2015",https://www.politifact.com/factchecks/2015/mar/05/david-jolly/federal-judge-called-obama-immigration-action-unco/
Marco Rubio,"February 27, 2015","""There are at least three sectors of the border, one in particular, that are just completely insecure.""",mostly-false,speech at CPAC,Immigration; National; Homeland Security,Steve Contorno,"March 5, 2015",https://www.politifact.com/factchecks/2015/mar/05/marco-rubio/marco-rubio-least-three-sectors-border-are-complet/
Greg Abbott,"February 22, 2015","""Already this calendar year, since January 1, we have had more than 20,000 people come across the border, apprehended, unauthorized.""",true,"interview on CBS's ""Face the Nation""",Immigration; Criminal Justice; Crime; Texas,W. Gardner Selby,"March 3, 2015",https://www.politifact.com/factchecks/2015/mar/03/greg-abbott/already-year-greg-abbott-says-over-20000-immigrant/
John Boehner,"March 1, 2015","On immigration, ""the president said 22 times, 22 times, that he couldn't do what he eventually did.""",mostly-true,"comments on CBS' ""Face the Nation""",Immigration; National,Katie Sanders,"March 1, 2015",https://www.politifact.com/factchecks/2015/mar/01/john-boehner/boehner-obama-said-22-times-he-couldnt-do-immigrat/
Greg Abbott,"February 17, 2015","""22 times Barack Obama said he did not have the authority to implement this type of"" anti-deportation ""measure. And then the day after he signed this into law, he said, quote, ‘I just changed the law.’""",mostly-true,interview with Sean Hannity on Fox News,Immigration; Texas,W. Gardner Selby,"February 23, 2015",https://www.politifact.com/factchecks/2015/feb/23/greg-abbott/greg-abbott-says-22-times-barack-obama-said-he-cou/
Laura Ingraham,"February 4, 2014","Says Supreme Court Justice Sonia Sotomayor has an ""immigrant family background.""",mostly-false,"broadcast of the ""Laura Ingraham Show""",Immigration; Corrections and Updates; PunditFact,Jon Greenberg,"February 17, 2015",https://www.politifact.com/factchecks/2015/feb/17/laura-ingraham/ingraham-says-sotomayor-comes-immigrant-family/
Urban Intellectuals,"January 15, 2015","""Sheriffs Call For Obama’s Lynching While Leader Meets With GOP Senators""",pants-fire,article posted on Urban Intellectuals,Immigration; PunditFact,Jon Greenberg,"February 9, 2015",https://www.politifact.com/factchecks/2015/feb/09/urban-intellectuals/blog-sheriffs-group-cried-obama-be-hanged/
Rush Limbaugh,"February 3, 2015","The children coming across the southern U.S. border ""were never examined after they got here and quarantined if they had a disease. They were just sent out across the country. Many of them had measles ... We now have an outbreak of it all because of our immigration policy.""",pants-fire,"broadcast of the ""Rush Limbaugh Show""",Immigration; Public Health; PunditFact,Jon Greenberg,"February 5, 2015",https://www.politifact.com/factchecks/2015/feb/05/rush-limbaugh/limbaugh-blames-measles-outbreak-immigrant-childre/
Debbie Wasserman Schultz,"January 23, 2015","Says Marco Rubio ""was for immigration reform and a pathway to citizenship before he was against it.""",mostly-false,interview with reporters at her ceremonial swearing,Immigration; Florida,Amy Sherman,"January 30, 2015",https://www.politifact.com/factchecks/2015/jan/30/debbie-wasserman-schultz/debbie-wasserman-schultz-says-marco-rubio-now-agai/
Ron Hayduk,"January 1, 2015","""The right to vote in this country has never been intrinsically tied to citizenship.""",mostly-true,newspaper commentary,Immigration; Rhode Island; Elections; History; Legal Issues; Race and Ethnicity,Katie Mulvaney,"January 25, 2015",https://www.politifact.com/factchecks/2015/jan/25/ron-hayduk/professor-says-right-vote-us-has-never-been-intrin/
Chuck Todd,"December 7, 2014","""There have been some estimates that if you deported everybody who is in Texas illegally,"" it ""would create an economic recession for the state.""",half-true,"interview of Greg Abbott, Texas governor-elect",Immigration; Texas,W. Gardner Selby,"January 9, 2015",https://www.politifact.com/factchecks/2015/jan/09/chuck-todd/chuck-todd-says-there-are-estimates-texas-recessio/
Craig Melvin,"January 5, 2015","""There have even been Republican congressmen who have said, ‘If you give us more money we don't know where we would even put additional Border Patrol agents.’ """,mostly-false,MSNBC segment,Immigration; PunditFact,Katie Sanders,"January 8, 2015",https://www.politifact.com/factchecks/2015/jan/08/craig-melvin/msnbc-host/
Bob Goodlatte,"November 21, 2014","""The President has decided to move forward with executive actions on immigration that he has said on numerous occasions that he didn’t have the constitutional power to take.""",true,news release.,Immigration; Virginia,Sean Gorman,"December 29, 2014",https://www.politifact.com/factchecks/2014/dec/29/bob-goodlatte/goodlatte-says-obama-has-flip-flopped-his-power-or/
Barack Obama,"December 4, 2014",A bill from U.S. Rep. Ted Yoho attempts to restrict the administration's ability to conduct national security and criminal background checks on undocumented immigrants.,half-true,statement of policy from the Executive Office of the President,Immigration; Terrorism; Florida,Joshua Gillin,"December 16, 2014",https://www.politifact.com/factchecks/2014/dec/16/barack-obama/does-yohos-bill-restrict-background-checks-immigra/
Barack Obama,"December 3, 2014","""We are younger than our competitors, and this is entirely because of immigration.""",mostly-true,speech to business leaders,Immigration; National,Steve Contorno,"December 9, 2014",https://www.politifact.com/factchecks/2014/dec/09/barack-obama/america-younger-competitors-because-immigration/
Michael McCaul,"December 2, 2014","President Barack Obama ""said over 20 times he did not have the legal authority"" to act as he did on immigration.",mostly-true,committee hearing,Immigration; Texas,W. Gardner Selby,"December 5, 2014",https://www.politifact.com/factchecks/2014/dec/05/michael-mccaul/michael-mccaul-says-obama-said-over-20-times-he-la/
Peter Morici,"December 7, 2014","Immigrants ""have captured all of the nearly 9 million jobs created since 2000.""",mostly-false,op-ed,Immigration; Economy; Jobs; PunditFact,Jon Greenberg,"December 2, 2014",https://www.politifact.com/factchecks/2014/dec/02/peter-morici/economist-immigrants-have-taken-all-new-jobs-creat/
Tim Kaine,"November 20, 2014","""Every president since Eisenhower has taken executive action to address immigration issues.""",mostly-true,news release.,Immigration; History; Virginia,Louis Jacobson,"November 30, 2014",https://www.politifact.com/factchecks/2014/nov/30/tim-kaine/kaine-says-all-presidents-eisenhower-have-taken-ex/
Barack Obama,"November 20, 2014","Citing his efforts to secure the border, Obama said, ""Overall, the number of people trying to cross our border illegally is the lowest it has been since the 1970s.""",half-true,speech,Immigration; Florida,Amy Sherman,"November 25, 2014",https://www.politifact.com/factchecks/2014/nov/25/barack-obama/obama-says-illegal-border-crossings-lowest-it-has-/
Rachel Maddow,"November 17, 2014","On immigration, what reports say President Barack Obama ""plans to do is roughly on the same scale"" as what President George H.W. Bush did.",mostly-true,"broadcast of MSNBC's ""The Rachel Maddow Show""",Immigration; PunditFact,Jon Greenberg,"November 24, 2014",https://www.politifact.com/factchecks/2014/nov/24/rachel-maddow/rachel-maddow-says-obamas-proposed-immigration-act/
Rick Santorum,"November 23, 2014","""There are more people living in this country who were not born here than at anytime in the history of the country.""",half-true,"interview on CNN's ""State of the Union""",Immigration; PunditFact,Lauren Carroll,"November 23, 2014",https://www.politifact.com/factchecks/2014/nov/23/rick-santorum/rick-santorum-foreign-born-residents-living-united/
Barack Obama,"November 20, 2014","""The actions I’m taking"" are ""the kinds of actions taken by every single Republican president and every single Democratic president for the past half-century.""",half-true,speech announcing new immigration actions,Immigration; National; Legal Issues,Louis Jacobson,"November 21, 2014",https://www.politifact.com/factchecks/2014/nov/21/barack-obama/are-barack-obamas-immigration-moves-kinds-actions-/
Ted Cruz,"November 19, 2014","In the 2014 elections, ""the American people overwhelmingly said we don't want Obamacare … and we don't want amnesty.""",false,interview on Fox News,Immigration; National; Health Care; Polls and Public Opinion,Louis Jacobson,"November 21, 2014",https://www.politifact.com/factchecks/2014/nov/21/ted-cruz/ted-cruz-says-2014-elections-voters-made-clear-the/
Barack Obama,"November 16, 2014","""My position hasn’t changed"" on using executive authority to address immigration issues.",false,press conference,Immigration; National; Legal Issues,Steve Contorno,"November 20, 2014",https://www.politifact.com/factchecks/2014/nov/20/barack-obama/barack-obama-position-immigration-action-through-e/
Brit  Hume,"November 10, 2014","""It is senior citizens, not Hispanics, who are the fastest-growing demographic in this country.""",mostly-false,interview on Fox News,Immigration; Elections; Population; PunditFact,Jon Greenberg,"November 13, 2014",https://www.politifact.com/factchecks/2014/nov/13/brit-hume/hume-senior-vote-growing-faster-hispanic/
Jose Diaz-Balart,"November 9, 2014","""Every single day in this country, 1,000 people are deported and the vast majority of those people that are deported aren't criminals.""",half-true,"broadcast of NBC's ""Meet the Press""",Immigration; Elections; PunditFact,Jon Greenberg,"November 12, 2014",https://www.politifact.com/factchecks/2014/nov/12/jose-diaz-balart/diaz-balart-vast-majority-deportees-arent-criminal/
Facebook posts,"October 28, 2014","Says the 1956 Republican Party platform supported equal pay, the minimum wage, asylum for refugees, protections for unions and more.",mostly-true,meme on social media,Immigration; National; Poverty; Social Security; Unions; Women; Workers,Nai Issa,"October 28, 2014",https://www.politifact.com/factchecks/2014/oct/28/facebook-posts/viral-meme-says-1956-republican-platform-was-prett/
Rick Scott,"October 21, 2014",Rick Scott says he supported in-state tuition for Dreamers while Charlie Crist was against it.,half-true,CNN debate,Immigration; Education; Florida,Amy Sherman,"October 22, 2014",https://www.politifact.com/factchecks/2014/oct/22/rick-scott/rick-scott-says-he-supported-state-tuition-dreamer/
Rick Scott,"October 10, 2014","Says a bill he vetoed to give driver licenses to certain immigrants known as Dreamers would have changed ""nothing.""",half-true,Telemundo debate,Immigration; Corrections and Updates; Florida,Amy Sherman,"October 20, 2014",https://www.politifact.com/factchecks/2014/oct/20/rick-scott/rick-scott-says-bill-give-drivers-licenses-daca-im/
David Dewhurst,"September 26, 2014","""Prayer rugs have recently been found on the Texas side of the border in the brush.""",pants-fire,speech,Immigration; Religion; Terrorism; Texas,Dylan Baddour,"October 19, 2014",https://www.politifact.com/factchecks/2014/oct/19/david-dewhurst/david-dewhurst-says-prayer-rugs-found-texas-brush-/
Dan Patrick,"October 8, 2014","Leticia Van de Putte ""opposed putting National Guard troops on the border, would send millions to Central American governments instead and wrote the law giving in-state tuition to illegal immigrants.""",half-true,TV ad,Immigration; Texas,W. Gardner Selby,"October 8, 2014",https://www.politifact.com/factchecks/2014/oct/08/dan-patrick/dan-patrick-errs-leticia-van-de-putte-positions-/
Lars Larson,"October 2, 2014","""TSA WILL ACCEPT DRIVERS PRIV CARDS FOR ID AT THE AIRPORT""",true,email,Immigration; Oregon,Dana Tims,"October 7, 2014",https://www.politifact.com/factchecks/2014/oct/07/lars-larson/lars-larson-says-oregon-drive-card-could-be-used-b/
David Perdue,"September 17, 2014","Says Michelle Nunn is ""for amnesty.""",mostly-false,ad,Georgia; Immigration; Homeland Security,April Hunt,"October 7, 2014",https://www.politifact.com/factchecks/2014/oct/07/david-perdue/perdue-misses-mark-amnesty-allegation/
Allen West,"September 26, 2014","Says President Barack Obama ""ordered our military to enlist illegal aliens.""",mostly-false,Facebook post,Immigration; Military; Florida,Amy Sherman,"October 2, 2014",https://www.politifact.com/factchecks/2014/oct/02/allen-west/obama-ordered-military-enlist-illegal-aliens-allen/
Dan Patrick,"September 29, 2014","Leticia Van de Putte ""voted to give illegal immigrants in this country free health care--not emergency health care but total free health care.""",false,debate,Immigration; Health Care; Public Health; Texas,W. Gardner Selby,"October 2, 2014",https://www.politifact.com/factchecks/2014/oct/02/dan-patrick/contrary-dan-patrick-claim-van-de-putte-didnt-vote/
Dan Sullivan,"September 19, 2014","""Sen. Mark Begich cast the deciding vote in favor of President Obama’s authority to issue executive amnesty to illegal aliens.""",false,email to supporters,Immigration; National; Message Machine 2014; Voting Record,Lauren Carroll,"September 25, 2014",https://www.politifact.com/factchecks/2014/sep/25/dan-sullivan/begichs-record-illegal-immigration-target-alaska-s/
Bill Cassidy,"September 19, 2014",Says Mary Landrieu voted to fund benefits for illegal immigrants ahead of veterans.,pants-fire,campaign ad,Immigration; National; Federal Budget; Message Machine 2014; Veterans,Steve Contorno,"September 25, 2014",https://www.politifact.com/factchecks/2014/sep/25/bill-cassidy/bill-cassidy-says-mary-landrieu-put-illegal-immigr/
Leticia Van de Putte,"August 29, 2014","""Our men and women of the Guard have been forced to contact food banks to feed themselves.""",false,press release,Immigration; Poverty; Texas,W. Gardner Selby,"September 19, 2014",https://www.politifact.com/factchecks/2014/sep/19/leticia-van-de-putte/unconfirmed-national-guard-troops-forced-contact-f/
Trent Franks,"September 12, 2014","""It is true that we know that ISIS is present in Ciudad Juarez (Mexico)""",mostly-false,phone conference,Immigration; National; Homeland Security; Iraq; Terrorism,Lauren Carroll,"September 17, 2014",https://www.politifact.com/factchecks/2014/sep/17/trent-franks/isis-mexico-and-planning-cross-border/
Dan Patrick,"July 21, 2014","More people are apprehended after illegally crossing the U.S.-Mexico border a week ""than are born in Texas each week.""",true,interview with Laura Ingraham,Immigration; Children; Population; Texas,Philip Jankowski,"September 12, 2014",https://www.politifact.com/factchecks/2014/sep/12/dan-patrick/dan-patrick-says-border-patrol-apprehends-more-imm/
National Republican Senatorial Committee,"September 3, 2014","Says Mark Pryor voted ""to give Social Security benefits to illegal immigrants.""",false,campaign ad,Immigration; National; Social Security,Louis Jacobson,"September 4, 2014",https://www.politifact.com/factchecks/2014/sep/04/national-republican-senatorial-committee/did-mark-pryor-vote-give-social-security-benefits-/
David Dewhurst,"July 21, 2014","At ""least a quarter of those apprehended"" at the border ""have criminal records.""",false,news story,Immigration; Crime; Texas,W. Gardner Selby,"August 29, 2014",https://www.politifact.com/factchecks/2014/aug/29/david-dewhurst/unsupported-claim-1-4-apprehended-border-crossers-/
Chain email,"August 26, 2014",Says Iowa Gov. Terry Branstad chartered a plane to remove 124 young illegal immigrants from his state and take them back to Honduras.,pants-fire,chain email,Immigration; National,Louis Jacobson,"August 27, 2014",https://www.politifact.com/factchecks/2014/aug/27/chain-email/did-iowa-gov-terry-branstad-charter-jet-send-124-i/
Henry Cuellar,,Says drug cartels are using social media to offer rebates so more children from Central America get smuggled to the United States.,mostly-false,,Immigration; Children; Corrections and Updates; Crime; Texas,Nicole Chavez,"August 22, 2014",https://www.politifact.com/factchecks/2014/aug/22/henry-cuellar/henry-cuellar-claim-social-media-rebates-and/
Joe Miller,"August 9, 2014","""If 20 million illegals vote, you can kiss the Second Amendment goodbye.""",false,campaign mailer,Immigration; National; Message Machine 2014; Guns,Lauren Carroll,"August 14, 2014",https://www.politifact.com/factchecks/2014/aug/14/joe-miller/granting-illegal-immigrants-amnesty-will-destroy-s/
Protect Oregon Driver Licenses,"April 21, 2013","Gov. Kitzhaber oversaw creation of the Oregon driver card law ""behind closed doors without allowing any input from citizens who represent the public interest.""",mostly-false,campaign website statement,Immigration; Oregon,Bill Adair,"August 13, 2014",https://www.politifact.com/factchecks/2014/aug/13/protect-oregon-driver-licenses/was-oregon-law-giving-driver-cards-undocumented-ci/
LIBRE Initiative,"August 10, 2014","""The startup rate of Hispanic businesses is three times the national rate.""",half-true,Facebook post,Immigration; National; Small Business,Lauren Carroll,"August 12, 2014",https://www.politifact.com/factchecks/2014/aug/12/libre-initiative/conservative-group-says-hispanic-business-growth-t/
"Juan ""Chuy"" Hinojosa","July 21, 2014","""We have less crime in the (Rio Grande) Valley than we do in other major Texas cities.""",half-true,press release,Immigration; Criminal Justice; Crime; Texas,W. Gardner Selby,"August 8, 2014",https://www.politifact.com/factchecks/2014/aug/08/juan-chuy-hinojosa/does-rio-grande-valley-have-less-crime-major-texas/
SEIU,"July 29, 2014","Says U.S. Senate candidate Cory Gardner ""blocked immigration reform"" and ""voted to deport our DREAMers.""",mostly-false,Spanish-language radio ad,Immigration; National,Steve Contorno,"August 4, 2014",https://www.politifact.com/factchecks/2014/aug/04/service-employees-international-union-committee-po/seius-spanish-language-ad-claims-cory-gardner-bloc/
Rick Perry,"August 3, 2014","The United States is at ""historic record highs"" of individuals being apprehended on the border from countries with terrorist ties such as ""Pakistan or Afghanistan or Syria.""",pants-fire,"comments on CNN's ""State of the Union""",Afghanistan; Immigration; National; Terrorism,Lauren Carroll,"August 3, 2014",https://www.politifact.com/factchecks/2014/aug/03/rick-perry/rick-perry-historic-record-highs-people-terrorists/
Rick Perry,"July 23, 2014","Says three Ukrainians recently captured on a West Texas ranch are among ""individuals from countries that have strong terrorist ties being apprehended"" near the state’s border with Mexico.",half-true,interview with Sean Hannity of Fox News,Immigration; Corrections and Updates; Criminal Justice; Homeland Security; Crime; Foreign Policy; Texas,W. Gardner Selby,"July 31, 2014",https://www.politifact.com/factchecks/2014/jul/31/rick-perry/rick-perry-recaps-arrests-men-ukraine-its-not-coun/
Lawrence O'Donnell,"July 23, 2014","Because of the current immigration crisis, Republicans want to ""repeal"" a 2008 law that President George W. Bush signed and ""want to be on record as not wanting to protect children from ... sex trafficking.""",mostly-false,comments on his show,Immigration; PunditFact,Derek Tsang,"July 31, 2014",https://www.politifact.com/factchecks/2014/jul/31/lawrence-odonnell/msnbcs-odonnell-republicans-want-repeal-2008-bush-/
Greg Abbott,"July 22, 2014","""We’ve had about 3,000 murders"" in connection with lax border security.",pants-fire,interview on Fox News.,Immigration; Criminal Justice; Crime; Texas,W. Gardner Selby,"July 29, 2014",https://www.politifact.com/factchecks/2014/jul/29/greg-abbott/greg-abbott-attributes-3000-murders-immigrants-her/
Jeb Bush,"July 23, 2014","""By some estimates, as few as 2 percent of the 50,000 (Central American) children who have crossed the border illegally this year have been sent home.""",mostly-true,op-ed,Immigration; National,Steve Contorno,"July 28, 2014",https://www.politifact.com/factchecks/2014/jul/28/jeb-bush/jeb-bush-says-2-percent-children-apprehended-borde/
Glenn Beck,"July 17, 2014","Says a 9-year-old girl was recently raped in Austin, Texas, by a guy previously ""caught four times and released.""",half-true,interview of Gov. Rick Perry,Immigration; Children; Criminal Justice; Crime; Texas,W. Gardner Selby,"July 25, 2014",https://www.politifact.com/factchecks/2014/jul/25/glenn-beck/glenn-beck-says-9-year-old-girl-raped-austin-man-p/
Deirdre Imus,"July 24, 2014","Under President Ronald Reagan, illegal immigrants ""were not pouring in like"" they are now.",false,"broadcast on Fox Business of ""Imus",Immigration; PunditFact,Jon Greenberg,"July 24, 2014",https://www.politifact.com/factchecks/2014/jul/24/deirdre-imus/deirdre-imus-more-illegal-immigrants-pouring-now-u/
Rick Perry,"July 17, 2014","More than 3,000 homicides were committed by ""illegal aliens"" over the past six years.",pants-fire,interview with Glenn Beck,Immigration; Criminal Justice; Crime; Texas,W. Gardner Selby,"July 23, 2014",https://www.politifact.com/factchecks/2014/jul/23/rick-perry/rick-perry-claim-about-3000-homicides-illegal-immi/
Lou Dobbs,"July 21, 2014","Obama’s 2012 policy on younger immigrants ""created these children coming across"" the border.",mostly-false,"broadcast of ""Lou Dobbs Tonight""",Immigration; PunditFact,Jon Greenberg,"July 23, 2014",https://www.politifact.com/factchecks/2014/jul/23/lou-dobbs/dobbs-obama-policy-young-immigrants-created-crisis/
Pat Buchanan,"July 17, 2014","""Right now, one third of all illegal aliens are going to California.""",half-true,comments on Fox News,Immigration; PunditFact,Linda Qiu,"July 23, 2014",https://www.politifact.com/factchecks/2014/jul/23/pat-buchanan/pat-buchanan-right-now-one-third-all-illegal-alien/
Ed  Gillespie,"June 13, 2014",On immigration reform,no-flip,interviews,Immigration; Public Safety; Voting Record; Virginia,Nancy Madsen,"July 21, 2014",https://www.politifact.com/factchecks/2014/jul/21/ed-gillespie/ed-gillespies-immigration-reform-position-remains-/
Phil Gingrey,"July 7, 2014","Amid the ""crisis at our southern border,"" there are ""reports of illegal migrants carrying deadly diseases such as … Ebola virus.""",pants-fire,letter to the Centers for Disease Control and Prevention,Immigration; National; Ebola; Health Care; Public Health,Louis Jacobson,"July 18, 2014",https://www.politifact.com/factchecks/2014/jul/18/phil-gingrey/rep-phil-gingrey-says-migrants-may-be-bringing-ebo/
Bill O'Reilly,"July 8, 2014","""More than 50 percent of immigrants from (El Salvador, Guatemala and Honduras) use at least one major welfare program once they get here.""",mostly-true,comments on Fox News,Immigration; Welfare; PunditFact,Jon Greenberg,"July 18, 2014",https://www.politifact.com/factchecks/2014/jul/18/bill-oreilly/oreilly-says-over-half-immigrants-3-central-americ/
Rick Perry,"June 17, 2014",Says the Obama administration never responded to his 2012 letter flagging the uptick in unaccompanied children crossing the U.S.-Mexico border.,mostly-true,interview on Fox & Friends,Immigration; Texas,W. Gardner Selby,"July 18, 2014",https://www.politifact.com/factchecks/2014/jul/18/rick-perry/rick-perry-says-obama-didnt-respond-his-warning-ab/
Rick Santorum,"July 13, 2014","""We are accepting more legal immigrants than we ever have in the history (of the United States.)""",mostly-false,"""Meet the Press"" pundit panel",Immigration; PunditFact,Katie Sanders,"July 16, 2014",https://www.politifact.com/factchecks/2014/jul/16/rick-santorum/rick-santorum-we-are-accepting-more-legal-immigran/
Cokie Roberts,"July 13, 2014","""In New York, your chances of getting murdered are 1 in 25,000. In Honduras, it’s 1 in 14.""",half-true,"comments on ABC's ""This Week""",Immigration; Criminal Justice; Crime; PunditFact,Linda Qiu,"July 16, 2014",https://www.politifact.com/factchecks/2014/jul/16/cokie-roberts/cokie-roberts-chances-getting-murdered-new-york-ar/
Luis Gutierrez,"July 13, 2014","""We spend $18 billion a year on making sure that the federal government has immigrant enforcement agents. That's more than DEA and the ATF and the FBI and all the other enforcement (agencies) combined.""",half-true,"interview on CBS' ""Face the Nation""",Immigration; National; Federal Budget; Legal Issues,Louis Jacobson,"July 15, 2014",https://www.politifact.com/factchecks/2014/jul/15/luis-gutierrez/luis-gutierrez-says-us-spends-more-immigration-bor/
Lou Dobbs,"July 1, 2014","The Obama administration ""manipulated deportation data to make it appear that the Border Patrol was deporting more illegal immigrants than the Bush administration.""",false,segment on 'Lou Dobbs Tonight',Immigration; PunditFact,Katie Sanders,"July 15, 2014",https://www.politifact.com/factchecks/2014/jul/15/lou-dobbs/lou-dobbs-obama-administration-manipulated-deporta/
Steve King,"July 10, 2014","Says ""nothing"" in Obama’s $3.7 billion request to address the child immigrant situation ""actually secures the border.""",mostly-false,interview on Fox news,Immigration; National; Corrections and Updates; Federal Budget,Lauren Carroll,"July 14, 2014",https://www.politifact.com/factchecks/2014/jul/14/steve-king/rep-steve-king-says-obamas-37-billion-plan-regardi/
Rick Santorum,"July 13, 2014","Children are crossing the border because President Barack Obama said ""if you come, you’re going to be able to stay, because we’re not going to enforce the law.""",mostly-false,"comments on NBC's ""Meet the Press""",Immigration; PunditFact,Jon Greenberg,"July 13, 2014",https://www.politifact.com/factchecks/2014/jul/13/rick-santorum/santorum-obama-said-if-illegal-immigrants-come-you/
Jeff Flake,"July 8, 2014","When undocumented children are picked up at the border and ""told to appear later in court ... 90 percent do not then show up.""",false,"interview on the PBS ""News Hour""",Immigration; National; Children; Legal Issues; Foreign Policy,Louis Jacobson,"July 10, 2014",https://www.politifact.com/factchecks/2014/jul/10/jeff-flake/sen-jeff-flake-says-90-percent-immigrants-given-co/
Henry Cuellar,"July 6, 2014","""If you're a Mexican, you get sent back. ... But if you're from a noncontiguous country like the Central American countries"" then you can stay in the United States.",true,"interview on CNN's ""State of the Union""",Immigration; National; Children; Human Rights,Molly O'Connor,"July 10, 2014",https://www.politifact.com/factchecks/2014/jul/10/henry-cuellar/rep-texas-says-immigrant-minors-countries-dont-bor/
Raul Labrador,"July 6, 2014","The Obama administration estimates the number of children at the border is ""going to increase to 150,000 to 200,000 next year.""",half-true,"interview on ""Meet the Press""",Immigration; National; Children,Jon Greenberg,"July 8, 2014",https://www.politifact.com/factchecks/2014/jul/08/raul-labrador/rep-labrador-administration-predicts-150-200000-ch/
Ted Cruz,"June 23, 2014","Says children are coming into the U.S. in ""staggering numbers"" because  President Barack Obama ""has been promising amnesty.""",false,press conference at Lackland Air Force Base,Immigration; Texas,W. Gardner Selby,"July 7, 2014",https://www.politifact.com/factchecks/2014/jul/07/ted-cruz/ted-cruz-incorrectly-says-barack-obama-has-promise/
David Alameel,"June 28, 2014",Says he lived in a colonia while working as a farm worker.,false,his speech at the state convention of the Texas Democratic Party,Immigration; Candidate Biography; Poverty; Texas,W. Gardner Selby,"July 2, 2014",https://www.politifact.com/factchecks/2014/jul/02/david-alameel/alameel-lived-la-colonia-community-it-wasnt-coloni/
Gilberto Hinojosa,"June 26, 2014","""The platform of the Republican Party says deport everybody and to hell with it.""",false,interview with KERA News,Immigration; Texas,W. Gardner Selby,"June 30, 2014",https://www.politifact.com/factchecks/2014/jun/30/gilberto-hinojosa/texas-republicans-oppose-legal-status-us-illegal-i/
Rush Limbaugh,"June 24, 2014","""Obama regime planned the influx of illegal alien children at the border.""",pants-fire,"broadcast of the ""Rush Limbaugh Show""",Immigration; Children; PunditFact,Jon Greenberg,"June 30, 2014",https://www.politifact.com/factchecks/2014/jun/30/rush-limbaugh/limbaugh-says-obama-administration-planned-influx-/
Ted Cruz,"June 23, 2014","Says 95 percent of people caught crossing the U.S.-Mexico border said in a survey ""we are coming because we’ve been promised amnesty.""",half-true,press conference,Immigration; Texas,W. Gardner Selby,"June 29, 2014",https://www.politifact.com/factchecks/2014/jun/29/ted-cruz/ted-cruz-accurately-recaps-survey-result-indicatin/
Rick Perry,"June 17, 2014","Says of flood of non-Mexicans being apprehended at the border: ""These are people that are coming from states like Syria that have substantial connections back to terrorist regimes and terrorist operations.""",pants-fire,interview on Fox & Friends,Immigration; Terrorism; Texas,W. Gardner Selby,"June 22, 2014",https://www.politifact.com/factchecks/2014/jun/22/rick-perry/rick-perry-airs-ridiculous-unsupported-claim-about/
Battleground Texas,"June 10, 2014","Says Dan Patrick has ""called immigration into Texas an invasion"" and ""said immigrants coming into Texas bring ‘third-world diseases.’""",true,interview on Bloomberg TV,Immigration; Crime; Public Health; Texas,W. Gardner Selby,"June 20, 2014",https://www.politifact.com/factchecks/2014/jun/20/battleground-texas/dan-patrick-has-called-illegal-immigration-invasio/
Nancy Pelosi,"June 17, 2014",Says 11 soccer players on the U.S. Men’s National Team are immigrants.,false,tweet,Immigration; National; Sports,Steve Contorno,"June 19, 2014",https://www.politifact.com/factchecks/2014/jun/19/nancy-pelosi/are-there-immigrants-2014-us-mens-world-cup-team/
Rick Perry,"June 17, 2014","A record number of immigrants not from Mexico are ""being apprehended at the border.""",true,interview on Fox & Friends,Immigration; Crime; Texas,W. Gardner Selby,"June 18, 2014",https://www.politifact.com/factchecks/2014/jun/18/rick-perry/rick-perry-correct-record-number-immigrants-not-me/
Laura Ingraham,"June 15, 2014","Says Eric Cantor ""was the co-author of the House GOP principles on immigration reform. Both the 'New York Times' and the 'Washington Post' said that that captured the essence of what was in the Senate immigration bill.""",half-true,"statement on ""This Week""",Immigration; PunditFact,Katie Sanders,"June 15, 2014",https://www.politifact.com/factchecks/2014/jun/15/laura-ingraham/laura-ingraham-said-eric-cantor-co-wrote-house-gop/
Lamar Smith,"May 31, 2014","""Last year,"" Obama ""administration officials released into our neighborhoods more than 36,000 criminal immigrants who had nearly 88,000 convictions. The crimes included hundreds of convictions for murder, rape and kidnapping and thousands of drug-related crimes.""",half-true,letter to the editor of the San Antonio Express-News,Immigration; Criminal Justice; Crime; Texas,W. Gardner Selby,"June 10, 2014",https://www.politifact.com/factchecks/2014/jun/10/lamar-smith/lamar-smith-claim-about-obamas-prison-break-illega/
Laura Ingraham,"June 3, 2014","U.S. Reps. Eric Cantor and Luis Gutierrez were ""touring the country last year … joined at the hip, working together in a bipartisan fashion indeed for the goal of immigration reform.""",pants-fire,speech.,Immigration; Virginia,Sean Gorman,"June 6, 2014",https://www.politifact.com/factchecks/2014/jun/06/laura-ingraham/laura-ingraham-says-reps-eric-cantor-and-luis-guti/
Eric Cantor,"May 29, 2014","Says a ""liberal"" immigration reform group endorsed his GOP primary opponent, Dave Brat.",false,campaign email.,Immigration; Virginia,Warren Fiske,"May 30, 2014",https://www.politifact.com/factchecks/2014/may/30/eric-cantor/eric-cantor-says-liberal-immigration-group-backs-h/
Eric Cantor,"May 28, 2014","Senate immigration legislation is the ""Obama-Reid plan to give illegal immigrants amnesty.""",mostly-false,campaign mailer,Immigration; National; Congress,Steve Contorno,"May 28, 2014",https://www.politifact.com/factchecks/2014/may/28/eric-cantor/eric-cantor-says-senate-immigration-reform-efforts/
Dan Patrick,"April 28, 2014","Under David Dewhurst’s leadership, the Texas ""Senate passed an expansion of in-state tuition and free health care to illegal immigrants.""",false,TV ad,Immigration; Education; Health Care; Voting Record; Texas,W. Gardner Selby,"May 15, 2014",https://www.politifact.com/factchecks/2014/may/15/dan-patrick/dan-patrick-misinterprets-texas-senate-votes-measu/
Julián Castro,"April 15, 2014","Says Dan Patrick ""proposed Arizona-style show-me-your-papers legislation.""",true,Univision debate on immigration,Immigration; Criminal Justice; Crime; Texas,W. Gardner Selby,"May 14, 2014",https://www.politifact.com/factchecks/2014/may/14/julian-castro/dan-patrick-proposed-arizona-style-law-requiring-p/
Rand Paul,"April 23, 2014","40 percent of illegal immigrants ""had a visa and then became illegal,"" mostly because ""they changed jobs.""",half-true,news conference,Agriculture; Immigration; Homeland Security; Jobs; Population; Wisconsin,Tom Kertscher,"April 29, 2014",https://www.politifact.com/factchecks/2014/apr/29/rand-paul/big-reason-illegal-immigrants-become-illegal-they-/
Julián Castro,"April 15, 2014","Up ""to 45 percent"" of illegal immigrants ""are not people that physically crossed the southern border or northern border. They are visa overstayers.""",mostly-true,debate over immigration issues with state Sen. Dan Patrick,Immigration; Texas,W. Gardner Selby,"April 28, 2014",https://www.politifact.com/factchecks/2014/apr/28/julian-castro/eight-year-old-estimate-basis-claim-45-percent-ill/
Don Balfour,"April 11, 2014","""When you get a commercial pilot’s license, you learn to communicate in English no matter where you are in the world.""",mostly-true,flier,Georgia; Immigration; States,Eric Stirgus,"April 22, 2014",https://www.politifact.com/factchecks/2014/apr/22/don-balfour/lawmakers-pilot-claim-travels-safe/
Robert Sarvis,"March 31, 2014","""Did you know US population growth is at its lowest since the Great Depression?""",true,tweet.,Immigration; Population; Virginia,Nancy  Madsen,"April 21, 2014",https://www.politifact.com/factchecks/2014/apr/21/robert-sarvis/robert-sarvis-says-us-population-growing-slowest-r/
Republican Party of Florida,"April 10, 2014","""In 2006, Charlie Crist opposed in-state tuition for illegal immigrants.""",true,email,Immigration; Education; Florida,Amy Sherman,"April 11, 2014",https://www.politifact.com/factchecks/2014/apr/11/republican-party-florida/charlie-crist-opposed-state-tuition-dreamers-2006-/
Jerry Patterson,"March 30, 2014",Says he was the only statewide elected official to speak in favor of a federal guest worker plan at the 2012 Republican Party of Texas convention.,true,news story,Immigration; Economy; Workers; Texas,W. Gardner Selby,"April 8, 2014",https://www.politifact.com/factchecks/2014/apr/08/jerry-patterson/jerry-patterson-flew-solo-among-statewide-elected-/
Janet Murguía,"March 9, 2014","""We’re at the point of reaching 2 million deportations ... this is a historic level, more than any other president of the United States.""",half-true,interview on Univision's 'Al Punto',Immigration; National; Corrections and Updates; Homeland Security,Julie Kliegman,"March 17, 2014",https://www.politifact.com/factchecks/2014/mar/17/janet-murguia/activist-janet-murguia-calls-obama-deporter-chief-/
Steve Stockman,"January 31, 2014","John Cornyn ""voted twice in 2013 to back Obama’s amnesty plan.""",pants-fire,campaign email blast,Immigration; Voting Record; Texas,W. Gardner Selby,"February 10, 2014",https://www.politifact.com/factchecks/2014/feb/10/steve-stockman/john-cornyn-voted-against-leaderships-immigration-/
Todd Staples,"January 13, 2014","""Savings that I achieved"" helped fund cameras on the border. ""As a result, more than 21,500 arrests have been made and 46 tons of narcotics confiscated.""",half-true,campaign email blast,Immigration; Crime; State Budget; Texas,Sue Owen,"February 6, 2014",https://www.politifact.com/factchecks/2014/feb/06/todd-staples/grants-staples-agency-were-small-part-existing-bor/
"Democratic Hispanic Caucus, Miami-Dade Chapter",,"In 2011, Carlos López-Cantera ""staunchly supported"" a Florida bill modeled after Arizona’s immigration law",mostly-false,,Immigration; Florida,Amy Sherman,"January 21, 2014",https://www.politifact.com/factchecks/2014/jan/21/democratic-hispanic-caucus-florida-miami-dade-coun/democratic-hispanic-group-says-carlos-lopez-canter/
Facebook posts,"January 5, 2014","A judge's order means there's a ""Constitution exemption zone"" if you live ""within 100 miles of the United States border.""",false,Facebook post,Immigration; National; Civil Rights; Technology; Privacy Issues,Julie Kliegman,"January 13, 2014",https://www.politifact.com/factchecks/2014/jan/13/facebook-posts/facebook-post-says-constitution-exemption-zones-ex/
Jorge Ramos,"December 5, 2013","""The most popular name is no longer John or Steven. It's Jose, Camilo and Maria.""",mostly-false,"broadcast of the ""Daily Show""",Immigration; Families; Race and Ethnicity; PunditFact,Jon Greenberg,"December 9, 2013",https://www.politifact.com/factchecks/2013/dec/09/jorge-ramos/univisions-ramos-names-jose-camilo-and-maria-are-m/
Al Sharpton,"December 4, 2013","The ""priorities"" of more than three-quarters of Americans are to increase the minimum wage, create a path to citizenship for illegal immigrants, and require background checks for gun buyers.",mostly-false,broadcast of MSNBC's Politics Nation,Immigration; Jobs; PunditFact; Guns,Jon Greenberg,"December 6, 2013",https://www.politifact.com/factchecks/2013/dec/06/al-sharpton/sharpton-peoples-priorities-raise-minimum-wage/
Obama's heckler,"November 25, 2013","President Barack Obama has the ""power to stop deportation for all undocumented immigrants in this country.""",mostly-false,comments during the president's speech,Immigration; National,Aaron Sharockman,"November 26, 2013",https://www.politifact.com/factchecks/2013/nov/26/obamas-heckler/obamas-immigration-heckler-wrong-presidential-powe/
Causa Oregon,"November 14, 2013","""American voters remain steadfast in their support for immigration reform with a path to citizenship, with more than 70 percent who want to see reform passed this year.""",half-true,website statement,Immigration; Oregon,Dana Tims,"November 25, 2013",https://www.politifact.com/factchecks/2013/nov/25/causa-oregon/do-more-70-percent-american-voters-support-pathway/
John DePetro,"October 21, 2013","""Under Mayor Cicilline, [Providence] was a sanctuary city.""",false,statement on WPRO-AM,Immigration; Rhode Island; History; Homeland Security; Legal Issues; Pundits,John Hill,"November 24, 2013",https://www.politifact.com/factchecks/2013/nov/24/john-depetro/talk-show-host-john-depetro-says-providence-was-sa/
City of Austin,"November 8, 2013","""Nearly 20% of our residents"" are born abroad.",true,press release,Immigration; City Government; Families; Race and Ethnicity; Population; Texas,Sue Owen,"November 20, 2013",https://www.politifact.com/factchecks/2013/nov/20/city-austin/20-austinites-foreign-born-mostly-mexico-asian-nat/
Dan Patrick,"October 7, 2013","I am ""the only candidate for lieutenant governor to oppose in-state tuition for illegal immigrants.""",false,"video advertisement, ""Fight""",Immigration; Education; Texas,W. Gardner Selby,"October 9, 2013",https://www.politifact.com/factchecks/2013/oct/09/dan-patrick/dan-patrick-isnt-alone-among-candidates-oppose-sta/
Lamar Smith,"September 21, 2013","""In 2010, the non-partisan Government Accountability Office found that only 6.5 percent of the U.S.-Mexico border was under full control of the Border Patrol.""",mostly-true,flier mailed to constituents,Immigration; Texas,Sue Owen,"October 1, 2013",https://www.politifact.com/factchecks/2013/oct/01/lamar-smith/government-report-said-65-percent-border-miles-wer/
David Watts,"September 16, 2013",The U.S. Supreme Court decided in 1982 that non-citizen children must get free K-12 education.,true,email blast,Immigration; Education; Texas,W. Gardner Selby,"September 25, 2013",https://www.politifact.com/factchecks/2013/sep/25/david-watts/1982-supreme-court-decision-texas-case-said-public/
John Carter,"August 31, 2013","About 40 percent of U.S. illegal immigrants ""came in on an airplane, with a legal visa, and just overstayed their visa and have never gone home.""",mostly-true,news article,Immigration; Texas,W. Gardner Selby,"September 6, 2013",https://www.politifact.com/factchecks/2013/sep/06/john-carter/john-carter-claim-40-percent-nations-illegal-resid/
Janet Napolitano,"August 27, 2013","The 2010 DREAM Act failed despite ""strong bipartisan support.""",mostly-false,speech at the National Press Club,Immigration; National; Bipartisanship,Angie Drobnic Holan,"August 28, 2013",https://www.politifact.com/factchecks/2013/aug/28/janet-napolitano/2010-dream-act-has-strong-bipartisan-support-said-/
Jack Kingston,"August 1, 2013","Says an illegal immigrant fraudulently claimed children who actually lived in Mexico on income tax forms to collect more than $29,000.",mostly-true,interview,Georgia; Immigration; Taxes,Eric Stirgus,"August 27, 2013",https://www.politifact.com/factchecks/2013/aug/27/jack-kingston/lawmaker-uses-tax-credit-scam-drive-support-bill/
Marco Rubio,"August 13, 2013","Says President Barack Obama could ""basically"" legalize all immigrants here illegally ""by the sign of a pen.""",mostly-false,radio interview,Immigration; Florida,Katie Sanders,"August 22, 2013",https://www.politifact.com/factchecks/2013/aug/22/marco-rubio/marco-rubio-fears-obama-could-basically-legalize-a/
Federation for American Immigration Reform,"August 5, 2013","""Unemployment has been on the rise throughout Wisconsin"" as Paul Ryan stepped up his advocacy of ""immigration increases.""",mostly-false,news release,Immigration; Economy; Jobs; Wisconsin,Dave Umhoefer,"August 9, 2013",https://www.politifact.com/factchecks/2013/aug/09/federation-american-immigration-reform/group-says-wisconsin-jobless-rate-was-rise-while-p/
Dan Patrick,"June 27, 2013","Says the 2014-15 state budget ""cut border security and funding to fight criminal gangs.""",mostly-false,campaign video,Immigration; Crime; State Budget; Texas,Sue Owen,"August 2, 2013",https://www.politifact.com/factchecks/2013/aug/02/dan-patrick/dan-patrick-says-2014-15-state-budget-cut-border-s/
David Cicilline,"July 21, 2013","""The Congressional Budget Office, a nonpartisan office, did an analysis and said that passing comprehensive immigration reform will reduce the federal deficit by $200 billion over the next decade.""",true,"appearance on WPRI-TV's ""Newsmakers"" program",Rhode Island; Children; Congress; Debt; Deficit; Economy; Families; Immigration; Legal Issues; Taxes; Workers,C. Eugene Emery Jr.,"August 1, 2013",https://www.politifact.com/factchecks/2013/aug/01/david-cicilline/us-rep-david-cicilline-says-passing-senate-approve/
Charles Kuck,"July 13, 2013",A provision of the Senate immigration bill would require you to have government permission to get a second job.,half-true,immigration forum,Georgia; Immigration; Jobs; Government Regulation,Janel Davis,"July 30, 2013",https://www.politifact.com/factchecks/2013/jul/30/charles-kuck/immigration-claim-about-second-jobs-doesnt-really-/
Karen Handel,"July 18, 2013","""The Senate immigration bill is … filled with things like rewards for au pair agencies, Alaskan seafood processors and Vegas casinos.""",true,Twitter post,Georgia; Immigration; Federal Budget,Janel Davis,"July 26, 2013",https://www.politifact.com/factchecks/2013/jul/26/karen-handel/immigration-bill-includes-several-nods-industries/
Michele Bachmann,"July 14, 2013","""The president … by executive order"" could grant voting rights to illegal immigrants who are newly legalized under pending legislation.",pants-fire,interview with World Net Daily,Immigration; National; Elections; Legal Issues,Louis Jacobson,"July 23, 2013",https://www.politifact.com/factchecks/2013/jul/23/michele-bachmann/michele-bachmann-says-barack-obama-can-use-executi/
Jeb Bush,"June 30, 2013","Says ""Canada has one-tenth of our population—yet it issues far more high-skilled visas (more than 150,000) yearly than we do (65,000).""",half-true,Wall Street Journal op-ed,Immigration; National; Corrections and Updates,Jon Greenberg,"July 10, 2013",https://www.politifact.com/factchecks/2013/jul/10/jeb-bush/jeb-bush-says-canada-issues-more-150000-high-skill/
Chain email,"July 7, 2013","Obamacare ""will provide insurance to all non-U.S. residents, even if they are here illegally.""",pants-fire,long-running chain email,Immigration; Health Care; Florida,Katie Sanders,"July 9, 2013",https://www.politifact.com/factchecks/2013/jul/09/chain-email/illegal-immigrants-are-covered-under-health-care-l/
Dan Stein,"July 7, 2013","The Senate immigration bill ""unleashes a massive increase in overall immigration. … We're talking about a population increase under the Senate bill of over 70 million people in 20 years.""",false,"interview on CBS' ""Face the Nation""",Immigration; National,Louis Jacobson,"July 9, 2013",https://www.politifact.com/factchecks/2013/jul/09/dan-stein/dan-stein-says-senate-immigration-bill-would-add-7/
Luis Gutierrez,"June 29, 2013","Says under the Senate immigration bill, newly legalized immigrants will ""pay every tax possible, but you don’t get a single benefit"" for 10 years.",mostly-true,interview with CNN,Immigration; National; Welfare,Jon Greenberg,"July 8, 2013",https://www.politifact.com/factchecks/2013/jul/08/luis-gutierrez/senate-bill-says-undocumented-immigr/
Jim Sensenbrenner,"July 1, 2013","""Currently, it takes up to 25 years to obtain U.S. citizenship legally"" but the Senate bill ""would allow immigrants who came to the United States illegally to obtain citizenship in just 13 years.""",half-true,op-ed article,Immigration; Wisconsin,Dave Umhoefer,"July 7, 2013",https://www.politifact.com/factchecks/2013/jul/07/jim-sensenbrenner/rep-jim-sensenbrenner-says-it-takes-25-years-obtai/
Debbie Wasserman Schultz,"July 20, 2013","Says President Obama has cracked down ""on employers who are attracting undocumented immigrants and hiring them more than any previous president.""",half-true,interview,Immigration; Florida,Amy Sherman,"July 3, 2013",https://www.politifact.com/factchecks/2013/jul/03/debbie-wasserman-schultz/obama-holds-record-cracking-down-employers-who-hir/
Bill Maher,"June 21, 2013","If it is enacted, the Senate immigration bill is ""going to make the Border Patrol bigger than the FBI -- you could put one agent every 250 feet.""",true,"roundtable section of the HBO show ""Real Time with Bill Maher""",Immigration; National; Pundits,Louis Jacobson,"July 1, 2013",https://www.politifact.com/factchecks/2013/jul/01/bill-maher/bill-maher-said-immigration-bill-will-make-border-/
Debbie Wasserman Schultz,"June 20, 2013","""President Obama has the most border patrols and border security deployed at the border of any previous president.""",mostly-true,interview on MSNBC,Immigration; Florida,Amy Sherman,"July 1, 2013",https://www.politifact.com/factchecks/2013/jul/01/debbie-wasserman-schultz/more-border-security-and-patrols-under-obama-previ/
Ted Cruz,"June 24, 2013","The Senate immigration bill ""has immediate legalization ... and the border security is sometime in the future, and just like in 1986, it's designed never to come into being.""",mostly-false,interview with Fox News,Immigration; National; Corrections and Updates,Jon Greenberg,"June 27, 2013",https://www.politifact.com/factchecks/2013/jun/27/ted-cruz/border-security-immigration-bill-designed-never/
Jeff Sessions,"June 27, 2013","The immigration bill ""has a specific provision that says that Secretary Napolitano does not have to build any fence if she chooses not to.""",false,interview on CBS’ “Face the Nation”,Immigration; National,Becky Bowers,"June 27, 2013",https://www.politifact.com/factchecks/2013/jun/27/jeff-sessions/sen-jeff-sessions-says-immigration-bill-has-provis/
Bloggers,"June 25, 2013","The immigration bill includes free ""Obamacars,"" motorcycles or scooters.",pants-fire,blog post on Breitbart,Immigration; Transportation; Welfare; Florida,Amy Sherman,"June 26, 2013",https://www.politifact.com/factchecks/2013/jun/26/blog-posting/does-immigration-bill-include-free-obamacars-teens/
Michael McCaul,"June 5, 2013","Says the Obama administration plans to reduce the number of beds devoted to holding individuals violating immigration laws and to ""release hundreds of dangerous criminals into our communities.""",mostly-false,U.S. House floor debate.,Immigration; Criminal Justice; Crime; Texas,W. Gardner Selby,"June 21, 2013",https://www.politifact.com/factchecks/2013/jun/21/michael-mccaul/mccaul-said-obama-administration-plans-reduce-dete/
Dana Rohrabacher,"June 16, 2013","On immigration reform, Marco Rubio ""all along has been saying, 'We have to have border security first' "" and then ""he gets on Spanish TV, he ends up saying, 'No, no. That will never get in the way.' """,mostly-false,interview on WND Radio,Immigration; National; Candidate Biography,Becky Bowers,"June 20, 2013",https://www.politifact.com/factchecks/2013/jun/20/dana-rohrabacher/rep-dana-rohrabacher-says-sen-marco-rubios-claims-/
Jeb Bush,"June 14, 2013","""Immigrants are more fertile.""",mostly-true,speech at the Faith and Freedom Coalition Conference,Immigration; National,Jon Greenberg,"June 18, 2013",https://www.politifact.com/factchecks/2013/jun/18/jeb-bush/jeb-bush-says-immigrants-are-more-fertile/
Oregon Republican Party,"May 29, 2013","Says a group ""estimates that the annual cost to Oregon taxpayers for government services to illegal aliens, after any income tax revenue from them, is $1 billion.""",mostly-false,a press release,Immigration; Oregon; Economy; Education; State Budget; Workers; Taxes,Janie Har,"June 15, 2013",https://www.politifact.com/factchecks/2013/jun/15/oregon-republican-party/do-illegal-aliens-cost-oregon-1-billion-year/
Carlos Curbelo,"May 24, 2013","In Miami-Dade County, ""we spend at our school system over $20 million every year"" educating recent immigrants.",mostly-true,Fox News interview,Immigration; Education; Florida,Amy Sherman,"June 3, 2013",https://www.politifact.com/factchecks/2013/jun/03/carlos-curbelo/carlos-curbelo-says-miami-dade-schools-spend-more-/
Veronica Escobar,"May 22, 2013","Says El Paso is the ""safest city of our size in the nation.""",half-true,telephone conference call with reporters.,Immigration; City Government; Crime; Texas,W. Gardner Selby,"May 30, 2013",https://www.politifact.com/factchecks/2013/may/30/veronica-escobar/el-paso-leader-says-el-paso-safest-city-its-size-c/
Steve King,"May 23, 2013","""Ronald Reagan’s signature on the 1986 amnesty act"" gave Barack Obama about 15 million additional Hispanic votes in 2012.",false,House floor speech,Immigration; National; Elections,Louis Jacobson,"May 29, 2013",https://www.politifact.com/factchecks/2013/may/29/steve-king/steve-king-says-ronald-reagans-1986-amnesty-act-le/
Greg Walden,"April 18, 2013","Says ""we allow more people into America legally than all other countries on the planet combined.""",mostly-false,radio interview,Immigration; Oregon,Ian K. Kullgren,"May 24, 2013",https://www.politifact.com/factchecks/2013/may/24/greg-walden/does-us-really-admit-more-legal-immigrants-rest-wo/
Barack Obama,"May 4, 2013","Says ""we"" have put more boots on the U.S.-Mexico border ""than at any time in our history, and illegal crossings are down by nearly 80 percent from their peak in 2000.""",half-true,his weekly radio address.,Immigration; Texas,W. Gardner Selby,"May 13, 2013",https://www.politifact.com/factchecks/2013/may/13/barack-obama/obama-says-record-level-boots-ground-near-us-mexic/
Bill Richardson,"May 5, 2013","Among Hispanics, support for immigration reform is close to universal.",mostly-true,web interview with ABC News,Immigration; National,Louis Jacobson,"May 9, 2013",https://www.politifact.com/factchecks/2013/may/09/bill-richardson/bill-richardson-says-hispanic-support-immigration-/
Marco Rubio,"April 30, 2013","""We are dealing with an administration that, quite frankly, has shown a reluctance to enforce the immigration law.""",half-true,Fox News interview,Immigration; National,Molly Moorhead,"May 7, 2013",https://www.politifact.com/factchecks/2013/may/07/marco-rubio/marco-rubio-says-obama-shows-reluctance-enforc/
Lindsey Graham,"February 14, 2013","South Carolina has a labor shortage, specifically in the meatpacking industry.",mostly-true,Senate hearing,Georgia; Immigration; Jobs,Janel Davis,"May 3, 2013",https://www.politifact.com/factchecks/2013/may/03/lindsey-graham/graham-points-hard-fill-jobs-immigration-debate/
Dustin  Inman Society,"April 15, 2013","U.S. Sen. Lindsey Graham says South Carolina ""has a labor shortage and wants more immigration.""",mostly-false,billboard advertisement,Georgia; Immigration; Jobs,Janel Davis,"May 3, 2013",https://www.politifact.com/factchecks/2013/may/03/dustin-inman-society/anti-amnesty-group-takes-sen-graham/
John McCain,"April 26, 2013","""Over half"" of science, technology, engineering and mathematics students ""receiving advanced degrees are not citizens of the United States of America.""",half-true,speech at the U.S. Chamber of Commerce,Immigration; National; Education; Science; Technology,Louis Jacobson,"April 30, 2013",https://www.politifact.com/factchecks/2013/apr/30/john-mccain/john-mccain-says-half-stem-graduate-degrees-given-/
Rick Perry,"April 5, 2013","Says he has ""yet to get a response"" from Barack Obama to his August 2010 letter making border security requests.",pants-fire,interview on CNN.,Immigration; Texas,W. Gardner Selby,"April 25, 2013",https://www.politifact.com/factchecks/2013/apr/25/rick-perry/rick-perry-says-he-awaits-answer-barack-obama-augu/
Louie Gohmert,"April 17, 2013",Says al Qaeda has camps with the drug cartels in Mexico.,false,interview on C-SPAN.,Immigration; Drugs; Terrorism; Texas,W. Gardner Selby,"April 23, 2013",https://www.politifact.com/factchecks/2013/apr/23/louie-gohmert/louie-gohmert-says-al-qaeda-has-camps-drug-cartels/
Bloggers,"April 17, 2013","Proposed immigration legislation would give new immigrants ""a taxpayer-funded cellular phone.""",false,blog posts on the Internet,Immigration; National; Welfare,Angie Drobnic Holan,"April 19, 2013",https://www.politifact.com/factchecks/2013/apr/19/blog-posting/immigrants-would-get-free-cell-phones-under-new-pr/
Marco Rubio,"April 14, 2013","The immigration proposal from the Gang of Eight ""is not amnesty.""",half-true,"interview on ""Fox News Sunday""",Immigration; National,Molly Moorhead,"April 17, 2013",https://www.politifact.com/factchecks/2013/apr/17/marco-rubio/sen-marco-rubio-says-immigration-bill-not-amnesty/
Chain email,"March 28, 2013","College students ""who are NOT U.S. Citizens and who get the PELL Grant"" plan to return to their home countries after getting free gas cards and child care.",pants-fire,email,Immigration; Education; Welfare; Florida,Amy Sherman,"April 1, 2013",https://www.politifact.com/factchecks/2013/apr/01/chain-email/email-florida-teacher-says-dominican-student/
Jeb Bush,"March 5, 2013","""Nearly 65 percent -- almost two-thirds -- of all new permanent residents obtained that status by virtue of their family status.""",true,his book 'Immigration Wars',Immigration; Florida,Amy Sherman,"March 22, 2013",https://www.politifact.com/factchecks/2013/mar/22/jeb-bush/jeb-bush-says-immigration-determined-family-ties-n/
Debbie Wasserman Schultz,"March 5, 2013","Says Jeb Bush ""flip-flop-flip(ped) on immigration.""",true,tweet,Immigration; National,Molly Moorhead,"March 8, 2013",https://www.politifact.com/factchecks/2013/mar/08/debbie-wasserman-schultz/jeb-bush-flip-flop-immigration-pathway-citizenship/
Wayne LaPierre,"February 13, 2013","""The president flagrantly defies the 2006 federal law ordering the construction of a secure border fence along the entire Mexican border.""",mostly-false,op-ed for the Daily Caller,Immigration; National,Molly Moorhead,"February 20, 2013",https://www.politifact.com/factchecks/2013/feb/20/wayne-lapierre/wayne-lapierre-says-obama-ignores-border-fence-law/
Marco Rubio,"January 30, 2013","""Agriculture has always required a significant workforce from abroad.""",mostly-false,blog post on RedState.com,Agriculture; Immigration; History; Workers; Florida,Amy Sherman,"February 18, 2013",https://www.politifact.com/factchecks/2013/feb/18/marco-rubio/marco-rubio-said-weve-always-needed-foreign-worker/
Marco Rubio,"January 30, 2013","The United States does ""not have a system through which growers and dairies can bring a workforce legally into the U.S.""",mostly-false,blog post on RedState.com,Agriculture; Immigration; Workers; Florida,Amy Sherman,"February 18, 2013",https://www.politifact.com/factchecks/2013/feb/18/marco-rubio/marco-rubio-says-us-farmers-have-no-way-bring-work/
Barack Obama,"February 12, 2013","Says his administration has made ""progress"" on border enforcement by ""putting more boots on the southern border than at any time in our history and reducing illegal crossings to their lowest levels in 40 years.""",half-true,State of the Union Address,Immigration; National,Louis Jacobson,"February 13, 2013",https://www.politifact.com/factchecks/2013/feb/13/barack-obama/barack-obama-touts-administrations-border-enforcem/
Zoe Lofgren,"February 5, 2013","""With the exception of slavery and the Chinese Exclusion Act, our laws have never barred persons from becoming citizens.""",mostly-true,House hearing on immigration,Immigration; National,Molly Moorhead,"February 8, 2013",https://www.politifact.com/factchecks/2013/feb/08/zoe-lofgren/rep-zoe-lofgren-says-us-laws-have-rarely-barred-ac/
Texas Federation of Republican Women,"January 17, 2013",Says that 9 million to 50 million undocumented immigrants live in the United States.,mostly-false,approved resolution.,Immigration; Population; Texas,W. Gardner Selby,"February 1, 2013",https://www.politifact.com/factchecks/2013/feb/01/texas-federation-republican-women/republican-group-says-9-million-50-million-illegal/
Rush Limbaugh,"January 29, 2013","Research shows that ""a vast majority of arriving immigrants today come here because they believe that government is the source of prosperity, and that's what they support.""",mostly-false,radio interview,Immigration; National; Pundits,Molly Moorhead,"January 31, 2013",https://www.politifact.com/factchecks/2013/jan/31/rush-limbaugh/limbaugh-says-immigrants-come-us-seeking-prosperit/
Marco Rubio,"January 12, 2013","The United States has ""an immigration system where only 6.5 percent of people who come here, come here based on labor and skill.""",mostly-true,interview,Immigration; Florida,Amy Sherman,"January 16, 2013",https://www.politifact.com/factchecks/2013/jan/16/marco-rubio/marco-rubio-says-only-65-percent-immigrants-come-h/
ACLU Foundation of Georgia,"December 7, 2012","""In the last 15 years, we've witnessed a dramatic expansion in the jailing of immigrants, from about 70,000 people detained annually to about 400,000.""",true,press release,Georgia; Immigration,Eric Stirgus,"December 17, 2012",https://www.politifact.com/factchecks/2012/dec/17/aclu-georgia-foundation/group-says-number-detainees-has-skyrocketed-15-yea/
Juan Hernández,"November 8, 2012",Says Texas passed a state ‘Dream Act’ before any other state.,mostly-true,Dallas Morning News blog post,Immigration; Texas,Sue Owen,"December 12, 2012",https://www.politifact.com/factchecks/2012/dec/12/juan-hernandez/juan-hernandez-says-texas-was-first-pass-state-dre/
Barack Obama,"October 16, 2012","Says his administration put more border patrol agents on the U.S.-Mexico border than at ""any time in history, and the flow of undocumented workers across the border is actually lower than it's been in 40 years.""",half-true,second presidential debate,Immigration; National,Louis Jacobson,"October 17, 2012",https://www.politifact.com/factchecks/2012/oct/17/barack-obama/barack-obama-touts-record-high-border-agents-lowes/
Barack Obama,"October 16, 2012","Says Mitt Romney ""called the Arizona law a model for the nation.""",false,second presidential debate,Immigration; National; Legal Issues,Louis Jacobson,"October 17, 2012",https://www.politifact.com/factchecks/2012/oct/17/barack-obama/barack-obama-says-says-mitt-romney-called-arizona-/
Mitt Romney,"October 16, 2012",Says Obama broke his promise to offer a comprehensive immigration bill in his first year.,true,second presidential debate,Immigration; National,Jon Greenberg,"October 17, 2012",https://www.politifact.com/factchecks/2012/oct/17/mitt-romney/romney-says-obama-failed-offer-immigration-bill-he/
Brendan Doherty,"September 30, 2012","""Congressman Cicilline, when he was the mayor of Providence, espoused a sanctuary city.""",false,TV interview,Immigration; Rhode Island,John Hill,"October 9, 2012",https://www.politifact.com/factchecks/2012/oct/09/brendan-doherty/brendan-doherty-says-us-rep-david-cicilline-provid/
Rob Andrews,"September 12, 2012","Says the ""number-one source"" of illegal immigration ""is people legally coming to the United States on a tourist visa or a student visa and then disappearing into the population and never being heard from again.""",false,interview with Townsquare Media New Jersey,Immigration; New Jersey,Bill Wichert,"September 23, 2012",https://www.politifact.com/factchecks/2012/sep/23/rob-andrews/rep-rob-andrews-claims-most-illegal-immigrants-fir/
Jeb Bush,"August 26, 2012","""If you look at the number of illegal immigrants coming into the country, it is net zero. It's been that way now for almost two years.""",true,interview on 'Meet the Press.',Immigration; Florida,Amy Sherman,"August 28, 2012",https://www.politifact.com/factchecks/2012/aug/28/jeb-bush/jeb-bush-says-illegal-immigration-net-zero/
Floridians for Ethics and Truth in Politics,"August 13, 2012",Says state Senate candidate Aaron Bean voted to give health care subsidies to illegal immigrants.,false,attack ad,Immigration; Health Care; Florida,Katie Sanders,"August 13, 2012",https://www.politifact.com/factchecks/2012/aug/13/floridians-ethics-and-truth-politics/outside-group-claims-aaron-bean-voted-give-health-/
American Principles in Action,"August 7, 2012","Says Barack Obama ""has deported more people than any other president in this country's history.""",half-true,advertisement,Immigration; National; Message Machine 2012,Louis Jacobson,"August 10, 2012",https://www.politifact.com/factchecks/2012/aug/10/american-principles-action/has-barack-obama-deported-more-people-any-other-pr/
Floridians for Ethics and Truth in Politics,"August 24, 2012",Aaron Bean voted to give illegal immigrants in-state tuition.,mostly-true,campaign commercial,Immigration; Florida,Katie Sanders,"August 9, 2012",https://www.politifact.com/factchecks/2012/aug/09/floridians-ethics-and-truth-politics/pro-weinstein-group-says-aaron-bean-voted-give-tui/
Heather Fiorentino,"August 7, 2012","As Florida secretary of state, Kurt Browning ""allowed 1,800 illegal voters to register in Florida.""",pants-fire,campaign mailer,Immigration; Elections; Message Machine 2012; Florida,Jeffrey S.  Solochek,"August 9, 2012",https://www.politifact.com/factchecks/2012/aug/09/heather-fiorentino/heather-fiorentino-said-kurt-browning-allowed-1800/
David Dewhurst,"July 17, 2012","Says he has seen Border Patrol signs near the Mexico border in English, Spanish and Chinese.",true,Republican US Senate debate.,Immigration; Texas,W. Gardner Selby,"July 26, 2012",https://www.politifact.com/factchecks/2012/jul/26/david-dewhurst/david-dewhurst-says-hes-seen-border-patrol-signs-e/
Ted Cruz,"July 23, 2012","Says David Dewhurst ""explicitly advocated"" a guest worker program for all illegal immigrants.",mostly-true,Republican U.S. Senate debate,Immigration; Workers; Texas,Sue Owen,"July 26, 2012",https://www.politifact.com/factchecks/2012/jul/26/ted-cruz/ted-cruz-says-david-dewhurst-advocated-guest-worke/
Reince Priebus,"June 26, 2012","Says President Barack Obama promised a ""pathway to citizenship"" to undocumented immigrants and ""didn't deliver jack squat on any of it.""",mostly-true,interview,Immigration; Children; Families; Homeland Security; Wisconsin,Tom Kertscher,"July 18, 2012",https://www.politifact.com/factchecks/2012/jul/18/reince-priebus/obama-didnt-deliver-jack-squat-pathway-citizenship/
Barack Obama,"July 17, 2012","Mitt Romney ""says the Arizona immigration law should be a model for the nation.""",false,speech,Immigration; Texas,W. Gardner Selby,"July 17, 2012",https://www.politifact.com/factchecks/2012/jul/17/barack-obama/barack-obama-says-mitt-romney-calls-arizona-immigr/
David Dewhurst,"June 9, 2012","Says he ""passed"" eight measures, including ones to prevent groping at airport security checks and to bar ""sanctuary"" cities in Texas.",half-true,speech to the Republican Party of Texas convention,Immigration; Candidate Biography; Homeland Security; Legal Issues; Transportation; Texas,Tara Merrigan,"July 3, 2012",https://www.politifact.com/factchecks/2012/jul/03/david-dewhurst/david-dewhurst-says-he-passed-eight-notable-measur/
John Carter,"June 18, 2012","Says the Constitution ""specifically states the Congress shall write legislation for immigration policy,"" so Barack Obama lacks the authority to defer the deportation of young illegal immigrants.",half-true,radio interview.,Immigration; Legal Issues; Texas,W. Gardner Selby,"June 27, 2012",https://www.politifact.com/factchecks/2012/jun/27/john-carter/john-carter-says-xxx/
Barack Obama,"June 22, 2012","The DREAM Act ""was written by members of both parties. When it came up for a vote a year and a half ago, Republicans in Congress blocked it. The bill hadn’t changed. ... The only thing that had changed was politics.""",mostly-true,speech,Immigration; National,Molly Moorhead,"June 26, 2012",https://www.politifact.com/factchecks/2012/jun/26/barack-obama/obama-says-dream-act-hasnt-changed-republicans-sup/
David Plouffe,"June 17, 2012","""Gov. Romney was very clear, he would veto the DREAM Act.""",true,comment on 'Fox News Sunday',Immigration; National,Angie Drobnic Holan,"June 22, 2012",https://www.politifact.com/factchecks/2012/jun/22/david-plouffe/mitt-romney-said-he-would-veto-dream-act-says-davi/
Facebook posts,"June 10, 2012","""Nearly 60% of all occupants of HUD properties in U.S. are illegals.""",pants-fire,widely circulated posting,Immigration; National; Housing,Jon Greenberg,"June 21, 2012",https://www.politifact.com/factchecks/2012/jun/21/facebook-posts/facebook-post-60-percent-public-housing/
Facebook posts,"June 19, 2012 in","""Less than 2 percent of illegals are picking crops, but 41 percent are on welfare.""",mostly-false,on the Internet,Immigration; National,Louis Jacobson,"June 20, 2012",https://www.politifact.com/factchecks/2012/jun/20/facebook-posts/facebook-post-says-less-2-percent-illegals-are-pic/
Marco Rubio,"June 18, 2012","""A million people a year come into the U.S. legally. No other country even comes close to that figure.""",true,interview on Fox News,Immigration; Florida,Louis Jacobson,"June 20, 2012",https://www.politifact.com/factchecks/2012/jun/20/marco-rubio/marco-rubio-says-us-admits-1-million-immigrants-ye/
Jim DeMint,"June 15, 2012","Says President Obama's new immigration plan ""is amnesty.""",mostly-false,news release,Immigration; National,Jon Greenberg,"June 20, 2012",https://www.politifact.com/factchecks/2012/jun/20/jim-demint/immigration-plan-enforcement-amnesty/
Facebook posts,"June 18, 2012 in","""More than 43 percent of all food stamps are given to illegals.""",pants-fire,on the Internet,Immigration; National,Louis Jacobson,"June 19, 2012",https://www.politifact.com/factchecks/2012/jun/19/facebook-posts/facebook-post-says-more-43-percent-all-food-stamps/
Facebook posts,"April 13, 2012","""Romneycare covers abortion, illegal immigrants and has a public option. Obamacare does not.""",mostly-false,Facebook post,Abortion; Immigration; National; Health Care,Molly Moorhead,"June 18, 2012",https://www.politifact.com/factchecks/2012/jun/18/facebook-posts/facebook-post-compares-elements-romneycare-obamaca/
Alcee Hastings,"May 29, 2012","Florida election officials’ requests to some residents to submit proof of citizenship is a ""backdoor poll tax.""",half-true,press conference,Immigration; Elections; Poverty; Florida,Amy Sherman,"June 7, 2012",https://www.politifact.com/factchecks/2012/jun/07/alcee-hastings/us-rep-hastings-says-floridas-noncitizen-voter-pur/
David Dewhurst,"May 24, 2012","Ted Cruz ""helps run two national organizations that have been leading the push to give amnesty to illegal immigrants.""",pants-fire,radio ad.,Immigration; Texas,W. Gardner Selby,"June 1, 2012",https://www.politifact.com/factchecks/2012/jun/01/david-dewhurst/david-dewhurst-says-ted-cruz-helps-run-two-nationa/
Conservative Voters of Texas PAC,"May 25, 2012","Says Larry Taylor gave ""in-state tuition to illegal immigrants.""",pants-fire,whylarrywhy.com,Immigration; Education; Texas,Sue Owen,"May 25, 2012",https://www.politifact.com/factchecks/2012/may/25/conservative-voters-texas-pac/conservative-pac-says-larry-taylor-gave-state-tuit/
Corey Stewart,"April 11, 2012","Prince William County ""has cut violent crime in half"" since instituting a crackdown on illegal immigration.",mostly-false,TV interview.,Immigration; Crime; Virginia,Sean Gorman,"May 25, 2012",https://www.politifact.com/factchecks/2012/may/25/corey-stewart/corey-stewart-says-prince-william-county-cut-viole/
Ryan Downton,"May 21, 2012",Says Paul Workman authored legislation providing amnesty for illegal immigrants.,half-true,open letter to voters.,Immigration; Texas,W. Gardner Selby,"May 24, 2012",https://www.politifact.com/factchecks/2012/may/24/ryan-downton/ryan-downton-says-paul-workman-offered-legislation/
Conservative Renewal PAC,"April 27, 2012","""Tom Leppert pledged to make Dallas a sanctuary city for illegal immigrants.""",mostly-false,TV ad.,Immigration; Texas,W. Gardner Selby,"May 14, 2012",https://www.politifact.com/factchecks/2012/may/14/conservative-renewal-pac/pro-dewhurst-political-group-says-tom-leppert-pled/
Terry Gorman,"April 24, 2012","""When these [undocumented] students graduate from college, they're still illegal aliens. They cannot get a job.""",true,House committee hearing,Immigration; Rhode Island; Children; Civil Rights; Education; Human Rights; Legal Issues; Poverty; State Budget; Welfare; Workers,C. Eugene Emery Jr.,"May 13, 2012",https://www.politifact.com/factchecks/2012/may/13/terry-gorman/immigration-enforcement-advocate-terry-gorman-says/
Charlie Flemming,"May 11, 2012",Georgia crackdown on illegal immigration costs state farmers $400 million last year.,mostly-false,speech,Georgia; Immigration,Chris Joyner,"May 11, 2012",https://www.politifact.com/factchecks/2012/may/11/charlie-flemming/immigration-bill-cost-georgia-farmers-close-400-mi/
Charlie Gonzalez,"March 27, 2012","Says that Mitt Romney, while he was in Arizona, said he believes the state’s SB 1070 immigration law should be the model for national immigration laws.",false,conference call,Immigration; Texas,Meghan Ashford-Grooms,"April 11, 2012",https://www.politifact.com/factchecks/2012/apr/11/charlie-gonzalez/us-rep-charlie-gonzalez-says-arizona-mitt-romney-s/
Chain email,"April 6, 2012","""Why was there no news coverage of this raid on the Arizona border? … Seizure was just five days ago. Right on the Arizona border!""",pants-fire,email,Immigration; National,Becky Bowers,"April 10, 2012",https://www.politifact.com/factchecks/2012/apr/10/chain-email/chain-email-says-media-ignored-recent-raid-arizona/
Doreen Costa,"March 26, 2012","""This is the only state in the country that bypassed the General Assembly to authorize [in-state tuition for undocumented immigrants].""",true,radio talk show.,Immigration; Rhode Island; Education; States,Alex Kuffner,"April 5, 2012",https://www.politifact.com/factchecks/2012/apr/05/doreen-costa/rhode-island-state-rep-doreen-costa-says-rhode-isl/
Peter  Palumbo,"March 20, 2012","""Every poll you see, the overwhelming majority of people want [E-Verify].""",true,talk radio show.,Immigration; Rhode Island; Polls and Public Opinion; Workers,Alex Kuffner,"March 25, 2012",https://www.politifact.com/factchecks/2012/mar/25/peter-palumbo/rhode-island-state-rep-peter-palumbo-says-all-poll/
Chain email,"January 31, 2012",A Dallas proof-of-insurance ordinance resulted in area tow lots mostly filling with the cars of illegal residents.,false,chain email.,Immigration; Texas,Katie Glueck,"February 28, 2012",https://www.politifact.com/factchecks/2012/feb/28/chain-email/chain-email-says-dallas-ordinance-led-towing-many-/
Texas Democratic Party,"February 3, 2012","Says Republican U.S. Senate candidate Ted Cruz ""opposes the DREAM Act, which is supported by 85% of Latinos.""",true,press release,Immigration; Texas,Meghan Ashford-Grooms,"February 21, 2012",https://www.politifact.com/factchecks/2012/feb/21/texas-democratic-party/texas-democratic-party-says-ted-cruz-opposes-dream/
Glee,"February 7, 2012","""The U.S. Census believes that by 2030 the majority of Americans will use Spanish as their first language.""",pants-fire,episode on TV,Immigration; Census; Pop Culture; Florida,Amy Sherman,"February 14, 2012",https://www.politifact.com/factchecks/2012/feb/14/glee/ricky-martins-character-tv-show-glee-says-us-censu/
Presente.org,"January 27, 2012","""91 percent of Latinos support the DREAM Act, which allows undocumented youth to attend college,"" but Marco Rubio opposes it.",true,television ad,Immigration; Education; Message Machine 2012; Florida,Angie Drobnic Holan,"February 9, 2012",https://www.politifact.com/factchecks/2012/feb/09/presente/most-hispanics-support-dream-act-marco-rubio-does-/
Mitt Romney,"January 27, 2012",On deporting illegal immigrants.,no-flip,column,Georgia; Immigration,Eric Stirgus,"February 7, 2012",https://www.politifact.com/factchecks/2012/feb/07/mitt-romney/did-romney-flip-deporting-illegal-immigrants/
Mitt Romney,"January 25, 2012","Says Newt Gingrich said ""Spanish is the language of the ghetto.""",mostly-true,Spanish-language radio ad,Immigration; Elections; Message Machine 2012; Florida,Aaron Sharockman,"January 25, 2012",https://www.politifact.com/factchecks/2012/jan/25/mitt-romney/spanish-language-ad-says-newt-gingrich-said-spanis/
Newt Gingrich,"January 23, 2012",There are 86 languages spoken at Miami Dade College.,true,debate,Immigration; Education; Race and Ethnicity; Florida,Amy Sherman,"January 24, 2012",https://www.politifact.com/factchecks/2012/jan/24/newt-gingrich/newt-gingrich-miami-dade-college-students-speak-86/
Thomas Sgouros Jr.,"December 30, 2011","""[If] you apply for a job, the chances are 1 in 7 that you are going to be denied that job unfairly if everybody is forced to use E-Verify.""",false,"appearance on Rhode Island PBS's ""A Lively Experiment""",Immigration; Rhode Island; Economy; Jobs; Labor,C. Eugene Emery Jr.,"January 10, 2012",https://www.politifact.com/factchecks/2012/jan/10/thomas-sgouros-jr/columnist-thomas-sgouros-jr-says-federal-e-verify-/
Restore Our Future,"December 20, 2011","Says Newt Gingrich ""supports amnesty for illegal immigrants.""",half-true,TV ad airing,Immigration; National; Message Machine 2012,Angie Drobnic Holan,"December 27, 2011",https://www.politifact.com/factchecks/2011/dec/27/restore-our-future/pro-romney-super-pac-says-new-gingrich-supports-am/
Rick Perry,"December 10, 2011",Says the Obama administration catches and releases nonviolent illegal immigrants.,half-true,Republican presidential debate,Immigration; Criminal Justice; Crime; Texas,W. Gardner Selby,"December 16, 2011",https://www.politifact.com/factchecks/2011/dec/16/rick-perry/rick-perry-says-federal-government-catches-and-rel/
Mitt Romney,"November 23, 2011","Newt Gingrich’s immigration plan offers ""a new doorway to amnesty.""",mostly-true,press conference,Immigration; National,Angie Drobnic Holan,"December 2, 2011",https://www.politifact.com/factchecks/2011/dec/02/mitt-romney/does-newt-gingrich-support-amnesty-mitt-romney-say/
Michele Bachmann,"November 23, 2011","Says Newt Gingrich ""has said that we should make the 11 million illegal workers that are in this country legal.""",false,interview,Georgia; Immigration,Eric Stirgus,"November 29, 2011",https://www.politifact.com/factchecks/2011/nov/29/michele-bachmann/did-gingrich-say-he-supports-amnesty-all-illegal-i/
Michele Bachmann,"November 22, 2011","Says Apple CEO Steve Jobs told President Obama that the company moved factories to China because it needed 30,000 engineers.",true,Republican debate,Immigration; National; Jobs; Foreign Policy; Government Regulation,Bill Adair,"November 23, 2011",https://www.politifact.com/factchecks/2011/nov/23/michele-bachmann/michele-bachmann-says-steve-jobs-told-obama-he-mov/
Rick Perry,"October 1, 2011","""I have sent over $400 million to the border of Mexico in the form of Texas Ranger recon teams.""",mostly-false,"remarks at a campaign stop October 1, 2011,",Immigration; State Budget; Texas,Sue Owen,"November 22, 2011",https://www.politifact.com/factchecks/2011/nov/22/rick-perry/rick-perry-says-hes-sent-400-million-border-ranger/
D.A. King,"October 11, 2011","Says Rick Perry ""proposed a binational health insurance program with Mexico.""",mostly-true,op-ed,Georgia; Immigration,Eric Stirgus,"November 22, 2011",https://www.politifact.com/factchecks/2011/nov/22/d-king/did-rick-perry-propose-bi-national-health-care-pla/
Mitt Romney,"September 29, 2011","President Barack Obama, Nancy Pelosi and Harry Reid support Rick Perry’s ""decision to give in-state tuition to illegal immigrants.""",mostly-false,campaign video.,Immigration; Education; Texas,Sue Owen,"November 10, 2011",https://www.politifact.com/factchecks/2011/nov/10/mitt-romney/romney-video-claims-democratic-leaders-agree-perry/
Frank Ortis,"November 5, 2011",The city of Pembroke Pines doesn't have a vote in a plan to build a detention center in Southwest Ranches.,mostly-false,meeting,Immigration; Crime; Voting Record; Florida,Amy Sherman,"November 10, 2011",https://www.politifact.com/factchecks/2011/nov/10/frank-ortis/pembroke-pines-vote-southwest-ranches/
Alan Hays,"October 18, 2011",Proof of citizenship isn't necessary before you register to vote in Florida.,mostly-false,Senate committee meeting,Immigration; Elections; Redistricting; Florida,Amy Sherman,"November 4, 2011",https://www.politifact.com/factchecks/2011/nov/04/alan-hays/sen-alan-hays-says-proof-citizenship-isnt-necessar/
Mitt Romney,"October 18, 2011","Says Rick Perry wrote a newspaper item saying he was ""open to amnesty"" for illegal immigrants in the United States.",half-true,CNN Republican presidential debate.,Immigration; Texas,W. Gardner Selby,"October 29, 2011",https://www.politifact.com/factchecks/2011/oct/29/mitt-romney/mitt-romney-says-perry-wrote-opinion-article-sayin/
Marco Rubio,"October 21, 2011","Says his parents ""came to America following Fidel Castro's takeover"" of Cuba.",false,biography on his U.S. Senate website,Immigration; Candidate Biography; Florida,Becky Bowers,"October 21, 2011",https://www.politifact.com/factchecks/2011/oct/21/marco-rubio/sen-marco-rubio-said-his-parents-came-america-foll/
Phil Kent,"October 4, 2011","The newly created state Immigration Enforcement Review Board ""can actually prosecute, and get them [violators] into jail, if we bring in the attorney general.""",false,speech before the North Fulton and Friends Tea Party,Georgia; Immigration,Willoughby Mariano,"October 21, 2011",https://www.politifact.com/factchecks/2011/oct/21/phil-kent/kent-immigration-board-can-prosecute-attorney-gene/
Michele Bachmann,"October 18, 2011","President Obama’s uncle and aunt ""are illegal aliens ...  who've been allowed to stay in this country.""",half-true,Republican presidential primary debate,Immigration; National,Molly Moorhead,"October 20, 2011",https://www.politifact.com/factchecks/2011/oct/20/michele-bachmann/michele-bachmann-links-obama-relatives-immigration/
Mitt Romney,"October 18, 2011","""Over the last several years, 40 percent (of) the jobs created in Texas were created for illegal aliens.""",half-true,Republican presidential debate,Immigration; National; Economy; Jobs,Louis Jacobson,"October 19, 2011",https://www.politifact.com/factchecks/2011/oct/19/mitt-romney/mitt-romney-hits-rick-perry-saying-40-percent-texa/
Mitt Romney,"October 18, 2011","""I don't think I've ever hired an illegal in my life.""",mostly-false,Republican presidential primary debate,Immigration; National,Molly Moorhead,"October 19, 2011",https://www.politifact.com/factchecks/2011/oct/19/mitt-romney/illegal-immigrants-did-lawn-care-mitt-romney/
Mitt Romney,"October 18, 2011","Between 2000 and 2010, the illegal immigrant population of Texas increased by 60 percent, while California and Florida had ""no increase.""",half-true,Republican presidential debate,Immigration; National,Louis Jacobson,"October 19, 2011",https://www.politifact.com/factchecks/2011/oct/19/mitt-romney/mitt-romney-says-illegal-immigrant-population-rose/
David Quiroa,"October 3, 2011","""Under Governor Almond the RI DMV had a program that allowed undocumented [people to] use their Personal Tax Identification Number . . . to apply [for] and receive a RI driver’s license.""",true,news release,Immigration; Rhode Island; Civil Rights; Homeland Security; Public Safety; Transportation; Workers,Lynn Arditi,"October 16, 2011",https://www.politifact.com/factchecks/2011/oct/16/david-quiroa/david-quiroa-says-rhode-island-has-allowed-illegal/
Jose Rodriguez,"September 9, 2011","Says El Paso was named America’s ""Safest Large City"" a year after San Antonio, Houston and Dallas had the nation’s highest crime rates.",mostly-false,press release.,Immigration; Crime; Public Safety; Texas,Sue Owen,"October 11, 2011",https://www.politifact.com/factchecks/2011/oct/11/jose-rodriguez/jose-rodriguez-says-el-paso-was-named-safest-large/
Jorge Elorza,"October 2, 2011","""The reality is that we have roughly 15,000 undocumented immigrants living in the state...""",false,TV interview,Immigration; Rhode Island; Education,Lynn Arditi,"October 11, 2011",https://www.politifact.com/factchecks/2011/oct/11/jorge-elorza/law-professor-says-ri-has-roughly-15000-undocument/
Libertarian National Committee,"August 10, 2011","Says Rick Perry ""supported a guest worker program to help people who would otherwise be illegal aliens.""",mostly-true,video posted on its website,Immigration; Texas,Meghan Ashford-Grooms,"October 10, 2011",https://www.politifact.com/factchecks/2011/oct/10/libertarian-national-committee/libertarian-leader-says-texas-gov-rick-perry-backe/
Ruben Navarrette Jr.,"September 28, 2011","""Every month, another 50,000 U.S.-born Hispanics turn 18 and become eligible to vote.""",mostly-true,opinion column.,Immigration; Elections; Texas,W. Gardner Selby,"October 7, 2011",https://www.politifact.com/factchecks/2011/oct/07/ruben-navarrette-jr/pundit-says-50000-hispanic-citizens-turn-18-and-be/
Rick Santorum,"September 22, 2011","Says that in 2001, Rick Perry spoke favorably of binational health insurance between Mexico and Texas.",half-true,Republican presidential debate,Immigration; Health Care; Texas,Meghan Ashford-Grooms,"October 4, 2011",https://www.politifact.com/factchecks/2011/oct/04/rick-santorum/rick-santorum-says-rick-perry-talked-binational-he/
Terry Gorman,"September 21, 2011","""[Federal] law says that you can't give in-state tuition to an illegal alien … unless you first offer it to any other student regardless of their state of residence.""",mostly-false,TV interview,Immigration; Rhode Island; Education,Lynn Arditi,"October 2, 2011",https://www.politifact.com/factchecks/2011/oct/02/terry-gorman/head-rhode-islanders-immigration-law-enforcement-s/
Rick Perry,"September 28, 2011",Says only four Texas legislators voted against a law giving in-state tuition rates to certain illegal immigrants.,true,interview,Immigration; Education; States; Texas,W. Gardner Selby,"September 28, 2011",https://www.politifact.com/factchecks/2011/sep/28/rick-perry/rick-perry-says-only-four-texas-lawmakers-opposed-/
Rick Perry,"September 22, 2011","""The federal government has not engaged in (border security) at all.""",pants-fire,,Immigration; National,Becky Bowers,"September 23, 2011",https://www.politifact.com/factchecks/2011/sep/23/rick-perry/gov-rick-perry-says-federal-government-has-not-eng/
Rick Santorum,"September 1, 2011","Says Rick Perry ""provided in-state tuition... for illegal immigrants.""",true,Republican presidential debate,Immigration; Education; Texas,Sue Owen,"September 23, 2011",https://www.politifact.com/factchecks/2011/sep/23/rick-santorum/rick-santorum-says-rick-perry-provided-state-colle/
Rick Perry,"August 13, 2011","Says that when President Obama visited El Paso, he ""pronounced that the border with Mexico and the United States was safer than it ever was in history.""",mostly-true,house party,Immigration; National; New Hampshire 2012,Maryalice Gill,"September 2, 2011",https://www.politifact.com/factchecks/2011/sep/02/rick-perry/rick-perry-says-obama-boasted-crimes-border-towns-/
Alison Littell McHose,"June 30, 2011","""Illegal immigration costs state taxpayers over $3 billion every year.""",false,news release,Immigration; New Jersey,Caryn Shinske,"August 7, 2011",https://www.politifact.com/factchecks/2011/aug/07/alison-littell-mchose/assemblywoman-mchose-says-illegal-immigration-cost/
Travis Rowley,"July 19, 2011","""The RI Board of Elections has heard official testimony from Providence residents who claim to have witnessed known illegal aliens voting in local elections.""",mostly-false,commentary,Immigration; Rhode Island; Elections,C. Eugene Emery Jr.,"July 31, 2011",https://www.politifact.com/factchecks/2011/jul/31/travis-rowley/young-republican-chairman-says-board-elections-hea/
Sam Olens,"June 28, 2011","""If you're from Guatemala and you are found illegally in Mexico, you are automatically jailed.""",false,radio news story,Georgia; Immigration,Willoughby Mariano,"July 26, 2011",https://www.politifact.com/factchecks/2011/jul/26/sam-olens/olens-accuses-mexico-having-own-harsh-immigration-/
Jack Murphy,"June 27, 2011","Georgia’s illegal-immigration legislation ""simply follows existing federal law.""",half-true,press release,Georgia; Immigration,Eric Stirgus,"July 18, 2011",https://www.politifact.com/factchecks/2011/jul/18/jack-murphy/does-georgias-immigration-bill-simply-follow-exiti/
Adam Hasner,"June 30, 2011","""I sponsored and was the co-sponsor of the only legislation that ever passed that had E-Verify provisions in it back in 2010 when I served in the Legislature.""",false,debate,Immigration; Florida,Amy Sherman,"July 12, 2011",https://www.politifact.com/factchecks/2011/jul/12/adam-hasner/hasner-claimed-he-co-sponsored-only-e-verify-bill-/
Steve Case,"July 3, 2011","""Forty percent of the Fortune 500 were started either by immigrants or children of immigrants.""",half-true,interview on CNN,Immigration; National; Economy,Robert Farley,"July 6, 2011",https://www.politifact.com/factchecks/2011/jul/06/steve-case/steve-case-says-40-percent-fortune-500-were-starte/
Robert Brown,"June 2, 2011","Georgia’s illegal immigration crackdown laws should be called the ""Brown Codes"" because of their similarity to the ""Black Codes"" governing blacks after the Civil War.",false,press release,Georgia; Immigration; History,Willoughby Mariano,"July 1, 2011",https://www.politifact.com/factchecks/2011/jul/01/robert-brown/lawmaker-compares-immigration-law-black-codes/
Women On the Wall,"June 11, 2011",Says states that passed anti-illegal-immigrant legislation also had few Hispanic legislators.,true,Texas Capitol rally.,Immigration; Texas,W. Gardner Selby,"June 29, 2011",https://www.politifact.com/factchecks/2011/jun/29/women-wall/rebecca-forest/
Nathan Deal,"June 16, 2011","A ""substantial number"" of probationers participating in a pilot project to ease the farm labor shortage are able to ""finish the work.""",mostly-false,radio interview,Georgia; Immigration,Willoughby Mariano,"June 27, 2011",https://www.politifact.com/factchecks/2011/jun/27/nathan-deal/deal-says-substantial-number-probationers-hired-sh/
Gary Black,"June 2, 2011",Workers who pick produce in Georgia’s fields can make $12 to $18 an hour.,half-true,Interview,Georgia; Immigration,Willoughby Mariano,"June 14, 2011",https://www.politifact.com/factchecks/2011/jun/14/gary-black/some-farm-workers-do-earn-high-wages-not-all-do/
Janet Napolitano,"May 7, 2011","""We have seized more currency, more drugs, more outbound arms in the past year than any year in our country’s history.""",half-true,speech before the Atlanta Press Club,Georgia; Immigration; Crime; Marijuana; Guns,Willoughby Mariano,"June 3, 2011",https://www.politifact.com/factchecks/2011/jun/03/janet-napolitano/homeland-security-chief-says-more-contraband-being/
Anti-Defamation League,"April 15, 2011","It is estimated that Arizona ""has lost more than $100 million in hospitality industry revenues since passage of the Arizona immigration laws.""",half-true,news release,Georgia; Immigration,Willoughby Mariano,"May 31, 2011",https://www.politifact.com/factchecks/2011/may/31/anti-defamation-league/adl-makes-claims-about-losses-arizonas-tourism-ind/
Louie Gohmert,"May 10, 2011","Says Gov. Rick Perry has been ""begging"" for the federal government to send the Coast Guard to patrol two lakes on the U.S.-Mexico border.",false,radio interview.,Immigration; Crime; Texas,W. Gardner Selby,"May 24, 2011",https://www.politifact.com/factchecks/2011/may/24/louie-gohmert/louie-gohmert-says-gov-rick-perry-begging-coast-gu/
Barack Obama,"May 10, 2011","""The (border) fence is now basically complete.""",mostly-false,speech,Immigration; National,Robert Farley,"May 16, 2011",https://www.politifact.com/factchecks/2011/may/16/barack-obama/obama-says-border-fence-now-basically-complete/
Jay Carney,"May 10, 2011","Says Rick Perry ""turned down our invitation to meet"" President Barack Obama in El Paso.",mostly-true,press gaggle aboard Air Force One.,Immigration; Bipartisanship; Texas,W. Gardner Selby,"May 13, 2011",https://www.politifact.com/factchecks/2011/may/13/jay-carney/president-obamas-press-secretary-says-rick-perry-d/
Barack Obama,"May 10, 2011",The Obama administration increased the deportation of illegal immigrants convicted of crimes by 70 percent.,true,speech,Immigration; National,Robert Farley,"May 11, 2011",https://www.politifact.com/factchecks/2011/may/11/barack-obama/obama-says-deportation-criminals-70-percent-under-/
Renee Unterman,"April 14, 2011","""Gwinnett Medical Center is operating in the negative,"" in part, because of illegal immigrants.",half-true,speech,Georgia; Immigration; Health Care,Eric Stirgus,"May 11, 2011",https://www.politifact.com/factchecks/2011/may/11/renee-unterman/illegal-immigrants-hurt-hospitals-bottom-line-geor/
Barack Obama,"May 10, 2011","""The Border Patrol has 20,000 agents – more than twice as many as there were in 2004.""",true,speech,Immigration; National,Robert Farley,"May 10, 2011",https://www.politifact.com/factchecks/2011/may/10/barack-obama/obama-says-border-patrol-has-doubled-number-agents/
Silvestre Reyes,"May 9, 2011","The ""six largest cities in Ohio all have higher rates of violence and crime than every major city along the U.S.-Mexico border.""",mostly-true,press release.,Immigration; Crime; Texas,W. Gardner Selby,"May 10, 2011",https://www.politifact.com/factchecks/2011/may/10/silvestre-reyes/silvestre-reyes-says-ohios-most-populous-cities-ha/
John Thrasher,"May 3, 2011","Says that had E-Verify been in place in Florida when 9/11 terrorists lived here, ""we might have saved the lives of 3,000 Americans.""",pants-fire,comments on the Senate floor,Immigration; Terrorism; Florida,Aaron Sharockman,"May 3, 2011",https://www.politifact.com/factchecks/2011/may/03/john-thrasher/sen-john-thrasher-says-e-verify-couldve-prevented-/
J.D. Alexander,"April 29, 2011","Says using E-Verify is ""a fair amount of cost,"" about $20 per person that does not match.",mostly-true,comments to the 'St. Petersburg Times' and 'Miami Herald',Immigration; Florida,Aaron Sharockman,"May 3, 2011",https://www.politifact.com/factchecks/2011/may/03/jd-alexander/sen-jd-alexander-questions-e-verify-costs/
Barack Obama,"April 26, 2011","Says ""we have now more Border Patrol officers … than we’ve had at any time in our history.""",mostly-true,interview,Georgia; Immigration,Eric Stirgus,"April 29, 2011",https://www.politifact.com/factchecks/2011/apr/29/barack-obama/obama-says-us-has-more-agents-ever-borders/
Michael  Denbrow,"April 4, 2011","Undocumented students who qualify for in-state Oregon tuition are ""actively working toward U.S. citizenship.""",mostly-false,website posting,Immigration; Oregon; Education,Janie Har,"April 9, 2011",https://www.politifact.com/factchecks/2011/apr/09/michael-denbrow/tuition-equity-supporters-say-undocumented-student/
John Cornyn,"March 9, 2011","Says that during the first 19 months of the Obama administration, the U.S. detained people from nations designated as state sponsors of terrorism on the southwestern border.",half-true,hearing,Immigration; Terrorism; Texas,Meghan Ashford-Grooms,"April 1, 2011",https://www.politifact.com/factchecks/2011/apr/01/john-cornyn/sen-john-cornyn-says-us-arrested-people-nations-de/
Georgia Association of Latino Elected Officials,"March 2, 2011","Georgia legislation on immigration is a ""copycat"" of an Arizona immigration bill.",half-true,email newsletter,Georgia; Immigration,Willoughby Mariano,"March 7, 2011",https://www.politifact.com/factchecks/2011/mar/07/georgia-association-latino-elected-officials/immigration-bill-foes-label-legislation-arizona-co/
Rick Perry,"March 2, 2011","Says neither President Barack Obama nor Mexico President Felipe Calderon ""have been on the border to see what's happening to the citizens of Mexico, and for that matter the citizens of Texas.""",half-true,interview.,Immigration; Texas,W. Gardner Selby,"March 4, 2011",https://www.politifact.com/factchecks/2011/mar/04/rick-perry/rick-perry-says-neither-mexico-president-felipe-ca/
Don Balfour,"February 15, 2011",An illegal immigrant who gains admission at a public college takes class space away from students who are legal residents.,mostly-true,committee hearing,Georgia; Immigration; Education,Willoughby Mariano,"February 28, 2011",https://www.politifact.com/factchecks/2011/feb/28/don-balfour/lawmaker-says-illegal-immigrant-students-takes-cla/
David Raynor,"February 8, 2011","A federal system that verifies employees are authorized to work in the U.S. is inaccurate ""anywhere from 50 percent all the way up to in excess of 80"" percent of the time.",half-true,state legislative committee meeting,Georgia; Immigration,Willoughby Mariano,"February 23, 2011",https://www.politifact.com/factchecks/2011/feb/23/david-raynor/Georgia-Chamber-E-Verify-accuracy-problems/
Federation for American Immigration Reform,"July 1, 2010",Illegal immigration costs Georgia $2.4 billion a year,half-true,report,Georgia; Immigration,Eric Stirgus,"February 18, 2011",https://www.politifact.com/factchecks/2011/feb/18/federation-american-immigration-reform/georgia-pols-use-report-push-immigration-reform/
Libertarian Party of Georgia,"January 31, 2011","A proposed immigration bill will ""bankrupt Georgia"" if passed.",false,press release,Georgia; Immigration,Willoughby Mariano,"February 16, 2011",https://www.politifact.com/factchecks/2011/feb/16/libertarian-party-georgia/libertarians-claim-get-tough-immigration-bill-will/
Pete Gallego,"January 27, 2011","""In Mexico, they don't have birth certificates... they don’t have registration cards for voters. They have one national ID.""",false,"interview on ""Capital Tonight""",Immigration; Texas,Ciara O'Rourke,"February 9, 2011",https://www.politifact.com/factchecks/2011/feb/09/pete-gallego/rep-pete-gallego-says-mexicans-have-one-national-i/
Terry Gorman,"January 6, 2011","""Illegal aliens cost the state of Rhode Island $400 million a year.""",pants-fire,radio interview,Immigration; Rhode Island; Census; Education; Health Care; Crime; State Budget; Taxes,C. Eugene Emery Jr.,"February 6, 2011",https://www.politifact.com/factchecks/2011/feb/06/terry-gorman/gorman-says-illegal-immigrants-cost-rhode-island-4/
Paul Broun,"January 25, 2011",President Barack Obama supports immigration amnesty.,half-true,tweet during the State of the Union address,Georgia; Immigration,Willoughby Mariano,"February 1, 2011",https://www.politifact.com/factchecks/2011/feb/01/paul-broun/congressman-tweets-obama-wants-amnesty-during-stat/
Peter Kilmartin,"January 11, 2011","Secure Communities ""has a proven track record of enhancing public safety by focusing on violent offenders and those that pose a threat to our communities and our national security.""",half-true,news release,Immigration; Rhode Island; Crime,Peter Lord,"January 30, 2011",https://www.politifact.com/factchecks/2011/jan/30/peter-kilmartin/kilmartin-says-secure-communities-program-has-prov/
David Dewhurst,"January 18, 2011","""Last year, out of the 500,000 (in) population growth we had in the state of Texas, about 250,000 of the 500,000 came to Texas... from the other 49 states.""",half-true,his inaugural address.,Immigration; Economy; Texas,W. Gardner Selby,"January 29, 2011",https://www.politifact.com/factchecks/2011/jan/29/david-dewhurst/david-dewhurst-says-last-year-250000-people-moved-/
Greg Abbott,"January 14, 2011","There have been ""at least four incidents where bullets from Mexico have crossed the border.""",true,press release,Immigration; Crime; Public Safety; Texas,W. Gardner Selby,"January 28, 2011",https://www.politifact.com/factchecks/2011/jan/28/greg-abbott/attorney-general-greg-abbott-says-bullets-have-cro/
Phil Gingrey,"December 16, 2010","Under current U.S. immigration policy, ""literally one person with a green card"" can, in the extreme, bring in more than 270 of his relatives.",false,state legislative committee meeting,Georgia; Immigration,Willoughby Mariano,"January 18, 2011",https://www.politifact.com/factchecks/2011/jan/18/phil-gingrey/marietta-republican-says-single-immigrant-can-lead/
Lamar Smith,"December 15, 2010","""In the last five years, 28,000 people have been killed along the U.S.-Mexico border.""",false,news release,Immigration; Homeland Security; Crime; Texas,Meghan Ashford-Grooms,"December 31, 2010",https://www.politifact.com/factchecks/2010/dec/31/lamar-smith/us-rep-lamar-smith-says-border-death-toll-28000/
Lamar Smith,"November 30, 2010","Once people become citizens under the DREAM Act ""and turn 21, they can sponsor their illegal immigrant parents for legalization.""",mostly-true,op-ed,Immigration; Texas,,"December 20, 2010",https://www.politifact.com/factchecks/2010/dec/20/lamar-smith/us-rep-lamar-smith-says-under-dream-act-new-citize/
James  Jolly,"October 1, 2010","""Every student paying out-of-state tuition actually covers more than the cost of instruction.""",true,University of Georgia System newsletter,Georgia; Immigration,Willoughby Mariano,"December 17, 2010",https://www.politifact.com/factchecks/2010/dec/17/james-jolly/university-system-official-says-out-state-tuition-/
John Mica,"November 18, 2010","""On the question on the DREAM Act, no -- no to granting lower tuition to illegals.""",false,interview with MSNBC.,Immigration; Education; Florida,Aaron Sharockman,"December 14, 2010",https://www.politifact.com/factchecks/2010/dec/14/john-mica/florida-congressman-says-dream-act-means-lower-tui/
Organizing for America,"December 6, 2010","""An overwhelming majority of Americans support passage of the DREAM Act, which would provide a path to citizenship for undocumented youth willing to work for a college degree or serve in our armed forces.""",half-true,press release.,Immigration; Education; Families; Military; Texas,W. Gardner Selby,"December 10, 2010",https://www.politifact.com/factchecks/2010/dec/10/organizing-america/arm-democratic-national-committee-says-americans-o/
Ted Poe,"December 2, 2010","Under the DREAM Act, after two years of higher education or military service ""you are eligible for citizenship. Once a citizen, this paves the way to bring the rest of (your) extended family to the United States.""",mostly-false,opinion piece,Immigration; Texas,Ciara O'Rourke,"December 8, 2010",https://www.politifact.com/factchecks/2010/dec/08/ted-poe/ted-poe-says-under-dream-act-after-undocumented-re/
Vern Buchanan,"December 2, 2010","""In Florida, illegal immigration costs taxpayers nearly $4 billion (a year). This amounts to $700 for every household in Florida.""",false,web video.,Immigration; Florida,Aaron Sharockman,"December 6, 2010",https://www.politifact.com/factchecks/2010/dec/06/vern-buchanan/vern-buchanan-says-illegal-immigration-costs-flori/
RightMarch.com,"December 1, 2010","The DREAM Act the ""would give amnesty to over two million illegal aliens.""",false,chain e-mail,Immigration; National,Robert Farley,"December 6, 2010",https://www.politifact.com/factchecks/2010/dec/06/rightmarchcom/rightmarchcom-claims-dream-act-would-provide-amnes/
Steven Brown,"November 20, 2010","""Over half of the foreign-born population in Rhode Island is white.""",half-true,story,Immigration; Rhode Island; Census,Cynthia Needham,"December 1, 2010",https://www.politifact.com/factchecks/2010/dec/01/steven-brown/ri-aclu-director-says-more-half-states-foreign-bor/
Lincoln Chafee,"November 15, 2010","""Rhode Island is one of only six states"" to use E-Verify.",false,comments to reporters following a news conference,Immigration; Rhode Island,Cynthia Needham,"November 19, 2010",https://www.politifact.com/factchecks/2010/nov/19/lincoln-chafee/chafee-says-only-six-states-use-e-verify/
Jeb Bush,"November 14, 2010","""Rick Scott got a majority of the Hispanic vote in Florida.""",mostly-false,"interview with his brother, former President George W. Bush, on CNN.",Immigration; Elections; Florida,Aaron Sharockman,"November 15, 2010",https://www.politifact.com/factchecks/2010/nov/15/jeb-bush/jeb-bush-says-rick-scott-won-florida-hispanic-vote/
Kathie Glass,"October 19, 2010",Says over 25 percent of the Texas budget funds services to non-U.S. citizens.,pants-fire,debate.,Immigration; Economy; Texas,W. Gardner Selby,"November 12, 2010",https://www.politifact.com/factchecks/2010/nov/12/kathie-glass/kathie-glass-says-more-25-percent-state-budget-fun/
Rick Perry,"November 8, 2010","""I had five of my citizens that were killed last week"" because of border security problems.",half-true,interview on The Daily Show,Immigration; Texas,Ciara O'Rourke,"November 10, 2010",https://www.politifact.com/factchecks/2010/nov/10/rick-perry/gov-rick-perry-said-five-his-citizens-were-killed-/
Ron Johnson,"October 29, 2010",Says Russ Feingold voted to give Social Security benefits to illegal immigrants,false,"automated phone message, as well as a radio ad, news releases and debates",Immigration; Message Machine 2010; Wisconsin,Dave Umhoefer,"November 1, 2010",https://www.politifact.com/factchecks/2010/nov/01/ron-johnson/ron-johnson-says-us-sen-russ-feingold-voted-give-s/
Bill White,"October 15, 2010","Says that under Gov. Rick Perry, Texas Department of Public Safety troopers have had ""standing orders"" not to inquire into the immigration status of people unless they're under arrest.",half-true,interview.,Immigration; Public Safety; Texas,W. Gardner Selby,"November 1, 2010",https://www.politifact.com/factchecks/2010/nov/01/bill-white/bill-white-says-under-rick-perry-state-troopers-ha/
Sharron Angle,"October 25, 2010","Sen. Harry Reid voted ""against declaring English our national language, twice.""",true,TV ad,Immigration; National; Message Machine 2010,Robert Farley,"October 29, 2010",https://www.politifact.com/factchecks/2010/oct/29/sharron-angle/sharron-angle-says-se-harry-reid-twice-voted-again/
Marco Rubio,"October 24, 2010","Charlie Crist ""attacks me for positions he held, like, six months ago, (when) he was running in the Republican primary.""",mostly-false,U.S. Senate debate on CNN’s “State of the Union.”,Immigration; Families; Health Care; Social Security; Florida,Aaron Sharockman,"October 24, 2010",https://www.politifact.com/factchecks/2010/oct/24/marco-rubio/marco-rubio-fires-back-charlie-crist-attacks/
Nathan Deal,"October 12, 2010","""Roy Barnes proclaimed Mexican workers good for Georgia.""",half-true,television ad,Georgia; Immigration; Economy,Eric Stirgus,"October 18, 2010",https://www.politifact.com/factchecks/2010/oct/18/nathan-deal/barnes-mexico-trip-sparks-new-round-attacks/
Kendrick Meek,"October 15, 2010","Marco Rubio says ""Solo Ingles"" (English only).",false,web ad.,Immigration; Florida,Aaron Sharockman,"October 15, 2010",https://www.politifact.com/factchecks/2010/oct/15/kendrick-meek/kendrick-meek-says-marco-rubio-too-extreme-florida/
Susan B. Anthony List,"September 30, 2010","Sen. Barbara Boxer ""voted against immigration reform to permit (Hispanic immigrants) people to come here legally to work.""",false,TV ad,Immigration; National; Message Machine 2010,Robert Farley,"October 8, 2010",https://www.politifact.com/factchecks/2010/oct/08/susan-b-anthony-list/spanish-language-ad-claims-sen-barbara-boxer-voted/
Greg Abbott,"July 16, 2010","""More lives have been lost because of the war with the drug cartels in Juarez alone, just a few blocks from the United States of America, than have been lost in the war in Afghanistan.""",false,interview with Fox News,Afghanistan; Immigration; Crime; Texas,Ciara O'Rourke,"October 5, 2010",https://www.politifact.com/factchecks/2010/oct/05/greg-abbott/attorney-general-greg-abbott-says-more-people-have/
Republican Governors Association,"September 9, 2010","Candidate for governor Roy Barnes has been ""fighting hard"" to let illegal immigrants vote.",pants-fire,website,Georgia; Immigration,Willoughby Mariano,"September 24, 2010",https://www.politifact.com/factchecks/2010/sep/24/republican-governors-association/gop-said-candidate-roy-barnes-fought-give-illegal-/
Peter  Palumbo,"September 9, 2010","Rhode Island gives undocumented pregnant women health insurance, plus a cash card ""with $400 a month on it"" and ""$250 a month or $275 a month to spend on food.""",mostly-false,"interview on Fox News' ""On the Record with Greta Van Susteren""",Immigration; Rhode Island; Health Care; Poverty,Cynthia Needham,"September 19, 2010",https://www.politifact.com/factchecks/2010/sep/19/peter-palumbo/palumbo-says-ri-gives-undocumented-pregnant-women-/
Allen West,"September 16, 2010","Ron Klein ""repeatedly voted in favor of amnesty for illegal immigrants.""",pants-fire,campaign website,Immigration; Florida,Amy Sherman,"September 17, 2010",https://www.politifact.com/factchecks/2010/sep/17/allen-west/Allen-West-Ron-Klein-repeatedly-voted-amnesty/
Sharron Angle,"September 14, 2010","Harry Reid has voted ""to give special tax breaks to illegal aliens.""",false,campaign commerical,Immigration; National; Message Machine 2010; Taxes,Louis Jacobson,"September 17, 2010",https://www.politifact.com/factchecks/2010/sep/17/sharron-angle/sharron-angle-calls-harry-reid-best-friend-illegal/
Sharron Angle,"September 14, 2010","Harry Reid has voted ""to give illegals Social Security benefits even for the time they were here illegally.""",mostly-false,campaign commercial,Immigration; National; Message Machine 2010; Social Security,Louis Jacobson,"September 17, 2010",https://www.politifact.com/factchecks/2010/sep/17/sharron-angle/sharron-angle-says-harry-reid-wants-give-illegals-/
Susana Martinez,"August 31, 2010","The Richardson-Denish administration ""gave"" 50,000 driver's licenses to illegal immigrants in New Mexico.",mostly-false,campaign ad,Immigration; National; Message Machine 2010,Lukas Pleva,"September 9, 2010",https://www.politifact.com/factchecks/2010/sep/09/susana-martinez/richardson-denish-administration-gave-50000-driver/
Jan Brewer,"June 25, 2010","""Our law enforcement agencies have found bodies in the desert, either buried or just lying out there, that have been beheaded.""",pants-fire,TV interview,Immigration; National,Robert Farley,"September 8, 2010",https://www.politifact.com/factchecks/2010/sep/08/jan-brewer/gov-jan-brewer-talks-beheadings-th-arizona-desert/
Daniel Mielke,"September 7, 2010","""Close to 30% of our federal prison population consists of  illegal immigrants.""",false,statement on campaign web site,Immigration; Wisconsin,Cary Spivak,"September 8, 2010",https://www.politifact.com/factchecks/2010/sep/08/daniel-mielke/congressional-candidate-daniel-mielke-says-almost-/
Debbie Riddle,"August 10, 2010","""Over 81 percent of the babies that are born at LBJ Hospital right here in Houston are born of women who are not here legally.""",false,television interview,Immigration; Children; Families; Health Care; Terrorism; Texas,Meghan Ashford-Grooms,"August 23, 2010",https://www.politifact.com/factchecks/2010/aug/23/debbie-riddle/debbie-riddle-says-more-81-babies-born-houston-hos/
Jerry Patterson,"August 9, 2010",Says Barack Obama didn't keep his promise to have an immigration bill in his first year.,true,speech,Immigration; Texas,Ciara O'Rourke,"August 21, 2010",https://www.politifact.com/factchecks/2010/aug/21/jerry-patterson/jerry-patterson-says-barack-obama-broke-his-promis/
Rick Scott,"August 2, 2010","""We have over 700,000 illegal immigrants in the state. They're costing us billions of dollars and they're taking legal residents' jobs.""",half-true,a Univision debate,Immigration; Florida,Cristina Silva,"August 18, 2010",https://www.politifact.com/factchecks/2010/aug/18/rick-scott/rick-scott-says-illegal-immigrants-taking-jobs/
Courtney Combs,"July 16, 2010","""Phoenix, Ariz., is the No. 2 kidnapping capital of the world.""",pants-fire,appearance at the Cleveland City Club,Immigration; Ohio,Aaron Marshall,"August 16, 2010",https://www.politifact.com/factchecks/2010/aug/16/courtney-combs/state-rep-courtney-combs-says-phoenix-no-2-kidnapp/
Lamar Smith,"July 1, 2010","""We could cut unemployment in half simply by reclaiming the jobs taken by illegal workers.""",false,floor speech,Immigration; Texas,Ciara O'Rourke,"August 15, 2010",https://www.politifact.com/factchecks/2010/aug/15/lamar-smith/us-rep-lamar-smith-says-united-states-could-cut-un/
Rachel Maddow,"August 2, 2010","""The overall fact about illegal immigration is that it's not actually getting worse.""",true,"""The Rachel Maddow Show""",Immigration; National; Pundits,Alex Holt,"August 12, 2010",https://www.politifact.com/factchecks/2010/aug/12/rachel-maddow/rachel-maddow-says-illegal-immigration-declining/
John McCain,"July 29, 2010","""The border security plan of Sens. McCain and Kyl called for 3,000 additional troops to keep us safe. President Obama says he'll send 524.""",half-true,campaign commercial,Immigration; National; Homeland Security; Message Machine 2010,Angie Drobnic Holan,"August 11, 2010",https://www.politifact.com/factchecks/2010/aug/11/john-mccain/john-mccain-said-he-would-add-3000-troops-border-w/
J.D. Hayworth,"August 5, 2010",McCain opposed the border fence.,false,TV ad against John McCain,Immigration; National; Message Machine 2010,Lukas Pleva,"August 11, 2010",https://www.politifact.com/factchecks/2010/aug/11/jd-hayworth/hayworth-claims-mccain-opposed-border-fence/
John Carter,"August 9, 2010","Says the United States is the only nation that affords citizenship to anyone born here, ""whether you are here legally or illegally.""",false,conference call with reporters.,Immigration; Texas,W. Gardner Selby,"August 10, 2010",https://www.politifact.com/factchecks/2010/aug/10/john-carter/rep-john-carter-says-united-states-only-nation-aff/
Bill McCollum,"August 5, 2010","""Police officers in this state have that right,"" to check the immigration status of people they arrest.",true,televised candidates' debate,Immigration; Civil Rights; Homeland Security; Florida,Lukas Pleva,"August 9, 2010",https://www.politifact.com/factchecks/2010/aug/09/bill-mccollum/bill-mccollum-says-florida-police-can-check-immigr/
Lindsey Graham,"July 28, 2010","""People come here to have babies. They come here to drop a child. It's called 'drop and leave.""",half-true,"interview with Fox News' ""On the Record with Greta Van Susteren""",Immigration; National; Health Care; Legal Issues,Louis Jacobson,"August 6, 2010",https://www.politifact.com/factchecks/2010/aug/06/lindsey-graham/illegal-immigrants-anchor-babies-birthright/
Michael Bloomberg,"August 1, 2010","""Canada sets aside 36 percent of their visas for people with skills they think their country needs.  We set aside 6 percent.""",false,"interview on ""Meet the Press.""",Immigration; National,Erin Mershon,"August 5, 2010",https://www.politifact.com/factchecks/2010/aug/05/michael-bloomberg/bloomberg-claims-canada-allows-far-more-work-visas/
Rick Perry,"July 28, 2010","Because of violence spreading from Mexico, ""you’ve got bullets hitting the city hall in El Paso. You’ve got bombs exploding in El Paso.""",half-true,interview,Immigration; Drugs; Homeland Security; Crime; Texas,W. Gardner Selby,"August 5, 2010",https://www.politifact.com/factchecks/2010/aug/05/rick-perry/perry-says-violence-mexico-reaching-el-paso-bullet/
Preston Smith,"July 28, 2010","""We have my opponent Sam Olens to thank for [the Arizona immigration ruling] since he was on the team that got Clinton elected.""",pants-fire,news release,Georgia; Immigration; Elections,Eric Stirgus,"August 2, 2010",https://www.politifact.com/factchecks/2010/aug/02/preston-smith/olens-deserves-some-blame-immigration-ruling-oppon/
John King,"July 13, 2010","""Sometime in the next decade, there will be more Latinos in the state of Texas than there are Anglos. That will happen sometime in the next five to eight to ten years.""",true,question to San Antonio Mayor Julian Castro,Immigration; Census; Texas,W. Gardner Selby,"July 26, 2010",https://www.politifact.com/factchecks/2010/jul/26/john-king/cnns-john-king-says-latinos-will-outnumber-anglos-/
Tom Ganley,"July 6, 2010","""The Arizona law basically parrots the federal immigration law.""",mostly-true,statement posted to his website,Immigration; Ohio,Sabrina  Eaton,"July 24, 2010",https://www.politifact.com/factchecks/2010/jul/24/tom-ganley/congressional-candidate-tom-ganley-says-arizonas-n/
John McCain,"May 7, 2010","""Of all the illegals in America, more than half come through Arizona.""",mostly-false,campaign ad,Immigration; National; Message Machine 2010,Alex Holt,"July 23, 2010",https://www.politifact.com/factchecks/2010/jul/23/john-mccain/mccain-campaign-ad-claims-more-half-illegal-immigr/
Russell  Pearce,"July 7, 2010","""Sixty percent of the Hispanics"" support the Arizona immigration law",pants-fire,CNN interview,Immigration; National,Lukas Pleva,"July 21, 2010",https://www.politifact.com/factchecks/2010/jul/21/russell-pearce/immigration-law-author-claims-60-percent-arizona-h/
John Loughlin,"July 9, 2010","Transporting drugs ""is the price of admission"" for people crossing the border illegally.",pants-fire,comment on The Helen Glover Show,Immigration; Rhode Island; Drugs; Homeland Security; Human Rights; Crime; Marijuana,C. Eugene Emery Jr.,"July 20, 2010",https://www.politifact.com/factchecks/2010/jul/20/john-loughlin/loughlin-says-carrying-drugs-price-people-have-pay/
Bill McCollum,"July 15, 2010","""Rick Scott's company is partners with Playboy in a social networking website that has community pages specifically geared towards gay dating.""",mostly-false,campaign mail piece.,Immigration; Candidate Biography; Corporations; LGBTQ; Florida,Aaron Sharockman,"July 19, 2010",https://www.politifact.com/factchecks/2010/jul/19/bill-mccollum/rick-scott-playboy-connection/
Nathan Deal,"July 6, 2010","""Illegal aliens are costing Georgia taxpayers over a billion dollars every year.""",half-true,TV campaign commercial,Georgia; Immigration; Message Machine 2010,Willoughby Mariano,"July 16, 2010",https://www.politifact.com/factchecks/2010/jul/16/nathan-deal/nathan-deal-says-immigration-costs-georgians-more-/
Helen Glover,"July 9, 2010","Phoenix is the kidnapping capital ""of the Western Hemisphere.""",false,comment on her talk show,Immigration; Rhode Island; Crime,C. Eugene Emery Jr.,"July 15, 2010",https://www.politifact.com/factchecks/2010/jul/15/helen-glover/helen-glover-says-phoenix-kidnap-capital-western-h/
Luis Gutierrez,"July 11, 2010","""Forty percent of the undocumented workers in this country"" entered the U.S. legally and ""overstayed their visa.""",mostly-true,interview on ABC's 'This Week',Immigration; National; Legal Issues; This Week - ABC News,Louis Jacobson,"July 12, 2010",https://www.politifact.com/factchecks/2010/jul/12/luis-gutierrez/democratic-rep-gutierrez-says-40-percent-illegal-i/
Jan Brewer,"July 1, 2010","""Law enforcement in the state of Arizona supports"" the state's new immigration law.",half-true,Fox News interview with Greta Van Susteren,Immigration; National,Martha M. Hamilton,"July 8, 2010",https://www.politifact.com/factchecks/2010/jul/08/jan-brewer/jan-brewer-says-law-enforcement-supports-arizonas-/
Al Hunt,"July 4, 2010","""Crime is down in Arizona.""",true,"appearance on ABC's ""This Week.""",Immigration; National; Crime; This Week - ABC News,Alex Holt,"July 7, 2010",https://www.politifact.com/factchecks/2010/jul/07/al-hunt/bloombergs-al-hunt-says-crime-down-arizona/
John McCain,"July 4, 2010","As a senator, Barack Obama supported ""an amendment that basically gutted the legal temporary worker program.""",mostly-true,"interview on ""This Week.""",Immigration; National; This Week - ABC News; Workers,Angie Drobnic Holan,"July 7, 2010",https://www.politifact.com/factchecks/2010/jul/07/john-mccain/john-mccain-said-barack-obama-voted-against-part-i/
Jorge Ramos,"July 4, 2010","""President Barack Obama has deported more people in his first year in office than George W. Bush in his last year in office.""",mostly-true,interview on ABC's 'This Week',Immigration; National; Legal Issues; This Week - ABC News,Louis Jacobson,"July 6, 2010",https://www.politifact.com/factchecks/2010/jul/06/jorge-ramos/obama-deported-more-people-his-first-year-bush-did/
Barack Obama,"July 1, 2010","""Today, we have more boots on the ground near the Southwest border than at any time in our history.""",mostly-true,speech,Immigration; National,Angie Drobnic Holan,"July 2, 2010",https://www.politifact.com/factchecks/2010/jul/02/barack-obama/us-has-more-border-patrol-agents-border-mexico-eve/
Ritch Workman,"June 6, 2010","""In Florida alone, more than $3.5 billion a year is spent on health care and criminal justice for illegal immigrants.""",false,'Florida Today' opinion page article published,Immigration; Florida,Cristina Silva,"June 30, 2010",https://www.politifact.com/factchecks/2010/jun/30/ritch-workman/workman-misquotes-immigration-report/
Jan Brewer,"June 25, 2010","""The majority of the people that are coming to Arizona and trespassing are now becoming drug mules.""",false,television interview,Immigration; National; Legal Issues; Marijuana,Louis Jacobson,"June 30, 2010",https://www.politifact.com/factchecks/2010/jun/30/jan-brewer/arizona-gov-brewer-says-majority-illegals-are-drug/
Jeff Greene,"June 22, 2010","""We have that program where immigrants come here and they have to bring a million dollars in order to get a green card if they’re going to create jobs.""",mostly-false,U.S. Senate Democratic primary debate,Immigration; Florida,Cristina Silva,"June 29, 2010",https://www.politifact.com/factchecks/2010/jun/29/jeff-greene/greene-no-green-card-expert/
John McCain,"June 27, 2010","""Phoenix, Arizona, is the No. 2 kidnapping capital of the world.""",false,comments on 'Meet the Press',Immigration; Texas,Ciara O'Rourke,"June 28, 2010",https://www.politifact.com/factchecks/2010/jun/28/john-mccain/mccain-says-phoenix-second-kidnapping-capital-worl/
Michael J. Gardiner,"June 22, 2010","U.S. Rep. Jim Langevin  didn't want a border fence to block illegal immigration ""because he is  afraid that someone will get hurt trying to go around the fence.""",pants-fire,posting on his website,Immigration; Rhode Island; Homeland Security; Human Rights,C. Eugene Emery Jr.,"June 25, 2010",https://www.politifact.com/factchecks/2010/jun/25/michael-j-gardiner/gardiner-says-langevin-opposed-us-mexican-border-f/
Jeff Chapman,"June 17, 2010","Georgia has ""more illegal aliens than the state of Arizona.""",true,Jekyll Island gubernatorial debate,Georgia; Immigration,Jim Tharpe,"June 25, 2010",https://www.politifact.com/factchecks/2010/jun/25/jeff-chapman/does-georgia-have-more-illegal-immigrants-arizona/
Rick Scott,"June 16, 2010","Bill McCollum ""served as a lobbyist whose clients enabled mortgages for illegal immigrants.""",false,press release,Immigration; Florida,Amy Sherman,"June 23, 2010",https://www.politifact.com/factchecks/2010/jun/23/rick-scott/scott-says-mccollum-lobbied-clients-who-paved-way-/
Bill McCollum,"June 15, 2010","Rick Scott ""has heavily invested in a company that is geared to helping illegal aliens transfer money to family and friends out of the country.""",true,press release,Immigration; Florida,Amy Sherman,"June 21, 2010",https://www.politifact.com/factchecks/2010/jun/21/bill-mccollum/mccollum-accuses-scott-investing-company-used-ille/
David Dewhurst,"June 11, 2010","""Phoenix, Arizona, I'm told, is now the No. 2 kidnapping capital in the world, right behind Mexico City.""",false,speech,Immigration; Crime; Texas,Ciara O'Rourke,"June 18, 2010",https://www.politifact.com/factchecks/2010/jun/18/david-dewhurst/dewhurst-says-phoenix-has-more-kidnappings-any-oth/
Rick Scott,"June 3, 2010","""If you read the Arizona (immigration) law, what it says is if you are  stopped for violating the law and they have a suspicion that you're  illegal, they can ask you if you're legal.""",half-true,CBS4 interview,Immigration; Florida,Cristina Silva,"June 17, 2010",https://www.politifact.com/factchecks/2010/jun/17/rick-scott/rick-scott-immigration-arizona-status-illegal/
Nathan Deal,"April 30, 2010","While in Congress, Nathan Deal was a leader when it came to protecting our borders.",mostly-true,press releaase,Georgia; Immigration,Willoughby Mariano,"June 11, 2010",https://www.politifact.com/factchecks/2010/jun/11/nathan-deal/nathan-deal-says-hes-leader-immigration/
Chain email,"June 9, 2010","""In 20 years there will be enough Muslim voters in the U.S. to elect the president by themselves.""",pants-fire,chain e-mail,Immigration; National; Elections,Louis Jacobson,"June 10, 2010",https://www.politifact.com/factchecks/2010/jun/10/chain-email/chain-e-mail-claims-muslims-will-be-majority-us-20/
Chain email,"June 9, 2010","Presidents Hoover, Truman and Eisenhower collectively ordered the deportation of at least 15 million illegal aliens.",false,chain e-mail,Immigration; National; History; Legal Issues,Louis Jacobson,"June 10, 2010",https://www.politifact.com/factchecks/2010/jun/10/chain-email/chain-e-mail-says-three-presidents-deported-total-/
Glenn Beck,"May 27, 2010","""Sixty-four percent of Americans support the Arizona immigration law.''",mostly-true,commentary on his television show,Immigration; National; Pundits,Lukas Pleva,"June 3, 2010",https://www.politifact.com/factchecks/2010/jun/03/glenn-beck/glenn-beck-says-president-obama-out-step-nation-ar/
Lamar Smith,"May 20, 2010","Mexican government officials ""hand out brochures showing individuals how they can avoid our Border Patrol, how they can get into our country.""",mostly-false,interview with the Fox News Network,Immigration; Texas,Meghan Ashford-Grooms,"May 30, 2010",https://www.politifact.com/factchecks/2010/may/30/lamar-smith/smith-says-mexico-hands-out-brochures-showing-migr/
John Cornyn,"May 23, 2010 in","Says the Arizona immigration law ""expressly bans racial profiling.""",half-true,"on NBC's ""Meet the Press""",Immigration; Texas,Ciara O'Rourke,"May 29, 2010",https://www.politifact.com/factchecks/2010/may/29/john-cornyn/cornyn-says-arizona-immigration-law-bans-racial-pr/
David Dewhurst,"May 12, 2010","""You’ve got almost twice as many cops in New York City as you do on our entire border. That’s nuts.""",half-true,interview,Immigration; Homeland Security; Crime; Texas,Meghan Ashford-Grooms,"May 21, 2010",https://www.politifact.com/factchecks/2010/may/21/david-dewhurst/dewhurst-says-nypd-force-almost-twice-size-border-/
Steve Poizner,"April 10, 2010","""Taxpayer-funded benefits to illegals"" in California are ""a skyrocketing cost under Obamacare.""",false,campaign commercial,Immigration; National; Candidate Biography; Elections; Federal Budget; Health Care; Message Machine 2010; Poverty,Louis Jacobson,"May 19, 2010",https://www.politifact.com/factchecks/2010/may/19/steve-poizner/california-gop-candidate-blames-obama-health-care-/
Boyd Richie,"April 30, 2010","Says Gov. Rick Perry failed ""to involve border sheriffs in developing plans to prevent violence in their communities.""",false,press release,Immigration; Texas,Ciara O'Rourke,"May 10, 2010",https://www.politifact.com/factchecks/2010/may/10/boyd-richie/sheriffs-say-perry-included-them-developing-spillo/
J.D. Hayworth,"April 28, 2010","""Up until two weeks ago, John McCain was a leading proponent of amnesty. Now with me challenging him, suddenly he has changed.""",pants-fire,interview on the Fox Business Network,Immigration; National,Catharine Richert,"May 5, 2010",https://www.politifact.com/factchecks/2010/may/05/jd-hayworth/rival-says-hes-forced-john-mccain-drop-amnesty-ill/
Mike Pence,"May 2, 2010","""This administration and this Congress have been systematically cutting funding to border security since the Democrats took control.""",false,interview on NBC's 'Meet the Press',Immigration; National,Robert Farley,"May 5, 2010",https://www.politifact.com/factchecks/2010/may/05/mike-pence/republican-says-obama-cut-budget-illegal-immigrati/
Kyrsten Sinema,"April 30, 2010","Under the Arizona immigration law, police are required to check immigration status if someone's ""lawn is overgrown"" or if a dog is ""barking too loudly.""",mostly-true,interview on MSNBC's 'Countdown with Keith Olbermann',Immigration; National; Legal Issues,Louis Jacobson,"May 4, 2010",https://www.politifact.com/factchecks/2010/may/04/kyrsten-sinema/under-arizona-immigration-law-overgrown-lawns-bark/
Jan Brewer,"April 30, 2010","Late changes to the Arizona immigration law ""lay to rest questions over the possibility of racial profiling.""",mostly-false,news release,Immigration; National; Legal Issues,Louis Jacobson,"May 4, 2010",https://www.politifact.com/factchecks/2010/may/04/jan-brewer/arizona-immigration-law-rewrite-lays-rest-worries-/
Janet Napolitano,"May 2, 2010","Numbers on illegal immigrants ""are down in terms of apprehensions, which indicates fewer illegal crossings, but also up in terms of actual enforcement actions.""",mostly-true,interview on ABC's 'This Week',Immigration; National; Homeland Security; This Week - ABC News,Angie Drobnic Holan,"May 3, 2010",https://www.politifact.com/factchecks/2010/may/03/janet-napolitano/facts-illegal-immigrants-show-nuances-enforcement-/
Tim James,"April 26, 2010","Says a Bureau of Labor Statistics report attributed a sharp increase in work-related fatalities to ""increasing numbers of employees and drivers could not read or understand warning signs in English.""",false,press release,Immigration; National; Transportation,Robert Farley,"April 29, 2010",https://www.politifact.com/factchecks/2010/apr/29/tim-james/alabamas-tim-james-says-government-report-backs-hi/
Rick Perry,"April 15, 2010","""We've got a 1,000 National Guard troop request that's been in front of this president for over a year and no response.""",half-true,interview with The Texas Tribune and Newsweek,Immigration; Texas,Ciara O'Rourke,"April 29, 2010",https://www.politifact.com/factchecks/2010/apr/29/rick-perry/gov-rick-perry-says-obama-administration-hasnt-res/
Alfredo Gutierrez,"April 26, 2010","The new Arizona immigration law ""says that any police officer can stop anyone who appears to them to be reasonably suspicious of being an undocumented person.""",mostly-true,interview on MSNBC's Hardball,Immigration; National; Legal Issues,Louis Jacobson,"April 28, 2010",https://www.politifact.com/factchecks/2010/apr/28/alfredo-gutierrez/arizona-immigration-law-allows-police-question-any/
John Huppenthal,"April 26, 2010","Under the new Arizona immigration law, police can't stop someone to check their immigration status unless they think they see something illegal.",false,interview on MSNBC's Hardball,Immigration; National; Legal Issues,Louis Jacobson,"April 28, 2010",https://www.politifact.com/factchecks/2010/apr/28/john-huppenthal/arizona-immigration-law-requires-police-see-crime-/
George Will,"April 25, 2010","""What the Arizona law does is make a state crime out of something that already is... a federal crime.""",mostly-true,panel discussion on ABC This Week,Immigration; National,Catharine Richert,"April 28, 2010",https://www.politifact.com/factchecks/2010/apr/28/george-will/will-says-arizona-law-merely-echoes-federal-immigr/
Bill Clinton,"April 18, 2010","""Dubai is the only country with huge amounts of imported workers that's actually passed legislation to give these immigrant workers a better deal in the Middle East.""",mostly-false,"ABC's ""This Week""",Immigration; National; Human Rights; Israel; This Week - ABC News,Robert Farley,"April 20, 2010",https://www.politifact.com/factchecks/2010/apr/20/bill-clinton/clinton-says-uae-only-middle-east-country-to-pass-/
Jon Kyl,"April 11, 2010",Says he did not say Republicans would filibuster immigration reform.,false,"interview on ""This Week.""",Immigration; National; This Week - ABC News,Angie Drobnic Holan,"April 12, 2010",https://www.politifact.com/factchecks/2010/apr/12/jon-kyl/yuma-daily-newspaper-quoted-kyl-saying-republican/
John Cornyn,"March 17, 2010","""The spillover violence (from Mexico) in Texas is real and it is escalating.""",mostly-false,a letter to President Barack Obama,Immigration; Crime; Texas,Ciara O'Rourke,"March 28, 2010",https://www.politifact.com/factchecks/2010/mar/28/john-cornyn/cornyn-says-spillover-violence-texas-real-and-esca/
Cathie Adams,"February 20, 2010","""Bill White ...offered sanctuary to illegal immigrants.""",false,fund-raising letter,Immigration; Texas,W. Gardner Selby,"March 14, 2010",https://www.politifact.com/factchecks/2010/mar/14/cathie-adams/gop-chair-cathie-adams-says-bill-white-gave-sanctu/
Rick Perry,"January 29, 2010",Says the Texas Education Agency follows up to make sure undocumented immigrants paying in-state tuition at Texas colleges are applying for permanent residency.,false,debate,Immigration; Texas,Ciara O'Rourke,"February 15, 2010",https://www.politifact.com/factchecks/2010/feb/15/rick-perry/perry-says-tea-checks-whether-undocumented-student/
Kay Bailey Hutchison,"January 14, 2010","""The State of Texas does not even use the E-Verify system to determine if someone is legally in our country when they apply for a job.""",true,debate.,Immigration; Texas,Ciara O'Rourke,"February 1, 2010",https://www.politifact.com/factchecks/2010/feb/01/kay-bailey-hutchison/hutchison-says-texas-state-doesnt-use-e-verify-wee/
Chain email,"August 28, 2009","The Democrats' health care bills would provide ""free health care for illegal immigrants.""",false,chain e-mail,Immigration; National; Health Care,Robert Farley,"January 21, 2010",https://www.politifact.com/factchecks/2010/jan/21/chain-email/chain-e-mail-claims-health-care-bills-congress-wou/
Chain email,"August 28, 2009","The House health care bill provides for ""free abortion services, and probably forced participation in abortions by members of the medical profession.""",false,chain e-mail,Abortion; Immigration; National; Health Care,Robert Farley,"January 21, 2010",https://www.politifact.com/factchecks/2010/jan/21/chain-email/chain-e-mail-claims-house-health-care-bill-would-p/
Marco Rubio,"January 14, 2010","""Close to half of the folks in this country illegally entered legally (but) overstayed (their ) visas.""",mostly-true,interview with Glenn Beck,Immigration; Florida,Aaron Sharockman,"January 18, 2010",https://www.politifact.com/factchecks/2010/jan/18/marco-rubio/fla-republican-rubio-says-close-half-illegal-immig/
Rick Perry,"January 14, 2010",Says Kay Bailey Hutchison voted for sanctuary cities.,false,debate.,Immigration; Texas,Ciara O'Rourke,"January 15, 2010",https://www.politifact.com/factchecks/2010/jan/15/rick-perry/perry-says-hutchison-supports-sanctuary-cities/
Rick Perry,"December 29, 2009","""More than 1,000 people ... move to Texas every day.""",mostly-true,press release,Immigration; Census; States; Texas,Ciara O'Rourke,"January 13, 2010",https://www.politifact.com/factchecks/2010/jan/13/rick-perry/perry-says-1000-people-move-texas-daily/
Kay Bailey Hutchison,"December 2, 2009","Says she has ""quadrupled agents to secure our border.""",mostly-false,campaign video,Immigration; Texas,Ciara O'Rourke,"January 12, 2010",https://www.politifact.com/factchecks/2010/jan/12/kay-bailey-hutchison/hutchison-says-she-quadrupled-border-patrol-agents/
Lamar Smith,"December 15, 2009","""Illegal immigrants currently occupy 8 million jobs.""",mostly-true,a press release,Immigration; Economy; Texas,Meghan Ashford-Grooms,"January 12, 2010",https://www.politifact.com/factchecks/2010/jan/12/lamar-smith/rep-lamar-smith-says-immigrants-hold-8-million-job/
House Republican Conference,"September 9, 2009","""Nothing in any of the Democrat bills would require individuals to verify their citizenship or identity prior to receiving taxpayer-subsidized benefits.""",half-true,"""myth and fact"" news release",Immigration; National; Health Care,Louis Jacobson,"September 10, 2009",https://www.politifact.com/factchecks/2009/sep/10/house-republicans/house-republicans-back-heckler-saying-health-bill-/
Joe Wilson,"September 9, 2009","""You lie!"" (in response to President Obama saying health reform would not insure illegal immigrants.)",false,audience at a joint session of Congress,Immigration; National; Health Care,Angie Drobnic Holan,"September 10, 2009",https://www.politifact.com/factchecks/2009/sep/10/joe-wilson/joe-wilson-south-carolina-said-obama-lied-he-didnt/
Chain email,"July 28, 2009","""All non-US citizens, illegal or not, will be provided with free health care services.""",pants-fire,chain e-mail,Immigration; National; Health Care,Angie Drobnic Holan,"July 30, 2009",https://www.politifact.com/factchecks/2009/jul/30/chain-email/no-free-health-care-illegal-immigrants-health-bill/
Chain email,"July 14, 2009","""The Senate voted this week to allow illegal aliens access to Social Security benefits.""",pants-fire,chain email,Immigration; National,Catharine Richert,"July 29, 2009",https://www.politifact.com/factchecks/2009/jul/29/chain-email/claims-senate-voted-give-undocumented-workers-soci/
Glenn Beck,"June 10, 2009","""Why do we have automatic citizenship upon birth? We're the only country in the world that has it.""",false,his Fox News program,Immigration; National; Pundits,Robert Farley,"June 19, 2009",https://www.politifact.com/factchecks/2009/jun/19/glenn-beck/glenn-beck-claims-us-only-country-automatic-citize/
Mike Murphy,"June 12, 2009","In Texas, ""the No. 1 name for new male babies — many of whom will vote one day — is Jose.""",true,column,Immigration; National; Elections; Pundits,Angie Drobnic Holan,"June 15, 2009",https://www.politifact.com/factchecks/2009/jun/15/mike-murphy/jose-no-1-baby-name-texas-social-security-administ/
National Republican Trust PAC,"October 21, 2008","""Barack Obama's plan gives a driver's license to any illegal who wants one.""",mostly-false,television ad,Immigration; National,Alexander Lane,"October 23, 2008",https://www.politifact.com/factchecks/2008/oct/23/national-republican-trust-pac/not-much-of-a-plan-here/
Barack Obama,"September 18, 2008",Obama ad contends that John McCain endorses Rush Limbaugh's comments about immigration.,pants-fire,video ad.,Immigration; National,Robert Farley,"September 19, 2008",https://www.politifact.com/factchecks/2008/sep/19/barack-obama/limbaughs-not-a-mccain-spokesman/
John McCain,"July 14, 2008","Obama ""voted for and even sponsored amendments that were intended to kill the (immigration overhaul) legislation.""",half-true,speech,Immigration; National,Adriel Bettelheim,"July 17, 2008",https://www.politifact.com/factchecks/2008/jul/17/john-mccain/killing-the-bill-or-making-it-better/
Barack Obama,"July 8, 2008","""McCain used to buck his party on immigration by fighting for comprehensive reform. . . . But when he was running for his party's nomination, he . . . said that he wouldn't even support his own legislation if it came up for a vote.""",mostly-true,speech,Immigration; National,Adriel Bettelheim,"July 16, 2008",https://www.politifact.com/factchecks/2008/jul/16/barack-obama/backtracking-on-the-path-to-citizenship/
John McCain,"January 5, 2008","""The fact is it's not amnesty.""",true,debate,Immigration; National,Adriel Bettelheim,"January 15, 2008",https://www.politifact.com/factchecks/2008/jan/15/john-mccain/and-its-no-free-ride/
Mitt Romney,"January 5, 2008","""I don't describe your plan as amnesty in my ad. I don't call it amnesty.""",pants-fire,debate,Immigration; National,Adriel Bettelheim,"January 6, 2008",https://www.politifact.com/factchecks/2008/jan/06/mitt-romney/amnesty-amnesty-amnesty-amnesty/
Rudy Giuliani,"January 5, 2008","""Ronald Reagan did amnesty.""",true,debate,Immigration; National,Michael Van Sickler,"January 6, 2008",https://www.politifact.com/factchecks/2008/jan/06/rudy-giuliani/yep-reagan-did-the-a-word/
Mitt Romney,"December 10, 2007","Mike Huckabee ""supported taxpayer-funded scholarships for illegal aliens.""",mostly-true,TV ad,Immigration; National,Angie Drobnic Holan,"December 11, 2007",https://www.politifact.com/factchecks/2007/dec/11/mitt-romney/huckabee-wanted-scholarship-open-to-all/
Tom Tancredo,"October 9, 2007","""For every single illegal immigrant family in this country, it costs $20,000 — it costs us $20,000; $20,000 in infrastructural costs. They pay about $10,000 in taxes.""",mostly-false,Detroit,Immigration; National,David DeCamp,"December 11, 2007",https://www.politifact.com/factchecks/2007/dec/11/tom-tancredo/one-cost-of-illegal-immigration-accuracy/
Mitt Romney,"November 26, 2007","Romney said ""'No' to in-state tuition"" for illegal immigrants.",true,TV ad,Immigration; National,Angie Drobnic Holan,"December 5, 2007",https://www.politifact.com/factchecks/2007/dec/05/mitt-romney/yes-romney-said-no/
Mitt Romney,"December 5, 2007","Huckabee supported ""a tuition break to the children of illegals that are here illegally when citizens are having to pay a higher rate.""",half-true,interview,Immigration; National; Education,Angie Drobnic Holan,"December 5, 2007",https://www.politifact.com/factchecks/2007/dec/05/mitt-romney/romney-glosses-over-in-state-tuition-details/
Tom Tancredo,"November 20, 2007","""I spend a lot of time in Iowa, and believe it or not, in Ottumwa, Iowa, this is the heartland, the newspaper, the regular newspaper for Ottumwa, Iowa, is (a) bilingual newspaper.""",false,Fox News interview,Immigration; National,Amy Hollyfield,"November 29, 2007",https://www.politifact.com/factchecks/2007/nov/29/tom-tancredo/what-about-the-daily-english-paper/
Mike Huckabee,"November 28, 2007","Supported in-state tuition in Arkansas for illegal immigrants ""if you'd sat in our schools from the time you're 5 or 6 years old and you had become an A-plus student,"" among other things.",mostly-false,debate,Immigration; National,Angie Drobnic Holan,"November 29, 2007",https://www.politifact.com/factchecks/2007/nov/29/mike-huckabee/tuition-bill-wasnt-that-strict/
Mitt Romney,"November 28, 2007","""The mayor said … 'if you happen to be in this country in an undocumented status . . . then we welcome you here.  We want you here.  We'll protect you here.' """,true,debate,Immigration; National,Bill Adair,"November 28, 2007",https://www.politifact.com/factchecks/2007/nov/28/mitt-romney/giuliani-was-welcoming-to-immigrants/
Mitt Romney,"November 28, 2007","""No, I did not (have illegal immigrants working at his mansion).""",mostly-false,"St. Petersburg, Fla.",Immigration; National,Michael Van Sickler,"November 28, 2007",https://www.politifact.com/factchecks/2007/nov/28/mitt-romney/hired-help-haunts-romney/
Rudy Giuliani,"November 28, 2007","Romney failed to take action against ""sanctuary cities"" in Massachusetts.",mostly-true,"St. Petersburg, Fla.",Immigration; National,Bill Adair,"November 28, 2007",https://www.politifact.com/factchecks/2007/nov/28/rudy-giuliani/right-facts-but-they-dont-prove-romney-weak-on-imm/
Barack Obama,"November 15, 2007","""Right now, an employer has more of a chance of getting hit by lightning than be prosecuted for hiring an undocumented worker. That has to change.""",false,Las Vegas,Immigration; National,David DeCamp,"November 16, 2007",https://www.politifact.com/factchecks/2007/nov/16/barack-obama/lightning-strikes-but-not-like-the-feds/
Bill Richardson,"October 5, 2007","""Fences have not worked. The Great Wall of China, the Berlin Wall. That's not good among peoples, especially friends like the United States and Mexico.""",half-true,interview on CNN.,Immigration; National,Tom Tobin,"October 23, 2007",https://www.politifact.com/factchecks/2007/oct/23/bill-richardson/sometimes-walls-do-work/
Tom Tancredo,,"In 2006, Arizona had four ballot issues that were ""very tough on illegal immigration... Forty-seven percent of the Hispanics in Arizona voted for them.""",mostly-false,,Immigration; National,Amy Hollyfield,"October 16, 2007",https://www.politifact.com/factchecks/2007/oct/16/tom-tancredo/well-hes-right-on-one-of-the-four/
Mitt Romney,"August 14, 2007","""Mayor Giuliani made New York City what's known as a 'sanctuary city,' where illegal aliens were allowed to come. And he instructed the leaders of the city not to enforce the law, not to enforce immigration law.""",half-true,campaign event carried on CNN.,Immigration; National,Bill Adair,"September 24, 2007",https://www.politifact.com/factchecks/2007/sep/24/mitt-romney/a-misleading-account-of-nyc-policy/
Hillary Clinton,"June 3, 2007","English ""is our national language...if it becomes official, that means in a place like New York City you can't print ballots in any other language.""",false,New Hampshire.,Immigration; National,David DeCamp,"September 11, 2007",https://www.politifact.com/factchecks/2007/sep/11/hillary-clinton/little-impact-from-making-english-official-/
Bill Richardson,"September 9, 2007","""Congress only funded half the wall"" between Mexico and the United States.",mostly-true,debate,Immigration; National,David DeCamp,"September 7, 2007",https://www.politifact.com/factchecks/2007/sep/07/bill-richardson/remainder-of-money-in-pipeline/
Dennis Kucinich,"September 9, 2007","""When NAFTA was passed, there was an acceleration of immigration from Mexico because people were
in search of jobs.""",half-true,debate,Immigration; National,David Adams,"September 7, 2007",https://www.politifact.com/factchecks/2007/sep/07/dennis-kucinich/nafta-not-a-big-factor-in-increase/
Mitt Romney,"September 5, 2007","""The Z-visa that was offered in that Senate bill let everybody who's here illegally, other than criminals, stay here for the rest of their lives.""",false,debate,Immigration; National,Sasha Bartolf,"September 6, 2007",https://www.politifact.com/factchecks/2007/sep/06/mitt-romney/z-visas-have-many-requirements/
Duncan Hunter,"September 5, 2007","""I built that border fence in San Diego...and it reduced the smuggling of people and drugs...by 90 percent.""",mostly-true,debate,Immigration; National,Miranda Blue,"September 3, 2007",https://www.politifact.com/factchecks/2007/sep/03/duncan-hunter/his-numbers-are-right-but-actual-impact-of-fence-u/
