statement_originator,statement_date,statement,verdict,statement_source,tags,evidence,factchecker,factcheck_date,factcheck_analysis_link
Facebook posts,"March 26, 2026",Video shows ICE agent removing “US citizen on a plane for being Latino.”,false,Facebook post,Immigration; Texas,"A video of what looks like an abrupt exchange between an Immigration and Customs Enforcement agent and an airplane passenger has stirred social media outrage. But it isn’t footage of an actual law enforcement encounter. The shows a man at an airplane cabin wearing a bulletproof vest and a badge with his face covered. The man asks a woman at the front of the plane for someone named ""Juan Garcia."" He then walks down the aisle to confront a bearded man. ""We would like to verify that you’re a citizen of this country, look dude, you’re wearing a Mexico shirt,"" the masked man says before escorting the bearded man and a woman seated next to him off of the plane. People on the plane jeer at the exchange and film the encounter with their phones. ""ICE thug kidnaps US citizen on a plane for being Latino,"" the reads in a March 26 Facebook post. , and users also shared the video with similar captions. The video may seek to replicate the tensions of recorded between ICE agents and U.S. citizens in cities across the U.S., but in this case it’s staged. President Donald Trump ICE agents to help Transportation Security Administration workers with security lines across U.S. airports because of the partial government shutdown, but this footage isn’t a result of Trump’s order. The video has a TikTok watermark with the username, . The account footage of the supposed arrest on March 25, with the caption, ""ICE agent removes US citizen from airplane. CRAZY!"" The video is currently unavailable in the account. The account has posted multiple skits and prank videos, including in the same airplane set. We also noticed that some of the people in the purported ICE agent video were featured in . The blue chairs and carpet with the white airplane cabin matches the image of the offered to social media creators by Network Media, a company that creative coaching, and filming infrastructure for content creators, according to its website. PolitiFact reached out to the video creator for comment, but didn’t receive an immediate response. This video of a man being removed from an airplane by an ICE agent is a skit, we rate this claim False.",Maria Briceño,"March 30, 2026",https://www.politifact.com/factchecks/2026/mar/30/facebook-posts/Video-ICE-US-citizen-plane-skit-airport/
Social Media,"March 27, 2026",Image shows President Donald Trump asked Florida Gov. Ron DeSantis on Truth Social to pardon Tiger Woods following a DUI charge.,false,social media posts,Sports; Florida,"Florida police arrested golf icon Tiger Woods on March 27 for charges including driving under the influence. This is the fourth time Woods has been involved in an automobile incident. He was released . Social media users claimed President Donald Trump publicly asked Florida Gov. Ron DeSantis to pardon Woods. On multiple , people circulated an image of a supposed March 27 Truth Social post from Trump, which read: ""I’ve just been told that Tiger Woods, who is a Great Golfer and even Greater American, was involved in a minor fender bender today, and as a result of a misunderstanding, was charged with a dreaded DUI. This happening as he attempts to return to professional golf. Everyone deserves a second chance, which Tiger never got, if we're being honest. That is why I am calling on Gov. Ron DeSantis to IMMEDIATELY AND COMPLETELY PARDON Tiger so he can focus on The Masters and help to Make Golf Great Again!"" We found no evidence that Trump made this post. On March 27, Trump , but not on 6:21 p.m. as the supposed screenshot showed. There are no news reports or cached copies that prove the post was real. We’ve seen only one version of the image; the posts used one image with the same number of reposts and likes. If the post did get 565 reposts and more than 1,400 likes, there would likely be other versions or reports about the post. On the same day of Woods’ arrest, Trump in Miami and commented on it, but he did not mention a pardon. ""I feel so badly. He’s, he’s got some difficulty. There was an accident and that’s all I know. Very close friend of mine, he’s an amazing person, amazing man. But, some difficulty,"" he said. Trump Woods the Presidential Medal of Freedom in 2019, and Woods has visited The White House on . Trump didn’t urge DeSantis on Truth Social to pardon Woods. We rate this claim False.",Loreben Tuquero,"March 30, 2026",https://www.politifact.com/factchecks/2026/mar/30/social-media/donald-trump-fake-post-tiger-woods-pardon/
Donald Trump,"March 23, 2026","""Mail-in voting means mail-in cheating.”",pants-fire,remarks at a Memphis event,National; Elections; Florida,"President Donald Trump wants Congress to approve the SAVE America Act to add certain requirements for voting, and he also wants to ban most cases of voting by mail, even though he voted that way recently in Florida. ""Mail-in voting means mail-in cheating. I call it mail-in cheating, and we got to do something about it all,"" Trump at a March 23 event in Memphis. He also said that the U.S. is the only country that ""does mail-in voting,"" which is . Does voting by mail equate to cheating? No, of studies, reviews and investigations of voting by mail show that fraud happens occasionally, but it is not widespread. The House passed the SAVE America Act in February and debate in the Senate continues. The bill would require voters to provide documentary proof of citizenship to register and a government-issued photo ID to vote. Trump wants lawmakers to add to the legislation a ban on voting by mail except for travel, illness, disability or military. Voter fraud by mail is rare and sporadic Trump voted by mail in the March 24 special election for a state house seat in the Florida district that includes his Mar-a-Lago home. Democrat Emily Gregory the election, with a majority of votes received via , according to unofficial results, flipping the district from red to blue. It was not the first time Trump voted by mail — he did so in some . Olivia Wales, a White House spokesperson, told PolitiFact that it was a ""non-story"" that Trump voted by mail because he primarily lives in Washington, D.C. was in Florida during some days of early voting. Wales pointed to some examples of mail-in voting fraud, including a former Atlantic City, New Jersey, councilman and political operative who in 2025 in a vote by mail scheme. Some of the examples Wales cited stretched back a . Wales also pointed to a 2005 report by a commission co-chaired by former President Jimmy Carter that said ""absentee ballots remain the largest source of potential voter fraud."" The mail voting worked in some places, and Carter later embraced mail-in voting. Voter fraud, including by mail, happens sporadically, but not enough to change the outcome of a statewide or nationwide election. There are of people voting on ballots of dead relatives, for example. A congressional election was overturned in 2018 after evidence surfaced that the Republican candidate benefited from an effort to collect voters’ mail-in ballots. Mail voting fraud is extremely rare, occurring approximately four times per 10 million votes cast each election cycle, according to a 2025 analysis by , a think tank. The analysis used voter fraud cases documented by the conservative Heritage Foundation for general elections from 2016 to 2022. In 2022, The asked top election officials in each state whether mail-in ballot drop boxes were tied to fraud. None that allowed the boxes in 2020 said they were tied to fraud or stolen ballots. Another into fraud in 2020 battleground states found too few cases to affect the outcome of the election that Trump lost. Republican lawmakers have not gone along with Trump’s proposed ban on most voting by mail. Sen. Lisa Murkowski, R-Alaska, during a SAVE America Act debate that her state had taken steps to ensure the security of mail-in voting. ""We have got an ability to track your ballot once you have cast it,"" Murkowski said. ""So we have worked this long and hard and well to accommodate the many, many tens of thousands of Alaskans who will vote by mail."" The Heritage Foundation database showed five fraud cases in Alaska since 1982 and none were related to voting by mail. States take to ensure the security of voting by mail. It starts with determining whether someone is eligible to vote. Election offices also periodically update their registration lists, including removing inactive voters or those who have died. Election officials track mail ballots to prevent double voting. Trump has made false and for a decade, such as inflating instances of . The day before the Florida election, the U.S. Supreme Court heard a case about whether to ban counting mail ballots that are postmarked by Election Day and arrive after the election, a practice allowed in more than a dozen states. A ruling is expected by July 4.",Amy Sherman,"March 25, 2026",https://www.politifact.com/factchecks/2026/mar/25/donald-trump/trump-voted-by-mail-in-florida-the-same-month-he-f/
Mark Kelly,"March 17, 2026","The SAVE America Act “requires everyone to re-register to vote in person and your driver’s license, REAL ID, or military ID aren’t even good enough.”",half-true,X post,National; Congress; Elections,"Sen. Mark Kelly, D-Ariz., said that if the SAVE America Act becomes law, it will present a major hurdle for everyone already on the voter rolls. ""The SAVE America Act doesn’t ‘Save’ America,’ Kelly said in a . ""And this isn’t about voter ID. This bill requires everyone to re-register to vote in person and your driver’s license, REAL ID, or military ID aren’t even good enough."" After Kelly repeated the statement on MS Now’s ""Morning Joe,"" Sen. Mike Lee, R-Utah, one of the bill’s authors, said Kelly was wrong. ""Nothing in the SAVE America Act requires currently registered voters to re-register,"" Lee wrote in an Millions of American voters newly register or update their registration each election and would face the new registration rules; but Kelly’s statement exaggerates the breadth of the bill’s effect. Lee’s comment, meanwhile, downplayed the measure’s potential impact on voters. The House passed the proposal in February and the Senate is now debating it. The bill appears to lack the 60 votes needed in the Senate to proceed to a final vote. President Donald Trump lawmakers should not approve a deal to end the Homeland Security partial government shutdown until Democrats agree to pass the SAVE America Act — a priority of his during the midterm election year. People who move or change parties must reregister The does not say that everyone currently registered must reregister to vote. It says someone seeking to register to vote in federal elections shall present ""documentary proof of United States citizenship in person to the office of the appropriate election official."" Eliza Sweren-Becker, deputy director for the voting rights and election program at the liberal Brennan Center for Justice, that the documentary proof of citizenship requirements would apply not only to new registrants and those who moved to a different state, but also potentially to a lot of people who wouldn’t consider themselves new registrants. For instance, depending on how a state interpreted the bill’s language, moving to another county within the same state or to a new voting precinct could count as a new voter registration and trigger the citizenship proof requirement. States’ decisions on how to classify residential moves will affect whether the documents are needed, Sweren-Becker said. In 2024, about 26 million people relocated within the U.S., which is almost 8% of the total population, according to , a moving company. That data is likely an undercount because it might not include people who made short-distance moves without hiring a moving company. In the where people register by party, people who want to change their party affiliation would have to update their registration. So would people who change their names after they get married. Experts told us when major voting changes happen, there are bound to be errors that affect people’s registration. Such errors could force some voters to reregister. Aaron Blacksberg, federal policy counsel at the Institute for Responsive Government, a group that works with election officials, told PolitiFact in an email that ""it would not be correct to say that every voter would be required to re-register under the bill, but any registration update would require the voter to comply with the bill's proof of citizenship requirement."" Jacob Peters, a Kelly spokesperson, cited an by the liberal Center for American Progress about the legislation. It said that ""for a federal election cycle, approximately 80 million to 100 million Americans register to vote for the first time or for updates."" The article said that means that every two years, 80 to 100 million Americans would be affected by the legislation. The center cited state voter registration data compiled by the for the 2022 and 2024 elections. In the 2024 election, there were about . University of California-Los Angeles election law professor Rick Hasen said some of the questions about who would need to reregister would be hashed out in the courts if the legislation becomes law. But, he said, ""I think it’s unlikely to be read to require everyone to re-register."" What documents can people use to register to vote? Kelly also said ""your driver’s license, REAL ID, or military ID aren’t even good enough"" to register to vote. This is more accurate. The legislation says people need government documentation showing U.S. citizenship to register, such as a passport or birth certificate. It allows a U.S. military identification card but only if it is accompanied by a U.S. military record of service document showing that the applicant was born in the U.S. Military service members and veterans can obtain their . But a spokesperson for VoteVets, a liberal advocacy group, said that not every military service record lists a place of birth. The legislation also accepts a form of identification consistent with the requirements of the REAL ID Act that shows U.S. citizenship. However, most states do not show such citizenship information on driver’s licenses or REAL ID. A offer an optional enhanced ID that is only available for U.S. citizens. For example, about 16% of Minnesota drivers have that ID. Separately, a few states have passed laws since 2023 requiring that drivers licenses show citizenship, but not all drivers have them. For example, in , all U.S. citizens will have a citizenship marker — a black eagle in flight — displayed on new or renewed driver’s licenses and ID cards starting in 2026. In since July 1, 2025, all driver’s licenses and ID cards show the REAL ID designation and U.S. citizenship status. Florida drivers licenses will include whether someone is a U.S. citizen in if Gov. Ron DeSantis signs a bill as expected.",Amy Sherman,"March 24, 2026",https://www.politifact.com/factchecks/2026/mar/24/mark-kelly/reregister-vote-elections-SAVE-America-Act/
Social Media,"March 19, 2026",Video shows Israelis fleeing to Cyprus.,false,social media posts,Iran; Israel,"As the war continues in Iran, social media accounts are posting footage of people rushing to board a boat. The posts claim the video shows Israelis trying to escape to Cyprus, an island country in the Mediterranean Sea. ""Residents of Israel are fleeing illegally to Cyprus,"" a read. the video with similar captions. During the 12-day war between Iran and Israel in June 2025, news some Israelis evacuated to or were stranded in Cyprus. But we found no news coverage reflecting that it’s happening now. Reverse-image searches further show the video was taken in the Philippines. CNN Arabic that the video was first posted by a Facebook account based in the country. (We translated and read the CNN Arabic article using Google Translate.) The account , weeks before the U.S. and Israel attacked Iran on Feb. 28. The Filipino caption translates to, ""Racing to grab seats again."" In a , the account said the video showed a boat in Pasacao Port en route to San Pascual. Pasacao and San Pascual are municipalities in the Philippines’ Bicol region. The ship in the X video to match the motor vessel ""Virgen de Peñafrancia III - Tres Reyes,"" which is owned by marine transportation company . A frame in the video shows the ""Reyes"" lettering on the side, which can be found in of the vessel. The boat serves the route described in the Facebook comment, according to an from the Philippines’ Department of Transportation. The scenery in the video, particularly the greenery in the background, also matches the port’s found on Google Maps.​ (Screenshot, left, from original Facebook video; screenshot, right, from Google Maps) The video does not show Israelis fleeing to Cyprus. We rate that claim False.",Loreben Tuquero,"March 23, 2026",https://www.politifact.com/factchecks/2026/mar/23/social-media/israelis-fleeing-cyprus-video/
James Fishback,"March 11, 2026","""Youth underemployment for college grads is 70%"" nationwide.",false,speech,National; Jobs; Florida,"Florida Republican gubernatorial candidate James Fishback has focused much of his campaign on the concerns of his biggest supporters: young voters. The 31-year-old hedge fund manager from Davie, Fla., tapped into college students' insecurities about the job market during a March 11 University of Florida speech. ""The Republican party is leaving us behind at a time when our country is being auctioned off, when youth underemployment for college grads is 70%,"" Fishback . For a college graduate, underemployment generally means working in a job that doesn’t typically require a college degree, working in a part-time position because full-time, skills-based positions were inaccessible or being jobless. We found no evidence that U.S. youth underemployment is in the vicinity of 70%. The most reliable the rate is about 42%, with no significant swings in the last several years. Gary Burtless, a senior fellow at the Brookings Institution, said underemployment estimates for recent graduates are ""far lower"" than Fishback’s figure. ""Young adults with a four-year degree from an accredited U.S. institution"" are less likely to be out of the labor force and searching for work compared with peers who didn’t complete college, Burtless said. PolitiFact received no reply from Fishback’s campaign. What is the U.S. underemployment rate for college graduates? Although it’s a relatively new labor force statistic, the underemployment rate for all adults has stayed fairly steady since the U.S. Bureau of Labor Statistics began tracking it in 1994, with bigger upward swings during recessions. Since the mid-1990s, have been categorized as underemployed. The figure rose to more than 9 million during the 2008 Great Recession and 10 million during the COVID-19 pandemic. A report found that 42.5% of recent college graduates were underemployed as of December 2025. The study used census data and considered recent college graduates ages 22 to 27 with a bachelor’s degree or higher. The rate has fluctuated slightly since 2008, ranging from 38% to 48%, the study found. Underemployment rates were highest for graduates with degrees in criminal justice and performing arts. Other studies show varying estimates, but are also lower than Fishback’s stat. One found that 52% of graduates with bachelor’s degrees were underemployed a year after graduation and about 45% were underemployed a decade after graduation. Researchers used career histories of millions of bachelor-degree graduates, analyzing the Class of 2012’s employment patterns through 2022. Andrew Hanson, senior director at Strada Education Foundation and the report’s lead author, said the rate has been relatively stable. ""When looking at recent college graduates with bachelors degrees,"" Hanson said, ""it’s been around 40% historically, going up and down within about 10 percentage points."" A graduate’s major was the biggest predictor in underemployment, Hanson’s research found, followed by internship participation, which decreased the odds of underemployment by nearly 50%. Studies by , and offer underemployment estimates ranging from 25% to 50%, depending on methodology and the population analyzed. None came close to 70%.",Samantha Putterman,"March 23, 2026",https://www.politifact.com/factchecks/2026/mar/23/james-fishback/florida-youth-underemployment-college-graduate/
Tammy Duckworth,"March 18, 2026",“9% of American citizens don't have the identification that the SAVE act requires to vote. Almost 1 in 10.”,mostly-true,X post,National; Congress; Elections,"Democrats opposing the Trump-backed SAVE America Act say if the legislation passes, millions of Americans will lack the documents needed to register to vote and cast a ballot. Sen. Tammy Duckworth, D-Ill., said in a March 18 , ""9% of American citizens don't have the identification that the SAVE act requires to vote. Almost 1 in 10. This is a voter suppression bill."" The bill, formally named the Safeguard American Voter Eligibility Act, passed the House in February. The Senate began debating the legislation March 17; it does not appear to have the 60 votes needed to pass. Duckworth’s statement comes from credible research organizations and is largely accurate but needs context. When contacted for comment, her spokesperson pointed to data about proof of citizenship. SAVE America Act requires documentary proof of citizenship to register to vote Before casting ballots, people must register to vote. The SAVE America Act says people must present documentary proof of U.S. citizenship, and it lists options including a passport or REAL ID driver’s license that indicates citizenship. However, REAL IDs offered by most states do not show citizenship status. A handful of states offer the option of an enhanced ID that shows citizenship. Michigan, for example, has offered such IDs since 2008. About 2 million of Michigan’s 8.3 million driver’s license and state ID holders currently have this enhanced identification. Nationwide, people can also register to vote with a government-issued ID plus a birth certificate or naturalization certificate. Duckworth’s spokesperson pointed to a 2023 by the Center for Democracy and Civic Engagement at the University of Maryland and voting rights groups, including the Brennan Center for Justice. The survey asked 2,400 U.S. citizen adults if they had various federal government documents — a passport, birth certificate, naturalization certificate or certificate of citizenship. If the respondents indicated they did have one of these items, the pollsters asked if it was ""in a place where you could quickly find it if you had to show it tomorrow."" Just over 9% — or 21.3 million people when applied to the entire U.S. citizen adult population — either did not have or could not readily access documentary proof of citizenship, the survey concluded. The survey didn’t drill down into why some people couldn’t access them, but Michael J. Hanmer, a University of Maryland professor who oversaw the survey, said that some people hold the documents in another location. For example, college students may have birth certificates at their parents’ homes, and older Americans may have their documents stored at an adult child’s home. SAVE America Act requires a government photo ID to cast a ballot States administer elections and set laws, including on voter ID. The require some type of ID to vote while others use different methods to verify eligibility. The SAVE America Act would set standard rules nationwide. The legislation requires that people show nonexpired government-issued photo IDs to cast ballots. That could include a driver’s license, state ID, passport, military ID or ID issued by a tribal government. Student IDs, which currently allow, would be banned under the bill. On government ID, the survey that Duckworth’s spokesperson pointed to found just under 9%, or 20.8 million people, did not have a nonexpired driver’s license. Black and Hispanic Americans were less likely to have a current driver’s license compared with white people. People ages 18 to 24, and those with less education or income, were also less likely than other groups to have a nonexpired driver’s license. The survey was not specifically of registered voters. But another survey targeted voters, asking about their IDs. The 2024 showed that 97% of voters surveyed said they had a driver’s license. Eighty-five percent said ""yes"" when asked if their driver’s license was unexpired, showed the same name under which the voter was registered to vote, and displayed the same address where the voter was registered.. Legislation stemmed from falsehoods about voter fraud Trump has said the SAVE America Act is his top domestic priority. It follows years of his . Voter fraud is rare, including . In 2016, we found that people were than to impersonate someone else at the polls. We found anecdotal examples of people who cast mail ballots in the name of dead relatives, but the numbers are too small to affect a statewide election’s outcome. Cases of noncitizens voting are rare, too. If they vote, noncitizens risk deportation, fines or jail. When people register to vote, they sign a form attesting that they are U.S. citizens. Noncitizen voting is already banned in federal elections. Many Republican-led states are using federal data to look for noncitizens on their voter rolls. They are finding small numbers. Utah, for example, who never cast a ballot.",Amy Sherman,"March 20, 2026",https://www.politifact.com/factchecks/2026/mar/20/tammy-duckworth/SAVE-America-Act-voter-ID-drivers-licenses-REAL-ID/
Katie Britt,"March 19, 2026",“You can't shovel snow in New York City without an ID.”,mostly-false,press conference,National; Voter ID Laws; Workers,"Republican lawmakers advocating for the SAVE America Act — which would require government-issued photo ID to vote — often argue that Americans are already required to present ID for all sorts of everyday activities. A House Republican recently said ""it’s nuts"" one needs an ID to buy a six-pack of beer but not to vote. ( on IDs and alcohol purchases.) Other leaders have locked in on a dreaded post-blizzard activity. ""You can’t rent a home, you can't go to work, you can't shovel snow in New York City without an ID,"" Sen. Katie Britt, R-Ala., during a March 19 press conference. Britt’s shoveling remark met cold on ; people don’t need an ID to shovel their own sidewalk. Britt’s spokesperson told PolitiFact the senator was that hires residents to shovel snow following a major snowfall, and . Other , including President Donald Trump and of Florida, have when advocating for the SAVE America Act. ""If you apply for that job, you need to show two original forms of ID and a Social Security card,"" Trump Feb. 24 during his address. ""Yet they don't want identification for the greatest privilege of them all: Voting in America."" Republicans defending voter ID rules in the SAVE America Act say you need an ID to shovel snow in New York City. But that’s only if you are hired to shovel. Federal law requires identification to get paid. #nyc #snow #saveact #voterid #work #factcheck On Feb. 22, New York City Mayor Zohran Mamdani held a amid a snowstorm and was asked whether snow shovelers had to provide documentation. Mamdani said yes, and that this was part of a longstanding program in which the city pays shovelers, so it asks for ID. ""Federal law requires that employers get authorization and documentation to pay people for their work,"" Mamdani said. ""We are not allowed to just cut checks to individuals for their work."" Aaron Reichlin-Melnick, a lawyer and senior fellow at the American Immigration Council, an advocacy group, that the stems from the signed by President Ronald Reagan. That law, he said, requires that ""every person who wants to work in the United States now has to produce proof of their eligibility."" The requirement applies to U.S. citizens and noncitizens. States set their own voter ID requirements, and the majority of them require ID to cast ballots, though with some variation on what form of ID is acceptable. , for instance, requires a photo ID to vote and has a long list of acceptable ID cards, including student IDs. Alabama law also says that voters who lack photo ID can vote if election officials sign a sworn affidavit stating that the person is eligible. New York all voters to present identification when they show up at the polls. But if a voter does not provide valid ID when they register, they must show ID at the polling place when voting for the first time. Only U.S. citizens can vote in federal elections. The Trump-backed SAVE America legislation would establish identical laws for every state and require that voters show nonexpired, government-issued photo IDs to cast their ballots. Acceptable IDs include driver’s licenses, state-issued IDs, passports, military IDs or IDs issued by tribal governments. Student IDs, which are allowed in , would be banned as voter ID. People would also have to provide documentary proof of citizenship, such as a passport or birth certificate to register to vote. And people who to something other than what shows on their birth certificates would have to provide documentation showing the name change was legal or sign an affidavit. The House passed the SAVE America Act in February. Debate in the Senate began March 17.",Amy Sherman,"March 20, 2026",https://www.politifact.com/factchecks/2026/mar/20/katie-britt/can-you-not-shovel-snow-in-nyc-without-id-fact-che/
Elizabeth Warren,"March 3, 2026","“In the modern era, no American president has ordered more military strikes against as many different countries as Donald Trump.”",true,"a speech on March 3, 2026",Foreign Policy; Military,"Sen. Elizabeth Warren, D-Mass., is a critic of President Donald Trump’s military track record and his decision to attack countries across the Middle East, parts of Africa and Venezuela without congressional approval. In a Senate floor speech, Warren criticized Trump’s for beginning the Iran war and for backtracking on a campaign promise. ""He said he would be a president to stop wars, not start them. And Americans believed him. But now we face an ugly reality: In the modern era, no American president has ordered more military strikes against as many different countries as Donald Trump,"" Warren ""None."" We wondered if Warren’s statement was accurate, and how she defines the ""modern era."" When we reached out to Warren’s office for her evidence to support her statement, a spokesperson sent PolitiFact several news stories, including: A March 2 article with an opening that nearly matches Warren’s statement: ""No president in the modern era has ordered more military strikes against as many different countries as Donald Trump."" The Axios story defines ""modern era"" as presidents post-9/11: George W. Bush, Barack Obama, Trump and Joe Biden. An article from about Trump’s 2025 military strikes, including those against alleged drug smugglers in the Caribbean and Eastern Pacific. The Post reported that Trump authorized almost as many military strikes in 2025 as Biden did over his four-year term. An posted by The Recount, a politics-focused news organization, listing various countries, including in the Middle East, Africa and Venezuela, and faces of the 21st century president who ordered bombs there; Trump’s face appears next to each country. The outlet shared the graphic on Feb. 28, after Trump announced the U.S. and Israel’s Iran strikes. After reviewing these sources and additional reporting, we found that Trump has authorized the highest number of strikes and targeted the most countries compared with other 21st century presidents. Countries targeted by president So how many countries did each president target for military strikes? Trump’s count is the , according to many . From the start of his first term to now, Trump struck 10 countries. Since starting his second term in January 2025, he has struck seven countries and boats in the Caribbean Sea and Eastern Pacific Ocean. Biden’s military strikes hit five countries. Obama’s strikes hit seven countries over two terms. Bush’s strikes hit five countries over two terms. For context, Bush launched long-running wars in Afghanistan and Iraq after the Sept. 11, 2001, terror attacks. Obama ended the Iraq military operation in , but introduced new military operations in Iraq and Syria after the rise of the Islamic State. The Afghanistan war continued through Trump’s first term, with — amid a chaotic withdrawal and suicide bombing that killed 13 U.S. military members — in 2021. Most presidents’ military strikes have been focused on counterterrorism, including Trump’s 2025 strikes against groups such as the Islamic State in Syria and the Houthis, an Iran-backed military group in Yemen, according to the targeted by each president: Trump: Afghanistan, Iraq, Yemen, Pakistan, Somalia, Libya, Syria, Venezuela, Nigeria, Iran. Biden: Afghanistan, Iraq, Somalia, Syria, Yemen. Obama: Afghanistan, Iraq, Pakistan, Somalia, Yemen, Libya, Syria. Bush: Afghanistan, Iraq, Yemen, Pakistan, Somalia. Mark Cancian, a senior adviser with the Center for Strategic and International Studies’ Defense and Security Department, said the countries targeted were not surprising, even if Trump’s tactics were. For example, presidents have criticized Iran and Venezuela for years. ""It's been unpredictable, although his targets have been long discussed, both by him and by previous presidents,"" Cancian said. Cancian recommended looking at the number of ground troops in combat zones as a more revealing metric of a president’s military use. Trump has — — kept military activities to mostly air attacks. Cancian said the 1991 Gulf War and the 2003 Iraq invasion were much larger military operations compared with Trump’s activities in Yemen, Venezuela and Iran. The U.S. deployed more than troops at the outset of the Iraq invasion. What about overall strikes? Warren mentioned ""more military strikes against as many different countries,"" so we compared the presidents’ strike numbers. Military strikes encapsulate various tactics, including unmanned drone and precision missile strikes and air strikes, which requires dropping bombs or ballistic missiles from a manned aircraft. During Trump’s first term, he airstrikes on Somalia and Yemen compared with Obama, who already increased strikes on those nations during his presidency. Trump carried out more drone strikes during his first term than each of and ’s presidencies. In 2017, Trump authorized over more bombings on Iraq, Syria and Afghanistan than Obama and Bush did in each of their years with the highest military activity, and , according to the U.S. Air Forces Central Command. Biden was involved in the least military activity, authorizing air and drone strikes during his four-year term, significantly fewer than those in Trump’s first term and slightly more than the number of 2025 Trump strikes.",Zoe Weyand,"March 20, 2026",https://www.politifact.com/factchecks/2026/mar/20/elizabeth-warren/trump-military-strikes-iran-venezuela/
Charles Schumer,"March 17, 2026","The SAVE America Act “would force Americans to register (to vote) only in person, something only 5% of Americans do today.""",half-true,remarks to reporters,Corrections and Updates; Elections,"Democrats are fighting hard against the Republican-backed Safeguard American Voter Eligibility Act, or SAVE America Act, saying it would erect roadblocks for Americans seeking to register to vote or cast a ballot. As the Senate began several days of debate about the bill March 17, Senate Minority Leader Chuck Schumer, D-N.Y., the problems he said the legislation would cause. The act ""would force Americans to register (to vote) only in person, something only 5% of Americans do today,"" he told reporters. Schumer is correct that the act documentary proof of citizenship be presented in person to register to vote. But he’s wrong about the percentage of Americans who register to vote in person, according to federal data. Federal surveys show it’s higher than that. With President Donald Trump’s strong support, the House passed the SAVE America Act in February following years of falsehoods and exaggerations about noncitizen voting, something that . What does the bill say about in-person voter registration? The bill says someone seeking to register to vote ""shall not be registered to vote in an election for federal office unless the applicant presents documentary proof of United States citizenship in person to the office of the appropriate election official"" by the registration deadline. Eliza Sweren-Becker, deputy director for the voting rights and election program at the liberal Brennan Center for Justice, said this requirement would apply not only to new registrants and those registering in a new state, but also to potentially a lot of people who don’t consider themselves new registrants. For instance, depending on how a state interpreted the bill’s language, moving to a new county within a state or to a new voting precinct could count as a new voter registration and trigger the citizenship proof requirement. States’ decisions on how to classify residential moves will affect whether the documents are needed, Sweren-Becker said. The law is also vague about who qualifies as ""an election official,"" she said. Would that mean only election workers? Or would an employee of a motor vehicle agency — where many voting registrations are made — qualify? How many Americans currently register to vote in person? Data from the federal Election Assistance Commission shows the percentage of voters who register in person is significantly higher than Schumer’s count. A Schumer spokesperson told PolitiFact the senator referred to a by the liberal Center for American Progress that used data from a 2022 survey by the Election Assistance Commission. The report said at election offices. But the data Schumer cited, which is not the most recent available, excludes in-person registration at other government offices and at polling places. Every two years, the Election Assistance Commission compiles the Election Administration and Voting Survey. The most recent edition reflects 2024 election cycle , including the methods Americans used to register to vote during the two years before the 2024 election. The survey tracked at least six ways voters would have registered in person: at election offices (6%); at polling places and voting sites (2.2%); at public assistance offices (1%); at disability services offices (0.1%); at armed forces recruitment offices (0.1%); and at other public facilities, such as libraries (1.8%). Collectively, these add up to 11.2%. ""Clearly, more than the 5% or 6% going to elections offices are registering in person,"" said Matthew Weil, vice president for governance at the Bipartisan Policy Center, a think tank. An even larger share of voter registrations — 30.7% — came from motor vehicle agencies. allows voters to register to vote when they get driver’s licenses or do other automobile-related tasks. (For another 8.7% of voters, the registration method was not recorded.) Because some states allow voter registration online through motor vehicle agencies, and states’ policies on voter registration at those agencies vary, it’s unclear what share of that 30.7% is occurring in person versus online. The data doesn’t specify, a spokesperson for the Election Assistance Commission told PolitiFact. But voting administration experts said it was highly likely that many such registrations required an in-person visit. So the percentage of-in person voter registrations before the 2024 election was between 11% (if all motor vehicle agency registrations were online, which is unlikely) and 42% (if every motor vehicle agency interaction was in person). The survey listed four categories that do not require registering in person, and collectively they accounted for almost half of all voter registrations before the 2024 election. Automatic voter registration — an option in some states where voters are registered automatically unless they opt out — accounted for 25.2%. Online registration accounted for 13.9%; mail, email and fax registrations accounted for 8.3%; and voter registration drives accounted for 2%. ""A sizable share of Americans do register online and by mail, sharing their drivers license information for identity verification or showing ID when they vote,"" said Lisa Bryant, a political scientist at California State University-Fresno. ""These convenient options will very likely disappear if SAVE were passed.""",Louis Jacobson,"March 19, 2026",https://www.politifact.com/factchecks/2026/mar/19/charles-schumer/voter-registration-save-america-act-in-person/
Byron Donalds,"March 8, 2026",Florida school districts are the “biggest” drivers of increased property taxes.,mostly-false,interview,Education; Taxes; Florida,"Rep. Byron Donalds, Florida’s leading Republican gubernatorial candidate, supports eliminating all property taxes on primary residences, which would cut public school funding — a stance that sets him apart from other Republicans championing a state property tax overhaul. ""The biggest people who've actually increased property taxes on the hardworking men and women of our state are school districts,"" Donalds said in a . He pointed to Miami Dade, Broward, Hillsborough and Collier school districts and said they have decreasing enrollment but are collecting ""far more property taxes than they ever have."" Florida public schools around 40% of the state’s property tax revenue in recent years and typically make up the largest share of local taxes in homeowners’ bills. But they aren’t the main driver of property tax increases — that distinction goes to . School districts control some of the local tax money they receive and can choose to lower certain rates. Any increases, though, are subject to caps or voter approval. A large portion of school property tax revenue also comes via a mandatory rate the Florida Legislature sets that districts must levy to receive state funding. ""The primary driver of rising property taxes are rising property values,"" said Abigail Hall, a University of Tampa associate economics professor. ""Most of what is happening in terms of school funding is outside of the school districts’ control."" When reached for comment, a Donalds campaign spokesperson told PolitiFact that many Florida school districts have increased property taxes or are ""actively considering"" it. The spokesperson sent articles about , and several . The articles, however, don’t prove that school districts are the ""biggest"" drivers of higher property taxes. In Alachua County, for example, a school board budget that led to a 6% increase in property tax revenue was largely because home values in the county increased. The district kept its operating and infrastructure rates capped. Its overall budget decreased by about $8 million. Florida House Republicans of a property tax overhaul in February that would eliminate some property taxes on primary residences with voter approval, exempting schools. The Senate, however, didn’t take up the measure, raising the possibility of a special session. How are Florida’s public schools funded? School districts with federal, state and local money, with local funds almost exclusively coming from property taxes. State funding largely comes from sales taxes. Local governments, including school boards, set millage rates, which are used to calculate property taxes. One mill equals $1 of tax for every $1,000 of assessed property value. So a rate of one mill on a $200,000 house would equal $200 in annual taxes, excluding exemptions. Florida’s public schools primarily rely on three millage rates. One, called the ""Required Local Effort,"" is set annually by the Legislature and dictates what K-12 schools must collect from local taxpayers. Schools can reduce or increase two of the three primary millage rates, but those rates are still subject to under Florida law. So all millage rates that school districts levy have some level of state control. School boards can also request tax money to finance specific projects, such as or , via local voter referendum. ""While property tax collections may increase as property values grow, school district tax rates themselves are largely governed by state law and have trended downward over time,"" Nadine Drew, a Broward County Public Schools spokesperson, said. Hall agreed, saying, ""The state largely controls the rules. On the surface it may look like local officials appearing responsible for tax increases, but the underlying formula they’re required to use comes from the state."" What’s driving higher property taxes in Florida? Florida’s rising property taxes are influenced by several factors, but increasing home values are a primary driver. Nationwide, the average home sale price from $383,000 in 2020 to $534,000 in 2025, a nearly 40% increase. And , with its median home price rising from $330,000 in 2020 to $425,000 now, a 29% increase. Florida’s property taxes have similarly increased; in 2019, the state collected in property tax revenue, and in 2024 it collected , a 62% increase. A nonprofit’s 2025 examined the relationship between property values and property taxes. For Florida, researchers found a correlation between rising home values and rising tax revenue. That’s because the state has no laws limiting the amount of tax revenue local governments can collect, which would insulate homeowners from an inflated housing market. For the 2025-26 fiscal year, Florida school districts about $21.6 billion in property tax revenue. About $10.9 billion of that came from the state’s mandated millage. Bruce Baker, a University of Miami professor and public school financing expert, said data from 2017 to 2022 showed Florida’s K-12 education spending as a percentage of personal income declined faster than property taxation. This shows ""school spending from property taxation is not creating the pressure,"" he told PolitiFact in an email. (Bruce Baker, University of Miami) School districts can roll back millage rates Matthew Caldwell, the Lee County property appraiser and a former Republican lawmaker, said school taxes apply to a larger portion of a property’s value since they aren’t subject to certain exemptions, one reason they may appear outsized compared with other local taxes. Caldwell said districts can choose to roll back millage rates to prevent spikes in property taxes but typically don’t do that. School districts say they are hamstrung by Florida’s and declining student enrollment, which reduce state funding. Norín Dollard, a Florida Policy Institute senior policy analyst, said billion, or 24.2%, of the state’s general revenue education funding is now going to private school tuition and homeschoolers, which ""leaves county school districts responsible for a greater and greater share of support for public schools."" State revenue per pupil started to decline in 2000 and was replaced by increased local contributions, largely from property taxes, according to Baker conducted. ""The State Legislature has passed along much of the cost of operating elementary and secondary schools to local property taxpayers. Per pupil spending for Florida school districts is at or below where it was in 1993,"" Baker said.",Samantha Putterman,"March 19, 2026",https://www.politifact.com/factchecks/2026/mar/19/byron-donalds/school-districts-increase-florida-property-taxes/
Social Media,"March 15, 2026",Video shows toddler crying over casket of American service member killed in Iran.,false,social media posts,Iran; Military; Artificial intelligence,"At least 13 American service members have died so far in the U.S.-Israel war with Iran. Some online accounts are using the moment to share artificial intelligence-generated clickbait. One viral video showed a toddler-aged boy crying ""Daddy"" as he approached a flag-draped coffin. A woman follows and tries to console him, saying ""I’m right here, sweetheart."" A Facebook page March 15 with the caption, ""A Hero’s Final Farewell: Heartbreaking moment a son says goodbye to his father lost in the Iran conflict."" The video had 1.1 million views as of March 16. We saw the same video on , , , and . But online detection tools and AI experts said the video is very likely AI-generated. Several of the accounts sharing the video post other AI-generated content or acknowledge their content is not real. ( Screenshot of Facebook video ) This particular video is one of several similar videos circulating online. They each depict a , a mother and child crying over a casket. In different versions, the mother and child’s , as do their and . Many captions reference the Iran war. We tested several videos using , which said they all were over 95% likely to be generated using AI. We sent the video with to several AI-detection experts for analysis. ""At exactly 10-seconds in length, this is typical of AI-generated videos that max out at 10- to 15-seconds in length,"" said Hany Farid, a professor and digital forensics expert at the University of Berkeley, California. Farid also flagged some visual anomalies, such as the child’s hand disappearing and casket. Experts at Northwestern University’s Security and AI Lab also analyzed the video and said it was ""likely generated via artificial intelligence."" Analysts pointed out several more visual cues, like the blurry faces of the soldiers in the background and moments of malformed hands and faces. Hafiz Malik, a University of Michigan computer engineering professor, said one motive for sharing these videos may be to spread inaccurate information, but another might be financial. ""People are emotionally very charged, so more clicks, more money,"" he said. The success of one video can motivate copycats. Another media literacy trick that can help and doesn’t require a computer science degree: Examine the source pushing the video. One of the that posted the video, Critter PD, says in its bio that it posts ""fictional content for a real cause."" Another Facebook page, Female Forces USA, has posted numerous clips of U.S. service members’s caskets in recent weeks. Most appear to be AI-generated — you can tell by the American flags that are often , with in the or in the wrong spot. So far, the U.S. military has the remains of of the 13 service members who died. that at three of the seven service members whose remains have been returned left behind children, but none are toddlers as the video depicts.",Grace Abels,"March 16, 2026",https://www.politifact.com/factchecks/2026/mar/16/social-media/video-of-toddler-crying-over-us-service-member-kil/
Social Media,"March 13, 2026",An AI video is proof that Israeli Prime Minister Benjamin Netanyahu is dead.,pants-fire,social media posts,Iran; Israel; Artificial intelligence,"On March 12, Israeli Prime Minister Benjamin Netanyahu gave his first press conference since the U.S. and Israel first attacked Iran. Some social media users doubted the authenticity of the video address, and led them to question whether Netanyahu was still alive. ""Rumors swirling that the Prime Minister of Israel - Netanyahu - is dead after this video has been released of him LIVE on TV,"" one March 13 read. ""Look at the 6 fingers."" ""Breaking: Latest video released by the israeli government shows that it was ai generated because netanyahu has 6 fingers,"" read another March 13 . ""Is Netanyahu dead?"" In the image, Netanyahu is pointing with both hands, and social media users said his right hand appears to have six fingers. But upon closer look at the , Netanyahu’s hands looked normal. A trick of light likely made part of his palm appear to be an extra finger. (Screenshots from the Israeli Government Press Office YouTube video) The full press briefing can be found . There are no other indications that it was altered or generated with artificial intelligence. Netanyahu interacted with reporters over video conference. He gestured with his hands a lot and no irregularities appeared. on Netanyahu’s press briefing. A video of Netanyahu’s press conference doesn’t prove he is dead. We rate this claim Pants on Fire!",Loreben Tuquero,"March 13, 2026",https://www.politifact.com/factchecks/2026/mar/13/social-media/netanyahu-dead-video-artificial-intelligence/
Chris Wright,"March 12, 2026",The U.S. produces “more oil than we can consume. We’re a net oil exporter.”,half-true,interview with Fox News,Energy; Trade,"With the Iran war prompting oil transport blockages in the Middle East that are pushing up oil and gasoline prices, Energy Secretary Chris Wright has become a public face of the Trump administration’s efforts to calm consumers. In a March 12 on Fox News, Wright downplayed the impact on the U.S. from stalled traffic in the , through which about one-fifth of the world’s oil traffic flows. ""The United States — we produce more oil than we can consume. We’re a net oil exporter,"" Wright said. This comment misses some important context. Some metrics show the U.S. as a net exporter, but for crude oil — the material that’s refined into gasoline — the U.S. is a net importer. Also, a net exporter status wouldn’t help keep gasoline prices down for consumers in a situation like the blockage in the Strait of Hormuz. Net exporter status ""has essentially no impact on the prices Americans pay at the pump,"" said Clark Williams-Derry, an energy finance analyst at the Institute for Energy Economics and Financial Analysis. That’s because gasoline prices are set internationally, so U.S. consumers inevitably get hit if the price goes up elsewhere, he said. Is the U.S. a net oil exporter? In 2020, the U.S. became a of ""crude oil and petroleum products"" for the first time in decades, and it has remained that way, with some blips. This is not the same thing as saying the U.S. is a net exporter of crude oil, which is the material that gets refined into gasoline and that motorists buy at the gas station. Crude oil can be refined into many other products, including kerosene and plastics. Looking solely at the U.S. trade in crude oil, the balance reverses: The U.S. is a net importer of crude oil. In 2025, the U.S. 6.2 million barrels a day in crude oil and almost 4 million barrels per day of crude oil. The reason has to do with a refinery mismatch. Crude is graded by its weight and its ""sweetness,"" a measure of the oil’s sulfur content. Most U.S.-produced oil is ""light"" and ""sweet;"" some U.S. refineries can process it, but many cannot. These other refineries are built to process heavier, less sweet crude (also called heavy, sour crude) from the Middle East and other overseas suppliers. That’s a holdover from past decades, when the U.S. was primarily importing its crude. The mismatch keeps the U.S. from simply using its own crude production to serve all its domestic needs. Changing the mix of refineries to accommodate U.S.-produced crude oil would be expensive and take years to complete. In a statement to PolitiFact, the Energy Department said the distinction between the two statistics isn’t relevant and that Wright didn’t say the U.S. is a net exporter of crude oil only. ""Oil is consumed in the form of processed crude oil known as crude products, be it jet fuel, diesel, vehicle gasoline, kerosene, etc.,"" the department said. ""When people think of American oil exports, they associate fuels like gasoline into that equation. It doesn’t matter what form the oil is in — America is a net exporter."" Does the U.S. produce enough crude oil to cover its needs? Even if the refinery mismatch could be solved, it’s not clear that the amount of crude oil the U.S. is producing today would cover the country’s entire needs. The U.S. Energy Information Administration does not directly measure U.S. crude oil consumption, which makes it difficult to definitively answer this question. However, the agency’s ""petroleum product supplied"" measure datapoint. Since January 2025, the amount of to the U.S. has consistently been about 7 million barrels a day higher than the amount of crude oil the . That gap is roughly equivalent to the amount of U.S. crude oil imports, which provides support for this calculation. ""At the very least, I would not say that we produce more oil than we consume,"" said Hugh Daigle, a University of Texas-Austin petroleum and geosystems engineering professor. Why these comparisons aren’t really on point Even if the U.S. could fulfill its crude oil needs domestically, that would still not keep U.S. motorists from feeling pain from the blockage of oil traffic in the Strait of Hormuz, experts said. Unlike, say, North Korea — which is largely cut off from global trade — the U.S. has chosen to participate in the global market for crude oil. This enables the U.S. to sell some of its product to other countries, but it also leaves the U.S. dependent on global price-setting for oil. In times of inexpensive oil, this is good; in times of a regional crisis it’s not. ""For decades, the bipartisan consensus among energy policymakers has been to cede production and pricing decisions to ‘the market,’"" Clark Williams-Derry, energy finance analyst at the Institute for Energy Economics and Financial Analysis, said. ""This means, in effect, that oil and gas companies decide how much Americans pay for fuel. We don't have a policy to reserve fuel for domestic markets to keep price spikes in check."" For American consumers worried about how much it costs to fill up the tank, he said, ""the focus on our status as a ‘net exporter’ is an irrelevant distraction.""",Louis Jacobson,"March 13, 2026",https://www.politifact.com/factchecks/2026/mar/13/chris-wright/us-iran-crude-oil-net-exporter-gas-prices/
TikTok posts,,El líder de Corea del Norte Kim Jong Un dijo que “ningún Dios podrá proteger a Estados Unidos de nuestras nuevas armas”.,false,,Foreign Policy; PolitiFact en Español; Artificial intelligence,"El líder norcoreano Kim Jong Un no ha invocado el nombre de Dios para amenazar a Estados Unidos con sus nuevas armas como hace creer un video engañoso en redes sociales. El del 6 de marzo muestra a Kim dando un discurso ante una audiencia, imágenes de armas y del presidente Donald Trump. ""Ningún Dios podrá proteger a Estados Unidos de nuestras nuevas armas"", dice supuestamente Kim en el video con más de un millón de vistas. (Captura de pantalla de publicación en TikTok). La publicación también muestra a quien parece ser el , presentador de NBC Nightly News y Telemundo, dando la supuesta noticia. ""Escucha esto antes de que lo borren, Kim Jong Un lanza una frase que hiela la sangre dice que ningún Dios podrá proteger a Estados Unidos de sus nuevas armas"", dice el supuesto Díaz-Balart. No encontramos evidencia en las de Díaz-Balart, o en los archivos de NBC y Telemundo tanto en sobre un reporte relacionado al video en TikTok. Natalie Vela, investigadora de inteligencia artificial para el Institute for Strategic Dialogue, analizó el video para PolitiFact y dijo que la parte del discurso de Kim fue generado con inteligencia artificial. En cuanto a los clips de Díaz-Balart, Vela dijo que fueron manipulados con IA para que coincidieran con el audio falso del video. El profesor V.S. Subrahmanian y el investigador Marco Postiglione del laboratorio de seguridad e inteligencia artificial de la Universidad de Northwestern, también analizaron los clips y el audio del video y le dijeron a PolitiFact que creen que fueron generados con inteligencia artificial. En febrero, Kim en un sobre un nuevo sistema de armas dijo que cuando se usen, ""ninguna fuerza podrá esperar la protección de Dios"". Pero él no mencionó a EE.UU. El gobierno norcoreano el 11 de marzo su apoyo hacia el nuevo lider de Iran, el ayatolá Mojtaba Jameneí, después de que su padre, Alí Jameneí, muriera en los bombardeos de Estados Unidos e Israel. Asimismo, un portavoz del Ministerio de Exteriores norcoreano expresó su ""profunda preocupación"" y llamó ""ilegal"" la agresión de Estados Unidos e Israel hacia Irán. La hermana de Kim criticó a Estados Unidos y Corea del Sur el 10 de marzo por seguir adelante con sus maniobras militares conjuntas anuales y advirtió que cualquier desafío a la seguridad del Norte traería ""terribles consecuencias"", The Associated Press. Kim también ha estado pruebas de misiles junto a su hija y dijo que está su marina con armas nucleares. Pero no encontramos reportes de medios verídicos de que Kim dijera la frase exacta del video en TikTok. ¡Sigue el canal de WhatsApp de PolitiFact en Español para estar al día de lo que es cierto, falso, engañoso o fuera de contexto! Al hacer una búsqueda de imagen inversa usando una captura de pantalla del video de Kim en TikTok, encontramos que la misma imagen de él usando el traje negro y con la audiencia borrosa de fondo fue publicada por en el 2018. Parece que el creador del video en TikTok le pidió a la inteligencia artificial que convirtiera la imagen publicada por , en el video de Kim hablando, según Subrahmanian y Postiglione. Ellos también notaron otras inconsistencias en el video engañoso. La voz de Kim no coincide con el movimiento de su boca y sus manos y brazos tienen apariencia como si fueran de caricatura. Además, se ven anormalidades alrededor de la zona de la boca de Kim. En particular, los dientes parecen tener formas irregulares y antinaturales. También notamos que la que compartió la publicación, la cual se hace pasar por un noticiero local, ha hecho otros video con inteligencia artificial usando la imagen del futbolista argentino Lionel Messi, Trump y el Secretaria de Estado Marco Rubio. Ya que Kim no dijo que ""ningún Dios podrá detener a Estados Unidos de nuestras nuevas armas"", calificamos la publicación como Falsa.",Maria Briceño,"March 12, 2026",https://www.politifact.com/factchecks/2026/mar/12/tiktok-posts/Kim-corea-del-norte-ia-eeuu-dios-armas/
X posts,"March 9, 2026","""BREAKING: So the Israeli media reports Itamar Ben‑Gvir died in a 'car crash,' while in fact he’s been obliterated by an Iranian missile strike on his home.""",false,X post,Iran; Israel; Foreign Policy,"With the Iran war nearing its second week, social media posts shared unfounded reports that a key Israeli political figure was killed. A March 9 showing an image of Israel National Security Minister Itamar Ben-Gvir said Israeli and Iranian media reported his death. ""BREAKING: So the Israeli media reports Itamar Ben‑Gvir died in a ‘car crash,’"" the post read, garnering more than 623,000 views as of the morning of March 11. ""While in fact he’s been obliterated by an Iranian missile strike on his home."" (Screenshot of X post.) The Ben-Gvir has relocating Palestinians from Gaza. He has also been for supporting terrorism and inciting anti-Arab racism, CNN reported in 2024. In January 2025, Ben-Gvir in , but Israel Prime Minister Benjamin Netanyahu’s him in March 2025. Hundreds of people have been across the Middle East during the Iran war, but Ben-Gvir isn’t among them. He also hasn’t been in a recent car accident, as the social media posts claim. Ben-Gvir was injured and taken to the hospital after a as he returned from a stabbing scene in the city of Ramle, Israel. But neither the Israeli government nor any credible news outlets have released recent about Ben-Gvir’s demise, either from an automobile accident or from a strike on his home. Ben-Gvir’s verified TikTok account a March 10 video in Hebrew with the caption, ""I'm alive, God willing,"" and he went on to debunk clips and headlines that said he was dead. We translated the video and caption from Hebrew to English using and . Ben-Gvir also posted March 10 at least three times on his and accounts. Other news outlets the claim that Ben-Gvir is dead. An Iran war (which we translated from Hebrew to English using ) says the claim that Ben-Gvir was killed by an Iranian attack isn’t true, and that its purpose is to ""create the impression that Iran is capable of penetrating Israel's security alignment and directly harming key decision-makers."" We rate the claim that Ben-Gvir died False. PolitiFact Researcher Caryn Baird contributed to this report.",Maria Briceño,"March 11, 2026",https://www.politifact.com/factchecks/2026/mar/11/tweets/Israel-Minister-Ben-Gvir-no-dead/
Donald Trump,"March 9, 2026",Iran “also has some Tomahawks.”,false,press conference,Iran; Military,"Speaking at a press conference on the 10th day of U.S. and Israeli strikes on Iran, President Donald Trump evaded questions about whether the United States was at fault for a deadly Feb. 28 attack on an Iranian girls’ school. Reporters Trump twice about the strike, which shows was carried out by a , an American-made weapon that can be launched from ships, submarines or ground launchers at targets 1,000 miles away. Iranian media reported the air assault killed 175 people at the school, many of them children. Trump twice declined to say that the U.S. had hit the Shajarah Tayyebeh elementary school, which was located near an Islamic Revolutionary Guards Corps facility. He instead raised the possibility that a Tomahawk could have been fired by another country, including Iran. Here’s the : Reporter : ""There's footage that shows that an American missile strike and a Tomahawk missile likely destroyed that Iranian girls' school. So … will the U.S. accept any responsibility for that strike?"" Trump : ""Well, I haven't seen it, and I will say that the Tomahawk, which is one of the most powerful weapons around is … sold and used by other countries. You know that. And whether it's Iran, (which) also has some Tomahawks. They wish they had more. But whether it's Iran or somebody else, the fact that a Tomahawk — a Tomahawk is very generic. It's sold to other countries. But that's being investigated right now."" The exchange prompted . Reporter : ""Mr. President, you just suggested that Iran somehow got its hands on a Tomahawk and bombed its own elementary school on the first day of the war. But you're the only person in your government saying this. Even your Defense secretary wouldn't say that when he was asked standing over your shoulder on your plane on Saturday. Why are you the only person saying this?"" Trump : ""Because I just don't know enough about it. I think it's something that I was told is under investigation, but Tomahawks are used by others, as you know. Numerous other nations have Tomahawks — they buy them from us. But … whatever the report shows, I'm willing to live with that report."" Although a few countries other than the U.S. have Tomahawks, none of them is engaged in fighting Iran. Tomahawk cruise missiles are by , a U.S. company, for use by the U.S. military and international partners. ""The only other countries using Tomahawks are Japan, the United Kingdom, Australia and the Netherlands,"" said Mark F. Cancian, a senior adviser for the Center for Strategic and International Studies, a national security-focused think tank. ""Iran has none, though it has lots of missiles of different kinds."" Jeffrey Lewis, the director of the Middlebury Institute of International Studies’ East Asia nonproliferation program, agreed. ""Tehran does not have Tomahawks, and Iranian cruise missiles are visually distinct,"" Lewis said. N.R. Jenzen-Jones, director of the intelligence firm Armament Research Services, similarly that Iran does not have Tomahawk missiles like those seen in video of the strike. New video footage shows a US Tomahawk missile hitting an IRGC facility in Minab, Iran, on Feb 28, showing for the first time that the US struck the area. The footage also shows smoke already rising from the vicinity of the girls’ school, where 175 people were reportedly killed, including children. — Bellingcat ( ) Israel also to have Tomahawks. The White House did not respond to inquiries for this article. In a March 10 floor speech, Senate Minority Leader Chuck Schumer, D-N.Y., criticized Trump’s assertion. ""Iran doesn't have Tomahawk missiles, Donald Trump,"" Schumer said. ""The claim is beyond asinine."" Republican lawmakers expressed concern as well. Sen. Kevin Cramer, R-N.D., the U.S. ""ought to get to the bottom of it for sure. And admit if we know whose fault it is and do everything we can to eliminate those mistakes going forward."" Officially, the incident remains under Pentagon investigation, as Defense Secretary Pete Hegseth said when asked on Air Force One about the strike . Analysts from the investigative group and separately viewed footage and concluded that the weapon was a Tomahawk, which is about and has a wingspan of eight and a half feet. Video released by the U.S. Central Command showed several Tomahawks being launched from Navy ships on Feb. 28, the day the school and nearby targets were hit.",Louis Jacobson,"March 10, 2026",https://www.politifact.com/factchecks/2026/mar/10/donald-trump/trump-tomahawk-missile-iran-school/
TikTok posts,,"El Presidente de El Salvador Nayib Bukele dijo, “con las guerras que ha empezado Donald Trump les pido a todos los inmigrantes en Estados Unidos que piensen en salir de ese país”.",pants-fire,,Iran; Foreign Policy; PolitiFact en Español; Artificial intelligence,"El Presidente de El Salvador Nayib Bukele no llamó a los migrantes en Estados Unidos a irse del país como dicen videos virales en redes sociales. Un en TikTok del 5 de marzo muestra a Bukele dando un supuesto discurso contra las políticas exteriores del Presidente Donald Trump con la canción ""Así Fue"" de Juan Gabriel de fondo. ""Con las guerras que ha empezado Donald Trump les pido a todos los inmigrantes en Estados Unidos que piensen en salir de ese país, las consecuencias de sus decisiones pueden ser muy duras"", dice el video con más de 4 millones de vistas. ""Si Irán, Rusia y China se unen, Estados Unidos no podrá defenderse tan fácil como muchos creen"". (Captura de pantalla de publicación en TikTok). Otros usuarios en y también compartieron videos con el mismo supuesto audio de Bukele. Pero no hay evidencia de que Bukele dijo eso, el audio fue generado con inteligencia artificial. Al introducir el video a los detectores de inteligencia artificial, incluyendo y , estos encontraron que el audio tenia un 99.5% de probabilidad de ser generado con IA o un 24% de autenticidad, siendo probablemente un audio manipulado con inteligencia artificial. Los movimientos de labios de Bukele fueron manipulados para coincidir con el audio engañoso. Al hacer una búsqueda de imagen inversa encontramos que el de Bukele es del 2023 cuando Joe Biden era el presidente de EE.UU. En el video se ve el mismo mueble marrón de fondo y se ve a Bukele usando la misma banda de la bandera de El Salvador, el traje negro con la camisa blanca y el pañuelo azul en su bolsillo izquierdo. Al investigar sobre la cuenta de TikTok que el video engañoso, encontramos que esta se quiere hacer pasar por un medio de comunicación legítimo. Notamos que tomó el logo de y se hace llamar ""Últimas Noticias"". La cuenta también ha publicado otros vídeos manipulando la imagen de Bukele y la presidenta de México, Claudia Sheinbaum, usando la inteligencia artificial. Al buscar en , no encontramos ningún discurso de Bukele en el que llamara a los inmigrantes en EE.UU. a pensar irse del país debido a la reciente guerra en Irán o por otros conflictos en los que EE.UU. ha estado involucrado. Al contrario, Bukele fue uno de los líderes latinoamericanos presentes en la el 7 de marzo. En esta, Trump una proclamación para impulsar una nueva ""coalición militar"" con varios países, incluyendo a El Salvador, contra el crimen organizado. En su discurso ese día, Trump que tenía una relación cercana con Bukele y que ha sido un gran presidente. Ya que no hay evidencia de que Bukele le pidió a los inmigrantes salir de EE.UU., calificamos la publicación como Ridícula y Falsa.",Maria Briceño,"March 9, 2026",https://www.politifact.com/factchecks/2026/mar/09/tiktok-posts/nayib-bukele-no-pidio-que-migrantes-salgan-de-eeuu/
X posts,,“El régimen de Irán ha confesado que (el Cuerpo de la Guardia Revolucionaria Islámica) bombardeó por error… una escuela iraní” el 28 de febrero.,false,,Children; Iran; Israel; PolitiFact en Español,"Más de 100 personas, incluyendo niños y niñas, fueron asesinadas en un bombardeo con misiles contra una escuela de niñas en el sur de Irán, según reportó el gobierno iraní. El ataque del 28 de febrero en Minab ocurrió el mismo día en que Estados Unidos e Israel comenzaron a bombardear Irán, acusándolo de estar construyendo armas nucleares que amenazan a EE.UU. y sus aliados. Algunos usuarios en redes sociales afirmaron que el Cuerpo de la Guardia Revolucionaria Islámica, una de las fuerzas armadas de Irán, se adjudicó el ataque. ""El régimen de Irán ha confesado que el CGRI bombardeó por error una escuela iraní ayer, matando a muchos menores"", dice una en X del 1 de marzo, que acumulaba más de 6.3 millones de visualizaciones hasta la mañana del 6 de marzo. Otra en X, con 2.5 millones de visualizaciones hasta el 6 de marzo, dice: ""Irán admite que fue un misil del CGRI el que mató a 148 niñas de una escuela. El régimen de Irán ha confirmado oficialmente que el CGRI bombardeó por error una escuela iraní ayer, matando a muchos niños"". La publicación incluye capturas de pantalla de una cuenta de Telegram llamada ""Radio Gilan"". ""Un misil aeroespacial del CGRI impactó una escuela en el condado de Minab, en la provincia de Hormozgan"", dice una traducción de la en Telegram del 28 de febrero. ""El Cuerpo de la Guardia Revolucionaria Islámica anunció que se trató de un error involuntario y que se tomarán medidas severas contra los responsables de esta acción"". Ni EE.UU. ni Israel han asumido responsabilidad por el ataque y tampoco existe evidencia de que el gobierno iraní lo haya hecho. El gobierno iraní indicó que el ataque fue perpetrado por fuerzas estadounidenses e israelíes. ¡Sigue el canal de WhatsApp de PolitiFact en Español para estar al día de lo que es cierto, falso, engañoso o fuera de contexto! Irán no se atribuyó el ataque Inmediatamente después del ataque y en los días posteriores, el gobierno de Irán y los medios estatales iraníes culparon a EE.UU. e Israel. ""Estados Unidos e Israel lanzaron un acto de agresión atroz e injustificado contra Irán al atacar indiscriminadamente ciudades iraníes"", publicó el vocero del Ministerio de Relaciones Exteriores de Irán, Esmaeil Baghaei, el 28 de febrero en . ""En un solo caso, atacaron una escuela primaria en #Minab, provincia de Hormozgan, matando y mutilando a decenas de niñas inocentes. Este es un crimen flagrante"". En una del 2 de marzo, Baghaei volvió a decir que el ataque a la escuela fue causado por ""misiles estadounidenses e israelíes"". Hossein Kermanpour, vocero del Ministerio de Salud de Irán, también dijo en el 28 de febrero que ""un misil enemigo impactó una escuela primaria de niñas"". PolitiFact no encontró anuncios oficiales, reportes de medios estatales ni artículos de prensa que indiquen que el gobierno de Irán haya asumido la responsabilidad del ataque. El Comando Central de Estados Unidos no respondió a la consulta enviada por PolitiFact, pero entregó una declaración a : ""Tenemos conocimiento de informes sobre daños a civiles como resultado de operaciones militares en curso. Nos tomamos muy en serio estos informes y los estamos investigando"". El dijo el 5 de marzo que según un análisis de imágenes satelitales, videos verificados y declaraciones oficiales sobre el posicionamiento de las fuerzas estadounidenses, ""sugiere que lo más probable es que aquellas hayan realizado el ataque"". Dos oficiales anónimos le dijeron a que los investigadores militares de EE.UU. creen que es probable que las fuerzas armadas estadounidenses hayan sido las responsables del ataque. Calificamos como Falsa la afirmación de que el régimen iraní confesó que el Cuerpo de la Guardia Revolucionaria Islámica bombardeó una escuela iraní. PolitiFact es parte de la red . El texto original, escrito en inglés, fue traducido por Francisca Eade del equipo de verificación de, , una organización miembro de Latam Chequea.",Maria Ramirez Uribe,"March 6, 2026",https://www.politifact.com/factchecks/2026/mar/06/tweets/Iran-responsabilidad-Minab-escuela-ataque-EEUU-Isr/
Social Media,"March 3, 2026",Iran released a list of U.S. cities it will target.,false,a post,National; Iran; Military,"Social media posts raised concerns amid the Iran war about a list of U.S. cities and military bases Iran plans to attack. Users claimed the lists came from Iranian leaders, when they really originated from news stories predating the war. ""IRAN DROPPED A LIST. SUMMER IS CANCELED,"" a March 3 said. The list of 11 cities includes technology and government hubs, such as Washington, D.C., and San Francisco, and places with military bases, from Honolulu to Omaha, Nebraska, to Shreveport, Louisiana. (Screenshot of Instagram post.) This list or similar ones have been circulating across TikTok, and . The Daily Mail published about which U.S. cities would be vulnerable to nuclear attacks in ""World War 3."" The International Business Times presented them in a Jan.19 headlined, ""Full list of 15 US cities on nuclear target if 'World War 3' erupts — is yours one of them?"" Alex Wellerstein, a Stevens Institute of Technology nuclear historian who was quoted in the Daily Mail story, told PolitiFact that the most vulnerable cities depend on the adversary launching the attack. ""In general I would emphasize that no matter the scenario imagined, we do not know the war plans that such nations have, and so could only speculate based on what we think their targeting philosophy, strategic goals, and technical capabilities are,"" Wellerstein said by email. Since the U.S. and Israel launched military strikes Feb. 28, Iran’s counterattack has targeted Israel and U.S. military bases in Iraq, Qatar, Saudi Arabia, Bahrain, the United Arab Emirates, Oman and Kuwait. The March 1 attack in Kuwait killed U.S. service members. In an internal memo , the Department of Homeland Security said an Iranian homeland attack on the U.S. is unlikely, but some lone actors and cyberattacks pose a threat. The DHS bulletin said lone offenders are not typically motivated by Iranian issues, but U.S. and Israeli actions might lead some people to attack targets perceived as Jewish, pro-Israel or linked to the U.S. government or military. A 2025 federal government estimates that Iran is years away from producing long-range missiles that could reach the continental U.S., and nuclear policy experts agree. ""I do not think Iran has the nuclear capabilities to attack the continental US. I don't think they have a nuclear capability at all. There is no reason to think that even if they did have a nuclear capability, that they had any technical means of reaching the United States with it,"" Wellerstein said.",Zoe Weyand,"March 6, 2026",https://www.politifact.com/factchecks/2026/mar/06/social-media/iran-us-military-attack/
Ashley Moody,"March 3, 2026","The Biden administration ""reversed"" a policy of deporting people in the country illegally who have committed felonies.",false,Senate hearing,Immigration; Crime; Florida,"In a hearing where senators grilled the Department of Homeland Security Secretary Kristi Noem on immigration enforcement under her watch, Noem had a friend in Florida Republican Sen. Ashley Moody. After praising the agency’s deportation actions, Moody turned her ire at former President Joe Biden, a Democrat. ""President Biden came in and upended precedent of Democratic and Republican presidents,"" Moody . ""And that precedent was to deport those here illegally that had committed felony crimes — from trafficking to violent crimes to other types of crimes — where they would have been deported. They stopped doing that. They reversed that policy."" As evidence, Moody’s press office referred PolitiFact to a Jan. 20, 2021, and a issued later the same day. The executive order rescinded a 2017 Trump administration order that made anyone illegally in the country a deportation priority. The Biden-era DHS memo, meanwhile, paused some deportations for 100 days and directed agencies to review immigration enforcement policies. Neither proves that Biden stopped or reversed policy to deport criminals. PolitiFact has rated . The Biden administration’s deportation moratorium was temporary and did not apply to everyone. Still eligible for deportation were new arrivals at the border, people who were suspected of engaging in terrorism and people who the agency determined posed a danger to national security and public safety. Public safety threats included people convicted of an aggravated felony, which includes murder, rape or sexual abuse of a minor. In the last two years of Biden’s term, his administration deported more than 413,000 migrants — 158,665 of them with criminal charges or convictions. The U.S. oversaw more than 4.6 million total removals, returns and expulsions combined throughout his term, . What were Biden’s actions on deportations? On his first day in office, Biden revoked several of Trump’s first-term executive orders on immigration and directed DHS to prioritize protecting national security, border security and public safety, using prosecutorial discretion. The Jan. 20, 2021, acknowledged that, because of resource constraints and increased illegal border crossings, resources should be directed to the border and removals should be prioritized for people who pose a threat, or who entered the U.S. after Nov. 1, 2020. The 100-day deportation pause lasted only a few days before a federal judge it. On Feb. 18, 2021, Tae D. Johnson, then-acting director of Immigration and Customs Enforcement, repeating that the agency would focus deportation efforts on threats to national security, border security and public safety. ""Individuals are presumed to be a threat to public safety if, for example, they have been convicted of an aggravated felony or engaged in certain activity as part of a criminal gang or transnational criminal organization and there is reason to believe they currently pose a threat,"" An includes murder, rape or sexual abuse of a minor. ICE also said immigration officers and agents were not prohibited from arresting, detaining or removing people not on the priority list. Those actions, though, would be ""subject to advance review,"" the guidance said. In September 2021, then-DHS Secretary Alejandro Mayorkas , saying the agency would continue focusing on removing noncitizens who threaten national security, public safety and border security and start conducting case-by-case assessments. ""For the first time, our guidelines will, in the pursuit of public safety, require an assessment of the individual and take into account the totality of the facts and circumstances,"" . The guidelines, Mayorkas said, would serve as ""a break from a categorical approach to enforcement,"" with the assessments aimed to ensure resources were focused on people who posed a threat. Courts also halted those guidelines in 2021, before they were in 2023 after a U.S. Supreme Court decision. The court that no administration has had enough resources to arrest or remove all people illegally crossing the border, and the federal government, therefore, had to prioritize the use of available resources. Beyond ICE’s immigration enforcement unit, the agency also has a division, which focuses on cases related to human smuggling and trafficking, money laundering, transnational gang activity, and other crimes. Biden did not order any freeze or reversal of that unit. How many people did Biden deport? Overall, deportations were lower in the first years of the Biden administration. A lot of that had to do with a surge of migrants at the border. When ICE sent many of its agents to the border to help Customs and Border Protection remove recent arrivals in 2021 and 2022, deportations dropped. was also still in place, resulting in more people being instead of possibly deported later on. in the last two years of Biden’s presidency. In fiscal years and combined, Biden’s administration deported over 413,000 noncitizens — 158,665 of them with criminal charges or convictions. Another 7,100 known or suspected gang members were also removed, as well as 376 known or suspected terrorists. Throughout Biden’s term, the U.S. oversaw over 4.6 million total removals, returns and expulsions combined, according to PolitiFact’s analysis of .",Samantha Putterman,"March 5, 2026",https://www.politifact.com/factchecks/2026/mar/05/ashley-moody/immigration-biden-deportation-criminals-policy/
Donald Trump,"March 3, 2026",The 2015 Iran nuclear agreement “gave (Iran) the right to have top-of-the-line nuclear weapons.”,false,remarks at the White House,Iran; Foreign Policy; Military; Nuclear,"Just days after launching a war against Iran, President Donald Trump favorably compared his efforts eliminating Iran’s nuclear weapons capability to a 2015 deal negotiated by one of his predecessors. President Barack Obama’s nuclear with Iran was in force until 2018, when Trump pulled the U.S. out during his first term. Taking in the Oval Office on March 3 with German Chancellor Friedrich Merz, Trump said that the agreement he pulled out of ""gave (Iran) the right to have top-of-the-line nuclear weapons."" His comments echoed Trump’s the day before at a Medal of Honor ceremony. ""I was very proud to have knocked out the Iran nuclear deal by President Barack Hussein Obama,"" Trump said. ""That was a horrible, horrible, dangerous document. They were on the road to getting (a nuclear weapon) legitimately, through a deal that was signed foolishly by our country."" And on March 4, Trump at a roundtable on energy prices that the nuclear deal ""was a route to a nuclear weapon."" Multiple experts told PolitiFact that, whatever its shortcomings, the Iran nuclear agreement never allowed Iran the ""right"" to ""legitimately"" possess nuclear weapons, ""top-of-the-line"" or otherwise. The 2015 agreement — also known as the Joint Comprehensive Plan of Action, or JCPOA — ""absolutely did not give Iran ‘the right to have top-of-the-line nuclear weapons,’"" said Daryl G. Kimball, executive director of the Arms Control Association. The White House referred PolitiFact to Press Secretary Karoline Leavitt’s March 4 briefing , in which she referred to ""stupid and naive deals that put Iran on the path of developing nuclear bombs."" ""After years of endless appeasement and empty statements from politicians on both sides of the political aisle in this town, President Trump is finally the man of action,"" Leavitt said. ""President Trump is holding these monsters accountable and permanently extinguishing their nuclear ambitions."" What was the Iran nuclear agreement? Obama had to ensure that Iran did not obtain a nuclear weapon. The was signed in 2015 by the United States and Iran as well as China, Russia, France, Germany and the United Kingdom. Under the deal, Iran agreed to refrain from pursuing nuclear weapons and to allow continuous monitoring of its compliance in exchange for relief from economic sanctions. Different parts of the agreement were scheduled to last between 10 and 25 years; some elements were to last indefinitely. Obama officials hoped for future renegotiations. Iran agreed to relinquish 97% of its enriched uranium stockpile and 70% of its centrifuges, which are machines used to enrich uranium. It also agreed to stop plutonium production and to dismantle a plutonium reactor. If Iran broke any of these pledges, the other signatories would be able to reimpose sanctions, a process known as a ""snapback"" provision. Some Democrats joined Republicans in opposing the agreement, but . Critics said the agreement didn’t address other actions by Iran, including support for terrorism, and that it posed a threat to Israel. Over the 28 months the deal was in effect, the said it found Iran committed no violations, aside from some minor infractions that were addressed. When Trump ran for his first term, he echoed many of the critics’ original concerns and to renegotiate the agreement. He said he believed the deal should have allowed international weapons inspectors to have greater access to Iranian military sites. He also said it should have addressed Iran’s missile program, including intercontinental ballistic missiles, which could reach the U.S. mainland. He also criticized the deal for failing to rein in Iran’s support of sectarian violence in places such as Syria and Yemen. In 2018, Trump pulled the U.S. out of the deal. The U.S. then imposed on , and Iran reduced its compliance with the deal, including curbing compliance with international inspectors. In 2025, Trump ordered the U.S. military to join Israel in bombing nuclear sites in Iran, seeking to end the nuclear program by force rather than negotiation. Then, on Feb. 28, Trump launched a new and larger air campaign that both sought to degrade Iran’s military capabilities and take out many members of its political and military leadership. Iranians flash the victory sign while celebrating on a street in northern Tehran, Iran, on April 2, 2015, after Iran's nuclear agreement with world powers was reached. (AP) Why the 2015 agreement did not allow Iran to legitimately possess a nuclear weapon The problem with Trump’s recent phrasings, experts said, is that he said the Iran nuclear agreement conferred upon Iran the right to have nuclear weapons, and to have those weapons legitimately. That’s false. The agreement was premised on Iran continuing to belong to the , or NPT, which requires Iran to agree to forgo developing or acquiring nuclear weapons. By signing the 2015 agreement, Iran ""explicitly committed not to have a nuclear weapon, reflecting their NPT commitment not to have one,"" said Richard Nephew, who worked for the U.S. government on Iranian issues during the Biden administration. ""The entire purpose of the deal was to make sure that they could not do so."" While some aspects of the agreement would phase out after 10 to 25 years, ""there was no sunset of the non-weapons obligation,"" he said. This doesn’t mean that, at some point, Iran couldn’t have ended up with nuclear weapons — but if it did so, it would have occurred by contravening the agreement, not by exercising a right it granted. ""Any acquisition of nuclear weapons, under any circumstances, while Iran is a member of the NPT, cannot be regarded as ‘legitimate,’"" said Brendan Green, a University of Cincinnati political scientist who specializes in nuclear weapons policy. In one scenario cited by the deal’s critics, Iran, as a continuing signatory to the treaty, would have maintained the right to generate civilian nuclear energy. Ten years into the deal, the snapback provisions were scheduled to go away and Iran would have begun to get increasing rights to nuclear enrichment capabilities, Green said. At that point, Iran could have spurned either the spirit or the letter of its agreements — or both — by diverting this nuclear enrichment material into weapons development. But that would have been contrary to the agreement, and contrary to the NPT — not something blessed by the agreement. ""If Iran abused that enrichment capability, it could be used to produce nuclear material necessary for a nuclear weapon,"" said Gary Samore, a politics professor at Brandeis University’s Crown Center for Middle East Studies. Even if it was ""executed perfectly,"" Green said, the agreement ""was always going to put Iran in a position where it would be able to sprint for a bomb if it chose to do so. The debate was about whether this was an acceptable outcome, or whether some kind of additional measures, ranging from war to further negotiations, would be necessary before the deal’s expiration.""",Louis Jacobson,"March 5, 2026",https://www.politifact.com/factchecks/2026/mar/05/donald-trump/iran-nuclear-agreement-legitimate-right-weapons/
James Fishback,"February 26, 2026","Artificial intelligence data centers ""drive up electric bills by 30 or 40%"" and ""suck up 500,000 gallons of water a day.”",half-true,speech,Technology; Florida; Artificial intelligence,"Florida gubernatorial candidate James Fishback is a critic of artificial intelligence data centers. Fishback, who is among candidates competing against frontrunner U.S. Rep. Byron Donalds for the Republican nomination, says AI data centers offer few benefits for Floridians. ""What it actually does, is it drives up your electric bills by 30 or 40%. Anybody want to pay more on their electric bills? Or what it does is, it sucks up 500,000 gallons of water a day and then puts gray water back in the water supply,"" Fishback said during a in Pensacola. AI data centers are typically used to train artificial intelligence models, run AI responses and process massive datasets. show some facilities use at least 500,000 gallons of water a day to cool their equipment. AI data centers are also consumers’ . However, we found no public data showing they are responsible for 30% or 40% bill increases and Fishback didn’t respond to PolitiFact’s questions about his comments. Gov. Ron DeSantis, a Republican, and state lawmakers from both political parties are pushing to regulate AI data centers. The Florida Senate Feb. 26 with requirements related to moderating electricity rates and water management. What is a data center? Data centers house critical software systems and data in rows of computer servers, storage systems and networking equipment. Any time you send an email, watch a TikTok video or read an article online, you’re interacting with a data center. Data centers have existed since the , but their recent expansion to support AI technologies has created mega facilities that consume far more power than previous buildings. The newest AI data centers often span to , about the size of 750 American football fields. Meta’s planned Hyperion AI data center site in the farming community of Richland Parish, Louisiana, could be of Manhattan’s Central Park. How do AI data centers use electricity? Newer data centers can use as much electricity as a small city. In 2024, U.S. data centers consumed about . The International Energy Agency that a typical AI data center consumes as much electricity as 100,000 homes annually, and that the largest ones under construction would likely consume 20 times as much. Without legislative protections, consumers could see their electric bills increase to cover data centers’ energy demands, experts said. Consumers often foot the bill for equipment and power grid upgrades that data centers require. ""In general, data centers can raise power bills in Florida,"" said Ari Peskoe, director of Harvard Law School’s Electricity Law Initiative. Utility companies are spending ""billions of dollars on new infrastructure to provide power to data centers,"" and utility rate structures allow these costs to be shared across the service territory, raising everyone’s bills. Experts said it’s difficult to estimate how much AI data centers are driving up consumers’ electric bills. Utilities and state regulatory commissions shield data center rates from public review, Peskoe said, making it difficult to measure the effect of new data center development. ""How much the impact of large industrial loads on power capacity buildout and wholesale markets is eventually passed down to residential customers is largely confidential and is affected by many factors,"" said Shaolei Ren, a University of California, Riverside, professor who researches AI’s environmental footprint. PolitiFact found no news reports, government analyses or studies that corroborate Fishback’s figures of 30% to 40% electric bill increases. A few reports detail more modest rate increases because of data centers, and researchers project possible rate hikes in the future. A June 2025 , for example, found that data centers are poised to raise electric bills by 8% nationwide by 2030, and by 25% in places such as Virginia, which has a of these facilities. One estimated that Virginia electric bills could increase up to 70% to meet data center demand. The New York Times that electric bills for a typical Ohio household increased at least $15 a month, which would be around an 11% increase based on back-of-the-envelope math, that summer because of data centers. in November 2025 that electric bills in states with large numbers of AI data centers have climbed much faster than the national average year-over-year. August 2025 prices increased 13% in Virginia, 16% in Illinois and 12% in Ohio compared with the previous year, the outlet found. The national average increase was . How do AI data centers use water? Data centers require water to from equipment, such as chips, servers and hard drives, to prevent overheating and maintain performance. Nearly all data centers require significant water consumption, sometimes A typical mid-sized data center uses around the amount Fishback cited — per day — about as much as 1,000 U.S. households. A larger AI data center can use up to a day, as much as a 50,000-person city. And, according to recent , some state-of-the-art data centers can use up to 8 million gallons per day. Approximately evaporates. The remaining 20% is discharged to wastewater processing facilities, which must adhere to guidelines for screening, treatment and disinfection. Technological advances, such as and , have helped reduce water use. Data centers with , for example, can reduce their freshwater use up to 70% ""Generally, data centers are getting significantly more efficient than they were 10 years ago,"" said Ren. ""On the other hand, the increasing scale of new data centers still drives up their total impacts,"" such as peak water demand during the hottest days of the year. Ren co-authored found that data centers’ water use creates significant stress on local water systems. Many communities lack the infrastructure to meet peak-day withdrawals, which can lead the facilities to shift to less efficient cooling practices and increase the burden on the power grid. If current trends continue, the study projected that by 2030, U.S. data centers will require 697 million to 1.451 billion gallons per day at peak capacity — comparable to the typical daily supply of New York City.",Samantha Putterman,"March 4, 2026",https://www.politifact.com/factchecks/2026/mar/04/james-fishback/ai-data-centers-energy-water-florida-governor/
X posts,"February 28, 2026 in","Video shows a US air base in Riyadh, Saudi Arabia, being destroyed by Iran.",false,on social media,Iran; Israel; Foreign Policy; Military,"Iran has issued to Israeli and U.S. military bases since the beginning of the Iran war. But unrelated video footage is being mischaracterized as showing those attacks. A Feb. 28 said the footage of a large, fiery explosion was recorded at a U.S. air base in Riyadh, Saudi Arabia. The video and caption spread across and other platforms, including and . But the video is neither recent, nor from Saudi Arabia. Two Arabic news reports from July 2024 show l or footage of Israeli strikes on the Yemeni port of Hodeidah. The port strike was in response to a drone strike in Tel Aviv carried out by Houthi, an Iran-backed military group in Yemen, that killed at least person. The port was used to deliver Iranian arms to Yemen. It's true that Iranian drones recently hit a U.S. embassy in Riyadh, according to a March 3 Associated Press , but there's no public footage of that attack. The Saudi Arabia Defense Ministry also told AP that it had intercepted several other drones fired into the area early that morning. We rate claims the video of the Yemeni port bombing shows a U.S. air base in Riyadh being destroyed by Iran False. Editor's note: Google Translate was used to translate video captions and websites into English.",Zoe Weyand,"March 4, 2026",https://www.politifact.com/factchecks/2026/mar/04/tweets/iran-strikes-airbase-yemen-explosion/
Donald Trump,"February 28, 2026",On the US seeking regime change,full-flop,video,National; Iran; Foreign Policy,"For at least a decade, President Donald Trump has denounced U.S. efforts to change the regimes of foreign countries around the world. But in February, when a reporter asked Trump if he wanted regime change in Iran, the president pivoted: ""Well, it seems like that would be the best thing that could happen."" Two weeks later, on Feb. 28, the U.S. joined Israel to attack Iran, and Trump called on Iranians to overthrow their government. It came about two months after the U.S. captured Venezuelan President Nicolás Maduro by force. For some of the president's critics, Trump’s comments reveal he reversed his longtime position against regime change. In 2019, for example, he said during a campaign that ""our policy of never-ending war, regime change, and nation-building is being replaced by the clear-eyed pursuit of American interests."" PolitiFact uses a to measure politicians’ consistency on issues. The rating is not a value judgment. Some people say changing positions shows inconsistent principles; others say it shows pragmatism and willingness to compromise given new information. When we asked the White House about Trump’s position on regime change, a spokesperson referred us to his goals for Iran, including destroying Iran’s missile capabilities, annihilating its navy and preventing it from obtaining a nuclear weapon. In 2016 Trump campaigned against regime change During his 2016 presidential campaign, Trump repeatedly criticized his campaign rival, former Secretary of State Hillary Clinton, and then-President Barack Obama for pursuing regime change. Trump called the Democrats’ strategy a ""We must abandon the failed policy of nation-building and regime change that Hillary Clinton pushed in Iraq, in Libya, in Egypt and in Syria,"" Trump said during the 2016 . That September, he vowed to avoid pursuing foreign regime change. ""We're going to stop the reckless and costly policy of regime change overseas, and instead, focus on working in partnership with our allies or a military campaign to utterly destroy ISIS,"" Trump said in a , less than two months before winning the election. Trump said he opposed regime change during his first term In 2018, Trump from the Iran nuclear deal that Obama had struck with Iran and five other nations in which Iran agreed not to pursue nuclear weapons and allow monitoring of its compliance. The next year, he said he wanted to prevent Iran from obtaining nuclear weapons but did call for a change in the country’s leadership. ""We're not looking for regime change,"" Trump said in . ""I just want to make that clear. We're looking for no nuclear weapons."" He continued to criticize his predecessors, saying that previous administrations’ ""We're not looking for regime change,"" Trump said in while speaking about Iran. ""You've seen how that works over the last 20 years."" In November 2019, Trump told the crowd in his administration was focused on domestic policy. ""After years of building up foreign nations, we are finally building up our nation,"" Trump said in the speech, which his critics recently . ""We are finally putting America first. Our policy of never-ending war, regime change, and nation-building is being replaced by the clear-eyed pursuit of American interests."" After the U.S. killed Iranian Gen. Qassem Soleimani in January 2020, Trump . ""We do not seek regime change,"" he said. ""However, the Iranian regime's aggression in the region, including the use of proxy fighters to destabilize its neighbors, must end, and it must end now."" During the 2020 campaign, Trump did not speak about ""regime change"" as much as he did in 2016. Trump continued to oppose regime change in his 2024 campaign, saying he didn’t want Trump said regime change could lead to chaos in 2025 Trump floated the idea of supporting regime change in June 2025, after the U.S. struck three nuclear sites in Iran. : ""It's not politically correct to use the term, 'Regime Change,' but if the current Iranian Regime is unable to MAKE IRAN GREAT AGAIN, why wouldn't there be a Regime change??? MIGA!!!"" But then he walked it back. A couple days later, a reporter asked him if he wanted regime change in Iran. ""Well, if there was, there was, but no, I don't want it,"" . ""I'd like to see everything calm down as quickly as possible. Regime change takes chaos and, ideally, we don't want to see so much chaos."" 2026: Trump administration, allies offer conflicting remarks on regime change After the Feb. 28 strikes on Iran, Trump and his allies stated different takes on whether regime change was a goal of Operation Epic Fury. The military operation against Iran the country’s supreme leader, Ayatollah Ali Khamenei along with dozens of other officials, and struck targets in the first 24 hours, U.S. military officials said. Iran launched retaliatory strikes on U.S. embassies and several Arab states. In his , Trump addressed the people of Iran: ""When we are finished, take over your government. It will be yours to take. This will be probably your only chance for generations."" Trump told The on March 1 that one option was an outcome similar to Venezuela, in which only the top leader was removed but much of the rest of the government remained in place and was willing to work with the U.S. He told the Times that he had ""three very good choices"" about who could lead Iran. On the evening of March 1, Trump told that the possible candidates he had in mind were killed in the attack. But he also described a scenario in which the Iranian people would overthrow the government, the opposite of the Venezuela model. ""That’s going to be up to them about whether or not they do,"" Trump said. U.S. Defense Secretary Pete Hegseth March 2, ""This is not a so-called regime change war, but the regime sure did change and the world is better off for it."" That same day, Secretary of State Marco Rubio the U.S. operation’s objective was to block Iran’s weapons access. Yet he also called for new leadership. ""We would love to see this regime be replaced,"" Rubio said, adding that Trump ""would love for the people of Iran to use this as an opportunity to rise up and remove these leaders.""",Amy Sherman,"March 3, 2026",https://www.politifact.com/factchecks/2026/mar/03/donald-trump/Iran-regime-change-2016-Hillary-Clinton-Venezuela/
Guilford-Rockingham Alliance,"January 20, 2026","NC state Sen. Phil Berger, R-Rockingham, “killed a bill banning sex-change surgeries for minors.”",mostly-false,attack ad,North Carolina,"A political advertisement claimed that one of North Carolina’s most powerful legislators ""killed"" a bill that would’ve banned sex-reassignment surgeries for minors. The video ad, paid for by the Guilford-Rockingham Alliance political action committee, is airing in North Carolina’s 26th Senate District. That’s where state Sen. Phil Berger, the Senate leader, is hoping to fend-off a Republican primary challenge from Rockingham County Sheriff Sam Page. Here’s a transcript of : ""Phil Berger claims he supports Trump, but in Raleigh he acts like a Democrat. Phil Berger worked with Roy Cooper to repeal the law that kept men out of women’s bathrooms. And in 2021, Phil Berger killed a bill banning sex-change surgeries for minors. Phil Berger even voted with open-border Democrats, creating a loophole that let illegal immigrants stay in America for longer."" Berger and other Republican legislators did strike a deal in 2017 to , known as HB2, which banned transgender people from using the bathroom of the gender they identify as in all city, county and state buildings. And in 2013, Berger and other Republican legislators passed a law allowing farmers to without undergoing a background check. But did Berger really block a bill that would’ve banned sex-reassignment surgeries for minors? No. The ad misrepresents what happened with a failed 2021 bill and overlooks the fact that Republican legislators — including Berger — enacted a ban on sex-reassignment surgeries for minors just two years later. Failed 2021 bill The ad refers to , introduced by three Republican legislators on April 5, 2021. The bill would have banned sex-reassignment surgery for people under age 21. Medical professionals who violated the law and faced civil fines of up to $1,000 per occurrence. A day after the bill was introduced, it was referred to the Committee on Rules and Operations of the Senate — where it never received a hearing. Every bill proposed in the state Legislature is referred to one or more committees. When they’re sent directly to the rules committee, as this bill was, that’s an unofficial way for chamber leadership to indicate the idea is dead-on-arrival and won’t get attention during the session. To back up the ad’s claim, the alliance cited Associated Press articles published by and . The article published on the WFAE website April 6, 2021, describes the bill when it was introduced. The April 20, 2021, article on the CNS website explains why the bill didn’t become law. The AP reported that the Senate wouldn’t hold a vote on the ban. ""We do not see a pathway to Senate Bill 514 becoming law,"" Berger spokesman Pat Ryan told the AP at the time. He added that ""the bill will not be voted on the Senate floor."" Ryan, who now runs a public relations firm, told PolitiFact that the Senate didn’t take up the bill because Republicans didn’t have enough votes in the Senate and House to override a likely veto by Democratic Gov. Roy Cooper. To override a veto, Republicans would’ve needed Democrats to also vote for the bill, which Ryan said was an unlikely proposition at the time. As Senate leader, Berger wields immense power over which bills make it to the floor, though there are procedural avenues senators can take to advance a bill against his wishes. PolitiFact asked the Guilford-Rockingham Alliance why the group believes Berger ""killed"" the bill. In an email, a spokesperson for the group said Berger allowed votes on other bills that were destined to be vetoed. ""The decision not to allow a vote in 2021 therefore reflects a discretionary leadership choice, not a procedural inevitability,"" the alliance’s statement said. Former state Sen. Jim Perry, who served as the Republican majority whip in 2021, told PolitiFact that legislative leaders consider multiple factors when deciding whether to vote on a bill: Can it become law? If not, should legislators hold a vote anyway to put pressure on the opposition? Will the opposition use news of the vote to raise money for their party? Perry said he didn’t remember exactly why Berger decided not to hold the vote. But he agreed with Berger’s assessment that it was doomed, saying it’s ""absurd"" for the alliance to suggest Berger ""killed"" the legislation. ""The fact that it was passed in the near future should make his position very clear,"" Perry said. State Sen. Ralph Hise, a Mitchell County Republican and top Berger lieutenant who sponsored the 2021 bill, called the alliance’s ad a lie. ""The reason North Carolina now bans sex change surgeries and hormones for minors is because of Sen. Berger’s leadership,"" Hise told PolitiFact. PolitiFact asked the alliance if it had evidence that the bill would’ve become law if Berger had allowed a vote. The alliance said: ""The fact that Phil Berger wouldn't allow the people's representatives to decide is the point."" Bill passes in 2023 By 2023, the landscape had changed: Republicans had enough legislative seats to override gubernatorial vetoes without needing help from Democrats. That June, the House and Senate passed — which, like the 2021 bill, prohibited medical professionals from performing surgical sex-reassignment procedures on minors under threat of losing their license. That July, Cooper vetoed the bill. And that August, the bill became state law after both chambers voted to override Cooper’s veto. No Democrats voted for the bill in the Senate. The Guilford-Rockingham Alliance said Berger’s support for the 2023 bill, ""does not negate the consequences of his decision not to advance the bill in 2021,"" adding that ""individuals were affected"" because Berger didn’t allow senators to vote on the bill.",Paul Specht,"March 3, 2026",https://www.politifact.com/factchecks/2026/mar/03/guilford-rockingham-alliance/nc-attack-ad-omits-context-about-berger-ban-on-rea/
Chris Murphy,"March 1, 2026","“There is no history … that shows an air campaign alone will result in positive regime change. In fact, there's not a single example of it in the entirety of American history.”",mostly-true,"interview with CBS News' ""Face the Nation""",Iran; Military,"As President Donald Trump launched air attacks on Iran Feb. 28, skeptics quickly argued that ousting a foreign country’s government — as the U.S. may be pursuing in Iran — takes more than airstrikes. Sen. Chris Murphy, D-Conn., said creating an improved political system is unlikely unless there are boots on the ground. ""There is no history … that shows an air campaign alone will result in positive regime change,"" Murphy said in a on CBS News’ ""Face the Nation."" ""In fact, there's not a single example of it in the entirety of American history. An air campaign without at least the threat of a ground invasion, which the administration is ruling out, never results in a democratic rebirth in an authoritarian country."" Most of the seven military experts and historians we interviewed for this article agreed with Murphy. ""Airpower can have devastating effects, but without ground troops — or the clear threat of invasion — we have not seen regime change,"" said Barbara Slavin, a fellow at the Stimson Center, a foreign policy think tank. A few experts cited a case or two that could undercut Murphy’s argument, but other experts pushed back against their interpretation. On March 2, Trump declined to rule out ground troops. ""Every president says, ‘There will be no boots on the ground.’ I don’t say it,"" Trump told the New York Post in an . Defense Secretary Pete Hegseth also didn’t take ground troops when asked about it at a press conference. Murphy’s office did not respond to an inquiry for this article. The limits of air power In World War II, the U.S. and its allies achieved regime change in Germany, Japan and Italy through a combination of air power and extensive use of ground troops over several years, resulting in more than . Many of the U.S. military interventions since then have involved U.S. ground troops, including the Korean War, the Vietnam War, the , the and . But other military campaigns in recent years have involved air warfare without significant numbers of U.S. ground troops. They include a that unsuccessfully targeted Libyan leader Moammar Gadhafi; two campaigns in the Balkans in the 1990s, in and ; a continuing conflict in ; allied airstrikes against in 2011; Israel’s against Iran in 2025; and the January 2026 U.S. Venezuela’s leader, Nicolás Maduro. ""Airpower is extraordinarily effective at destroying infrastructure and eliminating individuals,"" Robert Pape, a University of Chicago political scientist, recently . ""It is far less reliable as a tool for reshaping political systems."" Pape wrote, ""Removing a central figure is not insignificant. But in practice, regimes are networks: security services, political elites, patronage structures, ideological institutions. When an external power kills a leader, those networks often consolidate rather than fragment."" Pape wrote that although the 2011 airstrikes in Libya did oust Gadhafi, ""The resulting chaos was deadly for Americans as the country spiraled out of control."" Murphy’s framing is a high bar, and it’s possible to achieve more modest goals with airstrikes, said David Silbey, a Cornell University military historian. ""The Libyan intervention of 2011 did not have democratic results, but it did achieve the American strategic goal of overthrowing Gaddafi and ending Libya’s support of terrorism,"" Silbey said. ""So that seems a successful use of airpower, if not quite in the way"" that Murphy framed the issue. Italian soldiers under NATO command deployed to Albania on April 25, 1999, to help with the care of displaced Kosovar refugees. (AP) Do Bosnia and Kosovo meet Murphy’s standard? Experts said the examples that come closest to achieving beneficial regime change through air warfare are Bosnia and Kosovo. But their support for his argument is far from foolproof. Bosnia did have troops on the ground — United Nations troops to support humanitarian convoys with peacekeeping. ""In Bosnia, the August 1995 air campaign helped bring the Bosnian Serb Army and the Milosevic regime to Dayton, Ohio, for peace negotiations,"" said Gerard Toal, a Virginia Tech political science and international affairs professor. But it wasn’t just airstrikes in this case; local ground forces, the Croatian army and Army of Bosnia, were on the ground taking territory, he said. After various twists and turns, the talks themselves became the catalyst for a more durable settlement, said Susan L. Woodward, a political scientist at the Graduate Center at the City University of New York. As for Kosovo a few years later, an air campaign was eventually ""combined with the threat of a ground campaign, though that threat was just beginning to take shape when the Serbs gave in,"" said Mark F. Cancian, a senior adviser at the Center for Strategic and International Studies, a national security think tank. In addition, the Kosovo Liberation Army, a separatist militia, was active on the ground in Kosovo. In any case, the Kosovo bombing did not achieve a full regime change, Woodward said. ""The eventual decision on regime change was declared by Kosovar parties in 2008 — nine years later, and unilaterally, not a result of the bombing,"" she said.",Louis Jacobson,"March 2, 2026",https://www.politifact.com/factchecks/2026/mar/02/chris-murphy/airstrikes-regime-change-ground-troops-iran/
X posts,"March 1, 2026",“The regime in Iran has now confessed that the (Islamic Revolutionary Guard Corps) mistakenly bombed an Iranian school yesterday.”,false,post,Iran,"More than 100 people, including children, were killed in a missile strike on a girls’ school in southern Iran, the Iranian government reported. The Feb. 28 strike in Minab happened the day the U.S. and Israel began bombing Iran, accusing it of building nuclear weapons that threaten the U.S. and its allies. Some social media users said the Islamic Revolutionary Guard Corps, Iran’s armed forces, took responsibility for the attacks. ""The regime in Iran has now confessed that the IRGC mistakenly bombed an Iranian school yesterday, killing many children,"" a March 1 said. It had been viewed 5.6 million times by the afternoon of March 2. Another with 2.3 million views as of March 2 said, ""Iran admits — It was an IRGC missile that killed 148 school-girls… The regime in Iran has now officially confirmed that the IRGC mistakenly bombed an Iranian school yesterday, killing many children."" The posts include screenshots of a Telegram account called Radio Gilan. ""An IRGC aerospace missile hit a school in Minab County, Hormozgan Province,"" a translation of the Feb. 28 Telegram said. ""The Islamic Revolutionary Guard Corps announced that this was an inadvertent mistake and that serious action will be taken against those responsible for this action."" Neither the U.S. nor Israel have taken responsibility for the strike, and there is no evidence that Iran’s government has either. Iran’s government described the attack as perpetrated by U.S.-Israeli strikes. Iran’s government didn’t claim the attack Immediately after the strike and in the days since, Iran’s government and state-run media blamed the U.S. and Israel. ""The US & Israel launched an egregious, unwarranted act of aggression against Iran by indiscriminately targeting Iranian cities,"" Iranian Foreign Ministry spokesperson Esmaeil Baghaei said in a Feb. 28 . ""In just one single case, they targeted a primary school in #Minab, Hormozgan Province, killing and maiming tens of innocent young girls. This is a blatant crime."" In a March 2 , Baghaei again described the school strike as caused by ""American and Israeli missiles."" Hossein Kermanpour, an Iran health ministry spokesperson, also said in a Feb. 28 that there had been ""an enemy's missile strike on a girls' elementary school."" PolitiFact found no official statements, state media reports or news stories that said Iran’s government took responsibility for the attack. U.S. Central Command did not respond to PolitiFact’s request for comment, but provided a statement to : ""We are aware of reports concerning civilian harm resulting from ongoing military operations. We take these reports seriously and are looking into them."" We rate claims that the Iranian regime confessed that the Islamic Revolutionary Guard Corps bombed an Iranian school False.",Maria Ramirez Uribe,"March 2, 2026",https://www.politifact.com/factchecks/2026/mar/02/tweets/Iran-responsibility-Minab-school-strike-US-Israel/
X posts,"March 1, 2026","“Israeli shooter opened fire inside an Austin (Texas) bar” on March 1, 2026.",false,X post,Criminal Justice; Crime; Texas,"A gunman killed two people and wounded 14 others during a March 1 attack on an Austin, Texas, bar, and officials are exploring whether the shooting could be connected to U.S. and Israeli attacks on Iran. As investigators sought information about the shooter’s motive, an with more than 662,000 views shared footage of the attack and an unfounded theory about his background. ""BREAKING: Israeli shooter opened fire inside an Austin bar,"" the March 1 X post said, adding disparaging comments about Jewish people. This claim conflicts with early reporting about the suspect. No credible evidence of an Israel connection has emerged as of early evening March 2. Austin police the suspect, who was killed by police, as Ndiaga Diagne, 53. PolitiFact asked multiple agencies — the Department of Homeland Security, the Austin Police Department and the FBI — about the suspect’s country of origin, but received no replies. Diagne was a native of Senegal, that quoted unnamed U.S. officials. Diagne entered the U.S. on March 13, 2000, on a B-2 tourist visa, a DHS spokesperson said. In June 2006, he became a lawful permanent resident based on marriage to a U.S. citizen. He became a naturalized U.S. citizen on April 5, 2013. DHS said Diagne was arrested in Texas in 2022 for a collision with vehicle damage, without specifying the arrest’s location. PolitiFact Texas’ public database for Diagne’s possible convictions, but found none. The FBI is whether the shooting was a terrorist attack. Photos obtained by news outlets showed the suspect wearing a that said ""Property of Allah"" over a bloody with a design of the Iranian flag. The investigation is ongoing. Based on currently available information, we rate the X post’s claim that the shooter was Israeli False.",Maria Briceño,"March 2, 2026",https://www.politifact.com/factchecks/2026/mar/02/tweets/Austin-Texas-shooter-israeli-iran-senegal/
Social Media,"March 1, 2026",Videos show Iranian missiles struck and damaged the USS Abraham Lincoln aircraft carrier.,pants-fire,social media posts,Iran; Military,"After the U.S. launched a military strike against Iran, social media users shared videos claiming Iran retaliated by attacking the U.S. aircraft carrier USS Abraham Lincoln. ""Iranian missiles have sunk USS Abraham Lincoln aircraft carrier in the Persian Gulf,"" read that gained 8 million views as of midday March 2. Another read, ""Iranians are circulating a video showing the U.S. aircraft carrier USS Abraham Lincoln on fire. The authenticity of the video cannot be verified."" The clips appear to show smoke and fire billowing from the carrier. But these videos are fake. they targeted the carrier with ballistic missiles, but there are no credible reports the ship was struck. In a , said, in part, ""The Lincoln was not hit. The missiles launched didn’t even come close. The Lincoln continues to launch aircraft."" Robert Farley, University of Kentucky senior lecturer on diplomacy and national security, told PolitiFact that if such an attack occurred, people onboard the carrier and neighboring vessels would have witnessed it. There have been no such witness reports. The first video shows ship details inconsistent with the real USS Abraham Lincoln. Posts resharing it contain the Instagram logo and username ""96_W6,"" but that account is no longer available. In the first video, planes on the water have unrealistic shapes, and the vessel’s details do not match legitimate photos of the USS Abraham Lincoln. The real photos show there are empty spaces on both sides of the painted lines on the aircraft carrier’s deck. However, in the video clip, there is no empty space on one side of the lines. There’s no sign that any such space was taken out by a strike, as the ship edges are clean. (Screenshot on the left is from X, images on the right are from The Associated Press. The red lines represent the painted runway lines, and the green lines represent empty spaces.) The second video does not show current events; it was first online in June 2025, during the 12-Day War between Iran and Israel. It might have originated from video game footage, fact-checker Lead Stories . Sinking a carrier such as the USS Abraham Lincoln would be ""extremely difficult,"" Farley said. ""Any US carrier will have several layers of defenses against ballistic missiles, including escort warships and close-engagement weapons,"" he wrote in an email to PolitiFact. Recent news reports say the USS Abraham Lincoln in the Arabian Sea. Social media posts claimed to show footage of the USS Abraham Lincoln damaged by an Iranian attack. We rate that claim Pants on Fire!",Loreben Tuquero,"March 2, 2026",https://www.politifact.com/factchecks/2026/mar/02/social-media/uss-abraham-lincoln-fire-missile-iran/
Donald Trump,"February 22, 2026","U.S. men’s hockey Olympian Brady Tkachuk said about the Canadian hockey team, “They booed our national anthem, so I had to come out and teach those maple syrup eating f----s a lesson.”",pants-fire,TikTok post,Sports; Technology; Artificial intelligence,"After the U.S. men’s hockey team won the gold medal at the 2026 Winter Olympics, the White House TikTok account shared celebratory posts. But one of its videos that appears to show player Brady Tkachuk insulting the Canadian men’s hockey team isn’t real. The White House’s 45-second showed a clip of an interview with Brady Tkachuk, the Ottawa Senators captain, with brother Matthew Tkachuck. The song "" "" played in the background. After the interview clip, the music intensified and the video continued with a compilation of footage of the team and the winning game shot. The Feb. 22 video made it look like Brady Tkachuk said, ""They booed our national anthem, so I had to come out and teach those maple syrup eating f----s a lesson,"" referring to the Canadian men's hockey team. But the of Tkachuk with his brother, from a February 2025 news conference at the 4 Nations Face-Off, shows he did not say that. The White House TikTok video was edited with artificial intelligence. The TikTok includes a label that says it ""contains AI-generated media,"" which TikTok may to content it identifies as ""completely generated or significantly edited with AI."" However, because the White House TikTok includes several video clips, it’s unclear to viewers which part was created with AI. We contacted the White House for comment but did not receive an immediate reply. Tkachuk also made it clear he didn’t say what the video claims. ""Well, it's clearly fake because it's not my voice and not my lips moving,"" Tkachuk said when a reporter asked him about the White House video during a in Ottawa. ""So, I mean, I'm not in control of any of those accounts and, so I know that those words would never come out of my mouth. So, can't do anything about it."" The reporter asked Tkachuk, ""Do you like it?"" He replied, ""I mean, it's not my voice, not what I was saying. So, yeah. I mean, I would never say that. That's not who I am. So, yeah, I guess I don't like that video. And ‘cause that just never would come out of my mouth."" The White House generated other controversy related to the U.S. men’s hockey team Olympic win after President Donald Trump spoke to them by phone in the locker room after the final Feb. 22 game. During the call, Trump invited the team to the State of the Union address and said that he would also have to invite the U.S. women’s hockey team (who also won the gold medal). Video of the call showed the men’s team laughing at the comment, a moment that as being disrespectful to the women athletes’ accomplishments. We rate the claim that Tkachuk insulted the Canadian men’s hockey team during a news conference Pants on Fire!",Maria Briceño,"February 27, 2026",https://www.politifact.com/factchecks/2026/feb/27/donald-trump/Tkachuk-AI-USA-Hockey-Olympics-White-House/
Instagram posts,"February 24, 2026",An Instagram video shows a New York City man sculpting a car out of snow.,false,Instagram post,Weather; New York,"After a blizzard hit New York City Feb. 22, a viral post said, in protest of the city’s inefficient snow removal, a man crafted a car entirely of snow and received a parking ticket for the sculpture. ""NYC man crafts realistic snow car — receives parking ticket from NYPD,"" said text on the video. But a video and images included in the post show events that did not happen in New York or even as recently as this month. It uses images from a similar post on Facebook nearly eight years ago and a video from Lithuania in 2021. And neither posts say law enforcement issued real parking tickets. was from a machinist in Canada who fooled Montreal law enforcement with a car made of snow and was issued a fake parking ticket for the prank. The sculpture was in a local snow removal zone and later cleared by sanitation workers the following day, reported at the time. The Instagram post also used 2021 footage showing a Lithuanian couple sculpting a Ferrari out of snow and painting it to replicate a real sportscar. Donata Bugiene, who documented her husband building the Ferrari out of snow, was featured on and . We rate the claim that this Instagram video shows a New York City man sculpting a car out of snow False.",George Headley,"February 27, 2026",https://www.politifact.com/factchecks/2026/feb/27/instagram-posts/a-nyc-man-did-not-build-this-hyper-realistic-car-o/
Social Media,"February 24, 2026",An audio clip reveals a Jeffrey Epstein victim’s account of abuse by the Clintons.,pants-fire,social media posts,Artificial intelligence; Jeffrey Epstein,"A viral audio clip claims to reveal a victim’s testimony of abuse by former President Bill Clinton and his wife, former Secretary of State Hillary Clinton, on an island owned by sex offender Jeffrey Epstein. This audio clip is not real. It was generated with artificial intelligence. Hillary Clinton testified Feb. 26 before the House Oversight Committee as part of a probe into Epstein. Bill Clinton is to testify Feb. 27. Neither Clinton has been accused of wrongdoing or charged with a crime in connection to Epstein’s offenses. A Feb. 24 shows an image of Epstein with Bill Clinton and plays an audio clip of what the post calls a ""survivor."" ""You want the truth about who spent the most time on that island? Fine, I'll give it to you straight, no filter. The former president. You know exactly which one. Yeah, Clinton. The survivors still call him number one,"" the narrator said. Other and users also shared the audio clip. One post claimed it was the voice of Epstein survivor Virginia Giuffre, who in April 2025. In her Feb. 26 before the House Oversight Committee, Hillary Clinton said, ""I do not recall ever encountering Mr. Epstein. I never flew on his plane or visited his island, homes or offices."" Detection models, experts say the audio is AI-generated We traced the audio to The People’s Voice, a . It published a in November that it said included a ""newly leaked recording"" from Giuffre. The People’s Voice also recently published an AI-generated audio of a supposed ""whistleblower"" talking about television host Ellen DeGeneres, claiming the Epstein files exposed her as a cannibal. We rated that claim . We used the DeepFake-O-Meter, developed by the University at Buffalo Media Forensics Lab, to analyze the audio clip about the Clintons. Results from four out of five detection models showed it was likely AI-generated. When we uploaded the audio clip to the AI speech classifier from ElevenLabs — a company that specializes in AI audio generation — it said, ""it's very likely that this audio was generated with ElevenLabs."" We also asked multiple experts to analyze the audio, and they said it was AI-generated. V.S. Subrahmanian, a Northwestern University computer science professor, and Marco Postiglione, a postdoctoral researcher who works with him, used 83 deepfake detection algorithms to analyze the audio. Sixty-seven found the audio was more likely to be fake than real. Subrahmanian and Postiglione also pointed to other signs of AI generation, including that the narrative seems ""structured like written prose rather than spontaneous speech."" Siwei Lyu, a University at Buffalo computer science and engineering professor, said the audio included a 13-second segment without audible breath intakes. ""Each sentence also ends with an abrupt cut to silence rather than fading out naturally, missing the subtle room tone and vocal decay you'd expect from a genuine recording,"" he said. The voice’s pitch and delivery are also flat, said Hafiz Malik, University of Michigan – Dearborn electrical and computer engineering professor. He said it’s not likely for a human to speak for two minutes at the same rate without taking any pauses, like the voice in the audio clip does. The audio clip includes claims about the Clintons’ actions on Epstein’s island, Little Saint James in the U.S. Virgin Islands, including physical and verbal abuse of Epstein victims. We found no verified reports of such anecdotes from Giuffre or other Epstein victims about the Clintons. Did Giuffre say something about the Clintons? Giuffre’s memoir, ""Nobody’s Girl,"" published posthumously in 2025, that she was present when Epstein hosted Bill Clinton and former Vice President Al Gore for dinner on separate occasions. She also talked about a time in 2022 when Bill Clinton flew on Epstein’s plane, but Giuffre didn’t go with them. She noted that Clinton has said the trip was a humanitarian mission. Giuffre also a 2011 article that said she ""had never been ‘lent out’"" to the former president, referring to Bill Clinton. The book doesn’t mention Hillary Clinton. We found no evidence that audio from Giuffre was released after her death. On April 29, 2025, her family a photo of one of Giuffre’s handwritten journal entries where she said she stood with survivors and encouraged them to fight for their rights. This audio clip that posts say is an Epstein victim talking about abuse by the Clintons is fake. We rate it Pants on Fire!",Maria Briceño,"February 26, 2026",https://www.politifact.com/factchecks/2026/feb/26/social-media/epstein-victim-bill-hillary-clinton-AI-audio/
Abigail Spanberger,"February 24, 2026","President Donald Trump’s tariff policies “have forced American families to pay more than $1,700 each in tariff costs” since last year.",mostly-true,Democratic response to Trump's State of the Union address,National; Trade,"In his State of the Union address, President Donald Trump said his tariffs are ""saving our country."" Virginia Gov. Abigail Spanberger, delivering the Democratic response, said the opposite. ""Since this president took office last year, his reckless trade policies have forced American families to pay more than $1,700 each in tariff costs,"" Spanberger Feb. 24. We’ve fact-checked ’ estimates about how much Trump’s tariffs are costing American families. Spanberger’s $1,700 figure is roughly in line with multiple estimates by groups that study the tariffs’ effect. These groups, which represent diverse political ideologies, used different metrics to calculate the tariffs’ cost to American households. The Supreme Court that Trump cannot use the International Emergency Economic Powers Act to levy tariffs on his own, as he had been doing. Trump a global 15% tariff after the decision, using other laws. When contacted for comment, Spanberger’s office cited a from the Democrats on Congress’ Joint Economic Committee, estimating that the average household has paid about $1,745 in tariff costs from February 2025 to January. say tariff impacts are mostly passed on to consumers, similar to taxes. But because consumers don’t spend as much on imports, tariffs don’t affect all purchases equally. Other groups provided estimates: The Tax Foundation, a Washington, D.C.-based think tank, that, in 2025, Trump tariffs contributed to an average tax increase of $1,000 per household. The Yale Budget Lab, a nonpartisan policy research center, estimated in and an average income loss of about $1,700, based on consumer prices. Using another measure based on spending relative to a household’s income, the group estimated the median cost at $1,400 per household. The National Taxpayers Union, a center-right advocacy organization, in August 2025 that Trump’s tariffs would cost households an average of $2,048 each year if left in place. These estimates measured the impact of tariffs that were in place before the Supreme Court struck them down. Some groups measured how much tariffs would cost families after Trump tweaked his tariffs following the Supreme Court ruling. The Tax Foundation that new on items such as lumber, steel and cars will increase taxes by $400 per household in 2026. tariffs, which are temporary and up to 15% on imported goods, could also add another $200 to $600 in taxes, for a total of $600 to $1,000 in tax increases in 2026. The Yale Budget Lab after the Supreme Court ruling. The first, based on consumer price increases, found that a household would lose $800 on average in the short run if certain tariffs expired, or $1,300 if those temporary tariffs are extended. The second measured how much families spend in relation to their income. It calculated that average annual household costs from tariffs range from around $400 to $1,800, and would increase to around $700 to $3,000, if some tariffs were extended.",Loreben Tuquero,"February 25, 2026",https://www.politifact.com/factchecks/2026/feb/25/abigail-spanberger/trump-tariff-cost-families-1700/
NC True Conservatives PAC,"January 20, 2026",Says Sam Page “got busted calling Trump’s (immigration) plan unrealistic.”,false,video advertisement,North Carolina,"A new advertisement misleadingly accuses a Republican North Carolina legislative candidate of criticizing President Donald Trump’s immigration policies. The , paid for by the NC True Conservatives political action committee, is meant to sway Guilford and Rockingham county voters in North Carolina’s 26th Senate District to vote for state Sen. Phil Berger over his GOP primary challenger, Rockingham County Sheriff Sam Page. The ad accurately points out that , the state’s Senate leader since 2011, partly because of Berger’s support for Trump’s immigration policies. The ad then claims Page ""got busted calling Trump’s plan unrealistic."" Here’s a : Trump : ""Seal the border. Stop the invasion, and send Joe Biden’s illegal aliens the hell back home."" Narrator : ""Phil Berger backs President Trump’s plan to stop illegal immigration. That’s why President Trump backs Phil Berger. And Sam Page? He got busted calling Trump’s plan unrealistic."" Page, in what the ad labels a ""leaked video"" clip : ""It is unrealistic to assume that 12 to 14 million people will just leave the United States."" Narrator : ""Sam Page — wrong on Trump, wrong on immigration, wrong for us."" Page has been a , and the ad doesn’t provide any context for Page’s remarks, which were made in 2012. That’s years before Trump filed to run for president the first time — and even longer before Trump had articulated his immigration enforcement plan. The ad also deceptively edited Page’s complete comments. Page’s full comments Page pointed PolitiFact to a posted Oct. 12, 2012 showing Page speaking at a lectern. In it, Page said the federal government needs to do more to secure the U.S.-Mexico border, such as hiring more Immigration and Customs Enforcement personnel. ""Therefore, the National Sheriffs’ Association recommends the following,"" Page can be heard saying. ""We’re asking for additional ICE agents, Border Patrol agents,"" Page said. ""We’re also asking for continued increased funding for our 287(g) and ‘Secure Community’ program."" He continued: ""On the pathway to legal employment and legal status, the National Sheriffs’ Association does, at this point and time, strongly oppose outright amnesty for those individuals currently here illegally. Amnesty does not work. However, it is unrealistic to assume that 12 to 14 million people will just leave the United States if asked. A plausible solution must be developed. And that’s what I’m saying tonight."" Page then encouraged people to watch a documentary on illegal immigration and to call their representatives in Congress to demand a more secure border. Page said he was reading from a 2011 National Sheriffs’ Association position paper on comprehensive immigration reform. The association’s read: ""When granted in 1986, [amnesty] did little to stop the flow of illegal individuals from coming across the border and, in fact, contributed to thousands of fraudulent applications for amnesty. History cannot repeat itself. However, it is unrealistic to assume that 12 to 20 million people will just leave the United States if asked. A plausible solution must be developed."" When PolitiFact presented this information to NC True Conservatives, group spokesman Lawrence Shaheen said Page’s comments reflect the candidate’s personal beliefs. Shaheen cited a segment of the video when Page says, ""And that’s what I’m saying tonight"" — as well as an Oct. 8, 2012, Winston-Salem Journal article that read in part: The goal, Page said, is to motivate people to lobby members of Congress to do something about illegal immigration. Asked what he thinks should be done, Page said he supports comprehensive immigration reform — legislation that would deal with the estimated 11 million to 14 million noncitizens in the U.S. without authorization. Mass deportations, Page said, would not be an effective way to deal with the issue. ""In the U.S., you can't just deport 14 million people. There is going to have to be some type of fix for the long term."" Page told PolitiFact that he didn’t recall his conversation with a Winston-Salem Journal reporter, but said he was likely attempting to relay the position of the association. After Page campaign attorneys sent a cease-and-desist letter to Shaheen, lawyers for NC True Conservatives responded to the Page campaign citing the same news article and 2012 video. The group declined to take down the ad. Page support for Trump Page told PolitiFact that his support for that plan is evident through his backing of Trump and tougher immigration policies through the years. In 2015, before a Congressional committee on immigration and border security. In a prepared statement, Page expressed support for legislation that would deport undocumented minors to their home countries so long as they wouldn’t face persecution there or face the risk of trafficking. Page says he co-founded ""Sheriffs for Trump"" in 2016, when Trump promised to living in the U.S. illegally, then estimated to be 11 million people. In September 2016, Page : ""I believe we need to remove all criminal offenders that are in this country illegally."" In January 2017, that he supported Trump’s plan to build a wall on the southern U.S. border and crack down on illegal immigration. The next month, Page was one of several sheriffs to and praise his agenda. Page helped lead Trump’s 2020 campaign in North Carolina, and in recent years that would require North Carolina sheriffs to cooperate with federal immigration officers. Page supported Trump again in 2024, when Trump vowed to carry out the "" ."" The One Big Beautiful Bill Act signed by Trump last year provided hundreds of billions of dollars in to help Trump achieve his goal. Page for signing the legislation, describing it on X as a ""major achievement and bold step forward."" When Trump endorsed Berger in the race in December, Page had been a longtime supporter and described him as an ""outstanding"" person. Page also referred PolitiFact to an , which described him this way: ""No North Carolina law enforcement official has cheered President Donald Trump’s anti-immigration agenda as much as Rockingham County’s cowboy hat-wearing sheriff, Sam Page."" Trump’s immigration plan The Trump administration has asked immigrants to leave on their own, calling it self-deportation. The U.S. Department of Homeland Security that an estimated 2.2 million people had self-deported during the first year of Trump’s second term in office. That number is , however, because the Trump administration hasn’t released monthly detailed deportation data. But the Trump administration’s aggressive enforcement plan shows it isn’t relying solely on self-deportation. DHS is offering a $2,600 stipend to each immigrant who self-deports and reports it on a government app. The offer comes with a warning: Those who don’t self-deport will be ""arrested, deported, and they will never be able to return to the United States."" To execute that plan, Trump’s administration is investing billions of dollars to hire immigration agents to conduct what it touts as the "" .""",Paul Specht,"February 25, 2026",https://www.politifact.com/factchecks/2026/feb/25/nc-true-conservatives-pac/no-rockingham-county-sheriff-sam-page-didnt-call-t/
Josh Riley,"January 8, 2026",“Nearly 27% of all homes sold in the first quarter of 2025 were bought by investors.”,half-true,press release,Housing; New York,"Are more than a quarter of homes being bought by Wall Street investors, rather than people looking to make them their primary residence? Rep. Josh Riley, D-N.Y., recently said so. In a about he’s sponsoring to stop Wall Street investors from buying up homes, he wrote, ""Families in Upstate New York shouldn’t have to compete with Wall Street hedge funds just to buy a home. But that’s exactly what’s happening — big investors are swooping in, buying up houses, and pricing out regular families who’ve been working hard and saving up."" Riley went on to write that ""nearly sold in the first quarter of 2025 were bought by investors,"" citing a that, in turn, referred to data by the real estate firm BatchData. Riley’s office did not reply with supporting evidence beyond what was in the press release. BatchData did not respond to inquiries for this article. But housing experts expressed caution about overinterpreting Riley’s data point. Who is buying homes? Experts pointed out three issues with Riley’s talking point. One has to do with who these ""investors"" are. In the press release, Riley framed the buyers as ""Wall Street hedge funds."" But experts said such buyers are outnumbered by individuals and families investing on a much more limited scale. ""The purchasing activity of small-scale, ‘mom and pop’ investors accounts for most of the current increase"" in investor-owned single family rentals, the Federal Reserve Bank of St. Louis in an October 2025 analysis. An by the American Enterprise Institute, a conservative think tank, found that large institutional investors — those owning 100 or more properties — held roughly 1% of the nation’s single-family housing stock. By contrast, smaller investors, with two to nine properties, held about 11%, the analysis found. In other words, the combination of the two would account for about 12% of holdings, collectively accounting for a distinct minority of units. A second issue is that Riley cited a data point for new sales, rather than the total accumulated ownership rate. This means the 27% figure, covering new sales, overstates the extent of units in investors’ hands overall. The Government Accountability Office, an investigative arm of Congress, in 2024 that large-scale institutional investors own roughly 2% of the single-family rental housing stock nationally. The Federal Reserve Bank of St. Louis analysis aligns with the American Enterprise Institute and Government Accountability Office assessments, concluding that investor-owned units ""form a small fraction of the national"" market for single family rentals. Carl Goertemoeller, executive director at the University of Cincinnati Real Estate Center, agreed, telling PolitiFact New York that he would be ""shocked to observe 27% nationwide."" Don Haurin, an emeritus Ohio State University economics professor, said that despite recent growth, ""the ownership of the stock of housing by investors is much lower than 27%."" A third issue concerns regional variation. The Federal Reserve analysis said ""large-scale, ‘institutional’ investors exert considerable influence in the 20 largest U.S. metropolitan areas, where they primarily operate,"" but not as much outside those markets. The Government Accountability Office estimated that institutional investors own 25% of Atlanta’s single-family rental housing market, 21% in Jacksonville, Florida, 18% in Charlotte, North Carolina, and 15% in Tampa, Florida.",Chris Doody,"February 25, 2026",https://www.politifact.com/factchecks/2026/feb/25/josh-riley/investor-owned-single-family-homes-us/
Social Media,,"Imagen muestra a Puerto Vallarta, México, después de la muerte de Nemesio “El Mencho” Oseguera Cervantes, el líder del Cártel Jalisco Nueva Generación.",false,,Drugs; Crime; PolitiFact en Español; Artificial intelligence,"Nemesio ""El Mencho"" Oseguera Cervantes, el líder de un cártel de narcotráfico en México, murió durante un militar mexicano con apoyo de información de inteligencia estadounidense en Tapalpa, un municipio del estado mexicano Jalisco. La tras la muerte de Oseguera Cervantes el 22 de febrero, con presuntos miembros del crimen organizado incendiando autobuses y negocios mientras se enfrentaban a las autoridades en varias ciudades mexicanas, incluyendo Puerto Vallarta, Jalisco. Las imágenes de Puerto Vallarta en llamas han , pero una foto compartida en internet no es real. Una del 22 de febrero dice mostrar una imagen de Puerto Vallarta con edificios dispersos en llamas. ""Hermosa panorámica de Puerto Vallarta, Jalisco nos regala esta mañana de narcobloqueos"", dice el subtítulo de la publicación. ""Ahí está la consecuencia de tolerar la expansión del poderío del crimen organizado: Se saben impunes para sembrar el terrorismo"". Otros usuarios en e también compartieron la misma imagen, diciendo que se trata de los disturbios en Puerto Vallarta. (Captura de pantalla de la publicación en X). Pero esta fue generada con inteligencia artificial. La imagen muestra el logo de Gemini, el chatbot de inteligencia artificial de Google, en la esquina inferior derecha. PolitiFact subió la imagen a Gemini y esta confirmó que fue generada con su programa de inteligencia artificial generativa. ¡Sigue el canal de WhatsApp de PolitiFact en Español para estar al día de lo que es cierto, falso, engañoso o fuera de contexto! Las inconsistencias visuales indican que la imagen no es real. Algunos autos en las calles son indistinguibles, mientras que otros parecen estar encima del otro. Algunos edificios se ven distorsionados y el humo y el fuego tienen patrones inusuales. Por ejemplo, el fuego es de color naranja brillante y se asienta sobre los edificios sin consumir la estructura, y el humo parece ascender en la misma dirección sin ser interrumpido por el viento. (Captura de pantalla de una imagen generada con IA que resalta con círculos rojos las inconsistencias visuales. En la parte inferior derecha se encuentra el logotipo de Google Gemini). Esta imagen no muestra a Puerto Vallarta después de la muerte de Oseguera Cervantes. Calificamos esta declaración como Falsa. Nota del editor: PolitiFact tradujo esta historia del al español usando un servicio de traducción automática. Los periodistas de PolitiFact con fluidez en ambos idiomas editaron la traducción para mayor claridad y precisión.",Maria Briceño,"February 23, 2026",https://www.politifact.com/factchecks/2026/feb/23/social-media/El-Mencho-Mexico-cartel-Puerto-Vallarta-IA/
Donald Trump,"January 29, 2026","After U.S. vessel strikes in the Caribbean Sea and Pacific Ocean, “drugs entering our country by sea are down 97%.”",false,White House event,Drugs; Venezuela,"President Donald Trump has cited dramatic results from U.S. strikes on vessels in the Caribbean Sea and Pacific Ocean, saying they’ve nearly stopped the flow of drugs trafficked to the U.S. by water. Since September 2025, the U.S. has at least 40 alleged drug vessels, killing 149 people. ""With our action in the Gulf of America, that sounds so nice when I hear the Gulf of America, drugs entering our country by sea are down 97%,"" Trump said at a Jan. 29 event. ""So when you see the boats being hit, those boats kill on average 25,000 people a boat."" We’ve rated the statement about 25,000 deaths Even though Trump mentioned the Gulf of America, his comments appeared to reference the Caribbean and Pacific strikes. When asked for evidence about the 97% claim, the White House pointed us to Customs and Border Protection statistics from July 2025 to November 2025. Those numbers show a 98% drop in the pounds of drugs seized by . But drug seizures tell us only how many drugs are the U.S. There isn’t data to show how many drugs are being sent to the U.S. or how many are making it in. Drug experts also say changes in drug seizure data aren’t sufficient to make definitive statements about policy outcomes. ""No one knows how much doesn't get caught, so no one can cite a precise percentage change,"" Jonathan Caulkins, a Carnegie Mellon University drug policy researcher, said. ""Trump is making a claim about something that is unknowable."" The White House didn’t explain why it chose those months. There has been a drop in CBP drug seizures since September 2025 when the vessel strikes began, but the percentage drop fluctuates depending on the months compared. Additionally, the Coast Guard — not CBP — oversees most drug seizures on water, especially in international waters, an agency spokesperson . Its data shows a spike in annual cocaine seizures — 200% in fiscal year 2025 compared with its yearly average. (The Coast Guard generally focuses on cocaine seizures, while CBP’s 98% decline is mainly related to marijuana.) While the White House cites a drop in CBP drug seizures as a success, the Coast Guard cites an increase in seizures as a sign of strong enforcement. This image from video provided by U.S. South Command, shows a vessel accused of trafficking drugs in the eastern Pacific Ocean shortly before it was destroyed by the U.S. military, killing two and injuring one, Jan. 23, 2026. (U.S. Southern Command via AP) An uncharacteristically high month for marijuana seizures inflates percent drop The White House’s calculation starts in July 2025, which was an outlier with an uncharacteristically high number of marijuana seizures. In July, CBP seized 224,000 pounds of drugs, including 203,000 pounds of marijuana. CBP seizes about 20,000 pounds of all types of drugs in a month. From August 2025, the last month before the vessel strikes began, to January, the latest available data, CBP drug seizures dropped 79%. For the Coast Guard, drug seizures are up. In the 2025 fiscal year which ended in September, the Coast Guard 510,000 pounds of cocaine, a 200% increase from a typical fiscal year when the Coast Guard seizes about 167,000 pounds of cocaine. In August 2025, the Coast Guard launched an operation to target cartels and criminal organizations. From August 2025 to February 2026, the Coast Guard 200,000 pounds of cocaine more than it seizes in a typical year, according to agency press releases. The Coast Guard has the increase in seizures as a success in ""preventing the flow of dangerous drugs into American communities."" Statistics don’t show how many drugs make it into the US Regardless of the data point, it’s unknown how many drugs enter the U.S. each year. Drug seizures show only how many pounds of a drug were stopped from getting into the U.S. ""It's a black market. And so by definition, we do not have good market data,"" Elizabeth Dickinson, deputy program director for Latin America and the Caribbean at the International Crisis Group, a nonprofit that researches global crises. The decrease in CBP seizures could point to less enforcement or fewer drugs moving on a specific route, Dickinson said. ""There's really not a good way to understand that data,"" she said. Dickinson said the Trump administration’s drug enforcement efforts, such as the vessel strikes, have ""scared some traffickers away from using specific routes."" Rather than stop trafficking, they might have rerouted. ""Drug trafficking is a very old and mature business, in many ways, these organizations have been in a cat and mouse game with law enforcement, not just for years, but really for decades,"" Dickinson said. They ""are expert at reconfiguring routes, finding new ways to ship things, and innovating in a way to avoid enforcement.""",Maria Ramirez Uribe,"February 23, 2026",https://www.politifact.com/factchecks/2026/feb/23/donald-trump/drug-water-down-97-percent-cocaine-seizures-sea/
Social Media,"February 22, 2026","Image shows Puerto Vallarta, Mexico, after the killing of Nemesio “El Mencho” Oseguera Cervantes, the head of Jalisco New Generation Cartel.",false,social media posts,Drugs; Crime; Artificial intelligence,"The Mexican military killed Nemesio ""El Mencho"" Oseguera Cervantes, Mexico’s cartel boss, during an aided by U.S. intelligence information in Tapalpa, a town within the Mexican state of Jalisco. after Oseguera Cervantes’ Feb. 22 killing, with suspected gang members torching buses and businesses while clashing with the authorities in multiple Mexican cities, including Puerto Vallarta in Jalisco. Images of Puerto Vallarta in flames have , but one photo shared online is not real. A Feb. 22 said it shows an image of Puerto Vallarta with scattered buildings on fire. ""This is not a scene from a movie, this is the city of Puerto Vallarta, Jalisco in Mexico. Look at all these fires going around the city,"" says the man in the TikTok video. ""Well, what’s happening is they’re saying that they took down the leader of El Cartel de Jalisco Nueva Generación, AKA El Mencho… and all his people are going around all the city and just burning cars, shooting random people, fighting against the police."" also shared the same image with English and Spanish captions claiming to show the unrest in Puerto Vallarta. (Screenshot of the Instagram post.) But that was generated with artificial intelligence. The image shows the logo of Gemini, Google’s AI chatbot, at the bottom right corner. PolitiFact uploaded the image to Gemini and it confirmed the image was generated using its generative AI program. Visual inconsistencies signal the image is fake. Some of the cars on the streets are indistinguishable, while others look on top of each other. Some of the buildings look distorted and the smoke and the fire have unusual patterns. For example, the fire is bright orange and it sits on top of the buildings without consuming the structure, and the smoke seems to be going up in the same direction without being disrupted by the wind. (Screenshot of AI-generated image highlighting with red circles visual inconsistencies. At the bottom right is the Google Gemini logo.) This image doesn’t show Puerto Vallarta after the killing of Oseguera Cervantes. We rate this claim False.",Maria Briceño,"February 23, 2026",https://www.politifact.com/factchecks/2026/feb/23/social-media/El-Mencho-Mexico-cartel-Puerto-Vallarta-AI/
Robert F. Kennedy Jr.,"January 7, 2026",Says “90% of health care spending treats chronic disease.”,false,press briefing,Public Health,"Have you seen the Mike Tyson ad telling people to eat ""real food?"" The black-and-white spot that debuted during the Super Bowl is the latest promotion for the federal government’s new dietary guidelines. With a quick scroll, football watchers who visited the in the ad would have encountered the statistic that ""90% of U.S. healthcare spending goes to treating chronic disease — much of which is linked to diet and lifestyle."" This statistic also appeared in the dietary and on the . Health and Human Services Secretary Robert F. Kennedy Jr. said it this way in his : ""The CDC reports that 90% of healthcare spending treats chronic disease."" This number grabbed podcaster Michael Hobbes’ attention. ""I couldn't find anyone fact-checking this number,"" Hobbes said on the Jan. 30 episode of ""Maintenance Phase,"" a podcast that digs into the science behind health and wellness trends. No worries — PolitiFact is here to answer the call! The 90% figure has roots in a by the Rand Corp., a nonpartisan research organization. But one of the researchers told PolitiFact that the claim, as stated by Kennedy and , didn’t accurately reflect their findings. The Rand report calculated all health spending on people with chronic illnesses, which includes a majority of Americans. It did not isolate the total spending on treating chronic illness itself. Here’s another way to think about it: If someone with asthma broke a leg, got glasses or picked up antibiotics, that all counted as spending on a person with a chronic disease — even if it’s not treating the asthma. The department did not respond to our request for comment. HHS relayed the research more accurately in the and . What the report really said A trail of footnotes in the dietary leads to the 2017 . Rand used data from an annual government-run survey. The Medical Expenditure Panel Survey asks families to report a year’s worth of — including doctor’s visits, prescriptions and hospital stays. It also collects data on people’s health conditions, which can be categorized as chronic or not chronic. The sample size has varied over the years, ranging from about . Experts said it is among the best data sources on personal health spending. The report defines a as a mental or physical health condition lasting over a year that either requires functional restrictions or ongoing medical treatment. Many conditions fall into this category, including hypertension, diabetes, depression, anxiety, osteoarthritis, asthma, heart disease, high cholesterol, and cancer. Using survey data collected in 2014, Rand researchers estimated almost 60% of Americans had at least one chronic condition. Then they looked at people’s health care costs, including payments made by insurers and out-of-pocket costs. According to Rand, spending on the 60% of people with one or more chronic conditions made up 90% of all spending. The 40% with no chronic illnesses made up 10% of the spending. ""A person in a year spends or incurs health care costs for multiple related things,"" said Christine Buttorff, a Rand health policy researcher and study co-author. ""It could be their chronic disease, but it also could be something as simple as an acute illness where they had to go to the doctor or go to the emergency room for something totally unrelated to the chronic disease. So our estimates lump all of that together."" The claim that 90% of U.S. health care spending goes to treating chronic disease is ""not an accurate reflection of our report,"" Buttorff said. Limited data on chronic illness treatment spending Estimating how much Americans spend on treating chronic illness is harder. It typically requires using insurance claims data, which is spread across government databases and private insurers. It can be difficult to link expenses and conditions. If, for example, a person with asthma is hospitalized with pneumonia, is that part of their chronic disease treatment or an acute case? If a person pays to see a psychiatrist but has both anxiety and depression, which diagnosis is that cost linked to? University of Washington researchers have been tackling this question. The university’s Institute for Health Metrics and Evaluation in analyzed personal health care spending from 2010 to 2019 on 148 health conditions, without distinguishing chronic illnesses from other ailments. In 2019, the top three most expensive conditions were Type 2 diabetes ($143.9 billion), musculoskeletal disorders such as joint pain and osteoporosis ($108.6 billion), and oral disorders such as cavities and orthodontia ($93 billion). ""Reality is, we spend a ton of money on things that people don't associate with chronic diseases,"" said Joseph L. Dieleman, a University of Washington health metrics sciences professor and study co-author. PolitiFact did not find any studies that looked specifically at past chronic disease treatment spending. One recent report tried to model future spending on chronic disease. A 2025 report from GlobalData and the Partnership to Fight Chronic Disease estimated an average of annually in medical costs over the next 15 years. Given that current health care spending is over annually, that rate of spending would put chronic disease spending around 42% annually. Rising chronic illness burden is not all related to diet and lifestyle U.S. chronic illness rates are rising. In 2010, about had at least one chronic condition. The number has closer to 75% in years, boosted in part by better diagnostics and longer lifespans. ""Chronic conditions linked to lifestyle choices such as physical inactivity or diet are a huge issue in the U.S., even if their use of this statistic isn’t quite right,"" Buttorff said. Several of the most common chronic conditions — hypertension, Type 2 diabetes, heart disease, and high cholesterol — have to and related risk factors. Others can’t always be linked to lifestyle, including mental health conditions, asthma, Type 1 diabetes, cancer, rheumatoid arthritis, Alzheimer's disease, and dementia.",Grace Abels,"February 19, 2026",https://www.politifact.com/factchecks/2026/feb/19/robert-f-kennedy-jr/chronic-disease-90-percent-health-spending-rfk/
Bruce Blakeman,"January 14, 2026",New York ranks No. 1 in the nation for individual tax burden.,mostly-true,statement,Taxes; New York,"In a line of attack that Empire State Republicans have deployed over many election cycles, Nassau County Executive Bruce Blakeman has focused on New York’s tax climate as he mounts a campaign to unseat Gov. Kathy Hochul. The Long Island Republican said in the nation for highest individual tax burden. Given the state’s notorious tax reputation, we were curious if it indeed has the highest tax burden in the country. There are several ways to measure a tax burden, and different analyses result in different rankings. Some rankings include property and sales taxes. Some just one or the other. We started with the Tax Foundation, which completes extensive studies of tax policies in every state. The last study of state and local tax burden was from 2022, and New York was , with an effective tax rate of 15.9%. The conservative-leaning think tank defined ""tax burden"" as state and local taxes paid by residents divided by that state’s share of net national product. This study took into account tax incidence, which measures which entity pays a tax, both under the law and in the economy. Though this data is older, this analysis ""comes closest to answering the question of which state actually has the highest burdens on residents, and on that, New York is unequivocally highest,"" said Jared Walczak, senior fellow at the Tax Foundation. The think tank also measured how much state and local governments in every state, and it published its findings in 2025. The nationwide average of state and local tax burden per capita was $7,109, according to U.S. Census data from 2022. In the Tax Foundation’s study, the District of Columbia was the costliest place to live when it comes to local taxes, collecting $14,974. But New York was the costliest state, with the highest combined state and local per capita tax burden at $12,685. California came in second. Another study from the Tax Foundation found that when tax collections are calculated as a percentage of personal income, New Mexico came in at the top, and New York placed second. When individual income taxes are taken into account, New York ranks second behind Oregon. It’s worth noting the Beaver State has no sales tax. ""There isn’t just one single way to define state tax burdens,"" Walczak said. ""But by a measure that accounts for tax incidence, New York has the highest tax burdens - and by any conceivable measure, it’s at or near the top,"" he said. WalletHub, a personal finance company, found that in the country in a study it published in April. The site looked at the proportion of total personal income that people pay in state and local taxes, including personal income, sales, excise and property taxes. New York’s overall tax burden as a share of personal income was 13.56%, while Hawaii had the highest, at 13.92%. Considering only personal income taxes, New York is first, at 5.76%. Counting only property taxes, Vermont ranks first for that burden, with New York fourth. The total sales and excise tax burden rankings has New York at No. 22. New York has the highest tax burden when the state and local personal income tax revenues are divided by the personal income of all the people living in that state, based on U.S. Census data from 2022, said Aravind Boddupalli, a senior research associate at the Urban-Brookings Tax Policy Center. But these rankings miss the fact that there are high-income earners in New York, and that New York has a relatively progressive income tax structure, meaning that people who earn more pay more in income taxes. The metrics don’t measure fairness, he said. ""There are a lot more people with a lot more resources in New York, and the tax burden metric measures revenue raising, not necessarily who pays how much,"" he said. After Blakeman made his claim, the Citizens Budget Commission, a centrist New York-based think tank, found that state and local governments in and the second highest per $1,000 of personal income, based on 2023 data. In 2018, when Republican Marc Molinaro ran for governor, he claimed that New York had ""among the highest tax burdens of any state in the nation,"" and PolitiFact . We reached out to Blakeman’s spokesperson but did not hear back. The state Republican Party responded, saying that it uses the Tax Foundation , which in 2026 ranked New York the least competitive state. Individual taxes, for which New York ranks 50th, is part of that analysis.",Jill Terreri Ramos,"February 17, 2026",https://www.politifact.com/factchecks/2026/feb/17/bruce-blakeman/comparing-tax-burdens-new-york-at-or-near-the-top/
Social Media,"February 14, 2026",The Epstein files “expose Ellen DeGeneres” as a cannibal.,pants-fire,social media posts,Pop Culture; Artificial intelligence; Jeffrey Epstein,"After the Justice Department released millions of pages of documents linked to disgraced financier Jeffrey Epstein, social media users touted supposed revelations in the files and accused famous people of depraved acts. Former television host Ellen DeGeneres was one target. ""The Epstein files expose Ellen DeGeneres as Hollywood's ‘most prolific cannibal.’ She ate children's flesh,"" a read. It had gained 12.5 million views as of late afternoon Feb. 16. It was the latest in a trying to connect DeGeneres to crimes involving children. PolitiFact found no files in the Justice Department’s that show evidence DeGeneres took part in Epstein’s criminal activities or engaged in cannibalism. The library comes with caveats; text in some documents is not searchable. We traced this claim to The People’s Voice, a of misinformation. On Feb. 11, the People’s Voice released a and an that cited an ""inside source."" The video contained a supposed audio clip from a ""whistleblower"" who spoke about DeGeneres having a separate kitchen without cameras. The ""whistleblower"" also mentioned babies in refrigeration units. Four analysts told PolitiFact the audio was likely generated with artificial intelligence. V.S. Subrahmanian, a Northwestern University computer science professor, and Marco Postiglione, a postdoctoral researcher who works with Subrahmanian, analyzed the audio clip using 83 deepfake detection algorithms, 63 of which found that the audio clip is more likely to be fake than real. Other signs also showed the audio is likely AI-generated, including a lack of verbal stumbles — which are typical in usual conversation — and ""emotional breaks typical of genuine testimony,"" Subrahmanian and Postiglione found. The analysts also found the speech sounded like ""written prose"" and not like it was delivered spontaneously. For example, the voice described DeGeneres watching people eat her dumplings ""not hungrily, not nervously, but with that sociopathic calm."" Hafiz Malik, University of Michigan – Dearborn electrical and computer engineering professor, also analyzed the clip and said it was AI-generated. He pointed to the flatness of the speaker’s voice, and a stationary noise throughout the audio. ""If you’re talking to somebody, noise does change, so you don’t see a fixed kind of pattern in noise in general,"" he said. The article from The People’s Voice cited no information from the Epstein files pointing to correspondences from, to or about DeGeneres. Searching ""Ellen DeGeneres"" in the Justice Department’s Epstein Library showed some news and feature story clippings mentioning her. We found no news reports detailing any connection between DeGeneres and Epstein. New York Magazine’s Intelligencer of prominent people who have been linked to Epstein, using information from Epstein’s black book, flight logs and Justice Department files. DeGeneres is not on the list. The claim that the Epstein files prove DeGeneres was a cannibal is baseless. We rate that Pants on Fire! PolitiFact Researcher Caryn Baird contributed to this report.",Loreben Tuquero,"February 16, 2026",https://www.politifact.com/factchecks/2026/feb/16/social-media/epstein-files-ellen-degeneres-cannibal/
X posts,"February 12, 2026","Savannah Guthrie's husband’s company is listed as a ""co conspirator"" in the Epstein files, “in case you're wondering why now of all times for (her) mother to be 'kidnapped.'""",false,X post,Criminal Justice; Crime; Jeffrey Epstein,"After Nancy Guthrie’s Feb.1 abduction from her Tucson, Arizona, home, her daughter ""Today"" host Savannah Guthrie on social media for tips on her mother’s whereabouts, for her safe return. So far, social media users have been less than helpful. With the Justice Department’s Jan. 30 of more than 3 million pages of files related to Jeffrey Epstein, X users proposed bogus links between the abduction and the file release. include a photo of Savannah Guthrie’s family and an accusation about her husband, Michael Feldman. ""Her husband’s company is listed as a co conspirator in the Epstein files… FGS Global,"" reads a Feb. 12 with over 1 million views. ""In case you're wondering why now of all times for Savannah Guthrie's mother to be 'kidnapped.'"" The co-anchor’s husband isn’t named in the Epstein files, and neither is his current company. Searching the , we found to Epstein from a person named Michael Feldman, but it seems to be someone else, introducing himself as a ""theoretical physicist."" Guthrie’s husband is a communications consultant who worked in the Clinton administration as chief liaison to Congress and senior adviser for former Vice President Al Gore. Feldman currently works as North American co-chairman of FGS Global, an international public relations firm. We did not find FGS Global listed in Justice Department files, but another public affairs company that was merged to found FGS Global was listed. As a said, Feldman found Glover Park Group in 2001, and its name appears twice in the Epstein files. The firm with other companies to FGS Global in 2021. PolitiFact reached out to FGS Global, but didn’t receive an immediate response. The first mention was in 2014. The office of Terje Rød-Larsen, a , shared a list of articles with Epstein, and mentioned the Glover Park Group’s work lobbying for Egyptian interests. The second was in a 2015 email forwarded by Larry Summers, former U.S. Treasury secretary and former Harvard University president. Summers suggested that Epstein contact Joe Lockhart, who at the Glover Park Group and served as press secretary during the Clinton administration, as well as other Democratic politicians. The initial email says Lockhart ""helped Clinton and Genera= (sic) Petraeus."" (Former CIA director and retired U.S. Army Gen. David Petraeus an extramarital affair uncovered in 2012.) (Screenshot of a Jan. 8, 2015, email exchange in the Epstein files) These mentions are not evidence that Feldman, FGS Global or Glover Park Group were ""co-conspirators"" with Epstein. Being mentioned in the files does not mean criminal wrongdoing. We in 2025 that figures such as President Donald Trump and Clinton appear in the files, but that doesn’t mean they are guilty or charged with crimes. As of February 2026, Epstein and his coconspirator Ghislaine Maxwell are the only people who have in the scheme to sexually exploit and abuse multiple minor girls. Pima County Sheriff Chris Nanos Feb. 16 on X that the Guthrie family, including ""all siblings and spouses,"" had been cleared as possible suspects in the Nancy Guthrie case. We rate the X posts’ claims about Guthrie’s husband’s company False.",Maria Briceño,"February 16, 2026",https://www.politifact.com/factchecks/2026/feb/16/tweets/epstein-files-nancy-guthrie-feldman/
Donald Trump,"February 8, 2026","Crime in Minneapolis “is down 25, 30% because we’ve removed thousands of criminals from the area.”",mostly-false,interview on NBC,Immigration; Crime,"President Donald Trump said his immigration enforcement operation led to a crime drop in Minneapolis. In a pre-Super Bowl interview, NBC’s Tom Llamas about immigration enforcement weeks after agents fatally shot two Americans, Renee Good and Alex Pretti, in Minneapolis. ""The crime numbers in Minnesota, in Minneapolis in particular, are down 25, 30% because we’ve removed thousands of criminals from the area,"" Trump said. ""These are hardened criminals that came in, many of them — most of them came in through an open border."" The Trump administration launched Operation Metro Surge in late 2025 in Minnesota with the stated goal of arresting people in the U.S. illegally. Federal immigration agents arrested more than during the operation, the White House said Feb. 4. But it did not say how many of those arrests were in Minneapolis or how many of the people detained had criminal histories. Media reports show that some people arrested in the course of the operation, or , held legal status, were U.S. citizens or had pending asylum cases. Although some Minneapolis crime has recently declined in the short timeframe Trump highlighted, these numbers had already been coming down prior to the operation. There is no data credibly linking those declines to the federal immigration arrests. Other crime, meanwhile, has gone up in the period Trump described. White House border czar Tom Homan the federal operation will wind down there over the next week. White House cited Minneapolis data for about one month Asked for data behind Trump’s claim, a White House spokesperson pointed to the showing the number of homicides, burglaries and robberies during January and early February 2026 compared with 2025. Here’s what data from Jan. 1 through Feb. 4, the date of Trump’s interview, show: 134 burglaries in 2026, down from 219 in 2025, a decline of 39% 71 robberies in 2026, down from 95, a decline of 25%. Two homicides in 2026, down from five, both numbers too small to be considered statistically significant. However, the city homicide data the White House relied upon doesn’t capture the fatal shootings of two U.S. citizens by federal immigration agents. Homicide refers to the death of a person by another; it does not automatically mean that a crime occurred. The medical examiner ruled Good and Pretti’s killings were homicides, but the city’s dashboard reflects only deaths investigated by the police department. Although the decline in burglaries and robberies matched Trump’s percentages, some other offenses increased: assaults were up by 11% and motor vehicle theft by 26%. We asked the White House what evidence it has that the declines it cited are because of its immigration enforcement arrests. They provided no evidence. ""Removing dangerous criminals from the streets obviously means less crime is being committed,"" White House spokesperson Abigail Jackson said. Crime experts pointed to several problems with Trump’s statement: The short timeframe. Comparing about a month across two years is statistically meaningless, said James Densley, a criminology professor at Metropolitan State University in St. Paul. ""Crime is seasonal, lumpy, and volatile in small time frames. A single week of warm or cool weather, a gang conflict resolution, or even random variation can swing these numbers dramatically."" Crime was already dropping in Minneapolis. Violent crime peaked in 2021 and 2022 and has since fallen. That mirrors national trends, regardless of immigration enforcement. The found in the fall of 2025 that robberies and burglaries were lower than in 2019, and that the tally of gunshot victims had also dropped. No proof immigrants are the reason for the decline. For the federal arrests to drive the drops in burglary and robbery would require evidence that a substantial share of those crimes were committed by immigrants. The Trump administration has cited , but hasn’t provided details on all 4,000 people it arrested. That means we don’t know how many of those immigrants had criminal histories, and whether they were recent or had committed crimes such as robberies or burglaries. There are to be about the administration’s repeated characterization that the people they are arresting as part of the immigration crackdown represent ""worst of the worst"" offenders. PolitiFact that nearly half of all immigrants in ICE detention have neither a criminal conviction nor pending criminal charges. Of the immigrants with criminal convictions, 5% have been convicted of violent crimes such as murder or rape, according to the , a libertarian think tank. In Minnesota, the state Department of Corrections, which oversees the state prisons, that the federal government had spread misinformation about noncitizens. State officials didn’t find criminal history for some people named by Homeland Security while others had or remained in prison. If someone was still behind bars in January, they could not have committed burglaries and robberies. Another problem with Trump’s statement is that federal immigration enforcement caused public safety threats in addition to the two U.S. citizens who were fatally shot. University of Minnesota sociologist Michelle Phelps said families of color have gone into hiding in response to the immigration enforcement, producing conditions that can create their own public safety issues. Such conditions include school absenteeism, rent insecurity and business instability. Some crime could have dropped because people stayed home to avoid federal agents. Criminologists have known for decades that visible, aggressive law enforcement suppresses crime in the short term, Densley said. ""Flood a neighborhood with federal agents and marked vehicles, and people alter their routines,"" he said. ""They stay inside. They avoid public spaces. Fewer people on the street means fewer opportunities for crime."" The surge of enforcement likely reduced crime reporting by people in targeted communities, University of Minnesota sociology professor Chris Uggen said. Minneapolis police continued focus on violent crime PBS’ Margaret Hoover asked Minneapolis Police Chief Brian O’Hara if the city’s crime had decreased because of Trump. O’Hara, who criticized the federal operation, attributed the yearslong crime drop to partnerships with other law enforcement agencies, including federal, to pursue gang members committing gun crimes and carjackings, and working together with community groups. ""That’s something that was happening a few years ago. It's not something that happened or started happening a couple of weeks ago,"" O’Hara . The police department Jan. 22 that during the federal immigration surge, local police made 849 arrests. RELATED :",Amy Sherman,"February 13, 2026",https://www.politifact.com/factchecks/2026/feb/13/donald-trump/Minneapolis-Minnesota-immigration-crime-drop/
Tom O'Mara,"January 20, 2026",“New Yorkers pay 49% more than the national average for electricity.”,mostly-true,op-ed,Energy; New York,"Amid steep national price increases for certain consumer items, New York Republican state Sen. Tom O’Mara criticized the high cost of living in his state. In a published in the Wellsville Sun on Jan. 20, O’Mara blamed Democrats in Albany for making New York ""an increasingly expensive state in which to live, work, raise a family, or run a business."" Republicans in the legislature, including O’Mara, have a ""Save New York"" campaign to tackle the cost of living, including electricity rates. O’Mara is backing a bill that would return $2 billion to $3 billion in unspent money to taxpayers. The money would come from the New York State Energy and Research Development Authority, which is tasked with promoting energy efficiency, renewable energy and emissions reduction. In the column, O’Mara said such efforts are important because ""New Yorkers pay 49% more than the national average for electricity."" Federal data supports O’Mara’s statistic, though the percentage varies by the type of customer, and New York’s rates are lower than most New England states. How much higher are electricity costs in New York state? O’Mara — whose district includes portions of central New York state and the southern tier, including Corning and Elmira — responded to our inquiry with warning about the rising prices of electricity in New York. According to the article, ""In October 2025, the average residential electricity price in New York hit 26.95 cents per kilowatt-hour — about 50 percent higher than the U.S. average and among the top ten highest rates nationwide."" This aligns with slightly more recent data collected by the federal . In November 2025, the federal agency found, residential users in New York state paid average electricity prices of 26.49 cents per kilowatt hour in November 2025. The national rate that month was 17.78 cents per kilowatt hour, so New York state’s rate was exactly 49% higher than the national average. The premium paid by commercial users in New York state was similar to what residential users paid — 50% above the national average. Two other categories of users — industrial and transportation — were closer to the national average, but still above it. Industrial users, which include major plants with a dedicated electricity supply, paid 6% more than the national average, while transportation users, such as rail, paid 15% more. New York compared favorably with some of its regional neighbors. Among New England states, residential customers in Massachusetts paid 31.22 cents per kilowatt hour, Rhode Island residents paid 30.82, Maine residents paid 27.85, New Hampshire residents paid 27.37, and Connecticut residents paid 27.02 for residential. The only New England state that was less expensive than New York was Vermont, where residential customers paid 24.17 cents per kilowatt hour. Two states in the mid-Atlantic region — New Jersey and Pennsylvania — had lower prices than New York, with 22.73 cents and 20.17 cents, respectively. Severin Borenstein, a University of California-Berkeley public policy and business administration professor, cautioned that the averages mask variations among people and locations. ""New York has many different utilities and rates, so some people pay even more than that differential and others pay less,"" Borenstein said.",Brooke Johnpier,"February 13, 2026",https://www.politifact.com/factchecks/2026/feb/13/tom-omara/new-york-electricity-rates-utilities/
Claudia Tenney,"January 16, 2026",Said she has led the House effort to build a large Micron semiconductor facility near Syracuse.,half-true,post on X,Technology; New York,"Republican Rep. Claudia Tenney, whose congressional district stretches across much of Central New York, recently took credit for helping push forward a major semiconductor factory in Clay, N.Y., north of Syracuse. ""It was exciting to break ground with on its historic investment in New York State,"" Tenney Jan. 16. ""This project will create 50,000 jobs and strengthen domestic semiconductor manufacturing across NY. I was honored to lead this effort in the House as Congress reaffirmed America’s commitment to long-term innovation & competitiveness."" It was exciting to break ground with on its historic investment in New York State. This project will create 50,000 jobs and strengthen domestic semiconductor manufacturing across NY. I was honored to lead this effort in the House as Congress reaffirmed America’s… — Rep. Claudia Tenney (@RepTenney) Tenney touted her role in advancing the Micron plant, but her connection to the project is more complicated than her post acknowledged. Tenney’s office did not respond to inquiries for this article. What is the Micron plant in Clay, N.Y.? Micron, one of the United States’ largest producers of computer memory and data storage, is building a $100 billion ""megafab"" facility that will produce semiconductors, a key component of consumer and industrial electronics. Upon completion, it is poised to become the country’s largest such plant. According to Micron, the Clay facility will include 2.4 million square feet of clean room space, or the size of about 40 American football fields. The $100 billion in expenditures will be spread over at least 20 years. Micron and public officials have projected that the plant will create upwards of 50,000 jobs, potentially providing a major boost to central New York’s faltering economy. What has Tenney’s role been? Recently, Tenney has been a supporter of the plant. She was one of several high-ranking officials at the groundbreaking. Other attendees included Commerce Secretary Howard Lutnick, Rep. Nick Langworthy, R-N.Y., and New York Democratic Sen. Chuck Schumer and Gov. Kathy Hochul. In 2022, Tenney opposed a key piece of legislation that made the Micron plant possible: the CHIPS and Science Act, which was signed by then-President Joe Biden. The bill was designed to promote U.S. high-tech manufacturing through federal funding and incentives. On the eve of the bill’s signing, Micron in a news release that it was announcing $40 billion in manufacturing investment because the CHIPS and Science Act made it possible for the company to ""move toward this significant, long-term investment plan with confidence."" When the CHIPS and Science Act was being debated in the House — and before Micron had chosen Clay as the location — Tenney explained her by ""lacks critical guardrails and includes loopholes that in the long run could benefit China."" She said that ""much of the supported research under this bill will be executed in partnership with universities, which we know are notoriously vulnerable to Chinese espionage."" In December 2024, the U.S. Commerce Department more than $6 billion in federal funds for Micron to assist in its New York and Idaho plants. Since the bill was signed into law and Micron announced the plant would be in New York, Tenney has become more supportive. In May 2025, Tenney and 20 bipartisan colleagues introduced the Building Advanced Semiconductor Investment Credit, or BASIC, Act, which provisions of the CHIPS and Science Act. The legislation would increase the advanced manufacturing investment credit from 25% to 35% and extend its availability through Dec. 31, 2030. This bill was enacted as part of Trump’s signature tax and spending law in 2025, the . Tenney’s shifting positions on the value of the CHIPS and Science Act led to a community note on her X post, which cited her vote against the bill.",Andrew McGurl,"February 13, 2026",https://www.politifact.com/factchecks/2026/feb/13/claudia-tenney/chips-science-act-micron-semiconductor-new-york/
Donald Trump,"February 3, 2026","""The crime rate now is the lowest it's been since 1900. That's 125 years.""",half-true,remarks,Corrections and Updates; Crime,"President Donald Trump has been celebrating what he says is a major crime reduction achievement in the United States. , Trump has a version of this statement: ""The crime rate now is the lowest it's been since 1900. That's 125 years."" One of those occasions was during an NBC News that aired Feb. 8 before the Super Bowl. Trump referred to the crime rate, an umbrella category that includes four types of violent crime (murder, rape, robbery and aggravated assault) as well as property crimes (burglary, larceny, car theft and arson). But when contacted for comment, the White House referred to a narrower measure: the murder rate. The White House pointed to a Jan. 22 about the U.S. murder rate hitting its lowest level since 1900. The article cited a by the Council on Criminal Justice, an independent criminal justice research group. In its 2025 Crime Trends report, the council wrote that the 2025 homicide rate is on pace to become ""the lowest rate ever recorded in law enforcement or public health data going back to 1900, and would mark the largest single-year percentage drop"" on record. The crimes the report cited — murder and non-negligent homicide — are what’s counted in the FBI’s murder rate. By the FBI’s definition, ""murder"" the willful killing of one human being by another, as determined by police investigation and not requiring conviction of a defendant or a coroner’s ruling. Experts told PolitiFact the 2025 FBI murder rate will likely end up at a 65-year low. But saying it’s the lowest in 125 years is less certain, because data prior to 1960 is not comparable to later data. Because the methodology was not consistent for all 125 years, ""We just can’t say for sure"" whether it’s an all-time low, said Jeff Asher, a crime data researcher. Overall crime rate statistics Beyond murders and non-negligent manslaughter, the overall and rates are also lower today than at least any point since the mid-1970s. Both measures have been on a long-term decline, going back to the early 1990s. Ernesto Lopez, a senior research specialist with the Council on Criminal Justice, told PolitiFact the group did not examine any other type of crime rate when it cited the 125-year figure, only murder and non-negligent manslaughter. ""So we can’t say that violent crime or property crime rates are at all time lows"" going back as far as 125 years, Lopez said. The rate for murder and non-negligent manslaughter dropped significantly in 2025 Because it takes time to fully calculate crime data, the council’s report uses trends in the currently available data to project what the 2025 murder rate will be once the FBI calculates and releases final numbers later this year. The Council on Criminal Justice said the rate for murder and non-negligent manslaughter will be about 4 per 100,000 residents. Asher offered a similar projection of about 4.2 per 100,000. Both estimates are below the previous record low of 4.4 per 100,000 people in 2014 — at least when compared with annual rates going back to 1960, when the FBI began using the same methodology it uses today. The council and Asher agreed that the 2025 drop of about 20% is likely to become the largest one-year decline ever recorded. Issues with historic recordkeeping Whether the homicide drop is the lowest in 125 years is less certain. Asher said FBI data on murder and non-negligent homicide is not apples-to-apples between 1930 and 1959, because the older data was based on a smaller share of the U.S. population and used definitions different from today’s. Before 1930, the FBI didn’t produce any equivalent data at all. The problem with saying it’s a 125-year record, Asher said, is that doing so means including the not-fully-comparable 1930 to 1959 FBI data and 1900 to 1929 data from public health sources. The public health data counted homicides, a category that’s broader than murders and non-negligent homicides because it also includes killings considered justifiable. Lopez said his group has a ""high degree of confidence"" that once the final numbers for 2025 are released by the FBI later this year, the 2025 homicide level could be ""the lowest ever recorded in the United States since 1900""",Louis Jacobson,"February 12, 2026",https://www.politifact.com/factchecks/2026/feb/12/donald-trump/murder-crime-rate-lowest-125-years-FBI/
Social Media,,"“Durante su presentación en el Super Bowl, Bad Bunny le regaló su premio Grammy a Liam Conejo Ramos”, el niño de 5 años que fue detenido por ICE.",false,,Immigration; Sports; PolitiFact en Español,"Más de 135 millones de personas vieron el espectáculo de medio tiempo del Super Bowl de Bad Bunny y, debido a publicaciones falsas en redes sociales, algunos se fueron a dormir creyendo que la actuación contaba con la participación de Liam Conejo Ramos, el niño de 5 años por el Servicio de Control de Inmigración y Aduanas (ICE, por sus siglas en inglés), en Minneapolis. Durante la presentación de Bad Bunny el 8 de febrero en el Levi's Stadium en Santa Clara, California, el cantante puertorriqueño se detuvo para entregarle a un niño lo que parecía ser una réplica de su . Al arrodillarse, Bad Bunny, cuyo nombre legal es , le acarició la cabeza y le dijo: ""Cree siempre en ti"". Una cuenta en Instagram verificada que comparte publicaciones sobre música y entretenimiento la imagen de Bad Bunny entregando su premio al niño, diciendo que era Conejo Ramos. ""Durante su presentación en el Super Bowl, Bad Bunny le regaló su premio GRAMMY a Liam Conejo Ramos, el niño de 5 años que fue detenido injustamente por el ICE y luego fue liberado"", dice la publicación del 8 de febrero. (Captura de pantalla de una publicación en Instagram) Periodistas y también compartieron en inglés que el niño era Conejo Ramos. El niño que apareció en el primer espectáculo de medio tiempo en español no fue Conejo Ramos, sino el actor infantil de 5 años Lincoln Fox, cuya cuenta de Instagram al respecto poco después de que terminara el espectáculo: ""¡Recordaré este día para siempre! @badbunnypr — fue mi mayor honor"". En la cuenta de Instagram de Fox dio más detalles sobre su papel y abordó los rumores de Conejo Ramos. ""Un día emotivo e inolvidable al ser elegido para interpretar al joven Benito — un momento simbólico donde el futuro le entrega un Grammy al pasado"", decía la publicación en parte. ""Le envío mi cariño a Liam Ramos. Todos merecemos paz y amor en Estados Unidos, un país construido y hogar de tantos inmigrantes trabajadores"". Un bufete de abogados que representa a la familia Conejo Ramos le dijo a PolitiFact que el niño en el escenario no era Liam. PolitiFact no recibió respuesta inmediata de los representantes de Bad Bunny. Un publicista de Bad Bunny le que el niño en el escenario no era Liam Conejo Ramos. Agentes federales de inmigración detuvieron a Conejo Ramos y a su padre, Adrián Conejo, el 20 de enero cuando regresaban a su casa del preescolar. El gobierno los envió a un centro de detención en Texas antes de que el 1 de febrero. La familia es de Ecuador y está en proceso de solicitar asilo. La administración Trump ha buscado terminar con Calificamos como falsas las declaraciones de que Conejo Ramos era el niño en el espectáculo de medio tiempo del Super Bowl de Bad Bunny. Nota del editor: PolitiFact tradujo esta historia del al español usando un servicio de traducción automática. Los periodistas de PolitiFact con fluidez en ambos idiomas editaron la traducción para mayor claridad y precisión.",Samantha Putterman,"February 9, 2026",https://www.politifact.com/factchecks/2026/feb/09/social-media/Bad-Bunny-Liam-Conejo-Ramos-show-medio-tiempo/
Social Media,"February 8, 2026",An image shows Bad Bunny wearing a dress and burning the U.S. flag.,pants-fire,social media posts,Pop Culture; Sports; Artificial intelligence,"Puerto Rican superstar Bad Bunny ended his historic Super Bowl LX halftime show with a message of unity. ""God Bless America,"" he said as he drew the first predominantly Spanish-language Super Bowl halftime performance to a close, trailed by flags representing the many countries of the Americas. But on social media, people claimed Bad Bunny, born Benito Antonio Martínez Ocasio, had been pictured in a more divisive moment: standing on a stage in a dress and makeup and burning a U.S. flag. ""Just a reminder: This is the man that the NFL chose to be the performer for today's halftime show at the Superbowl,"" one read. This image doesn’t show a real flag-burning incident; it’s AI-generated. (Screenshot from Facebook) Gemini, Google’s AI chatbot, detected the digital watermark in the image that indicates it was made with the tool. The watermark is and is not visible to humans, but can be detected by Google’s technology. In an AI-generated image, that watermark is embedded in its pixels. The image has irregularities. The real U.S. flag has 13 stripes, while the flag in the fake image has 11. The AI-generated image also showed audience members holding cellphones and recording the event, but the pictures on phone screens showed inconsistent silhouettes of the burning flag. PolitiFact found no news reports nor other images and videos that confirm such an incident happened. Such an event would be widely shared given Bad Bunny’s fame — he recently made history by becoming the first artist with a Spanish-language album to win the Grammy Awards Album of the Year prize. Bad Bunny has worn a and a for photoshoots before, but there’s no proof he wore a dress like the one in the fake image. Lead Stories that the image on a satirical Facebook account named "" ."" The account’s bio reads: ""Ai funny Content & Master Meme Maker - 100% Not Real everything is Satire."" The account posted other fake images, including of Bad Bunny in a multicolored dress holding a torn banner that reads ""ICE Out,"" and of Bad Bunny wearing a multicolored outfit with a vest that read ""F*ck ICE."" The account claimed these were his halftime show outfits, but he wore all-white outfits for the duration of his Super Bowl performance. This is not a real image of Bad Bunny burning the U.S. flag. We rate that claim Pants on Fire!",Loreben Tuquero,"February 9, 2026",https://www.politifact.com/factchecks/2026/feb/09/social-media/bad-bunny-burning-flag-AI/
Donald Trump,"January 27, 2026",“We right now have more factories and plants being built in our country than we've ever had before.”,half-true,remarks at a restaurant,Economy,"A key reason President Donald Trump cites for his tariff policy is boosting U.S. manufacturing. On two , Trump has touted a factory-building record on his watch. ""We right now have more factories and plants being built in our country than we've ever had before,"" Trump told diners at an Iowa restaurant before a Jan. 27 speech. The data to support this point is mixed, at best. While some data suggests a growth in the biggest factories is continuing under Trump, overall spending rose significantly under Trump’s predecessor, President Joe Biden, but has eased since its Biden-era peak. White House cites number of big projects in the works The White House pointed PolitiFact to data collected by Engineered Vision, a company that supplies machine technology, about $1 billion-plus projects. An archived version of a chart from the company’s website from , shows 30 such projects, while the chart shows 46 projects. A closer look at the newly listed projects shows that some of them had been in the planning stages prior to Trump’s second term. Federal data on the number of private U.S. manufacturing establishments also supports Trump’s statement. Preliminary 2025 figures show that the number of hit a new high in the second quarter of Trump’s second term. Given the long turnaround time required for factory construction, it’s unclear whether the increases during the first six months of Trump’s second term can be attributed to his policies, or whether they reflect projects that were already in the pipeline when he took office. Beyond these two data points, evidence from federal sources casts doubt on the notion that factory building continues to reach new heights under Trump. Construction spending has declined under Trump Experts told PolitiFact the most reliable metric to use for judging Trump’s assertion is spending on manufacturing construction, because it’s produced by the federal government, has a long track record and covers expenditures on all sizes of facilities, not just the biggest. Federal statistics for on manufacturing show a rapid rise under Biden, followed by a dip after Trump entered office in 2025. Paul Donovan, the global chief economist at UBS Wealth Management, The New York Times that spending on factory construction rose from about 3.5% of the manufacturing economy in 2021 to 8% in 2024, a 40-year high. But this trajectory has sagged under Trump, experts say. ""The past four years have been the most significant peacetime period for manufacturing construction since the data was first gathered,"" said Scott Paul, president of the Alliance for American Manufacturing, an advocacy group. While the level remains elevated under Trump, he said, ""the peak was around 14 months ago."" Tara Sinclair, a George Washington University economist who coauthored a on manufacturing construction while serving as deputy assistant treasury secretary for macroeconomics under Biden, said spending on factory construction ""is still quite a bit higher than pre-2021, but it does look like the boom is over and has somewhat reversed."" Sinclair and other experts said a major reason for the rise under Biden was a pair of bipartisan bills he signed — the Infrastructure Investment and Jobs Act and the CHIPS and Science Act — plus one he signed that was backed only by Democrats, the Inflation Reduction Act. Provisions in each of these bills directed federal spending and other incentives toward manufacturing, especially for items such as semiconductors. Trump’s policies have cut both ways on manufacturing construction Scott Lincicome, vice president at the libertarian Cato Institute, said he’s of some aspects of the Biden legislation but they were effective in boosting manufacturing construction. Trump’s policies, he said, have sometimes worked at cross purposes. Lincicome said Trump’s changes to the way companies expense construction costs have bolstered construction spending, as have the administration’s efforts to streamline permitting processes. However, Lincicome said Trump’s on-again, off-again tariffs have fostered uncertainty among business decisionmakers. The tariffs also have raised costs for foreign-sourced materials needed to build factories, hurting the cost-benefit balance. Trump said today’s factory boom exceeds anything else in U.S. history. But Lincicome said in addition to the boom under Biden, today’s level was likely exceeded by the 20-year period from World War II to the early 1960s when the U.S. was ""the only game in town, because half the rest of the world was bombed out from the war and the other half was communist.""",Louis Jacobson,"February 9, 2026",https://www.politifact.com/factchecks/2026/feb/09/donald-trump/factory-manufacturing-construction-record-high/
Social Media,"February 8, 2026","During the Super Bowl halftime show, “Bad Bunny brought Liam Conejo Ramos onto the stage,” the 5-year-old detained by Immigration and Customs Enforcement in Minneapolis.",false,posts,Immigration; National; Sports,"More than 135 million people watched Bad Bunny’s Super Bowl halftime show, and because of false social media posts, some went to bed believing the performance featured Liam Conejo Ramos, the 5-year-old boy in Minneapolis. During Bad Bunny’s Feb. 8 set at Levi's Stadium in Santa Clara, California, the Puerto Rican singer stopped to hand a child what appeared to be a replica of his . As he knelt down, Bad Bunny, whose legal name is , rubbed the boy's head and said, ""Cree siempre en ti,"" which means ""always believe in yourself."" Journalists and shared that the boy was Conejo Ramos. ""One of the most meaningful moments of the Super Bowl halftime show happened quietly,"" journalist Mariana Atencio Feb. 8 on X from her verified account. ""Bad Bunny brought Liam Conejo Ramos onto the stage — the Ecuadorian boy who was forcefully detained by ICE in Minnesota — and handed him his Grammy."" A read, ""This kid that Bad Bunny handed the Grammy to is allegedly Liam Conejo Ramos — the boy who had been deported with his father by ICE in Minneapolis."" The child featured in the first-ever Spanish-language halftime show was not Conejo Ramos — it was 5-year-old child actor Lincoln Fox, whose Instagram account about it shortly after the show ended: ""I’ll remember this day forever! @badbunnypr — it was my truest honor."" In Fox’s Instagram account elaborated about his role and addressed the Conejo Ramos rumors. ""An emotional, unforgettable day being cast as the young Benito — a symbolic moment where the future hands the past a Grammy,"" the post said in part. ""Sending love to Liam Ramos. We all deserve peace and love in America, a country built by and home to so many hard-working immigrants."" A law firm representing the Conejo Ramos family told PolitiFact the child onstage was not Liam. PolitiFact did not immediately hear back from representatives for Bad Bunny. A Bad Bunny publicist that the boy on stage was not Liam Conejo Ramos. Federal immigration agents detained Conejo Ramos and his father, Adrian Conejo, on Jan. 20 as they returned home from the boy’s preschool. They were sent to a Texas detention center before Feb. 1. The family is from Ecuador and is in the process of claiming asylum as the Trump administration has sought to We rate claims that Conejo Ramos was the boy in Bad Bunny’s Super Bowl halftime show False.",Samantha Putterman,"February 9, 2026",https://www.politifact.com/factchecks/2026/feb/09/social-media/Bad-Bunny-Liam-Conejo-Ramos-Super-Bowl-halftime/
Social Media,"February 5, 2026","An image shows Jeffrey Epstein “still alive and walking the streets of Tel Aviv,” Israel.",pants-fire,social media posts,Israel; Jeffrey Epstein,"Thousands of social media accounts shared an image of a man with long gray hair and a beard, wearing sunglasses and flanked by two men. Their guess about who it is? Disgraced financier Jeffrey Epstein, who died in 2019. ""Israel faked his death,"" read with 5 million views. ""Epstein is still alive and walking the streets of Tel Aviv."" ""Someone who looks like Jeffrey Epstein was JUST SPOTTED walking in Tel Aviv, Israel,"" read another with 5.5 million views. ""Could this really be him? It’s literally him."" This image also circulated on , , and . This doesn’t prove Epstein is alive. The image was generated with artificial intelligence. (Screenshot from X) Many of the posts shared a cropped version of the image, but the original shows the logo of Gemini, Google’s AI chatbot. A reverse image search showed the image was to a Reddit forum titled ""hardaiimages."" The forum’s invites users to ""post your funny, hard AI images here."" The Reddit user who posted it confirmed in a comment it was made with Gemini. ""You can see the Gemini logo at the bottom right of each picture. I didn't think it would become so viral,"" the Feb. 6 read. Other details in the image show it’s fake. The road signs in the background show Hebrew text and its English translation, but the translation is inaccurate. The signs also don’t match a real place in Tel Aviv; a street named ""Haangus Ev."" does not show up in Google Maps. (Image from Reddit; red rectangle shows nonsensical road signs, red circle shows Gemini logo) This image doesn’t show Epstein, alive, in Tel Aviv. We rate this claim Pants on Fire! PolitiFact Researcher Caryn Baird contributed to this report.",Loreben Tuquero,"February 6, 2026",https://www.politifact.com/factchecks/2026/feb/06/social-media/jeffrey-epstein-tel-aviv-fake-image-AI/
Gretchen Whitmer,"February 2, 2026","Under Michigan Gov. Gretchen Whitmer, there are “fewer families living in poverty” than under her predecessor.",half-true,Substack,Economy; Poverty; Michigan,"Michigan Gov. Gretchen Whitmer, a potential Democratic presidential candidate, recently wrote about her accomplishments as she enters her final year leading the state. ""Our approach has led to some pretty remarkable results,"" in a Feb. 2 Substack entry. ""Free pre-K, community college, and school meals for all. Fewer families living in poverty."" Her statement taps into Americans’ concerns about affordability, which could be a key issue for voters in the midterm elections, including a competitive U.S. Senate contest in Michigan. President Donald Trump’s pledge to reduce prices for groceries, cars and other items is on our MAGA-Meter, which tracks his campaign promises. Michigan’s poverty rate declined during Whitmer’s tenure. The drop mirrored national trends, and most of the decline began under her predecessor. Whitmer’s spokesperson pointed to anti-poverty measures during her tenure as the reason for the decline. Experts said poverty rates are affected by numerous factors, not only one governor’s policies. Poverty rate declined in Michigan since 2011 Whitmer was referring to a decline in the state’s poverty rate compared with what she inherited from her predecessor, Republican Gov. Rick Snyder, Whitmer’s political strategist told PolitiFact. In 2011, when Snyder took office, about 17% of Michigan residents lived in poverty. It peaked at 17.5% in 2012, then fell to 14% during Snyder’s final year in office in 2018, according to U.S. Census Bureau data analyzed by , a nonpartisan health policy think tank. During Whitmer’s tenure, which began in 2019, the rate hovered between 13.1% and 13.5% in 2024, the most recent year available. (There is no 2020 data because of the coronavirus pandemic’s significant data collection disruptions.) The official U.S. Census Bureau poverty measure totals a household's income and compares it with a for the household's size and age composition, Kristin S. Seefeldt, a University of Michigan social work associate professor, said. If the household’s income is below that threshold the household is considered to be living in poverty. Many experts say the threshold is outdated, but it’s still widely used. The U.S. Census Bureau's nationwide poverty threshold for a family of two adults and one child was $25,249 in 2024. Rates are often the most useful measure of changes because they take into account population changes. However, in sheer numbers, there were more people living in poverty in Michigan (and the nation) in 2024 than 2019. In Michigan, there were about 1.28 million in poverty in 2019 and 1.34 million in 2024. However, a comparison of poverty rates under two governors doesn’t provide a full picture. Michigan’s declining poverty rate under both Whitmer and Snyder matches a national trend. The national poverty rate was 15.9% in 2011 and declined most years, ending at 12.1% in 2024. During economic downturns, Michigan tends to get hit harder and experience longer recessions than even neighboring states, mainly because of its transition from a manufacturing-based economy to a service-based economy, said Nicholas Hess and Patrick Schaefer at the Michigan League for Public Policy, a nonprofit policy institute. That typically puts the state’s poverty rate higher than the national average. There is usually a lag between the end of a recession and a drop in the poverty rate. ""One could argue that due to the Great Recession (of 2008 and 2009) the Snyder administration was at a much different starting point,"" Seefeldt said. ""Or, one might say that Snyder didn't do enough to bring down poverty rates as the economy recovered. But the trend data alone don't let us say either definitively."" Charles L. Ballard, a Michigan State University economics professor emeritus, said poverty measures should be taken with several grains of salt. ""The really big story of the Michigan economy is the longer-term story of Michigan’s economy losing ground relative to the national average,"" Ballard said. ""This is strongly associated with the decline of manufacturing in general, and the auto sector in particular."" Whitmer hasn’t reversed that decline, Ballard said, but neither did her predecessors, Republican or Democrat. Whitmer cited anti-poverty measures Whitmer’s spokesperson pointed to the governor’s actions during her administration to help low-income people, including quintupling the ; expanding ; expanding ; investing in , a children’s prescription program, in the latest state budget; securing free ; and ending state . Many of the actions Whitmer cited stem from bills that passed the legislature from 2023 to 2025. ""I'd argue it's really too soon to see the effect of most of these changes in any dataset,"" Seefeldt said. ""We know that the types of changes she's put in place matter for the well-being of families with low income. But the official poverty numbers by themselves aren't ‘proof’ that the changes have resulted in lower poverty rates during her administration."" The official poverty measure looks only at pre-tax income, which means that impact from some of these measures — such as expanding the earned income tax credit or rolling back the retirement tax — aren’t reflected in the statistic, Seefeldt said. Official measures also don’t consider expenses such as child care. Another way the Census Bureau seeks to quantify poverty is by using a ""supplemental poverty measure,"" which takes into account additional factors not included in the basic poverty measure, including government benefits such as food assistance, tax credits and accounts for expenses such as housing and medical costs. Michigan’s supplemental poverty measure decreased between 2023 and 2024. That aligns with the expansion of the state’s earned income tax credit, the experts at the Michigan League for Public Policy said.",Amy Sherman,"February 6, 2026",https://www.politifact.com/factchecks/2026/feb/06/gretchen-whitmer/Michigan-poverty-decline-affordability/
Donald Trump,"February 2, 2026","Among Somalis in Minnesota, “92% of them don’t work.”",pants-fire,interview with Dan Bongino,Immigration; Workers,"It was a reunion of sorts as former FBI Deputy Director Dan Bongino relaunched his podcast and brought in the man who tapped him for the federal job — President Donald Trump — for an interview. Bongino and Trump talked about a variety of issues, including Minnesota, where Trump’s administration has sent some 3,000 immigration enforcement officers, prompting a backlash, especially after the deadly shootings of two U.S. citizens, Renee Good and Alex Pretti. Minneapolis, the focus of the enforcement effort, is home to many Somalis, most of whom are U.S. citizens, either by birth or naturalization. During the interview with Bongino, Trump referred to Somali immigrants in Minnesota. ""These are people that don’t work,"" . ""These are people that are just not an asset to our society, to put it mildly. And we’ve got to get them out. … Ninety-two percent don’t work. They have an unbelievable corrupt system of welfare. You know, many of them drive Mercedes Benzes. They had nothing when they came over."" Federal data shows that Somalis are poorer, on average, than other Minnesotans. But the notion that 92% of them don’t work is unfounded; official government data shows far lower percentages. White House spokesperson Abigail Jackson did not provide support for the 92% figure. ""Aliens who come to our country, complain about how much they hate America, fail to contribute to our economy, rip off Americans, and refuse to assimilate into our society should not be here,"" she said. Statistics for Somalis in Minnesota The immigration enforcement buildup came after Trump criticized a spate of fraud cases involving Somalis in Minnesota, which have been prosecuted under former President Joe Biden and Trump. Since 2022, federal prosecutors have charged about with defrauding the federal government. The majority have been convicted; many cases are pending. There are about 108,000 Somalis in Minnesota, representing roughly 2% of the state’s population. Most Somalis in the 1990s, fleeing civil war in their home country. Some came as — an immigration category for those fleeing persecution — while others were sponsored by family members or moved from other states. estimates that for Somalis in Minnesota, the labor force participation rate — that is, the share of the population 16 and older that is either working or looking for work — is about 72%. That means that about 28% of the Minnesota Somali population is not employed and not looking for work — less than one-third of the 92% share Trump cited. The rate of labor force participation is higher for Somalis than it is for Minnesotans overall. In December 2025, was 68%; that would make the non-working rate about 32%, or four percentage points higher than for Somalis. The Center for Immigration Studies, a think tank that favors low immigration levels, produced a December that details demographics of the Somali community in Minnesota using Census data. The report found significant economic and social challenges, including that 52% of children in Somali immigrant homes in Minnesota live in poverty, compared with 8% of children in homes headed by U.S.-born people. It also found that about 39% of working-age Somalis have no high school diploma, compared with 5% of U.S. natives, and that half of working-age Somalis who have lived in the U.S. for at least 10 years cannot speak English ""very well."" But the report found that when it comes to employment, Somalis in Minnesota measure up relatively well. ""Somali joblessness is not as common as one would predict based on their population’s low education level,"" the report said. ""Employment is therefore a bright spot in the data for Somalis, relatively speaking."" The report’s author, resident scholar Jason Richwine, told PolitiFact he suspects Trump’s 92% figure results from ""a common misunderstanding about welfare and work."" Richwine said his research found that about 9 of every 10 Somali immigrant households with children receive means-tested, anti-poverty benefits — but that doesn't mean that 90%, or 92%, don't work. That’s because most welfare programs are available to workers, including food stamps and Medicaid. Richwine said the economic challenge associated with Somali immigration ""isn't so much that they don't work. Rather, it's that their marketable skills are in many cases insufficient to raise their families out of poverty. As a consequence, they use a lot of welfare.""",Louis Jacobson,"February 2, 2026",https://www.politifact.com/factchecks/2026/feb/02/donald-trump/Bongino-minnesota-somali-employment-poverty-benefi/
X posts,"January 31, 2026","Images show New York City Mayor Zohran Mamdani as a child with his mother, Mira Nair, and Jeffrey Epstein.",pants-fire,X post,Children; New York; Artificial intelligence; Jeffrey Epstein,"Social media posts claim to show photos of New York City Mayor Zohran Mamdani as a child, along with his mother Mira Nair, attending multiple events with convicted sex offender Jeffrey Epstein. But the images aren’t real. American actor Michael Rapaport a picture on X showing Nair, a filmmaker, holding a baby and standing next to former President Bill Clinton and Epstein in what looks like a tropical setting. ""Mira Nair holding her baby Zohran Mamdani with Bill and Epstein,"" Rapaport wrote Jan. 31. ""Yeah….read that again…."" Conspiracy theorist Alex Jones another image Feb. 1 on X of what appeared to be Mamdani as a child posing with Nair, Epstein accomplice Ghislaine Maxwell, Epstein, Clinton, Bill Gates and Jeff Bezos. Other images of Mamdani as a child supposedly attending Epstein’s events. (Screenshot of X post) The images went viral online after the Department of Justice millions of more documents related to the Epstein files. The files include a 2009 that says Nair attended an after-party for the film , which she directed. The party was held at Maxwell’s Manhattan townhouse. Mamdani was in 1991 and the email is from 2009, so if Mamdani had attended the party with his mother, he would have been about 18 years old at the time, not a child as the images claim to show. PolitiFact found that the images of Nair with Mamdani as a child and Epstein were generated with artificial intelligence. The photos originated on a known as ""DFF,"" which describes itself on X as sharing ""high quality AI videos and memes."" The fake photos Jan. 31 and all of them had a ""DFF"" watermark. It also admitted one of the images was fake, , ""Damn you guys failed. I purposely made him a baby which would technically make this pic 34 years old. Yikes."" (Screenshot of AI-images with DFF watermarks) PolitiFact uploaded the three images shared by DFF to Gemini, Google’s AI tool. It found the images contain the SynthID watermark for images created or edited by the tool. It's not visible looking at the images, but Google's technology can detect it. We rate the claim that images shared on X are real photos of Mamdani as a child with his mother and Epstein Pants on Fire!",Maria Briceño,"February 2, 2026",https://www.politifact.com/factchecks/2026/feb/02/tweets/AI-photos-Mamdani-Epstein-Nair/
Donald Trump,"January 21, 2026","In artificial intelligence, “We're leading China by a lot.”",half-true,remarks,China; Artificial intelligence,"President Donald Trump has lauded the United States’ position in its artificial intelligence race against rival China. ""We're leading China by a tremendous amount,"" he Jan. 13 in an interview with CBS Evening News anchor Tony Dokoupil. ""The AI is unbelievable, what's happening there. We're leading China by a lot,"" he Jan. 16 in Mar-a-Lago. And during his at the World Economic Forum in Davos, Switzerland, he said it again: ""We’re leading the world in AI by a lot. We’re leading China by a lot."" The U.S. has a lead, but it isn’t cozy. The United States leads China in AI chip production and market control. AI chips are essential — they are . China is a formidable competitor in other areas, including the quality of its workforce and electricity generation that powers data centers. By some measures, the two countries are neck-and-neck, and recent changes in U.S. export policy may benefit China. But Trump has also whittled down industry regulation, empowering U.S. AI companies to expand with fewer restrictions. Experts told PolitiFact that China is just months behind the U.S. on AI. White House AI and crypto czar David Sacks said in that Chinese AI models are ""three to six months behind"" the U.S. On Jan. 21 , when asked how he views the AI race now, Sacks said, ""I still think that the U.S. is in the lead. I think that our models are better, our chips are better. But they do have other advantages,"" including its power generation. Matt Sheehan, senior fellow at the Carnegie Endowment for International Peace’s Asia program, estimates after a U.S. company releases the ""best new model,"" a Chinese company will match it in roughly six to 18 months. Key AI industry leaders have offered similar assessments. In , Jensen Huang, CEO of U.S. chipmaker Nvidia, said China is ""nanoseconds"" behind the U.S. Google DeepMind CEO Demis Hassabis said that Chinese models are six months behind. How the U.S. leads China on AI chips President Donald Trump listens as Nvidia CEO Jensen Huang speaks during an event about investing in America in the Cross Hall of the White House, April 30, 2025, in Washington. (AP) California-based Nvidia dominates AI chip manufacturing, becoming the world’s first company to . Under Trump, the U.S. has loosened regulations to allow China access to more advanced Nvidia chips, which could narrow the gap between U.S. and China. ""There's a really big difference, both in terms of the quality of the chips (the U.S.) can make and the quantity of the chips we can make,"" said Chris McGuire, Council on Foreign Relations senior fellow for China and emerging technologies. U.S. law has regulated exports of certain advanced chips, including banning Nvidia from selling Blackwell, its most powerful chip, to China. In July, the Commerce Department altered its rules, allowing Nvidia to sell China a less advanced chip. U.S. have nonetheless found people smuggling the company’s more advanced chips into China. On Jan. 13, the Trump administration Nvidia to sell China its second most powerful AI chips, H200s, with restrictions. Nvidia cannot ship more than 50% of the overall chips it sells to American customers. Trump also imposed a on the H200s. Experts believe the policy change will negatively affect the United States’ lead. Selling H200 chips ""erodes some of the U.S. advantage in terms of AI chips,"" Sheehan said. ""The overall trend toward training larger and more compute-intensive models tends to favor the U.S. because of its remaining advantage in terms of access to chips."" The Institute for Progress, a think tank, that if more advanced chips like the H200s are exported without restrictions, the U.S. advantage in computational resources would plummet. ""I think export controls are the only lever that the U.S. government has to slow China down,"" McGuire said. China has kept pace and may benefit from new U.S. policies The page for the smartphone app DeepSeek is seen on a smartphone screen in Beijing, Jan. 28, 2025. (AP) Chinese companies have built competitive large language models — AI models trained to mimic language and perform tasks such as . U.S. models include OpenAI’s ChatGPT, Google’s Gemini, xAI’s Grok and Anthropic’s Claude. Chinese companies including DeepSeek, Alibaba and Moonshot have released competitive models of their own. One research institute found that since 2023, Chinese models have trailed U.S. models by seven months on average. Sheehan pointed to leaderboards such as LMArena, developed by University of California, Berkeley researchers, that rank large language models on how well they respond to text, image and coding prompts. U.S. models dominate the , but Chinese models are not far behind. Ernie 5.0, developed by the Chinese company Baidu, ranked ninth overall, as of Jan. 29. In terms of adoption, experts said it’s hard to tell which models are most favored by companies seeking to incorporate AI, as the available metrics are generally unreliable. China has advantages on talent and electricity generation The U.S. may have a ""slight edge"" on research talent, Sheehan said, but ""China has a large base of domestic talent."" Researchers that as of 2022, 57% of the most elite AI researchers worked in the U.S. But China is the top country of origin among top-tier AI researchers in the U.S. ""The U.S.’ traditional ability to attract the world’s top talent gives it powerful advantages to train and apply AI models,"" said Joseph Webster, senior fellow at the Atlantic Council’s Global Energy Center and Indo-Pacific Security Initiative. In his second term, Trump and implemented a sweeping immigration crackdown that has negatively international students. China also holds the advantage in electricity generation that powers data centers. ""The U.S. power grid poses major and growing challenges to U.S. AI efforts,"" Webster said. Insufficient electricity can impede AI training and inference, which refers to . China has more open-source AI models, making it easier for companies to adopt models for free, Sheehan said. U.S. AI companies typically charge for access to their premium models. When it comes to scaling AI, the United States’ relations with other major technology players, such as Taiwan, Japan, South Korea and the Netherlands, give it a boost, Webster said. But the U.S.’ lead could be eroded. ""If the U.S. sells advanced chips to (China), damages its ties with other democracies, prevents top AI talent from entering the U.S., or damages its research universities, it could surrender key technology advantages it has traditionally enjoyed,"" Webster said.",Loreben Tuquero,"January 29, 2026",https://www.politifact.com/factchecks/2026/jan/29/donald-trump/trump-says-the-us-leads-china-by-a-lot-in-ai-exper/
Jared Moskowitz,"January 22, 2026",The Federal Emergency Management Agency’s “backlog of unanswered disaster assistance applications has exploded to the largest in its history.”,mostly-true,X post,National; Natural Disasters; Florida,"A few days before dumped snow and ice on a large swath of the country, disrupted travel and killed more than 30 people, a Florida congressman warned that the Federal Emergency Management Agency is letting disaster assistance requests pile up. ""As the only former Emergency Management Director in Congress, it is my responsibility to sound the alarm that FEMA is being dismantled by (Homeland Security) Secretary Kristi Noem,"" U.S. Rep. Jared Moskowitz, D-Fla., wrote "" ."" Moskowitz was Florida’s Division of Emergency Management director from 2019 to 2021. President Donald Trump has floated abolishing FEMA, citing the agency’s , and in his second term he’s used executive actions and . A directive from Noem requiring her sign off for any expenditure over $100,000 has also in grants and loans. But is Moskowitz correct that the agency has the largest backlog of pending d in its 47-year history? Taken together, the current list of pending disaster applications, independent analyses and information from disaster management experts show that the backlog is larger than is typical, with applications awaiting approval for longer periods of time compared with the last several decades. FEMA declined to answer our questions. Moskowitz’ office also did not respond to our request for evidence supporting his statement. Disaster declaration applications face longer limbo under second Trump administration FEMA’s provides an overview of potential weather threats and ongoing disasters. Its shows 18 pending disaster declaration requests. Eleven are more than a month old. The requests are typically submitted through FEMA regional offices before being sent to the president for final approval. A by The Associated Press examined how the current backlog compares with the last 37 years — covering the majority of FEMA’s 47-year history. During the agency’s first decade, the disaster declaration approval process wasn’t fully implemented and large disasters were relatively few and far between. The AP’s analysis found that, on average, it took less than two weeks for a major disaster declaration to be granted by presidents throughout the 1990s and early 2000s. During the last decade, under presidents from both political parties, that rose to about three weeks. In Trump’s second term so far, approvals are taking more than a month, on average. White House spokesperson Abigail Jackson Trump was making sure federal dollars were ""spent wisely to supplement state actions, not replace them,"" during disasters. ""President Trump provides a more thorough review of disaster declaration requests than any Administration has before him. Gone are the days of rubber stamping FEMA recommendations — that’s not a bug, that’s a feature,"" Jackson said. Former FEMA officials, including people who helped process these types of declarations, told PolitiFact the backlog of pending applications is substantial, and was longer than average in 2025. The processing time is most important, said Elizabeth Zimmerman, a former FEMA administrator under President Barack Obama. ""A reasonable amount of time for approval should really be no more than two weeks."" Zimmerman said that could change with the type of request and how much money applicants are seeking, but even considering those factors, the current process is slower than normal. There may be contributing factors that are out of Trump’s control. The process for assessing natural disasters has become more complex over time and because of climate change. Still, these delays mean people have to wait to receive federal aid for temporary housing and home repairs. It can also impede recovery efforts as local governments don’t know when or whether they will receive federal reimbursements. Significant delays in disaster payouts News reports throughout 2025 documented a , of federal disaster funds as states waited for information on new policy proposals from FEMA. ""There's a lot of anecdotal information that things are being held up, and it’s adversely affecting these communities,"" said Michael Coen, a former FEMA chief of staff in the Obama and Biden administrations. ""I have heard from multiple FEMA employees who are frustrated over a lot of projects that are being held up by the secretary’s office."" citing internal government documents and conversations with FEMA employees, in September that many of FEMA’s core functions have ground to a halt under the Trump administration, and contracts and grants haven’t been approved because of new bureaucratic hurdles. ""A wave of senior staff departed the agency when Elon Musk’s Department of Government Efficiency offered buyouts, taking decades of experience with them,"" Another 400 FEMA employees were routed to work at Immigration and Customs Enforcement as the administration started dismantling FEMA’s disaster-response infrastructure. In a , FEMA said it withheld $10.9 billion in disaster payments to 45 states in the final months of fiscal year 2025, which ended Sept. 30. and said the money was to reimburse states for emergency costs related to the COVID-19 pandemic. FEMA said it ""shifted"" the reimbursements to fiscal year 2026 but did not say when the money would be paid. In response to about the funds, FEMA said that disaster relief funds ""do not expire"" and that the outstanding payments ""are actively being processed and are not canceled."" reported in December that more than $900 million in FEMA grants and loans awaited Noem’s approval under her to personally review certain expenditures. The New York Times recently — $17 billion — in funds that have faced unusually long delays because of the requirement. The bottleneck, , ""includes money that had already been approved by regional FEMA offices for things like debris removal, and repairs to roads, bridges and water and sewer systems.""",Samantha Putterman,"January 28, 2026",https://www.politifact.com/factchecks/2026/jan/28/jared-moskowitz/FEMA-disaster-declaration-backlog-Trump/
JD Vance,"January 22, 2026","""Right now we're focused on Minneapolis because that's where we have the highest concentration of people who have violated our immigration laws.""",false,press conference,Immigration; National,"The U.S. Department of Homeland Security surged 3,000 federal immigration agents to Minnesota — a state more than a thousand miles from the southern border that’s not known for having a sizable population of immigrants in the U.S. illegally — calling it the largest such operation ever. Many people have wondered: Why Minnesota? Vice President JD Vance, who visited Minneapolis on Jan. 22 to defend federal immigration enforcement, gave a misleading answer. ""Right now, we’re focused on Minneapolis because that’s where we have the highest concentration of people who have violated our immigration laws, and that’s also, frankly, where we see the most assault of our law enforcement officers,"" during a press conference. The vice president’s visit to Minneapolis came after an Immigration and Customs Enforcement agent fatally shot Renee Good on Jan. 7 but before a Border Patrol agent fatally shot on Jan. 24. Both were U.S. citizens. PolitiFact asked spokespersons for the White House and Homeland Security for Vance’s evidence about Minneapolis having the ""highest concentration of people who have violated our immigration laws"" and received no response. (We did not examine data on assault of officers by jurisdiction.) Dozens of other U.S. metro areas have a higher concentration of immigrants in the U.S. illegally compared with the Minneapolis metro area. Immigrant populations by metro area There are about 130,000 immigrants who are in the U.S. illegally in Minnesota, according to 2023 Pew Research Center data, the most recent year available. They represent about 2% of the state’s population and about . The Migration Policy Institute, a nonpartisan group, estimated a slightly smaller number for Minnesota of about immigrants in the U.S. illegally. Government officials and nonpartisan groups that track immigration data do not have data showing the number of immigrants the U.S. illegally exclusively in the city of Minneapolis. Instead, they use metro area data; Pew Research Center uses a 15-county area that includes Minneapolis and St. Paul. Jeffrey Passel, a Pew Research Center demographer, said the overall U.S. population of immigrants in the country illegally was probably slightly larger in 2025 than the 2023 data reflects, but there was not a large influx in the Minneapolis metro area. Pew estimated about 90,000 unauthorized immigrants in the Minneapolis metro area. Dozens of other metro areas have larger numbers, Passel said. Immigrants in the country illegally represent about 2.4% of the Minneapolis metro area’s population. That’s smaller than the 4.1% nationally, Passel said. In major metro areas such as Miami and Houston, the share of immigrants in the U.S. illegally was at least four times as big as the share in Minneapolis. Metro areas such as Provo, Utah; Baton Rouge, Louisiana; Hartford, Connecticut; and Tulsa, Oklahoma, had higher percentages than the Minneapolis metro area. Somalis are a small percentage of the Minnesota population President Donald Trump has said the Minnesota focus is because of a fraud scandal involving dozens of Somalis. Somalis represent about 2% of Minnesota’s population. Somalis starting in the 1990s fleeing a civil war, some as refugees while others were sponsored by family members or moved from other states. Most are U.S. citizens, either through naturalization or birth. Since 2022, federal prosecutors have charged about with defrauding the federal government. The majority have been convicted while many cases remain pending.",Amy Sherman,"January 28, 2026",https://www.politifact.com/factchecks/2026/jan/28/jd-vance/why-ice-in-Minneapolis-immigration-population/
X posts,"January 25, 2026","An image shows Alex Pretti holding a gun, not a phone, while pinned by federal immigration agents in Minneapolis.",false,X post,Immigration; Artificial intelligence,"Despite video evidence that Minneapolis nurse Alex Pretti was holding his phone before immigration officers shot and killed him, an image spreading on social media appears to show him wielding a handgun. The Department of Homeland Security Border Patrol officers shot the 37 year old in self-defense after Pretti approached them with ""a 9 mm semi-automatic handgun."" Retired . Raymond A. ""Tony"" Thomas III, shared the purported image of Pretti holding a gun . The image shows Pretti holding something resembling a handgun in his right hand. The account shared the photo without a caption in response to Jan. 25 the incident from Deputy White House Chief of Staff Stephen Miller and Attorney General Pam Bondi. , and users also shared the image. But it’s AI-generated. (Screenshot of the AI-generated image) shows Pretti holding his phone, not his handgun, before agents tackled him and removed his weapon. Multiple videos show of the incident where Pretti is holding a phone. The AI version is similar to footage showing Pretti held by agents; the manipulated version may have stemmed from a user asking an AI tool to ""enhance"" a screenshot of the footage. (Users also enhanced images after a . Users asked X’s artificial intelligence, Grok, to reveal the face of the agent, creating the image of a completely different person. ) AI often distorts images in response to user requests to enhance them. PolitiFact uploaded the image to Gemini, Google’s AI tool. It found the image contains the SynthID watermark for images created or edited by the tool. It's not visible looking at the image, but Google's technology can detect it. Oren Etzioni, founder of TrueMedia, an organization that focuses on detecting false or manipulated AI content, said the image has many signs of AI manipulation. They include: The kneeling officer is missing a head. The hands and fingers of the people in the image are distorted and disproportionate. Knees, arms and torsos appear dislocated. The clothing textures and shadows don’t fully align with the lighting direction. The rifle on the kneeling officer appears partially embedded into the ground. The granular asphalt doesn’t match videos of the scene that show a paved road layered with dirt and snow. reported that authenticated footage shows an agent removed Pretti’s gun from his belt holster. The Times also said witnesses corroborated the details in the videos. We rate claims the image shared on X is a real photo of Pretti False.",Maria Briceño,"January 27, 2026",https://www.politifact.com/factchecks/2026/jan/27/tweets/Image-AI-Minneapolis-Alex-Pretti-Immigration/
Kash Patel,"January 25, 2026",“You cannot bring a firearm loaded with multiple magazines to any sort of protest that you want. It’s that simple.”,mostly-false,"interview on Fox News ""Sunday Morning Futures""",Corrections and Updates; Legal Issues; Guns,"After the fatal shooting of concealed carry permitholder Alex Pretti, debate over gun rights added a new layer to the federal government’s aggressive immigration enforcement activity in Minneapolis. because Pretti carried a handgun and ammunition, he planned to law enforcement. The day after Pretti was killed, FBI Director Kash Patel discussed the case on Fox News’ "" ."" Patel said, ""You cannot bring a firearm loaded with multiple magazines to any sort of protest that you want. It’s that simple. You don’t have the right to break the law and incite violence."" The administration shared an image of a gun and extra ammunition it said Border Patrol agents took from Pretti on Jan. 24 on Nicollet Avenue in south Minneapolis. Video footage that surfaced in the first 48 hours after the shooting does not show Pretti holding the gun in his hands or pointing it at federal agents at any point. Some footage shows agents had disarmed Pretti shortly before he was shot. The administration said the Department of Homeland Security would an internal investigation, but its scope was reportedly . The shooting of a protester who a concealed carry permit prompted criticism by gun-rights advocates, who pointed to Second Amendment protections. ""Every peaceable Minnesotan has the right to keep and bear arms — including while attending protests, acting as observers, or exercising their First Amendment rights,"" the Minnesota Gun Owners Caucus . ""These rights do not disappear when someone is lawfully armed, and they must be respected and protected at all times."" The FBI declined to comment for this article. Patel sought to clarify his stance in a Jan. 26 interview with , saying, ""We are not going after people and infringing on their freedom of speech to peacefully protest. We are definitely not going after people in their Second Amendment rights to bear arms — only if you incite violence and or threaten to do harm to law enforcement officials and break the law in any other way."" We asked 13 legal experts about Patel’s statement. They agreed that Patel was wrong about the Minnesota law, although they cautioned that some states do ban guns at protests. In general, ""There is no blanket prohibition or long-standing tradition against bringing otherwise lawfully owned and carried firearms to a protest, parade, demonstration, or other public event,"" said Clark Neily, senior vice president for legal studies at the libertarian Cato Institute. ""To the contrary, the default practice or tradition is that someone who is lawfully carrying a firearm may bring it to public gatherings, including protests and demonstrations."" It hasn’t been unusual to see people carrying guns at protests in recent years, such as at a 2020 against Michigan’s pandemic laws at the state capitol in Lansing. Was Pretti within his rights to carry a gun? Experts widely agree that because the state legally permitted Pretti to carry a gun, he was within his rights in Minnesota to do so, including at a protest. While some states’ laws restrict guns at protests, ""Minnesota has no such law in place,"" said Konstadinos Moros, director of legal research and education at the Second Amendment Foundation. Eleven states and the District of Columbia ban concealed weapons at demonstrations and protests, and 11 states and the district ban open carry of weapons at demonstrations or protests, according to a assembled by the anti gun-violence group Giffords. Of these, seven states and D.C. ban both. Several gun law experts also told PolitiFact they are unaware of any states that explicitly ban something else Patel mentioned: extra magazines for ammunition. Some social media commentators said Pretti broke the law by not physically carrying his permit or other identification. (Homeland Security Secretary Kristi and former top Customs and Border Patrol official in Minneapolis Greg have alleged that Pretti carried no ID.) says not carrying a permit is a ""petty misdemeanor"" subject to a fine of up to $25. Such a violation ""does not constitute a crime,"" . Federal officials have said that Pretti went beyond observing and was interfering with a law enforcement activity. Experts agreed that Pretti would have been legally barred from threatening, interfering with or lying to officers. ""As a general matter, peacefully observing a demonstration is different from criminally obstructing law enforcement,"" said David B. Kopel, research director at the conservative Independence Institute. Video footage that has surfaced so far does not show that Pretti criminally obstructed law enforcement, though uncertainties and gaps remain. Some footage begins as he helps a woman who had been pushed into the snow by a federal agent; he was holding a phone in his hand. A have more expansive laws than Minnesota’s, allowing concealed carrying of guns without a permit. ""In those states with broad public-carry rights, the mere fact that an individual is armed at a protest is not itself a crime,"" said Darrell Miller, a University of Chicago law professor. What have courts said about gun rights at protests? Legal experts said the Supreme Court’s record bolsters a Second Amendment right to carry guns at protests, which are sometimes referred to in laws as ""public gatherings"" or ""assemblies."" The most recent notable Supreme Court decision is from 2022. The justices, in a 6-3 decision, found that the right to carry a firearm in public for self-defense has deep historical roots, and that a ""special need"" is not necessary to exercise it. The decision allowed states to ban public carry in certain ""sensitive places,"" such as schools and government buildings, and some states have moved to restrict the carrying of firearms at some events, such as protests, said Timothy Zick, a William & Mary Law School professor. Whether those laws would pass muster at the Supreme Court depends on whether there were similar laws during the 18th and possibly the 19th century, Zick said. A Supreme Court case currently under review, , will decide whether Hawaii can restrict people’s ability to bring guns onto private property that is open to the public. As part of the previous ruling, the Ninth Circuit Court of Appeals struck down California's ban on carrying guns at public gatherings. Moros said that victory at an appeals court that’s ""pretty hostile"" to the Second Amendment is notable. In another decision released Jan. 20, the Fourth Circuit Court of Appeals that Maryland's prohibition on carrying guns near public demonstrations is constitutional. This split between circuits could make the Supreme Court more likely to weigh in on a case that explicitly involves protests and gun rights, Moros said. Neily agreed that based on the recent court record, it’s ""quite likely that laws against carrying otherwise lawfully possessed firearms at protests and other public events would be struck down under the Second Amendment.""",Louis Jacobson,"January 27, 2026",https://www.politifact.com/factchecks/2026/jan/27/kash-patel/gun-protest-concealed-carry-minneapolis-pretti/
